driving license_No,driving license_Yes,household car_0,household car_1,household car_2,household car_3,gender_female,gender_male,"employment_Pupil, student or apprentice/intern",employment_Unemployed,employment_Working full-time,age,monthly income,veh_time,mode,mode_enc,prob_0,prob_1,prob_2,prob_3,prob_4
0.0,1.0,0.0,1.0,0.0,0.0,0.0,1.0,0.0,0.0,1.0,0.2857142857142857,1.0,0.0906224337280523,4,4,0.17968439,0.2730925,0.074258424,0.024917908,0.44804674
1.0,0.0,0.0,1.0,0.0,0.0,1.0,0.0,0.0,0.0,1.0,0.2857142857142857,1.0,0.3805711826261242,4,4,0.20158403,0.09875135,0.0136893075,0.015184407,0.6707909
0.0,1.0,1.0,0.0,0.0,0.0,0.0,1.0,0.0,0.0,1.0,0.2857142857142857,1.0,0.0543054234664169,4,4,0.07324008,0.8207543,0.018986136,0.012101532,0.07491795
0.0,1.0,0.0,1.0,0.0,0.0,1.0,0.0,0.0,0.0,1.0,0.1428571428571428,1.0,0.1046955826039233,1,1,0.17985192,0.22923304,0.07847908,0.029497733,0.48293823
0.0,1.0,0.0,1.0,0.0,0.0,0.0,1.0,0.0,0.0,1.0,0.1428571428571428,1.0,0.1286335146501639,1,1,0.17985192,0.22923304,0.07847908,0.029497733,0.48293823
0.0,1.0,1.0,0.0,0.0,0.0,0.0,1.0,0.0,0.0,1.0,0.4285714285714285,1.0,0.0988113574463385,4,4,0.059995417,0.67612296,0.020013412,0.016848385,0.22701983
0.0,1.0,1.0,0.0,0.0,0.0,1.0,0.0,0.0,0.0,1.0,0.7142857142857142,1.0,0.5026423400824607,1,1,0.10928569,0.2094887,0.014162323,0.019198868,0.6478644
0.0,1.0,1.0,0.0,0.0,0.0,0.0,1.0,0.0,0.0,1.0,0.4285714285714285,1.0,0.1026419740272408,1,1,0.059995417,0.67612296,0.020013412,0.016848385,0.22701983
0.0,1.0,1.0,0.0,0.0,0.0,1.0,0.0,0.0,0.0,1.0,0.2857142857142857,1.0,0.1230083864496131,1,1,0.07324008,0.8207543,0.018986136,0.012101532,0.07491795
0.0,1.0,0.0,0.0,1.0,0.0,0.0,1.0,0.0,0.0,1.0,0.1428571428571428,1.0,0.1329563117932687,1,1,0.23695023,0.2886588,0.17586929,0.023462143,0.27505952
0.0,1.0,0.0,1.0,0.0,0.0,1.0,0.0,0.0,0.0,1.0,0.5714285714285714,1.0,0.029102821067203,2,2,0.1150125,0.19572452,0.023333743,0.022854952,0.6430743
0.0,1.0,1.0,0.0,0.0,0.0,0.0,1.0,0.0,0.0,1.0,0.4285714285714285,1.0,0.0598440825653593,3,3,0.059995417,0.67612296,0.020013412,0.016848385,0.22701983
0.0,1.0,0.0,1.0,0.0,0.0,0.0,1.0,0.0,0.0,1.0,0.5714285714285714,1.0,0.0699644495557656,1,1,0.1150125,0.19572452,0.023333743,0.022854952,0.6430743
0.0,1.0,1.0,0.0,0.0,0.0,1.0,0.0,0.0,0.0,1.0,0.5714285714285714,1.0,0.1092191375262559,1,1,0.0778996,0.5127215,0.024422891,0.019122083,0.36583397
0.0,1.0,1.0,0.0,0.0,0.0,1.0,0.0,0.0,0.0,1.0,0.2857142857142857,1.0,0.4154520895183571,1,1,0.12908684,0.41630024,0.018783696,0.02169067,0.41413853
0.0,1.0,1.0,0.0,0.0,0.0,1.0,0.0,0.0,0.0,1.0,0.4285714285714285,1.0,0.1844272322861095,3,3,0.059995417,0.67612296,0.020013412,0.016848385,0.22701983
0.0,1.0,0.0,1.0,0.0,0.0,0.0,1.0,0.0,0.0,1.0,0.2857142857142857,1.0,0.0861168231150119,2,2,0.17968439,0.2730925,0.074258424,0.024917908,0.44804674
0.0,1.0,1.0,0.0,0.0,0.0,0.0,1.0,0.0,0.0,1.0,0.4285714285714285,1.0,0.1862277708598647,1,1,0.059995417,0.67612296,0.020013412,0.016848385,0.22701983
0.0,1.0,1.0,0.0,0.0,0.0,1.0,0.0,0.0,0.0,1.0,0.4285714285714285,0.3333333333333333,0.1036033694150903,1,1,0.09378131,0.16268979,0.021176785,0.01800826,0.70434386
0.0,1.0,0.0,1.0,0.0,0.0,1.0,0.0,1.0,0.0,0.0,0.1428571428571428,0.0,0.0901170323499411,1,1,0.06596341,0.17437021,0.07410666,0.018552786,0.6670069
0.0,1.0,0.0,1.0,0.0,0.0,0.0,1.0,0.0,0.0,1.0,0.2857142857142857,1.0,0.5883817023083848,1,1,0.2722,0.14734949,0.017128652,0.018999383,0.5443225
0.0,1.0,0.0,1.0,0.0,0.0,1.0,0.0,0.0,0.0,1.0,0.2857142857142857,1.0,0.0967871450124467,1,1,0.17968439,0.2730925,0.074258424,0.024917908,0.44804674
0.0,1.0,1.0,0.0,0.0,0.0,1.0,0.0,0.0,0.0,1.0,0.4285714285714285,1.0,0.1829411256805748,3,3,0.059995417,0.67612296,0.020013412,0.016848385,0.22701983
0.0,1.0,1.0,0.0,0.0,0.0,0.0,1.0,0.0,0.0,1.0,0.1428571428571428,1.0,0.2742264650063598,1,1,0.10958048,0.73065084,0.023178197,0.014687469,0.12190298
0.0,1.0,0.0,1.0,0.0,0.0,0.0,1.0,0.0,0.0,1.0,0.2857142857142857,1.0,0.040960912238408,2,2,0.17968439,0.2730925,0.074258424,0.024917908,0.44804674
0.0,1.0,0.0,0.0,1.0,0.0,1.0,0.0,0.0,0.0,1.0,0.7142857142857142,0.8888888888888888,0.1371229170999744,4,4,0.220355,0.11074581,0.02797081,0.024858579,0.6160698
0.0,1.0,0.0,0.0,1.0,0.0,0.0,1.0,0.0,0.0,1.0,0.2857142857142857,1.0,0.4294736027287137,1,1,0.5230415,0.1392177,0.016658,0.016478458,0.30460435
0.0,1.0,0.0,1.0,0.0,0.0,0.0,1.0,0.0,0.0,1.0,0.5714285714285714,1.0,0.2218548034979987,4,4,0.1150125,0.19572452,0.023333743,0.022854952,0.6430743
0.0,1.0,0.0,1.0,0.0,0.0,0.0,1.0,0.0,0.0,1.0,0.5714285714285714,1.0,0.2218548034979987,1,1,0.1150125,0.19572452,0.023333743,0.022854952,0.6430743
0.0,1.0,1.0,0.0,0.0,0.0,1.0,0.0,0.0,0.0,1.0,0.4285714285714285,0.6666666666666666,0.1268505541753072,1,1,0.029982757,0.16104844,0.018009927,0.023552125,0.7674067
0.0,1.0,0.0,0.0,1.0,0.0,0.0,1.0,0.0,0.0,1.0,0.4285714285714285,1.0,0.1968779263578216,1,1,0.08592373,0.522568,0.03523299,0.020770047,0.33550528
0.0,1.0,0.0,1.0,0.0,0.0,0.0,1.0,0.0,0.0,1.0,0.4285714285714285,1.0,0.1064427785993121,1,1,0.13046604,0.26143903,0.043134972,0.024376076,0.5405839
0.0,1.0,1.0,0.0,0.0,0.0,0.0,1.0,0.0,0.0,1.0,0.7142857142857142,1.0,0.0723393487868561,1,1,0.07237963,0.41221237,0.024462279,0.021678822,0.46926686
0.0,1.0,1.0,0.0,0.0,0.0,0.0,1.0,0.0,0.0,1.0,0.1428571428571428,1.0,0.079926626069997,1,1,0.10958048,0.73065084,0.023178197,0.014687469,0.12190298
0.0,1.0,0.0,1.0,0.0,0.0,0.0,1.0,0.0,0.0,1.0,0.5714285714285714,1.0,0.2155310327636138,1,1,0.1150125,0.19572452,0.023333743,0.022854952,0.6430743
0.0,1.0,0.0,1.0,0.0,0.0,0.0,1.0,0.0,0.0,1.0,0.4285714285714285,1.0,0.0655897995036926,1,1,0.13046604,0.26143903,0.043134972,0.024376076,0.5405839
0.0,1.0,0.0,0.0,1.0,0.0,1.0,0.0,0.0,0.0,1.0,0.4285714285714285,1.0,0.176287939386606,1,1,0.08592373,0.522568,0.03523299,0.020770047,0.33550528
0.0,1.0,0.0,1.0,0.0,0.0,1.0,0.0,0.0,0.0,1.0,0.5714285714285714,0.6666666666666666,0.0275068544470305,4,4,0.09812781,0.22100624,0.018305456,0.022000993,0.6405595
0.0,1.0,0.0,1.0,0.0,0.0,0.0,1.0,1.0,0.0,0.0,0.1428571428571428,1.0,0.1078570334842079,2,2,0.12973718,0.16269754,0.15330337,0.026566524,0.5276954
0.0,1.0,0.0,0.0,1.0,0.0,1.0,0.0,0.0,0.0,1.0,0.5714285714285714,1.0,0.1199771823303759,1,1,0.0951033,0.26286152,0.026228257,0.018158792,0.59764814
0.0,1.0,0.0,1.0,0.0,0.0,0.0,1.0,0.0,1.0,0.0,0.1428571428571428,1.0,0.0738090752359666,2,2,0.12200161,0.23826739,0.07538019,0.026020894,0.5383299
0.0,1.0,0.0,1.0,0.0,0.0,1.0,0.0,1.0,0.0,0.0,0.1428571428571428,0.0,0.0712599467548475,1,1,0.06596341,0.17437021,0.07410666,0.018552786,0.6670069
0.0,1.0,1.0,0.0,0.0,0.0,0.0,1.0,0.0,0.0,1.0,0.1428571428571428,1.0,0.1542613649034334,0,0,0.10958048,0.73065084,0.023178197,0.014687469,0.12190298
0.0,1.0,0.0,1.0,0.0,0.0,0.0,1.0,0.0,0.0,1.0,0.4285714285714285,1.0,0.0249624525627727,1,1,0.13046604,0.26143903,0.043134972,0.024376076,0.5405839
0.0,1.0,0.0,0.0,1.0,0.0,1.0,0.0,0.0,0.0,1.0,0.1428571428571428,0.8888888888888888,0.149295402997665,1,1,0.33648255,0.123409264,0.15711144,0.024795217,0.35820153
0.0,1.0,1.0,0.0,0.0,0.0,1.0,0.0,0.0,0.0,1.0,0.2857142857142857,1.0,0.0443199243156703,4,4,0.07324008,0.8207543,0.018986136,0.012101532,0.07491795
0.0,1.0,0.0,1.0,0.0,0.0,1.0,0.0,0.0,0.0,1.0,0.2857142857142857,1.0,0.0935182206920393,1,1,0.17968439,0.2730925,0.074258424,0.024917908,0.44804674
0.0,1.0,0.0,1.0,0.0,0.0,0.0,1.0,0.0,0.0,1.0,0.2857142857142857,1.0,0.1131882499124981,1,1,0.17968439,0.2730925,0.074258424,0.024917908,0.44804674
0.0,1.0,0.0,1.0,0.0,0.0,0.0,1.0,0.0,0.0,1.0,0.4285714285714285,1.0,0.1321208307113002,1,1,0.13046604,0.26143903,0.043134972,0.024376076,0.5405839
0.0,1.0,0.0,1.0,0.0,0.0,1.0,0.0,0.0,0.0,1.0,0.2857142857142857,1.0,0.070833597166133,1,1,0.17968439,0.2730925,0.074258424,0.024917908,0.44804674
1.0,0.0,1.0,0.0,0.0,0.0,1.0,0.0,0.0,0.0,1.0,0.2857142857142857,1.0,0.3526561684623612,1,1,0.090166286,0.1521746,0.015561351,0.01796963,0.7241281
0.0,1.0,1.0,0.0,0.0,0.0,1.0,0.0,0.0,0.0,1.0,0.1428571428571428,1.0,0.2297649976579739,2,2,0.10958048,0.73065084,0.023178197,0.014687469,0.12190298
0.0,1.0,1.0,0.0,0.0,0.0,0.0,1.0,0.0,0.0,1.0,0.4285714285714285,1.0,0.2036959942263455,1,1,0.059995417,0.67612296,0.020013412,0.016848385,0.22701983
0.0,1.0,1.0,0.0,0.0,0.0,0.0,1.0,0.0,0.0,1.0,0.5714285714285714,1.0,0.3317051104568503,1,1,0.0778996,0.5127215,0.024422891,0.019122083,0.36583397
0.0,1.0,1.0,0.0,0.0,0.0,0.0,1.0,0.0,0.0,1.0,0.4285714285714285,1.0,0.1089760855500314,1,1,0.059995417,0.67612296,0.020013412,0.016848385,0.22701983
0.0,1.0,1.0,0.0,0.0,0.0,0.0,1.0,0.0,0.0,1.0,0.1428571428571428,1.0,0.4284737862843027,1,1,0.12975298,0.46660662,0.016213195,0.019209385,0.36821783
0.0,1.0,0.0,1.0,0.0,0.0,0.0,1.0,0.0,0.0,1.0,0.1428571428571428,1.0,0.0882579311479699,1,1,0.17985192,0.22923304,0.07847908,0.029497733,0.48293823
0.0,1.0,0.0,0.0,0.0,1.0,0.0,1.0,0.0,0.0,1.0,0.2857142857142857,1.0,0.0804432310033737,1,1,0.5827062,0.1311131,0.043058153,0.016341029,0.22678152
0.0,1.0,0.0,1.0,0.0,0.0,0.0,1.0,0.0,0.0,1.0,0.2857142857142857,1.0,0.0548992615511334,4,4,0.17968439,0.2730925,0.074258424,0.024917908,0.44804674
0.0,1.0,1.0,0.0,0.0,0.0,1.0,0.0,0.0,0.0,1.0,0.1428571428571428,1.0,0.2541998710015353,0,0,0.10958048,0.73065084,0.023178197,0.014687469,0.12190298
0.0,1.0,0.0,1.0,0.0,0.0,0.0,1.0,0.0,1.0,0.0,0.1428571428571428,1.0,0.5350257665730005,1,1,0.30178943,0.1416436,0.016019205,0.019868905,0.5206789
0.0,1.0,0.0,1.0,0.0,0.0,0.0,1.0,0.0,0.0,1.0,0.5714285714285714,1.0,0.0459045942762399,2,2,0.1150125,0.19572452,0.023333743,0.022854952,0.6430743
0.0,1.0,0.0,1.0,0.0,0.0,0.0,1.0,0.0,0.0,1.0,0.1428571428571428,1.0,0.2471756577161268,1,1,0.17985192,0.22923304,0.07847908,0.029497733,0.48293823
0.0,1.0,1.0,0.0,0.0,0.0,1.0,0.0,0.0,0.0,1.0,0.4285714285714285,0.7777777777777777,0.1674294713433967,1,1,0.0694336,0.27209052,0.022327298,0.0374909,0.59865767
0.0,1.0,0.0,1.0,0.0,0.0,1.0,0.0,0.0,0.0,1.0,0.2857142857142857,1.0,0.1983206091003994,3,3,0.17968439,0.2730925,0.074258424,0.024917908,0.44804674
0.0,1.0,0.0,1.0,0.0,0.0,0.0,1.0,0.0,0.0,1.0,0.1428571428571428,0.7777777777777777,0.0253990436285997,2,2,0.047010045,0.57811284,0.044973392,0.03288091,0.29702285
0.0,1.0,1.0,0.0,0.0,0.0,0.0,1.0,0.0,0.0,1.0,0.4285714285714285,1.0,0.0624898533486853,1,1,0.059995417,0.67612296,0.020013412,0.016848385,0.22701983
0.0,1.0,0.0,1.0,0.0,0.0,0.0,1.0,0.0,0.0,1.0,0.4285714285714285,1.0,0.1306976998795735,1,1,0.13046604,0.26143903,0.043134972,0.024376076,0.5405839
0.0,1.0,0.0,1.0,0.0,0.0,1.0,0.0,0.0,0.0,1.0,0.7142857142857142,0.8888888888888888,0.267904581186546,3,3,0.070030324,0.28511673,0.022054542,0.054111652,0.5686867
0.0,1.0,0.0,1.0,0.0,0.0,0.0,1.0,0.0,0.0,1.0,0.4285714285714285,1.0,0.027256503090755,2,2,0.13046604,0.26143903,0.043134972,0.024376076,0.5405839
0.0,1.0,0.0,1.0,0.0,0.0,0.0,1.0,0.0,0.0,1.0,0.4285714285714285,1.0,0.3774184959674655,4,4,0.17294101,0.25167006,0.016952202,0.026431572,0.5320052
0.0,1.0,1.0,0.0,0.0,0.0,0.0,1.0,0.0,0.0,1.0,0.1428571428571428,1.0,0.0905484157798303,1,1,0.10958048,0.73065084,0.023178197,0.014687469,0.12190298
0.0,1.0,0.0,0.0,1.0,0.0,0.0,1.0,0.0,0.0,1.0,0.4285714285714285,1.0,0.0753052433168949,1,1,0.08592373,0.522568,0.03523299,0.020770047,0.33550528
0.0,1.0,0.0,1.0,0.0,0.0,0.0,1.0,0.0,0.0,1.0,0.2857142857142857,1.0,0.0606958320785471,4,4,0.17968439,0.2730925,0.074258424,0.024917908,0.44804674
0.0,1.0,0.0,1.0,0.0,0.0,0.0,1.0,0.0,0.0,1.0,0.1428571428571428,1.0,0.0691308678022798,4,4,0.17985192,0.22923304,0.07847908,0.029497733,0.48293823
0.0,1.0,0.0,1.0,0.0,0.0,0.0,1.0,0.0,0.0,1.0,0.4285714285714285,1.0,0.1179572526960039,4,4,0.13046604,0.26143903,0.043134972,0.024376076,0.5405839
0.0,1.0,0.0,1.0,0.0,0.0,0.0,1.0,0.0,0.0,1.0,0.1428571428571428,1.0,0.0754354093875166,1,1,0.17985192,0.22923304,0.07847908,0.029497733,0.48293823
0.0,1.0,1.0,0.0,0.0,0.0,0.0,1.0,0.0,0.0,1.0,0.1428571428571428,1.0,0.0621539701411309,1,1,0.10958048,0.73065084,0.023178197,0.014687469,0.12190298
1.0,0.0,0.0,1.0,0.0,0.0,0.0,1.0,0.0,0.0,1.0,0.0,0.7777777777777777,0.2230513307864391,4,4,0.085476905,0.33727977,0.04243557,0.033210184,0.5015976
0.0,1.0,1.0,0.0,0.0,0.0,0.0,1.0,0.0,0.0,1.0,0.4285714285714285,1.0,0.1625914596250203,1,1,0.059995417,0.67612296,0.020013412,0.016848385,0.22701983
0.0,1.0,0.0,1.0,0.0,0.0,1.0,0.0,0.0,0.0,1.0,0.4285714285714285,0.7777777777777777,0.4695030056836384,4,4,0.06577606,0.13921854,0.010982034,0.02712754,0.75689584
0.0,1.0,0.0,1.0,0.0,0.0,1.0,0.0,0.0,0.0,1.0,0.4285714285714285,0.7777777777777777,0.4695030056836384,1,1,0.06577606,0.13921854,0.010982034,0.02712754,0.75689584
0.0,1.0,0.0,1.0,0.0,0.0,0.0,1.0,0.0,0.0,1.0,0.5714285714285714,1.0,0.3339803570121585,1,1,0.124035135,0.123425804,0.011702318,0.020813694,0.7200231
0.0,1.0,0.0,1.0,0.0,0.0,0.0,1.0,0.0,0.0,1.0,0.4285714285714285,1.0,0.1945401012738783,1,1,0.13046604,0.26143903,0.043134972,0.024376076,0.5405839
0.0,1.0,1.0,0.0,0.0,0.0,0.0,1.0,0.0,0.0,1.0,0.5714285714285714,1.0,0.1658684716088686,2,2,0.0778996,0.5127215,0.024422891,0.019122083,0.36583397
0.0,1.0,1.0,0.0,0.0,0.0,0.0,1.0,0.0,0.0,1.0,0.2857142857142857,1.0,0.1192836667420538,4,4,0.07324008,0.8207543,0.018986136,0.012101532,0.07491795
0.0,1.0,0.0,0.0,1.0,0.0,0.0,1.0,0.0,0.0,1.0,0.2857142857142857,1.0,0.0903917398008769,2,2,0.289438,0.2950548,0.15277061,0.020377817,0.2423588
0.0,1.0,0.0,1.0,0.0,0.0,0.0,1.0,0.0,0.0,1.0,0.7142857142857142,1.0,0.192196540962752,3,3,0.076490015,0.21179931,0.027068054,0.033646274,0.6509963
0.0,1.0,0.0,1.0,0.0,0.0,0.0,1.0,0.0,0.0,1.0,0.2857142857142857,1.0,0.045006612252584,1,1,0.17968439,0.2730925,0.074258424,0.024917908,0.44804674
0.0,1.0,0.0,1.0,0.0,0.0,1.0,0.0,0.0,0.0,1.0,0.2857142857142857,0.7777777777777777,0.1967904082806786,0,0,0.041743338,0.4352186,0.032358352,0.029284375,0.46139538
0.0,1.0,1.0,0.0,0.0,0.0,0.0,1.0,0.0,0.0,1.0,0.5714285714285714,1.0,0.034786179823833,1,1,0.0778996,0.5127215,0.024422891,0.019122083,0.36583397
0.0,1.0,0.0,1.0,0.0,0.0,1.0,0.0,0.0,0.0,1.0,0.1428571428571428,1.0,0.2193702335644231,1,1,0.17985192,0.22923304,0.07847908,0.029497733,0.48293823
0.0,1.0,0.0,0.0,1.0,0.0,1.0,0.0,0.0,0.0,1.0,0.2857142857142857,1.0,0.0507237678836852,4,4,0.289438,0.2950548,0.15277061,0.020377817,0.2423588
0.0,1.0,1.0,0.0,0.0,0.0,0.0,1.0,0.0,0.0,1.0,0.2857142857142857,1.0,0.2551739161653578,1,1,0.07324008,0.8207543,0.018986136,0.012101532,0.07491795
0.0,1.0,0.0,1.0,0.0,0.0,0.0,1.0,0.0,0.0,1.0,0.4285714285714285,1.0,0.2261001130045749,3,3,0.13046604,0.26143903,0.043134972,0.024376076,0.5405839
0.0,1.0,0.0,0.0,1.0,0.0,0.0,1.0,0.0,0.0,1.0,0.1428571428571428,1.0,0.2347057593230898,1,1,0.23695023,0.2886588,0.17586929,0.023462143,0.27505952
0.0,1.0,1.0,0.0,0.0,0.0,0.0,1.0,0.0,0.0,1.0,0.5714285714285714,1.0,0.0354812409441557,1,1,0.0778996,0.5127215,0.024422891,0.019122083,0.36583397
0.0,1.0,0.0,1.0,0.0,0.0,1.0,0.0,0.0,0.0,1.0,0.4285714285714285,1.0,0.316049206466282,1,1,0.13046604,0.26143903,0.043134972,0.024376076,0.5405839
0.0,1.0,1.0,0.0,0.0,0.0,0.0,1.0,0.0,0.0,1.0,0.1428571428571428,1.0,0.0721317757701316,4,4,0.10958048,0.73065084,0.023178197,0.014687469,0.12190298
0.0,1.0,0.0,1.0,0.0,0.0,1.0,0.0,0.0,0.0,1.0,0.1428571428571428,1.0,0.0422699685324913,4,4,0.17985192,0.22923304,0.07847908,0.029497733,0.48293823
0.0,1.0,0.0,1.0,0.0,0.0,0.0,1.0,0.0,0.0,1.0,0.2857142857142857,1.0,0.0544404185486711,1,1,0.17968439,0.2730925,0.074258424,0.024917908,0.44804674
0.0,1.0,1.0,0.0,0.0,0.0,0.0,1.0,1.0,0.0,0.0,0.1428571428571428,0.7777777777777777,0.1904255350848157,4,4,0.18044217,0.39204428,0.070837386,0.029208513,0.32746768
0.0,1.0,0.0,0.0,1.0,0.0,0.0,1.0,0.0,1.0,0.0,1.0,1.0,0.0646728397125996,2,2,0.06236245,0.22944175,0.022256019,0.018575894,0.6673639
0.0,1.0,0.0,1.0,0.0,0.0,1.0,0.0,0.0,0.0,1.0,0.4285714285714285,1.0,0.375709969306871,1,1,0.17294101,0.25167006,0.016952202,0.026431572,0.5320052
0.0,1.0,1.0,0.0,0.0,0.0,1.0,0.0,0.0,0.0,1.0,0.7142857142857142,1.0,0.135456386702497,4,4,0.07237963,0.41221237,0.024462279,0.021678822,0.46926686
0.0,1.0,1.0,0.0,0.0,0.0,0.0,1.0,0.0,0.0,1.0,0.5714285714285714,1.0,0.1290606897640034,1,1,0.0778996,0.5127215,0.024422891,0.019122083,0.36583397
0.0,1.0,0.0,1.0,0.0,0.0,1.0,0.0,0.0,0.0,1.0,0.2857142857142857,1.0,0.0718281625259153,1,1,0.17968439,0.2730925,0.074258424,0.024917908,0.44804674
0.0,1.0,0.0,1.0,0.0,0.0,0.0,1.0,0.0,0.0,1.0,0.4285714285714285,1.0,0.1026752308965552,1,1,0.13046604,0.26143903,0.043134972,0.024376076,0.5405839
1.0,0.0,0.0,1.0,0.0,0.0,1.0,0.0,0.0,0.0,1.0,0.5714285714285714,1.0,0.0620281985952339,1,1,0.08835537,0.16476822,0.019437639,0.019935012,0.70750374
0.0,1.0,0.0,0.0,0.0,1.0,0.0,1.0,0.0,0.0,1.0,0.2857142857142857,1.0,0.0531397944040771,1,1,0.5827062,0.1311131,0.043058153,0.016341029,0.22678152
0.0,1.0,0.0,0.0,1.0,0.0,1.0,0.0,0.0,1.0,0.0,0.4285714285714285,1.0,0.0253990436285997,4,4,0.067220025,0.3330344,0.02686198,0.017407266,0.5554763
0.0,1.0,0.0,1.0,0.0,0.0,0.0,1.0,0.0,0.0,1.0,0.4285714285714285,1.0,0.095869390731008,1,1,0.13046604,0.26143903,0.043134972,0.024376076,0.5405839
0.0,1.0,1.0,0.0,0.0,0.0,0.0,1.0,0.0,0.0,1.0,0.2857142857142857,1.0,0.1064167093848439,1,1,0.07324008,0.8207543,0.018986136,0.012101532,0.07491795
0.0,1.0,0.0,1.0,0.0,0.0,0.0,1.0,0.0,0.0,1.0,0.4285714285714285,1.0,0.148140325760229,1,1,0.13046604,0.26143903,0.043134972,0.024376076,0.5405839
0.0,1.0,0.0,1.0,0.0,0.0,1.0,0.0,0.0,0.0,1.0,0.4285714285714285,1.0,0.1028553939963532,4,4,0.13046604,0.26143903,0.043134972,0.024376076,0.5405839
0.0,1.0,0.0,1.0,0.0,0.0,1.0,0.0,0.0,0.0,1.0,0.1428571428571428,1.0,0.2117114707710371,2,2,0.17985192,0.22923304,0.07847908,0.029497733,0.48293823
0.0,1.0,1.0,0.0,0.0,0.0,0.0,1.0,0.0,0.0,1.0,0.4285714285714285,1.0,0.0866284748976397,2,2,0.059995417,0.67612296,0.020013412,0.016848385,0.22701983
0.0,1.0,1.0,0.0,0.0,0.0,1.0,0.0,0.0,0.0,1.0,0.1428571428571428,1.0,0.0511995434616402,4,4,0.10958048,0.73065084,0.023178197,0.014687469,0.12190298
0.0,1.0,0.0,1.0,0.0,0.0,1.0,0.0,0.0,0.0,1.0,0.4285714285714285,0.6666666666666666,0.1565336321199452,1,1,0.07768946,0.19777748,0.02841494,0.032400437,0.6637177
0.0,1.0,0.0,1.0,0.0,0.0,0.0,1.0,0.0,0.0,1.0,0.4285714285714285,1.0,0.1954845516723236,1,1,0.13046604,0.26143903,0.043134972,0.024376076,0.5405839
0.0,1.0,1.0,0.0,0.0,0.0,0.0,1.0,0.0,0.0,1.0,0.4285714285714285,1.0,0.1244595478938489,1,1,0.059995417,0.67612296,0.020013412,0.016848385,0.22701983
0.0,1.0,0.0,1.0,0.0,0.0,1.0,0.0,0.0,0.0,1.0,0.4285714285714285,1.0,0.6282458016157584,1,1,0.17294101,0.25167006,0.016952202,0.026431572,0.5320052
0.0,1.0,0.0,1.0,0.0,0.0,1.0,0.0,0.0,0.0,1.0,0.4285714285714285,1.0,0.0975668193545859,1,1,0.13046604,0.26143903,0.043134972,0.024376076,0.5405839
0.0,1.0,1.0,0.0,0.0,0.0,1.0,0.0,0.0,0.0,1.0,0.4285714285714285,1.0,0.1383745621561474,1,1,0.059995417,0.67612296,0.020013412,0.016848385,0.22701983
1.0,0.0,0.0,0.0,1.0,0.0,1.0,0.0,0.0,0.0,1.0,0.1428571428571428,1.0,0.3196733734894642,0,0,0.18788141,0.2384484,0.14912933,0.02166453,0.4028763
0.0,1.0,0.0,1.0,0.0,0.0,0.0,1.0,0.0,0.0,1.0,0.5714285714285714,1.0,0.2624193453563958,4,4,0.1150125,0.19572452,0.023333743,0.022854952,0.6430743
0.0,1.0,1.0,0.0,0.0,0.0,0.0,1.0,0.0,0.0,1.0,0.4285714285714285,1.0,0.2034477656489624,1,1,0.059995417,0.67612296,0.020013412,0.016848385,0.22701983
0.0,1.0,1.0,0.0,0.0,0.0,1.0,0.0,0.0,0.0,1.0,0.4285714285714285,1.0,0.1119089094194306,0,0,0.059995417,0.67612296,0.020013412,0.016848385,0.22701983
0.0,1.0,0.0,0.0,1.0,0.0,0.0,1.0,0.0,0.0,1.0,0.2857142857142857,1.0,0.0431133417587922,1,1,0.289438,0.2950548,0.15277061,0.020377817,0.2423588
0.0,1.0,0.0,1.0,0.0,0.0,1.0,0.0,0.0,1.0,0.0,0.5714285714285714,0.0,0.075830736611014,0,0,0.03467652,0.14875253,0.14588381,0.015093873,0.6555933
0.0,1.0,1.0,0.0,0.0,0.0,1.0,0.0,0.0,0.0,1.0,0.2857142857142857,1.0,0.0696928890314335,1,1,0.07324008,0.8207543,0.018986136,0.012101532,0.07491795
0.0,1.0,0.0,1.0,0.0,0.0,0.0,1.0,0.0,0.0,1.0,0.4285714285714285,1.0,0.2889165170147957,1,1,0.13046604,0.26143903,0.043134972,0.024376076,0.5405839
0.0,1.0,1.0,0.0,0.0,0.0,1.0,0.0,0.0,0.0,1.0,0.1428571428571428,1.0,0.0648842796628035,1,1,0.10958048,0.73065084,0.023178197,0.014687469,0.12190298
0.0,1.0,0.0,1.0,0.0,0.0,1.0,0.0,0.0,0.0,1.0,0.1428571428571428,1.0,0.0484227624617002,1,1,0.17985192,0.22923304,0.07847908,0.029497733,0.48293823
0.0,1.0,0.0,0.0,1.0,0.0,0.0,1.0,0.0,0.0,1.0,0.5714285714285714,1.0,0.047073562680814,1,1,0.0951033,0.26286152,0.026228257,0.018158792,0.59764814
0.0,1.0,0.0,1.0,0.0,0.0,1.0,0.0,0.0,0.0,1.0,0.5714285714285714,1.0,0.1439644224336963,1,1,0.1150125,0.19572452,0.023333743,0.022854952,0.6430743
1.0,0.0,0.0,1.0,0.0,0.0,1.0,0.0,0.0,0.0,1.0,0.4285714285714285,1.0,0.1430603420759416,1,1,0.09833163,0.22097054,0.034158323,0.02032554,0.62621397
0.0,1.0,0.0,1.0,0.0,0.0,0.0,1.0,0.0,0.0,1.0,0.2857142857142857,1.0,0.1382574493136272,1,1,0.17968439,0.2730925,0.074258424,0.024917908,0.44804674
0.0,1.0,1.0,0.0,0.0,0.0,1.0,0.0,0.0,0.0,1.0,0.5714285714285714,1.0,0.1180068214452283,1,1,0.0778996,0.5127215,0.024422891,0.019122083,0.36583397
0.0,1.0,1.0,0.0,0.0,0.0,1.0,0.0,0.0,0.0,1.0,0.4285714285714285,1.0,0.0802008245505551,1,1,0.059995417,0.67612296,0.020013412,0.016848385,0.22701983
1.0,0.0,1.0,0.0,0.0,0.0,1.0,0.0,0.0,1.0,0.0,0.0,0.0,0.2318989242430416,0,0,0.17302619,0.14080939,0.027716774,0.017210538,0.6412371
0.0,1.0,0.0,1.0,0.0,0.0,1.0,0.0,0.0,0.0,1.0,0.4285714285714285,1.0,0.033533035787828,2,2,0.13046604,0.26143903,0.043134972,0.024376076,0.5405839
0.0,1.0,1.0,0.0,0.0,0.0,1.0,0.0,0.0,0.0,1.0,0.4285714285714285,1.0,0.2052440214231978,1,1,0.059995417,0.67612296,0.020013412,0.016848385,0.22701983
0.0,1.0,0.0,1.0,0.0,0.0,0.0,1.0,0.0,0.0,1.0,0.4285714285714285,1.0,0.0743946704833465,3,3,0.13046604,0.26143903,0.043134972,0.024376076,0.5405839
0.0,1.0,1.0,0.0,0.0,0.0,1.0,0.0,0.0,0.0,1.0,0.5714285714285714,1.0,0.1329544745343443,2,2,0.0778996,0.5127215,0.024422891,0.019122083,0.36583397
0.0,1.0,0.0,1.0,0.0,0.0,1.0,0.0,0.0,0.0,1.0,0.5714285714285714,1.0,0.0945440442813601,1,1,0.1150125,0.19572452,0.023333743,0.022854952,0.6430743
0.0,1.0,0.0,1.0,0.0,0.0,0.0,1.0,0.0,0.0,1.0,0.2857142857142857,1.0,0.0401656615406241,4,4,0.17968439,0.2730925,0.074258424,0.024917908,0.44804674
0.0,1.0,0.0,1.0,0.0,0.0,1.0,0.0,0.0,0.0,1.0,0.5714285714285714,1.0,0.1448869622780767,4,4,0.1150125,0.19572452,0.023333743,0.022854952,0.6430743
0.0,1.0,1.0,0.0,0.0,0.0,1.0,0.0,0.0,0.0,1.0,0.2857142857142857,1.0,0.0921922349259413,2,2,0.07324008,0.8207543,0.018986136,0.012101532,0.07491795
0.0,1.0,1.0,0.0,0.0,0.0,0.0,1.0,0.0,0.0,1.0,0.2857142857142857,1.0,0.5928342248282475,1,1,0.12908684,0.41630024,0.018783696,0.02169067,0.41413853
0.0,1.0,0.0,1.0,0.0,0.0,1.0,0.0,0.0,0.0,1.0,0.2857142857142857,1.0,0.2191410727553366,1,1,0.17968439,0.2730925,0.074258424,0.024917908,0.44804674
0.0,1.0,0.0,1.0,0.0,0.0,0.0,1.0,0.0,0.0,1.0,0.5714285714285714,1.0,0.0590163105225264,1,1,0.1150125,0.19572452,0.023333743,0.022854952,0.6430743
0.0,1.0,0.0,0.0,0.0,1.0,0.0,1.0,0.0,0.0,1.0,0.4285714285714285,1.0,0.1076904884454916,4,4,0.21216385,0.2852588,0.03339038,0.020959485,0.4482275
0.0,1.0,0.0,0.0,1.0,0.0,0.0,1.0,0.0,0.0,1.0,0.5714285714285714,1.0,0.0047647475273525,1,1,0.0951033,0.26286152,0.026228257,0.018158792,0.59764814
1.0,0.0,0.0,1.0,0.0,0.0,1.0,0.0,0.0,0.0,1.0,0.5714285714285714,1.0,0.0567890561496628,1,1,0.08835537,0.16476822,0.019437639,0.019935012,0.70750374
0.0,1.0,1.0,0.0,0.0,0.0,0.0,1.0,0.0,0.0,1.0,0.4285714285714285,1.0,0.0750710114248987,2,2,0.059995417,0.67612296,0.020013412,0.016848385,0.22701983
0.0,1.0,0.0,1.0,0.0,0.0,0.0,1.0,0.0,0.0,1.0,0.2857142857142857,1.0,0.1224704047603726,1,1,0.17968439,0.2730925,0.074258424,0.024917908,0.44804674
0.0,1.0,0.0,1.0,0.0,0.0,1.0,0.0,0.0,0.0,1.0,0.4285714285714285,1.0,0.0914038770526019,4,4,0.13046604,0.26143903,0.043134972,0.024376076,0.5405839
1.0,0.0,0.0,1.0,0.0,0.0,1.0,0.0,0.0,0.0,1.0,0.7142857142857142,1.0,0.075830736611014,1,1,0.062589295,0.1769892,0.02204843,0.028696883,0.70967615
0.0,1.0,0.0,1.0,0.0,0.0,0.0,1.0,0.0,0.0,1.0,0.2857142857142857,1.0,0.0998419045290426,3,3,0.17968439,0.2730925,0.074258424,0.024917908,0.44804674
0.0,1.0,0.0,1.0,0.0,0.0,0.0,1.0,0.0,0.0,1.0,0.4285714285714285,1.0,0.0909918469109773,1,1,0.13046604,0.26143903,0.043134972,0.024376076,0.5405839
0.0,1.0,0.0,0.0,1.0,0.0,1.0,0.0,0.0,0.0,1.0,0.4285714285714285,1.0,0.1939750572572375,1,1,0.08592373,0.522568,0.03523299,0.020770047,0.33550528
0.0,1.0,0.0,1.0,0.0,0.0,1.0,0.0,0.0,0.0,1.0,0.5714285714285714,0.5555555555555556,0.2574975024926368,1,1,0.1148446,0.2571005,0.022278003,0.01691571,0.5888612
0.0,1.0,0.0,1.0,0.0,0.0,0.0,1.0,0.0,1.0,0.0,0.2857142857142857,0.5555555555555556,0.0440019264513278,2,2,0.037503254,0.18850935,0.057819095,0.01909858,0.6970697
0.0,1.0,0.0,1.0,0.0,0.0,1.0,0.0,0.0,0.0,1.0,0.2857142857142857,1.0,0.1224124938625184,2,2,0.17968439,0.2730925,0.074258424,0.024917908,0.44804674
0.0,1.0,0.0,1.0,0.0,0.0,0.0,1.0,0.0,0.0,1.0,0.4285714285714285,1.0,0.3016705698455353,1,1,0.13046604,0.26143903,0.043134972,0.024376076,0.5405839
0.0,1.0,1.0,0.0,0.0,0.0,1.0,0.0,0.0,0.0,1.0,0.4285714285714285,1.0,0.0557100699836946,1,1,0.059995417,0.67612296,0.020013412,0.016848385,0.22701983
0.0,1.0,0.0,1.0,0.0,0.0,0.0,1.0,0.0,0.0,1.0,0.4285714285714285,1.0,0.1298437841388025,4,4,0.13046604,0.26143903,0.043134972,0.024376076,0.5405839
0.0,1.0,0.0,1.0,0.0,0.0,0.0,1.0,0.0,0.0,1.0,0.2857142857142857,1.0,0.0650025656199748,1,1,0.17968439,0.2730925,0.074258424,0.024917908,0.44804674
0.0,1.0,1.0,0.0,0.0,0.0,1.0,0.0,0.0,0.0,1.0,0.4285714285714285,1.0,0.296657410247668,1,1,0.059995417,0.67612296,0.020013412,0.016848385,0.22701983
0.0,1.0,1.0,0.0,0.0,0.0,1.0,0.0,0.0,1.0,0.0,0.7142857142857142,0.0,0.1484018496369909,0,0,0.043468602,0.056335345,0.14091165,0.013597654,0.74568677
0.0,1.0,0.0,1.0,0.0,0.0,0.0,1.0,0.0,0.0,1.0,0.2857142857142857,1.0,0.0543941270721227,1,1,0.17968439,0.2730925,0.074258424,0.024917908,0.44804674
0.0,1.0,1.0,0.0,0.0,0.0,1.0,0.0,0.0,0.0,1.0,0.1428571428571428,1.0,0.0380583969343059,4,4,0.10958048,0.73065084,0.023178197,0.014687469,0.12190298
0.0,1.0,1.0,0.0,0.0,0.0,1.0,0.0,0.0,0.0,1.0,0.2857142857142857,1.0,0.0277343269641324,4,4,0.07324008,0.8207543,0.018986136,0.012101532,0.07491795
0.0,1.0,1.0,0.0,0.0,0.0,1.0,0.0,0.0,0.0,1.0,0.5714285714285714,1.0,0.2119068160847849,0,0,0.0778996,0.5127215,0.024422891,0.019122083,0.36583397
0.0,1.0,0.0,1.0,0.0,0.0,0.0,1.0,0.0,0.0,1.0,0.5714285714285714,1.0,0.0949416246298223,1,1,0.1150125,0.19572452,0.023333743,0.022854952,0.6430743
0.0,1.0,1.0,0.0,0.0,0.0,0.0,1.0,0.0,0.0,1.0,0.4285714285714285,1.0,0.1254547587770371,1,1,0.059995417,0.67612296,0.020013412,0.016848385,0.22701983
0.0,1.0,1.0,0.0,0.0,0.0,0.0,1.0,0.0,0.0,1.0,0.5714285714285714,1.0,0.1228797783249037,1,1,0.0778996,0.5127215,0.024422891,0.019122083,0.36583397
0.0,1.0,0.0,1.0,0.0,0.0,0.0,1.0,0.0,0.0,1.0,0.4285714285714285,1.0,0.2271551217001882,3,3,0.13046604,0.26143903,0.043134972,0.024376076,0.5405839
0.0,1.0,1.0,0.0,0.0,0.0,0.0,1.0,0.0,0.0,1.0,0.4285714285714285,1.0,0.0782372416611692,1,1,0.059995417,0.67612296,0.020013412,0.016848385,0.22701983
0.0,1.0,1.0,0.0,0.0,0.0,0.0,1.0,0.0,0.0,1.0,0.2857142857142857,1.0,0.2112198550418148,1,1,0.07324008,0.8207543,0.018986136,0.012101532,0.07491795
0.0,1.0,0.0,1.0,0.0,0.0,0.0,1.0,0.0,0.0,1.0,0.4285714285714285,1.0,0.1493909032199999,4,4,0.13046604,0.26143903,0.043134972,0.024376076,0.5405839
0.0,1.0,0.0,1.0,0.0,0.0,0.0,1.0,0.0,0.0,1.0,0.2857142857142857,1.0,0.143276828281232,1,1,0.17968439,0.2730925,0.074258424,0.024917908,0.44804674
0.0,1.0,0.0,0.0,1.0,0.0,0.0,1.0,0.0,0.0,1.0,0.7142857142857142,1.0,0.369116344961006,1,1,0.37424615,0.08716983,0.011204016,0.015369656,0.5120104
0.0,1.0,0.0,0.0,1.0,0.0,1.0,0.0,0.0,0.0,1.0,0.5714285714285714,1.0,0.1557273361442694,1,1,0.0951033,0.26286152,0.026228257,0.018158792,0.59764814
0.0,1.0,0.0,1.0,0.0,0.0,1.0,0.0,0.0,0.0,1.0,0.4285714285714285,1.0,0.1201962506292897,1,1,0.13046604,0.26143903,0.043134972,0.024376076,0.5405839
0.0,1.0,0.0,1.0,0.0,0.0,0.0,1.0,1.0,0.0,0.0,0.2857142857142857,0.8888888888888888,0.0780843084765787,2,2,0.09258939,0.15544985,0.11368588,0.03591051,0.60236436
0.0,1.0,0.0,1.0,0.0,0.0,0.0,1.0,1.0,0.0,0.0,0.1428571428571428,0.8888888888888888,0.0600538031887995,3,3,0.08595798,0.17875794,0.11062884,0.040431056,0.5842242
1.0,0.0,0.0,1.0,0.0,0.0,1.0,0.0,0.0,0.0,1.0,0.1428571428571428,1.0,0.0834645039932898,3,3,0.14575933,0.17194124,0.06325159,0.025096025,0.5939518
0.0,1.0,1.0,0.0,0.0,0.0,0.0,1.0,0.0,0.0,1.0,0.2857142857142857,1.0,0.2149389884891309,1,1,0.07324008,0.8207543,0.018986136,0.012101532,0.07491795
0.0,1.0,1.0,0.0,0.0,0.0,1.0,0.0,0.0,0.0,1.0,0.4285714285714285,1.0,0.1189635119605619,1,1,0.059995417,0.67612296,0.020013412,0.016848385,0.22701983
0.0,1.0,0.0,1.0,0.0,0.0,0.0,1.0,0.0,0.0,1.0,0.2857142857142857,1.0,0.0765223652847651,1,1,0.17968439,0.2730925,0.074258424,0.024917908,0.44804674
0.0,1.0,0.0,1.0,0.0,0.0,1.0,0.0,0.0,0.0,1.0,0.2857142857142857,1.0,0.2096489490057888,1,1,0.17968439,0.2730925,0.074258424,0.024917908,0.44804674
0.0,1.0,0.0,1.0,0.0,0.0,1.0,0.0,0.0,0.0,1.0,0.4285714285714285,0.5555555555555556,0.1382455567862651,1,1,0.10022493,0.19369088,0.055737875,0.022018509,0.6283278
0.0,1.0,0.0,1.0,0.0,0.0,1.0,0.0,0.0,0.0,1.0,0.4285714285714285,0.6666666666666666,0.1746393470914649,4,4,0.07768946,0.19777748,0.02841494,0.032400437,0.6637177
0.0,1.0,0.0,1.0,0.0,0.0,0.0,1.0,0.0,0.0,1.0,0.4285714285714285,1.0,0.2185956303051935,1,1,0.13046604,0.26143903,0.043134972,0.024376076,0.5405839
0.0,1.0,1.0,0.0,0.0,0.0,1.0,0.0,0.0,0.0,1.0,0.2857142857142857,1.0,0.0961766909069847,1,1,0.07324008,0.8207543,0.018986136,0.012101532,0.07491795
1.0,0.0,1.0,0.0,0.0,0.0,0.0,1.0,0.0,0.0,1.0,0.1428571428571428,1.0,0.2136611997350199,2,2,0.09963194,0.5408157,0.02774629,0.0175506,0.31425545
0.0,1.0,1.0,0.0,0.0,0.0,0.0,1.0,0.0,0.0,1.0,0.4285714285714285,1.0,0.3243188578520377,1,1,0.059995417,0.67612296,0.020013412,0.016848385,0.22701983
0.0,1.0,0.0,0.0,1.0,0.0,1.0,0.0,0.0,0.0,1.0,0.1428571428571428,1.0,0.2470134575464885,4,4,0.23695023,0.2886588,0.17586929,0.023462143,0.27505952
0.0,1.0,0.0,1.0,0.0,0.0,0.0,1.0,0.0,0.0,1.0,0.5714285714285714,1.0,0.1284076062859302,1,1,0.1150125,0.19572452,0.023333743,0.022854952,0.6430743
0.0,1.0,0.0,1.0,0.0,0.0,0.0,1.0,0.0,0.0,1.0,0.4285714285714285,1.0,0.2087767227453319,1,1,0.13046604,0.26143903,0.043134972,0.024376076,0.5405839
0.0,1.0,0.0,1.0,0.0,0.0,1.0,0.0,0.0,0.0,1.0,0.4285714285714285,1.0,0.0641154116307569,1,1,0.13046604,0.26143903,0.043134972,0.024376076,0.5405839
0.0,1.0,0.0,0.0,1.0,0.0,0.0,1.0,0.0,0.0,1.0,0.4285714285714285,1.0,0.1589411364899884,1,1,0.08592373,0.522568,0.03523299,0.020770047,0.33550528
0.0,1.0,0.0,1.0,0.0,0.0,0.0,1.0,1.0,0.0,0.0,0.1428571428571428,1.0,0.1112087648022866,2,2,0.12973718,0.16269754,0.15330337,0.026566524,0.5276954
0.0,1.0,0.0,1.0,0.0,0.0,1.0,0.0,0.0,0.0,1.0,0.2857142857142857,1.0,0.4699294980323369,1,1,0.2722,0.14734949,0.017128652,0.018999383,0.5443225
0.0,1.0,0.0,1.0,0.0,0.0,0.0,1.0,0.0,0.0,1.0,0.4285714285714285,1.0,0.0812167232175105,4,4,0.13046604,0.26143903,0.043134972,0.024376076,0.5405839
0.0,1.0,0.0,1.0,0.0,0.0,0.0,1.0,0.0,0.0,1.0,0.5714285714285714,1.0,0.2066382774964232,1,1,0.1150125,0.19572452,0.023333743,0.022854952,0.6430743
0.0,1.0,0.0,1.0,0.0,0.0,1.0,0.0,0.0,0.0,1.0,0.4285714285714285,1.0,0.3202240049546778,1,1,0.13046604,0.26143903,0.043134972,0.024376076,0.5405839
0.0,1.0,1.0,0.0,0.0,0.0,0.0,1.0,0.0,0.0,1.0,0.5714285714285714,1.0,0.0090825379847143,1,1,0.0778996,0.5127215,0.024422891,0.019122083,0.36583397
0.0,1.0,0.0,0.0,1.0,0.0,0.0,1.0,0.0,0.0,1.0,0.1428571428571428,1.0,0.0681975713034534,2,2,0.23695023,0.2886588,0.17586929,0.023462143,0.27505952
0.0,1.0,0.0,0.0,1.0,0.0,0.0,1.0,0.0,0.0,1.0,0.2857142857142857,1.0,0.2199228264276775,1,1,0.289438,0.2950548,0.15277061,0.020377817,0.2423588
0.0,1.0,1.0,0.0,0.0,0.0,0.0,1.0,0.0,0.0,1.0,0.4285714285714285,1.0,0.0970300294008639,2,2,0.059995417,0.67612296,0.020013412,0.016848385,0.22701983
0.0,1.0,0.0,0.0,1.0,0.0,0.0,1.0,0.0,0.0,1.0,0.7142857142857142,1.0,0.0165097161527639,1,1,0.091769025,0.24414138,0.027405178,0.020531435,0.61615294
0.0,1.0,0.0,0.0,1.0,0.0,1.0,0.0,0.0,0.0,1.0,0.5714285714285714,1.0,0.040509678963788,1,1,0.0951033,0.26286152,0.026228257,0.018158792,0.59764814
0.0,1.0,0.0,0.0,1.0,0.0,1.0,0.0,0.0,0.0,1.0,0.5714285714285714,1.0,0.040509678963788,1,1,0.0951033,0.26286152,0.026228257,0.018158792,0.59764814
0.0,1.0,0.0,0.0,1.0,0.0,0.0,1.0,0.0,0.0,1.0,0.1428571428571428,1.0,0.1392425428588195,1,1,0.23695023,0.2886588,0.17586929,0.023462143,0.27505952
0.0,1.0,0.0,1.0,0.0,0.0,0.0,1.0,0.0,0.0,1.0,0.1428571428571428,1.0,0.035451664799646,1,1,0.17985192,0.22923304,0.07847908,0.029497733,0.48293823
0.0,1.0,0.0,1.0,0.0,0.0,1.0,0.0,0.0,0.0,1.0,0.1428571428571428,1.0,0.3416647421191931,1,1,0.2811438,0.19611694,0.018022748,0.022355957,0.48236057
0.0,1.0,0.0,1.0,0.0,0.0,1.0,0.0,0.0,1.0,0.0,0.2857142857142857,0.6666666666666666,0.1360945362448534,4,4,0.038742237,0.21536437,0.038624812,0.02050961,0.68675894
0.0,1.0,1.0,0.0,0.0,0.0,0.0,1.0,0.0,0.0,1.0,0.2857142857142857,1.0,0.1294815461968121,2,2,0.07324008,0.8207543,0.018986136,0.012101532,0.07491795
0.0,1.0,0.0,1.0,0.0,0.0,1.0,0.0,0.0,0.0,1.0,0.2857142857142857,0.5555555555555556,0.1264797009786306,4,4,0.039211262,0.3981929,0.0597333,0.017717475,0.48514503
1.0,0.0,0.0,1.0,0.0,0.0,1.0,0.0,0.0,0.0,1.0,0.7142857142857142,1.0,0.0323235142373665,1,1,0.062589295,0.1769892,0.02204843,0.028696883,0.70967615
0.0,1.0,0.0,0.0,1.0,0.0,1.0,0.0,0.0,0.0,1.0,0.4285714285714285,1.0,0.0745787563792264,4,4,0.08592373,0.522568,0.03523299,0.020770047,0.33550528
0.0,1.0,0.0,1.0,0.0,0.0,0.0,1.0,0.0,0.0,1.0,0.1428571428571428,0.0,0.2722212458572948,1,1,0.052430972,0.41550133,0.03319205,0.017633047,0.48124266
0.0,1.0,0.0,1.0,0.0,0.0,1.0,0.0,0.0,0.0,1.0,0.7142857142857142,1.0,0.0385654710870122,4,4,0.076490015,0.21179931,0.027068054,0.033646274,0.6509963
0.0,1.0,0.0,0.0,1.0,0.0,1.0,0.0,0.0,0.0,1.0,0.1428571428571428,1.0,0.1702267725392967,1,1,0.23695023,0.2886588,0.17586929,0.023462143,0.27505952
0.0,1.0,0.0,0.0,1.0,0.0,0.0,1.0,0.0,0.0,1.0,0.4285714285714285,1.0,0.0670878979478826,1,1,0.08592373,0.522568,0.03523299,0.020770047,0.33550528
0.0,1.0,0.0,1.0,0.0,0.0,1.0,0.0,0.0,0.0,1.0,0.1428571428571428,1.0,0.0864408820717182,3,3,0.17985192,0.22923304,0.07847908,0.029497733,0.48293823
0.0,1.0,1.0,0.0,0.0,0.0,1.0,0.0,0.0,0.0,1.0,0.4285714285714285,1.0,0.2552196241880585,1,1,0.059995417,0.67612296,0.020013412,0.016848385,0.22701983
0.0,1.0,0.0,1.0,0.0,0.0,1.0,0.0,0.0,0.0,1.0,0.2857142857142857,1.0,0.0516857901740732,4,4,0.17968439,0.2730925,0.074258424,0.024917908,0.44804674
0.0,1.0,0.0,1.0,0.0,0.0,0.0,1.0,0.0,0.0,1.0,0.5714285714285714,1.0,0.1359091593021617,1,1,0.1150125,0.19572452,0.023333743,0.022854952,0.6430743
0.0,1.0,1.0,0.0,0.0,0.0,0.0,1.0,0.0,0.0,1.0,0.2857142857142857,1.0,0.0723938768937853,1,1,0.07324008,0.8207543,0.018986136,0.012101532,0.07491795
0.0,1.0,1.0,0.0,0.0,0.0,0.0,1.0,0.0,0.0,1.0,0.5714285714285714,1.0,0.1463246546281706,4,4,0.0778996,0.5127215,0.024422891,0.019122083,0.36583397
0.0,1.0,1.0,0.0,0.0,0.0,1.0,0.0,0.0,0.0,1.0,0.4285714285714285,1.0,0.2483231003978973,1,1,0.059995417,0.67612296,0.020013412,0.016848385,0.22701983
0.0,1.0,0.0,1.0,0.0,0.0,1.0,0.0,0.0,0.0,1.0,0.1428571428571428,1.0,0.0896353415430842,2,2,0.17985192,0.22923304,0.07847908,0.029497733,0.48293823
0.0,1.0,1.0,0.0,0.0,0.0,0.0,1.0,0.0,0.0,1.0,0.4285714285714285,1.0,0.227316204617778,1,1,0.059995417,0.67612296,0.020013412,0.016848385,0.22701983
0.0,1.0,0.0,1.0,0.0,0.0,0.0,1.0,0.0,0.0,1.0,0.2857142857142857,1.0,0.0968552601456784,1,1,0.17968439,0.2730925,0.074258424,0.024917908,0.44804674
0.0,1.0,0.0,1.0,0.0,0.0,0.0,1.0,0.0,0.0,1.0,0.5714285714285714,1.0,0.3335737765777488,3,3,0.124035135,0.123425804,0.011702318,0.020813694,0.7200231
0.0,1.0,0.0,1.0,0.0,0.0,1.0,0.0,0.0,0.0,1.0,0.5714285714285714,0.5555555555555556,0.1240978561639711,1,1,0.1148446,0.2571005,0.022278003,0.01691571,0.5888612
0.0,1.0,0.0,0.0,1.0,0.0,0.0,1.0,0.0,0.0,1.0,0.5714285714285714,1.0,0.0200216319315765,1,1,0.0951033,0.26286152,0.026228257,0.018158792,0.59764814
0.0,1.0,0.0,1.0,0.0,0.0,1.0,0.0,0.0,0.0,1.0,0.4285714285714285,1.0,0.0646475091258747,4,4,0.13046604,0.26143903,0.043134972,0.024376076,0.5405839
0.0,1.0,0.0,1.0,0.0,0.0,1.0,0.0,0.0,0.0,1.0,0.1428571428571428,0.3333333333333333,0.1025246129064876,1,1,0.08431723,0.21077122,0.047870867,0.022231665,0.6348091
0.0,1.0,1.0,0.0,0.0,0.0,1.0,0.0,0.0,0.0,1.0,0.1428571428571428,1.0,0.1830737434987476,4,4,0.10958048,0.73065084,0.023178197,0.014687469,0.12190298
0.0,1.0,0.0,0.0,1.0,0.0,0.0,1.0,0.0,0.0,1.0,0.2857142857142857,1.0,0.1041807528599128,2,2,0.289438,0.2950548,0.15277061,0.020377817,0.2423588
0.0,1.0,0.0,1.0,0.0,0.0,0.0,1.0,0.0,0.0,1.0,0.1428571428571428,0.2222222222222222,0.0275009143903053,1,1,0.090710655,0.18646424,0.050825033,0.021065466,0.65093464
0.0,1.0,0.0,1.0,0.0,0.0,0.0,1.0,0.0,0.0,1.0,0.5714285714285714,1.0,0.0705874479189514,1,1,0.1150125,0.19572452,0.023333743,0.022854952,0.6430743
0.0,1.0,0.0,0.0,1.0,0.0,0.0,1.0,0.0,0.0,1.0,0.2857142857142857,1.0,0.1153719438693765,1,1,0.289438,0.2950548,0.15277061,0.020377817,0.2423588
0.0,1.0,0.0,1.0,0.0,0.0,1.0,0.0,0.0,0.0,1.0,0.5714285714285714,1.0,0.1384442166144239,1,1,0.1150125,0.19572452,0.023333743,0.022854952,0.6430743
0.0,1.0,1.0,0.0,0.0,0.0,0.0,1.0,0.0,0.0,1.0,0.2857142857142857,0.7777777777777777,0.1163949495007524,1,1,0.05907772,0.652519,0.018994618,0.01940949,0.24999917
0.0,1.0,1.0,0.0,0.0,0.0,0.0,1.0,0.0,0.0,1.0,0.1428571428571428,1.0,0.1654907038634022,1,1,0.10958048,0.73065084,0.023178197,0.014687469,0.12190298
0.0,1.0,0.0,0.0,1.0,0.0,0.0,1.0,0.0,0.0,1.0,0.4285714285714285,1.0,0.2208037175984671,1,1,0.08592373,0.522568,0.03523299,0.020770047,0.33550528
0.0,1.0,0.0,0.0,1.0,0.0,0.0,1.0,0.0,0.0,1.0,0.2857142857142857,1.0,0.087795903977169,1,1,0.289438,0.2950548,0.15277061,0.020377817,0.2423588
0.0,1.0,0.0,0.0,0.0,1.0,0.0,1.0,0.0,0.0,1.0,0.4285714285714285,1.0,0.3188429572834495,2,2,0.21216385,0.2852588,0.03339038,0.020959485,0.4482275
0.0,1.0,0.0,1.0,0.0,0.0,0.0,1.0,0.0,0.0,1.0,0.4285714285714285,1.0,0.3496942339701392,1,1,0.17294101,0.25167006,0.016952202,0.026431572,0.5320052
0.0,1.0,0.0,1.0,0.0,0.0,0.0,1.0,0.0,0.0,1.0,0.2857142857142857,1.0,0.0539195556435979,2,2,0.17968439,0.2730925,0.074258424,0.024917908,0.44804674
0.0,1.0,0.0,1.0,0.0,0.0,0.0,1.0,0.0,0.0,1.0,0.4285714285714285,1.0,0.1471202994676494,1,1,0.13046604,0.26143903,0.043134972,0.024376076,0.5405839
0.0,1.0,0.0,1.0,0.0,0.0,0.0,1.0,0.0,0.0,1.0,0.2857142857142857,1.0,0.0637492198579055,1,1,0.17968439,0.2730925,0.074258424,0.024917908,0.44804674
0.0,1.0,0.0,1.0,0.0,0.0,0.0,1.0,0.0,0.0,1.0,0.4285714285714285,1.0,0.0125667319470702,1,1,0.13046604,0.26143903,0.043134972,0.024376076,0.5405839
0.0,1.0,0.0,1.0,0.0,0.0,0.0,1.0,0.0,0.0,1.0,0.1428571428571428,1.0,0.0625187963837007,1,1,0.17985192,0.22923304,0.07847908,0.029497733,0.48293823
0.0,1.0,0.0,0.0,0.0,1.0,0.0,1.0,0.0,0.0,1.0,0.1428571428571428,1.0,0.0100195245187791,1,1,0.49114704,0.11174088,0.0430005,0.016588982,0.33752263
0.0,1.0,0.0,1.0,0.0,0.0,0.0,1.0,0.0,0.0,1.0,0.4285714285714285,1.0,0.180529835067478,4,4,0.13046604,0.26143903,0.043134972,0.024376076,0.5405839
0.0,1.0,1.0,0.0,0.0,0.0,0.0,1.0,0.0,0.0,1.0,0.2857142857142857,1.0,0.0919133812285139,1,1,0.07324008,0.8207543,0.018986136,0.012101532,0.07491795
0.0,1.0,0.0,1.0,0.0,0.0,0.0,1.0,1.0,0.0,0.0,0.1428571428571428,1.0,0.0759941347231268,2,2,0.12973718,0.16269754,0.15330337,0.026566524,0.5276954
0.0,1.0,1.0,0.0,0.0,0.0,0.0,1.0,0.0,0.0,1.0,0.2857142857142857,1.0,0.1010377366384306,2,2,0.07324008,0.8207543,0.018986136,0.012101532,0.07491795
0.0,1.0,1.0,0.0,0.0,0.0,1.0,0.0,0.0,0.0,1.0,0.4285714285714285,1.0,0.2272710924628365,0,0,0.059995417,0.67612296,0.020013412,0.016848385,0.22701983
0.0,1.0,0.0,0.0,1.0,0.0,0.0,1.0,0.0,0.0,1.0,0.1428571428571428,0.8888888888888888,0.0407023366656633,1,1,0.33648255,0.123409264,0.15711144,0.024795217,0.35820153
0.0,1.0,0.0,0.0,1.0,0.0,0.0,1.0,0.0,0.0,1.0,0.1428571428571428,0.8888888888888888,0.0407023366656633,1,1,0.33648255,0.123409264,0.15711144,0.024795217,0.35820153
0.0,1.0,0.0,1.0,0.0,0.0,0.0,1.0,0.0,0.0,1.0,0.4285714285714285,1.0,0.062550594618396,1,1,0.13046604,0.26143903,0.043134972,0.024376076,0.5405839
0.0,1.0,1.0,0.0,0.0,0.0,1.0,0.0,0.0,1.0,0.0,0.5714285714285714,0.6666666666666666,0.0498003094098426,0,0,0.05022486,0.09935584,0.027553616,0.017809168,0.8050566
0.0,1.0,0.0,1.0,0.0,0.0,0.0,1.0,0.0,0.0,1.0,0.4285714285714285,1.0,0.1253400169916424,2,2,0.13046604,0.26143903,0.043134972,0.024376076,0.5405839
0.0,1.0,1.0,0.0,0.0,0.0,1.0,0.0,0.0,0.0,1.0,0.4285714285714285,1.0,0.1911373611928236,1,1,0.059995417,0.67612296,0.020013412,0.016848385,0.22701983
0.0,1.0,0.0,1.0,0.0,0.0,0.0,1.0,0.0,0.0,1.0,0.2857142857142857,1.0,0.1661709986358154,2,2,0.17968439,0.2730925,0.074258424,0.024917908,0.44804674
0.0,1.0,0.0,1.0,0.0,0.0,1.0,0.0,0.0,0.0,1.0,0.2857142857142857,1.0,0.0906838701768155,1,1,0.17968439,0.2730925,0.074258424,0.024917908,0.44804674
0.0,1.0,0.0,1.0,0.0,0.0,0.0,1.0,0.0,0.0,1.0,0.2857142857142857,1.0,0.0316003480210648,1,1,0.17968439,0.2730925,0.074258424,0.024917908,0.44804674
0.0,1.0,0.0,0.0,0.0,1.0,1.0,0.0,1.0,0.0,0.0,0.1428571428571428,0.5555555555555556,0.1664988128007963,1,1,0.1147386,0.21314238,0.07067985,0.020251267,0.5811879
0.0,1.0,0.0,1.0,0.0,0.0,0.0,1.0,0.0,0.0,1.0,0.4285714285714285,1.0,0.1658973091256351,1,1,0.13046604,0.26143903,0.043134972,0.024376076,0.5405839
0.0,1.0,1.0,0.0,0.0,0.0,1.0,0.0,0.0,0.0,1.0,0.2857142857142857,1.0,0.0450539123594541,1,1,0.07324008,0.8207543,0.018986136,0.012101532,0.07491795
0.0,1.0,0.0,1.0,0.0,0.0,0.0,1.0,0.0,0.0,1.0,0.5714285714285714,1.0,0.1563225211384,1,1,0.1150125,0.19572452,0.023333743,0.022854952,0.6430743
0.0,1.0,1.0,0.0,0.0,0.0,0.0,1.0,0.0,0.0,1.0,0.4285714285714285,1.0,0.0973476641582905,1,1,0.059995417,0.67612296,0.020013412,0.016848385,0.22701983
0.0,1.0,0.0,0.0,1.0,0.0,1.0,0.0,0.0,0.0,1.0,0.2857142857142857,1.0,0.4264250439609877,0,0,0.5230415,0.1392177,0.016658,0.016478458,0.30460435
0.0,1.0,0.0,1.0,0.0,0.0,0.0,1.0,0.0,0.0,1.0,0.2857142857142857,1.0,0.2051713007287434,1,1,0.17968439,0.2730925,0.074258424,0.024917908,0.44804674
0.0,1.0,1.0,0.0,0.0,0.0,1.0,0.0,0.0,0.0,1.0,0.2857142857142857,1.0,0.4403367685366985,1,1,0.12908684,0.41630024,0.018783696,0.02169067,0.41413853
0.0,1.0,0.0,0.0,1.0,0.0,1.0,0.0,0.0,0.0,1.0,0.1428571428571428,1.0,0.1165861733958319,4,4,0.23695023,0.2886588,0.17586929,0.023462143,0.27505952
0.0,1.0,1.0,0.0,0.0,0.0,0.0,1.0,0.0,0.0,1.0,0.5714285714285714,1.0,0.1066700897355625,1,1,0.0778996,0.5127215,0.024422891,0.019122083,0.36583397
0.0,1.0,0.0,1.0,0.0,0.0,0.0,1.0,0.0,0.0,1.0,0.4285714285714285,1.0,0.2069945815886442,1,1,0.13046604,0.26143903,0.043134972,0.024376076,0.5405839
0.0,1.0,1.0,0.0,0.0,0.0,1.0,0.0,0.0,0.0,1.0,0.4285714285714285,1.0,0.2308255926138306,1,1,0.059995417,0.67612296,0.020013412,0.016848385,0.22701983
0.0,1.0,0.0,0.0,1.0,0.0,0.0,1.0,0.0,0.0,1.0,0.4285714285714285,1.0,0.0602250655139435,0,0,0.08592373,0.522568,0.03523299,0.020770047,0.33550528
1.0,0.0,0.0,1.0,0.0,0.0,0.0,1.0,1.0,0.0,0.0,0.0,0.0,0.0186069673875961,2,2,0.11228238,0.12685736,0.06806444,0.02002502,0.6727708
1.0,0.0,0.0,1.0,0.0,0.0,0.0,1.0,1.0,0.0,0.0,0.0,0.0,0.0186069673875961,4,4,0.11228238,0.12685736,0.06806444,0.02002502,0.6727708
1.0,0.0,0.0,0.0,1.0,0.0,0.0,1.0,0.0,1.0,0.0,0.0,0.0,0.0325499874345804,0,0,0.19274515,0.12399136,0.053046927,0.015563214,0.6146534
1.0,0.0,0.0,1.0,0.0,0.0,0.0,1.0,1.0,0.0,0.0,0.0,0.0,0.0204259328614591,4,4,0.11228238,0.12685736,0.06806444,0.02002502,0.6727708
1.0,0.0,0.0,0.0,0.0,1.0,1.0,0.0,1.0,0.0,0.0,0.0,0.0,0.0578932487632395,2,2,0.23673548,0.11882643,0.048959855,0.016132334,0.57934594
1.0,0.0,1.0,0.0,0.0,0.0,1.0,0.0,1.0,0.0,0.0,0.0,0.0,0.0010078296243819,2,2,0.2834718,0.13289246,0.038517557,0.01825196,0.52686626
1.0,0.0,1.0,0.0,0.0,0.0,1.0,0.0,1.0,0.0,0.0,0.0,0.0,0.0010078296243819,2,2,0.2834718,0.13289246,0.038517557,0.01825196,0.52686626
1.0,0.0,0.0,0.0,1.0,0.0,0.0,1.0,0.0,1.0,0.0,0.0,0.0,0.0172392879474777,2,2,0.19274515,0.12399136,0.053046927,0.015563214,0.6146534
1.0,0.0,0.0,0.0,1.0,0.0,0.0,1.0,1.0,0.0,0.0,0.0,0.0,0.017082551450705,2,2,0.25846887,0.10353199,0.06898423,0.015801786,0.5532131
1.0,0.0,1.0,0.0,0.0,0.0,1.0,0.0,1.0,0.0,0.0,0.0,0.2222222222222222,0.0231662681685292,2,2,0.24534716,0.13305603,0.04705861,0.018670687,0.55586755
1.0,0.0,0.0,0.0,1.0,0.0,1.0,0.0,1.0,0.0,0.0,0.0,0.3333333333333333,0.0138820262317583,0,0,0.21450683,0.0998741,0.06460366,0.015050736,0.60596466
1.0,0.0,1.0,0.0,0.0,0.0,0.0,1.0,1.0,0.0,0.0,0.0,0.0,0.0012553261689124,4,4,0.2834718,0.13289246,0.038517557,0.01825196,0.52686626
0.0,1.0,1.0,0.0,0.0,0.0,0.0,1.0,0.0,0.0,1.0,0.2857142857142857,1.0,0.093158471739335,2,2,0.07324008,0.8207543,0.018986136,0.012101532,0.07491795
0.0,1.0,0.0,1.0,0.0,0.0,0.0,1.0,0.0,1.0,0.0,0.7142857142857142,1.0,0.1037662647637812,0,0,0.060073294,0.20419148,0.030067844,0.028842721,0.6768246
0.0,1.0,0.0,1.0,0.0,0.0,0.0,1.0,0.0,1.0,0.0,0.7142857142857142,1.0,0.0817307522642196,0,0,0.060073294,0.20419148,0.030067844,0.028842721,0.6768246
1.0,0.0,1.0,0.0,0.0,0.0,1.0,0.0,1.0,0.0,0.0,0.0,0.0,0.0454624138466918,2,2,0.2834718,0.13289246,0.038517557,0.01825196,0.52686626
1.0,0.0,0.0,0.0,1.0,0.0,1.0,0.0,1.0,0.0,0.0,0.0,0.0,0.0376713715142254,4,4,0.25846887,0.10353199,0.06898423,0.015801786,0.5532131
1.0,0.0,0.0,1.0,0.0,0.0,0.0,1.0,1.0,0.0,0.0,0.0,0.0,0.064737509985348,2,2,0.11228238,0.12685736,0.06806444,0.02002502,0.6727708
1.0,0.0,0.0,1.0,0.0,0.0,0.0,1.0,1.0,0.0,0.0,0.1428571428571428,1.0,0.7850701516412572,3,3,0.2006473,0.13950926,0.0171973,0.01868717,0.62395895
1.0,0.0,0.0,0.0,1.0,0.0,1.0,0.0,1.0,0.0,0.0,0.0,0.0,0.0205327437090474,0,0,0.25846887,0.10353199,0.06898423,0.015801786,0.5532131
0.0,1.0,0.0,0.0,1.0,0.0,0.0,1.0,1.0,0.0,0.0,0.1428571428571428,1.0,0.5668693865292868,3,3,0.30836815,0.14762464,0.016380226,0.016674243,0.5109528
1.0,0.0,1.0,0.0,0.0,0.0,1.0,0.0,1.0,0.0,0.0,0.0,0.0,0.0316003480210648,0,0,0.2834718,0.13289246,0.038517557,0.01825196,0.52686626
1.0,0.0,0.0,1.0,0.0,0.0,1.0,0.0,1.0,0.0,0.0,0.0,0.0,0.0213478970106866,2,2,0.11228238,0.12685736,0.06806444,0.02002502,0.6727708
0.0,1.0,0.0,0.0,1.0,0.0,1.0,0.0,0.0,1.0,0.0,0.2857142857142857,0.6666666666666666,0.0276146320279888,0,0,0.16340512,0.1753705,0.0924802,0.02141652,0.54732764
0.0,1.0,0.0,1.0,0.0,0.0,1.0,0.0,1.0,0.0,0.0,0.1428571428571428,1.0,0.2762548236867432,3,3,0.12973718,0.16269754,0.15330337,0.026566524,0.5276954
1.0,0.0,0.0,1.0,0.0,0.0,0.0,1.0,0.0,1.0,0.0,0.0,0.0,0.078366408411903,0,0,0.07325397,0.14829226,0.032872677,0.018456457,0.72712463
1.0,0.0,0.0,0.0,1.0,0.0,0.0,1.0,0.0,1.0,0.0,0.0,0.0,0.0817307522642196,0,0,0.19274515,0.12399136,0.053046927,0.015563214,0.6146534
1.0,0.0,0.0,0.0,1.0,0.0,0.0,1.0,0.0,1.0,0.0,0.0,0.0,0.0790453997235928,2,2,0.19274515,0.12399136,0.053046927,0.015563214,0.6146534
1.0,0.0,1.0,0.0,0.0,0.0,0.0,1.0,0.0,1.0,0.0,0.0,0.0,0.0363420433024153,2,2,0.17302619,0.14080939,0.027716774,0.017210538,0.6412371
0.0,1.0,1.0,0.0,0.0,0.0,1.0,0.0,1.0,0.0,0.0,0.1428571428571428,0.0,0.5607091566669986,3,3,0.15096205,0.12145911,0.01729212,0.018922022,0.69136465
0.0,1.0,0.0,1.0,0.0,0.0,1.0,0.0,1.0,0.0,0.0,0.1428571428571428,0.0,0.0275709847146221,0,0,0.06596341,0.17437021,0.07410666,0.018552786,0.6670069
0.0,1.0,0.0,1.0,0.0,0.0,1.0,0.0,1.0,0.0,0.0,0.1428571428571428,0.0,0.0354816443962843,4,4,0.06596341,0.17437021,0.07410666,0.018552786,0.6670069
0.0,1.0,0.0,1.0,0.0,0.0,1.0,0.0,1.0,0.0,0.0,0.1428571428571428,0.0,0.0231662681685292,4,4,0.06596341,0.17437021,0.07410666,0.018552786,0.6670069
1.0,0.0,1.0,0.0,0.0,0.0,0.0,1.0,1.0,0.0,0.0,0.0,0.0,0.0231662681685292,2,2,0.2834718,0.13289246,0.038517557,0.01825196,0.52686626
1.0,0.0,0.0,1.0,0.0,0.0,1.0,0.0,1.0,0.0,0.0,0.0,0.0,0.0609696829695789,4,4,0.11228238,0.12685736,0.06806444,0.02002502,0.6727708
1.0,0.0,0.0,1.0,0.0,0.0,0.0,1.0,1.0,0.0,0.0,0.0,0.0,0.0061827467583503,2,2,0.11228238,0.12685736,0.06806444,0.02002502,0.6727708
1.0,0.0,0.0,1.0,0.0,0.0,1.0,0.0,1.0,0.0,0.0,0.0,0.0,0.0336352053841977,4,4,0.11228238,0.12685736,0.06806444,0.02002502,0.6727708
0.0,1.0,0.0,1.0,0.0,0.0,1.0,0.0,1.0,0.0,0.0,0.1428571428571428,0.0,0.0442309538108641,4,4,0.06596341,0.17437021,0.07410666,0.018552786,0.6670069
1.0,0.0,0.0,1.0,0.0,0.0,1.0,0.0,1.0,0.0,0.0,0.1428571428571428,0.0,0.0295163563956153,2,2,0.066661745,0.2862732,0.06593437,0.01939834,0.56173235
1.0,0.0,0.0,1.0,0.0,0.0,0.0,1.0,0.0,1.0,0.0,0.0,0.0,0.0375082527151248,0,0,0.07325397,0.14829226,0.032872677,0.018456457,0.72712463
1.0,0.0,1.0,0.0,0.0,0.0,1.0,0.0,0.0,1.0,0.0,0.0,0.0,0.112691532065587,0,0,0.17302619,0.14080939,0.027716774,0.017210538,0.6412371
1.0,0.0,0.0,1.0,0.0,0.0,1.0,0.0,0.0,1.0,0.0,0.0,0.0,0.1426735618306162,3,3,0.07325397,0.14829226,0.032872677,0.018456457,0.72712463
0.0,1.0,0.0,1.0,0.0,0.0,0.0,1.0,0.0,0.0,1.0,0.1428571428571428,1.0,0.05317965547439,2,2,0.17985192,0.22923304,0.07847908,0.029497733,0.48293823
1.0,0.0,1.0,0.0,0.0,0.0,0.0,1.0,1.0,0.0,0.0,0.0,0.2222222222222222,0.1526532171324529,0,0,0.24534716,0.13305603,0.04705861,0.018670687,0.55586755
1.0,0.0,0.0,1.0,0.0,0.0,0.0,1.0,1.0,0.0,0.0,0.0,0.0,0.0384600614597015,2,2,0.11228238,0.12685736,0.06806444,0.02002502,0.6727708
0.0,1.0,0.0,1.0,0.0,0.0,0.0,1.0,0.0,0.0,1.0,0.1428571428571428,0.7777777777777777,0.0452983236590045,2,2,0.047010045,0.57811284,0.044973392,0.03288091,0.29702285
1.0,0.0,1.0,0.0,0.0,0.0,0.0,1.0,1.0,0.0,0.0,0.0,0.0,0.0447090011346513,2,2,0.2834718,0.13289246,0.038517557,0.01825196,0.52686626
1.0,0.0,0.0,0.0,0.0,1.0,0.0,1.0,1.0,0.0,0.0,0.0,0.0,0.0084695933382273,2,2,0.23673548,0.11882643,0.048959855,0.016132334,0.57934594
1.0,0.0,0.0,1.0,0.0,0.0,0.0,1.0,1.0,0.0,0.0,0.0,0.0,0.0733484011815357,2,2,0.11228238,0.12685736,0.06806444,0.02002502,0.6727708
0.0,1.0,0.0,1.0,0.0,0.0,1.0,0.0,1.0,0.0,0.0,0.2857142857142857,0.0,0.0594870770871299,4,4,0.076078184,0.11061886,0.113560155,0.018366482,0.68137634
1.0,0.0,1.0,0.0,0.0,0.0,1.0,0.0,1.0,0.0,0.0,0.0,0.0,0.0785969844069177,0,0,0.2834718,0.13289246,0.038517557,0.01825196,0.52686626
0.0,1.0,0.0,0.0,1.0,0.0,0.0,1.0,1.0,0.0,0.0,0.1428571428571428,0.5555555555555556,0.7437601792160113,3,3,0.11616218,0.15495503,0.014377737,0.017187057,0.697318
1.0,0.0,1.0,0.0,0.0,0.0,0.0,1.0,0.0,1.0,0.0,0.0,0.0,0.0054458414453283,4,4,0.17302619,0.14080939,0.027716774,0.017210538,0.6412371
0.0,1.0,1.0,0.0,0.0,0.0,1.0,0.0,1.0,0.0,0.0,0.1428571428571428,0.7777777777777777,0.8325291814083048,0,0,0.09583987,0.3520338,0.017099908,0.019886538,0.5151399
0.0,1.0,1.0,0.0,0.0,0.0,1.0,0.0,1.0,0.0,0.0,0.1428571428571428,0.6666666666666666,0.615083678681211,3,3,0.04729556,0.29282713,0.0127685685,0.016382197,0.6307265
1.0,0.0,0.0,0.0,0.0,1.0,0.0,1.0,1.0,0.0,0.0,0.0,0.0,0.0459028997772995,2,2,0.23673548,0.11882643,0.048959855,0.016132334,0.57934594
1.0,0.0,1.0,0.0,0.0,0.0,0.0,1.0,1.0,0.0,0.0,0.0,0.0,0.0334952137025039,4,4,0.2834718,0.13289246,0.038517557,0.01825196,0.52686626
1.0,0.0,1.0,0.0,0.0,0.0,0.0,1.0,1.0,0.0,0.0,0.0,0.0,0.076695837286183,4,4,0.2834718,0.13289246,0.038517557,0.01825196,0.52686626
1.0,0.0,0.0,1.0,0.0,0.0,1.0,0.0,1.0,0.0,0.0,0.0,0.0,0.0665315560833095,2,2,0.11228238,0.12685736,0.06806444,0.02002502,0.6727708
1.0,0.0,0.0,1.0,0.0,0.0,0.0,1.0,1.0,0.0,0.0,0.0,0.0,0.0247837667184612,1,1,0.11228238,0.12685736,0.06806444,0.02002502,0.6727708
1.0,0.0,0.0,0.0,1.0,0.0,1.0,0.0,1.0,0.0,0.0,0.0,0.0,0.0254441868183204,4,4,0.25846887,0.10353199,0.06898423,0.015801786,0.5532131
0.0,1.0,1.0,0.0,0.0,0.0,0.0,1.0,0.0,0.0,1.0,0.1428571428571428,1.0,0.0688683135708508,1,1,0.10958048,0.73065084,0.023178197,0.014687469,0.12190298
0.0,1.0,1.0,0.0,0.0,0.0,0.0,1.0,0.0,0.0,1.0,0.1428571428571428,1.0,0.0624675889981383,2,2,0.10958048,0.73065084,0.023178197,0.014687469,0.12190298
1.0,0.0,0.0,1.0,0.0,0.0,1.0,0.0,1.0,0.0,0.0,0.0,0.0,0.0280801599218754,4,4,0.11228238,0.12685736,0.06806444,0.02002502,0.6727708
1.0,0.0,0.0,1.0,0.0,0.0,1.0,0.0,1.0,0.0,0.0,0.0,0.0,0.0175341571426745,0,0,0.11228238,0.12685736,0.06806444,0.02002502,0.6727708
1.0,0.0,0.0,1.0,0.0,0.0,1.0,0.0,0.0,1.0,0.0,0.0,0.0,0.0343000634574723,4,4,0.07325397,0.14829226,0.032872677,0.018456457,0.72712463
0.0,1.0,1.0,0.0,0.0,0.0,0.0,1.0,0.0,0.0,1.0,0.2857142857142857,1.0,0.0364413080434585,1,1,0.07324008,0.8207543,0.018986136,0.012101532,0.07491795
0.0,1.0,0.0,1.0,0.0,0.0,1.0,0.0,0.0,1.0,0.0,0.4285714285714285,1.0,0.0651405648688485,0,0,0.07599253,0.23563513,0.039966714,0.021604389,0.62680125
0.0,1.0,0.0,1.0,0.0,0.0,1.0,0.0,0.0,1.0,0.0,0.4285714285714285,1.0,0.0868685909837586,2,2,0.07599253,0.23563513,0.039966714,0.021604389,0.62680125
1.0,0.0,0.0,1.0,0.0,0.0,1.0,0.0,1.0,0.0,0.0,0.0,0.0,0.0558149985719288,2,2,0.11228238,0.12685736,0.06806444,0.02002502,0.6727708
1.0,0.0,0.0,1.0,0.0,0.0,0.0,1.0,1.0,0.0,0.0,0.0,0.0,0.0349536248711441,0,0,0.11228238,0.12685736,0.06806444,0.02002502,0.6727708
1.0,0.0,0.0,0.0,0.0,1.0,1.0,0.0,1.0,0.0,0.0,0.0,0.0,0.0104220921562473,4,4,0.23673548,0.11882643,0.048959855,0.016132334,0.57934594
1.0,0.0,0.0,1.0,0.0,0.0,1.0,0.0,1.0,0.0,0.0,0.0,0.0,0.0467690773593042,0,0,0.11228238,0.12685736,0.06806444,0.02002502,0.6727708
1.0,0.0,0.0,0.0,1.0,0.0,0.0,1.0,1.0,0.0,0.0,0.0,0.0,0.0443636243881615,4,4,0.25846887,0.10353199,0.06898423,0.015801786,0.5532131
0.0,1.0,0.0,0.0,1.0,0.0,0.0,1.0,1.0,0.0,0.0,0.1428571428571428,0.0,0.0227094579440998,2,2,0.120758556,0.19024886,0.16062185,0.020954382,0.50741637
0.0,1.0,0.0,0.0,1.0,0.0,0.0,1.0,1.0,0.0,0.0,0.1428571428571428,0.0,0.0227094579440998,2,2,0.120758556,0.19024886,0.16062185,0.020954382,0.50741637
0.0,1.0,0.0,1.0,0.0,0.0,0.0,1.0,0.0,1.0,0.0,0.1428571428571428,0.8888888888888888,0.0754372404394851,4,4,0.0782035,0.25165668,0.045613546,0.038227625,0.58629864
1.0,0.0,1.0,0.0,0.0,0.0,0.0,1.0,0.0,1.0,0.0,0.0,0.0,0.1001356735413193,2,2,0.17302619,0.14080939,0.027716774,0.017210538,0.6412371
1.0,0.0,1.0,0.0,0.0,0.0,1.0,0.0,1.0,0.0,0.0,0.0,0.0,0.0412632065045113,2,2,0.2834718,0.13289246,0.038517557,0.01825196,0.52686626
1.0,0.0,0.0,1.0,0.0,0.0,1.0,0.0,0.0,1.0,0.0,0.0,0.0,0.0754372404394851,4,4,0.07325397,0.14829226,0.032872677,0.018456457,0.72712463
0.0,1.0,0.0,1.0,0.0,0.0,1.0,0.0,1.0,0.0,0.0,0.1428571428571428,0.8888888888888888,0.3460945968363803,0,0,0.11226818,0.20725815,0.017440947,0.027826328,0.6352064
0.0,1.0,0.0,1.0,0.0,0.0,0.0,1.0,1.0,0.0,0.0,0.1428571428571428,0.0,0.7597608175331416,0,0,0.17758606,0.089581534,0.014490849,0.015512385,0.7028292
1.0,0.0,1.0,0.0,0.0,0.0,1.0,0.0,1.0,0.0,0.0,0.0,0.0,0.0328167561890151,0,0,0.2834718,0.13289246,0.038517557,0.01825196,0.52686626
1.0,0.0,0.0,1.0,0.0,0.0,1.0,0.0,1.0,0.0,0.0,0.0,0.0,0.0154707850244781,2,2,0.11228238,0.12685736,0.06806444,0.02002502,0.6727708
0.0,1.0,0.0,0.0,1.0,0.0,1.0,0.0,1.0,0.0,0.0,0.1428571428571428,1.0,0.0845081105110513,4,4,0.18473122,0.20026438,0.1749629,0.022391401,0.41765016
1.0,0.0,1.0,0.0,0.0,0.0,0.0,1.0,1.0,0.0,0.0,0.0,0.2222222222222222,0.031740470048831,0,0,0.24534716,0.13305603,0.04705861,0.018670687,0.55586755
1.0,0.0,0.0,0.0,1.0,0.0,1.0,0.0,0.0,1.0,0.0,0.0,0.2222222222222222,0.115119916635028,0,0,0.20700316,0.10786345,0.05902297,0.015885286,0.61022514
1.0,0.0,0.0,1.0,0.0,0.0,0.0,1.0,1.0,0.0,0.0,0.0,0.0,0.0232687450092123,4,4,0.11228238,0.12685736,0.06806444,0.02002502,0.6727708
1.0,0.0,1.0,0.0,0.0,0.0,1.0,0.0,1.0,0.0,0.0,0.1428571428571428,0.3333333333333333,0.0420008007896299,0,0,0.18415554,0.15108709,0.032026198,0.018452693,0.6142785
0.0,1.0,0.0,0.0,1.0,0.0,1.0,0.0,1.0,0.0,0.0,0.1428571428571428,0.5555555555555556,0.0171294636228359,2,2,0.10882083,0.20894371,0.11439369,0.021966247,0.54587555
1.0,0.0,1.0,0.0,0.0,0.0,1.0,0.0,1.0,0.0,0.0,0.0,0.0,0.0794613774891225,2,2,0.2834718,0.13289246,0.038517557,0.01825196,0.52686626
0.0,1.0,1.0,0.0,0.0,0.0,0.0,1.0,1.0,0.0,0.0,0.1428571428571428,0.0,0.0410317305009019,4,4,0.2649552,0.12974305,0.052204445,0.018259754,0.53483754
0.0,1.0,1.0,0.0,0.0,0.0,0.0,1.0,1.0,0.0,0.0,0.1428571428571428,0.7777777777777777,0.0271379502344832,4,4,0.18044217,0.39204428,0.070837386,0.029208513,0.32746768
0.0,1.0,0.0,0.0,1.0,0.0,1.0,0.0,1.0,0.0,0.0,0.1428571428571428,1.0,0.0864771555215639,2,2,0.18473122,0.20026438,0.1749629,0.022391401,0.41765016
1.0,0.0,1.0,0.0,0.0,0.0,1.0,0.0,1.0,0.0,0.0,0.0,0.0,0.0423172779497951,4,4,0.2834718,0.13289246,0.038517557,0.01825196,0.52686626
1.0,0.0,0.0,1.0,0.0,0.0,0.0,1.0,1.0,0.0,0.0,0.0,0.0,0.0176613330123271,2,2,0.11228238,0.12685736,0.06806444,0.02002502,0.6727708
0.0,1.0,1.0,0.0,0.0,0.0,0.0,1.0,1.0,0.0,0.0,0.1428571428571428,1.0,0.9791774011522588,3,3,0.15674469,0.33882686,0.017291697,0.019862598,0.4672742
1.0,0.0,1.0,0.0,0.0,0.0,1.0,0.0,1.0,0.0,0.0,0.0,0.0,0.0558149985719288,4,4,0.2834718,0.13289246,0.038517557,0.01825196,0.52686626
0.0,1.0,1.0,0.0,0.0,0.0,0.0,1.0,1.0,0.0,0.0,0.1428571428571428,1.0,0.5707711782726429,0,0,0.15674469,0.33882686,0.017291697,0.019862598,0.4672742
1.0,0.0,1.0,0.0,0.0,0.0,0.0,1.0,1.0,0.0,0.0,0.0,0.0,0.0444369595712426,2,2,0.2834718,0.13289246,0.038517557,0.01825196,0.52686626
0.0,1.0,1.0,0.0,0.0,0.0,0.0,1.0,0.0,0.0,1.0,0.4285714285714285,1.0,0.0468779597783994,2,2,0.059995417,0.67612296,0.020013412,0.016848385,0.22701983
1.0,0.0,0.0,0.0,1.0,0.0,1.0,0.0,1.0,0.0,0.0,0.0,0.0,0.0845994024173364,4,4,0.25846887,0.10353199,0.06898423,0.015801786,0.5532131
1.0,0.0,0.0,1.0,0.0,0.0,1.0,0.0,1.0,0.0,0.0,0.0,0.0,0.0410317305009019,4,4,0.11228238,0.12685736,0.06806444,0.02002502,0.6727708
1.0,0.0,0.0,1.0,0.0,0.0,1.0,0.0,1.0,0.0,0.0,0.0,0.0,0.0359972965619418,2,2,0.11228238,0.12685736,0.06806444,0.02002502,0.6727708
1.0,0.0,0.0,1.0,0.0,0.0,1.0,0.0,1.0,0.0,0.0,0.0,0.0,0.0359972965619418,2,2,0.11228238,0.12685736,0.06806444,0.02002502,0.6727708
1.0,0.0,0.0,1.0,0.0,0.0,1.0,0.0,1.0,0.0,0.0,0.0,0.0,0.0359972965619418,2,2,0.11228238,0.12685736,0.06806444,0.02002502,0.6727708
1.0,0.0,0.0,1.0,0.0,0.0,0.0,1.0,1.0,0.0,0.0,0.1428571428571428,0.0,0.506437372185614,0,0,0.17726065,0.06562829,0.014240685,0.015244586,0.7276258
1.0,0.0,1.0,0.0,0.0,0.0,1.0,0.0,1.0,0.0,0.0,0.0,0.0,0.0005762180888661,2,2,0.2834718,0.13289246,0.038517557,0.01825196,0.52686626
1.0,0.0,0.0,1.0,0.0,0.0,1.0,0.0,1.0,0.0,0.0,0.0,0.0,0.3130847395360831,0,0,0.11228238,0.12685736,0.06806444,0.02002502,0.6727708
1.0,0.0,1.0,0.0,0.0,0.0,1.0,0.0,1.0,0.0,0.0,0.0,0.5555555555555556,0.0182548809218587,2,2,0.15074062,0.35693437,0.04280759,0.024332251,0.42518514
1.0,0.0,1.0,0.0,0.0,0.0,0.0,1.0,0.0,1.0,0.0,0.0,0.0,0.0234855539762055,4,4,0.17302619,0.14080939,0.027716774,0.017210538,0.6412371
0.0,1.0,0.0,1.0,0.0,0.0,1.0,0.0,1.0,0.0,0.0,0.1428571428571428,0.8888888888888888,0.0452075562404867,2,2,0.08595798,0.17875794,0.11062884,0.040431056,0.5842242
0.0,1.0,0.0,1.0,0.0,0.0,0.0,1.0,0.0,0.0,1.0,0.1428571428571428,1.0,0.1389607098225957,2,2,0.17985192,0.22923304,0.07847908,0.029497733,0.48293823
1.0,0.0,0.0,0.0,1.0,0.0,0.0,1.0,1.0,0.0,0.0,0.0,0.0,0.0139600724943112,0,0,0.25846887,0.10353199,0.06898423,0.015801786,0.5532131
1.0,0.0,0.0,1.0,0.0,0.0,0.0,1.0,1.0,0.0,0.0,0.0,0.0,0.0260374073109322,2,2,0.11228238,0.12685736,0.06806444,0.02002502,0.6727708
0.0,1.0,0.0,1.0,0.0,0.0,0.0,1.0,1.0,0.0,0.0,0.1428571428571428,1.0,0.5981328299106294,3,3,0.21602985,0.16427232,0.018277833,0.019861313,0.5815587
0.0,1.0,0.0,1.0,0.0,0.0,1.0,0.0,0.0,0.0,1.0,0.4285714285714285,1.0,0.0177572103072284,2,2,0.13046604,0.26143903,0.043134972,0.024376076,0.5405839
1.0,0.0,1.0,0.0,0.0,0.0,1.0,0.0,1.0,0.0,0.0,0.0,0.0,0.0010798838469545,4,4,0.2834718,0.13289246,0.038517557,0.01825196,0.52686626
0.0,1.0,0.0,1.0,0.0,0.0,0.0,1.0,0.0,0.0,1.0,0.1428571428571428,0.0,0.0966691942308901,2,2,0.052430972,0.41550133,0.03319205,0.017633047,0.48124266
1.0,0.0,0.0,1.0,0.0,0.0,1.0,0.0,0.0,0.0,1.0,0.1428571428571428,0.0,0.0341585852098582,1,1,0.039919402,0.45314837,0.026545567,0.014844781,0.4655419
1.0,0.0,1.0,0.0,0.0,0.0,0.0,1.0,1.0,0.0,0.0,0.0,0.0,0.0144204874083364,2,2,0.2834718,0.13289246,0.038517557,0.01825196,0.52686626
1.0,0.0,0.0,1.0,0.0,0.0,1.0,0.0,0.0,1.0,0.0,0.0,0.0,0.0214532368097443,0,0,0.07325397,0.14829226,0.032872677,0.018456457,0.72712463
1.0,0.0,1.0,0.0,0.0,0.0,0.0,1.0,1.0,0.0,0.0,0.0,0.4444444444444444,0.0081308549309931,4,4,0.14400047,0.32146567,0.0306358,0.018558405,0.4853396
1.0,0.0,0.0,0.0,0.0,1.0,0.0,1.0,1.0,0.0,0.0,0.1428571428571428,0.8888888888888888,0.2392311266765235,3,3,0.3024952,0.13949144,0.06427485,0.022748671,0.4709898
1.0,0.0,1.0,0.0,0.0,0.0,0.0,1.0,1.0,0.0,0.0,0.0,0.0,0.0882105844889312,2,2,0.2834718,0.13289246,0.038517557,0.01825196,0.52686626
1.0,0.0,0.0,1.0,0.0,0.0,0.0,1.0,1.0,0.0,0.0,0.0,0.0,0.1393983126222224,4,4,0.11228238,0.12685736,0.06806444,0.02002502,0.6727708
1.0,0.0,1.0,0.0,0.0,0.0,0.0,1.0,1.0,0.0,0.0,0.0,0.0,0.0258155831236317,4,4,0.2834718,0.13289246,0.038517557,0.01825196,0.52686626
0.0,1.0,0.0,1.0,0.0,0.0,0.0,1.0,1.0,0.0,0.0,0.1428571428571428,1.0,0.5027239243098343,3,3,0.21602985,0.16427232,0.018277833,0.019861313,0.5815587
0.0,1.0,0.0,1.0,0.0,0.0,1.0,0.0,0.0,0.0,1.0,0.1428571428571428,0.3333333333333333,0.0570240763250488,2,2,0.08431723,0.21077122,0.047870867,0.022231665,0.6348091
0.0,1.0,0.0,1.0,0.0,0.0,1.0,0.0,0.0,0.0,1.0,0.1428571428571428,0.3333333333333333,0.0225064563503409,1,1,0.08431723,0.21077122,0.047870867,0.022231665,0.6348091
0.0,1.0,0.0,1.0,0.0,0.0,0.0,1.0,0.0,0.0,1.0,0.1428571428571428,0.2222222222222222,0.0238593989255901,1,1,0.090710655,0.18646424,0.050825033,0.021065466,0.65093464
1.0,0.0,0.0,1.0,0.0,0.0,1.0,0.0,1.0,0.0,0.0,0.0,0.7777777777777777,0.0739129548486663,0,0,0.104771286,0.27084178,0.11306144,0.03926252,0.472063
1.0,0.0,1.0,0.0,0.0,0.0,1.0,0.0,1.0,0.0,0.0,0.0,0.7777777777777777,0.0739129548486663,0,0,0.21497121,0.33751947,0.050694395,0.026607892,0.370207
0.0,1.0,0.0,1.0,0.0,0.0,1.0,0.0,1.0,0.0,0.0,0.1428571428571428,0.6666666666666666,0.5252848680339568,2,2,0.059370086,0.24262568,0.013922164,0.015199375,0.6688827
1.0,0.0,0.0,0.0,1.0,0.0,0.0,1.0,0.0,0.0,1.0,0.1428571428571428,1.0,0.1490841182213567,2,2,0.18788141,0.2384484,0.14912933,0.02166453,0.4028763
1.0,0.0,0.0,0.0,1.0,0.0,0.0,1.0,0.0,1.0,0.0,0.0,0.0,0.0451895871033712,0,0,0.19274515,0.12399136,0.053046927,0.015563214,0.6146534
1.0,0.0,1.0,0.0,0.0,0.0,0.0,1.0,1.0,0.0,0.0,0.0,0.0,0.0352652078466406,2,2,0.2834718,0.13289246,0.038517557,0.01825196,0.52686626
0.0,1.0,0.0,1.0,0.0,0.0,1.0,0.0,1.0,0.0,0.0,0.1428571428571428,0.0,0.2598735003549084,0,0,0.06596341,0.17437021,0.07410666,0.018552786,0.6670069
1.0,0.0,0.0,1.0,0.0,0.0,1.0,0.0,1.0,0.0,0.0,0.0,0.0,0.0279904228580247,4,4,0.11228238,0.12685736,0.06806444,0.02002502,0.6727708
1.0,0.0,0.0,1.0,0.0,0.0,1.0,0.0,1.0,0.0,0.0,0.0,0.0,0.5939560948520161,3,3,0.21823573,0.04399287,0.013136488,0.014062551,0.71057236
1.0,0.0,1.0,0.0,0.0,0.0,1.0,0.0,1.0,0.0,0.0,0.0,0.0,0.0730772751441114,2,2,0.2834718,0.13289246,0.038517557,0.01825196,0.52686626
0.0,1.0,0.0,1.0,0.0,0.0,0.0,1.0,1.0,0.0,0.0,0.1428571428571428,1.0,0.3041068744906099,3,3,0.12973718,0.16269754,0.15330337,0.026566524,0.5276954
1.0,0.0,0.0,1.0,0.0,0.0,1.0,0.0,0.0,1.0,0.0,0.0,0.0,0.0705081913000125,4,4,0.07325397,0.14829226,0.032872677,0.018456457,0.72712463
0.0,1.0,1.0,0.0,0.0,0.0,0.0,1.0,1.0,0.0,0.0,0.1428571428571428,1.0,0.0678703281784085,2,2,0.18096115,0.50751424,0.058173157,0.020125229,0.23322624
1.0,0.0,0.0,1.0,0.0,0.0,1.0,0.0,1.0,0.0,0.0,0.0,0.0,0.041092350734974,2,2,0.11228238,0.12685736,0.06806444,0.02002502,0.6727708
1.0,0.0,0.0,1.0,0.0,0.0,0.0,1.0,1.0,0.0,0.0,0.0,0.0,0.0213478970106866,4,4,0.11228238,0.12685736,0.06806444,0.02002502,0.6727708
0.0,1.0,0.0,1.0,0.0,0.0,1.0,0.0,0.0,0.0,1.0,0.1428571428571428,1.0,0.0367407377994482,4,4,0.17985192,0.22923304,0.07847908,0.029497733,0.48293823
1.0,0.0,0.0,1.0,0.0,0.0,0.0,1.0,1.0,0.0,0.0,0.0,0.0,0.0279904228580247,0,0,0.11228238,0.12685736,0.06806444,0.02002502,0.6727708
1.0,0.0,0.0,1.0,0.0,0.0,1.0,0.0,1.0,0.0,0.0,0.0,0.5555555555555556,0.1252889337451965,2,2,0.09150544,0.32661945,0.09661186,0.023502009,0.4617612
1.0,0.0,0.0,1.0,0.0,0.0,1.0,0.0,0.0,0.0,1.0,0.0,0.3333333333333333,0.025842288551072,2,2,0.11378811,0.1469106,0.038549952,0.019188803,0.68156254
0.0,1.0,0.0,1.0,0.0,0.0,1.0,0.0,0.0,1.0,0.0,0.4285714285714285,0.0,0.0698990158274506,1,1,0.047026206,0.14697951,0.06292374,0.01602149,0.727049
0.0,1.0,0.0,0.0,1.0,0.0,0.0,1.0,0.0,1.0,0.0,0.1428571428571428,0.0,0.1146443645074827,1,1,0.09305254,0.2713399,0.12704924,0.021033365,0.4875249
0.0,1.0,0.0,0.0,1.0,0.0,0.0,1.0,0.0,1.0,0.0,0.1428571428571428,0.0,0.0104220921562473,4,4,0.09305254,0.2713399,0.12704924,0.021033365,0.4875249
0.0,1.0,1.0,0.0,0.0,0.0,0.0,1.0,0.0,0.0,1.0,0.2857142857142857,1.0,0.1336162229227502,1,1,0.07324008,0.8207543,0.018986136,0.012101532,0.07491795
0.0,1.0,0.0,1.0,0.0,0.0,1.0,0.0,0.0,1.0,0.0,0.1428571428571428,0.4444444444444444,0.1604583647720333,1,1,0.029814132,0.4719515,0.03173937,0.015601464,0.45089355
0.0,1.0,0.0,1.0,0.0,0.0,1.0,0.0,0.0,1.0,0.0,0.1428571428571428,0.4444444444444444,0.0056304200183269,0,0,0.029814132,0.4719515,0.03173937,0.015601464,0.45089355
0.0,1.0,1.0,0.0,0.0,0.0,1.0,0.0,0.0,1.0,0.0,0.7142857142857142,1.0,0.004094508023377,1,1,0.058855247,0.1922821,0.031587306,0.01871432,0.698561
0.0,1.0,1.0,0.0,0.0,0.0,0.0,1.0,0.0,0.0,1.0,0.4285714285714285,1.0,0.0806739249305492,1,1,0.059995417,0.67612296,0.020013412,0.016848385,0.22701983
0.0,1.0,1.0,0.0,0.0,0.0,0.0,1.0,0.0,0.0,1.0,0.4285714285714285,1.0,0.0134652896658789,4,4,0.059995417,0.67612296,0.020013412,0.016848385,0.22701983
0.0,1.0,0.0,1.0,0.0,0.0,0.0,1.0,0.0,1.0,0.0,0.7142857142857142,1.0,0.0273711455648565,1,1,0.060073294,0.20419148,0.030067844,0.028842721,0.6768246
1.0,0.0,0.0,0.0,1.0,0.0,1.0,0.0,1.0,0.0,0.0,0.0,0.3333333333333333,0.0185046891694995,1,1,0.21450683,0.0998741,0.06460366,0.015050736,0.60596466
0.0,1.0,0.0,0.0,1.0,0.0,1.0,0.0,0.0,1.0,0.0,0.7142857142857142,1.0,0.0907363624022339,1,1,0.07402978,0.18375507,0.021368045,0.017834751,0.7030123
0.0,1.0,0.0,1.0,0.0,0.0,0.0,1.0,0.0,1.0,0.0,1.0,1.0,0.0041310646655822,1,1,0.058062356,0.23959993,0.030644601,0.029678335,0.64201474
0.0,1.0,1.0,0.0,0.0,0.0,0.0,1.0,0.0,0.0,1.0,0.4285714285714285,1.0,0.0598440825653593,1,1,0.059995417,0.67612296,0.020013412,0.016848385,0.22701983
0.0,1.0,0.0,1.0,0.0,0.0,1.0,0.0,0.0,1.0,0.0,1.0,1.0,0.0425572574828858,1,1,0.058062356,0.23959993,0.030644601,0.029678335,0.64201474
0.0,1.0,0.0,1.0,0.0,0.0,1.0,0.0,0.0,1.0,0.0,1.0,1.0,0.1198460914233362,0,0,0.058062356,0.23959993,0.030644601,0.029678335,0.64201474
0.0,1.0,0.0,0.0,1.0,0.0,0.0,1.0,0.0,0.0,1.0,0.4285714285714285,1.0,0.0913531351887264,0,0,0.08592373,0.522568,0.03523299,0.020770047,0.33550528
0.0,1.0,0.0,1.0,0.0,0.0,0.0,1.0,0.0,1.0,0.0,0.2857142857142857,1.0,0.0404656002669915,2,2,0.13518512,0.19854121,0.08206433,0.024097392,0.56011194
0.0,1.0,1.0,0.0,0.0,0.0,0.0,1.0,0.0,1.0,0.0,1.0,1.0,0.0194978672746548,0,0,0.05323838,0.20885673,0.030343283,0.018322164,0.6892394
1.0,0.0,0.0,1.0,0.0,0.0,1.0,0.0,0.0,1.0,0.0,0.8571428571428571,1.0,0.060510182029799,2,2,0.04816126,0.14841983,0.022667402,0.024094228,0.75665724
0.0,1.0,0.0,1.0,0.0,0.0,1.0,0.0,0.0,1.0,0.0,0.7142857142857142,1.0,0.0677655609710258,1,1,0.060073294,0.20419148,0.030067844,0.028842721,0.6768246
0.0,1.0,0.0,1.0,0.0,0.0,0.0,1.0,0.0,1.0,0.0,0.8571428571428571,1.0,0.0314617684218213,2,2,0.060798608,0.21391411,0.030366447,0.029408952,0.6655119
1.0,0.0,0.0,1.0,0.0,0.0,1.0,0.0,0.0,1.0,0.0,0.8571428571428571,1.0,0.0415986210869008,4,4,0.04816126,0.14841983,0.022667402,0.024094228,0.75665724
0.0,1.0,0.0,0.0,1.0,0.0,1.0,0.0,0.0,0.0,1.0,0.7142857142857142,0.8888888888888888,0.1627826586922765,4,4,0.220355,0.11074581,0.02797081,0.024858579,0.6160698
0.0,1.0,1.0,0.0,0.0,0.0,0.0,1.0,0.0,1.0,0.0,0.7142857142857142,1.0,0.1382198227474116,4,4,0.058855247,0.1922821,0.031587306,0.01871432,0.698561
0.0,1.0,0.0,0.0,1.0,0.0,1.0,0.0,0.0,1.0,0.0,0.2857142857142857,0.0,0.1781937727589891,1,1,0.0931292,0.07770999,0.17727801,0.01705096,0.63483185
0.0,1.0,0.0,0.0,1.0,0.0,0.0,1.0,0.0,0.0,1.0,0.4285714285714285,1.0,0.1442279573641458,1,1,0.08592373,0.522568,0.03523299,0.020770047,0.33550528
0.0,1.0,1.0,0.0,0.0,0.0,1.0,0.0,0.0,1.0,0.0,0.8571428571428571,1.0,0.0129636714273434,4,4,0.05365763,0.18148474,0.030133128,0.018195262,0.71652925
0.0,1.0,1.0,0.0,0.0,0.0,1.0,0.0,0.0,1.0,0.0,0.8571428571428571,1.0,0.1059407475982142,1,1,0.05365763,0.18148474,0.030133128,0.018195262,0.71652925
0.0,1.0,1.0,0.0,0.0,0.0,0.0,1.0,0.0,0.0,1.0,0.5714285714285714,1.0,0.1242561459514392,1,1,0.0778996,0.5127215,0.024422891,0.019122083,0.36583397
0.0,1.0,0.0,1.0,0.0,0.0,0.0,1.0,0.0,0.0,1.0,0.5714285714285714,1.0,0.0579338484612957,1,1,0.1150125,0.19572452,0.023333743,0.022854952,0.6430743
1.0,0.0,1.0,0.0,0.0,0.0,0.0,1.0,0.0,1.0,0.0,0.0,0.0,0.0828416235622647,0,0,0.17302619,0.14080939,0.027716774,0.017210538,0.6412371
0.0,1.0,0.0,1.0,0.0,0.0,0.0,1.0,0.0,0.0,1.0,0.5714285714285714,1.0,0.0027211554256338,1,1,0.1150125,0.19572452,0.023333743,0.022854952,0.6430743
0.0,1.0,0.0,0.0,1.0,0.0,0.0,1.0,0.0,0.0,1.0,0.2857142857142857,1.0,0.013693036840776,4,4,0.289438,0.2950548,0.15277061,0.020377817,0.2423588
0.0,1.0,0.0,1.0,0.0,0.0,1.0,0.0,0.0,1.0,0.0,0.2857142857142857,0.6666666666666666,0.0761464844538697,1,1,0.038742237,0.21536437,0.038624812,0.02050961,0.68675894
0.0,1.0,1.0,0.0,0.0,0.0,1.0,0.0,0.0,0.0,1.0,0.5714285714285714,1.0,0.1050555488000815,1,1,0.0778996,0.5127215,0.024422891,0.019122083,0.36583397
0.0,1.0,0.0,1.0,0.0,0.0,0.0,1.0,0.0,1.0,0.0,0.4285714285714285,1.0,0.0061827467583503,1,1,0.07599253,0.23563513,0.039966714,0.021604389,0.62680125
0.0,1.0,0.0,1.0,0.0,0.0,0.0,1.0,0.0,1.0,0.0,0.7142857142857142,1.0,0.0154230287063548,4,4,0.060073294,0.20419148,0.030067844,0.028842721,0.6768246
0.0,1.0,0.0,1.0,0.0,0.0,0.0,1.0,0.0,0.0,1.0,0.2857142857142857,1.0,0.0489734497895161,1,1,0.17968439,0.2730925,0.074258424,0.024917908,0.44804674
0.0,1.0,0.0,1.0,0.0,0.0,0.0,1.0,0.0,0.0,1.0,0.4285714285714285,1.0,0.0727150930647234,1,1,0.13046604,0.26143903,0.043134972,0.024376076,0.5405839
0.0,1.0,0.0,1.0,0.0,0.0,1.0,0.0,0.0,0.0,1.0,0.2857142857142857,1.0,0.0738016144750641,1,1,0.17968439,0.2730925,0.074258424,0.024917908,0.44804674
1.0,0.0,1.0,0.0,0.0,0.0,1.0,0.0,0.0,1.0,0.0,0.5714285714285714,0.6666666666666666,0.0531397944040771,1,1,0.046309263,0.08624121,0.01721077,0.01428687,0.83595186
0.0,1.0,1.0,0.0,0.0,0.0,0.0,1.0,0.0,0.0,1.0,0.4285714285714285,1.0,0.041011564101424,1,1,0.059995417,0.67612296,0.020013412,0.016848385,0.22701983
0.0,1.0,0.0,1.0,0.0,0.0,0.0,1.0,0.0,1.0,0.0,0.7142857142857142,1.0,0.0596694995188486,1,1,0.060073294,0.20419148,0.030067844,0.028842721,0.6768246
0.0,1.0,0.0,0.0,1.0,0.0,1.0,0.0,0.0,1.0,0.0,0.2857142857142857,0.6666666666666666,0.013437217156418,0,0,0.16340512,0.1753705,0.0924802,0.02141652,0.54732764
0.0,1.0,0.0,1.0,0.0,0.0,1.0,0.0,0.0,1.0,0.0,0.5714285714285714,0.0,0.0842487342410051,2,2,0.03467652,0.14875253,0.14588381,0.015093873,0.6555933
1.0,0.0,0.0,1.0,0.0,0.0,1.0,0.0,0.0,1.0,0.0,0.1428571428571428,1.0,0.0456869846119451,4,4,0.10984882,0.20127256,0.06309414,0.024454739,0.60132974
0.0,1.0,0.0,1.0,0.0,0.0,0.0,1.0,0.0,0.0,1.0,0.2857142857142857,1.0,0.068366779126219,4,4,0.17968439,0.2730925,0.074258424,0.024917908,0.44804674
1.0,0.0,0.0,1.0,0.0,0.0,0.0,1.0,0.0,1.0,0.0,0.0,0.0,0.0168916022134207,1,1,0.07325397,0.14829226,0.032872677,0.018456457,0.72712463
0.0,1.0,1.0,0.0,0.0,0.0,1.0,0.0,0.0,1.0,0.0,0.5714285714285714,1.0,0.1581541565608422,0,0,0.07132202,0.26021227,0.036897775,0.01814891,0.61341906
0.0,1.0,0.0,0.0,1.0,0.0,0.0,1.0,0.0,0.0,1.0,0.2857142857142857,1.0,0.0368653300237384,1,1,0.289438,0.2950548,0.15277061,0.020377817,0.2423588
0.0,1.0,0.0,1.0,0.0,0.0,0.0,1.0,0.0,0.0,1.0,0.4285714285714285,1.0,0.0909953103923281,1,1,0.13046604,0.26143903,0.043134972,0.024376076,0.5405839
0.0,1.0,1.0,0.0,0.0,0.0,1.0,0.0,0.0,1.0,0.0,0.8571428571428571,1.0,0.0995954883827606,0,0,0.05365763,0.18148474,0.030133128,0.018195262,0.71652925
1.0,0.0,1.0,0.0,0.0,0.0,1.0,0.0,0.0,1.0,0.0,0.8571428571428571,0.8888888888888888,0.0998979160984141,4,4,0.04375824,0.082798816,0.015941959,0.01669496,0.840806
1.0,0.0,0.0,1.0,0.0,0.0,1.0,0.0,0.0,1.0,0.0,0.7142857142857142,1.0,0.0351390390555707,1,1,0.047342088,0.14287522,0.02209731,0.023264797,0.7644206
0.0,1.0,0.0,1.0,0.0,0.0,1.0,0.0,0.0,1.0,0.0,0.8571428571428571,1.0,0.1122314104302246,1,1,0.060798608,0.21391411,0.030366447,0.029408952,0.6655119
0.0,1.0,0.0,1.0,0.0,0.0,1.0,0.0,0.0,1.0,0.0,0.4285714285714285,1.0,0.0613367250953785,0,0,0.07599253,0.23563513,0.039966714,0.021604389,0.62680125
0.0,1.0,1.0,0.0,0.0,0.0,0.0,1.0,0.0,1.0,0.0,0.1428571428571428,0.0,0.0317204402023813,1,1,0.17174456,0.16940877,0.04162695,0.018281663,0.59893805
0.0,1.0,0.0,1.0,0.0,0.0,0.0,1.0,0.0,1.0,0.0,0.4285714285714285,0.5555555555555556,0.0900721064036743,0,0,0.041308288,0.15869278,0.035612788,0.016010089,0.7483761
1.0,0.0,0.0,1.0,0.0,0.0,1.0,0.0,0.0,1.0,0.0,0.0,0.3333333333333333,0.0401614904663092,0,0,0.08214176,0.16628973,0.03495821,0.021100456,0.6955099
1.0,0.0,1.0,0.0,0.0,0.0,1.0,0.0,0.0,1.0,0.0,0.5714285714285714,0.0,0.0310225766415033,0,0,0.09955434,0.17155424,0.09197727,0.014534786,0.62237936
0.0,1.0,0.0,1.0,0.0,0.0,0.0,1.0,0.0,1.0,0.0,0.5714285714285714,1.0,0.044527562505431,0,0,0.072717816,0.22513574,0.02771587,0.022588385,0.6518422
0.0,1.0,0.0,1.0,0.0,0.0,1.0,0.0,0.0,0.0,1.0,0.2857142857142857,1.0,0.0469399641636207,1,1,0.17968439,0.2730925,0.074258424,0.024917908,0.44804674
0.0,1.0,0.0,1.0,0.0,0.0,0.0,1.0,0.0,0.0,1.0,0.4285714285714285,1.0,0.048062830403799,1,1,0.13046604,0.26143903,0.043134972,0.024376076,0.5405839
0.0,1.0,1.0,0.0,0.0,0.0,1.0,0.0,0.0,1.0,0.0,0.2857142857142857,1.0,0.0456221467513894,1,1,0.13291052,0.5146044,0.062358532,0.023061736,0.26706484
0.0,1.0,1.0,0.0,0.0,0.0,1.0,0.0,0.0,1.0,0.0,0.2857142857142857,1.0,0.0342971337743226,1,1,0.13291052,0.5146044,0.062358532,0.023061736,0.26706484
1.0,0.0,1.0,0.0,0.0,0.0,0.0,1.0,0.0,1.0,0.0,0.0,0.0,0.0817137265843895,1,1,0.17302619,0.14080939,0.027716774,0.017210538,0.6412371
0.0,1.0,1.0,0.0,0.0,0.0,0.0,1.0,0.0,0.0,1.0,0.2857142857142857,1.0,0.1132007258937078,4,4,0.07324008,0.8207543,0.018986136,0.012101532,0.07491795
0.0,1.0,1.0,0.0,0.0,0.0,1.0,0.0,0.0,0.0,1.0,0.5714285714285714,1.0,0.0637213940749387,0,0,0.0778996,0.5127215,0.024422891,0.019122083,0.36583397
0.0,1.0,0.0,1.0,0.0,0.0,0.0,1.0,0.0,1.0,0.0,0.7142857142857142,1.0,0.0452355496112608,1,1,0.060073294,0.20419148,0.030067844,0.028842721,0.6768246
0.0,1.0,0.0,1.0,0.0,0.0,0.0,1.0,0.0,1.0,0.0,0.7142857142857142,1.0,0.0802896771232007,0,0,0.060073294,0.20419148,0.030067844,0.028842721,0.6768246
0.0,1.0,0.0,0.0,1.0,0.0,1.0,0.0,0.0,0.0,1.0,0.2857142857142857,1.0,0.0146876394422933,1,1,0.289438,0.2950548,0.15277061,0.020377817,0.2423588
0.0,1.0,0.0,0.0,1.0,0.0,0.0,1.0,0.0,1.0,0.0,0.4285714285714285,0.4444444444444444,0.0644759302459837,1,1,0.14104952,0.11966904,0.028536363,0.01567524,0.69506985
0.0,1.0,1.0,0.0,0.0,0.0,1.0,0.0,0.0,1.0,0.0,0.7142857142857142,1.0,0.1561989406479094,2,2,0.058855247,0.1922821,0.031587306,0.01871432,0.698561
0.0,1.0,0.0,0.0,1.0,0.0,1.0,0.0,0.0,0.0,1.0,0.7142857142857142,1.0,0.0445762591773619,0,0,0.091769025,0.24414138,0.027405178,0.020531435,0.61615294
0.0,1.0,0.0,0.0,1.0,0.0,0.0,1.0,0.0,1.0,0.0,1.0,1.0,0.0126258780291337,0,0,0.06236245,0.22944175,0.022256019,0.018575894,0.6673639
0.0,1.0,1.0,0.0,0.0,0.0,1.0,0.0,0.0,1.0,0.0,0.2857142857142857,1.0,0.055791052136353,1,1,0.13291052,0.5146044,0.062358532,0.023061736,0.26706484
1.0,0.0,0.0,1.0,0.0,0.0,1.0,0.0,0.0,1.0,0.0,0.0,0.0,0.099667638037279,4,4,0.07325397,0.14829226,0.032872677,0.018456457,0.72712463
0.0,1.0,1.0,0.0,0.0,0.0,1.0,0.0,0.0,1.0,0.0,0.1428571428571428,0.6666666666666666,0.0077875163936226,1,1,0.037707783,0.2101497,0.032125562,0.01968119,0.70033574
0.0,1.0,0.0,1.0,0.0,0.0,1.0,0.0,0.0,1.0,0.0,0.4285714285714285,0.2222222222222222,0.0891457058327703,0,0,0.0879312,0.0957041,0.07718083,0.016803559,0.7223803
0.0,1.0,1.0,0.0,0.0,0.0,1.0,0.0,0.0,0.0,1.0,0.4285714285714285,1.0,0.0241815740712033,4,4,0.059995417,0.67612296,0.020013412,0.016848385,0.22701983
1.0,0.0,0.0,0.0,1.0,0.0,1.0,0.0,0.0,1.0,0.0,0.8571428571428571,1.0,0.0480462578317443,1,1,0.052714422,0.14525782,0.016975123,0.014721396,0.7703312
0.0,1.0,0.0,1.0,0.0,0.0,1.0,0.0,0.0,1.0,0.0,0.7142857142857142,0.8888888888888888,0.0756399906515331,1,1,0.050159585,0.25307247,0.02573984,0.04412569,0.62690246
0.0,1.0,0.0,1.0,0.0,0.0,1.0,0.0,0.0,1.0,0.0,0.1428571428571428,0.0,0.0536303611577648,4,4,0.041941356,0.24435616,0.033574592,0.017144226,0.66298366
0.0,1.0,0.0,1.0,0.0,0.0,0.0,1.0,0.0,1.0,0.0,0.1428571428571428,0.8888888888888888,0.0530627102196772,1,1,0.0782035,0.25165668,0.045613546,0.038227625,0.58629864
0.0,1.0,1.0,0.0,0.0,0.0,1.0,0.0,0.0,1.0,0.0,0.8571428571428571,1.0,0.0234975551252946,1,1,0.05365763,0.18148474,0.030133128,0.018195262,0.71652925
0.0,1.0,1.0,0.0,0.0,0.0,1.0,0.0,0.0,1.0,0.0,0.8571428571428571,1.0,0.0510104051037181,1,1,0.05365763,0.18148474,0.030133128,0.018195262,0.71652925
0.0,1.0,0.0,1.0,0.0,0.0,1.0,0.0,0.0,1.0,0.0,0.2857142857142857,1.0,0.0151426806843124,4,4,0.13518512,0.19854121,0.08206433,0.024097392,0.56011194
0.0,1.0,1.0,0.0,0.0,0.0,0.0,1.0,0.0,1.0,0.0,1.0,1.0,0.070657847211927,1,1,0.05323838,0.20885673,0.030343283,0.018322164,0.6892394
1.0,0.0,0.0,0.0,1.0,0.0,0.0,1.0,0.0,0.0,1.0,0.1428571428571428,1.0,0.0349970797688801,0,0,0.18788141,0.2384484,0.14912933,0.02166453,0.4028763
0.0,1.0,0.0,1.0,0.0,0.0,1.0,0.0,1.0,0.0,0.0,0.1428571428571428,1.0,0.0749194375636341,2,2,0.12973718,0.16269754,0.15330337,0.026566524,0.5276954
0.0,1.0,1.0,0.0,0.0,0.0,0.0,1.0,0.0,1.0,0.0,0.8571428571428571,1.0,0.0667852902305101,1,1,0.05365763,0.18148474,0.030133128,0.018195262,0.71652925
0.0,1.0,1.0,0.0,0.0,0.0,0.0,1.0,0.0,1.0,0.0,0.5714285714285714,1.0,0.0285901513438198,4,4,0.07132202,0.26021227,0.036897775,0.01814891,0.61341906
0.0,1.0,0.0,1.0,0.0,0.0,1.0,0.0,0.0,0.0,1.0,0.4285714285714285,1.0,0.0478850600854718,4,4,0.13046604,0.26143903,0.043134972,0.024376076,0.5405839
1.0,0.0,0.0,1.0,0.0,0.0,1.0,0.0,0.0,0.0,1.0,0.1428571428571428,1.0,0.1307919587107433,1,1,0.14575933,0.17194124,0.06325159,0.025096025,0.5939518
0.0,1.0,0.0,1.0,0.0,0.0,1.0,0.0,0.0,0.0,1.0,0.5714285714285714,1.0,0.0940341304463635,1,1,0.1150125,0.19572452,0.023333743,0.022854952,0.6430743
0.0,1.0,0.0,1.0,0.0,0.0,1.0,0.0,1.0,0.0,0.0,0.2857142857142857,0.0,0.0349473775701055,4,4,0.076078184,0.11061886,0.113560155,0.018366482,0.68137634
0.0,1.0,0.0,1.0,0.0,0.0,1.0,0.0,0.0,1.0,0.0,0.5714285714285714,0.0,0.1128449680135994,4,4,0.03467652,0.14875253,0.14588381,0.015093873,0.6555933
0.0,1.0,1.0,0.0,0.0,0.0,0.0,1.0,0.0,1.0,0.0,0.7142857142857142,1.0,0.0098086618154669,1,1,0.058855247,0.1922821,0.031587306,0.01871432,0.698561
1.0,0.0,0.0,1.0,0.0,0.0,1.0,0.0,0.0,0.0,1.0,0.5714285714285714,1.0,0.0327588577050725,1,1,0.08835537,0.16476822,0.019437639,0.019935012,0.70750374
1.0,0.0,0.0,1.0,0.0,0.0,1.0,0.0,0.0,0.0,1.0,0.0,0.8888888888888888,0.0398811719273069,4,4,0.12162906,0.14750208,0.033296853,0.036110476,0.66146153
1.0,0.0,0.0,1.0,0.0,0.0,1.0,0.0,0.0,1.0,0.0,0.8571428571428571,0.0,0.0058061955762256,1,1,0.021416543,0.2115815,0.18936911,0.015479243,0.56215364
1.0,0.0,1.0,0.0,0.0,0.0,1.0,0.0,1.0,0.0,0.0,0.0,0.0,0.0367126451173809,1,1,0.2834718,0.13289246,0.038517557,0.01825196,0.52686626
0.0,1.0,0.0,1.0,0.0,0.0,1.0,0.0,0.0,1.0,0.0,0.8571428571428571,0.8888888888888888,0.0553616363114606,2,2,0.04979022,0.27219912,0.025746739,0.044561457,0.60770243
0.0,1.0,0.0,0.0,0.0,1.0,0.0,1.0,0.0,1.0,0.0,0.4285714285714285,0.0,0.0120130714874138,1,1,0.12567075,0.10172678,0.04313617,0.015390807,0.71407545
0.0,1.0,0.0,0.0,1.0,0.0,0.0,1.0,0.0,1.0,0.0,1.0,1.0,0.0206635475443802,1,1,0.06236245,0.22944175,0.022256019,0.018575894,0.6673639
0.0,1.0,1.0,0.0,0.0,0.0,1.0,0.0,0.0,1.0,0.0,0.2857142857142857,1.0,0.0425507370757909,0,0,0.13291052,0.5146044,0.062358532,0.023061736,0.26706484
0.0,1.0,0.0,0.0,1.0,0.0,1.0,0.0,0.0,1.0,0.0,0.8571428571428571,1.0,0.0783365095056904,1,1,0.07100009,0.19243841,0.021835715,0.01822509,0.69650066
0.0,1.0,0.0,1.0,0.0,0.0,0.0,1.0,0.0,1.0,0.0,0.8571428571428571,1.0,0.1119091701115753,1,1,0.060798608,0.21391411,0.030366447,0.029408952,0.6655119
0.0,1.0,0.0,1.0,0.0,0.0,0.0,1.0,0.0,0.0,1.0,0.5714285714285714,1.0,0.0214507338548076,1,1,0.1150125,0.19572452,0.023333743,0.022854952,0.6430743
0.0,1.0,0.0,0.0,1.0,0.0,1.0,0.0,0.0,1.0,0.0,0.5714285714285714,1.0,0.0751047896785025,1,1,0.08040796,0.20448847,0.020793524,0.016249023,0.67806107
0.0,1.0,0.0,1.0,0.0,0.0,1.0,0.0,0.0,0.0,1.0,0.2857142857142857,1.0,0.0283722437456454,2,2,0.17968439,0.2730925,0.074258424,0.024917908,0.44804674
0.0,1.0,0.0,1.0,0.0,0.0,1.0,0.0,0.0,0.0,1.0,0.4285714285714285,1.0,0.0830904418004513,0,0,0.13046604,0.26143903,0.043134972,0.024376076,0.5405839
0.0,1.0,0.0,1.0,0.0,0.0,1.0,0.0,0.0,0.0,1.0,0.4285714285714285,1.0,0.1117239173080001,4,4,0.13046604,0.26143903,0.043134972,0.024376076,0.5405839
1.0,0.0,1.0,0.0,0.0,0.0,0.0,1.0,0.0,0.0,1.0,0.0,0.7777777777777777,0.1057138461210483,0,0,0.1169493,0.30957904,0.026215486,0.022674996,0.5245812
0.0,1.0,1.0,0.0,0.0,0.0,1.0,0.0,0.0,0.0,1.0,0.4285714285714285,1.0,0.0345868899896579,1,1,0.059995417,0.67612296,0.020013412,0.016848385,0.22701983
0.0,1.0,1.0,0.0,0.0,0.0,1.0,0.0,0.0,0.0,1.0,0.1428571428571428,1.0,0.0528300921361958,1,1,0.10958048,0.73065084,0.023178197,0.014687469,0.12190298
0.0,1.0,0.0,1.0,0.0,0.0,1.0,0.0,0.0,1.0,0.0,1.0,1.0,0.0762568441284514,4,4,0.058062356,0.23959993,0.030644601,0.029678335,0.64201474
0.0,1.0,0.0,1.0,0.0,0.0,1.0,0.0,0.0,0.0,1.0,0.2857142857142857,0.6666666666666666,0.0992266586536832,1,1,0.0362772,0.3737175,0.03292211,0.018805943,0.53827727
0.0,1.0,0.0,1.0,0.0,0.0,0.0,1.0,0.0,0.0,1.0,0.5714285714285714,1.0,0.0433257375801933,1,1,0.1150125,0.19572452,0.023333743,0.022854952,0.6430743
1.0,0.0,1.0,0.0,0.0,0.0,1.0,0.0,0.0,1.0,0.0,0.0,0.0,0.0492832513686906,0,0,0.17302619,0.14080939,0.027716774,0.017210538,0.6412371
0.0,1.0,0.0,1.0,0.0,0.0,1.0,0.0,0.0,1.0,0.0,0.7142857142857142,1.0,0.0598898154158834,0,0,0.060073294,0.20419148,0.030067844,0.028842721,0.6768246
0.0,1.0,1.0,0.0,0.0,0.0,1.0,0.0,0.0,1.0,0.0,0.8571428571428571,1.0,0.0883995304312226,1,1,0.05365763,0.18148474,0.030133128,0.018195262,0.71652925
0.0,1.0,0.0,1.0,0.0,0.0,1.0,0.0,0.0,0.0,1.0,0.4285714285714285,1.0,0.0450088684810267,4,4,0.13046604,0.26143903,0.043134972,0.024376076,0.5405839
1.0,0.0,0.0,0.0,1.0,0.0,1.0,0.0,1.0,0.0,0.0,0.0,0.0,0.0655119022080795,1,1,0.25846887,0.10353199,0.06898423,0.015801786,0.5532131
0.0,1.0,0.0,1.0,0.0,0.0,1.0,0.0,0.0,1.0,0.0,0.8571428571428571,0.4444444444444444,0.0278519053283395,0,0,0.028690074,0.34106147,0.020498987,0.016479287,0.5932702
0.0,1.0,0.0,1.0,0.0,0.0,0.0,1.0,1.0,0.0,0.0,0.2857142857142857,0.8888888888888888,0.0144947070826227,4,4,0.09258939,0.15544985,0.11368588,0.03591051,0.60236436
0.0,1.0,0.0,1.0,0.0,0.0,0.0,1.0,1.0,0.0,0.0,0.2857142857142857,0.8888888888888888,0.093936693653811,2,2,0.09258939,0.15544985,0.11368588,0.03591051,0.60236436
0.0,1.0,0.0,1.0,0.0,0.0,1.0,0.0,0.0,1.0,0.0,0.7142857142857142,0.5555555555555556,0.1123174140101461,4,4,0.032604147,0.23622943,0.022830913,0.017880538,0.69045496
0.0,1.0,0.0,1.0,0.0,0.0,0.0,1.0,0.0,1.0,0.0,0.2857142857142857,0.6666666666666666,0.0138340371527916,4,4,0.038742237,0.21536437,0.038624812,0.02050961,0.68675894
1.0,0.0,0.0,1.0,0.0,0.0,1.0,0.0,1.0,0.0,0.0,0.0,0.5555555555555556,0.0249386581976147,0,0,0.09150544,0.32661945,0.09661186,0.023502009,0.4617612
0.0,1.0,1.0,0.0,0.0,0.0,1.0,0.0,0.0,0.0,1.0,0.2857142857142857,1.0,0.0367626949056818,4,4,0.07324008,0.8207543,0.018986136,0.012101532,0.07491795
0.0,1.0,0.0,1.0,0.0,0.0,1.0,0.0,0.0,1.0,0.0,0.8571428571428571,1.0,0.0271379502344832,2,2,0.060798608,0.21391411,0.030366447,0.029408952,0.6655119
0.0,1.0,1.0,0.0,0.0,0.0,0.0,1.0,0.0,1.0,0.0,1.0,1.0,0.0596028926758825,4,4,0.05323838,0.20885673,0.030343283,0.018322164,0.6892394
0.0,1.0,1.0,0.0,0.0,0.0,1.0,0.0,0.0,1.0,0.0,0.8571428571428571,1.0,0.0394378276935415,4,4,0.05365763,0.18148474,0.030133128,0.018195262,0.71652925
0.0,1.0,1.0,0.0,0.0,0.0,0.0,1.0,0.0,1.0,0.0,0.7142857142857142,1.0,0.0555485712000645,1,1,0.058855247,0.1922821,0.031587306,0.01871432,0.698561
0.0,1.0,0.0,1.0,0.0,0.0,1.0,0.0,0.0,1.0,0.0,0.2857142857142857,0.6666666666666666,0.1023802639418041,0,0,0.038742237,0.21536437,0.038624812,0.02050961,0.68675894
0.0,1.0,0.0,1.0,0.0,0.0,1.0,0.0,0.0,1.0,0.0,0.2857142857142857,0.6666666666666666,0.041092350734974,1,1,0.038742237,0.21536437,0.038624812,0.02050961,0.68675894
1.0,0.0,0.0,0.0,1.0,0.0,0.0,1.0,0.0,1.0,0.0,0.0,0.0,0.0818365560332252,0,0,0.19274515,0.12399136,0.053046927,0.015563214,0.6146534
1.0,0.0,0.0,1.0,0.0,0.0,0.0,1.0,0.0,1.0,0.0,0.0,0.0,0.0528939617116427,4,4,0.07325397,0.14829226,0.032872677,0.018456457,0.72712463
0.0,1.0,1.0,0.0,0.0,0.0,1.0,0.0,0.0,1.0,0.0,0.5714285714285714,0.0,0.0034466593366733,4,4,0.07605029,0.08459926,0.12295885,0.014678506,0.7017131
0.0,1.0,1.0,0.0,0.0,0.0,0.0,1.0,0.0,1.0,0.0,1.0,1.0,0.0757706594855767,4,4,0.05323838,0.20885673,0.030343283,0.018322164,0.6892394
0.0,1.0,0.0,0.0,1.0,0.0,1.0,0.0,0.0,1.0,0.0,0.5714285714285714,0.0,0.0503369566035807,1,1,0.11880699,0.14391449,0.0961366,0.016146291,0.6249956
0.0,1.0,0.0,1.0,0.0,0.0,0.0,1.0,0.0,1.0,0.0,0.7142857142857142,1.0,0.1039961828214784,1,1,0.060073294,0.20419148,0.030067844,0.028842721,0.6768246
0.0,1.0,0.0,1.0,0.0,0.0,1.0,0.0,0.0,0.0,1.0,0.4285714285714285,1.0,0.060540211282084,1,1,0.13046604,0.26143903,0.043134972,0.024376076,0.5405839
0.0,1.0,1.0,0.0,0.0,0.0,1.0,0.0,0.0,1.0,0.0,0.4285714285714285,0.0,0.0480834468075742,1,1,0.10584281,0.091780365,0.047000058,0.016830653,0.73854613
1.0,0.0,0.0,0.0,1.0,0.0,0.0,1.0,1.0,0.0,0.0,0.0,0.0,0.0033915392413323,0,0,0.25846887,0.10353199,0.06898423,0.015801786,0.5532131
0.0,1.0,0.0,0.0,1.0,0.0,0.0,1.0,0.0,1.0,0.0,0.8571428571428571,1.0,0.0993094346165753,2,2,0.07100009,0.19243841,0.021835715,0.01822509,0.69650066
0.0,1.0,1.0,0.0,0.0,0.0,0.0,1.0,0.0,1.0,0.0,0.5714285714285714,1.0,0.0101451672703428,1,1,0.07132202,0.26021227,0.036897775,0.01814891,0.61341906
0.0,1.0,0.0,1.0,0.0,0.0,1.0,0.0,0.0,1.0,0.0,0.5714285714285714,0.5555555555555556,0.0101451672703428,1,1,0.051690903,0.24975637,0.022497628,0.015468413,0.6605867
0.0,1.0,0.0,1.0,0.0,0.0,1.0,0.0,0.0,0.0,1.0,0.2857142857142857,1.0,0.0194978672746548,1,1,0.17968439,0.2730925,0.074258424,0.024917908,0.44804674
0.0,1.0,1.0,0.0,0.0,0.0,1.0,0.0,0.0,1.0,0.0,0.4285714285714285,1.0,0.0172183286093931,4,4,0.05966553,0.3669486,0.03644123,0.01864788,0.5182968
0.0,1.0,0.0,0.0,1.0,0.0,1.0,0.0,0.0,0.0,1.0,0.5714285714285714,1.0,0.0651729465573914,1,1,0.0951033,0.26286152,0.026228257,0.018158792,0.59764814
1.0,0.0,0.0,1.0,0.0,0.0,1.0,0.0,0.0,1.0,0.0,0.0,0.5555555555555556,0.0181624577978744,2,2,0.06460498,0.32071954,0.041085932,0.019214341,0.55437523
0.0,1.0,0.0,1.0,0.0,0.0,1.0,0.0,0.0,0.0,1.0,0.1428571428571428,1.0,0.0807842225355727,1,1,0.17985192,0.22923304,0.07847908,0.029497733,0.48293823
0.0,1.0,0.0,1.0,0.0,0.0,0.0,1.0,0.0,1.0,0.0,0.1428571428571428,0.0,0.0157502733831387,1,1,0.041941356,0.24435616,0.033574592,0.017144226,0.66298366
0.0,1.0,0.0,1.0,0.0,0.0,1.0,0.0,0.0,1.0,0.0,0.7142857142857142,1.0,0.11032406256062,0,0,0.060073294,0.20419148,0.030067844,0.028842721,0.6768246
0.0,1.0,0.0,0.0,0.0,1.0,1.0,0.0,0.0,0.0,1.0,0.2857142857142857,1.0,0.0964871690443443,4,4,0.5827062,0.1311131,0.043058153,0.016341029,0.22678152
0.0,1.0,1.0,0.0,0.0,0.0,0.0,1.0,0.0,1.0,0.0,0.7142857142857142,1.0,0.0898173977644091,0,0,0.058855247,0.1922821,0.031587306,0.01871432,0.698561
1.0,0.0,0.0,1.0,0.0,0.0,1.0,0.0,0.0,1.0,0.0,0.8571428571428571,0.0,0.0715282858691061,0,0,0.021416543,0.2115815,0.18936911,0.015479243,0.56215364
0.0,1.0,1.0,0.0,0.0,0.0,0.0,1.0,0.0,0.0,1.0,0.2857142857142857,1.0,0.090082695470313,1,1,0.07324008,0.8207543,0.018986136,0.012101532,0.07491795
0.0,1.0,0.0,0.0,1.0,0.0,0.0,1.0,0.0,1.0,0.0,0.8571428571428571,1.0,0.2796648259061139,1,1,0.07100009,0.19243841,0.021835715,0.01822509,0.69650066
0.0,1.0,1.0,0.0,0.0,0.0,1.0,0.0,1.0,0.0,0.0,0.1428571428571428,0.0,0.0238869609129343,4,4,0.2649552,0.12974305,0.052204445,0.018259754,0.53483754
0.0,1.0,0.0,1.0,0.0,0.0,1.0,0.0,0.0,0.0,1.0,0.2857142857142857,1.0,0.1037709323945621,1,1,0.17968439,0.2730925,0.074258424,0.024917908,0.44804674
0.0,1.0,1.0,0.0,0.0,0.0,1.0,0.0,0.0,0.0,1.0,0.5714285714285714,1.0,0.0917372650639143,1,1,0.0778996,0.5127215,0.024422891,0.019122083,0.36583397
0.0,1.0,0.0,1.0,0.0,0.0,1.0,0.0,0.0,1.0,0.0,0.7142857142857142,1.0,0.0499447142371286,0,0,0.060073294,0.20419148,0.030067844,0.028842721,0.6768246
0.0,1.0,0.0,1.0,0.0,0.0,0.0,1.0,0.0,1.0,0.0,0.8571428571428571,1.0,0.0654464002032504,0,0,0.060798608,0.21391411,0.030366447,0.029408952,0.6655119
0.0,1.0,1.0,0.0,0.0,0.0,0.0,1.0,0.0,1.0,0.0,0.1428571428571428,0.0,0.0476510702647529,1,1,0.17174456,0.16940877,0.04162695,0.018281663,0.59893805
0.0,1.0,0.0,1.0,0.0,0.0,1.0,0.0,0.0,0.0,1.0,0.5714285714285714,0.5555555555555556,0.0274542101511945,1,1,0.1148446,0.2571005,0.022278003,0.01691571,0.5888612
0.0,1.0,0.0,1.0,0.0,0.0,0.0,1.0,0.0,0.0,1.0,0.1428571428571428,1.0,0.0648358467864953,1,1,0.17985192,0.22923304,0.07847908,0.029497733,0.48293823
0.0,1.0,1.0,0.0,0.0,0.0,1.0,0.0,0.0,0.0,1.0,0.1428571428571428,1.0,0.1086554838677201,1,1,0.10958048,0.73065084,0.023178197,0.014687469,0.12190298
0.0,1.0,0.0,1.0,0.0,0.0,0.0,1.0,0.0,0.0,1.0,0.5714285714285714,1.0,0.0669099879730493,1,1,0.1150125,0.19572452,0.023333743,0.022854952,0.6430743
0.0,1.0,1.0,0.0,0.0,0.0,1.0,0.0,0.0,1.0,0.0,0.8571428571428571,1.0,0.1626114211949559,2,2,0.05365763,0.18148474,0.030133128,0.018195262,0.71652925
0.0,1.0,0.0,0.0,1.0,0.0,0.0,1.0,0.0,0.0,1.0,0.4285714285714285,1.0,0.0124226172949691,1,1,0.08592373,0.522568,0.03523299,0.020770047,0.33550528
0.0,1.0,0.0,1.0,0.0,0.0,0.0,1.0,0.0,1.0,0.0,0.7142857142857142,1.0,0.0300664013035032,1,1,0.060073294,0.20419148,0.030067844,0.028842721,0.6768246
0.0,1.0,0.0,1.0,0.0,0.0,0.0,1.0,0.0,0.0,1.0,0.4285714285714285,1.0,0.026410246733473,1,1,0.13046604,0.26143903,0.043134972,0.024376076,0.5405839
0.0,1.0,0.0,1.0,0.0,0.0,0.0,1.0,0.0,1.0,0.0,0.8571428571428571,1.0,0.0146957240022564,4,4,0.060798608,0.21391411,0.030366447,0.029408952,0.6655119
0.0,1.0,0.0,1.0,0.0,0.0,1.0,0.0,0.0,1.0,0.0,0.2857142857142857,1.0,0.047344912168648,0,0,0.13518512,0.19854121,0.08206433,0.024097392,0.56011194
0.0,1.0,1.0,0.0,0.0,0.0,1.0,0.0,0.0,0.0,1.0,0.2857142857142857,1.0,0.0559852491632731,0,0,0.07324008,0.8207543,0.018986136,0.012101532,0.07491795
0.0,1.0,0.0,1.0,0.0,0.0,1.0,0.0,0.0,1.0,0.0,0.8571428571428571,0.4444444444444444,0.0126811975229307,1,1,0.028690074,0.34106147,0.020498987,0.016479287,0.5932702
0.0,1.0,1.0,0.0,0.0,0.0,0.0,1.0,0.0,1.0,0.0,0.7142857142857142,1.0,0.0528765636144631,1,1,0.058855247,0.1922821,0.031587306,0.01871432,0.698561
0.0,1.0,0.0,1.0,0.0,0.0,1.0,0.0,0.0,1.0,0.0,0.7142857142857142,0.0,0.0367050384930165,0,0,0.021918084,0.09331549,0.22570118,0.016396204,0.642669
0.0,1.0,1.0,0.0,0.0,0.0,1.0,0.0,0.0,1.0,0.0,0.8571428571428571,1.0,0.1278945269034625,4,4,0.05365763,0.18148474,0.030133128,0.018195262,0.71652925
0.0,1.0,0.0,1.0,0.0,0.0,0.0,1.0,0.0,0.0,1.0,0.4285714285714285,1.0,0.0531670305262405,1,1,0.13046604,0.26143903,0.043134972,0.024376076,0.5405839
0.0,1.0,1.0,0.0,0.0,0.0,0.0,1.0,0.0,0.0,1.0,0.2857142857142857,1.0,0.0652065323953646,4,4,0.07324008,0.8207543,0.018986136,0.012101532,0.07491795
1.0,0.0,0.0,0.0,1.0,0.0,1.0,0.0,1.0,0.0,0.0,0.0,0.0,0.0201712024978484,2,2,0.25846887,0.10353199,0.06898423,0.015801786,0.5532131
0.0,1.0,0.0,1.0,0.0,0.0,1.0,0.0,0.0,1.0,0.0,0.8571428571428571,1.0,0.1187892827105333,4,4,0.060798608,0.21391411,0.030366447,0.029408952,0.6655119
0.0,1.0,0.0,1.0,0.0,0.0,0.0,1.0,0.0,1.0,0.0,0.7142857142857142,1.0,0.0197246461644432,1,1,0.060073294,0.20419148,0.030067844,0.028842721,0.6768246
0.0,1.0,0.0,1.0,0.0,0.0,0.0,1.0,0.0,0.0,1.0,0.4285714285714285,1.0,0.04166575862459,4,4,0.13046604,0.26143903,0.043134972,0.024376076,0.5405839
0.0,1.0,0.0,1.0,0.0,0.0,1.0,0.0,0.0,0.0,1.0,0.2857142857142857,1.0,0.0995127558685592,1,1,0.17968439,0.2730925,0.074258424,0.024917908,0.44804674
0.0,1.0,1.0,0.0,0.0,0.0,0.0,1.0,0.0,0.0,1.0,0.5714285714285714,1.0,0.0268649217650983,1,1,0.0778996,0.5127215,0.024422891,0.019122083,0.36583397
0.0,1.0,0.0,0.0,0.0,1.0,1.0,0.0,1.0,0.0,0.0,0.1428571428571428,0.5555555555555556,0.0268649217650983,1,1,0.1147386,0.21314238,0.07067985,0.020251267,0.5811879
0.0,1.0,0.0,1.0,0.0,0.0,1.0,0.0,0.0,1.0,0.0,0.7142857142857142,1.0,0.0162141610889484,0,0,0.060073294,0.20419148,0.030067844,0.028842721,0.6768246
0.0,1.0,1.0,0.0,0.0,0.0,0.0,1.0,0.0,1.0,0.0,0.7142857142857142,1.0,0.0440857793210557,1,1,0.058855247,0.1922821,0.031587306,0.01871432,0.698561
0.0,1.0,1.0,0.0,0.0,0.0,0.0,1.0,0.0,0.0,1.0,0.5714285714285714,1.0,0.068501209375493,4,4,0.0778996,0.5127215,0.024422891,0.019122083,0.36583397
0.0,1.0,1.0,0.0,0.0,0.0,0.0,1.0,0.0,0.0,1.0,0.5714285714285714,1.0,0.0596365095486347,1,1,0.0778996,0.5127215,0.024422891,0.019122083,0.36583397
0.0,1.0,0.0,1.0,0.0,0.0,0.0,1.0,1.0,0.0,0.0,0.1428571428571428,1.0,0.1066217499635916,0,0,0.12973718,0.16269754,0.15330337,0.026566524,0.5276954
1.0,0.0,0.0,1.0,0.0,0.0,1.0,0.0,0.0,0.0,1.0,0.2857142857142857,1.0,0.1485979025437028,1,1,0.12107667,0.18445964,0.053543665,0.01917389,0.6217462
0.0,1.0,0.0,1.0,0.0,0.0,0.0,1.0,0.0,0.0,1.0,0.4285714285714285,1.0,0.080184016114179,1,1,0.13046604,0.26143903,0.043134972,0.024376076,0.5405839
1.0,0.0,0.0,1.0,0.0,0.0,1.0,0.0,0.0,1.0,0.0,0.4285714285714285,0.0,0.2208181177359828,1,1,0.039541908,0.25273192,0.05033942,0.014311508,0.6430752
1.0,0.0,0.0,1.0,0.0,0.0,0.0,1.0,1.0,0.0,0.0,0.0,0.0,0.080184016114179,1,1,0.11228238,0.12685736,0.06806444,0.02002502,0.6727708
0.0,1.0,0.0,0.0,1.0,0.0,0.0,1.0,0.0,0.0,1.0,0.2857142857142857,1.0,0.0487111686641434,0,0,0.289438,0.2950548,0.15277061,0.020377817,0.2423588
0.0,1.0,0.0,1.0,0.0,0.0,0.0,1.0,0.0,0.0,1.0,0.4285714285714285,1.0,0.0947956866844474,4,4,0.13046604,0.26143903,0.043134972,0.024376076,0.5405839
1.0,0.0,0.0,1.0,0.0,0.0,1.0,0.0,0.0,1.0,0.0,0.8571428571428571,1.0,0.1970216049712759,1,1,0.04816126,0.14841983,0.022667402,0.024094228,0.75665724
0.0,1.0,1.0,0.0,0.0,0.0,0.0,1.0,0.0,0.0,1.0,0.2857142857142857,1.0,0.1704275179046128,1,1,0.07324008,0.8207543,0.018986136,0.012101532,0.07491795
0.0,1.0,1.0,0.0,0.0,0.0,1.0,0.0,0.0,1.0,0.0,0.7142857142857142,1.0,0.0660703171958985,4,4,0.058855247,0.1922821,0.031587306,0.01871432,0.698561
0.0,1.0,0.0,1.0,0.0,0.0,0.0,1.0,0.0,0.0,1.0,0.1428571428571428,1.0,0.2050635479756085,1,1,0.17985192,0.22923304,0.07847908,0.029497733,0.48293823
1.0,0.0,0.0,1.0,0.0,0.0,0.0,1.0,1.0,0.0,0.0,0.0,0.0,0.092576619286318,4,4,0.11228238,0.12685736,0.06806444,0.02002502,0.6727708
1.0,0.0,1.0,0.0,0.0,0.0,1.0,0.0,1.0,0.0,0.0,0.0,0.0,0.070640498770394,1,1,0.2834718,0.13289246,0.038517557,0.01825196,0.52686626
0.0,1.0,0.0,1.0,0.0,0.0,0.0,1.0,0.0,1.0,0.0,0.2857142857142857,1.0,0.0531208818096761,4,4,0.13518512,0.19854121,0.08206433,0.024097392,0.56011194
0.0,1.0,1.0,0.0,0.0,0.0,1.0,0.0,0.0,0.0,1.0,0.4285714285714285,0.6666666666666666,0.0383621374211167,0,0,0.029982757,0.16104844,0.018009927,0.023552125,0.7674067
1.0,0.0,1.0,0.0,0.0,0.0,1.0,0.0,1.0,0.0,0.0,0.0,0.2222222222222222,0.0901717528725008,1,1,0.24534716,0.13305603,0.04705861,0.018670687,0.55586755
1.0,0.0,1.0,0.0,0.0,0.0,0.0,1.0,1.0,0.0,0.0,0.0,0.0,0.0760176901204855,1,1,0.2834718,0.13289246,0.038517557,0.01825196,0.52686626
1.0,0.0,1.0,0.0,0.0,0.0,0.0,1.0,1.0,0.0,0.0,0.0,0.0,0.1459500896719102,0,0,0.2834718,0.13289246,0.038517557,0.01825196,0.52686626
0.0,1.0,0.0,1.0,0.0,0.0,0.0,1.0,0.0,1.0,0.0,0.7142857142857142,1.0,0.1482622303726466,1,1,0.060073294,0.20419148,0.030067844,0.028842721,0.6768246
0.0,1.0,1.0,0.0,0.0,0.0,1.0,0.0,0.0,0.0,1.0,0.2857142857142857,1.0,0.0691028930523732,1,1,0.07324008,0.8207543,0.018986136,0.012101532,0.07491795
0.0,1.0,0.0,0.0,1.0,0.0,1.0,0.0,0.0,1.0,0.0,0.7142857142857142,1.0,0.0148910320742692,1,1,0.07402978,0.18375507,0.021368045,0.017834751,0.7030123
1.0,0.0,1.0,0.0,0.0,0.0,1.0,0.0,0.0,1.0,0.0,1.0,1.0,0.147565884412468,1,1,0.037661046,0.13439357,0.017177919,0.013113297,0.79765415
0.0,1.0,0.0,1.0,0.0,0.0,1.0,0.0,0.0,1.0,0.0,1.0,1.0,0.1448869622780767,1,1,0.058062356,0.23959993,0.030644601,0.029678335,0.64201474
0.0,1.0,0.0,1.0,0.0,0.0,0.0,1.0,0.0,0.0,1.0,0.4285714285714285,1.0,0.2393221206489289,1,1,0.13046604,0.26143903,0.043134972,0.024376076,0.5405839
0.0,1.0,0.0,0.0,1.0,0.0,0.0,1.0,0.0,0.0,1.0,0.2857142857142857,1.0,0.0932693962468968,4,4,0.289438,0.2950548,0.15277061,0.020377817,0.2423588
1.0,0.0,0.0,1.0,0.0,0.0,1.0,0.0,0.0,1.0,0.0,0.8571428571428571,1.0,0.1090666202077057,1,1,0.04816126,0.14841983,0.022667402,0.024094228,0.75665724
0.0,1.0,0.0,1.0,0.0,0.0,0.0,1.0,0.0,1.0,0.0,1.0,1.0,0.0412026048913067,2,2,0.058062356,0.23959993,0.030644601,0.029678335,0.64201474
1.0,0.0,1.0,0.0,0.0,0.0,1.0,0.0,0.0,1.0,0.0,0.5714285714285714,0.0,0.2192589056047325,1,1,0.09955434,0.17155424,0.09197727,0.014534786,0.62237936
0.0,1.0,0.0,1.0,0.0,0.0,0.0,1.0,0.0,1.0,0.0,0.8571428571428571,1.0,0.0627736601968616,1,1,0.060798608,0.21391411,0.030366447,0.029408952,0.6655119
0.0,1.0,0.0,1.0,0.0,0.0,1.0,0.0,0.0,0.0,1.0,0.2857142857142857,1.0,0.1112035385454813,0,0,0.17968439,0.2730925,0.074258424,0.024917908,0.44804674
1.0,0.0,0.0,1.0,0.0,0.0,0.0,1.0,1.0,0.0,0.0,0.0,0.0,0.1030205362630529,4,4,0.11228238,0.12685736,0.06806444,0.02002502,0.6727708
1.0,0.0,1.0,0.0,0.0,0.0,1.0,0.0,0.0,1.0,0.0,0.0,0.0,0.0570362109236882,1,1,0.17302619,0.14080939,0.027716774,0.017210538,0.6412371
0.0,1.0,0.0,1.0,0.0,0.0,1.0,0.0,0.0,1.0,0.0,0.8571428571428571,0.6666666666666666,0.0487111686641434,2,2,0.040375177,0.27288672,0.023980837,0.02938621,0.63337106
0.0,1.0,0.0,1.0,0.0,0.0,1.0,0.0,0.0,1.0,0.0,1.0,1.0,0.0878225690593964,4,4,0.058062356,0.23959993,0.030644601,0.029678335,0.64201474
0.0,1.0,0.0,1.0,0.0,0.0,0.0,1.0,0.0,0.0,1.0,0.5714285714285714,1.0,0.1548877212297209,0,0,0.1150125,0.19572452,0.023333743,0.022854952,0.6430743
1.0,0.0,0.0,1.0,0.0,0.0,0.0,1.0,0.0,1.0,0.0,0.0,0.0,0.3041146952549503,0,0,0.07325397,0.14829226,0.032872677,0.018456457,0.72712463
1.0,0.0,0.0,1.0,0.0,0.0,0.0,1.0,0.0,1.0,0.0,0.0,0.0,0.1459622925470636,1,1,0.07325397,0.14829226,0.032872677,0.018456457,0.72712463
0.0,1.0,0.0,1.0,0.0,0.0,1.0,0.0,0.0,1.0,0.0,0.4285714285714285,0.0,0.0363369411847265,1,1,0.047026206,0.14697951,0.06292374,0.01602149,0.727049
0.0,1.0,1.0,0.0,0.0,0.0,0.0,1.0,0.0,0.0,1.0,0.7142857142857142,1.0,0.0252955426402054,4,4,0.07237963,0.41221237,0.024462279,0.021678822,0.46926686
1.0,0.0,0.0,1.0,0.0,0.0,1.0,0.0,1.0,0.0,0.0,0.0,0.0,0.0550509533445588,0,0,0.11228238,0.12685736,0.06806444,0.02002502,0.6727708
0.0,1.0,1.0,0.0,0.0,0.0,0.0,1.0,0.0,0.0,1.0,0.1428571428571428,1.0,0.0652900966416465,1,1,0.10958048,0.73065084,0.023178197,0.014687469,0.12190298
0.0,1.0,1.0,0.0,0.0,0.0,1.0,0.0,0.0,0.0,1.0,0.2857142857142857,1.0,0.0791435999717119,1,1,0.07324008,0.8207543,0.018986136,0.012101532,0.07491795
0.0,1.0,1.0,0.0,0.0,0.0,1.0,0.0,0.0,0.0,1.0,0.2857142857142857,1.0,0.1907337352693871,1,1,0.07324008,0.8207543,0.018986136,0.012101532,0.07491795
0.0,1.0,0.0,1.0,0.0,0.0,1.0,0.0,0.0,0.0,1.0,0.5714285714285714,1.0,0.041011564101424,1,1,0.1150125,0.19572452,0.023333743,0.022854952,0.6430743
0.0,1.0,0.0,1.0,0.0,0.0,0.0,1.0,0.0,1.0,0.0,0.7142857142857142,1.0,0.1835708710047431,1,1,0.060073294,0.20419148,0.030067844,0.028842721,0.6768246
1.0,0.0,0.0,1.0,0.0,0.0,1.0,0.0,0.0,1.0,0.0,0.7142857142857142,1.0,0.1013749233067083,4,4,0.047342088,0.14287522,0.02209731,0.023264797,0.7644206
0.0,1.0,0.0,1.0,0.0,0.0,1.0,0.0,1.0,0.0,0.0,0.1428571428571428,1.0,0.0367368212103222,4,4,0.12973718,0.16269754,0.15330337,0.026566524,0.5276954
1.0,0.0,1.0,0.0,0.0,0.0,1.0,0.0,0.0,1.0,0.0,0.0,0.5555555555555556,0.0229611748306571,4,4,0.059531283,0.22682294,0.02939544,0.020766214,0.66348416
1.0,0.0,0.0,0.0,1.0,0.0,1.0,0.0,1.0,0.0,0.0,0.0,0.4444444444444444,0.0872979323251812,1,1,0.17107844,0.16584925,0.070272624,0.016893156,0.5759065
1.0,0.0,0.0,0.0,1.0,0.0,1.0,0.0,1.0,0.0,0.0,0.0,0.4444444444444444,0.1162380500713892,1,1,0.17107844,0.16584925,0.070272624,0.016893156,0.5759065
0.0,1.0,0.0,1.0,0.0,0.0,1.0,0.0,0.0,1.0,0.0,0.8571428571428571,1.0,0.0363483402591005,4,4,0.060798608,0.21391411,0.030366447,0.029408952,0.6655119
0.0,1.0,0.0,0.0,1.0,0.0,0.0,1.0,0.0,1.0,0.0,0.4285714285714285,1.0,0.1797908969764231,1,1,0.067220025,0.3330344,0.02686198,0.017407266,0.5554763
0.0,1.0,0.0,1.0,0.0,0.0,0.0,1.0,0.0,1.0,0.0,0.2857142857142857,1.0,0.0407877319639139,1,1,0.13518512,0.19854121,0.08206433,0.024097392,0.56011194
0.0,1.0,0.0,0.0,1.0,0.0,1.0,0.0,0.0,1.0,0.0,0.8571428571428571,1.0,0.1910607921857573,0,0,0.07100009,0.19243841,0.021835715,0.01822509,0.69650066
0.0,1.0,0.0,1.0,0.0,0.0,1.0,0.0,1.0,0.0,0.0,0.1428571428571428,0.0,0.0410888344944987,1,1,0.06596341,0.17437021,0.07410666,0.018552786,0.6670069
0.0,1.0,1.0,0.0,0.0,0.0,0.0,1.0,0.0,1.0,0.0,0.7142857142857142,1.0,0.0404480563063501,2,2,0.058855247,0.1922821,0.031587306,0.01871432,0.698561
0.0,1.0,1.0,0.0,0.0,0.0,0.0,1.0,0.0,1.0,0.0,1.0,1.0,0.1163986612603362,2,2,0.05323838,0.20885673,0.030343283,0.018322164,0.6892394
0.0,1.0,0.0,0.0,1.0,0.0,1.0,0.0,0.0,1.0,0.0,0.5714285714285714,1.0,0.1388406052273676,1,1,0.08040796,0.20448847,0.020793524,0.016249023,0.67806107
0.0,1.0,0.0,0.0,1.0,0.0,1.0,0.0,0.0,1.0,0.0,0.5714285714285714,1.0,0.1739927188474505,1,1,0.08040796,0.20448847,0.020793524,0.016249023,0.67806107
0.0,1.0,0.0,0.0,1.0,0.0,1.0,0.0,0.0,1.0,0.0,0.5714285714285714,1.0,0.1038520200654697,0,0,0.08040796,0.20448847,0.020793524,0.016249023,0.67806107
0.0,1.0,1.0,0.0,0.0,0.0,1.0,0.0,0.0,0.0,1.0,0.1428571428571428,1.0,0.2193478885234504,4,4,0.10958048,0.73065084,0.023178197,0.014687469,0.12190298
0.0,1.0,0.0,1.0,0.0,0.0,1.0,0.0,0.0,1.0,0.0,0.2857142857142857,0.0,0.1415316557534424,4,4,0.041292213,0.1445042,0.050473012,0.016415812,0.74731475
0.0,1.0,0.0,1.0,0.0,0.0,0.0,1.0,0.0,1.0,0.0,0.7142857142857142,1.0,0.0785227740430651,1,1,0.060073294,0.20419148,0.030067844,0.028842721,0.6768246
0.0,1.0,1.0,0.0,0.0,0.0,0.0,1.0,0.0,0.0,1.0,0.4285714285714285,1.0,0.0318797262062595,1,1,0.059995417,0.67612296,0.020013412,0.016848385,0.22701983
0.0,1.0,1.0,0.0,0.0,0.0,0.0,1.0,0.0,0.0,1.0,0.4285714285714285,1.0,0.0519883792705782,1,1,0.059995417,0.67612296,0.020013412,0.016848385,0.22701983
0.0,1.0,1.0,0.0,0.0,0.0,1.0,0.0,0.0,0.0,1.0,0.5714285714285714,1.0,0.1540498318488921,2,2,0.0778996,0.5127215,0.024422891,0.019122083,0.36583397
0.0,1.0,1.0,0.0,0.0,0.0,1.0,0.0,0.0,0.0,1.0,0.5714285714285714,1.0,0.1181794493006539,4,4,0.0778996,0.5127215,0.024422891,0.019122083,0.36583397
0.0,1.0,0.0,1.0,0.0,0.0,1.0,0.0,0.0,1.0,0.0,0.2857142857142857,1.0,0.0615152123171036,1,1,0.13518512,0.19854121,0.08206433,0.024097392,0.56011194
0.0,1.0,0.0,1.0,0.0,0.0,1.0,0.0,0.0,1.0,0.0,0.2857142857142857,1.0,0.0340216628678202,1,1,0.13518512,0.19854121,0.08206433,0.024097392,0.56011194
0.0,1.0,0.0,0.0,1.0,0.0,1.0,0.0,0.0,1.0,0.0,0.2857142857142857,0.6666666666666666,0.0090996645275765,1,1,0.16340512,0.1753705,0.0924802,0.02141652,0.54732764
0.0,1.0,0.0,0.0,1.0,0.0,1.0,0.0,0.0,1.0,0.0,0.2857142857142857,0.6666666666666666,0.2530285439537475,0,0,0.16340512,0.1753705,0.0924802,0.02141652,0.54732764
0.0,1.0,1.0,0.0,0.0,0.0,1.0,0.0,0.0,1.0,0.0,0.1428571428571428,0.2222222222222222,0.0501713674360614,1,1,0.11425919,0.10235357,0.05178229,0.019911962,0.7116929
1.0,0.0,1.0,0.0,0.0,0.0,0.0,1.0,0.0,1.0,0.0,0.0,0.0,0.043011404923266,0,0,0.17302619,0.14080939,0.027716774,0.017210538,0.6412371
0.0,1.0,1.0,0.0,0.0,0.0,0.0,1.0,0.0,1.0,0.0,0.8571428571428571,1.0,0.2164840984167451,1,1,0.05365763,0.18148474,0.030133128,0.018195262,0.71652925
0.0,1.0,0.0,1.0,0.0,0.0,1.0,0.0,0.0,1.0,0.0,0.7142857142857142,0.4444444444444444,0.1959617300222952,0,0,0.026737714,0.28239593,0.01920098,0.015288962,0.6563764
0.0,1.0,0.0,1.0,0.0,0.0,0.0,1.0,0.0,1.0,0.0,0.5714285714285714,1.0,0.1185112607451866,1,1,0.072717816,0.22513574,0.02771587,0.022588385,0.6518422
0.0,1.0,1.0,0.0,0.0,0.0,0.0,1.0,0.0,1.0,0.0,0.8571428571428571,1.0,0.0609970370239029,1,1,0.05365763,0.18148474,0.030133128,0.018195262,0.71652925
1.0,0.0,0.0,0.0,1.0,0.0,1.0,0.0,0.0,1.0,0.0,1.0,1.0,0.1245229705684763,2,2,0.047200285,0.17265114,0.017637778,0.015296072,0.7472147
1.0,0.0,0.0,0.0,1.0,0.0,1.0,0.0,0.0,1.0,0.0,1.0,1.0,0.0488755723030999,2,2,0.047200285,0.17265114,0.017637778,0.015296072,0.7472147
0.0,1.0,0.0,1.0,0.0,0.0,0.0,1.0,0.0,1.0,0.0,0.8571428571428571,1.0,0.041509386786472,2,2,0.060798608,0.21391411,0.030366447,0.029408952,0.6655119
0.0,1.0,1.0,0.0,0.0,0.0,1.0,0.0,0.0,1.0,0.0,0.2857142857142857,1.0,0.0796615207797237,0,0,0.13291052,0.5146044,0.062358532,0.023061736,0.26706484
1.0,0.0,0.0,1.0,0.0,0.0,0.0,1.0,0.0,1.0,0.0,0.0,0.0,0.1444371938450316,1,1,0.07325397,0.14829226,0.032872677,0.018456457,0.72712463
1.0,0.0,1.0,0.0,0.0,0.0,0.0,1.0,1.0,0.0,0.0,0.0,0.2222222222222222,0.1299005405428732,0,0,0.24534716,0.13305603,0.04705861,0.018670687,0.55586755
0.0,1.0,1.0,0.0,0.0,0.0,1.0,0.0,0.0,0.0,1.0,0.4285714285714285,0.7777777777777777,0.0600495638379705,1,1,0.0694336,0.27209052,0.022327298,0.0374909,0.59865767
0.0,1.0,1.0,0.0,0.0,0.0,1.0,0.0,0.0,1.0,0.0,0.5714285714285714,1.0,0.0991460116766393,4,4,0.07132202,0.26021227,0.036897775,0.01814891,0.61341906
0.0,1.0,1.0,0.0,0.0,0.0,1.0,0.0,0.0,1.0,0.0,0.5714285714285714,1.0,0.0486719531172364,1,1,0.07132202,0.26021227,0.036897775,0.01814891,0.61341906
0.0,1.0,1.0,0.0,0.0,0.0,1.0,0.0,0.0,1.0,0.0,0.5714285714285714,1.0,0.1689603549282584,1,1,0.07132202,0.26021227,0.036897775,0.01814891,0.61341906
0.0,1.0,0.0,1.0,0.0,0.0,1.0,0.0,0.0,1.0,0.0,0.2857142857142857,0.0,0.3004991683142775,0,0,0.041292213,0.1445042,0.050473012,0.016415812,0.74731475
0.0,1.0,0.0,1.0,0.0,0.0,0.0,1.0,0.0,0.0,1.0,0.4285714285714285,1.0,0.2134716641319249,1,1,0.13046604,0.26143903,0.043134972,0.024376076,0.5405839
0.0,1.0,0.0,0.0,1.0,0.0,0.0,1.0,0.0,0.0,1.0,0.1428571428571428,0.4444444444444444,0.0984588395971711,1,1,0.11165621,0.32021818,0.12731634,0.022202792,0.41860646
0.0,1.0,0.0,1.0,0.0,0.0,0.0,1.0,0.0,0.0,1.0,0.1428571428571428,1.0,0.0906312289844574,1,1,0.17985192,0.22923304,0.07847908,0.029497733,0.48293823
1.0,0.0,0.0,1.0,0.0,0.0,0.0,1.0,0.0,0.0,1.0,0.0,0.7777777777777777,0.0403399280323877,1,1,0.085476905,0.33727977,0.04243557,0.033210184,0.5015976
1.0,0.0,0.0,1.0,0.0,0.0,0.0,1.0,0.0,0.0,1.0,0.0,0.7777777777777777,0.0510418433349755,1,1,0.085476905,0.33727977,0.04243557,0.033210184,0.5015976
0.0,1.0,0.0,1.0,0.0,0.0,1.0,0.0,0.0,1.0,0.0,0.2857142857142857,1.0,0.1974308792245139,1,1,0.13518512,0.19854121,0.08206433,0.024097392,0.56011194
0.0,1.0,1.0,0.0,0.0,0.0,0.0,1.0,0.0,1.0,0.0,0.1428571428571428,0.0,0.0547495125348815,1,1,0.17174456,0.16940877,0.04162695,0.018281663,0.59893805
1.0,0.0,1.0,0.0,0.0,0.0,1.0,0.0,0.0,1.0,0.0,0.4285714285714285,1.0,0.0322932739485834,2,2,0.04585898,0.27962744,0.021620767,0.014772091,0.6381207
1.0,0.0,0.0,0.0,0.0,1.0,0.0,1.0,1.0,0.0,0.0,0.0,0.0,0.1595590637702645,1,1,0.23673548,0.11882643,0.048959855,0.016132334,0.57934594
1.0,0.0,0.0,0.0,1.0,0.0,0.0,1.0,0.0,1.0,0.0,0.0,0.0,0.0730595108365381,4,4,0.19274515,0.12399136,0.053046927,0.015563214,0.6146534
0.0,1.0,1.0,0.0,0.0,0.0,1.0,0.0,0.0,1.0,0.0,0.2857142857142857,1.0,0.0810796550120106,1,1,0.13291052,0.5146044,0.062358532,0.023061736,0.26706484
0.0,1.0,1.0,0.0,0.0,0.0,0.0,1.0,0.0,1.0,0.0,0.5714285714285714,1.0,0.0970391908676627,4,4,0.07132202,0.26021227,0.036897775,0.01814891,0.61341906
0.0,1.0,1.0,0.0,0.0,0.0,0.0,1.0,0.0,1.0,0.0,0.7142857142857142,1.0,0.0594536526300083,1,1,0.058855247,0.1922821,0.031587306,0.01871432,0.698561
0.0,1.0,1.0,0.0,0.0,0.0,1.0,0.0,0.0,1.0,0.0,0.1428571428571428,0.5555555555555556,0.0186069673875961,1,1,0.03829289,0.24712811,0.040301014,0.02176577,0.6525122
0.0,1.0,0.0,1.0,0.0,0.0,1.0,0.0,0.0,1.0,0.0,0.5714285714285714,0.0,0.1181977349925166,0,0,0.03467652,0.14875253,0.14588381,0.015093873,0.6555933
1.0,0.0,0.0,0.0,0.0,1.0,0.0,1.0,1.0,0.0,0.0,0.0,0.0,0.0341969255759938,1,1,0.23673548,0.11882643,0.048959855,0.016132334,0.57934594
0.0,1.0,0.0,1.0,0.0,0.0,1.0,0.0,0.0,0.0,1.0,0.2857142857142857,0.7777777777777777,0.2633722620425875,0,0,0.041743338,0.4352186,0.032358352,0.029284375,0.46139538
0.0,1.0,0.0,1.0,0.0,0.0,0.0,1.0,0.0,1.0,0.0,0.7142857142857142,0.0,0.3055580359348457,1,1,0.021918084,0.09331549,0.22570118,0.016396204,0.642669
0.0,1.0,0.0,0.0,1.0,0.0,0.0,1.0,1.0,0.0,0.0,0.1428571428571428,1.0,0.324418690529539,1,1,0.18473122,0.20026438,0.1749629,0.022391401,0.41765016
0.0,1.0,0.0,1.0,0.0,0.0,0.0,1.0,0.0,0.0,1.0,0.2857142857142857,1.0,0.068986208489805,1,1,0.17968439,0.2730925,0.074258424,0.024917908,0.44804674
1.0,0.0,1.0,0.0,0.0,0.0,0.0,1.0,1.0,0.0,0.0,0.0,0.0,0.0734864500860561,4,4,0.2834718,0.13289246,0.038517557,0.01825196,0.52686626
0.0,1.0,0.0,0.0,1.0,0.0,0.0,1.0,0.0,1.0,0.0,0.4285714285714285,0.4444444444444444,0.1123174140101461,1,1,0.14104952,0.11966904,0.028536363,0.01567524,0.69506985
0.0,1.0,0.0,0.0,1.0,0.0,0.0,1.0,0.0,1.0,0.0,0.4285714285714285,0.4444444444444444,0.0752271101569604,1,1,0.14104952,0.11966904,0.028536363,0.01567524,0.69506985
0.0,1.0,0.0,1.0,0.0,0.0,0.0,1.0,0.0,1.0,0.0,0.7142857142857142,1.0,0.1355866707052793,4,4,0.060073294,0.20419148,0.030067844,0.028842721,0.6768246
1.0,0.0,0.0,1.0,0.0,0.0,1.0,0.0,0.0,1.0,0.0,0.7142857142857142,0.0,0.093135102550651,1,1,0.021873895,0.13627617,0.19142736,0.0154986195,0.63492393
0.0,1.0,1.0,0.0,0.0,0.0,0.0,1.0,0.0,0.0,1.0,0.2857142857142857,1.0,0.1069718967556335,1,1,0.07324008,0.8207543,0.018986136,0.012101532,0.07491795
1.0,0.0,1.0,0.0,0.0,0.0,0.0,1.0,0.0,1.0,0.0,0.0,0.0,0.1257515505768009,1,1,0.17302619,0.14080939,0.027716774,0.017210538,0.6412371
0.0,1.0,1.0,0.0,0.0,0.0,1.0,0.0,0.0,1.0,0.0,0.2857142857142857,1.0,0.0330806076742116,1,1,0.13291052,0.5146044,0.062358532,0.023061736,0.26706484
1.0,0.0,0.0,0.0,1.0,0.0,1.0,0.0,1.0,0.0,0.0,0.0,0.0,0.0458006277661587,1,1,0.25846887,0.10353199,0.06898423,0.015801786,0.5532131
0.0,1.0,0.0,1.0,0.0,0.0,0.0,1.0,0.0,1.0,0.0,0.7142857142857142,1.0,0.0845994024173364,1,1,0.060073294,0.20419148,0.030067844,0.028842721,0.6768246
0.0,1.0,0.0,1.0,0.0,0.0,0.0,1.0,0.0,0.0,1.0,0.7142857142857142,1.0,0.1395381056813298,1,1,0.076490015,0.21179931,0.027068054,0.033646274,0.6509963
1.0,0.0,0.0,0.0,0.0,1.0,1.0,0.0,0.0,1.0,0.0,0.0,0.0,0.0427188338534637,1,1,0.17425878,0.12823898,0.02828747,0.014757727,0.65445703
1.0,0.0,0.0,1.0,0.0,0.0,1.0,0.0,0.0,1.0,0.0,1.0,0.7777777777777777,0.0243940319621627,1,1,0.033263028,0.19313633,0.018325375,0.028922915,0.7263524
0.0,1.0,1.0,0.0,0.0,0.0,1.0,0.0,0.0,1.0,0.0,0.2857142857142857,1.0,0.0622540200620861,1,1,0.13291052,0.5146044,0.062358532,0.023061736,0.26706484
1.0,0.0,0.0,1.0,0.0,0.0,1.0,0.0,0.0,1.0,0.0,0.0,0.0,0.1001661869361587,1,1,0.07325397,0.14829226,0.032872677,0.018456457,0.72712463
0.0,1.0,0.0,1.0,0.0,0.0,1.0,0.0,0.0,0.0,1.0,0.4285714285714285,1.0,0.0627257983604893,4,4,0.13046604,0.26143903,0.043134972,0.024376076,0.5405839
0.0,1.0,0.0,1.0,0.0,0.0,1.0,0.0,0.0,0.0,1.0,0.4285714285714285,1.0,0.0722476286006191,4,4,0.13046604,0.26143903,0.043134972,0.024376076,0.5405839
0.0,1.0,1.0,0.0,0.0,0.0,0.0,1.0,0.0,0.0,1.0,0.2857142857142857,1.0,0.1340401083500019,1,1,0.07324008,0.8207543,0.018986136,0.012101532,0.07491795
0.0,1.0,1.0,0.0,0.0,0.0,0.0,1.0,0.0,0.0,1.0,0.2857142857142857,1.0,0.0605166558847253,4,4,0.07324008,0.8207543,0.018986136,0.012101532,0.07491795
0.0,1.0,0.0,1.0,0.0,0.0,1.0,0.0,1.0,0.0,0.0,0.1428571428571428,1.0,0.1804916995308846,4,4,0.12973718,0.16269754,0.15330337,0.026566524,0.5276954
0.0,1.0,0.0,0.0,1.0,0.0,0.0,1.0,0.0,1.0,0.0,0.5714285714285714,0.6666666666666666,0.1399235700520202,1,1,0.19235456,0.13034368,0.024027562,0.018097183,0.635177
0.0,1.0,1.0,0.0,0.0,0.0,0.0,1.0,0.0,1.0,0.0,0.4285714285714285,1.0,0.0789328614075162,2,2,0.05966553,0.3669486,0.03644123,0.01864788,0.5182968
0.0,1.0,0.0,0.0,1.0,0.0,0.0,1.0,0.0,1.0,0.0,0.5714285714285714,0.6666666666666666,0.0620281985952339,0,0,0.19235456,0.13034368,0.024027562,0.018097183,0.635177
0.0,1.0,0.0,1.0,0.0,0.0,1.0,0.0,0.0,0.0,1.0,0.2857142857142857,1.0,0.0965705781167307,0,0,0.17968439,0.2730925,0.074258424,0.024917908,0.44804674
1.0,0.0,1.0,0.0,0.0,0.0,0.0,1.0,0.0,1.0,0.0,0.0,0.0,0.088720274873518,0,0,0.17302619,0.14080939,0.027716774,0.017210538,0.6412371
0.0,1.0,0.0,1.0,0.0,0.0,0.0,1.0,0.0,0.0,1.0,0.4285714285714285,1.0,0.1000003494904064,0,0,0.13046604,0.26143903,0.043134972,0.024376076,0.5405839
0.0,1.0,0.0,1.0,0.0,0.0,1.0,0.0,0.0,1.0,0.0,0.4285714285714285,0.2222222222222222,0.0944197748187728,1,1,0.0879312,0.0957041,0.07718083,0.016803559,0.7223803
1.0,0.0,0.0,1.0,0.0,0.0,0.0,1.0,1.0,0.0,0.0,0.0,0.3333333333333333,0.0790703206512332,1,1,0.10669378,0.14259766,0.0697083,0.021878293,0.65912193
0.0,1.0,1.0,0.0,0.0,0.0,0.0,1.0,0.0,0.0,1.0,0.2857142857142857,1.0,0.0676799856710562,1,1,0.07324008,0.8207543,0.018986136,0.012101532,0.07491795
0.0,1.0,0.0,1.0,0.0,0.0,1.0,0.0,0.0,1.0,0.0,0.4285714285714285,1.0,0.1497332292477014,1,1,0.07599253,0.23563513,0.039966714,0.021604389,0.62680125
1.0,0.0,0.0,1.0,0.0,0.0,1.0,0.0,1.0,0.0,0.0,0.0,0.0,0.1602394330261477,0,0,0.11228238,0.12685736,0.06806444,0.02002502,0.6727708
1.0,0.0,1.0,0.0,0.0,0.0,1.0,0.0,1.0,0.0,0.0,0.0,0.0,0.1295498351248069,1,1,0.2834718,0.13289246,0.038517557,0.01825196,0.52686626
0.0,1.0,0.0,1.0,0.0,0.0,1.0,0.0,0.0,0.0,1.0,0.4285714285714285,1.0,0.0933170780815502,0,0,0.13046604,0.26143903,0.043134972,0.024376076,0.5405839
0.0,1.0,0.0,1.0,0.0,0.0,0.0,1.0,0.0,1.0,0.0,0.4285714285714285,1.0,0.0716437849031115,1,1,0.07599253,0.23563513,0.039966714,0.021604389,0.62680125
1.0,0.0,0.0,1.0,0.0,0.0,0.0,1.0,1.0,0.0,0.0,0.0,0.0,0.0382459866567495,0,0,0.11228238,0.12685736,0.06806444,0.02002502,0.6727708
0.0,1.0,0.0,1.0,0.0,0.0,1.0,0.0,0.0,1.0,0.0,0.4285714285714285,0.7777777777777777,0.082430238944046,1,1,0.05193313,0.1728869,0.02819327,0.036812447,0.71017426
0.0,1.0,0.0,1.0,0.0,0.0,0.0,1.0,0.0,0.0,1.0,0.4285714285714285,1.0,0.2632436042622313,1,1,0.13046604,0.26143903,0.043134972,0.024376076,0.5405839
1.0,0.0,0.0,1.0,0.0,0.0,0.0,1.0,0.0,1.0,0.0,0.2857142857142857,0.8888888888888888,0.147023321989828,1,1,0.059757765,0.16977479,0.0343078,0.0286496,0.70751005
1.0,0.0,0.0,1.0,0.0,0.0,0.0,1.0,0.0,1.0,0.0,0.2857142857142857,0.8888888888888888,0.197528154636215,1,1,0.059757765,0.16977479,0.0343078,0.0286496,0.70751005
0.0,1.0,0.0,0.0,1.0,0.0,0.0,1.0,0.0,1.0,0.0,0.4285714285714285,1.0,0.1628673836392979,1,1,0.067220025,0.3330344,0.02686198,0.017407266,0.5554763
0.0,1.0,1.0,0.0,0.0,0.0,1.0,0.0,0.0,0.0,1.0,0.5714285714285714,1.0,0.1158844770397315,1,1,0.0778996,0.5127215,0.024422891,0.019122083,0.36583397
0.0,1.0,1.0,0.0,0.0,0.0,0.0,1.0,0.0,0.0,1.0,0.4285714285714285,1.0,0.0612301268360271,0,0,0.059995417,0.67612296,0.020013412,0.016848385,0.22701983
0.0,1.0,1.0,0.0,0.0,0.0,1.0,0.0,0.0,1.0,0.0,0.2857142857142857,0.0,0.0927496071451815,1,1,0.29849923,0.0649813,0.056486804,0.01791843,0.56211424
0.0,1.0,1.0,0.0,0.0,0.0,1.0,0.0,0.0,1.0,0.0,0.8571428571428571,1.0,0.1789732174437628,1,1,0.05365763,0.18148474,0.030133128,0.018195262,0.71652925
0.0,1.0,0.0,1.0,0.0,0.0,1.0,0.0,0.0,0.0,1.0,0.2857142857142857,1.0,0.2808298466867829,1,1,0.17968439,0.2730925,0.074258424,0.024917908,0.44804674
0.0,1.0,1.0,0.0,0.0,0.0,0.0,1.0,0.0,0.0,1.0,0.4285714285714285,1.0,0.072274597823682,1,1,0.059995417,0.67612296,0.020013412,0.016848385,0.22701983
0.0,1.0,1.0,0.0,0.0,0.0,0.0,1.0,0.0,0.0,1.0,0.4285714285714285,1.0,0.0828032583683058,0,0,0.059995417,0.67612296,0.020013412,0.016848385,0.22701983
0.0,1.0,1.0,0.0,0.0,0.0,1.0,0.0,0.0,0.0,1.0,0.2857142857142857,1.0,0.1119398324733544,4,4,0.07324008,0.8207543,0.018986136,0.012101532,0.07491795
1.0,0.0,0.0,1.0,0.0,0.0,0.0,1.0,0.0,1.0,0.0,0.0,0.0,0.017303748735467,0,0,0.07325397,0.14829226,0.032872677,0.018456457,0.72712463
1.0,0.0,0.0,1.0,0.0,0.0,0.0,1.0,0.0,1.0,0.0,0.0,0.0,0.0828032583683058,1,1,0.07325397,0.14829226,0.032872677,0.018456457,0.72712463
0.0,1.0,0.0,1.0,0.0,0.0,1.0,0.0,0.0,1.0,0.0,0.2857142857142857,1.0,0.1214691731300334,4,4,0.13518512,0.19854121,0.08206433,0.024097392,0.56011194
0.0,1.0,0.0,0.0,1.0,0.0,1.0,0.0,0.0,1.0,0.0,1.0,1.0,0.0310923614458521,1,1,0.06236245,0.22944175,0.022256019,0.018575894,0.6673639
0.0,1.0,0.0,1.0,0.0,0.0,0.0,1.0,0.0,1.0,0.0,0.5714285714285714,1.0,0.0524783811912858,4,4,0.072717816,0.22513574,0.02771587,0.022588385,0.6518422
0.0,1.0,1.0,0.0,0.0,0.0,0.0,1.0,0.0,1.0,0.0,0.8571428571428571,1.0,0.0373114673876254,1,1,0.05365763,0.18148474,0.030133128,0.018195262,0.71652925
0.0,1.0,0.0,0.0,1.0,0.0,1.0,0.0,0.0,1.0,0.0,1.0,1.0,0.0589501443734239,1,1,0.06236245,0.22944175,0.022256019,0.018575894,0.6673639
0.0,1.0,0.0,1.0,0.0,0.0,0.0,1.0,0.0,0.0,1.0,0.2857142857142857,1.0,0.1201491025928374,1,1,0.17968439,0.2730925,0.074258424,0.024917908,0.44804674
1.0,0.0,1.0,0.0,0.0,0.0,1.0,0.0,1.0,0.0,0.0,0.0,0.0,0.0333010166755838,1,1,0.2834718,0.13289246,0.038517557,0.01825196,0.52686626
0.0,1.0,1.0,0.0,0.0,0.0,1.0,0.0,0.0,0.0,1.0,0.5714285714285714,1.0,0.0849123633370262,1,1,0.0778996,0.5127215,0.024422891,0.019122083,0.36583397
1.0,0.0,0.0,1.0,0.0,0.0,1.0,0.0,1.0,0.0,0.0,0.0,0.0,0.0931856768267192,0,0,0.11228238,0.12685736,0.06806444,0.02002502,0.6727708
0.0,1.0,0.0,0.0,1.0,0.0,0.0,1.0,0.0,0.0,1.0,0.4285714285714285,1.0,0.0997710831630709,1,1,0.08592373,0.522568,0.03523299,0.020770047,0.33550528
0.0,1.0,1.0,0.0,0.0,0.0,0.0,1.0,0.0,1.0,0.0,0.5714285714285714,1.0,0.2237849681372188,1,1,0.07132202,0.26021227,0.036897775,0.01814891,0.61341906
1.0,0.0,0.0,1.0,0.0,0.0,0.0,1.0,1.0,0.0,0.0,0.0,0.0,0.0238869609129343,4,4,0.11228238,0.12685736,0.06806444,0.02002502,0.6727708
0.0,1.0,1.0,0.0,0.0,0.0,1.0,0.0,0.0,0.0,1.0,0.5714285714285714,1.0,0.2569591856277817,0,0,0.0778996,0.5127215,0.024422891,0.019122083,0.36583397
0.0,1.0,0.0,1.0,0.0,0.0,0.0,1.0,0.0,1.0,0.0,0.7142857142857142,1.0,0.0126811975229307,1,1,0.060073294,0.20419148,0.030067844,0.028842721,0.6768246
0.0,1.0,0.0,1.0,0.0,0.0,1.0,0.0,0.0,1.0,0.0,1.0,1.0,0.0867198971499971,2,2,0.058062356,0.23959993,0.030644601,0.029678335,0.64201474
0.0,1.0,1.0,0.0,0.0,0.0,0.0,1.0,0.0,0.0,1.0,0.4285714285714285,1.0,0.0930282187713317,1,1,0.059995417,0.67612296,0.020013412,0.016848385,0.22701983
0.0,1.0,1.0,0.0,0.0,0.0,0.0,1.0,0.0,0.0,1.0,0.4285714285714285,1.0,0.0936656172720332,1,1,0.059995417,0.67612296,0.020013412,0.016848385,0.22701983
0.0,1.0,0.0,1.0,0.0,0.0,0.0,1.0,0.0,0.0,1.0,0.2857142857142857,1.0,0.1493721209716712,1,1,0.17968439,0.2730925,0.074258424,0.024917908,0.44804674
0.0,1.0,0.0,1.0,0.0,0.0,0.0,1.0,0.0,0.0,1.0,0.2857142857142857,1.0,0.1368470303274317,0,0,0.17968439,0.2730925,0.074258424,0.024917908,0.44804674
0.0,1.0,1.0,0.0,0.0,0.0,0.0,1.0,0.0,0.0,1.0,0.2857142857142857,1.0,0.2062368364214373,1,1,0.07324008,0.8207543,0.018986136,0.012101532,0.07491795
0.0,1.0,0.0,1.0,0.0,0.0,1.0,0.0,0.0,0.0,1.0,0.2857142857142857,1.0,0.2758519674258291,0,0,0.17968439,0.2730925,0.074258424,0.024917908,0.44804674
0.0,1.0,0.0,1.0,0.0,0.0,0.0,1.0,0.0,1.0,0.0,1.0,1.0,0.0682728244358847,1,1,0.058062356,0.23959993,0.030644601,0.029678335,0.64201474
1.0,0.0,0.0,1.0,0.0,0.0,1.0,0.0,1.0,0.0,0.0,0.0,0.0,0.1326275045153557,4,4,0.11228238,0.12685736,0.06806444,0.02002502,0.6727708
0.0,1.0,0.0,1.0,0.0,0.0,0.0,1.0,0.0,1.0,0.0,0.5714285714285714,1.0,0.0975137995379224,1,1,0.072717816,0.22513574,0.02771587,0.022588385,0.6518422
0.0,1.0,1.0,0.0,0.0,0.0,0.0,1.0,1.0,0.0,0.0,0.1428571428571428,0.0,0.2286900025646016,1,1,0.2649552,0.12974305,0.052204445,0.018259754,0.53483754
0.0,1.0,1.0,0.0,0.0,0.0,0.0,1.0,1.0,0.0,0.0,0.1428571428571428,0.0,0.1303006781571356,1,1,0.2649552,0.12974305,0.052204445,0.018259754,0.53483754
0.0,1.0,0.0,1.0,0.0,0.0,0.0,1.0,0.0,0.0,1.0,0.1428571428571428,1.0,0.0373509063849422,1,1,0.17985192,0.22923304,0.07847908,0.029497733,0.48293823
1.0,0.0,1.0,0.0,0.0,0.0,0.0,1.0,0.0,1.0,0.0,0.0,0.6666666666666666,0.113291372276587,1,1,0.05146041,0.16961366,0.022631401,0.018009463,0.73828506
0.0,1.0,0.0,1.0,0.0,0.0,1.0,0.0,0.0,1.0,0.0,0.2857142857142857,1.0,0.0650222292560307,1,1,0.13518512,0.19854121,0.08206433,0.024097392,0.56011194
0.0,1.0,1.0,0.0,0.0,0.0,0.0,1.0,0.0,1.0,0.0,0.8571428571428571,1.0,0.1970552714996748,1,1,0.05365763,0.18148474,0.030133128,0.018195262,0.71652925
0.0,1.0,1.0,0.0,0.0,0.0,0.0,1.0,0.0,1.0,0.0,0.8571428571428571,1.0,0.0391140170150682,1,1,0.05365763,0.18148474,0.030133128,0.018195262,0.71652925
1.0,0.0,0.0,1.0,0.0,0.0,1.0,0.0,0.0,1.0,0.0,0.8571428571428571,0.0,0.065099549304752,0,0,0.021416543,0.2115815,0.18936911,0.015479243,0.56215364
0.0,1.0,1.0,0.0,0.0,0.0,1.0,0.0,0.0,1.0,0.0,0.1428571428571428,0.2222222222222222,0.1277359515960263,0,0,0.11425919,0.10235357,0.05178229,0.019911962,0.7116929
1.0,0.0,0.0,1.0,0.0,0.0,1.0,0.0,0.0,1.0,0.0,0.8571428571428571,1.0,0.0553068040636959,4,4,0.04816126,0.14841983,0.022667402,0.024094228,0.75665724
0.0,1.0,0.0,1.0,0.0,0.0,1.0,0.0,0.0,1.0,0.0,0.8571428571428571,1.0,0.1469186230589594,1,1,0.060798608,0.21391411,0.030366447,0.029408952,0.6655119
0.0,1.0,0.0,1.0,0.0,0.0,1.0,0.0,0.0,1.0,0.0,0.8571428571428571,1.0,0.1182915841646018,1,1,0.060798608,0.21391411,0.030366447,0.029408952,0.6655119
1.0,0.0,1.0,0.0,0.0,0.0,1.0,0.0,0.0,1.0,0.0,0.0,0.0,0.048365813641999,1,1,0.17302619,0.14080939,0.027716774,0.017210538,0.6412371
0.0,1.0,0.0,1.0,0.0,0.0,0.0,1.0,0.0,1.0,0.0,0.8571428571428571,0.7777777777777777,0.2708779116496639,0,0,0.044680588,0.24165513,0.024588196,0.03554764,0.6535285
0.0,1.0,1.0,0.0,0.0,0.0,0.0,1.0,0.0,0.0,1.0,0.1428571428571428,0.6666666666666666,0.2235481355307316,1,1,0.023963502,0.13916552,0.013568129,0.012455768,0.8108471
0.0,1.0,0.0,1.0,0.0,0.0,0.0,1.0,0.0,1.0,0.0,1.0,1.0,0.0778493938194418,1,1,0.058062356,0.23959993,0.030644601,0.029678335,0.64201474
0.0,1.0,0.0,1.0,0.0,0.0,0.0,1.0,0.0,1.0,0.0,1.0,1.0,0.0622634360140738,4,4,0.058062356,0.23959993,0.030644601,0.029678335,0.64201474
0.0,1.0,0.0,1.0,0.0,0.0,0.0,1.0,0.0,1.0,0.0,1.0,1.0,0.0561898490481571,0,0,0.058062356,0.23959993,0.030644601,0.029678335,0.64201474
1.0,0.0,0.0,0.0,1.0,0.0,1.0,0.0,0.0,1.0,0.0,0.4285714285714285,0.5555555555555556,0.0596398923395598,1,1,0.098695576,0.09926927,0.02472994,0.014446401,0.7628588
1.0,0.0,0.0,1.0,0.0,0.0,1.0,0.0,0.0,1.0,0.0,0.8571428571428571,1.0,0.2688790484233646,0,0,0.04816126,0.14841983,0.022667402,0.024094228,0.75665724
0.0,1.0,0.0,1.0,0.0,0.0,0.0,1.0,0.0,0.0,1.0,0.4285714285714285,1.0,0.0402508458023766,1,1,0.13046604,0.26143903,0.043134972,0.024376076,0.5405839
0.0,1.0,0.0,1.0,0.0,0.0,0.0,1.0,0.0,0.0,1.0,0.7142857142857142,1.0,0.1234141972215003,1,1,0.076490015,0.21179931,0.027068054,0.033646274,0.6509963
0.0,1.0,0.0,1.0,0.0,0.0,1.0,0.0,0.0,0.0,1.0,0.4285714285714285,1.0,0.0703032314116906,2,2,0.13046604,0.26143903,0.043134972,0.024376076,0.5405839
0.0,1.0,0.0,1.0,0.0,0.0,1.0,0.0,0.0,0.0,1.0,0.4285714285714285,1.0,0.0607053597557396,0,0,0.13046604,0.26143903,0.043134972,0.024376076,0.5405839
0.0,1.0,0.0,1.0,0.0,0.0,0.0,1.0,0.0,0.0,1.0,0.2857142857142857,1.0,0.1848301630304935,4,4,0.17968439,0.2730925,0.074258424,0.024917908,0.44804674
0.0,1.0,0.0,0.0,1.0,0.0,1.0,0.0,0.0,1.0,0.0,0.5714285714285714,0.0,0.0730329947212505,1,1,0.11880699,0.14391449,0.0961366,0.016146291,0.6249956
0.0,1.0,1.0,0.0,0.0,0.0,0.0,1.0,0.0,1.0,0.0,0.8571428571428571,1.0,0.2134843759774561,2,2,0.05365763,0.18148474,0.030133128,0.018195262,0.71652925
0.0,1.0,0.0,1.0,0.0,0.0,1.0,0.0,0.0,1.0,0.0,0.4285714285714285,0.0,0.0570625160024777,1,1,0.047026206,0.14697951,0.06292374,0.01602149,0.727049
0.0,1.0,0.0,1.0,0.0,0.0,1.0,0.0,0.0,1.0,0.0,0.4285714285714285,0.0,0.1205571478688218,0,0,0.047026206,0.14697951,0.06292374,0.01602149,0.727049
0.0,1.0,0.0,1.0,0.0,0.0,1.0,0.0,0.0,1.0,0.0,0.4285714285714285,0.0,0.0521063176382232,1,1,0.047026206,0.14697951,0.06292374,0.01602149,0.727049
0.0,1.0,0.0,1.0,0.0,0.0,1.0,0.0,0.0,1.0,0.0,0.4285714285714285,0.8888888888888888,0.0479705205567586,1,1,0.049183972,0.28831083,0.026784787,0.03321794,0.60250247
1.0,0.0,0.0,1.0,0.0,0.0,1.0,0.0,0.0,1.0,0.0,0.0,0.0,0.0596476634482536,1,1,0.07325397,0.14829226,0.032872677,0.018456457,0.72712463
1.0,0.0,0.0,1.0,0.0,0.0,1.0,0.0,0.0,1.0,0.0,0.0,0.0,0.2231868658738501,0,0,0.07325397,0.14829226,0.032872677,0.018456457,0.72712463
0.0,1.0,0.0,1.0,0.0,0.0,0.0,1.0,0.0,0.0,1.0,0.5714285714285714,1.0,0.0885477897780764,1,1,0.1150125,0.19572452,0.023333743,0.022854952,0.6430743
1.0,0.0,1.0,0.0,0.0,0.0,1.0,0.0,0.0,1.0,0.0,0.8571428571428571,0.3333333333333333,0.0407877319639139,0,0,0.029952627,0.19324546,0.01496971,0.012147378,0.7496848
0.0,1.0,1.0,0.0,0.0,0.0,1.0,0.0,0.0,1.0,0.0,0.8571428571428571,1.0,0.0503369566035807,1,1,0.05365763,0.18148474,0.030133128,0.018195262,0.71652925
1.0,0.0,0.0,0.0,1.0,0.0,1.0,0.0,1.0,0.0,0.0,0.0,0.0,0.1117370388126157,1,1,0.25846887,0.10353199,0.06898423,0.015801786,0.5532131
1.0,0.0,0.0,1.0,0.0,0.0,1.0,0.0,0.0,1.0,0.0,0.8571428571428571,0.7777777777777777,0.1001026152945914,0,0,0.034136485,0.16683969,0.01779716,0.02808924,0.7531374
1.0,0.0,0.0,1.0,0.0,0.0,1.0,0.0,0.0,1.0,0.0,0.8571428571428571,0.7777777777777777,0.221720683596516,1,1,0.034136485,0.16683969,0.01779716,0.02808924,0.7531374
1.0,0.0,0.0,1.0,0.0,0.0,1.0,0.0,1.0,0.0,0.0,0.0,0.0,0.0997609968598541,4,4,0.11228238,0.12685736,0.06806444,0.02002502,0.6727708
0.0,1.0,1.0,0.0,0.0,0.0,0.0,1.0,0.0,1.0,0.0,0.1428571428571428,0.0,0.1109003039255704,4,4,0.17174456,0.16940877,0.04162695,0.018281663,0.59893805
1.0,0.0,0.0,1.0,0.0,0.0,1.0,0.0,1.0,0.0,0.0,0.0,0.0,0.0447774328226301,4,4,0.11228238,0.12685736,0.06806444,0.02002502,0.6727708
1.0,0.0,0.0,0.0,1.0,0.0,0.0,1.0,0.0,1.0,0.0,0.0,0.0,0.099744293941727,1,1,0.19274515,0.12399136,0.053046927,0.015563214,0.6146534
0.0,1.0,0.0,1.0,0.0,0.0,0.0,1.0,0.0,1.0,0.0,0.7142857142857142,1.0,0.0958974958269869,1,1,0.060073294,0.20419148,0.030067844,0.028842721,0.6768246
0.0,1.0,0.0,1.0,0.0,0.0,1.0,0.0,0.0,0.0,1.0,0.2857142857142857,1.0,0.0353475989782716,4,4,0.17968439,0.2730925,0.074258424,0.024917908,0.44804674
0.0,1.0,0.0,1.0,0.0,0.0,0.0,1.0,0.0,0.0,1.0,0.5714285714285714,1.0,0.0791639960285553,4,4,0.1150125,0.19572452,0.023333743,0.022854952,0.6430743
0.0,1.0,0.0,1.0,0.0,0.0,1.0,0.0,0.0,0.0,1.0,0.4285714285714285,0.6666666666666666,0.2401887358213194,4,4,0.07768946,0.19777748,0.02841494,0.032400437,0.6637177
0.0,1.0,1.0,0.0,0.0,0.0,0.0,1.0,0.0,1.0,0.0,0.5714285714285714,1.0,0.0517665612902336,2,2,0.07132202,0.26021227,0.036897775,0.01814891,0.61341906
0.0,1.0,1.0,0.0,0.0,0.0,1.0,0.0,0.0,1.0,0.0,1.0,1.0,0.088898979338697,2,2,0.05323838,0.20885673,0.030343283,0.018322164,0.6892394
0.0,1.0,1.0,0.0,0.0,0.0,1.0,0.0,0.0,1.0,0.0,1.0,1.0,0.155567593929138,1,1,0.05323838,0.20885673,0.030343283,0.018322164,0.6892394
0.0,1.0,1.0,0.0,0.0,0.0,1.0,0.0,0.0,1.0,0.0,0.2857142857142857,0.7777777777777777,0.0319531762180234,4,4,0.1026645,0.31249604,0.05409295,0.03032639,0.5004201
0.0,1.0,1.0,0.0,0.0,0.0,1.0,0.0,0.0,1.0,0.0,0.5714285714285714,0.0,0.0432131216771689,4,4,0.07605029,0.08459926,0.12295885,0.014678506,0.7017131
0.0,1.0,0.0,0.0,1.0,0.0,1.0,0.0,0.0,0.0,1.0,0.4285714285714285,1.0,0.1275342751873363,1,1,0.08592373,0.522568,0.03523299,0.020770047,0.33550528
0.0,1.0,0.0,0.0,1.0,0.0,0.0,1.0,0.0,0.0,1.0,0.4285714285714285,1.0,0.0478999443655419,1,1,0.08592373,0.522568,0.03523299,0.020770047,0.33550528
0.0,1.0,0.0,0.0,1.0,0.0,1.0,0.0,0.0,1.0,0.0,0.5714285714285714,0.0,0.0641371235622354,1,1,0.11880699,0.14391449,0.0961366,0.016146291,0.6249956
0.0,1.0,0.0,0.0,1.0,0.0,1.0,0.0,0.0,1.0,0.0,0.7142857142857142,0.0,0.1657884887760981,0,0,0.13080615,0.12096647,0.13487992,0.016640669,0.5967068
0.0,1.0,1.0,0.0,0.0,0.0,1.0,0.0,1.0,0.0,0.0,0.1428571428571428,0.8888888888888888,0.1124002272147732,1,1,0.20031391,0.38621956,0.059840024,0.02637188,0.32725465
0.0,1.0,0.0,1.0,0.0,0.0,1.0,0.0,0.0,1.0,0.0,0.5714285714285714,0.8888888888888888,0.0402066491734194,1,1,0.07620092,0.26095816,0.023462793,0.0341734,0.60520476
0.0,1.0,0.0,1.0,0.0,0.0,0.0,1.0,1.0,0.0,0.0,0.1428571428571428,0.0,0.0723026222292352,2,2,0.06596341,0.17437021,0.07410666,0.018552786,0.6670069
0.0,1.0,0.0,0.0,1.0,0.0,1.0,0.0,0.0,1.0,0.0,0.7142857142857142,1.0,0.0747443207189224,1,1,0.07402978,0.18375507,0.021368045,0.017834751,0.7030123
0.0,1.0,0.0,0.0,1.0,0.0,1.0,0.0,0.0,1.0,0.0,0.7142857142857142,1.0,0.0503010493641287,0,0,0.07402978,0.18375507,0.021368045,0.017834751,0.7030123
0.0,1.0,0.0,0.0,0.0,1.0,0.0,1.0,0.0,1.0,0.0,0.7142857142857142,0.8888888888888888,0.0965973921658979,1,1,0.17773496,0.09520779,0.025125429,0.023030985,0.67890084
0.0,1.0,1.0,0.0,0.0,0.0,1.0,0.0,0.0,1.0,0.0,1.0,1.0,0.2069436100674032,2,2,0.05323838,0.20885673,0.030343283,0.018322164,0.6892394
1.0,0.0,1.0,0.0,0.0,0.0,1.0,0.0,0.0,1.0,0.0,0.0,0.0,0.1137464786916422,1,1,0.17302619,0.14080939,0.027716774,0.017210538,0.6412371
0.0,1.0,0.0,1.0,0.0,0.0,1.0,0.0,0.0,1.0,0.0,0.8571428571428571,0.8888888888888888,0.0587521859312734,1,1,0.04979022,0.27219912,0.025746739,0.044561457,0.60770243
0.0,1.0,0.0,1.0,0.0,0.0,1.0,0.0,0.0,1.0,0.0,0.8571428571428571,0.8888888888888888,0.1181794493006539,1,1,0.04979022,0.27219912,0.025746739,0.044561457,0.60770243
1.0,0.0,0.0,1.0,0.0,0.0,1.0,0.0,0.0,1.0,0.0,0.0,0.4444444444444444,0.0496930656270854,4,4,0.060047783,0.35594213,0.030757014,0.016536497,0.5367166
1.0,0.0,0.0,1.0,0.0,0.0,1.0,0.0,1.0,0.0,0.0,0.0,0.0,0.1167518370468211,1,1,0.11228238,0.12685736,0.06806444,0.02002502,0.6727708
0.0,1.0,0.0,1.0,0.0,0.0,1.0,0.0,0.0,0.0,1.0,0.1428571428571428,1.0,0.0487358164857275,1,1,0.17985192,0.22923304,0.07847908,0.029497733,0.48293823
0.0,1.0,0.0,1.0,0.0,0.0,1.0,0.0,0.0,0.0,1.0,0.2857142857142857,0.5555555555555556,0.1085183225578828,1,1,0.039211262,0.3981929,0.0597333,0.017717475,0.48514503
1.0,0.0,0.0,1.0,0.0,0.0,1.0,0.0,0.0,0.0,1.0,0.7142857142857142,1.0,0.0748147200118979,1,1,0.062589295,0.1769892,0.02204843,0.028696883,0.70967615
0.0,1.0,0.0,0.0,1.0,0.0,1.0,0.0,0.0,0.0,1.0,0.4285714285714285,1.0,0.2168735228252524,1,1,0.08592373,0.522568,0.03523299,0.020770047,0.33550528
1.0,0.0,0.0,0.0,1.0,0.0,1.0,0.0,0.0,1.0,0.0,0.0,0.0,0.0745390939314999,1,1,0.19274515,0.12399136,0.053046927,0.015563214,0.6146534
0.0,1.0,0.0,0.0,1.0,0.0,1.0,0.0,0.0,0.0,1.0,0.2857142857142857,1.0,0.1480710685471253,0,0,0.289438,0.2950548,0.15277061,0.020377817,0.2423588
0.0,1.0,0.0,0.0,1.0,0.0,0.0,1.0,0.0,1.0,0.0,0.8571428571428571,1.0,0.1444371938450316,0,0,0.07100009,0.19243841,0.021835715,0.01822509,0.69650066
0.0,1.0,1.0,0.0,0.0,0.0,1.0,0.0,1.0,0.0,0.0,0.1428571428571428,0.0,0.0220662186979663,4,4,0.2649552,0.12974305,0.052204445,0.018259754,0.53483754
1.0,0.0,0.0,1.0,0.0,0.0,1.0,0.0,0.0,1.0,0.0,0.8571428571428571,1.0,0.027256503090755,2,2,0.04816126,0.14841983,0.022667402,0.024094228,0.75665724
1.0,0.0,0.0,1.0,0.0,0.0,1.0,0.0,0.0,1.0,0.0,0.8571428571428571,1.0,0.0562181217319434,2,2,0.04816126,0.14841983,0.022667402,0.024094228,0.75665724
1.0,0.0,0.0,1.0,0.0,0.0,1.0,0.0,0.0,0.0,1.0,0.4285714285714285,0.6666666666666666,0.1710807379357142,1,1,0.05403672,0.17418472,0.02106031,0.025640968,0.7250773
1.0,0.0,0.0,1.0,0.0,0.0,1.0,0.0,0.0,0.0,1.0,0.4285714285714285,0.6666666666666666,0.085963300269618,1,1,0.05403672,0.17418472,0.02106031,0.025640968,0.7250773
0.0,1.0,0.0,1.0,0.0,0.0,0.0,1.0,0.0,1.0,0.0,0.8571428571428571,1.0,0.0017166810488104,1,1,0.060798608,0.21391411,0.030366447,0.029408952,0.6655119
0.0,1.0,0.0,1.0,0.0,0.0,0.0,1.0,0.0,1.0,0.0,0.4285714285714285,1.0,0.1233972149903611,4,4,0.07599253,0.23563513,0.039966714,0.021604389,0.62680125
1.0,0.0,0.0,1.0,0.0,0.0,0.0,1.0,1.0,0.0,0.0,0.0,0.0,0.2115720128875443,0,0,0.11228238,0.12685736,0.06806444,0.02002502,0.6727708
1.0,0.0,0.0,1.0,0.0,0.0,0.0,1.0,1.0,0.0,0.0,0.0,0.0,0.1699434622475864,1,1,0.11228238,0.12685736,0.06806444,0.02002502,0.6727708
0.0,1.0,1.0,0.0,0.0,0.0,0.0,1.0,0.0,0.0,1.0,0.4285714285714285,1.0,0.1606647584671509,1,1,0.059995417,0.67612296,0.020013412,0.016848385,0.22701983
0.0,1.0,1.0,0.0,0.0,0.0,1.0,0.0,0.0,1.0,0.0,0.5714285714285714,1.0,0.0111438881870505,1,1,0.07132202,0.26021227,0.036897775,0.01814891,0.61341906
0.0,1.0,0.0,1.0,0.0,0.0,1.0,0.0,0.0,1.0,0.0,0.4285714285714285,1.0,0.0258155831236317,4,4,0.07599253,0.23563513,0.039966714,0.021604389,0.62680125
0.0,1.0,0.0,1.0,0.0,0.0,1.0,0.0,0.0,1.0,0.0,0.4285714285714285,1.0,0.0341269731838377,4,4,0.07599253,0.23563513,0.039966714,0.021604389,0.62680125
1.0,0.0,1.0,0.0,0.0,0.0,0.0,1.0,1.0,0.0,0.0,0.0,0.0,0.0960248129048846,4,4,0.2834718,0.13289246,0.038517557,0.01825196,0.52686626
0.0,1.0,0.0,0.0,1.0,0.0,0.0,1.0,0.0,0.0,1.0,0.5714285714285714,1.0,0.0849220710159377,4,4,0.0951033,0.26286152,0.026228257,0.018158792,0.59764814
0.0,1.0,0.0,1.0,0.0,0.0,0.0,1.0,0.0,0.0,1.0,0.1428571428571428,1.0,0.1330226641510459,1,1,0.17985192,0.22923304,0.07847908,0.029497733,0.48293823
0.0,1.0,0.0,1.0,0.0,0.0,0.0,1.0,0.0,0.0,1.0,0.5714285714285714,1.0,0.1281472493168635,1,1,0.1150125,0.19572452,0.023333743,0.022854952,0.6430743
0.0,1.0,0.0,1.0,0.0,0.0,0.0,1.0,0.0,1.0,0.0,0.7142857142857142,1.0,0.0623114654382534,1,1,0.060073294,0.20419148,0.030067844,0.028842721,0.6768246
0.0,1.0,0.0,1.0,0.0,0.0,1.0,0.0,0.0,0.0,1.0,0.4285714285714285,1.0,0.1690426964042427,1,1,0.13046604,0.26143903,0.043134972,0.024376076,0.5405839
0.0,1.0,0.0,1.0,0.0,0.0,1.0,0.0,0.0,1.0,0.0,0.7142857142857142,1.0,0.0864408820717182,1,1,0.060073294,0.20419148,0.030067844,0.028842721,0.6768246
0.0,1.0,0.0,1.0,0.0,0.0,1.0,0.0,0.0,0.0,1.0,0.5714285714285714,1.0,0.121161966058394,0,0,0.1150125,0.19572452,0.023333743,0.022854952,0.6430743
0.0,1.0,1.0,0.0,0.0,0.0,0.0,1.0,0.0,1.0,0.0,1.0,1.0,0.0997059535755914,1,1,0.05323838,0.20885673,0.030343283,0.018322164,0.6892394
0.0,1.0,1.0,0.0,0.0,0.0,1.0,0.0,0.0,1.0,0.0,0.5714285714285714,0.3333333333333333,0.2375034329363392,0,0,0.0571376,0.12818351,0.025678534,0.014402786,0.7745975
0.0,1.0,0.0,1.0,0.0,0.0,1.0,0.0,0.0,1.0,0.0,0.7142857142857142,0.0,0.0503369566035807,2,2,0.021918084,0.09331549,0.22570118,0.016396204,0.642669
0.0,1.0,1.0,0.0,0.0,0.0,1.0,0.0,0.0,1.0,0.0,0.8571428571428571,1.0,0.1210562740145932,2,2,0.05365763,0.18148474,0.030133128,0.018195262,0.71652925
0.0,1.0,0.0,1.0,0.0,0.0,0.0,1.0,0.0,0.0,1.0,0.4285714285714285,1.0,0.3260499530040145,1,1,0.13046604,0.26143903,0.043134972,0.024376076,0.5405839
1.0,0.0,0.0,1.0,0.0,0.0,1.0,0.0,1.0,0.0,0.0,0.0,0.0,0.0987061433381363,0,0,0.11228238,0.12685736,0.06806444,0.02002502,0.6727708
1.0,0.0,0.0,1.0,0.0,0.0,1.0,0.0,0.0,1.0,0.0,0.8571428571428571,0.3333333333333333,0.2581065786539054,1,1,0.02436001,0.3810966,0.018618867,0.022155397,0.5537692
0.0,1.0,0.0,1.0,0.0,0.0,1.0,0.0,1.0,0.0,0.0,0.1428571428571428,0.0,0.2238739758837599,0,0,0.06596341,0.17437021,0.07410666,0.018552786,0.6670069
0.0,1.0,0.0,1.0,0.0,0.0,1.0,0.0,1.0,0.0,0.0,0.1428571428571428,0.0,0.0411830529804556,1,1,0.06596341,0.17437021,0.07410666,0.018552786,0.6670069
0.0,1.0,0.0,1.0,0.0,0.0,1.0,0.0,0.0,1.0,0.0,0.2857142857142857,0.6666666666666666,0.3017291883363537,1,1,0.038742237,0.21536437,0.038624812,0.02050961,0.68675894
0.0,1.0,0.0,1.0,0.0,0.0,1.0,0.0,0.0,1.0,0.0,0.2857142857142857,0.6666666666666666,0.0217077902751139,4,4,0.038742237,0.21536437,0.038624812,0.02050961,0.68675894
0.0,1.0,0.0,1.0,0.0,0.0,1.0,0.0,0.0,0.0,1.0,0.2857142857142857,0.8888888888888888,0.0806495564219773,0,0,0.088205434,0.320451,0.038994387,0.036252588,0.5160966
1.0,0.0,1.0,0.0,0.0,0.0,0.0,1.0,1.0,0.0,0.0,0.0,0.0,0.0237482944163093,0,0,0.2834718,0.13289246,0.038517557,0.01825196,0.52686626
0.0,1.0,0.0,1.0,0.0,0.0,1.0,0.0,0.0,0.0,1.0,0.5714285714285714,1.0,0.0612091473253361,0,0,0.1150125,0.19572452,0.023333743,0.022854952,0.6430743
0.0,1.0,0.0,1.0,0.0,0.0,1.0,0.0,0.0,1.0,0.0,0.5714285714285714,0.7777777777777777,0.1967647238974717,1,1,0.080659434,0.22003908,0.02376835,0.029843895,0.6456892
0.0,1.0,0.0,1.0,0.0,0.0,0.0,1.0,0.0,0.0,1.0,0.4285714285714285,1.0,0.068419389283798,2,2,0.13046604,0.26143903,0.043134972,0.024376076,0.5405839
0.0,1.0,1.0,0.0,0.0,0.0,0.0,1.0,0.0,1.0,0.0,0.7142857142857142,1.0,0.0574682026352483,4,4,0.058855247,0.1922821,0.031587306,0.01871432,0.698561
0.0,1.0,1.0,0.0,0.0,0.0,0.0,1.0,0.0,1.0,0.0,0.7142857142857142,1.0,0.132508628897381,4,4,0.058855247,0.1922821,0.031587306,0.01871432,0.698561
0.0,1.0,1.0,0.0,0.0,0.0,1.0,0.0,0.0,1.0,0.0,0.7142857142857142,1.0,0.1778902650330219,1,1,0.058855247,0.1922821,0.031587306,0.01871432,0.698561
0.0,1.0,1.0,0.0,0.0,0.0,1.0,0.0,0.0,1.0,0.0,0.7142857142857142,1.0,0.0803053248588374,1,1,0.058855247,0.1922821,0.031587306,0.01871432,0.698561
0.0,1.0,0.0,1.0,0.0,0.0,0.0,1.0,0.0,0.0,1.0,0.2857142857142857,1.0,0.1159902063252673,2,2,0.17968439,0.2730925,0.074258424,0.024917908,0.44804674
0.0,1.0,0.0,1.0,0.0,0.0,1.0,0.0,0.0,1.0,0.0,1.0,1.0,0.1557463418430078,2,2,0.058062356,0.23959993,0.030644601,0.029678335,0.64201474
0.0,1.0,0.0,1.0,0.0,0.0,1.0,0.0,0.0,1.0,0.0,0.4285714285714285,0.0,0.1771275543011544,1,1,0.047026206,0.14697951,0.06292374,0.01602149,0.727049
0.0,1.0,0.0,1.0,0.0,0.0,1.0,0.0,0.0,0.0,1.0,0.1428571428571428,0.7777777777777777,0.2140018622985601,1,1,0.047010045,0.57811284,0.044973392,0.03288091,0.29702285
0.0,1.0,0.0,0.0,1.0,0.0,0.0,1.0,0.0,0.0,1.0,0.4285714285714285,1.0,0.0671233955282501,1,1,0.08592373,0.522568,0.03523299,0.020770047,0.33550528
0.0,1.0,0.0,0.0,1.0,0.0,0.0,1.0,0.0,0.0,1.0,0.4285714285714285,1.0,0.3050809196544323,1,1,0.08592373,0.522568,0.03523299,0.020770047,0.33550528
0.0,1.0,0.0,1.0,0.0,0.0,0.0,1.0,0.0,0.0,1.0,0.2857142857142857,1.0,0.1294815461968121,0,0,0.17968439,0.2730925,0.074258424,0.024917908,0.44804674
1.0,0.0,0.0,0.0,1.0,0.0,0.0,1.0,1.0,0.0,0.0,0.0,0.0,0.0371744395273384,1,1,0.25846887,0.10353199,0.06898423,0.015801786,0.5532131
0.0,1.0,0.0,1.0,0.0,0.0,0.0,1.0,0.0,1.0,0.0,0.7142857142857142,1.0,0.0969317794970982,4,4,0.060073294,0.20419148,0.030067844,0.028842721,0.6768246
0.0,1.0,0.0,1.0,0.0,0.0,0.0,1.0,0.0,0.0,1.0,0.1428571428571428,1.0,0.45749771034807,1,1,0.2811438,0.19611694,0.018022748,0.022355957,0.48236057
0.0,1.0,0.0,0.0,1.0,0.0,1.0,0.0,0.0,1.0,0.0,0.2857142857142857,1.0,0.055791052136353,1,1,0.25332212,0.20321047,0.1314612,0.0209756,0.39103064
0.0,1.0,1.0,0.0,0.0,0.0,1.0,0.0,0.0,0.0,1.0,0.7142857142857142,1.0,0.1453460783865953,4,4,0.07237963,0.41221237,0.024462279,0.021678822,0.46926686
1.0,0.0,1.0,0.0,0.0,0.0,0.0,1.0,0.0,0.0,1.0,0.2857142857142857,1.0,0.0272806791836962,2,2,0.06398521,0.57238984,0.024387226,0.015753172,0.32348454
0.0,1.0,0.0,1.0,0.0,0.0,0.0,1.0,0.0,0.0,1.0,0.5714285714285714,1.0,0.1880412943852074,0,0,0.1150125,0.19572452,0.023333743,0.022854952,0.6430743
0.0,1.0,0.0,0.0,1.0,0.0,1.0,0.0,0.0,1.0,0.0,0.7142857142857142,1.0,0.103442236841854,4,4,0.07402978,0.18375507,0.021368045,0.017834751,0.7030123
0.0,1.0,0.0,1.0,0.0,0.0,0.0,1.0,0.0,1.0,0.0,1.0,1.0,0.0766414519392378,4,4,0.058062356,0.23959993,0.030644601,0.029678335,0.64201474
1.0,0.0,0.0,1.0,0.0,0.0,1.0,0.0,0.0,1.0,0.0,0.7142857142857142,1.0,0.0895790941093913,1,1,0.047342088,0.14287522,0.02209731,0.023264797,0.7644206
0.0,1.0,0.0,1.0,0.0,0.0,0.0,1.0,0.0,0.0,1.0,0.1428571428571428,1.0,0.2464462659231319,0,0,0.17985192,0.22923304,0.07847908,0.029497733,0.48293823
1.0,0.0,0.0,1.0,0.0,0.0,1.0,0.0,0.0,1.0,0.0,0.8571428571428571,0.7777777777777777,0.1383795897903662,4,4,0.034136485,0.16683969,0.01779716,0.02808924,0.7531374
0.0,1.0,0.0,1.0,0.0,0.0,0.0,1.0,0.0,0.0,1.0,0.4285714285714285,1.0,0.0764016958565568,1,1,0.13046604,0.26143903,0.043134972,0.024376076,0.5405839
0.0,1.0,0.0,1.0,0.0,0.0,1.0,0.0,1.0,0.0,0.0,0.1428571428571428,0.0,0.3278226595878471,1,1,0.06596341,0.17437021,0.07410666,0.018552786,0.6670069
0.0,1.0,0.0,1.0,0.0,0.0,0.0,1.0,0.0,1.0,0.0,0.5714285714285714,1.0,0.0632996065987561,0,0,0.072717816,0.22513574,0.02771587,0.022588385,0.6518422
1.0,0.0,0.0,1.0,0.0,0.0,0.0,1.0,1.0,0.0,0.0,0.0,0.0,0.2195907542910001,0,0,0.11228238,0.12685736,0.06806444,0.02002502,0.6727708
0.0,1.0,0.0,1.0,0.0,0.0,0.0,1.0,0.0,0.0,1.0,0.1428571428571428,1.0,0.0606164140787567,4,4,0.17985192,0.22923304,0.07847908,0.029497733,0.48293823
0.0,1.0,0.0,0.0,1.0,0.0,0.0,1.0,0.0,0.0,1.0,0.2857142857142857,1.0,0.0841622961741758,4,4,0.289438,0.2950548,0.15277061,0.020377817,0.2423588
1.0,0.0,0.0,1.0,0.0,0.0,0.0,1.0,0.0,1.0,0.0,0.0,0.0,0.0572879216032896,4,4,0.07325397,0.14829226,0.032872677,0.018456457,0.72712463
1.0,0.0,0.0,1.0,0.0,0.0,0.0,1.0,0.0,1.0,0.0,0.0,0.0,0.2772695119973125,1,1,0.07325397,0.14829226,0.032872677,0.018456457,0.72712463
0.0,1.0,0.0,1.0,0.0,0.0,0.0,1.0,1.0,0.0,0.0,0.1428571428571428,0.0,0.0992822047013678,1,1,0.06596341,0.17437021,0.07410666,0.018552786,0.6670069
1.0,0.0,0.0,0.0,1.0,0.0,1.0,0.0,1.0,0.0,0.0,0.0,0.0,0.0505695498592388,0,0,0.25846887,0.10353199,0.06898423,0.015801786,0.5532131
0.0,1.0,0.0,1.0,0.0,0.0,1.0,0.0,0.0,1.0,0.0,0.4285714285714285,0.0,0.0032517873033072,0,0,0.047026206,0.14697951,0.06292374,0.01602149,0.727049
1.0,0.0,1.0,0.0,0.0,0.0,1.0,0.0,1.0,0.0,0.0,0.0,0.0,0.0392945432217821,1,1,0.2834718,0.13289246,0.038517557,0.01825196,0.52686626
0.0,1.0,1.0,0.0,0.0,0.0,1.0,0.0,0.0,0.0,1.0,0.4285714285714285,1.0,0.054161409677348,1,1,0.059995417,0.67612296,0.020013412,0.016848385,0.22701983
1.0,0.0,0.0,1.0,0.0,0.0,1.0,0.0,0.0,1.0,0.0,0.7142857142857142,1.0,0.058674195531323,2,2,0.047342088,0.14287522,0.02209731,0.023264797,0.7644206
1.0,0.0,0.0,1.0,0.0,0.0,1.0,0.0,0.0,1.0,0.0,0.7142857142857142,1.0,0.1376894135442784,2,2,0.047342088,0.14287522,0.02209731,0.023264797,0.7644206
0.0,1.0,0.0,1.0,0.0,0.0,0.0,1.0,1.0,0.0,0.0,0.1428571428571428,1.0,0.0533744111273344,4,4,0.12973718,0.16269754,0.15330337,0.026566524,0.5276954
1.0,0.0,0.0,1.0,0.0,0.0,1.0,0.0,0.0,1.0,0.0,1.0,0.6666666666666666,0.1081643522810522,2,2,0.031779643,0.24325578,0.018472584,0.024712238,0.68177974
0.0,1.0,0.0,0.0,1.0,0.0,0.0,1.0,0.0,0.0,1.0,0.2857142857142857,1.0,0.095937065170376,4,4,0.289438,0.2950548,0.15277061,0.020377817,0.2423588
1.0,0.0,1.0,0.0,0.0,0.0,1.0,0.0,0.0,1.0,0.0,0.0,0.0,0.2260441014352033,1,1,0.17302619,0.14080939,0.027716774,0.017210538,0.6412371
0.0,1.0,0.0,1.0,0.0,0.0,1.0,0.0,0.0,1.0,0.0,1.0,0.4444444444444444,0.1639967764935271,2,2,0.028473675,0.41461375,0.020947022,0.016839465,0.51912606
0.0,1.0,0.0,1.0,0.0,0.0,1.0,0.0,0.0,0.0,1.0,0.4285714285714285,1.0,0.1729606634744807,4,4,0.13046604,0.26143903,0.043134972,0.024376076,0.5405839
0.0,1.0,0.0,1.0,0.0,0.0,1.0,0.0,1.0,0.0,0.0,0.1428571428571428,0.0,0.1819069102869776,1,1,0.06596341,0.17437021,0.07410666,0.018552786,0.6670069
0.0,1.0,0.0,0.0,1.0,0.0,0.0,1.0,0.0,0.0,1.0,0.5714285714285714,1.0,0.0456568405309774,1,1,0.0951033,0.26286152,0.026228257,0.018158792,0.59764814
0.0,1.0,0.0,1.0,0.0,0.0,1.0,0.0,0.0,1.0,0.0,0.5714285714285714,0.7777777777777777,0.1189370206730977,2,2,0.080659434,0.22003908,0.02376835,0.029843895,0.6456892
1.0,0.0,0.0,1.0,0.0,0.0,1.0,0.0,1.0,0.0,0.0,0.0,0.0,0.1526024442337984,2,2,0.11228238,0.12685736,0.06806444,0.02002502,0.6727708
0.0,1.0,0.0,1.0,0.0,0.0,0.0,1.0,0.0,1.0,0.0,0.8571428571428571,1.0,0.0851797465800876,1,1,0.060798608,0.21391411,0.030366447,0.029408952,0.6655119
1.0,0.0,0.0,1.0,0.0,0.0,0.0,1.0,1.0,0.0,0.0,0.0,0.0,0.0484323460014952,0,0,0.11228238,0.12685736,0.06806444,0.02002502,0.6727708
0.0,1.0,0.0,1.0,0.0,0.0,1.0,0.0,0.0,0.0,1.0,0.1428571428571428,1.0,0.043645510633902,4,4,0.17985192,0.22923304,0.07847908,0.029497733,0.48293823
0.0,1.0,0.0,1.0,0.0,0.0,0.0,1.0,0.0,1.0,0.0,0.8571428571428571,1.0,0.10435880559473,1,1,0.060798608,0.21391411,0.030366447,0.029408952,0.6655119
0.0,1.0,0.0,0.0,1.0,0.0,1.0,0.0,0.0,1.0,0.0,0.7142857142857142,0.0,0.0553616363114606,2,2,0.13080615,0.12096647,0.13487992,0.016640669,0.5967068
1.0,0.0,0.0,1.0,0.0,0.0,1.0,0.0,0.0,1.0,0.0,0.0,0.0,0.1239795391720208,4,4,0.07325397,0.14829226,0.032872677,0.018456457,0.72712463
0.0,1.0,0.0,1.0,0.0,0.0,0.0,1.0,0.0,1.0,0.0,0.7142857142857142,1.0,0.063100350902838,2,2,0.060073294,0.20419148,0.030067844,0.028842721,0.6768246
0.0,1.0,1.0,0.0,0.0,0.0,1.0,0.0,0.0,0.0,1.0,0.1428571428571428,1.0,0.066740556699874,0,0,0.10958048,0.73065084,0.023178197,0.014687469,0.12190298
0.0,1.0,1.0,0.0,0.0,0.0,1.0,0.0,0.0,1.0,0.0,0.1428571428571428,0.2222222222222222,0.0990597411976173,1,1,0.11425919,0.10235357,0.05178229,0.019911962,0.7116929
0.0,1.0,1.0,0.0,0.0,0.0,0.0,1.0,0.0,1.0,0.0,0.8571428571428571,1.0,0.2309029809390659,0,0,0.05365763,0.18148474,0.030133128,0.018195262,0.71652925
0.0,1.0,1.0,0.0,0.0,0.0,0.0,1.0,0.0,1.0,0.0,0.8571428571428571,1.0,0.289765007876175,4,4,0.05365763,0.18148474,0.030133128,0.018195262,0.71652925
0.0,1.0,0.0,1.0,0.0,0.0,1.0,0.0,0.0,0.0,1.0,0.4285714285714285,0.7777777777777777,0.1245119221871065,0,0,0.09268602,0.16844344,0.02845239,0.04071941,0.6696988
1.0,0.0,0.0,1.0,0.0,0.0,1.0,0.0,0.0,1.0,0.0,0.7142857142857142,1.0,0.0805766060701573,0,0,0.047342088,0.14287522,0.02209731,0.023264797,0.7644206
1.0,0.0,0.0,1.0,0.0,0.0,0.0,1.0,1.0,0.0,0.0,0.0,0.0,0.158119968648154,0,0,0.11228238,0.12685736,0.06806444,0.02002502,0.6727708
0.0,1.0,0.0,1.0,0.0,0.0,1.0,0.0,0.0,1.0,0.0,1.0,0.4444444444444444,0.1515684647045225,0,0,0.028473675,0.41461375,0.020947022,0.016839465,0.51912606
1.0,0.0,0.0,1.0,0.0,0.0,1.0,0.0,0.0,1.0,0.0,0.7142857142857142,1.0,0.0618125379150684,1,1,0.047342088,0.14287522,0.02209731,0.023264797,0.7644206
1.0,0.0,0.0,1.0,0.0,0.0,0.0,1.0,1.0,0.0,0.0,0.0,0.0,0.2034749769433024,4,4,0.11228238,0.12685736,0.06806444,0.02002502,0.6727708
0.0,1.0,1.0,0.0,0.0,0.0,0.0,1.0,0.0,0.0,1.0,0.1428571428571428,1.0,0.0927306138603547,0,0,0.10958048,0.73065084,0.023178197,0.014687469,0.12190298
0.0,1.0,1.0,0.0,0.0,0.0,0.0,1.0,0.0,1.0,0.0,0.1428571428571428,0.0,0.0552716851076339,0,0,0.17174456,0.16940877,0.04162695,0.018281663,0.59893805
0.0,1.0,0.0,1.0,0.0,0.0,1.0,0.0,1.0,0.0,0.0,0.1428571428571428,0.0,0.0993006331532144,1,1,0.06596341,0.17437021,0.07410666,0.018552786,0.6670069
1.0,0.0,0.0,1.0,0.0,0.0,1.0,0.0,0.0,1.0,0.0,0.0,0.3333333333333333,0.0880412711479165,0,0,0.08214176,0.16628973,0.03495821,0.021100456,0.6955099
0.0,1.0,0.0,1.0,0.0,0.0,0.0,1.0,0.0,0.0,1.0,0.5714285714285714,1.0,0.1285762120339807,4,4,0.1150125,0.19572452,0.023333743,0.022854952,0.6430743
1.0,0.0,1.0,0.0,0.0,0.0,1.0,0.0,0.0,1.0,0.0,0.5714285714285714,0.0,0.0983000222184578,1,1,0.09955434,0.17155424,0.09197727,0.014534786,0.62237936
0.0,1.0,1.0,0.0,0.0,0.0,1.0,0.0,0.0,1.0,0.0,0.1428571428571428,0.0,0.0199190123309095,1,1,0.17174456,0.16940877,0.04162695,0.018281663,0.59893805
0.0,1.0,1.0,0.0,0.0,0.0,0.0,1.0,0.0,0.0,1.0,0.5714285714285714,1.0,0.1143215034932508,4,4,0.0778996,0.5127215,0.024422891,0.019122083,0.36583397
0.0,1.0,1.0,0.0,0.0,0.0,0.0,1.0,0.0,1.0,0.0,0.7142857142857142,1.0,0.0627515386062986,0,0,0.058855247,0.1922821,0.031587306,0.01871432,0.698561
0.0,1.0,0.0,1.0,0.0,0.0,1.0,0.0,0.0,0.0,1.0,0.2857142857142857,0.7777777777777777,0.0665541369886036,4,4,0.041743338,0.4352186,0.032358352,0.029284375,0.46139538
0.0,1.0,0.0,1.0,0.0,0.0,0.0,1.0,0.0,1.0,0.0,0.7142857142857142,0.0,0.090813403137943,1,1,0.021918084,0.09331549,0.22570118,0.016396204,0.642669
1.0,0.0,0.0,1.0,0.0,0.0,1.0,0.0,0.0,1.0,0.0,0.7142857142857142,0.7777777777777777,0.1372339967814319,0,0,0.034629554,0.15088922,0.017254759,0.02697409,0.77025235
1.0,0.0,0.0,1.0,0.0,0.0,0.0,1.0,1.0,0.0,0.0,0.0,0.0,0.0790199449977514,4,4,0.11228238,0.12685736,0.06806444,0.02002502,0.6727708
0.0,1.0,0.0,1.0,0.0,0.0,0.0,1.0,0.0,0.0,1.0,0.4285714285714285,1.0,0.096311965302251,1,1,0.13046604,0.26143903,0.043134972,0.024376076,0.5405839
0.0,1.0,0.0,1.0,0.0,0.0,0.0,1.0,0.0,1.0,0.0,0.7142857142857142,1.0,0.1490434254189631,1,1,0.060073294,0.20419148,0.030067844,0.028842721,0.6768246
0.0,1.0,0.0,1.0,0.0,0.0,1.0,0.0,1.0,0.0,0.0,0.1428571428571428,1.0,0.105921059134335,0,0,0.12973718,0.16269754,0.15330337,0.026566524,0.5276954
1.0,0.0,1.0,0.0,0.0,0.0,0.0,1.0,1.0,0.0,0.0,0.0,0.2222222222222222,0.1613232792385275,0,0,0.24534716,0.13305603,0.04705861,0.018670687,0.55586755
0.0,1.0,0.0,1.0,0.0,0.0,0.0,1.0,0.0,0.0,1.0,0.4285714285714285,1.0,0.1043908210728792,1,1,0.13046604,0.26143903,0.043134972,0.024376076,0.5405839
0.0,1.0,0.0,0.0,1.0,0.0,0.0,1.0,0.0,1.0,0.0,0.7142857142857142,1.0,0.276192605161546,1,1,0.07402978,0.18375507,0.021368045,0.017834751,0.7030123
0.0,1.0,0.0,1.0,0.0,0.0,1.0,0.0,0.0,0.0,1.0,0.1428571428571428,1.0,0.2277959278196381,0,0,0.17985192,0.22923304,0.07847908,0.029497733,0.48293823
0.0,1.0,0.0,0.0,1.0,0.0,0.0,1.0,1.0,0.0,0.0,0.1428571428571428,0.0,0.049795666606885,1,1,0.120758556,0.19024886,0.16062185,0.020954382,0.50741637
1.0,0.0,0.0,0.0,1.0,0.0,1.0,0.0,0.0,1.0,0.0,0.8571428571428571,1.0,0.0996563537915878,2,2,0.052714422,0.14525782,0.016975123,0.014721396,0.7703312
0.0,1.0,0.0,1.0,0.0,0.0,1.0,0.0,0.0,0.0,1.0,0.4285714285714285,1.0,0.1091799964628188,0,0,0.13046604,0.26143903,0.043134972,0.024376076,0.5405839
0.0,1.0,1.0,0.0,0.0,0.0,0.0,1.0,0.0,0.0,1.0,0.5714285714285714,1.0,0.1001784084321795,1,1,0.0778996,0.5127215,0.024422891,0.019122083,0.36583397
1.0,0.0,1.0,0.0,0.0,0.0,0.0,1.0,0.0,1.0,0.0,0.0,0.0,0.0823684424918449,4,4,0.17302619,0.14080939,0.027716774,0.017210538,0.6412371
0.0,1.0,0.0,0.0,1.0,0.0,0.0,1.0,0.0,1.0,0.0,0.1428571428571428,0.0,0.1113884065177953,4,4,0.09305254,0.2713399,0.12704924,0.021033365,0.4875249
0.0,1.0,0.0,0.0,1.0,0.0,0.0,1.0,0.0,1.0,0.0,0.4285714285714285,1.0,0.2041527268638271,4,4,0.067220025,0.3330344,0.02686198,0.017407266,0.5554763
0.0,1.0,1.0,0.0,0.0,0.0,1.0,0.0,0.0,0.0,1.0,0.5714285714285714,1.0,0.0801331376972754,4,4,0.0778996,0.5127215,0.024422891,0.019122083,0.36583397
0.0,1.0,0.0,1.0,0.0,0.0,0.0,1.0,0.0,1.0,0.0,0.1428571428571428,0.8888888888888888,0.0902151022519878,4,4,0.0782035,0.25165668,0.045613546,0.038227625,0.58629864
1.0,0.0,1.0,0.0,0.0,0.0,0.0,1.0,0.0,1.0,0.0,0.0,0.0,0.0832954637583315,0,0,0.17302619,0.14080939,0.027716774,0.017210538,0.6412371
1.0,0.0,1.0,0.0,0.0,0.0,0.0,1.0,0.0,1.0,0.0,0.7142857142857142,1.0,0.0391925598340872,4,4,0.04254717,0.11956203,0.017314859,0.012969036,0.8076069
0.0,1.0,0.0,1.0,0.0,0.0,1.0,0.0,0.0,0.0,1.0,0.1428571428571428,1.0,0.0926278577066596,1,1,0.17985192,0.22923304,0.07847908,0.029497733,0.48293823
0.0,1.0,0.0,0.0,1.0,0.0,1.0,0.0,0.0,1.0,0.0,1.0,1.0,0.0532962717604441,1,1,0.06236245,0.22944175,0.022256019,0.018575894,0.6673639
0.0,1.0,0.0,1.0,0.0,0.0,1.0,0.0,1.0,0.0,0.0,0.1428571428571428,0.8888888888888888,0.0915036538675007,0,0,0.08595798,0.17875794,0.11062884,0.040431056,0.5842242
0.0,1.0,0.0,1.0,0.0,0.0,0.0,1.0,0.0,1.0,0.0,0.8571428571428571,1.0,0.0176492123793384,0,0,0.060798608,0.21391411,0.030366447,0.029408952,0.6655119
0.0,1.0,0.0,0.0,1.0,0.0,1.0,0.0,0.0,1.0,0.0,0.7142857142857142,0.7777777777777777,0.0464161932997431,1,1,0.09607306,0.15562119,0.02384157,0.02674943,0.69771475
0.0,1.0,0.0,1.0,0.0,0.0,1.0,0.0,0.0,0.0,1.0,0.5714285714285714,1.0,0.0510891217175002,1,1,0.1150125,0.19572452,0.023333743,0.022854952,0.6430743
1.0,0.0,0.0,1.0,0.0,0.0,1.0,0.0,1.0,0.0,0.0,0.0,0.0,0.106103109148704,2,2,0.11228238,0.12685736,0.06806444,0.02002502,0.6727708
0.0,1.0,0.0,1.0,0.0,0.0,0.0,1.0,0.0,0.0,1.0,0.5714285714285714,1.0,0.0930812572088627,0,0,0.1150125,0.19572452,0.023333743,0.022854952,0.6430743
0.0,1.0,0.0,0.0,1.0,0.0,1.0,0.0,1.0,0.0,0.0,0.1428571428571428,1.0,0.1224377437588175,0,0,0.18473122,0.20026438,0.1749629,0.022391401,0.41765016
1.0,0.0,0.0,1.0,0.0,0.0,1.0,0.0,1.0,0.0,0.0,0.0,0.0,0.235269723329417,1,1,0.11228238,0.12685736,0.06806444,0.02002502,0.6727708
0.0,1.0,0.0,1.0,0.0,0.0,1.0,0.0,0.0,1.0,0.0,0.8571428571428571,1.0,0.0276099830180753,0,0,0.060798608,0.21391411,0.030366447,0.029408952,0.6655119
0.0,1.0,0.0,0.0,1.0,0.0,0.0,1.0,0.0,1.0,0.0,0.8571428571428571,1.0,0.2300314746854848,0,0,0.07100009,0.19243841,0.021835715,0.01822509,0.69650066
0.0,1.0,1.0,0.0,0.0,0.0,1.0,0.0,0.0,1.0,0.0,0.7142857142857142,1.0,0.0664373779425655,2,2,0.058855247,0.1922821,0.031587306,0.01871432,0.698561
0.0,1.0,0.0,0.0,1.0,0.0,1.0,0.0,0.0,1.0,0.0,0.7142857142857142,0.0,0.1999648441125508,1,1,0.13080615,0.12096647,0.13487992,0.016640669,0.5967068
1.0,0.0,0.0,0.0,1.0,0.0,1.0,0.0,0.0,1.0,0.0,0.8571428571428571,1.0,0.1285762120339807,1,1,0.052714422,0.14525782,0.016975123,0.014721396,0.7703312
0.0,1.0,0.0,1.0,0.0,0.0,0.0,1.0,0.0,0.0,1.0,0.2857142857142857,1.0,0.1582654721066211,1,1,0.17968439,0.2730925,0.074258424,0.024917908,0.44804674
1.0,0.0,0.0,1.0,0.0,0.0,1.0,0.0,0.0,1.0,0.0,0.2857142857142857,0.0,0.1582654721066211,1,1,0.03399344,0.2046528,0.040046055,0.014739297,0.7065684
0.0,1.0,0.0,1.0,0.0,0.0,1.0,0.0,0.0,1.0,0.0,0.7142857142857142,1.0,0.0885781852407551,1,1,0.060073294,0.20419148,0.030067844,0.028842721,0.6768246
1.0,0.0,1.0,0.0,0.0,0.0,1.0,0.0,1.0,0.0,0.0,0.0,0.0,0.076226225215363,1,1,0.2834718,0.13289246,0.038517557,0.01825196,0.52686626
0.0,1.0,0.0,1.0,0.0,0.0,0.0,1.0,0.0,0.0,1.0,0.5714285714285714,1.0,0.0562181217319434,4,4,0.1150125,0.19572452,0.023333743,0.022854952,0.6430743
0.0,1.0,0.0,1.0,0.0,0.0,0.0,1.0,0.0,1.0,0.0,1.0,1.0,0.0816529915216346,4,4,0.058062356,0.23959993,0.030644601,0.029678335,0.64201474
1.0,0.0,0.0,1.0,0.0,0.0,1.0,0.0,1.0,0.0,0.0,0.0,0.0,0.0890753934371763,1,1,0.11228238,0.12685736,0.06806444,0.02002502,0.6727708
0.0,1.0,0.0,1.0,0.0,0.0,0.0,1.0,0.0,1.0,0.0,0.5714285714285714,1.0,0.1165125216580037,4,4,0.072717816,0.22513574,0.02771587,0.022588385,0.6518422
0.0,1.0,0.0,0.0,1.0,0.0,1.0,0.0,1.0,0.0,0.0,0.1428571428571428,1.0,0.0305198628752646,1,1,0.18473122,0.20026438,0.1749629,0.022391401,0.41765016
0.0,1.0,0.0,0.0,1.0,0.0,0.0,1.0,0.0,1.0,0.0,0.1428571428571428,1.0,0.0194843112831314,2,2,0.19404946,0.24580145,0.13958532,0.021935584,0.39862823
0.0,1.0,0.0,1.0,0.0,0.0,1.0,0.0,0.0,1.0,0.0,0.7142857142857142,1.0,0.1531870401612903,1,1,0.060073294,0.20419148,0.030067844,0.028842721,0.6768246
0.0,1.0,0.0,1.0,0.0,0.0,1.0,0.0,0.0,1.0,0.0,0.7142857142857142,1.0,0.092559984644705,1,1,0.060073294,0.20419148,0.030067844,0.028842721,0.6768246
1.0,0.0,0.0,1.0,0.0,0.0,1.0,0.0,0.0,1.0,0.0,0.8571428571428571,0.0,0.0642764945483467,4,4,0.021416543,0.2115815,0.18936911,0.015479243,0.56215364
1.0,0.0,0.0,1.0,0.0,0.0,1.0,0.0,0.0,1.0,0.0,0.8571428571428571,0.0,0.0753775791800881,4,4,0.021416543,0.2115815,0.18936911,0.015479243,0.56215364
0.0,1.0,1.0,0.0,0.0,0.0,1.0,0.0,0.0,1.0,0.0,0.1428571428571428,0.2222222222222222,0.0463930010093002,4,4,0.11425919,0.10235357,0.05178229,0.019911962,0.7116929
0.0,1.0,0.0,1.0,0.0,0.0,0.0,1.0,0.0,1.0,0.0,0.8571428571428571,1.0,0.0628845350487769,1,1,0.060798608,0.21391411,0.030366447,0.029408952,0.6655119
0.0,1.0,0.0,0.0,0.0,1.0,0.0,1.0,0.0,1.0,0.0,0.4285714285714285,0.0,0.0373114673876254,4,4,0.12567075,0.10172678,0.04313617,0.015390807,0.71407545
0.0,1.0,1.0,0.0,0.0,0.0,1.0,0.0,0.0,0.0,1.0,0.2857142857142857,1.0,0.3658750229731558,1,1,0.12908684,0.41630024,0.018783696,0.02169067,0.41413853
0.0,1.0,0.0,0.0,1.0,0.0,1.0,0.0,0.0,1.0,0.0,0.5714285714285714,1.0,0.1604925030290749,1,1,0.08040796,0.20448847,0.020793524,0.016249023,0.67806107
0.0,1.0,1.0,0.0,0.0,0.0,1.0,0.0,0.0,1.0,0.0,1.0,1.0,0.0985390893290422,4,4,0.05323838,0.20885673,0.030343283,0.018322164,0.6892394
1.0,0.0,1.0,0.0,0.0,0.0,0.0,1.0,0.0,0.0,1.0,0.0,0.7777777777777777,0.2052440214231978,1,1,0.1169493,0.30957904,0.026215486,0.022674996,0.5245812
1.0,0.0,1.0,0.0,0.0,0.0,1.0,0.0,1.0,0.0,0.0,0.0,0.0,0.2218742436836449,0,0,0.2834718,0.13289246,0.038517557,0.01825196,0.52686626
1.0,0.0,1.0,0.0,0.0,0.0,1.0,0.0,1.0,0.0,0.0,0.0,0.0,0.0223477941455233,1,1,0.2834718,0.13289246,0.038517557,0.01825196,0.52686626
0.0,1.0,0.0,1.0,0.0,0.0,0.0,1.0,0.0,0.0,1.0,0.2857142857142857,1.0,0.0824770828396629,4,4,0.17968439,0.2730925,0.074258424,0.024917908,0.44804674
1.0,0.0,1.0,0.0,0.0,0.0,0.0,1.0,1.0,0.0,0.0,0.0,0.0,0.1255973201384428,1,1,0.2834718,0.13289246,0.038517557,0.01825196,0.52686626
1.0,0.0,0.0,1.0,0.0,0.0,1.0,0.0,0.0,1.0,0.0,0.5714285714285714,0.0,0.1695335300570309,4,4,0.032409523,0.20406014,0.12250467,0.0144275,0.62659824
1.0,0.0,1.0,0.0,0.0,0.0,1.0,0.0,0.0,1.0,0.0,1.0,1.0,0.0973861348704985,4,4,0.037661046,0.13439357,0.017177919,0.013113297,0.79765415
0.0,1.0,0.0,1.0,0.0,0.0,1.0,0.0,1.0,0.0,0.0,0.1428571428571428,0.7777777777777777,0.1267391641460584,0,0,0.05738788,0.305501,0.1316934,0.03674576,0.46867198
0.0,1.0,0.0,1.0,0.0,0.0,1.0,0.0,0.0,1.0,0.0,1.0,1.0,0.081906129801076,1,1,0.058062356,0.23959993,0.030644601,0.029678335,0.64201474
0.0,1.0,0.0,1.0,0.0,0.0,0.0,1.0,0.0,1.0,0.0,0.7142857142857142,1.0,0.0648138369211372,4,4,0.060073294,0.20419148,0.030067844,0.028842721,0.6768246
0.0,1.0,0.0,0.0,1.0,0.0,0.0,1.0,1.0,0.0,0.0,0.1428571428571428,0.0,0.0703009100102118,1,1,0.120758556,0.19024886,0.16062185,0.020954382,0.50741637
0.0,1.0,0.0,1.0,0.0,0.0,0.0,1.0,0.0,1.0,0.0,0.8571428571428571,0.8888888888888888,0.0359553313336039,0,0,0.04979022,0.27219912,0.025746739,0.044561457,0.60770243
0.0,1.0,1.0,0.0,0.0,0.0,0.0,1.0,0.0,0.0,1.0,0.2857142857142857,1.0,0.1118515571476007,4,4,0.07324008,0.8207543,0.018986136,0.012101532,0.07491795
0.0,1.0,0.0,1.0,0.0,0.0,0.0,1.0,0.0,0.0,1.0,0.5714285714285714,1.0,0.0967459494466312,1,1,0.1150125,0.19572452,0.023333743,0.022854952,0.6430743
0.0,1.0,0.0,0.0,1.0,0.0,0.0,1.0,0.0,0.0,1.0,0.1428571428571428,1.0,0.0452075562404867,4,4,0.23695023,0.2886588,0.17586929,0.023462143,0.27505952
0.0,1.0,0.0,1.0,0.0,0.0,1.0,0.0,0.0,1.0,0.0,0.4285714285714285,1.0,0.1369406063934606,4,4,0.07599253,0.23563513,0.039966714,0.021604389,0.62680125
1.0,0.0,0.0,0.0,0.0,1.0,1.0,0.0,0.0,1.0,0.0,0.8571428571428571,0.2222222222222222,0.1234438044007891,1,1,0.06472242,0.18560484,0.1413619,0.013209478,0.59510136
0.0,1.0,1.0,0.0,0.0,0.0,0.0,1.0,0.0,1.0,0.0,0.5714285714285714,1.0,0.2278674071229274,0,0,0.07132202,0.26021227,0.036897775,0.01814891,0.61341906
0.0,1.0,0.0,1.0,0.0,0.0,1.0,0.0,1.0,0.0,0.0,0.1428571428571428,0.8888888888888888,0.1013749233067083,0,0,0.08595798,0.17875794,0.11062884,0.040431056,0.5842242
0.0,1.0,1.0,0.0,0.0,0.0,0.0,1.0,0.0,1.0,0.0,0.7142857142857142,1.0,0.1160072630398764,4,4,0.058855247,0.1922821,0.031587306,0.01871432,0.698561
0.0,1.0,0.0,1.0,0.0,0.0,1.0,0.0,0.0,1.0,0.0,0.2857142857142857,0.6666666666666666,0.0416007345553595,4,4,0.038742237,0.21536437,0.038624812,0.02050961,0.68675894
0.0,1.0,0.0,1.0,0.0,0.0,0.0,1.0,0.0,1.0,0.0,0.5714285714285714,0.8888888888888888,0.0452983236590045,4,4,0.07620092,0.26095816,0.023462793,0.0341734,0.60520476
0.0,1.0,0.0,1.0,0.0,0.0,0.0,1.0,0.0,1.0,0.0,0.7142857142857142,1.0,0.2985802258511904,1,1,0.060073294,0.20419148,0.030067844,0.028842721,0.6768246
0.0,1.0,0.0,0.0,1.0,0.0,1.0,0.0,0.0,1.0,0.0,0.7142857142857142,1.0,0.2890808027215915,4,4,0.07402978,0.18375507,0.021368045,0.017834751,0.7030123
0.0,1.0,0.0,0.0,1.0,0.0,0.0,1.0,0.0,0.0,1.0,0.4285714285714285,1.0,0.1317731046320303,1,1,0.08592373,0.522568,0.03523299,0.020770047,0.33550528
0.0,1.0,0.0,1.0,0.0,0.0,0.0,1.0,0.0,0.0,1.0,0.4285714285714285,1.0,0.083435964410403,4,4,0.13046604,0.26143903,0.043134972,0.024376076,0.5405839
0.0,1.0,0.0,1.0,0.0,0.0,1.0,0.0,0.0,1.0,0.0,0.5714285714285714,0.5555555555555556,0.1176947729480449,0,0,0.051690903,0.24975637,0.022497628,0.015468413,0.6605867
0.0,1.0,0.0,1.0,0.0,0.0,1.0,0.0,0.0,0.0,1.0,0.2857142857142857,1.0,0.2190196150437384,1,1,0.17968439,0.2730925,0.074258424,0.024917908,0.44804674
0.0,1.0,0.0,1.0,0.0,0.0,0.0,1.0,0.0,1.0,0.0,0.7142857142857142,1.0,0.0289431564390194,2,2,0.060073294,0.20419148,0.030067844,0.028842721,0.6768246
0.0,1.0,0.0,0.0,1.0,0.0,1.0,0.0,0.0,1.0,0.0,0.7142857142857142,0.0,0.1516491923719922,0,0,0.13080615,0.12096647,0.13487992,0.016640669,0.5967068
0.0,1.0,0.0,0.0,1.0,0.0,0.0,1.0,0.0,0.0,1.0,0.1428571428571428,1.0,0.0651471256211564,1,1,0.23695023,0.2886588,0.17586929,0.023462143,0.27505952
0.0,1.0,0.0,1.0,0.0,0.0,1.0,0.0,0.0,1.0,0.0,1.0,1.0,0.0839255752928936,4,4,0.058062356,0.23959993,0.030644601,0.029678335,0.64201474
0.0,1.0,0.0,0.0,1.0,0.0,1.0,0.0,0.0,0.0,1.0,0.2857142857142857,0.7777777777777777,0.1969674058330056,1,1,0.09712274,0.37559262,0.106029905,0.023014601,0.39824015
1.0,0.0,1.0,0.0,0.0,0.0,0.0,1.0,0.0,0.0,1.0,0.0,0.7777777777777777,0.0835563421116875,1,1,0.1169493,0.30957904,0.026215486,0.022674996,0.5245812
0.0,1.0,0.0,0.0,1.0,0.0,0.0,1.0,0.0,0.0,1.0,0.1428571428571428,1.0,0.0768292620086132,0,0,0.23695023,0.2886588,0.17586929,0.023462143,0.27505952
1.0,0.0,0.0,0.0,1.0,0.0,1.0,0.0,0.0,1.0,0.0,0.0,0.0,0.1276477755815659,1,1,0.19274515,0.12399136,0.053046927,0.015563214,0.6146534
0.0,1.0,1.0,0.0,0.0,0.0,0.0,1.0,0.0,1.0,0.0,0.7142857142857142,1.0,0.1634384856448247,1,1,0.058855247,0.1922821,0.031587306,0.01871432,0.698561
0.0,1.0,0.0,0.0,1.0,0.0,1.0,0.0,0.0,0.0,1.0,0.2857142857142857,1.0,0.1807067705502466,1,1,0.289438,0.2950548,0.15277061,0.020377817,0.2423588
0.0,1.0,0.0,1.0,0.0,0.0,1.0,0.0,0.0,0.0,1.0,0.4285714285714285,0.4444444444444444,0.2349972379686667,1,1,0.14817663,0.19324808,0.04053695,0.02283067,0.5952077
0.0,1.0,0.0,1.0,0.0,0.0,1.0,0.0,0.0,0.0,1.0,0.1428571428571428,1.0,0.0608647916230796,1,1,0.17985192,0.22923304,0.07847908,0.029497733,0.48293823
1.0,0.0,0.0,1.0,0.0,0.0,1.0,0.0,0.0,1.0,0.0,0.8571428571428571,1.0,0.0104986611633137,2,2,0.04816126,0.14841983,0.022667402,0.024094228,0.75665724
1.0,0.0,0.0,0.0,0.0,1.0,0.0,1.0,1.0,0.0,0.0,0.1428571428571428,0.8888888888888888,0.129362509197986,3,3,0.3024952,0.13949144,0.06427485,0.022748671,0.4709898
0.0,1.0,0.0,1.0,0.0,0.0,0.0,1.0,0.0,1.0,0.0,0.7142857142857142,1.0,0.0809222652331372,1,1,0.060073294,0.20419148,0.030067844,0.028842721,0.6768246
0.0,1.0,0.0,1.0,0.0,0.0,1.0,0.0,0.0,1.0,0.0,0.7142857142857142,1.0,0.1891214040101801,1,1,0.060073294,0.20419148,0.030067844,0.028842721,0.6768246
0.0,1.0,0.0,1.0,0.0,0.0,0.0,1.0,0.0,0.0,1.0,0.5714285714285714,1.0,0.1708564557939068,4,4,0.1150125,0.19572452,0.023333743,0.022854952,0.6430743
0.0,1.0,1.0,0.0,0.0,0.0,1.0,0.0,0.0,1.0,0.0,0.8571428571428571,1.0,0.210672550504924,2,2,0.05365763,0.18148474,0.030133128,0.018195262,0.71652925
1.0,0.0,0.0,1.0,0.0,0.0,1.0,0.0,1.0,0.0,0.0,0.0,0.7777777777777777,0.0811381928124032,1,1,0.104771286,0.27084178,0.11306144,0.03926252,0.472063
0.0,1.0,0.0,1.0,0.0,0.0,1.0,0.0,0.0,1.0,0.0,0.8571428571428571,0.0,0.1129072610222666,2,2,0.021936387,0.17223944,0.22823288,0.016739378,0.5608519
0.0,1.0,0.0,1.0,0.0,0.0,1.0,0.0,0.0,1.0,0.0,0.8571428571428571,0.0,0.0250075554072805,1,1,0.021936387,0.17223944,0.22823288,0.016739378,0.5608519
0.0,1.0,0.0,1.0,0.0,0.0,1.0,0.0,1.0,0.0,0.0,0.1428571428571428,0.6666666666666666,0.116364510589383,4,4,0.04036774,0.23402768,0.07421334,0.020615157,0.6307761
0.0,1.0,1.0,0.0,0.0,0.0,0.0,1.0,0.0,1.0,0.0,1.0,1.0,0.2978832343676059,4,4,0.05323838,0.20885673,0.030343283,0.018322164,0.6892394
0.0,1.0,1.0,0.0,0.0,0.0,1.0,0.0,0.0,0.0,1.0,0.2857142857142857,1.0,0.0639949346181792,0,0,0.07324008,0.8207543,0.018986136,0.012101532,0.07491795
0.0,1.0,0.0,1.0,0.0,0.0,0.0,1.0,0.0,1.0,0.0,0.8571428571428571,1.0,0.0311871478682671,1,1,0.060798608,0.21391411,0.030366447,0.029408952,0.6655119
0.0,1.0,0.0,1.0,0.0,0.0,1.0,0.0,0.0,0.0,1.0,0.1428571428571428,1.0,0.0737246482228249,2,2,0.17985192,0.22923304,0.07847908,0.029497733,0.48293823
0.0,1.0,0.0,1.0,0.0,0.0,0.0,1.0,0.0,0.0,1.0,0.1428571428571428,1.0,0.1407505351905958,0,0,0.17985192,0.22923304,0.07847908,0.029497733,0.48293823
0.0,1.0,1.0,0.0,0.0,0.0,0.0,1.0,0.0,1.0,0.0,0.8571428571428571,1.0,0.051297538880217,4,4,0.05365763,0.18148474,0.030133128,0.018195262,0.71652925
0.0,1.0,0.0,1.0,0.0,0.0,0.0,1.0,0.0,0.0,1.0,0.4285714285714285,1.0,0.1293752458713404,0,0,0.13046604,0.26143903,0.043134972,0.024376076,0.5405839
0.0,1.0,0.0,1.0,0.0,0.0,0.0,1.0,0.0,1.0,0.0,0.8571428571428571,1.0,0.1820759629358476,0,0,0.060798608,0.21391411,0.030366447,0.029408952,0.6655119
0.0,1.0,1.0,0.0,0.0,0.0,1.0,0.0,0.0,0.0,1.0,0.4285714285714285,1.0,0.0708445772709887,0,0,0.059995417,0.67612296,0.020013412,0.016848385,0.22701983
0.0,1.0,0.0,1.0,0.0,0.0,1.0,0.0,0.0,1.0,0.0,0.2857142857142857,0.6666666666666666,0.1039432250743732,1,1,0.038742237,0.21536437,0.038624812,0.02050961,0.68675894
0.0,1.0,0.0,1.0,0.0,0.0,1.0,0.0,0.0,1.0,0.0,0.2857142857142857,1.0,0.1159154125075671,1,1,0.13518512,0.19854121,0.08206433,0.024097392,0.56011194
1.0,0.0,0.0,1.0,0.0,0.0,1.0,0.0,0.0,1.0,0.0,0.0,0.0,0.3063057506614381,0,0,0.07325397,0.14829226,0.032872677,0.018456457,0.72712463
0.0,1.0,1.0,0.0,0.0,0.0,0.0,1.0,0.0,1.0,0.0,1.0,0.4444444444444444,0.069689307617922,2,2,0.025331674,0.09772403,0.018535223,0.012546954,0.8458621
0.0,1.0,0.0,1.0,0.0,0.0,0.0,1.0,0.0,0.0,1.0,0.2857142857142857,1.0,0.1577935200134548,0,0,0.17968439,0.2730925,0.074258424,0.024917908,0.44804674
0.0,1.0,1.0,0.0,0.0,0.0,0.0,1.0,1.0,0.0,0.0,0.1428571428571428,0.0,0.0176481711624986,1,1,0.2649552,0.12974305,0.052204445,0.018259754,0.53483754
0.0,1.0,0.0,0.0,0.0,1.0,1.0,0.0,1.0,0.0,0.0,0.1428571428571428,0.5555555555555556,0.1052427630016976,0,0,0.1147386,0.21314238,0.07067985,0.020251267,0.5811879
0.0,1.0,0.0,1.0,0.0,0.0,1.0,0.0,0.0,1.0,0.0,0.5714285714285714,1.0,0.0147181295610483,4,4,0.072717816,0.22513574,0.02771587,0.022588385,0.6518422
0.0,1.0,0.0,1.0,0.0,0.0,1.0,0.0,0.0,0.0,1.0,0.2857142857142857,1.0,0.0667021915059151,0,0,0.17968439,0.2730925,0.074258424,0.024917908,0.44804674
1.0,0.0,1.0,0.0,0.0,0.0,1.0,0.0,1.0,0.0,0.0,0.0,0.0,0.117350038621483,4,4,0.2834718,0.13289246,0.038517557,0.01825196,0.52686626
0.0,1.0,0.0,1.0,0.0,0.0,1.0,0.0,0.0,1.0,0.0,0.7142857142857142,1.0,0.0598898154158834,1,1,0.060073294,0.20419148,0.030067844,0.028842721,0.6768246
1.0,0.0,0.0,1.0,0.0,0.0,1.0,0.0,0.0,1.0,0.0,0.7142857142857142,1.0,0.0545072922907376,4,4,0.047342088,0.14287522,0.02209731,0.023264797,0.7644206
0.0,1.0,1.0,0.0,0.0,0.0,1.0,0.0,0.0,0.0,1.0,0.4285714285714285,1.0,0.0720412349055014,0,0,0.059995417,0.67612296,0.020013412,0.016848385,0.22701983
1.0,0.0,0.0,1.0,0.0,0.0,1.0,0.0,0.0,1.0,0.0,0.4285714285714285,0.0,0.3132708985552088,1,1,0.039541908,0.25273192,0.05033942,0.014311508,0.6430752
1.0,0.0,0.0,1.0,0.0,0.0,1.0,0.0,0.0,1.0,0.0,0.4285714285714285,0.0,0.0960561269970255,4,4,0.039541908,0.25273192,0.05033942,0.014311508,0.6430752
0.0,1.0,0.0,1.0,0.0,0.0,1.0,0.0,0.0,1.0,0.0,0.2857142857142857,0.0,0.0177797834538277,4,4,0.041292213,0.1445042,0.050473012,0.016415812,0.74731475
0.0,1.0,0.0,1.0,0.0,0.0,1.0,0.0,0.0,1.0,0.0,0.4285714285714285,0.0,0.0389772901921387,1,1,0.047026206,0.14697951,0.06292374,0.01602149,0.727049
0.0,1.0,0.0,0.0,1.0,0.0,0.0,1.0,0.0,1.0,0.0,0.1428571428571428,0.0,0.114977293204064,1,1,0.09305254,0.2713399,0.12704924,0.021033365,0.4875249
0.0,1.0,0.0,0.0,1.0,0.0,0.0,1.0,0.0,1.0,0.0,0.1428571428571428,0.0,0.0452990095276232,0,0,0.09305254,0.2713399,0.12704924,0.021033365,0.4875249
0.0,1.0,0.0,1.0,0.0,0.0,1.0,0.0,0.0,1.0,0.0,0.1428571428571428,0.4444444444444444,0.1187511720017632,0,0,0.029814132,0.4719515,0.03173937,0.015601464,0.45089355
0.0,1.0,0.0,1.0,0.0,0.0,1.0,0.0,0.0,1.0,0.0,0.1428571428571428,0.4444444444444444,0.1470141481091176,1,1,0.029814132,0.4719515,0.03173937,0.015601464,0.45089355
0.0,1.0,0.0,1.0,0.0,0.0,1.0,0.0,0.0,1.0,0.0,0.1428571428571428,0.4444444444444444,0.2741754934851188,2,2,0.029814132,0.4719515,0.03173937,0.015601464,0.45089355
0.0,1.0,0.0,1.0,0.0,0.0,1.0,0.0,0.0,1.0,0.0,0.1428571428571428,0.4444444444444444,0.10042203144834,0,0,0.029814132,0.4719515,0.03173937,0.015601464,0.45089355
0.0,1.0,0.0,1.0,0.0,0.0,1.0,0.0,0.0,1.0,0.0,0.1428571428571428,0.4444444444444444,0.1672391536638678,0,0,0.029814132,0.4719515,0.03173937,0.015601464,0.45089355
1.0,0.0,0.0,1.0,0.0,0.0,0.0,1.0,1.0,0.0,0.0,0.0,0.0,0.0403399280323877,2,2,0.11228238,0.12685736,0.06806444,0.02002502,0.6727708
0.0,1.0,0.0,1.0,0.0,0.0,0.0,1.0,0.0,1.0,0.0,0.7142857142857142,1.0,0.1981607427461515,4,4,0.060073294,0.20419148,0.030067844,0.028842721,0.6768246
0.0,1.0,1.0,0.0,0.0,0.0,1.0,0.0,0.0,1.0,0.0,0.7142857142857142,1.0,0.1719909135240897,4,4,0.058855247,0.1922821,0.031587306,0.01871432,0.698561
0.0,1.0,0.0,1.0,0.0,0.0,0.0,1.0,0.0,0.0,1.0,0.4285714285714285,1.0,0.1534752167063679,1,1,0.13046604,0.26143903,0.043134972,0.024376076,0.5405839
1.0,0.0,1.0,0.0,0.0,0.0,1.0,0.0,1.0,0.0,0.0,0.0,0.0,0.0492071044346204,1,1,0.2834718,0.13289246,0.038517557,0.01825196,0.52686626
0.0,1.0,1.0,0.0,0.0,0.0,1.0,0.0,0.0,1.0,0.0,0.1428571428571428,0.0,0.0291490690950606,4,4,0.17174456,0.16940877,0.04162695,0.018281663,0.59893805
0.0,1.0,1.0,0.0,0.0,0.0,1.0,0.0,0.0,1.0,0.0,0.1428571428571428,0.0,0.1472084134125517,1,1,0.17174456,0.16940877,0.04162695,0.018281663,0.59893805
0.0,1.0,0.0,1.0,0.0,0.0,1.0,0.0,0.0,0.0,1.0,0.2857142857142857,1.0,0.1791214271349699,0,0,0.17968439,0.2730925,0.074258424,0.024917908,0.44804674
0.0,1.0,0.0,1.0,0.0,0.0,1.0,0.0,0.0,0.0,1.0,0.2857142857142857,1.0,0.193768229075212,1,1,0.17968439,0.2730925,0.074258424,0.024917908,0.44804674
0.0,1.0,1.0,0.0,0.0,0.0,1.0,0.0,0.0,0.0,1.0,0.4285714285714285,0.6666666666666666,0.2030078538617685,0,0,0.029982757,0.16104844,0.018009927,0.023552125,0.7674067
1.0,0.0,1.0,0.0,0.0,0.0,1.0,0.0,1.0,0.0,0.0,0.0,0.0,0.016901707137505,0,0,0.2834718,0.13289246,0.038517557,0.01825196,0.52686626
0.0,1.0,0.0,0.0,1.0,0.0,1.0,0.0,0.0,1.0,0.0,0.7142857142857142,1.0,0.2019216241783516,4,4,0.07402978,0.18375507,0.021368045,0.017834751,0.7030123
0.0,1.0,0.0,1.0,0.0,0.0,0.0,1.0,0.0,0.0,1.0,0.1428571428571428,1.0,0.1804411997382863,1,1,0.17985192,0.22923304,0.07847908,0.029497733,0.48293823
0.0,1.0,0.0,0.0,1.0,0.0,0.0,1.0,0.0,0.0,1.0,0.2857142857142857,1.0,0.1128557681167362,4,4,0.289438,0.2950548,0.15277061,0.020377817,0.2423588
0.0,1.0,0.0,0.0,1.0,0.0,0.0,1.0,0.0,0.0,1.0,0.2857142857142857,1.0,0.3517538260522377,1,1,0.5230415,0.1392177,0.016658,0.016478458,0.30460435
0.0,1.0,1.0,0.0,0.0,0.0,0.0,1.0,0.0,1.0,0.0,1.0,1.0,0.1468709536382176,0,0,0.05323838,0.20885673,0.030343283,0.018322164,0.6892394
0.0,1.0,1.0,0.0,0.0,0.0,0.0,1.0,0.0,1.0,0.0,1.0,1.0,0.0661139769231767,1,1,0.05323838,0.20885673,0.030343283,0.018322164,0.6892394
0.0,1.0,1.0,0.0,0.0,0.0,0.0,1.0,0.0,1.0,0.0,1.0,1.0,0.082980709028408,0,0,0.05323838,0.20885673,0.030343283,0.018322164,0.6892394
0.0,1.0,0.0,1.0,0.0,0.0,1.0,0.0,0.0,1.0,0.0,0.5714285714285714,1.0,0.0861060726675218,2,2,0.072717816,0.22513574,0.02771587,0.022588385,0.6518422
1.0,0.0,0.0,1.0,0.0,0.0,1.0,0.0,0.0,1.0,0.0,1.0,0.0,0.065099549304752,2,2,0.022117207,0.27976686,0.19849287,0.016225029,0.48339796
0.0,1.0,0.0,1.0,0.0,0.0,0.0,1.0,0.0,1.0,0.0,0.5714285714285714,1.0,0.1218207475219152,0,0,0.072717816,0.22513574,0.02771587,0.022588385,0.6518422
0.0,1.0,0.0,0.0,1.0,0.0,1.0,0.0,0.0,0.0,1.0,0.1428571428571428,1.0,0.0471594545355306,1,1,0.23695023,0.2886588,0.17586929,0.023462143,0.27505952
0.0,1.0,1.0,0.0,0.0,0.0,1.0,0.0,1.0,0.0,0.0,0.1428571428571428,0.0,0.0899093103662767,1,1,0.2649552,0.12974305,0.052204445,0.018259754,0.53483754
0.0,1.0,0.0,1.0,0.0,0.0,1.0,0.0,1.0,0.0,0.0,0.1428571428571428,0.0,0.137847082636164,4,4,0.06596341,0.17437021,0.07410666,0.018552786,0.6670069
0.0,1.0,0.0,1.0,0.0,0.0,0.0,1.0,0.0,0.0,1.0,0.5714285714285714,1.0,0.1057147647505105,0,0,0.1150125,0.19572452,0.023333743,0.022854952,0.6430743
0.0,1.0,1.0,0.0,0.0,0.0,1.0,0.0,0.0,1.0,0.0,0.8571428571428571,1.0,0.0645338287299262,4,4,0.05365763,0.18148474,0.030133128,0.018195262,0.71652925
0.0,1.0,1.0,0.0,0.0,0.0,1.0,0.0,0.0,0.0,1.0,0.1428571428571428,1.0,0.0199575730439769,1,1,0.10958048,0.73065084,0.023178197,0.014687469,0.12190298
0.0,1.0,0.0,1.0,0.0,0.0,1.0,0.0,0.0,1.0,0.0,1.0,1.0,0.0998979160984141,2,2,0.058062356,0.23959993,0.030644601,0.029678335,0.64201474
0.0,1.0,0.0,1.0,0.0,0.0,0.0,1.0,0.0,0.0,1.0,0.2857142857142857,1.0,0.0584422167642916,2,2,0.17968439,0.2730925,0.074258424,0.024917908,0.44804674
0.0,1.0,1.0,0.0,0.0,0.0,0.0,1.0,0.0,1.0,0.0,0.7142857142857142,1.0,0.1113012484440902,2,2,0.058855247,0.1922821,0.031587306,0.01871432,0.698561
0.0,1.0,0.0,0.0,1.0,0.0,0.0,1.0,0.0,0.0,1.0,0.2857142857142857,1.0,0.0848470971965185,0,0,0.289438,0.2950548,0.15277061,0.020377817,0.2423588
0.0,1.0,0.0,0.0,1.0,0.0,0.0,1.0,0.0,0.0,1.0,0.2857142857142857,1.0,0.0558149985719288,0,0,0.289438,0.2950548,0.15277061,0.020377817,0.2423588
0.0,1.0,0.0,0.0,1.0,0.0,1.0,0.0,0.0,1.0,0.0,0.2857142857142857,0.0,0.188474552315756,1,1,0.0931292,0.07770999,0.17727801,0.01705096,0.63483185
0.0,1.0,0.0,0.0,1.0,0.0,1.0,0.0,0.0,1.0,0.0,0.2857142857142857,0.0,0.0906363311021462,4,4,0.0931292,0.07770999,0.17727801,0.01705096,0.63483185
0.0,1.0,0.0,0.0,1.0,0.0,1.0,0.0,0.0,1.0,0.0,0.2857142857142857,0.0,0.2196686391727016,1,1,0.0931292,0.07770999,0.17727801,0.01705096,0.63483185
0.0,1.0,0.0,0.0,1.0,0.0,1.0,0.0,0.0,1.0,0.0,0.2857142857142857,0.0,0.2257603442426736,1,1,0.0931292,0.07770999,0.17727801,0.01705096,0.63483185
0.0,1.0,0.0,1.0,0.0,0.0,1.0,0.0,0.0,1.0,0.0,0.4285714285714285,0.0,0.166460925542436,1,1,0.047026206,0.14697951,0.06292374,0.01602149,0.727049
0.0,1.0,0.0,1.0,0.0,0.0,0.0,1.0,1.0,0.0,0.0,0.1428571428571428,0.0,0.0426653298942458,1,1,0.06596341,0.17437021,0.07410666,0.018552786,0.6670069
0.0,1.0,1.0,0.0,0.0,0.0,0.0,1.0,0.0,0.0,1.0,0.5714285714285714,1.0,0.0619984610698727,1,1,0.0778996,0.5127215,0.024422891,0.019122083,0.36583397
0.0,1.0,1.0,0.0,0.0,0.0,0.0,1.0,0.0,0.0,1.0,0.5714285714285714,1.0,0.0221639999765671,4,4,0.0778996,0.5127215,0.024422891,0.019122083,0.36583397
0.0,1.0,1.0,0.0,0.0,0.0,0.0,1.0,0.0,0.0,1.0,0.5714285714285714,1.0,0.2195520477144708,1,1,0.0778996,0.5127215,0.024422891,0.019122083,0.36583397
0.0,1.0,1.0,0.0,0.0,0.0,0.0,1.0,0.0,0.0,1.0,0.5714285714285714,1.0,0.2305206572880234,1,1,0.0778996,0.5127215,0.024422891,0.019122083,0.36583397
0.0,1.0,1.0,0.0,0.0,0.0,0.0,1.0,0.0,0.0,1.0,0.5714285714285714,1.0,0.1362931960730122,1,1,0.0778996,0.5127215,0.024422891,0.019122083,0.36583397
0.0,1.0,0.0,1.0,0.0,0.0,1.0,0.0,0.0,1.0,0.0,0.7142857142857142,1.0,0.0777387424179362,1,1,0.060073294,0.20419148,0.030067844,0.028842721,0.6768246
0.0,1.0,0.0,1.0,0.0,0.0,1.0,0.0,0.0,1.0,0.0,0.7142857142857142,1.0,0.0433990293145837,1,1,0.060073294,0.20419148,0.030067844,0.028842721,0.6768246
1.0,0.0,1.0,0.0,0.0,0.0,0.0,1.0,0.0,1.0,0.0,0.2857142857142857,1.0,0.0274843418182506,1,1,0.084194325,0.39325723,0.038704723,0.018951656,0.46489212
1.0,0.0,1.0,0.0,0.0,0.0,0.0,1.0,0.0,1.0,0.0,0.2857142857142857,1.0,0.1103105562247431,1,1,0.084194325,0.39325723,0.038704723,0.018951656,0.46489212
1.0,0.0,1.0,0.0,0.0,0.0,0.0,1.0,0.0,1.0,0.0,0.2857142857142857,1.0,0.0185048474468731,4,4,0.084194325,0.39325723,0.038704723,0.018951656,0.46489212
0.0,1.0,0.0,0.0,1.0,0.0,0.0,1.0,0.0,1.0,0.0,0.4285714285714285,1.0,0.2283460379005621,1,1,0.067220025,0.3330344,0.02686198,0.017407266,0.5554763
0.0,1.0,0.0,0.0,1.0,0.0,0.0,1.0,0.0,1.0,0.0,0.4285714285714285,1.0,0.1571930094512257,1,1,0.067220025,0.3330344,0.02686198,0.017407266,0.5554763
1.0,0.0,0.0,1.0,0.0,0.0,0.0,1.0,1.0,0.0,0.0,0.0,0.0,0.1494402609327263,1,1,0.11228238,0.12685736,0.06806444,0.02002502,0.6727708
0.0,1.0,0.0,1.0,0.0,0.0,1.0,0.0,0.0,0.0,1.0,0.4285714285714285,1.0,0.0588824575201442,0,0,0.13046604,0.26143903,0.043134972,0.024376076,0.5405839
0.0,1.0,0.0,1.0,0.0,0.0,1.0,0.0,1.0,0.0,0.0,0.1428571428571428,0.0,0.0858596192795047,1,1,0.06596341,0.17437021,0.07410666,0.018552786,0.6670069
0.0,1.0,0.0,1.0,0.0,0.0,0.0,1.0,0.0,0.0,1.0,0.4285714285714285,1.0,0.0364350979841548,1,1,0.13046604,0.26143903,0.043134972,0.024376076,0.5405839
0.0,1.0,0.0,1.0,0.0,0.0,0.0,1.0,0.0,0.0,1.0,0.4285714285714285,1.0,0.1274281983122743,1,1,0.13046604,0.26143903,0.043134972,0.024376076,0.5405839
0.0,1.0,1.0,0.0,0.0,0.0,0.0,1.0,0.0,1.0,0.0,0.2857142857142857,0.7777777777777777,0.1459827010178186,1,1,0.1026645,0.31249604,0.05409295,0.03032639,0.5004201
0.0,1.0,1.0,0.0,0.0,0.0,0.0,1.0,0.0,1.0,0.0,0.2857142857142857,0.7777777777777777,0.0934173638668268,4,4,0.1026645,0.31249604,0.05409295,0.03032639,0.5004201
0.0,1.0,1.0,0.0,0.0,0.0,1.0,0.0,0.0,0.0,1.0,0.2857142857142857,1.0,0.025269091697954,1,1,0.07324008,0.8207543,0.018986136,0.012101532,0.07491795
0.0,1.0,0.0,0.0,1.0,0.0,1.0,0.0,0.0,1.0,0.0,0.8571428571428571,0.6666666666666666,0.1238682981097118,2,2,0.109873965,0.17380896,0.02696973,0.021569908,0.6677774
0.0,1.0,0.0,0.0,1.0,0.0,1.0,0.0,0.0,1.0,0.0,0.8571428571428571,0.6666666666666666,0.2204022268678347,2,2,0.109873965,0.17380896,0.02696973,0.021569908,0.6677774
0.0,1.0,0.0,1.0,0.0,0.0,1.0,0.0,0.0,1.0,0.0,0.2857142857142857,0.0,0.1515868248798551,4,4,0.041292213,0.1445042,0.050473012,0.016415812,0.74731475
0.0,1.0,0.0,1.0,0.0,0.0,1.0,0.0,0.0,1.0,0.0,0.2857142857142857,0.0,0.0805946248629195,0,0,0.041292213,0.1445042,0.050473012,0.016415812,0.74731475
0.0,1.0,0.0,1.0,0.0,0.0,1.0,0.0,0.0,1.0,0.0,0.2857142857142857,0.0,0.0776814211808855,4,4,0.041292213,0.1445042,0.050473012,0.016415812,0.74731475
0.0,1.0,0.0,1.0,0.0,0.0,1.0,0.0,0.0,1.0,0.0,0.2857142857142857,0.0,0.1681398077820066,0,0,0.041292213,0.1445042,0.050473012,0.016415812,0.74731475
0.0,1.0,0.0,1.0,0.0,0.0,1.0,0.0,0.0,1.0,0.0,0.4285714285714285,0.0,0.076075551362693,4,4,0.047026206,0.14697951,0.06292374,0.01602149,0.727049
0.0,1.0,0.0,1.0,0.0,0.0,1.0,0.0,0.0,1.0,0.0,0.7142857142857142,1.0,0.0519227220918535,1,1,0.060073294,0.20419148,0.030067844,0.028842721,0.6768246
0.0,1.0,1.0,0.0,0.0,0.0,0.0,1.0,0.0,0.0,1.0,0.4285714285714285,1.0,0.051201293823183,0,0,0.059995417,0.67612296,0.020013412,0.016848385,0.22701983
0.0,1.0,1.0,0.0,0.0,0.0,0.0,1.0,0.0,0.0,1.0,0.4285714285714285,1.0,0.01048992332125,1,1,0.059995417,0.67612296,0.020013412,0.016848385,0.22701983
1.0,0.0,0.0,1.0,0.0,0.0,0.0,1.0,1.0,0.0,0.0,0.0,0.0,0.2185756439074346,0,0,0.11228238,0.12685736,0.06806444,0.02002502,0.6727708
0.0,1.0,0.0,1.0,0.0,0.0,0.0,1.0,0.0,0.0,1.0,0.7142857142857142,1.0,0.1284076062859302,1,1,0.076490015,0.21179931,0.027068054,0.033646274,0.6509963
0.0,1.0,0.0,1.0,0.0,0.0,0.0,1.0,0.0,0.0,1.0,0.7142857142857142,1.0,0.1951434918636105,1,1,0.076490015,0.21179931,0.027068054,0.033646274,0.6509963
0.0,1.0,0.0,1.0,0.0,0.0,0.0,1.0,0.0,0.0,1.0,0.7142857142857142,1.0,0.3088387596782778,1,1,0.076490015,0.21179931,0.027068054,0.033646274,0.6509963
0.0,1.0,0.0,0.0,1.0,0.0,1.0,0.0,0.0,1.0,0.0,0.2857142857142857,0.6666666666666666,0.0373509063849422,1,1,0.16340512,0.1753705,0.0924802,0.02141652,0.54732764
0.0,1.0,0.0,0.0,1.0,0.0,1.0,0.0,0.0,1.0,0.0,0.2857142857142857,0.6666666666666666,0.1391511764690645,4,4,0.16340512,0.1753705,0.0924802,0.02141652,0.54732764
1.0,0.0,0.0,0.0,0.0,1.0,0.0,1.0,0.0,1.0,0.0,0.0,0.0,0.0447774328226301,4,4,0.17425878,0.12823898,0.02828747,0.014757727,0.65445703
0.0,1.0,0.0,1.0,0.0,0.0,0.0,1.0,0.0,0.0,1.0,0.1428571428571428,1.0,0.0760176901204855,0,0,0.17985192,0.22923304,0.07847908,0.029497733,0.48293823
0.0,1.0,1.0,0.0,0.0,0.0,1.0,0.0,0.0,1.0,0.0,0.1428571428571428,0.2222222222222222,0.1088776059889001,1,1,0.11425919,0.10235357,0.05178229,0.019911962,0.7116929
0.0,1.0,0.0,1.0,0.0,0.0,0.0,1.0,0.0,0.0,1.0,0.4285714285714285,1.0,0.0368568854603375,1,1,0.13046604,0.26143903,0.043134972,0.024376076,0.5405839
0.0,1.0,0.0,1.0,0.0,0.0,0.0,1.0,0.0,0.0,1.0,0.4285714285714285,1.0,0.0429420204675679,1,1,0.13046604,0.26143903,0.043134972,0.024376076,0.5405839
0.0,1.0,0.0,1.0,0.0,0.0,1.0,0.0,0.0,1.0,0.0,0.2857142857142857,0.8888888888888888,0.2165650867763595,0,0,0.079856895,0.20323996,0.047679648,0.03445416,0.6347693
1.0,0.0,1.0,0.0,0.0,0.0,0.0,1.0,0.0,1.0,0.0,0.0,0.0,0.0756958346330973,1,1,0.17302619,0.14080939,0.027716774,0.017210538,0.6412371
1.0,0.0,1.0,0.0,0.0,0.0,0.0,1.0,0.0,1.0,0.0,0.0,0.0,0.1625239527734595,1,1,0.17302619,0.14080939,0.027716774,0.017210538,0.6412371
1.0,0.0,1.0,0.0,0.0,0.0,0.0,1.0,0.0,1.0,0.0,0.0,0.0,0.0650511536701787,4,4,0.17302619,0.14080939,0.027716774,0.017210538,0.6412371
0.0,1.0,1.0,0.0,0.0,0.0,0.0,1.0,0.0,1.0,0.0,0.8571428571428571,1.0,0.2199487715030291,2,2,0.05365763,0.18148474,0.030133128,0.018195262,0.71652925
1.0,0.0,0.0,1.0,0.0,0.0,0.0,1.0,0.0,1.0,0.0,0.7142857142857142,1.0,0.0748147200118979,1,1,0.047342088,0.14287522,0.02209731,0.023264797,0.7644206
1.0,0.0,0.0,1.0,0.0,0.0,0.0,1.0,1.0,0.0,0.0,0.0,0.0,0.2230094462485269,0,0,0.11228238,0.12685736,0.06806444,0.02002502,0.6727708
0.0,1.0,1.0,0.0,0.0,0.0,1.0,0.0,0.0,1.0,0.0,0.5714285714285714,1.0,0.0604106224583541,4,4,0.07132202,0.26021227,0.036897775,0.01814891,0.61341906
0.0,1.0,0.0,0.0,1.0,0.0,1.0,0.0,0.0,1.0,0.0,0.4285714285714285,0.7777777777777777,0.1554112282979759,4,4,0.09841839,0.12560715,0.02820082,0.030943034,0.71683055
0.0,1.0,0.0,0.0,1.0,0.0,1.0,0.0,0.0,1.0,0.0,0.4285714285714285,0.7777777777777777,0.0319531762180234,1,1,0.09841839,0.12560715,0.02820082,0.030943034,0.71683055
0.0,1.0,0.0,1.0,0.0,0.0,1.0,0.0,0.0,1.0,0.0,0.7142857142857142,0.8888888888888888,0.1281278215451289,1,1,0.050159585,0.25307247,0.02573984,0.04412569,0.62690246
0.0,1.0,0.0,0.0,1.0,0.0,0.0,1.0,0.0,0.0,1.0,0.2857142857142857,1.0,0.049794419008764,4,4,0.289438,0.2950548,0.15277061,0.020377817,0.2423588
0.0,1.0,0.0,0.0,1.0,0.0,0.0,1.0,0.0,0.0,1.0,0.2857142857142857,1.0,0.2163889085422015,0,0,0.289438,0.2950548,0.15277061,0.020377817,0.2423588
1.0,0.0,1.0,0.0,0.0,0.0,1.0,0.0,0.0,1.0,0.0,0.0,0.0,0.1242419816782449,0,0,0.17302619,0.14080939,0.027716774,0.017210538,0.6412371
0.0,1.0,0.0,1.0,0.0,0.0,1.0,0.0,1.0,0.0,0.0,0.1428571428571428,0.0,0.0739532938545778,0,0,0.06596341,0.17437021,0.07410666,0.018552786,0.6670069
0.0,1.0,0.0,1.0,0.0,0.0,1.0,0.0,0.0,1.0,0.0,0.2857142857142857,1.0,0.0432131216771689,1,1,0.13518512,0.19854121,0.08206433,0.024097392,0.56011194
1.0,0.0,1.0,0.0,0.0,0.0,1.0,0.0,0.0,1.0,0.0,0.4285714285714285,1.0,0.048126343079286,0,0,0.04585898,0.27962744,0.021620767,0.014772091,0.6381207
1.0,0.0,0.0,1.0,0.0,0.0,0.0,1.0,1.0,0.0,0.0,0.0,0.0,0.0139600724943112,0,0,0.11228238,0.12685736,0.06806444,0.02002502,0.6727708
1.0,0.0,0.0,0.0,0.0,1.0,0.0,1.0,1.0,0.0,0.0,0.0,0.0,0.1674376148694401,1,1,0.23673548,0.11882643,0.048959855,0.016132334,0.57934594
1.0,0.0,0.0,0.0,0.0,1.0,0.0,1.0,1.0,0.0,0.0,0.0,0.0,0.0306171475973994,2,2,0.23673548,0.11882643,0.048959855,0.016132334,0.57934594
0.0,1.0,0.0,1.0,0.0,0.0,0.0,1.0,0.0,0.0,1.0,0.4285714285714285,1.0,0.0519986641963815,4,4,0.13046604,0.26143903,0.043134972,0.024376076,0.5405839
0.0,1.0,1.0,0.0,0.0,0.0,1.0,0.0,0.0,1.0,0.0,0.2857142857142857,1.0,0.046900518959348,1,1,0.13291052,0.5146044,0.062358532,0.023061736,0.26706484
0.0,1.0,1.0,0.0,0.0,0.0,1.0,0.0,0.0,1.0,0.0,0.2857142857142857,1.0,0.0342971337743226,1,1,0.13291052,0.5146044,0.062358532,0.023061736,0.26706484
0.0,1.0,1.0,0.0,0.0,0.0,0.0,1.0,0.0,1.0,0.0,0.7142857142857142,1.0,0.0647597246802483,4,4,0.058855247,0.1922821,0.031587306,0.01871432,0.698561
0.0,1.0,1.0,0.0,0.0,0.0,0.0,1.0,0.0,1.0,0.0,0.7142857142857142,1.0,0.1496985696063704,1,1,0.058855247,0.1922821,0.031587306,0.01871432,0.698561
1.0,0.0,0.0,0.0,0.0,1.0,0.0,1.0,1.0,0.0,0.0,0.0,0.0,0.0747518001006924,2,2,0.23673548,0.11882643,0.048959855,0.016132334,0.57934594
0.0,1.0,0.0,0.0,1.0,0.0,0.0,1.0,0.0,0.0,1.0,0.2857142857142857,1.0,0.1513040856280808,2,2,0.289438,0.2950548,0.15277061,0.020377817,0.2423588
0.0,1.0,1.0,0.0,0.0,0.0,1.0,0.0,0.0,0.0,1.0,0.5714285714285714,1.0,0.2267564116857657,0,0,0.0778996,0.5127215,0.024422891,0.019122083,0.36583397
0.0,1.0,0.0,1.0,0.0,0.0,0.0,1.0,1.0,0.0,0.0,0.1428571428571428,0.0,0.1289169614949024,1,1,0.06596341,0.17437021,0.07410666,0.018552786,0.6670069
1.0,0.0,0.0,1.0,0.0,0.0,1.0,0.0,0.0,1.0,0.0,0.7142857142857142,0.7777777777777777,0.0440268039302774,4,4,0.034629554,0.15088922,0.017254759,0.02697409,0.77025235
1.0,0.0,0.0,1.0,0.0,0.0,1.0,0.0,0.0,1.0,0.0,0.7142857142857142,0.7777777777777777,0.3540540990534353,0,0,0.15678988,0.061827507,0.009471571,0.022887422,0.7490237
0.0,1.0,1.0,0.0,0.0,0.0,0.0,1.0,0.0,0.0,1.0,0.2857142857142857,1.0,0.078366408411903,1,1,0.07324008,0.8207543,0.018986136,0.012101532,0.07491795
1.0,0.0,0.0,1.0,0.0,0.0,0.0,1.0,1.0,0.0,0.0,0.0,0.0,0.0996615986692606,1,1,0.11228238,0.12685736,0.06806444,0.02002502,0.6727708
1.0,0.0,0.0,1.0,0.0,0.0,0.0,1.0,1.0,0.0,0.0,0.0,0.0,0.0800632722025008,1,1,0.11228238,0.12685736,0.06806444,0.02002502,0.6727708
0.0,1.0,0.0,1.0,0.0,0.0,1.0,0.0,0.0,1.0,0.0,0.2857142857142857,1.0,0.095757541387028,4,4,0.13518512,0.19854121,0.08206433,0.024097392,0.56011194
0.0,1.0,0.0,1.0,0.0,0.0,1.0,0.0,0.0,1.0,0.0,0.2857142857142857,1.0,0.3568665452215501,0,0,0.3294085,0.06840557,0.015031926,0.016856639,0.57029736
1.0,0.0,0.0,1.0,0.0,0.0,0.0,1.0,1.0,0.0,0.0,0.0,0.0,0.1448869622780767,0,0,0.11228238,0.12685736,0.06806444,0.02002502,0.6727708
0.0,1.0,1.0,0.0,0.0,0.0,1.0,0.0,0.0,1.0,0.0,0.5714285714285714,0.0,0.0332071581930648,1,1,0.07605029,0.08459926,0.12295885,0.014678506,0.7017131
0.0,1.0,1.0,0.0,0.0,0.0,1.0,0.0,0.0,1.0,0.0,0.5714285714285714,0.0,0.0558149985719288,1,1,0.07605029,0.08459926,0.12295885,0.014678506,0.7017131
0.0,1.0,1.0,0.0,0.0,0.0,1.0,0.0,0.0,1.0,0.0,0.5714285714285714,0.0,0.0570351743620653,1,1,0.07605029,0.08459926,0.12295885,0.014678506,0.7017131
1.0,0.0,0.0,1.0,0.0,0.0,1.0,0.0,0.0,1.0,0.0,0.7142857142857142,0.0,0.0028154414122353,0,0,0.021873895,0.13627617,0.19142736,0.0154986195,0.63492393
0.0,1.0,1.0,0.0,0.0,0.0,1.0,0.0,0.0,1.0,0.0,0.2857142857142857,0.8888888888888888,0.2362599810618562,1,1,0.13469055,0.35137126,0.05348076,0.029137531,0.43131995
0.0,1.0,1.0,0.0,0.0,0.0,1.0,0.0,0.0,1.0,0.0,0.2857142857142857,0.8888888888888888,0.0532538968730218,0,0,0.13469055,0.35137126,0.05348076,0.029137531,0.43131995
1.0,0.0,0.0,0.0,1.0,0.0,1.0,0.0,1.0,0.0,0.0,0.0,0.0,0.0846983412931987,2,2,0.25846887,0.10353199,0.06898423,0.015801786,0.5532131
0.0,1.0,0.0,1.0,0.0,0.0,0.0,1.0,0.0,1.0,0.0,0.7142857142857142,1.0,0.2393105757110931,0,0,0.060073294,0.20419148,0.030067844,0.028842721,0.6768246
0.0,1.0,0.0,1.0,0.0,0.0,1.0,0.0,0.0,1.0,0.0,0.5714285714285714,1.0,0.1232902815553952,0,0,0.072717816,0.22513574,0.02771587,0.022588385,0.6518422
1.0,0.0,0.0,1.0,0.0,0.0,1.0,0.0,0.0,1.0,0.0,0.0,0.0,0.1001793767172884,2,2,0.07325397,0.14829226,0.032872677,0.018456457,0.72712463
1.0,0.0,0.0,1.0,0.0,0.0,1.0,0.0,0.0,1.0,0.0,0.0,0.0,0.0229539220027747,1,1,0.07325397,0.14829226,0.032872677,0.018456457,0.72712463
1.0,0.0,0.0,1.0,0.0,0.0,1.0,0.0,0.0,1.0,0.0,0.0,0.0,0.2168611833970708,1,1,0.07325397,0.14829226,0.032872677,0.018456457,0.72712463
1.0,0.0,1.0,0.0,0.0,0.0,1.0,0.0,1.0,0.0,0.0,0.0,0.0,0.0456582836482069,1,1,0.2834718,0.13289246,0.038517557,0.01825196,0.52686626
1.0,0.0,1.0,0.0,0.0,0.0,0.0,1.0,0.0,1.0,0.0,0.0,0.0,0.2468918508679504,0,0,0.17302619,0.14080939,0.027716774,0.017210538,0.6412371
1.0,0.0,1.0,0.0,0.0,0.0,0.0,1.0,0.0,1.0,0.0,0.0,0.0,0.0861730271000141,1,1,0.17302619,0.14080939,0.027716774,0.017210538,0.6412371
0.0,1.0,1.0,0.0,0.0,0.0,0.0,1.0,0.0,0.0,1.0,0.2857142857142857,1.0,0.0951905670071254,1,1,0.07324008,0.8207543,0.018986136,0.012101532,0.07491795
0.0,1.0,1.0,0.0,0.0,0.0,0.0,1.0,0.0,0.0,1.0,0.2857142857142857,1.0,0.1089957988417339,4,4,0.07324008,0.8207543,0.018986136,0.012101532,0.07491795
0.0,1.0,1.0,0.0,0.0,0.0,1.0,0.0,0.0,1.0,0.0,0.2857142857142857,1.0,0.1378303114415228,4,4,0.13291052,0.5146044,0.062358532,0.023061736,0.26706484
0.0,1.0,0.0,1.0,0.0,0.0,0.0,1.0,0.0,0.0,1.0,0.4285714285714285,1.0,0.0196162866813763,2,2,0.13046604,0.26143903,0.043134972,0.024376076,0.5405839
0.0,1.0,0.0,0.0,1.0,0.0,0.0,1.0,0.0,1.0,0.0,0.5714285714285714,0.6666666666666666,0.0644541500379911,1,1,0.19235456,0.13034368,0.024027562,0.018097183,0.635177
0.0,1.0,1.0,0.0,0.0,0.0,1.0,0.0,0.0,1.0,0.0,0.1428571428571428,0.6666666666666666,0.0959926794945747,1,1,0.037707783,0.2101497,0.032125562,0.01968119,0.70033574
0.0,1.0,1.0,0.0,0.0,0.0,1.0,0.0,0.0,1.0,0.0,0.1428571428571428,0.6666666666666666,0.0408686179087571,2,2,0.037707783,0.2101497,0.032125562,0.01968119,0.70033574
0.0,1.0,1.0,0.0,0.0,0.0,0.0,1.0,0.0,1.0,0.0,0.4285714285714285,1.0,0.172285731511901,2,2,0.05966553,0.3669486,0.03644123,0.01864788,0.5182968
0.0,1.0,0.0,0.0,1.0,0.0,0.0,1.0,0.0,1.0,0.0,0.5714285714285714,0.6666666666666666,0.1410604733227985,1,1,0.19235456,0.13034368,0.024027562,0.018097183,0.635177
1.0,0.0,1.0,0.0,0.0,0.0,1.0,0.0,1.0,0.0,0.0,0.0,0.0,0.1301927391953259,0,0,0.2834718,0.13289246,0.038517557,0.01825196,0.52686626
0.0,1.0,0.0,1.0,0.0,0.0,1.0,0.0,0.0,0.0,1.0,0.2857142857142857,1.0,0.1969769273032422,1,1,0.17968439,0.2730925,0.074258424,0.024917908,0.44804674
1.0,0.0,1.0,0.0,0.0,0.0,0.0,1.0,0.0,1.0,0.0,0.0,0.0,0.0723890540891087,1,1,0.17302619,0.14080939,0.027716774,0.017210538,0.6412371
0.0,1.0,0.0,0.0,1.0,0.0,0.0,1.0,0.0,0.0,1.0,0.2857142857142857,1.0,0.1196719863124241,4,4,0.289438,0.2950548,0.15277061,0.020377817,0.2423588
0.0,1.0,0.0,0.0,1.0,0.0,0.0,1.0,0.0,0.0,1.0,0.2857142857142857,1.0,0.0837956450865933,1,1,0.289438,0.2950548,0.15277061,0.020377817,0.2423588
0.0,1.0,0.0,1.0,0.0,0.0,0.0,1.0,0.0,0.0,1.0,0.4285714285714285,1.0,0.2204866414670648,1,1,0.13046604,0.26143903,0.043134972,0.024376076,0.5405839
0.0,1.0,0.0,1.0,0.0,0.0,0.0,1.0,0.0,0.0,1.0,0.4285714285714285,1.0,0.0302254110978471,1,1,0.13046604,0.26143903,0.043134972,0.024376076,0.5405839
0.0,1.0,0.0,1.0,0.0,0.0,0.0,1.0,0.0,1.0,0.0,0.5714285714285714,1.0,0.0503392097285454,1,1,0.072717816,0.22513574,0.02771587,0.022588385,0.6518422
0.0,1.0,0.0,1.0,0.0,0.0,1.0,0.0,0.0,1.0,0.0,0.2857142857142857,1.0,0.0355664624476431,1,1,0.13518512,0.19854121,0.08206433,0.024097392,0.56011194
0.0,1.0,0.0,1.0,0.0,0.0,1.0,0.0,0.0,1.0,0.0,0.2857142857142857,1.0,0.220590396940648,1,1,0.13518512,0.19854121,0.08206433,0.024097392,0.56011194
0.0,1.0,0.0,1.0,0.0,0.0,0.0,1.0,0.0,1.0,0.0,0.1428571428571428,0.8888888888888888,0.102567664352095,1,1,0.0782035,0.25165668,0.045613546,0.038227625,0.58629864
0.0,1.0,0.0,1.0,0.0,0.0,0.0,1.0,0.0,1.0,0.0,0.1428571428571428,0.8888888888888888,0.1392555774660536,1,1,0.0782035,0.25165668,0.045613546,0.038227625,0.58629864
1.0,0.0,0.0,1.0,0.0,0.0,0.0,1.0,1.0,0.0,0.0,0.0,0.0,0.1420639766989699,1,1,0.11228238,0.12685736,0.06806444,0.02002502,0.6727708
1.0,0.0,0.0,1.0,0.0,0.0,0.0,1.0,1.0,0.0,0.0,0.0,0.0,0.05955724672274,4,4,0.11228238,0.12685736,0.06806444,0.02002502,0.6727708
0.0,1.0,1.0,0.0,0.0,0.0,1.0,0.0,0.0,1.0,0.0,0.8571428571428571,1.0,0.1141201995019103,4,4,0.05365763,0.18148474,0.030133128,0.018195262,0.71652925
0.0,1.0,1.0,0.0,0.0,0.0,1.0,0.0,0.0,1.0,0.0,0.8571428571428571,1.0,0.0440751126674692,1,1,0.05365763,0.18148474,0.030133128,0.018195262,0.71652925
0.0,1.0,0.0,1.0,0.0,0.0,0.0,1.0,0.0,1.0,0.0,0.2857142857142857,1.0,0.2476600485487678,0,0,0.13518512,0.19854121,0.08206433,0.024097392,0.56011194
0.0,1.0,1.0,0.0,0.0,0.0,1.0,0.0,0.0,0.0,1.0,0.2857142857142857,1.0,0.0931832871487263,4,4,0.07324008,0.8207543,0.018986136,0.012101532,0.07491795
0.0,1.0,0.0,1.0,0.0,0.0,0.0,1.0,0.0,0.0,1.0,0.4285714285714285,1.0,0.0538254581932796,2,2,0.13046604,0.26143903,0.043134972,0.024376076,0.5405839
0.0,1.0,0.0,1.0,0.0,0.0,0.0,1.0,0.0,0.0,1.0,0.4285714285714285,1.0,0.25864541690305,1,1,0.13046604,0.26143903,0.043134972,0.024376076,0.5405839
0.0,1.0,0.0,1.0,0.0,0.0,0.0,1.0,0.0,0.0,1.0,0.4285714285714285,1.0,0.0554814615936766,2,2,0.13046604,0.26143903,0.043134972,0.024376076,0.5405839
1.0,0.0,1.0,0.0,0.0,0.0,1.0,0.0,0.0,1.0,0.0,0.0,0.0,0.0431270001650868,2,2,0.17302619,0.14080939,0.027716774,0.017210538,0.6412371
0.0,1.0,1.0,0.0,0.0,0.0,1.0,0.0,0.0,1.0,0.0,1.0,1.0,0.0550510216210728,1,1,0.05323838,0.20885673,0.030343283,0.018322164,0.6892394
0.0,1.0,0.0,1.0,0.0,0.0,1.0,0.0,1.0,0.0,0.0,0.1428571428571428,0.8888888888888888,0.2504120389671399,1,1,0.08595798,0.17875794,0.11062884,0.040431056,0.5842242
0.0,1.0,1.0,0.0,0.0,0.0,0.0,1.0,0.0,1.0,0.0,1.0,1.0,0.1976407364009823,1,1,0.05323838,0.20885673,0.030343283,0.018322164,0.6892394
1.0,0.0,0.0,0.0,0.0,1.0,1.0,0.0,0.0,1.0,0.0,0.2857142857142857,1.0,0.3285338277585377,0,0,0.3395013,0.10224071,0.042877294,0.01591245,0.49946824
1.0,0.0,0.0,0.0,0.0,1.0,1.0,0.0,0.0,1.0,0.0,0.2857142857142857,1.0,0.0676736731969814,1,1,0.3395013,0.10224071,0.042877294,0.01591245,0.49946824
1.0,0.0,0.0,0.0,0.0,1.0,1.0,0.0,0.0,1.0,0.0,0.2857142857142857,1.0,0.0279904228580247,1,1,0.3395013,0.10224071,0.042877294,0.01591245,0.49946824
1.0,0.0,1.0,0.0,0.0,0.0,0.0,1.0,0.0,1.0,0.0,0.0,0.0,0.0981098348850012,1,1,0.17302619,0.14080939,0.027716774,0.017210538,0.6412371
0.0,1.0,0.0,0.0,1.0,0.0,1.0,0.0,0.0,1.0,0.0,1.0,1.0,0.0868782614209351,1,1,0.06236245,0.22944175,0.022256019,0.018575894,0.6673639
0.0,1.0,0.0,0.0,1.0,0.0,1.0,0.0,0.0,1.0,0.0,1.0,1.0,0.2088548062496197,0,0,0.06236245,0.22944175,0.022256019,0.018575894,0.6673639
0.0,1.0,0.0,1.0,0.0,0.0,0.0,1.0,0.0,0.0,1.0,0.2857142857142857,1.0,0.0880992379083731,1,1,0.17968439,0.2730925,0.074258424,0.024917908,0.44804674
0.0,1.0,0.0,0.0,1.0,0.0,1.0,0.0,0.0,1.0,0.0,0.4285714285714285,0.0,0.0367265269740852,1,1,0.11382853,0.09740058,0.071577646,0.017273128,0.69992006
0.0,1.0,1.0,0.0,0.0,0.0,0.0,1.0,0.0,1.0,0.0,0.5714285714285714,1.0,0.0474281350323596,4,4,0.07132202,0.26021227,0.036897775,0.01814891,0.61341906
1.0,0.0,1.0,0.0,0.0,0.0,0.0,1.0,1.0,0.0,0.0,0.0,0.2222222222222222,0.0560591926280252,2,2,0.24534716,0.13305603,0.04705861,0.018670687,0.55586755
0.0,1.0,0.0,1.0,0.0,0.0,1.0,0.0,0.0,0.0,1.0,0.4285714285714285,1.0,0.2588140723067471,1,1,0.13046604,0.26143903,0.043134972,0.024376076,0.5405839
0.0,1.0,1.0,0.0,0.0,0.0,0.0,1.0,0.0,1.0,0.0,0.7142857142857142,1.0,0.2830729163830903,0,0,0.058855247,0.1922821,0.031587306,0.01871432,0.698561
1.0,0.0,0.0,1.0,0.0,0.0,0.0,1.0,1.0,0.0,0.0,0.0,0.0,0.0671764463796927,2,2,0.11228238,0.12685736,0.06806444,0.02002502,0.6727708
0.0,1.0,0.0,0.0,1.0,0.0,1.0,0.0,0.0,1.0,0.0,0.7142857142857142,0.0,0.038031679092954,4,4,0.13080615,0.12096647,0.13487992,0.016640669,0.5967068
0.0,1.0,0.0,0.0,1.0,0.0,1.0,0.0,0.0,1.0,0.0,0.7142857142857142,0.0,0.1825259424053907,0,0,0.13080615,0.12096647,0.13487992,0.016640669,0.5967068
0.0,1.0,0.0,0.0,1.0,0.0,1.0,0.0,0.0,1.0,0.0,0.7142857142857142,0.0,0.0726280591301348,1,1,0.13080615,0.12096647,0.13487992,0.016640669,0.5967068
1.0,0.0,0.0,1.0,0.0,0.0,1.0,0.0,0.0,0.0,1.0,0.1428571428571428,1.0,0.1361258193022151,2,2,0.14575933,0.17194124,0.06325159,0.025096025,0.5939518
1.0,0.0,0.0,1.0,0.0,0.0,0.0,1.0,0.0,1.0,0.0,1.0,1.0,0.0707222940342657,4,4,0.04672729,0.16889273,0.023239866,0.024702732,0.7364374
0.0,1.0,0.0,1.0,0.0,0.0,1.0,0.0,0.0,1.0,0.0,1.0,1.0,0.0871533102544413,2,2,0.058062356,0.23959993,0.030644601,0.029678335,0.64201474
1.0,0.0,1.0,0.0,0.0,0.0,1.0,0.0,0.0,1.0,0.0,0.7142857142857142,1.0,0.2747323567339813,0,0,0.04254717,0.11956203,0.017314859,0.012969036,0.8076069
0.0,1.0,0.0,1.0,0.0,0.0,0.0,1.0,0.0,0.0,1.0,0.2857142857142857,1.0,0.0898277695875939,2,2,0.17968439,0.2730925,0.074258424,0.024917908,0.44804674
0.0,1.0,1.0,0.0,0.0,0.0,1.0,0.0,0.0,1.0,0.0,0.2857142857142857,0.0,0.1627004413554087,0,0,0.29849923,0.0649813,0.056486804,0.01791843,0.56211424
0.0,1.0,1.0,0.0,0.0,0.0,1.0,0.0,0.0,1.0,0.0,0.2857142857142857,0.0,0.072675070613559,1,1,0.29849923,0.0649813,0.056486804,0.01791843,0.56211424
0.0,1.0,1.0,0.0,0.0,0.0,1.0,0.0,0.0,1.0,0.0,0.2857142857142857,0.0,0.0383621374211167,1,1,0.29849923,0.0649813,0.056486804,0.01791843,0.56211424
0.0,1.0,0.0,1.0,0.0,0.0,1.0,0.0,0.0,0.0,1.0,0.5714285714285714,1.0,0.0729558174325132,4,4,0.1150125,0.19572452,0.023333743,0.022854952,0.6430743
0.0,1.0,1.0,0.0,0.0,0.0,1.0,0.0,0.0,1.0,0.0,1.0,0.2222222222222222,0.244442114370469,2,2,0.024190065,0.113932386,0.1908644,0.013252871,0.6577603
0.0,1.0,1.0,0.0,0.0,0.0,1.0,0.0,0.0,0.0,1.0,0.2857142857142857,1.0,0.0640193651963094,0,0,0.07324008,0.8207543,0.018986136,0.012101532,0.07491795
1.0,0.0,0.0,1.0,0.0,0.0,1.0,0.0,1.0,0.0,0.0,0.0,0.0,0.0381162674869473,1,1,0.11228238,0.12685736,0.06806444,0.02002502,0.6727708
1.0,0.0,0.0,1.0,0.0,0.0,1.0,0.0,1.0,0.0,0.0,0.0,0.0,0.0931023856864935,1,1,0.11228238,0.12685736,0.06806444,0.02002502,0.6727708
1.0,0.0,0.0,1.0,0.0,0.0,1.0,0.0,1.0,0.0,0.0,0.0,0.0,0.1343642355832223,1,1,0.11228238,0.12685736,0.06806444,0.02002502,0.6727708
1.0,0.0,0.0,1.0,0.0,0.0,1.0,0.0,1.0,0.0,0.0,0.0,0.0,0.0760107693647398,1,1,0.11228238,0.12685736,0.06806444,0.02002502,0.6727708
0.0,1.0,0.0,0.0,1.0,0.0,0.0,1.0,0.0,0.0,1.0,0.5714285714285714,1.0,0.18670595473668,1,1,0.0951033,0.26286152,0.026228257,0.018158792,0.59764814
0.0,1.0,0.0,0.0,1.0,0.0,0.0,1.0,0.0,0.0,1.0,0.5714285714285714,1.0,0.0252234612622011,1,1,0.0951033,0.26286152,0.026228257,0.018158792,0.59764814
0.0,1.0,0.0,0.0,1.0,0.0,0.0,1.0,0.0,0.0,1.0,0.5714285714285714,1.0,0.0312534133286627,1,1,0.0951033,0.26286152,0.026228257,0.018158792,0.59764814
0.0,1.0,0.0,1.0,0.0,0.0,0.0,1.0,1.0,0.0,0.0,0.1428571428571428,0.6666666666666666,0.1117284856274878,4,4,0.04036774,0.23402768,0.07421334,0.020615157,0.6307761
0.0,1.0,0.0,1.0,0.0,0.0,1.0,0.0,0.0,1.0,0.0,0.2857142857142857,1.0,0.129941791971291,4,4,0.13518512,0.19854121,0.08206433,0.024097392,0.56011194
0.0,1.0,0.0,1.0,0.0,0.0,1.0,0.0,0.0,1.0,0.0,0.2857142857142857,1.0,0.2206237903629904,1,1,0.13518512,0.19854121,0.08206433,0.024097392,0.56011194
0.0,1.0,0.0,1.0,0.0,0.0,1.0,0.0,0.0,1.0,0.0,0.7142857142857142,1.0,0.0187898305131784,0,0,0.060073294,0.20419148,0.030067844,0.028842721,0.6768246
0.0,1.0,0.0,1.0,0.0,0.0,0.0,1.0,0.0,1.0,0.0,0.8571428571428571,1.0,0.0381437301629983,2,2,0.060798608,0.21391411,0.030366447,0.029408952,0.6655119
0.0,1.0,0.0,1.0,0.0,0.0,1.0,0.0,0.0,0.0,1.0,0.4285714285714285,1.0,0.2924888435429214,0,0,0.13046604,0.26143903,0.043134972,0.024376076,0.5405839
0.0,1.0,0.0,0.0,1.0,0.0,0.0,1.0,0.0,1.0,0.0,1.0,1.0,0.2718805088102848,2,2,0.06236245,0.22944175,0.022256019,0.018575894,0.6673639
0.0,1.0,0.0,1.0,0.0,0.0,1.0,0.0,0.0,0.0,1.0,0.2857142857142857,1.0,0.1949963249409822,2,2,0.17968439,0.2730925,0.074258424,0.024917908,0.44804674
0.0,1.0,0.0,1.0,0.0,0.0,0.0,1.0,0.0,0.0,1.0,0.2857142857142857,1.0,0.2717462151140389,0,0,0.17968439,0.2730925,0.074258424,0.024917908,0.44804674
0.0,1.0,0.0,1.0,0.0,0.0,0.0,1.0,0.0,0.0,1.0,0.2857142857142857,1.0,0.1038155976486842,1,1,0.17968439,0.2730925,0.074258424,0.024917908,0.44804674
0.0,1.0,0.0,1.0,0.0,0.0,0.0,1.0,0.0,0.0,1.0,0.2857142857142857,1.0,0.2246597516634759,1,1,0.17968439,0.2730925,0.074258424,0.024917908,0.44804674
0.0,1.0,1.0,0.0,0.0,0.0,1.0,0.0,0.0,1.0,0.0,0.2857142857142857,1.0,0.2081638479270979,1,1,0.13291052,0.5146044,0.062358532,0.023061736,0.26706484
0.0,1.0,0.0,1.0,0.0,0.0,0.0,1.0,0.0,1.0,0.0,0.8571428571428571,0.7777777777777777,0.0887598690447304,4,4,0.044680588,0.24165513,0.024588196,0.03554764,0.6535285
0.0,1.0,1.0,0.0,0.0,0.0,1.0,0.0,0.0,0.0,1.0,0.2857142857142857,1.0,0.1085907949741042,1,1,0.07324008,0.8207543,0.018986136,0.012101532,0.07491795
0.0,1.0,0.0,1.0,0.0,0.0,0.0,1.0,0.0,1.0,0.0,0.5714285714285714,1.0,0.1002958502433585,0,0,0.072717816,0.22513574,0.02771587,0.022588385,0.6518422
0.0,1.0,0.0,1.0,0.0,0.0,0.0,1.0,0.0,1.0,0.0,0.8571428571428571,1.0,0.297748270320131,0,0,0.060798608,0.21391411,0.030366447,0.029408952,0.6655119
0.0,1.0,0.0,1.0,0.0,0.0,0.0,1.0,0.0,1.0,0.0,0.8571428571428571,1.0,0.0779115254472575,2,2,0.060798608,0.21391411,0.030366447,0.029408952,0.6655119
0.0,1.0,0.0,1.0,0.0,0.0,0.0,1.0,0.0,1.0,0.0,0.8571428571428571,1.0,0.0722476286006191,1,1,0.060798608,0.21391411,0.030366447,0.029408952,0.6655119
0.0,1.0,0.0,0.0,1.0,0.0,0.0,1.0,0.0,1.0,0.0,0.8571428571428571,0.8888888888888888,0.0814852112987089,1,1,0.16278502,0.12583673,0.025465311,0.02457546,0.66133744
0.0,1.0,0.0,0.0,1.0,0.0,0.0,1.0,0.0,1.0,0.0,0.8571428571428571,0.8888888888888888,0.1679634929948205,1,1,0.16278502,0.12583673,0.025465311,0.02457546,0.66133744
0.0,1.0,1.0,0.0,0.0,0.0,1.0,0.0,0.0,0.0,1.0,0.4285714285714285,1.0,0.0173719414556466,1,1,0.059995417,0.67612296,0.020013412,0.016848385,0.22701983
0.0,1.0,1.0,0.0,0.0,0.0,1.0,0.0,0.0,0.0,1.0,0.4285714285714285,1.0,0.0499156594769083,2,2,0.059995417,0.67612296,0.020013412,0.016848385,0.22701983
0.0,1.0,1.0,0.0,0.0,0.0,1.0,0.0,0.0,0.0,1.0,0.4285714285714285,1.0,0.0856836024261983,4,4,0.059995417,0.67612296,0.020013412,0.016848385,0.22701983
1.0,0.0,0.0,1.0,0.0,0.0,0.0,1.0,1.0,0.0,0.0,0.0,0.0,0.0517615150351473,1,1,0.11228238,0.12685736,0.06806444,0.02002502,0.6727708
0.0,1.0,0.0,1.0,0.0,0.0,1.0,0.0,0.0,1.0,0.0,0.4285714285714285,1.0,0.1564679376994855,1,1,0.07599253,0.23563513,0.039966714,0.021604389,0.62680125
0.0,1.0,0.0,1.0,0.0,0.0,1.0,0.0,0.0,1.0,0.0,0.4285714285714285,1.0,0.0130300796477231,0,0,0.07599253,0.23563513,0.039966714,0.021604389,0.62680125
1.0,0.0,1.0,0.0,0.0,0.0,1.0,0.0,1.0,0.0,0.0,0.0,0.2222222222222222,0.1525113385361881,1,1,0.24534716,0.13305603,0.04705861,0.018670687,0.55586755
0.0,1.0,1.0,0.0,0.0,0.0,1.0,0.0,0.0,1.0,0.0,0.7142857142857142,0.0,0.0650621710167694,1,1,0.043468602,0.056335345,0.14091165,0.013597654,0.74568677
1.0,0.0,1.0,0.0,0.0,0.0,1.0,0.0,1.0,0.0,0.0,0.0,0.0,0.0652875828245371,1,1,0.2834718,0.13289246,0.038517557,0.01825196,0.52686626
0.0,1.0,0.0,1.0,0.0,0.0,0.0,1.0,0.0,0.0,1.0,0.2857142857142857,1.0,0.1996817448573385,4,4,0.17968439,0.2730925,0.074258424,0.024917908,0.44804674
0.0,1.0,0.0,1.0,0.0,0.0,0.0,1.0,0.0,0.0,1.0,0.2857142857142857,1.0,0.1608640886465389,1,1,0.17968439,0.2730925,0.074258424,0.024917908,0.44804674
0.0,1.0,0.0,0.0,1.0,0.0,1.0,0.0,0.0,1.0,0.0,0.5714285714285714,0.0,0.0548857986639474,2,2,0.11880699,0.14391449,0.0961366,0.016146291,0.6249956
0.0,1.0,0.0,0.0,1.0,0.0,0.0,1.0,0.0,1.0,0.0,0.5714285714285714,1.0,0.289101732576636,0,0,0.08040796,0.20448847,0.020793524,0.016249023,0.67806107
0.0,1.0,0.0,0.0,1.0,0.0,0.0,1.0,0.0,1.0,0.0,0.5714285714285714,1.0,0.0423621666543269,0,0,0.08040796,0.20448847,0.020793524,0.016249023,0.67806107
0.0,1.0,0.0,0.0,1.0,0.0,0.0,1.0,0.0,1.0,0.0,0.5714285714285714,1.0,0.1014945685872053,1,1,0.08040796,0.20448847,0.020793524,0.016249023,0.67806107
0.0,1.0,0.0,0.0,1.0,0.0,0.0,1.0,0.0,1.0,0.0,0.5714285714285714,1.0,0.0265795507640539,1,1,0.08040796,0.20448847,0.020793524,0.016249023,0.67806107
0.0,1.0,0.0,1.0,0.0,0.0,0.0,1.0,0.0,0.0,1.0,0.4285714285714285,1.0,0.0885695699860689,1,1,0.13046604,0.26143903,0.043134972,0.024376076,0.5405839
0.0,1.0,0.0,1.0,0.0,0.0,1.0,0.0,0.0,1.0,0.0,0.2857142857142857,0.0,0.067423247357236,0,0,0.041292213,0.1445042,0.050473012,0.016415812,0.74731475
0.0,1.0,0.0,1.0,0.0,0.0,1.0,0.0,0.0,1.0,0.0,0.8571428571428571,1.0,0.1750430102566364,0,0,0.060798608,0.21391411,0.030366447,0.029408952,0.6655119
0.0,1.0,0.0,1.0,0.0,0.0,1.0,0.0,0.0,1.0,0.0,0.8571428571428571,1.0,0.0509074813622156,0,0,0.060798608,0.21391411,0.030366447,0.029408952,0.6655119
0.0,1.0,0.0,1.0,0.0,0.0,1.0,0.0,0.0,1.0,0.0,0.7142857142857142,0.7777777777777777,0.312458085275916,2,2,0.045849405,0.21809039,0.024367101,0.034892853,0.67680025
1.0,0.0,0.0,1.0,0.0,0.0,1.0,0.0,1.0,0.0,0.0,0.0,0.0,0.2492416305488142,2,2,0.11228238,0.12685736,0.06806444,0.02002502,0.6727708
1.0,0.0,0.0,1.0,0.0,0.0,1.0,0.0,1.0,0.0,0.0,0.0,0.0,0.0733039407569559,0,0,0.11228238,0.12685736,0.06806444,0.02002502,0.6727708
1.0,0.0,0.0,1.0,0.0,0.0,0.0,1.0,1.0,0.0,0.0,0.1428571428571428,0.0,0.2944469891390039,0,0,0.066661745,0.2862732,0.06593437,0.01939834,0.56173235
1.0,0.0,0.0,1.0,0.0,0.0,0.0,1.0,1.0,0.0,0.0,0.1428571428571428,0.0,0.1011179305076992,1,1,0.066661745,0.2862732,0.06593437,0.01939834,0.56173235
0.0,1.0,0.0,1.0,0.0,0.0,1.0,0.0,0.0,0.0,1.0,0.4285714285714285,1.0,0.0601880844711337,1,1,0.13046604,0.26143903,0.043134972,0.024376076,0.5405839
0.0,1.0,0.0,0.0,1.0,0.0,0.0,1.0,0.0,0.0,1.0,0.7142857142857142,1.0,0.0801331376972754,0,0,0.091769025,0.24414138,0.027405178,0.020531435,0.61615294
0.0,1.0,0.0,1.0,0.0,0.0,0.0,1.0,1.0,0.0,0.0,0.2857142857142857,0.8888888888888888,0.0689278134493964,2,2,0.09258939,0.15544985,0.11368588,0.03591051,0.60236436
0.0,1.0,0.0,1.0,0.0,0.0,1.0,0.0,0.0,1.0,0.0,1.0,1.0,0.1969674058330056,2,2,0.058062356,0.23959993,0.030644601,0.029678335,0.64201474
0.0,1.0,0.0,1.0,0.0,0.0,0.0,1.0,0.0,1.0,0.0,0.8571428571428571,0.8888888888888888,0.0638409896997891,2,2,0.04979022,0.27219912,0.025746739,0.044561457,0.60770243
0.0,1.0,0.0,1.0,0.0,0.0,0.0,1.0,0.0,1.0,0.0,0.8571428571428571,0.8888888888888888,0.1151302325956104,2,2,0.04979022,0.27219912,0.025746739,0.044561457,0.60770243
0.0,1.0,0.0,1.0,0.0,0.0,0.0,1.0,0.0,1.0,0.0,0.2857142857142857,0.6666666666666666,0.0442309538108641,2,2,0.038742237,0.21536437,0.038624812,0.02050961,0.68675894
0.0,1.0,0.0,1.0,0.0,0.0,0.0,1.0,0.0,1.0,0.0,0.2857142857142857,0.6666666666666666,0.1215958446845252,4,4,0.038742237,0.21536437,0.038624812,0.02050961,0.68675894
0.0,1.0,0.0,1.0,0.0,0.0,1.0,0.0,0.0,0.0,1.0,0.2857142857142857,1.0,0.0395713517272649,1,1,0.17968439,0.2730925,0.074258424,0.024917908,0.44804674
0.0,1.0,0.0,0.0,1.0,0.0,1.0,0.0,0.0,0.0,1.0,0.2857142857142857,1.0,0.0603143029178502,4,4,0.289438,0.2950548,0.15277061,0.020377817,0.2423588
0.0,1.0,0.0,1.0,0.0,0.0,0.0,1.0,0.0,0.0,1.0,0.5714285714285714,1.0,0.0044860373657786,0,0,0.1150125,0.19572452,0.023333743,0.022854952,0.6430743
0.0,1.0,0.0,1.0,0.0,0.0,1.0,0.0,0.0,1.0,0.0,0.4285714285714285,1.0,0.3928894326744267,1,1,0.22303687,0.17043562,0.016464744,0.02620012,0.5638627
1.0,0.0,0.0,1.0,0.0,0.0,1.0,0.0,1.0,0.0,0.0,0.0,0.5555555555555556,0.2052559139505599,4,4,0.09150544,0.32661945,0.09661186,0.023502009,0.4617612
1.0,0.0,0.0,1.0,0.0,0.0,1.0,0.0,1.0,0.0,0.0,0.0,0.5555555555555556,0.2361035161194008,0,0,0.09150544,0.32661945,0.09661186,0.023502009,0.4617612
0.0,1.0,1.0,0.0,0.0,0.0,1.0,0.0,0.0,0.0,1.0,0.2857142857142857,1.0,0.0767773035813959,1,1,0.07324008,0.8207543,0.018986136,0.012101532,0.07491795
0.0,1.0,0.0,1.0,0.0,0.0,1.0,0.0,0.0,1.0,0.0,0.7142857142857142,1.0,0.103937601572395,4,4,0.060073294,0.20419148,0.030067844,0.028842721,0.6768246
0.0,1.0,1.0,0.0,0.0,0.0,0.0,1.0,0.0,1.0,0.0,0.5714285714285714,1.0,0.1411058089281497,2,2,0.07132202,0.26021227,0.036897775,0.01814891,0.61341906
0.0,1.0,1.0,0.0,0.0,0.0,1.0,0.0,0.0,1.0,0.0,1.0,1.0,0.0496228959914754,0,0,0.05323838,0.20885673,0.030343283,0.018322164,0.6892394
0.0,1.0,1.0,0.0,0.0,0.0,1.0,0.0,0.0,1.0,0.0,1.0,1.0,0.0380948907310834,4,4,0.05323838,0.20885673,0.030343283,0.018322164,0.6892394
0.0,1.0,1.0,0.0,0.0,0.0,1.0,0.0,0.0,1.0,0.0,1.0,1.0,0.0755971005867772,2,2,0.05323838,0.20885673,0.030343283,0.018322164,0.6892394
0.0,1.0,1.0,0.0,0.0,0.0,1.0,0.0,0.0,1.0,0.0,1.0,1.0,0.1299211476362146,1,1,0.05323838,0.20885673,0.030343283,0.018322164,0.6892394
0.0,1.0,1.0,0.0,0.0,0.0,1.0,0.0,0.0,1.0,0.0,1.0,1.0,0.1153019666493971,1,1,0.05323838,0.20885673,0.030343283,0.018322164,0.6892394
0.0,1.0,1.0,0.0,0.0,0.0,1.0,0.0,0.0,0.0,1.0,0.2857142857142857,1.0,0.1442652363408351,1,1,0.07324008,0.8207543,0.018986136,0.012101532,0.07491795
0.0,1.0,1.0,0.0,0.0,0.0,0.0,1.0,0.0,1.0,0.0,0.7142857142857142,1.0,0.1647503505864191,0,0,0.058855247,0.1922821,0.031587306,0.01871432,0.698561
0.0,1.0,1.0,0.0,0.0,0.0,0.0,1.0,0.0,1.0,0.0,0.7142857142857142,1.0,0.1870471883401562,0,0,0.058855247,0.1922821,0.031587306,0.01871432,0.698561
0.0,1.0,1.0,0.0,0.0,0.0,0.0,1.0,0.0,1.0,0.0,0.2857142857142857,1.0,0.1199322191423742,2,2,0.13291052,0.5146044,0.062358532,0.023061736,0.26706484
0.0,1.0,0.0,1.0,0.0,0.0,1.0,0.0,0.0,1.0,0.0,0.2857142857142857,0.6666666666666666,0.0244935325675273,0,0,0.038742237,0.21536437,0.038624812,0.02050961,0.68675894
0.0,1.0,0.0,1.0,0.0,0.0,1.0,0.0,0.0,1.0,0.0,0.2857142857142857,0.6666666666666666,0.3198401419785903,0,0,0.038742237,0.21536437,0.038624812,0.02050961,0.68675894
0.0,1.0,0.0,1.0,0.0,0.0,1.0,0.0,0.0,1.0,0.0,0.2857142857142857,0.6666666666666666,0.1224704047603726,1,1,0.038742237,0.21536437,0.038624812,0.02050961,0.68675894
0.0,1.0,0.0,1.0,0.0,0.0,1.0,0.0,0.0,1.0,0.0,0.2857142857142857,0.6666666666666666,0.1701629526194964,2,2,0.038742237,0.21536437,0.038624812,0.02050961,0.68675894
0.0,1.0,0.0,1.0,0.0,0.0,0.0,1.0,0.0,0.0,1.0,0.1428571428571428,1.0,0.0407709049066703,4,4,0.17985192,0.22923304,0.07847908,0.029497733,0.48293823
0.0,1.0,0.0,1.0,0.0,0.0,0.0,1.0,0.0,0.0,1.0,0.1428571428571428,1.0,0.0421102201104041,1,1,0.17985192,0.22923304,0.07847908,0.029497733,0.48293823
0.0,1.0,1.0,0.0,0.0,0.0,1.0,0.0,0.0,0.0,1.0,0.2857142857142857,1.0,0.1035043188140231,1,1,0.07324008,0.8207543,0.018986136,0.012101532,0.07491795
0.0,1.0,0.0,0.0,1.0,0.0,1.0,0.0,0.0,0.0,1.0,0.1428571428571428,1.0,0.0902425556176051,4,4,0.23695023,0.2886588,0.17586929,0.023462143,0.27505952
0.0,1.0,0.0,0.0,1.0,0.0,1.0,0.0,0.0,0.0,1.0,0.4285714285714285,1.0,0.0436466775415972,1,1,0.08592373,0.522568,0.03523299,0.020770047,0.33550528
0.0,1.0,0.0,0.0,1.0,0.0,1.0,0.0,0.0,1.0,0.0,0.5714285714285714,0.0,0.066548066585806,1,1,0.11880699,0.14391449,0.0961366,0.016146291,0.6249956
0.0,1.0,0.0,1.0,0.0,0.0,1.0,0.0,0.0,0.0,1.0,0.2857142857142857,1.0,0.2122287584695546,1,1,0.17968439,0.2730925,0.074258424,0.024917908,0.44804674
1.0,0.0,0.0,1.0,0.0,0.0,0.0,1.0,0.0,0.0,1.0,0.0,0.3333333333333333,0.0360375610843834,1,1,0.11378811,0.1469106,0.038549952,0.019188803,0.68156254
0.0,1.0,1.0,0.0,0.0,0.0,0.0,1.0,0.0,0.0,1.0,0.5714285714285714,1.0,0.0258111513571721,1,1,0.0778996,0.5127215,0.024422891,0.019122083,0.36583397
0.0,1.0,0.0,1.0,0.0,0.0,0.0,1.0,1.0,0.0,0.0,0.1428571428571428,0.0,0.1428734133942936,4,4,0.06596341,0.17437021,0.07410666,0.018552786,0.6670069
0.0,1.0,0.0,1.0,0.0,0.0,0.0,1.0,1.0,0.0,0.0,0.1428571428571428,0.0,0.1556760791030604,2,2,0.06596341,0.17437021,0.07410666,0.018552786,0.6670069
0.0,1.0,0.0,0.0,1.0,0.0,1.0,0.0,0.0,0.0,1.0,0.1428571428571428,1.0,0.0889197167781108,1,1,0.23695023,0.2886588,0.17586929,0.023462143,0.27505952
0.0,1.0,0.0,0.0,1.0,0.0,1.0,0.0,0.0,0.0,1.0,0.1428571428571428,1.0,0.0423535358822512,1,1,0.23695023,0.2886588,0.17586929,0.023462143,0.27505952
0.0,1.0,0.0,0.0,1.0,0.0,1.0,0.0,0.0,0.0,1.0,0.1428571428571428,1.0,0.1978175229168112,1,1,0.23695023,0.2886588,0.17586929,0.023462143,0.27505952
0.0,1.0,1.0,0.0,0.0,0.0,1.0,0.0,0.0,1.0,0.0,0.1428571428571428,0.4444444444444444,0.0003808572577287,0,0,0.037034884,0.3709922,0.02830925,0.017547185,0.5461165
1.0,0.0,0.0,1.0,0.0,0.0,1.0,0.0,0.0,1.0,0.0,0.0,0.7777777777777777,0.1755609310646481,4,4,0.07857492,0.3207393,0.046353094,0.03303483,0.5212978
0.0,1.0,0.0,0.0,1.0,0.0,1.0,0.0,1.0,0.0,0.0,0.1428571428571428,1.0,0.1399811085325248,2,2,0.18473122,0.20026438,0.1749629,0.022391401,0.41765016
0.0,1.0,0.0,1.0,0.0,0.0,0.0,1.0,0.0,0.0,1.0,0.4285714285714285,1.0,0.0375399981906956,1,1,0.13046604,0.26143903,0.043134972,0.024376076,0.5405839
0.0,1.0,0.0,1.0,0.0,0.0,0.0,1.0,0.0,0.0,1.0,0.4285714285714285,1.0,0.037816499451865,1,1,0.13046604,0.26143903,0.043134972,0.024376076,0.5405839
0.0,1.0,0.0,1.0,0.0,0.0,1.0,0.0,0.0,0.0,1.0,0.4285714285714285,1.0,0.1789917762416818,1,1,0.13046604,0.26143903,0.043134972,0.024376076,0.5405839
0.0,1.0,0.0,1.0,0.0,0.0,0.0,1.0,0.0,1.0,0.0,0.1428571428571428,0.0,0.0849571341093973,0,0,0.041941356,0.24435616,0.033574592,0.017144226,0.66298366
0.0,1.0,0.0,1.0,0.0,0.0,0.0,1.0,0.0,1.0,0.0,0.1428571428571428,0.0,0.1526215244160067,1,1,0.041941356,0.24435616,0.033574592,0.017144226,0.66298366
0.0,1.0,0.0,0.0,1.0,0.0,0.0,1.0,0.0,0.0,1.0,0.5714285714285714,1.0,0.2217763475763612,1,1,0.0951033,0.26286152,0.026228257,0.018158792,0.59764814
0.0,1.0,0.0,1.0,0.0,0.0,0.0,1.0,0.0,1.0,0.0,0.8571428571428571,1.0,0.2153653070430664,3,3,0.060798608,0.21391411,0.030366447,0.029408952,0.6655119
1.0,0.0,0.0,1.0,0.0,0.0,1.0,0.0,0.0,1.0,0.0,0.8571428571428571,0.0,0.0486570626302104,4,4,0.021416543,0.2115815,0.18936911,0.015479243,0.56215364
1.0,0.0,1.0,0.0,0.0,0.0,1.0,0.0,0.0,1.0,0.0,0.0,0.0,0.0660997878221591,1,1,0.17302619,0.14080939,0.027716774,0.017210538,0.6412371
0.0,1.0,0.0,1.0,0.0,0.0,0.0,1.0,0.0,0.0,1.0,0.4285714285714285,1.0,0.0451895871033712,1,1,0.13046604,0.26143903,0.043134972,0.024376076,0.5405839
0.0,1.0,0.0,0.0,1.0,0.0,0.0,1.0,0.0,1.0,0.0,0.8571428571428571,1.0,0.1322324566048704,1,1,0.07100009,0.19243841,0.021835715,0.01822509,0.69650066
0.0,1.0,0.0,0.0,1.0,0.0,0.0,1.0,0.0,1.0,0.0,0.8571428571428571,1.0,0.1283061846277375,0,0,0.07100009,0.19243841,0.021835715,0.01822509,0.69650066
0.0,1.0,1.0,0.0,0.0,0.0,1.0,0.0,1.0,0.0,0.0,0.1428571428571428,0.0,0.0586439117938492,1,1,0.2649552,0.12974305,0.052204445,0.018259754,0.53483754
0.0,1.0,1.0,0.0,0.0,0.0,1.0,0.0,1.0,0.0,0.0,0.1428571428571428,0.0,0.0613890497329895,4,4,0.2649552,0.12974305,0.052204445,0.018259754,0.53483754
0.0,1.0,1.0,0.0,0.0,0.0,1.0,0.0,1.0,0.0,0.0,0.1428571428571428,0.0,0.0698221178517255,2,2,0.2649552,0.12974305,0.052204445,0.018259754,0.53483754
1.0,0.0,0.0,0.0,1.0,0.0,1.0,0.0,1.0,0.0,0.0,0.0,0.0,0.0613367250953785,4,4,0.25846887,0.10353199,0.06898423,0.015801786,0.5532131
1.0,0.0,0.0,0.0,1.0,0.0,1.0,0.0,1.0,0.0,0.0,0.0,0.0,0.0755971005867772,0,0,0.25846887,0.10353199,0.06898423,0.015801786,0.5532131
0.0,1.0,0.0,1.0,0.0,0.0,0.0,1.0,0.0,1.0,0.0,0.7142857142857142,1.0,0.1835076221248788,1,1,0.060073294,0.20419148,0.030067844,0.028842721,0.6768246
0.0,1.0,0.0,1.0,0.0,0.0,0.0,1.0,0.0,1.0,0.0,0.7142857142857142,1.0,0.1554170380086288,0,0,0.060073294,0.20419148,0.030067844,0.028842721,0.6768246
0.0,1.0,0.0,1.0,0.0,0.0,1.0,0.0,0.0,1.0,0.0,0.4285714285714285,0.0,0.5490676385984655,0,0,0.12910698,0.11250877,0.016937712,0.021607209,0.71983933
0.0,1.0,1.0,0.0,0.0,0.0,1.0,0.0,0.0,1.0,0.0,0.5714285714285714,1.0,0.0278736079493842,2,2,0.07132202,0.26021227,0.036897775,0.01814891,0.61341906
1.0,0.0,0.0,1.0,0.0,0.0,1.0,0.0,0.0,1.0,0.0,1.0,1.0,0.0287347144484793,1,1,0.04672729,0.16889273,0.023239866,0.024702732,0.7364374
0.0,1.0,1.0,0.0,0.0,0.0,0.0,1.0,0.0,0.0,1.0,0.1428571428571428,1.0,0.1320097137881077,4,4,0.10958048,0.73065084,0.023178197,0.014687469,0.12190298
0.0,1.0,1.0,0.0,0.0,0.0,0.0,1.0,0.0,0.0,1.0,0.1428571428571428,1.0,0.0758243496534693,1,1,0.10958048,0.73065084,0.023178197,0.014687469,0.12190298
0.0,1.0,0.0,1.0,0.0,0.0,0.0,1.0,1.0,0.0,0.0,0.1428571428571428,1.0,0.1804366190048869,4,4,0.12973718,0.16269754,0.15330337,0.026566524,0.5276954
0.0,1.0,0.0,1.0,0.0,0.0,0.0,1.0,1.0,0.0,0.0,0.1428571428571428,1.0,0.4448638241821169,0,0,0.21602985,0.16427232,0.018277833,0.019861313,0.5815587
0.0,1.0,0.0,1.0,0.0,0.0,1.0,0.0,0.0,1.0,0.0,0.8571428571428571,0.8888888888888888,0.2494722313716523,0,0,0.04979022,0.27219912,0.025746739,0.044561457,0.60770243
0.0,1.0,0.0,0.0,1.0,0.0,0.0,1.0,0.0,1.0,0.0,0.1428571428571428,0.0,0.4522260186261488,1,1,0.3128755,0.100749865,0.018308645,0.019894259,0.54817176
0.0,1.0,1.0,0.0,0.0,0.0,1.0,0.0,0.0,1.0,0.0,0.4285714285714285,1.0,0.206176827572514,1,1,0.05966553,0.3669486,0.03644123,0.01864788,0.5182968
0.0,1.0,1.0,0.0,0.0,0.0,1.0,0.0,0.0,0.0,1.0,0.2857142857142857,1.0,0.1831340254537272,1,1,0.07324008,0.8207543,0.018986136,0.012101532,0.07491795
1.0,0.0,0.0,1.0,0.0,0.0,1.0,0.0,0.0,1.0,0.0,0.0,0.3333333333333333,0.0538446128589579,1,1,0.08214176,0.16628973,0.03495821,0.021100456,0.6955099
0.0,1.0,0.0,0.0,1.0,0.0,0.0,1.0,0.0,0.0,1.0,0.4285714285714285,1.0,0.0729847418466612,1,1,0.08592373,0.522568,0.03523299,0.020770047,0.33550528
0.0,1.0,0.0,1.0,0.0,0.0,1.0,0.0,0.0,1.0,0.0,0.4285714285714285,1.0,0.1176675119980582,1,1,0.07599253,0.23563513,0.039966714,0.021604389,0.62680125
0.0,1.0,0.0,1.0,0.0,0.0,1.0,0.0,0.0,1.0,0.0,0.4285714285714285,1.0,0.155456675628532,0,0,0.07599253,0.23563513,0.039966714,0.021604389,0.62680125
0.0,1.0,0.0,0.0,1.0,0.0,0.0,1.0,0.0,1.0,0.0,0.4285714285714285,1.0,0.0231800289895949,2,2,0.067220025,0.3330344,0.02686198,0.017407266,0.5554763
0.0,1.0,0.0,1.0,0.0,0.0,0.0,1.0,0.0,1.0,0.0,0.8571428571428571,1.0,0.1551923834494717,0,0,0.060798608,0.21391411,0.030366447,0.029408952,0.6655119
0.0,1.0,0.0,1.0,0.0,0.0,1.0,0.0,0.0,1.0,0.0,0.2857142857142857,1.0,0.2068743900960345,1,1,0.13518512,0.19854121,0.08206433,0.024097392,0.56011194
0.0,1.0,0.0,1.0,0.0,0.0,1.0,0.0,0.0,1.0,0.0,0.2857142857142857,1.0,0.0625009575926575,1,1,0.13518512,0.19854121,0.08206433,0.024097392,0.56011194
0.0,1.0,0.0,1.0,0.0,0.0,1.0,0.0,0.0,1.0,0.0,0.2857142857142857,1.0,0.0345031333277453,1,1,0.13518512,0.19854121,0.08206433,0.024097392,0.56011194
0.0,1.0,0.0,1.0,0.0,0.0,1.0,0.0,0.0,1.0,0.0,0.2857142857142857,1.0,0.0833752976241622,0,0,0.13518512,0.19854121,0.08206433,0.024097392,0.56011194
0.0,1.0,0.0,1.0,0.0,0.0,0.0,1.0,0.0,0.0,1.0,0.4285714285714285,1.0,0.2265444317304049,1,1,0.13046604,0.26143903,0.043134972,0.024376076,0.5405839
0.0,1.0,0.0,1.0,0.0,0.0,0.0,1.0,0.0,0.0,1.0,0.4285714285714285,1.0,0.6165696239058942,0,0,0.17294101,0.25167006,0.016952202,0.026431572,0.5320052
1.0,0.0,1.0,0.0,0.0,0.0,1.0,0.0,1.0,0.0,0.0,0.0,0.0,0.065449801615043,1,1,0.2834718,0.13289246,0.038517557,0.01825196,0.52686626
1.0,0.0,1.0,0.0,0.0,0.0,1.0,0.0,1.0,0.0,0.0,0.0,0.0,0.2091148280430718,1,1,0.2834718,0.13289246,0.038517557,0.01825196,0.52686626
1.0,0.0,1.0,0.0,0.0,0.0,1.0,0.0,1.0,0.0,0.0,0.0,0.0,0.1127777094402717,1,1,0.2834718,0.13289246,0.038517557,0.01825196,0.52686626
0.0,1.0,0.0,1.0,0.0,0.0,0.0,1.0,0.0,0.0,1.0,0.2857142857142857,1.0,0.0495568601884453,1,1,0.17968439,0.2730925,0.074258424,0.024917908,0.44804674
0.0,1.0,1.0,0.0,0.0,0.0,0.0,1.0,0.0,1.0,0.0,0.8571428571428571,1.0,0.3396157018619984,1,1,0.104486465,0.117546916,0.013859304,0.0186628,0.74544454
0.0,1.0,0.0,1.0,0.0,0.0,1.0,0.0,0.0,1.0,0.0,0.2857142857142857,0.6666666666666666,0.0846168563771184,4,4,0.038742237,0.21536437,0.038624812,0.02050961,0.68675894
1.0,0.0,0.0,0.0,1.0,0.0,1.0,0.0,1.0,0.0,0.0,0.0,0.0,0.1862068782465552,0,0,0.25846887,0.10353199,0.06898423,0.015801786,0.5532131
1.0,0.0,0.0,0.0,1.0,0.0,1.0,0.0,1.0,0.0,0.0,0.0,0.0,0.0995928318056672,4,4,0.25846887,0.10353199,0.06898423,0.015801786,0.5532131
1.0,0.0,0.0,1.0,0.0,0.0,1.0,0.0,0.0,1.0,0.0,0.0,0.0,0.0926183176155554,4,4,0.07325397,0.14829226,0.032872677,0.018456457,0.72712463
0.0,1.0,1.0,0.0,0.0,0.0,0.0,1.0,0.0,1.0,0.0,0.5714285714285714,1.0,0.2802597750359232,1,1,0.07132202,0.26021227,0.036897775,0.01814891,0.61341906
0.0,1.0,1.0,0.0,0.0,0.0,1.0,0.0,0.0,0.0,1.0,0.4285714285714285,1.0,0.0574419285912379,1,1,0.059995417,0.67612296,0.020013412,0.016848385,0.22701983
0.0,1.0,0.0,0.0,1.0,0.0,0.0,1.0,0.0,0.0,1.0,0.1428571428571428,0.8888888888888888,0.1302220484407351,2,2,0.33648255,0.123409264,0.15711144,0.024795217,0.35820153
0.0,1.0,1.0,0.0,0.0,0.0,0.0,1.0,1.0,0.0,0.0,0.1428571428571428,1.0,0.1192496029684822,1,1,0.18096115,0.50751424,0.058173157,0.020125229,0.23322624
0.0,1.0,0.0,1.0,0.0,0.0,1.0,0.0,0.0,0.0,1.0,0.2857142857142857,1.0,0.0194978672746548,1,1,0.17968439,0.2730925,0.074258424,0.024917908,0.44804674
0.0,1.0,0.0,1.0,0.0,0.0,1.0,0.0,0.0,0.0,1.0,0.2857142857142857,1.0,0.0807628085379738,0,0,0.17968439,0.2730925,0.074258424,0.024917908,0.44804674
0.0,1.0,0.0,1.0,0.0,0.0,1.0,0.0,0.0,0.0,1.0,0.2857142857142857,1.0,0.1291882054644874,0,0,0.17968439,0.2730925,0.074258424,0.024917908,0.44804674
0.0,1.0,0.0,1.0,0.0,0.0,1.0,0.0,0.0,1.0,0.0,0.8571428571428571,1.0,0.2296047837141998,1,1,0.060798608,0.21391411,0.030366447,0.029408952,0.6655119
0.0,1.0,1.0,0.0,0.0,0.0,1.0,0.0,0.0,1.0,0.0,0.7142857142857142,1.0,0.058085825774689,2,2,0.058855247,0.1922821,0.031587306,0.01871432,0.698561
0.0,1.0,1.0,0.0,0.0,0.0,1.0,0.0,0.0,1.0,0.0,0.7142857142857142,1.0,0.079584107626665,0,0,0.058855247,0.1922821,0.031587306,0.01871432,0.698561
0.0,1.0,1.0,0.0,0.0,0.0,1.0,0.0,0.0,1.0,0.0,0.7142857142857142,1.0,0.2095636902605664,0,0,0.058855247,0.1922821,0.031587306,0.01871432,0.698561
1.0,0.0,0.0,1.0,0.0,0.0,0.0,1.0,0.0,1.0,0.0,0.0,0.0,0.3945727839221918,1,1,0.32691932,0.035730045,0.0125496015,0.014493001,0.61030805
1.0,0.0,0.0,1.0,0.0,0.0,0.0,1.0,0.0,1.0,0.0,0.0,0.0,0.2157657550051201,0,0,0.07325397,0.14829226,0.032872677,0.018456457,0.72712463
0.0,1.0,0.0,1.0,0.0,0.0,1.0,0.0,0.0,0.0,1.0,0.1428571428571428,1.0,0.3446603183119906,1,1,0.2811438,0.19611694,0.018022748,0.022355957,0.48236057
0.0,1.0,0.0,1.0,0.0,0.0,1.0,0.0,0.0,1.0,0.0,0.2857142857142857,0.4444444444444444,0.0311563892986726,4,4,0.03949642,0.19846416,0.04176041,0.016601756,0.7036773
0.0,1.0,0.0,1.0,0.0,0.0,1.0,0.0,0.0,0.0,1.0,0.1428571428571428,0.7777777777777777,0.1824880427331187,1,1,0.047010045,0.57811284,0.044973392,0.03288091,0.29702285
0.0,1.0,0.0,1.0,0.0,0.0,1.0,0.0,0.0,0.0,1.0,0.1428571428571428,0.7777777777777777,0.1490434254189631,1,1,0.047010045,0.57811284,0.044973392,0.03288091,0.29702285
0.0,1.0,1.0,0.0,0.0,0.0,0.0,1.0,0.0,0.0,1.0,0.2857142857142857,1.0,0.1444095853055187,1,1,0.07324008,0.8207543,0.018986136,0.012101532,0.07491795
0.0,1.0,0.0,1.0,0.0,0.0,1.0,0.0,0.0,0.0,1.0,0.1428571428571428,1.0,0.1365200851362664,4,4,0.17985192,0.22923304,0.07847908,0.029497733,0.48293823
0.0,1.0,0.0,1.0,0.0,0.0,1.0,0.0,0.0,0.0,1.0,0.1428571428571428,1.0,0.1117168910340054,1,1,0.17985192,0.22923304,0.07847908,0.029497733,0.48293823
0.0,1.0,1.0,0.0,0.0,0.0,1.0,0.0,0.0,0.0,1.0,0.7142857142857142,1.0,0.0966631114141809,1,1,0.07237963,0.41221237,0.024462279,0.021678822,0.46926686
0.0,1.0,1.0,0.0,0.0,0.0,1.0,0.0,0.0,0.0,1.0,0.5714285714285714,1.0,0.1497229008732074,4,4,0.0778996,0.5127215,0.024422891,0.019122083,0.36583397
0.0,1.0,1.0,0.0,0.0,0.0,1.0,0.0,0.0,0.0,1.0,0.4285714285714285,1.0,0.2298252547851302,1,1,0.059995417,0.67612296,0.020013412,0.016848385,0.22701983
0.0,1.0,1.0,0.0,0.0,0.0,1.0,0.0,0.0,0.0,1.0,0.4285714285714285,1.0,0.1864617855084069,1,1,0.059995417,0.67612296,0.020013412,0.016848385,0.22701983
0.0,1.0,0.0,1.0,0.0,0.0,0.0,1.0,0.0,0.0,1.0,0.2857142857142857,1.0,0.1076109649274521,1,1,0.17968439,0.2730925,0.074258424,0.024917908,0.44804674
0.0,1.0,0.0,1.0,0.0,0.0,0.0,1.0,0.0,0.0,1.0,0.2857142857142857,1.0,0.4598406623775254,1,1,0.2722,0.14734949,0.017128652,0.018999383,0.5443225
0.0,1.0,0.0,1.0,0.0,0.0,0.0,1.0,0.0,0.0,1.0,0.2857142857142857,1.0,0.5091678368811824,4,4,0.2722,0.14734949,0.017128652,0.018999383,0.5443225
0.0,1.0,0.0,1.0,0.0,0.0,0.0,1.0,0.0,0.0,1.0,0.2857142857142857,1.0,0.202499007623174,1,1,0.17968439,0.2730925,0.074258424,0.024917908,0.44804674
0.0,1.0,0.0,1.0,0.0,0.0,0.0,1.0,0.0,0.0,1.0,0.2857142857142857,1.0,0.4641928804912442,4,4,0.2722,0.14734949,0.017128652,0.018999383,0.5443225
0.0,1.0,0.0,1.0,0.0,0.0,1.0,0.0,0.0,1.0,0.0,0.7142857142857142,1.0,0.0167278006491793,0,0,0.060073294,0.20419148,0.030067844,0.028842721,0.6768246
0.0,1.0,1.0,0.0,0.0,0.0,1.0,0.0,0.0,0.0,1.0,0.1428571428571428,1.0,0.7100903735444978,1,1,0.12975298,0.46660662,0.016213195,0.019209385,0.36821783
0.0,1.0,0.0,1.0,0.0,0.0,0.0,1.0,0.0,0.0,1.0,0.1428571428571428,1.0,0.127010743291258,4,4,0.17985192,0.22923304,0.07847908,0.029497733,0.48293823
0.0,1.0,0.0,1.0,0.0,0.0,0.0,1.0,0.0,0.0,1.0,0.1428571428571428,1.0,0.1546017791887405,1,1,0.17985192,0.22923304,0.07847908,0.029497733,0.48293823
0.0,1.0,0.0,1.0,0.0,0.0,0.0,1.0,0.0,0.0,1.0,0.1428571428571428,1.0,0.2644771250073933,1,1,0.17985192,0.22923304,0.07847908,0.029497733,0.48293823
0.0,1.0,0.0,1.0,0.0,0.0,0.0,1.0,0.0,0.0,1.0,0.1428571428571428,1.0,0.3094169748551808,4,4,0.17985192,0.22923304,0.07847908,0.029497733,0.48293823
0.0,1.0,0.0,1.0,0.0,0.0,0.0,1.0,0.0,0.0,1.0,0.2857142857142857,1.0,0.1694795295413469,3,3,0.17968439,0.2730925,0.074258424,0.024917908,0.44804674
0.0,1.0,0.0,0.0,1.0,0.0,1.0,0.0,0.0,0.0,1.0,0.7142857142857142,0.8888888888888888,0.1969731534741002,1,1,0.220355,0.11074581,0.02797081,0.024858579,0.6160698
0.0,1.0,0.0,1.0,0.0,0.0,0.0,1.0,0.0,0.0,1.0,0.5714285714285714,1.0,0.179197934072478,1,1,0.1150125,0.19572452,0.023333743,0.022854952,0.6430743
0.0,1.0,0.0,1.0,0.0,0.0,0.0,1.0,0.0,0.0,1.0,0.5714285714285714,1.0,0.1518822014936906,1,1,0.1150125,0.19572452,0.023333743,0.022854952,0.6430743
0.0,1.0,0.0,0.0,1.0,0.0,0.0,1.0,0.0,0.0,1.0,0.4285714285714285,1.0,0.3019215791391285,4,4,0.08592373,0.522568,0.03523299,0.020770047,0.33550528
0.0,1.0,0.0,0.0,1.0,0.0,0.0,1.0,0.0,0.0,1.0,0.4285714285714285,1.0,0.0609440916907094,1,1,0.08592373,0.522568,0.03523299,0.020770047,0.33550528
0.0,1.0,0.0,0.0,1.0,0.0,0.0,1.0,0.0,0.0,1.0,0.4285714285714285,1.0,0.1925889943657022,1,1,0.08592373,0.522568,0.03523299,0.020770047,0.33550528
0.0,1.0,1.0,0.0,0.0,0.0,0.0,1.0,0.0,0.0,1.0,0.2857142857142857,1.0,0.133427730088234,1,1,0.07324008,0.8207543,0.018986136,0.012101532,0.07491795
0.0,1.0,1.0,0.0,0.0,0.0,0.0,1.0,0.0,0.0,1.0,0.2857142857142857,1.0,0.0871243299776909,1,1,0.07324008,0.8207543,0.018986136,0.012101532,0.07491795
0.0,1.0,0.0,0.0,1.0,0.0,1.0,0.0,0.0,0.0,1.0,0.4285714285714285,1.0,0.1655665032079462,1,1,0.08592373,0.522568,0.03523299,0.020770047,0.33550528
0.0,1.0,0.0,0.0,1.0,0.0,1.0,0.0,0.0,0.0,1.0,0.4285714285714285,1.0,0.4497385686650701,0,0,0.42395994,0.26800492,0.015840745,0.021806564,0.27038783
0.0,1.0,0.0,0.0,1.0,0.0,1.0,0.0,0.0,0.0,1.0,0.4285714285714285,1.0,0.0979184992647168,1,1,0.08592373,0.522568,0.03523299,0.020770047,0.33550528
0.0,1.0,0.0,0.0,1.0,0.0,1.0,0.0,0.0,0.0,1.0,0.4285714285714285,1.0,0.2016934688961089,1,1,0.08592373,0.522568,0.03523299,0.020770047,0.33550528
0.0,1.0,0.0,1.0,0.0,0.0,0.0,1.0,1.0,0.0,0.0,0.1428571428571428,1.0,0.1477827926907544,2,2,0.12973718,0.16269754,0.15330337,0.026566524,0.5276954
0.0,1.0,0.0,0.0,1.0,0.0,0.0,1.0,0.0,0.0,1.0,0.2857142857142857,1.0,0.1318023393939696,1,1,0.289438,0.2950548,0.15277061,0.020377817,0.2423588
0.0,1.0,0.0,0.0,1.0,0.0,0.0,1.0,0.0,0.0,1.0,0.2857142857142857,1.0,0.3152189640550304,1,1,0.289438,0.2950548,0.15277061,0.020377817,0.2423588
0.0,1.0,0.0,0.0,1.0,0.0,0.0,1.0,0.0,0.0,1.0,0.2857142857142857,1.0,0.4083500906625403,1,1,0.5230415,0.1392177,0.016658,0.016478458,0.30460435
0.0,1.0,0.0,1.0,0.0,0.0,1.0,0.0,0.0,0.0,1.0,0.4285714285714285,1.0,0.1384906818857354,1,1,0.13046604,0.26143903,0.043134972,0.024376076,0.5405839
0.0,1.0,0.0,1.0,0.0,0.0,0.0,1.0,0.0,0.0,1.0,0.4285714285714285,1.0,0.0459045942762399,4,4,0.13046604,0.26143903,0.043134972,0.024376076,0.5405839
0.0,1.0,0.0,1.0,0.0,0.0,0.0,1.0,0.0,0.0,1.0,0.4285714285714285,1.0,0.1259860617818092,1,1,0.13046604,0.26143903,0.043134972,0.024376076,0.5405839
0.0,1.0,0.0,1.0,0.0,0.0,0.0,1.0,0.0,0.0,1.0,0.4285714285714285,1.0,0.0274963522777734,4,4,0.13046604,0.26143903,0.043134972,0.024376076,0.5405839
0.0,1.0,0.0,1.0,0.0,0.0,0.0,1.0,0.0,0.0,1.0,0.4285714285714285,1.0,0.1266496970847861,2,2,0.13046604,0.26143903,0.043134972,0.024376076,0.5405839
0.0,1.0,1.0,0.0,0.0,0.0,1.0,0.0,0.0,0.0,1.0,0.2857142857142857,1.0,0.0958421235740655,4,4,0.07324008,0.8207543,0.018986136,0.012101532,0.07491795
0.0,1.0,1.0,0.0,0.0,0.0,1.0,0.0,0.0,0.0,1.0,0.1428571428571428,1.0,0.5957083433094469,0,0,0.12975298,0.46660662,0.016213195,0.019209385,0.36821783
0.0,1.0,1.0,0.0,0.0,0.0,1.0,0.0,0.0,0.0,1.0,0.1428571428571428,1.0,0.4142494794132075,1,1,0.12975298,0.46660662,0.016213195,0.019209385,0.36821783
0.0,1.0,0.0,1.0,0.0,0.0,0.0,1.0,0.0,0.0,1.0,0.5714285714285714,1.0,0.0982722833328726,2,2,0.1150125,0.19572452,0.023333743,0.022854952,0.6430743
0.0,1.0,0.0,1.0,0.0,0.0,0.0,1.0,0.0,0.0,1.0,0.2857142857142857,1.0,0.2689747845100208,1,1,0.17968439,0.2730925,0.074258424,0.024917908,0.44804674
0.0,1.0,0.0,1.0,0.0,0.0,1.0,0.0,0.0,0.0,1.0,0.7142857142857142,0.8888888888888888,0.1483307179232278,4,4,0.070030324,0.28511673,0.022054542,0.054111652,0.5686867
0.0,1.0,0.0,1.0,0.0,0.0,1.0,0.0,0.0,0.0,1.0,0.7142857142857142,0.8888888888888888,0.034332240316473,4,4,0.070030324,0.28511673,0.022054542,0.054111652,0.5686867
0.0,1.0,0.0,1.0,0.0,0.0,1.0,0.0,0.0,0.0,1.0,0.7142857142857142,0.8888888888888888,0.0742376220870435,1,1,0.070030324,0.28511673,0.022054542,0.054111652,0.5686867
0.0,1.0,1.0,0.0,0.0,0.0,0.0,1.0,0.0,1.0,0.0,0.7142857142857142,1.0,0.1807309156084088,1,1,0.058855247,0.1922821,0.031587306,0.01871432,0.698561
0.0,1.0,1.0,0.0,0.0,0.0,0.0,1.0,0.0,0.0,1.0,0.2857142857142857,1.0,0.1184150032742409,1,1,0.07324008,0.8207543,0.018986136,0.012101532,0.07491795
0.0,1.0,0.0,0.0,1.0,0.0,0.0,1.0,0.0,0.0,1.0,0.2857142857142857,1.0,0.093911009270604,1,1,0.289438,0.2950548,0.15277061,0.020377817,0.2423588
0.0,1.0,1.0,0.0,0.0,0.0,0.0,1.0,0.0,0.0,1.0,0.5714285714285714,1.0,0.1589444634183109,1,1,0.0778996,0.5127215,0.024422891,0.019122083,0.36583397
0.0,1.0,0.0,1.0,0.0,0.0,1.0,0.0,0.0,0.0,1.0,0.1428571428571428,1.0,0.3621435252698348,1,1,0.2811438,0.19611694,0.018022748,0.022355957,0.48236057
0.0,1.0,0.0,1.0,0.0,0.0,1.0,0.0,0.0,0.0,1.0,0.1428571428571428,1.0,0.2887976910524676,1,1,0.17985192,0.22923304,0.07847908,0.029497733,0.48293823
0.0,1.0,0.0,1.0,0.0,0.0,1.0,0.0,0.0,0.0,1.0,0.1428571428571428,1.0,0.2559124942529748,2,2,0.17985192,0.22923304,0.07847908,0.029497733,0.48293823
0.0,1.0,0.0,0.0,1.0,0.0,0.0,1.0,0.0,0.0,1.0,0.1428571428571428,1.0,0.0883986304226279,1,1,0.23695023,0.2886588,0.17586929,0.023462143,0.27505952
0.0,1.0,1.0,0.0,0.0,0.0,0.0,1.0,0.0,0.0,1.0,0.2857142857142857,1.0,0.3056401415465087,1,1,0.07324008,0.8207543,0.018986136,0.012101532,0.07491795
0.0,1.0,1.0,0.0,0.0,0.0,0.0,1.0,0.0,0.0,1.0,0.2857142857142857,1.0,0.0768518491208631,1,1,0.07324008,0.8207543,0.018986136,0.012101532,0.07491795
0.0,1.0,1.0,0.0,0.0,0.0,0.0,1.0,0.0,0.0,1.0,0.2857142857142857,1.0,0.0498738121807311,1,1,0.07324008,0.8207543,0.018986136,0.012101532,0.07491795
0.0,1.0,1.0,0.0,0.0,0.0,0.0,1.0,0.0,0.0,1.0,0.2857142857142857,1.0,0.1605451752562122,2,2,0.07324008,0.8207543,0.018986136,0.012101532,0.07491795
0.0,1.0,1.0,0.0,0.0,0.0,0.0,1.0,0.0,0.0,1.0,0.2857142857142857,1.0,0.1951359069635915,1,1,0.07324008,0.8207543,0.018986136,0.012101532,0.07491795
0.0,1.0,0.0,1.0,0.0,0.0,1.0,0.0,0.0,0.0,1.0,0.4285714285714285,1.0,0.405069515886048,1,1,0.17294101,0.25167006,0.016952202,0.026431572,0.5320052
0.0,1.0,0.0,1.0,0.0,0.0,1.0,0.0,0.0,0.0,1.0,0.1428571428571428,1.0,0.0822512799936781,0,0,0.17985192,0.22923304,0.07847908,0.029497733,0.48293823
0.0,1.0,0.0,1.0,0.0,0.0,1.0,0.0,0.0,0.0,1.0,0.4285714285714285,1.0,0.1210705500129924,1,1,0.13046604,0.26143903,0.043134972,0.024376076,0.5405839
0.0,1.0,0.0,1.0,0.0,0.0,0.0,1.0,0.0,0.0,1.0,0.4285714285714285,1.0,0.2806017286462751,1,1,0.13046604,0.26143903,0.043134972,0.024376076,0.5405839
0.0,1.0,0.0,1.0,0.0,0.0,1.0,0.0,0.0,0.0,1.0,0.1428571428571428,1.0,0.1888605504846474,1,1,0.17985192,0.22923304,0.07847908,0.029497733,0.48293823
0.0,1.0,0.0,1.0,0.0,0.0,0.0,1.0,0.0,0.0,1.0,0.4285714285714285,1.0,0.2125639340841448,1,1,0.13046604,0.26143903,0.043134972,0.024376076,0.5405839
0.0,1.0,0.0,1.0,0.0,0.0,0.0,1.0,0.0,0.0,1.0,0.4285714285714285,1.0,0.6058975826816957,1,1,0.17294101,0.25167006,0.016952202,0.026431572,0.5320052
0.0,1.0,0.0,1.0,0.0,0.0,0.0,1.0,0.0,0.0,1.0,0.4285714285714285,1.0,0.1655128254539651,1,1,0.13046604,0.26143903,0.043134972,0.024376076,0.5405839
0.0,1.0,0.0,1.0,0.0,0.0,0.0,1.0,0.0,0.0,1.0,0.4285714285714285,1.0,0.4909046390264517,1,1,0.17294101,0.25167006,0.016952202,0.026431572,0.5320052
0.0,1.0,0.0,1.0,0.0,0.0,0.0,1.0,0.0,0.0,1.0,0.4285714285714285,1.0,0.1778924747092959,2,2,0.13046604,0.26143903,0.043134972,0.024376076,0.5405839
0.0,1.0,0.0,1.0,0.0,0.0,1.0,0.0,0.0,0.0,1.0,0.4285714285714285,1.0,0.1095956266388222,1,1,0.13046604,0.26143903,0.043134972,0.024376076,0.5405839
0.0,1.0,0.0,1.0,0.0,0.0,1.0,0.0,0.0,0.0,1.0,0.4285714285714285,1.0,0.1851256265417106,1,1,0.13046604,0.26143903,0.043134972,0.024376076,0.5405839
0.0,1.0,0.0,1.0,0.0,0.0,1.0,0.0,0.0,0.0,1.0,0.4285714285714285,1.0,0.2215828891771844,1,1,0.13046604,0.26143903,0.043134972,0.024376076,0.5405839
0.0,1.0,0.0,1.0,0.0,0.0,0.0,1.0,0.0,0.0,1.0,0.5714285714285714,1.0,0.1840643736485364,1,1,0.1150125,0.19572452,0.023333743,0.022854952,0.6430743
0.0,1.0,0.0,1.0,0.0,0.0,0.0,1.0,0.0,0.0,1.0,0.4285714285714285,1.0,0.1065696984320369,1,1,0.13046604,0.26143903,0.043134972,0.024376076,0.5405839
0.0,1.0,0.0,0.0,1.0,0.0,1.0,0.0,0.0,0.0,1.0,0.5714285714285714,1.0,0.1030462951297298,1,1,0.0951033,0.26286152,0.026228257,0.018158792,0.59764814
0.0,1.0,0.0,0.0,1.0,0.0,1.0,0.0,0.0,0.0,1.0,0.5714285714285714,1.0,0.0399269668473893,1,1,0.0951033,0.26286152,0.026228257,0.018158792,0.59764814
0.0,1.0,0.0,0.0,1.0,0.0,1.0,0.0,0.0,0.0,1.0,0.5714285714285714,1.0,0.0463000456388539,1,1,0.0951033,0.26286152,0.026228257,0.018158792,0.59764814
0.0,1.0,0.0,0.0,1.0,0.0,1.0,0.0,0.0,0.0,1.0,0.5714285714285714,1.0,0.0813104979061259,1,1,0.0951033,0.26286152,0.026228257,0.018158792,0.59764814
0.0,1.0,0.0,1.0,0.0,0.0,1.0,0.0,0.0,0.0,1.0,0.5714285714285714,1.0,0.0024056876716598,1,1,0.1150125,0.19572452,0.023333743,0.022854952,0.6430743
1.0,0.0,0.0,1.0,0.0,0.0,1.0,0.0,0.0,0.0,1.0,0.0,0.8888888888888888,0.2072191492504196,1,1,0.12162906,0.14750208,0.033296853,0.036110476,0.66146153
1.0,0.0,0.0,1.0,0.0,0.0,1.0,0.0,0.0,0.0,1.0,0.0,0.8888888888888888,0.0904774640677862,1,1,0.12162906,0.14750208,0.033296853,0.036110476,0.66146153
1.0,0.0,0.0,1.0,0.0,0.0,1.0,0.0,0.0,0.0,1.0,0.0,0.8888888888888888,0.1439473533051755,1,1,0.12162906,0.14750208,0.033296853,0.036110476,0.66146153
0.0,1.0,0.0,1.0,0.0,0.0,0.0,1.0,0.0,0.0,1.0,0.2857142857142857,1.0,0.1883209798147154,1,1,0.17968439,0.2730925,0.074258424,0.024917908,0.44804674
0.0,1.0,1.0,0.0,0.0,0.0,1.0,0.0,0.0,0.0,1.0,0.4285714285714285,1.0,0.0592613673454826,1,1,0.059995417,0.67612296,0.020013412,0.016848385,0.22701983
0.0,1.0,0.0,0.0,1.0,0.0,0.0,1.0,0.0,0.0,1.0,0.2857142857142857,1.0,0.0196162866813763,4,4,0.289438,0.2950548,0.15277061,0.020377817,0.2423588
0.0,1.0,1.0,0.0,0.0,0.0,1.0,0.0,0.0,0.0,1.0,0.4285714285714285,1.0,0.4958554559600053,1,1,0.09762357,0.4377356,0.016001154,0.021938449,0.42670125
0.0,1.0,1.0,0.0,0.0,0.0,1.0,0.0,0.0,0.0,1.0,0.4285714285714285,1.0,0.3950735114625662,1,1,0.09762357,0.4377356,0.016001154,0.021938449,0.42670125
0.0,1.0,0.0,1.0,0.0,0.0,0.0,1.0,0.0,0.0,1.0,0.4285714285714285,1.0,0.0354171789530781,1,1,0.13046604,0.26143903,0.043134972,0.024376076,0.5405839
0.0,1.0,1.0,0.0,0.0,0.0,0.0,1.0,0.0,0.0,1.0,0.2857142857142857,1.0,0.16066009083637,1,1,0.07324008,0.8207543,0.018986136,0.012101532,0.07491795
0.0,1.0,0.0,1.0,0.0,0.0,1.0,0.0,0.0,0.0,1.0,0.2857142857142857,1.0,0.3029813299489927,1,1,0.17968439,0.2730925,0.074258424,0.024917908,0.44804674
1.0,0.0,0.0,1.0,0.0,0.0,1.0,0.0,0.0,0.0,1.0,0.5714285714285714,1.0,0.0768518491208631,1,1,0.08835537,0.16476822,0.019437639,0.019935012,0.70750374
0.0,1.0,0.0,1.0,0.0,0.0,1.0,0.0,0.0,0.0,1.0,0.4285714285714285,1.0,0.2018895218028209,1,1,0.13046604,0.26143903,0.043134972,0.024376076,0.5405839
0.0,1.0,0.0,1.0,0.0,0.0,0.0,1.0,0.0,0.0,1.0,0.2857142857142857,1.0,0.2026458766119228,1,1,0.17968439,0.2730925,0.074258424,0.024917908,0.44804674
0.0,1.0,0.0,1.0,0.0,0.0,0.0,1.0,0.0,0.0,1.0,0.2857142857142857,1.0,0.0663670345121923,2,2,0.17968439,0.2730925,0.074258424,0.024917908,0.44804674
0.0,1.0,0.0,1.0,0.0,0.0,0.0,1.0,0.0,0.0,1.0,0.4285714285714285,1.0,0.1088067473811934,1,1,0.13046604,0.26143903,0.043134972,0.024376076,0.5405839
0.0,1.0,1.0,0.0,0.0,0.0,1.0,0.0,0.0,0.0,1.0,0.4285714285714285,1.0,0.0949793318864637,1,1,0.059995417,0.67612296,0.020013412,0.016848385,0.22701983
0.0,1.0,0.0,1.0,0.0,0.0,1.0,0.0,0.0,0.0,1.0,0.4285714285714285,1.0,0.2642996308986002,1,1,0.13046604,0.26143903,0.043134972,0.024376076,0.5405839
0.0,1.0,1.0,0.0,0.0,0.0,1.0,0.0,0.0,0.0,1.0,0.4285714285714285,1.0,0.1549681509633109,4,4,0.059995417,0.67612296,0.020013412,0.016848385,0.22701983
0.0,1.0,0.0,1.0,0.0,0.0,1.0,0.0,1.0,0.0,0.0,0.1428571428571428,0.8888888888888888,0.0713856065755397,4,4,0.08595798,0.17875794,0.11062884,0.040431056,0.5842242
0.0,1.0,0.0,1.0,0.0,0.0,1.0,0.0,1.0,0.0,0.0,0.1428571428571428,0.8888888888888888,0.2674730239618936,4,4,0.08595798,0.17875794,0.11062884,0.040431056,0.5842242
0.0,1.0,0.0,1.0,0.0,0.0,0.0,1.0,0.0,0.0,1.0,0.4285714285714285,1.0,0.0880911874866671,1,1,0.13046604,0.26143903,0.043134972,0.024376076,0.5405839
0.0,1.0,1.0,0.0,0.0,0.0,0.0,1.0,0.0,0.0,1.0,0.4285714285714285,1.0,0.0132855501908159,4,4,0.059995417,0.67612296,0.020013412,0.016848385,0.22701983
0.0,1.0,0.0,1.0,0.0,0.0,1.0,0.0,0.0,0.0,1.0,0.4285714285714285,1.0,0.3946234575095532,1,1,0.17294101,0.25167006,0.016952202,0.026431572,0.5320052
0.0,1.0,0.0,1.0,0.0,0.0,0.0,1.0,1.0,0.0,0.0,0.1428571428571428,0.8888888888888888,0.0806478805439044,1,1,0.08595798,0.17875794,0.11062884,0.040431056,0.5842242
0.0,1.0,1.0,0.0,0.0,0.0,0.0,1.0,0.0,0.0,1.0,0.2857142857142857,1.0,0.2192323150059751,0,0,0.07324008,0.8207543,0.018986136,0.012101532,0.07491795
0.0,1.0,0.0,1.0,0.0,0.0,0.0,1.0,0.0,0.0,1.0,0.5714285714285714,1.0,0.5652417737448369,1,1,0.124035135,0.123425804,0.011702318,0.020813694,0.7200231
0.0,1.0,0.0,1.0,0.0,0.0,0.0,1.0,0.0,0.0,1.0,0.5714285714285714,1.0,0.0877771279357961,1,1,0.1150125,0.19572452,0.023333743,0.022854952,0.6430743
0.0,1.0,0.0,1.0,0.0,0.0,1.0,0.0,0.0,0.0,1.0,0.2857142857142857,1.0,0.2465035188836686,0,0,0.17968439,0.2730925,0.074258424,0.024917908,0.44804674
0.0,1.0,0.0,1.0,0.0,0.0,1.0,0.0,0.0,0.0,1.0,0.2857142857142857,1.0,0.5239423283166715,1,1,0.2722,0.14734949,0.017128652,0.018999383,0.5443225
0.0,1.0,0.0,1.0,0.0,0.0,1.0,0.0,0.0,0.0,1.0,0.2857142857142857,1.0,0.1276039296456128,4,4,0.17968439,0.2730925,0.074258424,0.024917908,0.44804674
0.0,1.0,0.0,1.0,0.0,0.0,1.0,0.0,0.0,0.0,1.0,0.2857142857142857,1.0,0.196157112577778,4,4,0.17968439,0.2730925,0.074258424,0.024917908,0.44804674
0.0,1.0,0.0,1.0,0.0,0.0,1.0,0.0,0.0,0.0,1.0,0.2857142857142857,1.0,0.1448508502090825,1,1,0.17968439,0.2730925,0.074258424,0.024917908,0.44804674
0.0,1.0,0.0,1.0,0.0,0.0,1.0,0.0,0.0,0.0,1.0,0.4285714285714285,0.5555555555555556,0.1412057781586791,0,0,0.10022493,0.19369088,0.055737875,0.022018509,0.6283278
0.0,1.0,0.0,1.0,0.0,0.0,0.0,1.0,0.0,0.0,1.0,0.4285714285714285,1.0,0.212358756952369,1,1,0.13046604,0.26143903,0.043134972,0.024376076,0.5405839
0.0,1.0,0.0,1.0,0.0,0.0,0.0,1.0,0.0,0.0,1.0,0.4285714285714285,1.0,0.0770483737562178,1,1,0.13046604,0.26143903,0.043134972,0.024376076,0.5405839
0.0,1.0,0.0,1.0,0.0,0.0,0.0,1.0,0.0,0.0,1.0,0.4285714285714285,1.0,0.6014688948722038,1,1,0.17294101,0.25167006,0.016952202,0.026431572,0.5320052
0.0,1.0,1.0,0.0,0.0,0.0,1.0,0.0,0.0,1.0,0.0,1.0,1.0,0.1935874825215663,1,1,0.05323838,0.20885673,0.030343283,0.018322164,0.6892394
0.0,1.0,1.0,0.0,0.0,0.0,0.0,1.0,0.0,0.0,1.0,0.1428571428571428,1.0,0.0846342668882096,1,1,0.10958048,0.73065084,0.023178197,0.014687469,0.12190298
0.0,1.0,1.0,0.0,0.0,0.0,0.0,1.0,0.0,0.0,1.0,0.1428571428571428,1.0,0.1997948604203069,4,4,0.10958048,0.73065084,0.023178197,0.014687469,0.12190298
0.0,1.0,0.0,1.0,0.0,0.0,1.0,0.0,0.0,0.0,1.0,0.2857142857142857,1.0,0.3094608456189572,1,1,0.17968439,0.2730925,0.074258424,0.024917908,0.44804674
0.0,1.0,0.0,1.0,0.0,0.0,1.0,0.0,0.0,0.0,1.0,0.2857142857142857,1.0,0.1857316488807129,2,2,0.17968439,0.2730925,0.074258424,0.024917908,0.44804674
0.0,1.0,0.0,1.0,0.0,0.0,1.0,0.0,0.0,0.0,1.0,0.4285714285714285,1.0,1.0,1,1,0.060964223,0.09158451,0.011440392,0.027163144,0.8088478
0.0,1.0,0.0,0.0,1.0,0.0,0.0,1.0,0.0,0.0,1.0,0.2857142857142857,1.0,0.2019192158794912,1,1,0.289438,0.2950548,0.15277061,0.020377817,0.2423588
0.0,1.0,0.0,0.0,1.0,0.0,0.0,1.0,0.0,0.0,1.0,0.2857142857142857,1.0,0.2582458627426351,1,1,0.289438,0.2950548,0.15277061,0.020377817,0.2423588
0.0,1.0,0.0,0.0,1.0,0.0,0.0,1.0,0.0,0.0,1.0,0.2857142857142857,1.0,0.6898436312304458,1,1,0.5230415,0.1392177,0.016658,0.016478458,0.30460435
1.0,0.0,1.0,0.0,0.0,0.0,1.0,0.0,0.0,0.0,1.0,0.2857142857142857,0.7777777777777777,0.0914412553405845,2,2,0.034697745,0.26998302,0.01571255,0.016500106,0.66310656
0.0,1.0,0.0,0.0,1.0,0.0,0.0,1.0,0.0,1.0,0.0,0.7142857142857142,1.0,0.2157566183661446,1,1,0.07402978,0.18375507,0.021368045,0.017834751,0.7030123
0.0,1.0,0.0,1.0,0.0,0.0,1.0,0.0,0.0,0.0,1.0,0.1428571428571428,1.0,0.230778916306021,1,1,0.17985192,0.22923304,0.07847908,0.029497733,0.48293823
0.0,1.0,0.0,1.0,0.0,0.0,1.0,0.0,0.0,0.0,1.0,0.1428571428571428,1.0,0.2954951453553858,1,1,0.17985192,0.22923304,0.07847908,0.029497733,0.48293823
0.0,1.0,0.0,1.0,0.0,0.0,1.0,0.0,0.0,0.0,1.0,0.2857142857142857,1.0,0.3048063487565247,1,1,0.17968439,0.2730925,0.074258424,0.024917908,0.44804674
0.0,1.0,0.0,0.0,1.0,0.0,1.0,0.0,0.0,0.0,1.0,0.1428571428571428,1.0,0.1216843931163353,1,1,0.23695023,0.2886588,0.17586929,0.023462143,0.27505952
0.0,1.0,0.0,0.0,1.0,0.0,1.0,0.0,0.0,0.0,1.0,0.1428571428571428,1.0,0.0288085461880265,4,4,0.23695023,0.2886588,0.17586929,0.023462143,0.27505952
0.0,1.0,1.0,0.0,0.0,0.0,1.0,0.0,0.0,0.0,1.0,0.4285714285714285,1.0,0.1344195768013646,1,1,0.059995417,0.67612296,0.020013412,0.016848385,0.22701983
0.0,1.0,0.0,1.0,0.0,0.0,1.0,0.0,0.0,0.0,1.0,0.1428571428571428,1.0,0.1520465616839564,1,1,0.17985192,0.22923304,0.07847908,0.029497733,0.48293823
0.0,1.0,0.0,1.0,0.0,0.0,1.0,0.0,0.0,0.0,1.0,0.1428571428571428,1.0,0.137892033410254,1,1,0.17985192,0.22923304,0.07847908,0.029497733,0.48293823
0.0,1.0,1.0,0.0,0.0,0.0,0.0,1.0,0.0,0.0,1.0,0.4285714285714285,1.0,0.4170845189005279,1,1,0.09762357,0.4377356,0.016001154,0.021938449,0.42670125
0.0,1.0,1.0,0.0,0.0,0.0,0.0,1.0,0.0,0.0,1.0,0.4285714285714285,1.0,0.1144006918356757,4,4,0.059995417,0.67612296,0.020013412,0.016848385,0.22701983
0.0,1.0,1.0,0.0,0.0,0.0,0.0,1.0,0.0,0.0,1.0,0.4285714285714285,1.0,0.2167619217595055,1,1,0.059995417,0.67612296,0.020013412,0.016848385,0.22701983
0.0,1.0,1.0,0.0,0.0,0.0,0.0,1.0,0.0,0.0,1.0,0.4285714285714285,1.0,0.1669043628805388,1,1,0.059995417,0.67612296,0.020013412,0.016848385,0.22701983
0.0,1.0,1.0,0.0,0.0,0.0,1.0,0.0,0.0,0.0,1.0,0.4285714285714285,1.0,0.2430402361554896,1,1,0.059995417,0.67612296,0.020013412,0.016848385,0.22701983
0.0,1.0,1.0,0.0,0.0,0.0,1.0,0.0,0.0,0.0,1.0,0.4285714285714285,1.0,0.0450539123594541,1,1,0.059995417,0.67612296,0.020013412,0.016848385,0.22701983
0.0,1.0,1.0,0.0,0.0,0.0,1.0,0.0,0.0,0.0,1.0,0.4285714285714285,1.0,0.0371881941414482,1,1,0.059995417,0.67612296,0.020013412,0.016848385,0.22701983
1.0,0.0,0.0,0.0,1.0,0.0,0.0,1.0,1.0,0.0,0.0,0.1428571428571428,0.0,0.0868825504274107,1,1,0.113743424,0.3089693,0.14167817,0.019473143,0.41613603
0.0,1.0,1.0,0.0,0.0,0.0,1.0,0.0,0.0,0.0,1.0,0.1428571428571428,1.0,0.131858959245012,1,1,0.10958048,0.73065084,0.023178197,0.014687469,0.12190298
0.0,1.0,1.0,0.0,0.0,0.0,0.0,1.0,0.0,0.0,1.0,0.1428571428571428,1.0,0.051297538880217,2,2,0.10958048,0.73065084,0.023178197,0.014687469,0.12190298
0.0,1.0,0.0,0.0,1.0,0.0,0.0,1.0,0.0,0.0,1.0,0.2857142857142857,1.0,0.017256020348645,1,1,0.289438,0.2950548,0.15277061,0.020377817,0.2423588
0.0,1.0,0.0,1.0,0.0,0.0,1.0,0.0,0.0,0.0,1.0,0.4285714285714285,1.0,0.1032491136182918,0,0,0.13046604,0.26143903,0.043134972,0.024376076,0.5405839
0.0,1.0,0.0,1.0,0.0,0.0,1.0,0.0,0.0,0.0,1.0,0.5714285714285714,1.0,0.2770158212988028,1,1,0.1150125,0.19572452,0.023333743,0.022854952,0.6430743
0.0,1.0,0.0,1.0,0.0,0.0,0.0,1.0,0.0,0.0,1.0,0.4285714285714285,1.0,0.8910752742938833,1,1,0.17294101,0.25167006,0.016952202,0.026431572,0.5320052
0.0,1.0,1.0,0.0,0.0,0.0,1.0,0.0,0.0,0.0,1.0,0.4285714285714285,1.0,0.0600538031887995,1,1,0.059995417,0.67612296,0.020013412,0.016848385,0.22701983
0.0,1.0,0.0,1.0,0.0,0.0,0.0,1.0,0.0,0.0,1.0,0.4285714285714285,1.0,0.3212190048013678,1,1,0.13046604,0.26143903,0.043134972,0.024376076,0.5405839
0.0,1.0,1.0,0.0,0.0,0.0,0.0,1.0,0.0,0.0,1.0,0.2857142857142857,1.0,0.0838159418321434,1,1,0.07324008,0.8207543,0.018986136,0.012101532,0.07491795
0.0,1.0,0.0,1.0,0.0,0.0,1.0,0.0,0.0,1.0,0.0,0.2857142857142857,1.0,0.0853167713368968,1,1,0.13518512,0.19854121,0.08206433,0.024097392,0.56011194
0.0,1.0,1.0,0.0,0.0,0.0,1.0,0.0,0.0,0.0,1.0,0.4285714285714285,1.0,0.10980878591579,1,1,0.059995417,0.67612296,0.020013412,0.016848385,0.22701983
0.0,1.0,1.0,0.0,0.0,0.0,1.0,0.0,0.0,0.0,1.0,0.4285714285714285,1.0,0.1645295939955206,4,4,0.059995417,0.67612296,0.020013412,0.016848385,0.22701983
0.0,1.0,0.0,1.0,0.0,0.0,0.0,1.0,0.0,0.0,1.0,0.2857142857142857,1.0,0.010609964295181,1,1,0.17968439,0.2730925,0.074258424,0.024917908,0.44804674
0.0,1.0,0.0,1.0,0.0,0.0,1.0,0.0,0.0,0.0,1.0,0.2857142857142857,1.0,0.0700138693380502,1,1,0.17968439,0.2730925,0.074258424,0.024917908,0.44804674
0.0,1.0,0.0,1.0,0.0,0.0,1.0,0.0,0.0,0.0,1.0,0.2857142857142857,1.0,0.2296235287207936,1,1,0.17968439,0.2730925,0.074258424,0.024917908,0.44804674
0.0,1.0,1.0,0.0,0.0,0.0,0.0,1.0,1.0,0.0,0.0,0.1428571428571428,0.0,0.0564426149102489,1,1,0.2649552,0.12974305,0.052204445,0.018259754,0.53483754
0.0,1.0,0.0,1.0,0.0,0.0,1.0,0.0,0.0,0.0,1.0,0.5714285714285714,1.0,0.2584217926985601,1,1,0.1150125,0.19572452,0.023333743,0.022854952,0.6430743
0.0,1.0,0.0,1.0,0.0,0.0,0.0,1.0,0.0,0.0,1.0,0.5714285714285714,1.0,0.1019669055116328,1,1,0.1150125,0.19572452,0.023333743,0.022854952,0.6430743
0.0,1.0,0.0,1.0,0.0,0.0,1.0,0.0,0.0,0.0,1.0,0.1428571428571428,1.0,0.0180719169332443,1,1,0.17985192,0.22923304,0.07847908,0.029497733,0.48293823
0.0,1.0,1.0,0.0,0.0,0.0,0.0,1.0,0.0,0.0,1.0,0.2857142857142857,1.0,0.2665492054846132,1,1,0.07324008,0.8207543,0.018986136,0.012101532,0.07491795
0.0,1.0,1.0,0.0,0.0,0.0,0.0,1.0,0.0,0.0,1.0,0.4285714285714285,1.0,0.0282937971344417,1,1,0.059995417,0.67612296,0.020013412,0.016848385,0.22701983
0.0,1.0,0.0,0.0,1.0,0.0,1.0,0.0,0.0,0.0,1.0,0.2857142857142857,1.0,0.4349675034691966,1,1,0.5230415,0.1392177,0.016658,0.016478458,0.30460435
0.0,1.0,1.0,0.0,0.0,0.0,1.0,0.0,0.0,0.0,1.0,0.2857142857142857,1.0,0.1409058952949141,1,1,0.07324008,0.8207543,0.018986136,0.012101532,0.07491795
0.0,1.0,1.0,0.0,0.0,0.0,1.0,0.0,0.0,0.0,1.0,0.2857142857142857,1.0,0.2528049445770809,1,1,0.07324008,0.8207543,0.018986136,0.012101532,0.07491795
0.0,1.0,1.0,0.0,0.0,0.0,1.0,0.0,0.0,0.0,1.0,0.2857142857142857,1.0,0.2889727023789303,1,1,0.07324008,0.8207543,0.018986136,0.012101532,0.07491795
0.0,1.0,1.0,0.0,0.0,0.0,1.0,0.0,0.0,0.0,1.0,0.4285714285714285,1.0,0.4203555846206952,1,1,0.09762357,0.4377356,0.016001154,0.021938449,0.42670125
