0,1,2,3,4,fold
0.035880398671096346,0.04285714285714286,0.0003322259136212625,0.0,0.9209302325581397,1
0.28554421768707483,0.2126700680272109,0.0,0.0017857142857142857,0.5,1
0.6095238095238096,0.07319047619047618,0.26071428571428573,0.02857142857142857,0.028,1
0.0,0.0,0.0,0.0,1.0,1
0.001913265306122449,0.016624149659863943,0.0,0.0,0.9814625850340135,1
0.08571428571428572,0.014285714285714285,0.0,0.0,0.9,1
0.23809523809523805,0.08571428571428572,0.0,0.014285714285714285,0.6619047619047619,1
0.07142857142857142,0.02142857142857143,0.0,0.0,0.9071428571428571,1
0.4347329485100383,0.30978565679917336,0.04555220132883804,0.001098901098901099,0.2088302922630492,1
0.2223832714904143,0.48401747062461364,0.0,0.015306122448979591,0.2782931354359926,1
0.08571428571428572,0.014285714285714285,0.0,0.0,0.9,1
0.04285714285714286,0.36608089683381306,0.0156794425087108,0.0,0.5753825178003333,1
0.07142857142857142,0.6346938775510205,0.03214285714285714,0.0,0.26173469387755105,1
0.12857142857142856,0.0,0.0,0.0,0.8714285714285714,1
0.14523809523809522,0.38850340136054423,0.1,0.014285714285714285,0.3519727891156462,1
0.014285714285714285,0.0,0.0,0.0,0.9857142857142858,1
0.22571951857666142,0.5531920460491888,0.0,0.001020408163265306,0.22006802721088436,1
0.0006349206349206349,0.4606349206349207,0.04317460317460317,0.0,0.4955555555555556,1
0.045,0.03142857142857143,0.0,0.0,0.9235714285714286,1
0.014285714285714285,0.12857142857142856,0.0,0.0,0.8571428571428571,1
0.1762987012987013,0.21672077922077923,0.0,0.0017857142857142857,0.6051948051948052,1
0.1688988095238095,0.5514880952380953,0.0,0.07232142857142858,0.20729166666666668,1
0.07252747252747252,0.17518610421836225,0.001098901098901099,0.0,0.7511875221552641,1
0.27595238095238095,0.2297619047619048,0.02857142857142857,0.032380952380952385,0.4333333333333333,1
0.07934003972743435,0.08186923139753327,0.014285714285714285,0.04318181818181818,0.7813231964074999,1
0.045054945054945054,0.15934065934065933,0.02142857142857143,0.0,0.7741758241758242,1
0.02857142857142857,0.02857142857142857,0.0,0.0,0.9428571428571428,1
0.45,0.2571428571428571,0.0,0.0,0.29285714285714287,1
0.14285714285714285,0.31552795031055897,0.02857142857142857,0.0,0.5130434782608695,1
0.018059299191374664,0.09366576819407008,0.0,0.0,0.8882749326145553,1
0.21547619047619046,0.24290890269151139,0.04285714285714286,0.0,0.49875776397515537,1
0.014285714285714285,0.16,0.0,0.0,0.8257142857142856,1
0.029714285714285714,0.08685714285714285,0.0,0.0,0.8834285714285715,1
0.0,0.02857142857142857,0.0,0.0,0.9714285714285714,1
0.04954604665850867,0.12425788497217068,0.0,0.0003246753246753247,0.8258713930446453,1
0.1,0.05714285714285714,0.0,0.0,0.8428571428571429,1
0.014285714285714285,0.2571428571428571,0.0,0.0,0.7285714285714285,1
0.0,0.018938775510204082,0.0,0.014285714285714285,0.9667755102040817,1
0.05826792255363684,0.6897435897435897,0.15879120879120878,0.03086080586080586,0.06233647305075877,1
0.004206349206349207,0.5409920634920634,0.014603174603174602,0.0,0.4401984126984127,1
0.014285714285714285,0.02857142857142857,0.0,0.0,0.9571428571428572,1
0.2954231733179102,0.28168311597853185,0.206612685560054,0.02857142857142857,0.18770959657207534,1
0.05714285714285714,0.0,0.05142857142857143,0.0,0.8914285714285715,1
0.3276064131946485,0.4308172051435808,0.015384615384615384,0.0003246753246753247,0.22586709095247995,1
0.06904761904761905,0.014285714285714285,0.0,0.014285714285714285,0.9023809523809524,1
0.016277472527472525,0.05983807858807858,0.0,0.0,0.9238844488844489,1
0.41445629183081273,0.24619746269005022,0.0003322259136212625,0.003273809523809524,0.3357402100417063,1
0.3009200812107789,0.17101190476190473,0.0003322259136212625,0.02261904761904762,0.5051167404946475,1
0.029591836734693875,0.25918367346938775,0.0,0.0,0.7112244897959183,1
0.1,0.04285714285714286,0.0,0.0,0.8571428571428571,1
0.4049134199134199,0.17891774891774892,0.0,0.021753246753246754,0.39441558441558444,1
0.05714285714285714,0.14285714285714285,0.05714285714285714,0.014285714285714285,0.7285714285714285,1
0.02857142857142857,0.45142857142857146,0.04285714285714286,0.14285714285714285,0.33428571428571424,1
0.21428571428571427,0.337987012987013,0.017857142857142856,0.0,0.42987012987012985,1
0.5611653597974353,0.1850239933022952,0.0,0.05714285714285714,0.19666778975741242,1
0.014285714285714285,0.1761904761904762,0.0,0.0,0.8095238095238095,1
0.09811616954474098,0.02087912087912088,0.001098901098901099,0.014285714285714285,0.8656200941915227,1
0.036417961805356426,0.029380053908355793,0.0,0.0,0.9342019842862876,1
0.15803571428571428,0.0002976190476190476,0.0,0.0,0.8416666666666667,1
0.07142857142857142,0.5928571428571429,0.05714285714285714,0.0,0.2785714285714286,1
0.12773109243697478,0.05714285714285714,0.0,0.0,0.8151260504201682,1
0.07380952380952381,0.40190476190476193,0.0619047619047619,0.03142857142857143,0.430952380952381,1
0.0,0.02857142857142857,0.08571428571428572,0.0,0.8857142857142857,1
0.017448107448107448,0.871074481074481,0.0014163614163614166,0.0,0.11006105006105005,1
0.5428571428571428,0.32142857142857145,0.0,0.014285714285714285,0.12142857142857143,1
0.05714285714285714,0.2068033126293996,0.2523809523809524,0.0,0.48367287784679086,1
0.04285714285714286,0.014285714285714285,0.0,0.0,0.9428571428571428,1
0.28085317460317466,0.4809523809523809,0.0,0.0015873015873015873,0.23660714285714285,1
0.0036090225563909775,0.06571428571428571,0.0,0.0,0.9306766917293233,1
0.05659863945578231,0.04795918367346939,0.0,0.014285714285714285,0.8811564625850341,1
0.044360902255639094,0.2561413741139699,0.10214560792224463,0.0,0.5973521157081463,1
0.03571428571428571,0.27027950310559007,0.002857142857142857,0.0,0.6911490683229814,1
0.07435897435897436,0.33568243350852045,0.11428571428571428,0.016666666666666666,0.45900621118012425,1
0.017857142857142856,0.08892857142857143,0.04285714285714286,0.2032142857142857,0.6471428571428571,1
0.17346938775510204,0.12040816326530612,0.0,0.0,0.7061224489795919,1
0.0,0.04285714285714286,0.0,0.0,0.9571428571428572,1
0.0,0.15,0.0,0.0007936507936507937,0.8492063492063492,1
0.0,0.08571428571428572,0.0,0.0,0.9142857142857143,1
0.14285714285714285,0.18571428571428572,0.014285714285714285,0.0,0.6571428571428571,1
0.0,0.047619047619047616,0.0,0.0,0.9523809523809522,1
0.0,0.05673469387755102,0.0,0.0,0.943265306122449,1
0.0,0.08857142857142858,0.0,0.0,0.9114285714285714,1
0.075,0.7329952712792435,0.0156794425087108,0.0,0.1763252862120458,1
0.05714285714285714,0.7393728222996516,0.04425087108013937,0.0,0.1592334494773519,1
0.13082706766917296,0.3533834586466165,0.0007518796992481202,0.0,0.5150375939849624,1
0.02857142857142857,0.0,0.0,0.0,0.9714285714285714,1
0.018059299191374664,0.08652291105121293,0.0,0.0,0.8954177897574124,1
0.20816326530612245,0.016787360105332456,0.014285714285714285,0.0,0.7607636603028308,1
0.014285714285714285,0.24285714285714285,0.0,0.0,0.7428571428571429,1
0.03422619047619047,0.1669642857142857,0.0,0.0,0.7988095238095239,1
0.0,0.025714285714285714,0.0,0.0,0.9742857142857143,1
0.04285714285714286,0.3,0.07142857142857142,0.014285714285714285,0.5714285714285714,1
0.014285714285714285,0.072,0.0,0.014285714285714285,0.8994285714285715,1
0.09523809523809525,0.6095238095238095,0.02857142857142857,0.0,0.2666666666666666,1
0.4512698412698413,0.2003174603174603,0.0,0.10238095238095238,0.24603174603174602,1
0.02857142857142857,0.04285714285714286,0.0,0.0,0.9285714285714286,1
0.26262626262626265,0.014285714285714285,0.0,0.0,0.7230880230880231,1
0.02857142857142857,0.1,0.0,0.0,0.8714285714285714,1
0.1790816326530612,0.21176870748299317,0.02857142857142857,0.002857142857142857,0.5777210884353742,1
0.3815476190476191,0.22589285714285715,0.0,0.005952380952380952,0.38660714285714287,1
0.02857142857142857,0.07142857142857142,0.0,0.0,0.9,1
0.05714285714285714,0.18701298701298702,0.0,0.0,0.7558441558441558,1
0.09283135212940276,0.49760335810371675,0.18982119223185587,0.03898809523809524,0.18075600229692934,1
0.001020408163265306,0.03107307439104674,0.0,0.0,0.9679065174456879,1
0.06197802197802197,0.24626373626373624,0.0005494505494505495,0.001098901098901099,0.6901098901098901,1
0.06091644204851751,0.015555169115729066,0.0,0.0,0.9235283888357535,1
0.31159409772617314,0.1866981927587527,0.0,0.0,0.5017077095150742,1
0.1716378859236002,0.47597669461780956,0.11480032162958993,0.001098901098901099,0.2364861967300992,1
0.30717120181405894,0.308390022675737,0.014285714285714285,0.0,0.37015306122448977,1
0.27994897959183673,0.5848724489795918,0.0,0.0,0.13517857142857143,1
0.3965007215007215,0.21410533910533913,0.03095238095238095,0.05833333333333333,0.3001082251082251,1
0.07181054239877768,0.633091418385536,0.0,0.0,0.2950980392156863,1
0.044000000000000004,0.15828571428571428,0.0,0.0,0.7977142857142857,1
0.06936826929104245,0.016237196765498653,0.0003322259136212625,0.0,0.9140623080298377,1
0.3457142857142857,0.2502380952380952,0.0,0.014285714285714285,0.38976190476190475,1
0.04285714285714286,0.02857142857142857,0.0,0.0,0.9285714285714286,1
0.12195540308747856,0.036522911051212935,0.0,0.0,0.8415216858613085,1
0.21825396825396826,0.14365079365079364,0.04285714285714286,0.0,0.5952380952380952,1
0.2240116801437556,0.08057053009883199,0.0,0.0,0.6954177897574123,1
0.09078947368421052,0.3069548872180451,0.2150375939849624,0.0,0.38721804511278196,1
0.014285714285714285,0.014285714285714285,0.24285714285714285,0.0,0.7285714285714285,1
0.02932330827067669,0.1,0.0,0.0,0.8706766917293233,1
0.24285714285714285,0.2714285714285714,0.05714285714285714,0.02857142857142857,0.4,1
0.05833333333333333,0.03333333333333333,0.0,0.0,0.9083333333333333,1
0.04785214785214785,0.05038461538461539,0.0,0.0,0.9017632367632368,1
0.044360902255639094,0.6410977443609023,0.02932330827067669,0.0014285714285714286,0.28378947368421054,1
0.5155782312925171,0.10141156462585034,0.014285714285714285,0.058163265306122446,0.3105612244897959,1
0.05714285714285714,0.07142857142857142,0.0,0.0,0.8714285714285714,1
0.48650793650793656,0.21159504452187378,0.05853658536585366,0.0,0.24336043360433607,1
0.02857142857142857,0.1,0.0,0.0,0.8714285714285714,1
0.08571428571428572,0.2509523809523809,0.14761904761904762,0.0,0.5157142857142857,1
0.1666190476190476,0.42731890331890326,0.0,0.0,0.40606204906204907,1
0.17142857142857143,0.04285714285714286,0.0,0.0,0.7857142857142857,1
0.0,0.18571428571428572,0.0,0.0,0.8142857142857143,1
0.1510204081632653,0.5537414965986395,0.0,0.0,0.29523809523809524,1
0.015037593984962405,0.16124223602484472,0.0,0.0,0.8237201699901928,1
0.26857142857142857,0.48023809523809524,0.0,0.03214285714285714,0.21904761904761905,1
0.0,0.014285714285714285,0.0,0.0,0.9857142857142858,1
0.014285714285714285,0.014285714285714285,0.0,0.0,0.9714285714285714,1
0.21902481299033025,0.10971117005599765,0.0,0.0003968253968253968,0.6708671915568467,2
0.04591836734693878,0.12857142857142856,0.0,0.014285714285714285,0.8112244897959183,2
0.03252587991718427,0.6492960662525881,0.10157349896480332,0.0015734989648033125,0.21503105590062113,2
0.03216791979949875,0.6763141444344452,0.002950232724668815,0.018800572860723237,0.26976713018066406,2
0.02857142857142857,0.08622448979591836,0.0,0.0,0.8852040816326531,2
0.2357142857142857,0.05714285714285714,0.014285714285714285,0.0,0.6928571428571428,2
0.09509379509379508,0.3563492063492063,0.014285714285714285,0.0,0.5342712842712842,2
0.014285714285714285,0.07142857142857142,0.0,0.0,0.9142857142857143,2
0.6059903381642512,0.10690005646527385,0.0,0.0,0.2871096053704749,2
0.24374570831467385,0.24849206349206351,0.0,0.005343459222769568,0.5024187689704931,2
0.08589511754068717,0.05714285714285714,0.0007233273056057866,0.0,0.85623869801085,2
0.07857142857142857,0.03214285714285714,0.20952380952380953,0.0,0.6797619047619048,2
0.3144090817104874,0.27504670060243774,0.060714285714285714,0.0,0.3498299319727891,2
0.2213203463203463,0.1882034632034632,0.0,0.029761904761904757,0.5607142857142857,2
0.015306122448979591,0.07408163265306122,0.001020408163265306,0.0,0.9095918367346939,2
0.1773809523809524,0.3858730158730159,0.0,0.0003968253968253968,0.4363492063492063,2
0.1644047619047619,0.359021164021164,0.0019047619047619048,0.0,0.47466931216931213,2
0.014466546112115734,0.11547619047619045,0.0007233273056057866,0.0,0.8693339361060881,2
0.0,0.2,0.0,0.0,0.8,2
0.15585392051557462,0.5162182929852103,0.014285714285714285,0.0,0.3136420722135008,2
0.27334638541535095,0.37518054438786147,0.0,0.022010125889436235,0.3294629443073514,2
0.014285714285714285,0.0,0.0,0.0,0.9857142857142858,2
0.7808891887839257,0.050594434804961126,0.0,0.014285714285714285,0.15423066212539896,2
0.15714285714285714,0.029493087557603687,0.014285714285714285,0.0,0.7990783410138249,2
0.28444444444444444,0.27777777777777773,0.0,0.0,0.43777777777777777,2
0.004285714285714286,0.2742857142857143,0.0,0.0,0.7214285714285714,2
0.20634427684117124,0.4334516415261757,0.058163265306122446,0.0,0.3020408163265306,2
0.04285714285714286,0.17142857142857143,0.0,0.0,0.7857142857142857,2
0.014285714285714285,0.15714285714285714,0.0,0.0,0.8285714285714286,2
0.1193107769423559,0.4704821537434319,0.01833646616541353,0.017848191908342283,0.3740224112404564,2
0.32455026455026453,0.21380952380952384,0.0,0.0,0.4616402116402117,2
0.03067132116004296,0.6346419620479771,0.05764411027568923,0.029072681704260653,0.2479699248120301,2
0.04285714285714286,0.07142857142857142,0.0,0.02857142857142857,0.8571428571428571,2
0.4335734900020614,0.14790249433106575,0.0,0.015476190476190475,0.4030478251906823,2
0.08571428571428572,0.02857142857142857,0.0,0.014285714285714285,0.8714285714285714,2
0.15816326530612246,0.0014318630678077683,0.17244897959183672,0.0,0.667955892034233,2
0.0,0.10144866247049568,0.0,0.0,0.8985513375295043,2
0.0,0.0619047619047619,0.014285714285714285,0.0015873015873015873,0.9222222222222223,2
0.014285714285714285,0.0,0.0,0.0,0.9857142857142858,2
0.0,0.1152073732718894,0.0,0.0,0.8847926267281107,2
0.04523645320197044,0.014247712878254751,0.0,0.0,0.9405158339197749,2
0.1,0.7714285714285715,0.0,0.014285714285714285,0.11428571428571428,2
0.08571428571428572,0.1,0.0,0.0,0.8142857142857143,2
0.02857142857142857,0.07354497354497354,0.014285714285714285,0.0,0.8835978835978835,2
0.015178571428571428,0.2282103532103532,0.0008928571428571428,0.0,0.7557182182182182,2
0.06483516483516483,0.6394154456654456,0.0002976190476190476,0.0,0.29545177045177046,2
0.0,0.014285714285714285,0.0,0.0,0.9857142857142858,2
0.45570477141905713,0.1650628736343022,0.0,0.0003968253968253968,0.3788355295498152,2
0.5611692594658001,0.3568401021735925,0.0014536340852130325,0.015739348370927317,0.06479765590446705,2
0.14285714285714285,0.4142857142857143,0.014285714285714285,0.0,0.42857142857142855,2
0.11357142857142857,0.03406593406593406,0.020714285714285713,0.0,0.8316483516483516,2
0.05974025974025974,0.033333333333333326,0.0,0.014285714285714285,0.8926406926406927,2
0.6308325008325009,0.16238095238095238,0.007619047619047619,0.0,0.19916749916749918,2
0.001913265306122449,0.03612796469939327,0.001913265306122449,0.0,0.9600455046883618,2
0.11045454545454544,0.02142857142857143,0.0,0.02857142857142857,0.8395454545454546,2
0.24285714285714285,0.014285714285714285,0.0,0.0,0.7428571428571429,2
0.07314285714285715,0.0074285714285714285,0.0,0.0,0.9194285714285714,2
0.04044526901669759,0.24489795918367346,0.0,0.0,0.7146567717996289,2
0.001650399290150843,0.5716149068322981,0.02142857142857143,0.0,0.4053061224489796,2
0.046078431372549015,0.5862444977991196,0.07380952380952381,0.003061224489795918,0.2908063225290116,2
0.014285714285714285,0.05714285714285714,0.12380952380952383,0.0,0.8047619047619048,2
0.26590909090909093,0.287253193960511,0.0,0.044047619047619044,0.402790096082779,2
0.24285714285714285,0.0,0.0,0.0,0.7571428571428571,2
0.3488065130493916,0.1766785029510374,0.0,0.017951684330994675,0.45656329966857634,2
0.2371428571428571,0.49286265857694433,0.0,0.0,0.26999448428019857,2
0.15629019129019128,0.18624949124949125,0.019761904761904762,0.03809523809523809,0.5996031746031746,2
0.20714285714285716,0.0,0.0,0.0,0.7928571428571428,2
0.033473389355742296,0.45239368474662595,0.02857142857142857,0.0,0.48556149732620313,2
0.08589511754068717,0.04285714285714286,0.0007233273056057866,0.0,0.8705244122965642,2
0.22172827172827173,0.014285714285714285,0.0,0.0,0.763986013986014,2
0.25380600516068497,0.4062925170068027,0.0,0.030541871921182264,0.30935960591133005,2
0.0,0.0,0.0,0.0,1.0,2
0.02857142857142857,0.08785714285714286,0.0,0.0,0.8835714285714286,2
0.04285714285714286,0.09497354497354497,0.015646258503401362,0.0,0.8465230536659107,2
0.02142857142857143,0.24285714285714285,0.0,0.0,0.7357142857142858,2
0.14444444444444443,0.3589002267573696,0.0,0.0,0.4966553287981859,2
0.18824078220629945,0.10049261083743842,0.0,0.014285714285714285,0.6969808926705479,2
0.2973616198616199,0.17234345020059308,0.01619047619047619,0.0,0.514104453747311,2
0.0619047619047619,0.0,0.0,0.0,0.938095238095238,2
0.016,0.025285714285714286,0.0,0.0,0.9587142857142857,2
0.11797350519155028,0.33000358037952027,0.057823129251700675,0.014285714285714285,0.47991407089151444,2
0.014285714285714285,0.014285714285714285,0.07857142857142857,0.0,0.8928571428571429,2
0.07142857142857142,0.014285714285714285,0.0,0.0,0.9142857142857143,2
0.0,0.014285714285714285,0.0,0.0,0.9857142857142858,2
0.10277823442380404,0.017857142857142856,0.0007233273056057866,0.014285714285714285,0.864355581127733,2
0.15714285714285714,0.014285714285714285,0.0,0.0,0.8285714285714286,2
0.02857142857142857,0.13714285714285715,0.0,0.0,0.8342857142857143,2
0.08650369238604531,0.4316433239962652,0.0011904761904761904,0.0003968253968253968,0.48026568203038794,2
0.05907268170426066,0.4462406015037594,0.10050125313283208,0.029072681704260653,0.3651127819548872,2
0.08571428571428572,0.1333333333333333,0.014285714285714285,0.0,0.7666666666666666,2
0.06923076923076922,0.0,0.0,0.0,0.9307692307692309,2
0.0012987012987012987,0.011688311688311689,0.0,0.0,0.987012987012987,2
0.02207792207792208,0.05714285714285714,0.0,0.0,0.9207792207792208,2
0.02226890756302521,0.1019607843137255,0.0,0.0,0.8757703081232493,2
0.0,0.15806451612903225,0.0,0.0,0.8419354838709677,2
0.14285714285714285,0.47993197278911565,0.10136054421768707,0.014285714285714285,0.2615646258503401,2
0.061303258145363415,0.5593483709273183,0.04476190476190476,0.0,0.33458646616541354,2
0.08571428571428572,0.39285714285714285,0.007142857142857143,0.0,0.5142857142857142,2
0.0,0.1,0.014285714285714285,0.0,0.8857142857142857,2
0.11340659340659341,0.5864392551892551,0.0,0.0,0.3001541514041514,2
0.014285714285714285,0.04404761904761905,0.0,0.0,0.9416666666666668,2
0.2668192918192918,0.22161782661782664,0.0,0.003968253968253968,0.5075946275946276,2
0.07142857142857142,0.12857142857142856,0.014285714285714285,0.0,0.7857142857142857,2
0.6786699507389162,0.08857142857142858,0.0,0.0019704433497536944,0.23078817733990148,2
0.04285714285714286,0.38571428571428573,0.014285714285714285,0.0,0.5571428571428572,2
0.11729323308270675,0.04360902255639098,0.014285714285714285,0.0,0.824812030075188,2
0.07687074829931974,0.1685374149659864,0.004251700680272109,0.0,0.7503401360544218,2
0.22242287265783503,0.5812304570951188,0.09116496598639455,0.014285714285714285,0.09089598997493734,2
0.04285714285714286,0.36408754619280936,0.015037593984962405,0.0,0.5780177169650854,2
0.014285714285714285,0.0,0.0,0.0,0.9857142857142858,2
0.02857142857142857,0.11428571428571428,0.17142857142857143,0.14285714285714285,0.5428571428571428,2
0.26497113997113997,0.3020923520923521,0.014285714285714285,0.15753968253968256,0.2611111111111111,2
0.02875226039783002,0.02857142857142857,0.0007233273056057866,0.05714285714285714,0.8848101265822785,2
0.1054945054945055,0.002197802197802198,0.014285714285714285,0.0,0.878021978021978,2
0.3211475116362334,0.4333337464540472,0.05764411027568923,0.014786967418546368,0.17308766421548374,2
0.3322829131652661,0.34481792717086834,0.08571428571428572,0.04285714285714286,0.19432773109243698,2
0.03761904761904762,0.04380952380952381,0.0,0.0,0.9185714285714285,2
0.04627100840336135,0.3281512605042017,0.015178571428571428,0.0,0.6103991596638655,2
0.378452380952381,0.03642857142857143,0.0,0.0,0.5851190476190475,2
0.10952380952380952,0.6421626984126984,0.032610544217687075,0.0023809523809523807,0.2133219954648526,2
0.08639455782312926,0.4172884324670039,0.10267203035060177,0.0,0.39364497935926507,2
0.014285714285714285,0.02857142857142857,0.21428571428571427,0.0,0.7428571428571429,2
0.41383219954648526,0.19178004535147392,0.0,0.02857142857142857,0.3658163265306122,2
0.2417687074829932,0.5031292517006802,0.002857142857142857,0.0,0.25224489795918364,2
0.4056650246305418,0.379064039408867,0.0,0.0,0.21527093596059113,2
0.15714285714285714,0.014285714285714285,0.0,0.014285714285714285,0.8142857142857143,2
0.05714285714285714,0.014285714285714285,0.0,0.0,0.9285714285714286,2
0.3217719586322127,0.19081842537377927,0.0,0.0,0.48740961599400806,2
0.10952380952380952,0.37470238095238095,0.02886904761904762,0.0,0.48690476190476184,2
0.10369747899159663,0.4977430972388956,0.07142857142857142,0.003061224489795918,0.32406962785114046,2
0.1275250626566416,0.7467167919799499,0.0005012531328320802,0.014786967418546368,0.11046992481203008,2
0.04285714285714286,0.08571428571428572,0.0,0.0,0.8714285714285714,2
0.4579931972789116,0.23049886621315194,0.0,0.01468253968253968,0.2968253968253968,2
0.05614906832298136,0.046770186335403724,0.014285714285714285,0.0,0.8827950310559007,2
0.09956709956709957,0.0,0.0,0.0,0.9004329004329004,2
0.11428571428571428,0.01746031746031746,0.0,0.0031746031746031746,0.8650793650793651,2
0.2665584415584415,0.45725108225108224,0.0,0.014285714285714285,0.2619047619047619,2
0.06883116883116884,0.18571428571428572,0.0,0.0,0.7454545454545455,2
0.1935064935064935,0.047857142857142855,0.0,0.0,0.7586363636363636,2
0.12714285714285714,0.2523214285714286,0.09732142857142859,0.22285714285714286,0.3003571428571429,3
0.37625615763546794,0.37207512315270935,0.016927339901477833,0.0,0.2347413793103448,3
0.4285714285714286,0.33,0.0,0.04428571428571429,0.19714285714285715,3
0.15,0.721201814058957,0.001020408163265306,0.0,0.12777777777777777,3
0.12238095238095238,0.001020408163265306,0.0,0.0004081632653061224,0.8761904761904761,3
0.12428571428571428,0.3722534013605442,0.2630357142857143,0.0,0.2404251700680272,3
0.40269896004378763,0.30289046872667563,0.0021490147783251234,0.014285714285714285,0.27797584216549737,3
0.02895752895752896,0.15,0.0,0.014285714285714285,0.8067567567567568,3
0.21169590643274855,0.566499582289056,0.0,0.014285714285714285,0.2075187969924812,3
0.09126984126984128,0.0619047619047619,0.014285714285714285,0.0015873015873015873,0.8309523809523809,3
0.0,0.2,0.0,0.0,0.8,3
0.060000000000000005,0.08857142857142858,0.0,0.0,0.8514285714285713,3
0.01752895752895753,0.18857142857142856,0.014285714285714285,0.0,0.7796138996138997,3
0.22363636363636363,0.40028679653679655,0.03732142857142857,0.03142857142857143,0.30732683982683984,3
0.017142857142857144,0.771904761904762,0.02857142857142857,0.0,0.18238095238095237,3
0.14585921325051757,0.3224430641821946,0.04285714285714286,0.0,0.48884057971014483,3
0.0,0.13452380952380955,0.0,0.0,0.8654761904761904,3
0.11428571428571428,0.47324994513934604,0.1576036866359447,0.014746543778801843,0.2401141101601931,3
0.2357142857142857,0.21802721088435376,0.1748299319727891,0.0,0.37142857142857144,3
0.014285714285714285,0.182312925170068,0.0,0.0,0.8034013605442177,3
0.12857142857142856,0.014285714285714285,0.014285714285714285,0.0,0.8428571428571429,3
0.014285714285714285,0.12857142857142856,0.0,0.0,0.8571428571428571,3
0.08714285714285713,0.04387755102040817,0.0,0.0004081632653061224,0.8685714285714285,3
0.08538775510204083,0.6686303854875283,0.0,0.0,0.24598185941043083,3
0.07142857142857142,0.04285714285714286,0.0,0.0,0.8857142857142857,3
0.03299319727891156,0.10571428571428572,0.014285714285714285,0.0,0.8470068027210884,3
0.26717377860235,0.17646191174416984,0.1863536866359447,0.0004608294930875576,0.3695497935244479,3
0.047619047619047616,0.30857142857142855,0.05714285714285714,0.014285714285714285,0.5723809523809524,3
0.5160714285714286,0.06428571428571428,0.0,0.0,0.41964285714285715,3
0.07380952380952381,0.04331797235023042,0.0004608294930875576,0.0004608294930875576,0.8819508448540706,3
0.08,0.001020408163265306,0.0,0.0004081632653061224,0.9185714285714285,3
0.15714285714285714,0.33809523809523806,0.0,0.014285714285714285,0.4904761904761904,3
0.04285714285714286,0.5285714285714286,0.1357142857142857,0.0,0.29285714285714287,3
0.17149425287356318,0.47253595264579684,0.049531026537422536,0.0004608294930875576,0.3059779384501298,3
0.3028571428571428,0.27904761904761904,0.0,0.014285714285714285,0.4038095238095238,3
0.02857142857142857,0.05714285714285714,0.14285714285714285,0.014285714285714285,0.7571428571428571,3
0.24839901477832513,0.1497536945812808,0.09293924466338259,0.0,0.5089080459770116,3
0.16634920634920633,0.11517857142857142,0.04303571428571429,0.0,0.675436507936508,3
0.1,0.0,0.0,0.0,0.9,3
0.06523809523809523,0.001020408163265306,0.0,0.014693877551020407,0.919047619047619,3
0.47081632653061223,0.02120181405895692,0.0,0.0,0.5079818594104308,3
0.04285714285714286,0.8857142857142857,0.02857142857142857,0.0,0.04285714285714286,3
0.057823129251700675,0.04693877551020408,0.0,0.0,0.8952380952380952,3
0.3609523809523809,0.1738095238095238,0.0,0.0019047619047619048,0.4633333333333334,3
0.07777777777777778,0.06031746031746032,0.0,0.014285714285714285,0.8476190476190476,3
0.0,0.5571428571428572,0.14285714285714285,0.0,0.3,3
0.014285714285714285,0.02857142857142857,0.11428571428571428,0.0,0.8428571428571429,3
0.01129251700680272,0.13231292517006804,0.0,0.0,0.8563945578231292,3
0.0816326530612245,0.014285714285714285,0.004081632653061224,0.0,0.9,3
0.12857142857142856,0.7,0.05714285714285714,0.0,0.11428571428571428,3
0.03142857142857143,0.1,0.014285714285714285,0.0014285714285714286,0.8528571428571429,3
0.11632653061224489,0.5673469387755102,0.08571428571428572,0.014285714285714285,0.21632653061224488,3
0.00873015873015873,0.014285714285714285,0.0,0.0,0.976984126984127,3
0.07142857142857142,0.0,0.0,0.0,0.9285714285714286,3
0.4477638234781092,0.246375370661085,0.0,0.014285714285714285,0.2915750915750916,3
0.02895752895752896,0.015714285714285715,0.0,0.0014285714285714286,0.9538996138996138,3
0.39650793650793653,0.26349206349206344,0.0,0.02857142857142857,0.31142857142857144,3
0.07142857142857142,0.2961904761904762,0.04285714285714286,0.0,0.5895238095238096,3
0.13095238095238096,0.07142857142857142,0.0,0.0,0.7976190476190476,3
0.0,0.05714285714285714,0.0,0.0,0.9428571428571428,3
0.014285714285714285,0.0,0.0,0.0,0.9857142857142858,3
0.4925,0.23035714285714284,0.014285714285714285,0.0,0.26285714285714284,3
0.0,0.08571428571428572,0.0,0.0,0.9142857142857143,3
0.014285714285714285,0.0,0.0,0.0,0.9857142857142858,3
0.04285714285714286,0.02857142857142857,0.0,0.0,0.9285714285714286,3
0.02857142857142857,0.1,0.0,0.0,0.8714285714285714,3
0.017142857142857144,0.08857142857142858,0.0,0.0,0.8942857142857144,3
0.02895752895752896,0.07142857142857142,0.014285714285714285,0.0,0.8853281853281852,3
0.14761904761904762,0.15238095238095237,0.0,0.0,0.7,3
0.0,0.0,0.0,0.0,1.0,3
0.4114285714285714,0.23375,0.00017857142857142857,0.0,0.3546428571428572,3
0.13007518796992482,0.015789473684210523,0.014285714285714285,0.0,0.8398496240601504,3
0.15086394557823127,0.49404267161410026,0.02857142857142857,0.014285714285714285,0.3122362399505257,3
0.4074561403508771,0.3526942355889724,0.0,0.014285714285714285,0.22556390977443608,3
0.18300680272108844,0.4487891156462585,0.014285714285714285,0.05714285714285714,0.2967755102040816,3
0.11654135338345865,0.10075187969924812,0.0,0.0,0.7827067669172932,3
0.007142857142857143,0.2357142857142857,0.0,0.0,0.7571428571428571,3
0.7285714285714285,0.02857142857142857,0.014285714285714285,0.0,0.22857142857142856,3
0.04253061224489796,0.6213669346526489,0.04285714285714286,0.0,0.2932453102453102,3
0.02857142857142857,0.014285714285714285,0.0,0.0,0.9571428571428572,3
0.014285714285714285,0.014285714285714285,0.0,0.0,0.9714285714285714,3
0.044897959183673466,0.5693877551020409,0.014285714285714285,0.0,0.37142857142857144,3
0.43979591836734694,0.3,0.0,0.001020408163265306,0.25918367346938775,3
0.16041200179131213,0.5232366771159874,0.0,0.02857142857142857,0.28777989252127184,3
0.0,0.0,0.0,0.0,1.0,3
0.015714285714285715,0.15816326530612246,0.0,0.014693877551020407,0.8114285714285714,3
0.4257142857142857,0.3223214285714286,0.07732142857142857,0.0,0.17464285714285713,3
0.014285714285714285,0.02857142857142857,0.0,0.0,0.9571428571428572,3
0.16507936507936508,0.45634920634920634,0.0,0.014285714285714285,0.36428571428571427,3
0.14374149659863947,0.4819727891156463,0.014285714285714285,0.014285714285714285,0.3457142857142857,3
0.10510204081632654,0.015714285714285715,0.0,0.0065306122448979586,0.8726530612244897,3
0.10171428571428572,0.47193382807668527,0.04285714285714286,0.0,0.38349474335188616,3
0.1738095238095238,0.0,0.02857142857142857,0.0,0.7976190476190477,3
0.0,0.014285714285714285,0.014285714285714285,0.0,0.9714285714285714,3
0.016666666666666666,0.04285714285714286,0.0,0.0,0.9404761904761904,3
0.05,0.030000000000000002,0.0,0.0014285714285714286,0.9185714285714285,3
0.2357142857142857,0.5071428571428571,0.0,0.0,0.2571428571428571,3
0.014285714285714285,0.014746543778801843,0.0004608294930875576,0.0004608294930875576,0.9700460829493088,3
0.014285714285714285,0.014285714285714285,0.0,0.0,0.9714285714285714,3
0.21537414965986393,0.46605442176870754,0.0,0.0014285714285714286,0.3171428571428571,3
0.02280701754385965,0.14586466165413534,0.0,0.0,0.831328320802005,3
0.30482758620689654,0.31397988505747126,0.15978448275862067,0.0,0.2214080459770115,3
0.0,0.04285714285714286,0.0,0.0,0.9571428571428572,3
0.049523809523809526,0.014285714285714285,0.0,0.0,0.9361904761904761,3
0.17428571428571427,0.3508928571428571,0.02875,0.007142857142857143,0.43892857142857145,3
0.014285714285714285,0.08571428571428572,0.0,0.0,0.9,3
0.014285714285714285,0.24285714285714285,0.0,0.0,0.7428571428571429,3
0.04285714285714286,0.05714285714285714,0.0,0.014285714285714285,0.8857142857142857,3
0.04285714285714286,0.1,0.0,0.0,0.8571428571428571,3
0.12857142857142856,0.014285714285714285,0.0,0.0,0.8571428571428571,3
0.08297258297258298,0.0031746031746031746,0.0,0.0,0.9138528138528138,3
0.4017316017316017,0.0774891774891775,0.014285714285714285,0.014285714285714285,0.4922077922077922,3
0.059314671814671815,0.014285714285714285,0.0,0.014285714285714285,0.9121138996138995,3
0.02857142857142857,0.8857142857142857,0.04285714285714286,0.014285714285714285,0.02857142857142857,3
0.08952380952380952,0.014285714285714285,0.0,0.01619047619047619,0.88,3
0.04285714285714286,0.17142857142857143,0.014285714285714285,0.0,0.7714285714285715,3
0.20489795918367346,0.5779591836734693,0.1,0.014285714285714285,0.10285714285714286,3
0.42964285714285716,0.21607142857142858,0.0,0.014285714285714285,0.34,3
0.02857142857142857,0.04285714285714286,0.0,0.0,0.9285714285714286,3
0.019047619047619046,0.7367965367965367,0.0,0.02857142857142857,0.2155844155844156,3
0.0,0.11428571428571428,0.014285714285714285,0.0,0.8714285714285714,3
0.11714285714285713,0.4974914965986395,0.0011989795918367345,0.02857142857142857,0.35559523809523813,3
0.02857142857142857,0.04285714285714286,0.0,0.014285714285714285,0.9142857142857143,3
0.014285714285714285,0.014285714285714285,0.0,0.1,0.8714285714285714,3
0.0,0.1,0.0,0.014285714285714285,0.8857142857142857,3
0.014285714285714285,0.014285714285714285,0.0,0.0,0.9714285714285714,3
0.20990153956319368,0.6519401181525242,0.00017857142857142857,0.014285714285714285,0.12369405656999642,3
0.047619047619047616,0.5980272108843537,0.04387755102040817,0.0,0.31047619047619046,3
0.016666666666666666,0.1,0.02857142857142857,0.0,0.8547619047619048,3
0.12285714285714285,0.014285714285714285,0.0,0.014285714285714285,0.8485714285714285,3
0.17763546798029556,0.6869343771991555,0.009291871921182266,0.0,0.12613828289936665,3
0.204421768707483,0.38857142857142857,0.1,0.04285714285714286,0.26414965986394556,3
0.008571428571428572,0.028214285714285716,0.0,0.08892857142857143,0.8742857142857142,3
0.039047619047619046,0.0019727891156462586,0.0,0.0023129251700680273,0.9566666666666667,3
0.3064935064935065,0.04415584415584416,0.0,0.014285714285714285,0.635064935064935,3
0.019047619047619046,0.6738095238095239,0.02857142857142857,0.0,0.2785714285714286,3
0.10197044334975369,0.6926108374384237,0.02532019704433498,0.03142857142857143,0.14866995073891626,3
0.018045112781954885,0.26015037593984963,0.0,0.0,0.7218045112781954,3
0.0,0.11428571428571428,0.0,0.0,0.8857142857142857,4
0.014285714285714285,0.0,0.0,0.0,0.9857142857142858,4
0.1571212121212121,0.04523809523809524,0.0,0.0,0.7976406926406927,4
0.0008086253369272237,0.1018867924528302,0.0002695417789757412,0.0,0.8970350404312668,4
0.0,0.0007722007722007722,0.0,0.014285714285714285,0.9849420849420848,4
0.0017857142857142857,0.04329365079365079,0.0,0.014285714285714285,0.9406349206349205,4
0.4,0.15714285714285714,0.24285714285714285,0.0,0.2,4
0.13836996336996338,0.1425671550671551,0.0,0.0,0.7190628815628816,4
0.0,0.08571428571428572,0.0,0.014285714285714285,0.9,4
0.22495752895752896,0.21772972972972973,0.0,0.24399999999999997,0.31331274131274134,4
0.2207670760611937,0.07516268045679811,0.015018315018315019,0.0,0.6890519284636932,4
0.16428571428571428,0.4416666666666667,0.07261904761904761,0.0,0.32142857142857145,4
0.014285714285714285,0.0047619047619047615,0.0,0.061904761904761914,0.919047619047619,4
0.2379591836734694,0.49176870748299323,0.0,0.014693877551020407,0.25557823129251706,4
0.11001642036124795,0.32472906403940893,0.08047619047619047,0.060000000000000005,0.4247783251231527,4
0.42734693877551017,0.15010204081632653,0.0,0.0004081632653061224,0.4221428571428571,4
0.017857142857142856,0.08596938775510203,0.0035714285714285713,0.0,0.8926020408163265,4
0.45028571428571423,0.30514285714285716,0.0,0.05828571428571429,0.18628571428571428,4
0.10571058612124096,0.03185878124834839,0.0002695417789757412,0.0,0.862161090851435,4
0.5578499820981023,0.20687432867883995,0.0,0.02932330827067669,0.20595238095238094,4
0.07244897959183673,0.5946629058127316,0.0023809523809523807,0.0015873015873015873,0.3289198606271777,4
0.02857142857142857,0.2714285714285714,0.0,0.0,0.7,4
0.14285714285714285,0.014285714285714285,0.0,0.0,0.8428571428571429,4
0.0,0.11142857142857143,0.0,0.0,0.8885714285714286,4
0.6351648351648351,0.1728937728937729,0.015018315018315019,0.0,0.17692307692307693,4
0.014285714285714285,0.0,0.0,0.0,0.9857142857142858,4
0.016326530612244896,0.004081632653061224,0.017346938775510204,0.0,0.9622448979591838,4
0.40904761904761905,0.4327922077922078,0.016904761904761905,0.019047619047619046,0.12220779220779221,4
0.002484472049689441,0.003450655624568668,0.0,0.0,0.9940648723257419,4
0.11547619047619048,0.0,0.0,0.0,0.8845238095238095,4
0.15714285714285714,0.014285714285714285,0.0,0.0,0.8285714285714286,4
0.0305005020876275,0.01673273082818033,0.0002695417789757412,0.0,0.9524972253052165,4
0.014285714285714285,0.04285714285714286,0.0,0.05714285714285714,0.8857142857142857,4
0.001020408163265306,0.001020408163265306,0.0,0.0,0.9979591836734695,4
0.16,0.4297142857142857,0.0,0.05828571428571429,0.35200000000000004,4
0.19612244897959183,0.4975510204081632,0.0,0.03612244897959183,0.2702040816326531,4
0.14285714285714285,0.5023769507803122,0.11168067226890756,0.0,0.24308523409363747,4
0.029831932773109245,0.13523409363745498,0.014285714285714285,0.08571428571428572,0.7349339735894358,4
0.22244897959183674,0.30357142857142855,0.0,0.014285714285714285,0.4596938775510204,4
0.46028571428571424,0.338,0.0,0.044000000000000004,0.1577142857142857,4
0.21428571428571427,0.2,0.0,0.02857142857142857,0.5571428571428572,4
0.0,0.014285714285714285,0.0,0.0,0.9857142857142858,4
0.5314285714285715,0.1542857142857143,0.0,0.014285714285714285,0.3,4
0.2,0.49387755102040815,0.1346938775510204,0.0,0.17142857142857143,4
0.014285714285714285,0.0007722007722007722,0.0,0.0,0.9849420849420848,4
0.09184782608695653,0.0,0.0,0.0,0.9081521739130435,4
0.01509433962264151,0.11418837975441748,0.0002695417789757412,0.0,0.8704477388439652,4
0.1425,0.3208673469387755,0.014285714285714285,0.0,0.5223469387755102,4
0.04285714285714286,0.02857142857142857,0.05714285714285714,0.0,0.8714285714285714,4
0.02857142857142857,0.017857142857142856,0.014285714285714285,0.0,0.9392857142857143,4
0.014285714285714285,0.05714285714285714,0.0,0.0,0.9285714285714286,4
0.3142857142857143,0.2857142857142857,0.014285714285714285,0.02857142857142857,0.35714285714285715,4
0.16092436974789917,0.016911764705882352,0.0,0.0,0.8221638655462186,4
0.0373109243697479,0.0005602240896358543,0.0,0.0,0.9621288515406162,4
0.0,0.02857142857142857,0.0,0.0,0.9714285714285714,4
0.02142857142857143,0.03373015873015873,0.0,0.014285714285714285,0.9305555555555555,4
0.0,0.5633640552995391,0.2571428571428571,0.014285714285714285,0.1652073732718894,4
0.14642857142857144,0.039285714285714285,0.0,0.0,0.8142857142857143,4
0.02857142857142857,0.12857142857142856,0.0,0.0,0.8428571428571429,4
0.13357753357753357,0.6101953601953602,0.0007326007326007326,0.01468253968253968,0.24081196581196584,4
0.0,0.20112244897959183,0.10637755102040816,0.0,0.6925,4
0.13095238095238096,0.5666666666666667,0.0,0.02857142857142857,0.27380952380952384,4
0.04476190476190476,0.0122007722007722,0.0,0.0,0.9430373230373229,4
0.07514642220524573,0.014845938375350141,0.0,0.0,0.9100076394194042,4
0.0,0.07142857142857142,0.014285714285714285,0.0,0.9142857142857143,4
0.147019647019647,0.38439560439560433,0.031098901098901104,0.03142857142857143,0.4060572760572761,4
0.2507142857142857,0.3697619047619047,0.0,0.0,0.37952380952380954,4
0.014285714285714285,0.10336134453781513,0.0,0.0,0.8823529411764706,4
0.09047619047619049,0.5588321995464851,0.07706349206349206,0.0,0.27362811791383224,4
0.04285714285714286,0.07142857142857142,0.02857142857142857,0.0,0.8571428571428571,4
0.015306122448979591,0.008163265306122448,0.0,0.0,0.976530612244898,4
0.014285714285714285,0.12857142857142856,0.0,0.0,0.8571428571428571,4
0.02857142857142857,0.14285714285714285,0.0,0.0,0.8285714285714286,4
0.03214285714285714,0.11964285714285715,0.0035714285714285713,0.014285714285714285,0.8303571428571429,4
0.24387755102040815,0.07619047619047618,0.0,0.0,0.6799319727891157,4
0.036446992590139504,0.7301589433081895,0.029251700680272108,0.02857142857142857,0.17557093484997024,4
0.0,0.20714285714285716,0.0,0.0,0.7928571428571428,4
0.3457142857142857,0.4297142857142857,0.0,0.01542857142857143,0.20914285714285716,4
0.4250793650793651,0.316984126984127,0.0,0.025396825396825397,0.23253968253968255,4
0.34857142857142853,0.1,0.08571428571428572,0.014285714285714285,0.45142857142857146,4
0.0821003861003861,0.16058687258687257,0.014285714285714285,0.144,0.599027027027027,4
0.01836734693877551,0.014285714285714285,0.0,0.0,0.9673469387755104,4
0.12857142857142856,0.02857142857142857,0.0,0.014285714285714285,0.8285714285714286,4
0.11428571428571428,0.0,0.0,0.0,0.8857142857142857,4
0.16190476190476188,0.06785714285714285,0.0,0.0,0.7702380952380953,4
0.11863354037267082,0.014285714285714285,0.0,0.0,0.867080745341615,4
0.014285714285714285,0.0,0.0,0.0,0.9857142857142858,4
0.14642857142857144,0.21571428571428572,0.0,0.42857142857142855,0.2092857142857143,4
0.0,0.014285714285714285,0.0,0.0,0.9857142857142858,4
0.002857142857142857,0.04714285714285714,0.014285714285714285,0.0,0.9357142857142857,4
0.0,0.07142857142857142,0.0,0.0,0.9285714285714286,4
0.17142857142857143,0.02857142857142857,0.014285714285714285,0.0,0.7857142857142857,4
0.031168831168831165,0.0,0.0,0.0014285714285714286,0.9674025974025974,4
0.04285714285714286,0.3142857142857143,0.014285714285714285,0.0,0.6285714285714286,4
0.19047619047619047,0.3623809523809524,0.1,0.02857142857142857,0.31857142857142856,4
0.43611721611721616,0.14575091575091573,0.05787545787545787,0.04285714285714286,0.3173992673992674,4
0.3047619047619048,0.21428571428571427,0.0,0.0,0.480952380952381,4
0.4450706661759294,0.21126852971589813,0.0,0.07077752072488915,0.2728832833832834,4
0.05952380952380953,0.2523809523809524,0.0,0.02857142857142857,0.6595238095238096,4
0.6379514824797844,0.1111725067385445,0.0002695417789757412,0.0,0.2506064690026954,4
0.5634920634920635,0.19365079365079366,0.0,0.02857142857142857,0.21428571428571427,4
0.5132745508459794,0.24299773242630388,0.0,0.035374847374847376,0.20835286935286937,4
0.12080073408673814,0.7231294648501396,0.015873015873015872,0.0,0.1401967851901063,4
0.02857142857142857,0.18571428571428572,0.014285714285714285,0.0,0.7714285714285715,4
0.3077533577533578,0.43046398046398043,0.0,0.0438034188034188,0.21797924297924298,4
0.0,0.07285714285714286,0.0,0.0,0.9271428571428573,4
0.02857142857142857,0.1,0.0,0.0,0.8714285714285714,4
0.1293800539083558,0.07331536388140163,0.028840970350404317,0.0,0.7684636118598382,4
0.11904761904761903,0.07142857142857142,0.0,0.0,0.8095238095238095,4
0.11428571428571428,0.0,0.014285714285714285,0.0,0.8714285714285714,4
0.04285714285714286,0.0,0.0,0.0,0.9571428571428572,4
0.075,0.14107142857142857,0.29285714285714287,0.0,0.49107142857142855,4
0.11428571428571428,0.12857142857142856,0.0,0.0,0.7571428571428571,4
0.05840336134453781,0.32485994397759105,0.05833333333333333,0.04285714285714286,0.515546218487395,4
0.0021008403361344537,0.26546218487394957,0.014285714285714285,0.0,0.7181512605042016,4
0.02983193277310924,0.6974789915966387,0.014285714285714285,0.0,0.2584033613445378,4
0.08701298701298701,0.6272727272727272,0.04285714285714286,0.0,0.24285714285714285,4
0.12023809523809523,0.014285714285714285,0.0,0.0,0.8654761904761904,4
0.081055900621118,0.0625776397515528,0.0,0.0,0.8563664596273293,4
0.01724025974025974,0.026309523809523807,0.0,0.0014285714285714286,0.9550216450216449,4
0.5142857142857142,0.27764976958525345,0.02142857142857143,0.0,0.18663594470046083,4
0.5843137254901961,0.12857142857142856,0.02857142857142857,0.014285714285714285,0.24425770308123249,4
0.4107142857142857,0.23035714285714284,0.0,0.02857142857142857,0.33035714285714285,4
0.1,0.5586309523809524,0.02857142857142857,0.014285714285714285,0.2985119047619048,4
0.19166666666666665,0.044047619047619044,0.05714285714285714,0.0,0.7071428571428572,4
0.014285714285714285,0.146031746031746,0.014285714285714285,0.0,0.8253968253968255,4
0.31677489177489176,0.11457431457431458,0.0,0.0,0.5686507936507935,4
0.0,0.12346938775510204,0.0,0.0,0.876530612244898,4
0.06740234555360605,0.7634499953827685,0.02941176470588235,0.0,0.1397358943577431,4
0.49991496598639457,0.10446428571428572,0.0,0.015178571428571428,0.3804421768707483,4
0.09652291105121294,0.003029649595687331,0.0002695417789757412,0.001142857142857143,0.8990350404312668,4
0.2735714285714286,0.5162698412698412,0.0,0.015873015873015872,0.19428571428571428,4
0.016428571428571428,0.14722222222222223,0.0,0.0,0.8363492063492064,4
0.0,0.014285714285714285,0.0,0.0,0.9857142857142858,4
0.3303607503607504,0.22474541331684192,0.0,0.0003968253968253968,0.4444970109255824,4
0.014285714285714285,0.04285714285714286,0.0,0.0,0.9428571428571428,4
0.014285714285714285,0.08888888888888889,0.0,0.0,0.8968253968253969,4
0.030000000000000002,0.4619047619047618,0.02238095238095238,0.0,0.4857142857142857,4
0.09325396825396826,0.04365079365079365,0.0,0.014285714285714285,0.8488095238095238,5
0.0,0.02857142857142857,0.0,0.014285714285714285,0.9571428571428572,5
0.014857142857142857,0.372,0.014285714285714285,0.0,0.5988571428571429,5
0.1867176870748299,0.3440136054421769,0.1299829931972789,0.0017857142857142857,0.3375,5
0.0,0.08402597402597403,0.0,0.0,0.9159740259740261,5
0.47164596273291925,0.26919254658385094,0.0,0.16847826086956524,0.0906832298136646,5
0.006561461794019934,0.0019933554817275745,0.0,0.0,0.9914451827242524,5
0.06138392857142857,0.0011160714285714285,0.0,0.0,0.9375,5
0.33246753246753247,0.33971861471861475,0.0,0.031168831168831165,0.2966450216450217,5
0.02072458791208791,0.046720467032967034,0.0,0.04029304029304029,0.8922619047619048,5
0.2499084249084249,0.3289552114552115,0.12748917748917749,0.03318181818181817,0.260465367965368,5
0.007142857142857143,0.5428571428571428,0.0,0.0,0.45,5
0.01648351648351648,0.0260989010989011,0.0,0.002197802197802198,0.9552197802197802,5
0.32273809523809527,0.24589285714285714,0.0,0.014285714285714285,0.4170833333333333,5
0.02857142857142857,0.014285714285714285,0.0,0.0,0.9571428571428572,5
0.030357142857142857,0.5956392557022808,0.014285714285714285,0.014285714285714285,0.3454321728691477,5
0.11071428571428571,0.11666666666666668,0.0,0.0,0.7726190476190476,5
0.05714285714285714,0.02857142857142857,0.0,0.0,0.9142857142857143,5
0.05714285714285714,0.40285714285714286,0.014285714285714285,0.014285714285714285,0.5114285714285713,5
0.23285714285714287,0.3312781954887218,0.0,0.0,0.43586466165413534,5
0.05714285714285714,0.07056277056277055,0.0038961038961038957,0.0,0.8683982683982684,5
0.32513914656771803,0.24925788497217072,0.02857142857142857,0.0,0.3970315398886827,5
0.04307036247334755,0.04798507462686567,0.0,0.00021321961620469082,0.9087313432835821,5
0.017857142857142856,0.014285714285714285,0.0,0.0,0.9678571428571429,5
0.014285714285714285,0.12142857142857143,0.014285714285714285,0.0,0.85,5
0.1970124716553288,0.3603628117913832,0.0,0.0760204081632653,0.3666043083900226,5
0.23522179705215415,0.031456207482993194,0.0006802721088435374,0.015646258503401362,0.7169954648526078,5
0.003968253968253968,0.1492063492063492,0.0,0.0,0.8468253968253968,5
0.0,0.04285714285714286,0.0,0.0,0.9571428571428572,5
0.07244897959183673,0.1173469387755102,0.0,0.001020408163265306,0.8091836734693878,5
0.014285714285714285,0.02857142857142857,0.0,0.0,0.9571428571428572,5
0.17222222222222222,0.5444333444333445,0.17532467532467533,0.0,0.10801975801975802,5
0.04285714285714286,0.0816326530612245,0.0,0.0,0.8755102040816326,5
0.025595238095238098,0.29023809523809524,0.0023809523809523807,0.015000000000000001,0.6667857142857142,5
0.6724675324675324,0.111504329004329,0.0,0.016883116883116885,0.19914502164502162,5
0.0029900332225913625,0.05913621262458472,0.0,0.0,0.9378737541528238,5
0.02857142857142857,0.21428571428571427,0.014285714285714285,0.0,0.7428571428571429,5
0.001998933901918976,0.2226691405609316,0.015178571428571428,0.001552505330490405,0.7586008487780875,5
0.014285714285714285,0.1616326530612245,0.0,0.0,0.8240816326530612,5
0.07760524499654935,0.2783988957902001,0.016666666666666666,0.0,0.6273291925465838,5
0.17142857142857143,0.04285714285714286,0.02857142857142857,0.0,0.7571428571428571,5
0.04285714285714286,0.02857142857142857,0.0,0.0,0.9285714285714286,5
0.0,0.08571428571428572,0.0,0.0,0.9142857142857143,5
0.581992969289165,0.22376099896480328,0.0023809523809523807,0.0035714285714285713,0.18829365079365082,5
0.17142857142857143,0.12857142857142856,0.02857142857142857,0.15714285714285714,0.5142857142857142,5
0.5207302618016902,0.17462121212121212,0.0,0.03571428571428571,0.26893424036281177,5
0.0,0.15285714285714286,0.0,0.0,0.8471428571428571,5
0.06428571428571428,0.5277149041434755,0.09013605442176871,0.02857142857142857,0.28929189857761284,5
0.014285714285714285,0.07142857142857142,0.0,0.014285714285714285,0.9,5
0.054551495016611294,0.5789897533253016,0.030612244897959183,0.002857142857142857,0.33298936390298517,5
0.0,0.02857142857142857,0.0,0.0,0.9714285714285714,5
0.06785714285714285,0.14642857142857144,0.0,0.0,0.7857142857142857,5
0.6884316770186335,0.16943064182194614,0.0,0.029906832298136645,0.11223084886128365,5
0.0,0.04285714285714286,0.0,0.0,0.9571428571428572,5
0.014285714285714285,0.05714285714285714,0.016336295283663704,0.014285714285714285,0.8979494190020505,5
0.0,0.22344253490870034,0.0,0.0,0.7765574650912997,5
0.18164682539682542,0.48650793650793656,0.0,0.0008928571428571428,0.33095238095238094,5
0.27449436222692036,0.5079637739521459,0.0023809523809523807,0.014285714285714285,0.2008751971542669,5
0.22972424346381629,0.11863641424719533,0.0,0.0006211180124223603,0.6510182242765661,5
0.014285714285714285,0.04285714285714286,0.0,0.0,0.9428571428571428,5
0.00028011204481792715,0.08313725490196078,0.0035714285714285713,0.0,0.9130112044817927,5
0.0,0.15879120879120878,0.0,0.0,0.8412087912087912,5
0.34463203463203457,0.4815584415584416,0.0,0.007142857142857143,0.16666666666666666,5
0.06156146179401993,0.13199335548172758,0.0,0.0,0.8064451827242525,5
0.5776312181339283,0.16264752412592948,0.0,0.015000000000000001,0.24472125774014217,5
0.014285714285714285,0.08571428571428572,0.0,0.0,0.9,5
0.20424216027874564,0.03034843205574913,0.0,0.0,0.7654094076655052,5
0.06347852573865367,0.4604000406132602,0.11632653061224489,0.00021321961620469082,0.35958168341963653,5
0.014285714285714285,0.07142857142857142,0.0,0.014285714285714285,0.9,5
0.31893670511682937,0.38128706860318495,0.029251700680272108,0.0013605442176870747,0.26916398138202646,5
0.2921426236398449,0.43254436557231585,0.0,0.029285714285714283,0.24602729650212488,5
0.04285714285714286,0.02857142857142857,0.0,0.0,0.9285714285714286,5
0.04285714285714286,0.10571428571428572,0.014285714285714285,0.0,0.8371428571428572,5
0.1,0.35714285714285715,0.014285714285714285,0.07142857142857142,0.45714285714285713,5
0.36666666666666664,0.228656462585034,0.0,0.014285714285714285,0.39039115646258504,5
0.13183302411873837,0.48738033395176245,0.02857142857142857,0.015306122448979591,0.336909090909091,5
0.14285714285714285,0.014285714285714285,0.0,0.0,0.8428571428571429,5
0.18035714285714285,0.47191192266380244,0.0023809523809523807,0.02857142857142857,0.31677855352667383,5
0.0,0.25317460317460316,0.0,0.0,0.7468253968253968,5
0.014285714285714285,0.10601503759398495,0.0007518796992481202,0.0,0.8789473684210526,5
0.02897959183673469,0.590204081632653,0.015102040816326531,0.0,0.3657142857142857,5
0.5863839285714286,0.24397321428571428,0.014285714285714285,0.014285714285714285,0.14107142857142857,5
0.0,0.08571428571428572,0.0,0.0,0.9142857142857143,5
0.3513077984817115,0.39711352657004834,0.0047619047619047615,0.03142857142857143,0.215388198757764,5
0.4263839285714286,0.3330208333333333,0.0,0.0,0.2405952380952381,5
0.5086422258297258,0.2446382497333584,0.0023809523809523807,0.014285714285714285,0.23005285777024911,5
0.12614906832298134,0.4502484472049689,0.0,0.05714285714285714,0.3664596273291925,5
0.2207919254658385,0.48684577844515736,0.02857142857142857,0.02857142857142857,0.235219438946147,5
0.0,0.10963301109917652,0.0,0.0,0.8903669889008234,5
0.014285714285714285,0.05714285714285714,0.0,0.0,0.9285714285714286,5
0.07142857142857142,0.04285714285714286,0.0,0.0,0.8857142857142857,5
0.00021321961620469082,0.08721513028549276,0.027705627705627702,0.00021321961620469082,0.8846528027764702,5
0.014285714285714285,0.05714285714285714,0.0,0.0,0.9285714285714286,5
0.16307036247334755,0.07084221748400853,0.0,0.014498933901918977,0.7515884861407249,5
0.3059800664451827,0.3802325581395349,0.014285714285714285,0.02857142857142857,0.2709302325581395,5
0.13315018315018315,0.5342490842490841,0.016666666666666666,0.014285714285714285,0.30164835164835163,5
0.1,0.666048237476809,0.030612244897959183,0.014285714285714285,0.18905380333951763,5
0.016362287939186055,0.0918049504032632,0.0,0.00021321961620469082,0.891619542041346,5
0.17142857142857143,0.2619047619047619,0.057894736842105256,0.05714285714285714,0.45162907268170427,5
0.15714285714285714,0.05714285714285714,0.08571428571428572,0.014285714285714285,0.6857142857142857,5
0.45714285714285713,0.37142857142857144,0.04285714285714286,0.014285714285714285,0.11428571428571428,5
0.4566326530612245,0.2518707482993197,0.001020408163265306,0.061224489795918366,0.22925170068027212,5
0.017857142857142856,0.014285714285714285,0.0,0.0,0.9678571428571429,5
0.02857142857142857,0.05714285714285714,0.0,0.0,0.9142857142857143,5
0.38571428571428573,0.04285714285714286,0.0,0.0,0.5714285714285714,5
0.15714285714285714,0.33469387755102037,0.08809523809523809,0.014285714285714285,0.40578231292517014,5
0.00028011204481792715,0.014565826330532211,0.0,0.0,0.9851540616246499,5
0.366031746031746,0.37682539682539684,0.0,0.02857142857142857,0.22857142857142856,5
0.22797619047619047,0.40214285714285714,0.0,0.115,0.25488095238095243,5
0.014285714285714285,0.07857142857142857,0.0,0.0,0.9071428571428571,5
0.0,0.0014285714285714286,0.0,0.0,0.9985714285714287,5
0.045238095238095244,0.7793831168831169,0.11428571428571428,0.015476190476190475,0.04561688311688312,5
0.014285714285714285,0.1983116883116883,0.0,0.0,0.7874025974025974,5
0.11428571428571428,0.11428571428571428,0.0,0.0,0.7714285714285715,5
0.04285714285714286,0.11428571428571428,0.0,0.0,0.8428571428571429,5
0.014285714285714285,0.08571428571428572,0.0,0.0,0.9,5
0.24043478260869564,0.4393640934634724,0.0,0.014285714285714285,0.30591540964211766,5
0.5369047619047619,0.28214285714285714,0.0,0.07142857142857142,0.10952380952380951,5
0.031177394034536888,0.11302126444983587,0.004387755102040817,0.0,0.8514135864135864,5
0.5648809523809524,0.10803571428571429,0.0,0.0,0.32708333333333334,5
0.02142857142857143,0.02857142857142857,0.0,0.0,0.95,5
0.03156146179401993,0.04485049833887043,0.0,0.016326530612244896,0.9072615092548648,5
0.06187505064419416,0.13091321610890527,0.0,0.02857142857142857,0.778640304675472,5
0.0007936507936507937,0.2007936507936508,0.0,0.0,0.7984126984126984,5
0.07281746031746032,0.5652494331065758,0.05773809523809523,0.030357142857142857,0.2738378684807256,5
0.02,0.6178571428571429,0.0,0.002857142857142857,0.35928571428571426,5
0.0,0.07142857142857142,0.0,0.0,0.9285714285714286,5
0.015486337297379185,0.003514192925314346,0.0,0.0006211180124223603,0.9803783517648841,5
0.03145519077196096,0.07759538598047915,0.0,0.015306122448979591,0.8756433007985803,5
0.5486170799677395,0.1519875450246849,0.0,0.06848702914001421,0.2309083458675614,5
0.048051948051948054,0.005454545454545455,0.0,0.0,0.9464935064935064,5
0.07662337662337662,0.016883116883116885,0.0,0.0,0.9064935064935065,5
0.4213095238095238,0.1350453514739229,0.0,0.002857142857142857,0.4407879818594104,5
0.6172321935013371,0.060377501823190995,0.02857142857142857,0.05714285714285714,0.23667601896118629,5
0.014285714285714285,0.04285714285714286,0.0,0.014285714285714285,0.9285714285714286,5
0.024594171997157074,0.10875700445142707,0.0,0.00021321961620469082,0.8664356039352112,5
0.03580253322259136,0.01739514119601329,0.0,0.014285714285714285,0.932516611295681,5
0.1523809523809524,0.02857142857142857,0.0,0.0,0.8190476190476191,5
0.02857142857142857,0.0,0.0,0.0,0.9714285714285714,6
0.014285714285714285,0.0,0.0,0.0,0.9857142857142858,6
0.42308673469387753,0.32755102040816325,0.004464285714285714,0.0,0.24489795918367346,6
0.29449797514313647,0.1672997253642415,0.0,0.046997626029884096,0.49120467346273794,6
0.03571428571428571,0.6653679653679654,0.014285714285714285,0.0012987012987012987,0.2833333333333333,6
0.0,0.07142857142857142,0.0,0.0,0.9285714285714286,6
0.5127002164502165,0.21946428571428572,0.0019480519480519478,0.014285714285714285,0.25160173160173155,6
0.0,0.0,0.0,0.0,1.0,6
0.0,0.02142857142857143,0.0,0.014285714285714285,0.9642857142857143,6
0.14637605042016807,0.35952380952380947,0.23660714285714285,0.014285714285714285,0.24320728291316526,6
0.4,0.21428571428571427,0.0,0.1,0.2857142857142857,6
0.014285714285714285,0.0,0.0,0.0,0.9857142857142858,6
0.07142857142857142,0.7533071690214547,0.015714285714285715,0.014285714285714285,0.14526425954997382,6
0.014625850340136054,0.1292517006802721,0.0,0.0,0.8561224489795919,6
0.10849600709849157,0.6002698446948096,0.038265306122448974,0.0006211180124223603,0.2523477240718275,6
0.0,0.5145534721118703,0.0,0.0,0.48544652788812964,6
0.08535392007500293,0.5383191726239307,0.020983827493261456,0.030207820617992893,0.32513525918981206,6
0.11614906832298136,0.46361108870425644,0.04353741496598639,0.014906832298136646,0.3617955957086392,6
0.11428571428571428,0.07142857142857142,0.0,0.0,0.8142857142857143,6
0.34309523809523806,0.47523809523809524,0.0,0.03142857142857143,0.15023809523809523,6
0.014285714285714285,0.04285714285714286,0.0,0.0,0.9428571428571428,6
0.02857142857142857,0.125,0.0,0.0,0.8464285714285714,6
0.02857142857142857,0.05714285714285714,0.08571428571428572,0.014285714285714285,0.8142857142857143,6
0.5444755244755245,0.24065934065934066,0.0,0.0,0.21486513486513484,6
0.02857142857142857,0.3142857142857143,0.04285714285714286,0.0,0.6142857142857143,6
0.07142857142857142,0.6314484126984127,0.044444444444444446,0.0,0.2526785714285714,6
0.1981447124304267,0.02857142857142857,0.0,0.0012987012987012987,0.7719851576994433,6
0.15824175824175823,0.39065934065934066,0.0,0.1,0.3510989010989011,6
0.3021848739495799,0.04453781512605042,0.0,0.0,0.6532773109243698,6
0.2916770186335404,0.5367701863354036,0.0,0.03238095238095238,0.13917184265010352,6
0.035633423180592996,0.8509433962264151,0.014555256064690027,0.0005390835579514824,0.09832884097035041,6
0.1,0.7566502463054187,0.02857142857142857,0.0,0.11477832512315272,6
0.08857142857142858,0.6090584415584416,0.017857142857142856,0.014285714285714285,0.27022727272727276,6
0.02857142857142857,0.2571428571428571,0.014285714285714285,0.0,0.7,6
0.02857142857142857,0.04285714285714286,0.014285714285714285,0.0,0.9142857142857143,6
0.03731709664998075,0.17700632139648312,0.0002695417789757412,0.0005390835579514824,0.7848679566166089,6
0.17277628032345013,0.4795148247978437,0.0002695417789757412,0.0005390835579514824,0.346900269541779,6
0.22905462184873945,0.09232142857142858,0.0,0.04666666666666667,0.6319572829131652,6
0.24285714285714285,0.25,0.24642857142857144,0.0,0.26071428571428573,6
0.0,0.8482879439401178,0.014285714285714285,0.014285714285714285,0.1231406274884536,6
0.21428571428571427,0.04285714285714286,0.014285714285714285,0.0,0.7285714285714285,6
0.03809523809523809,0.019047619047619046,0.0,0.0,0.9428571428571428,6
0.0,0.08571428571428572,0.0,0.0,0.9142857142857143,6
0.02857142857142857,0.1,0.0,0.0,0.8714285714285714,6
0.0,0.05714285714285714,0.0,0.0,0.9428571428571428,6
0.1,0.12857142857142856,0.0,0.0,0.7714285714285715,6
0.02857142857142857,0.0,0.0,0.0,0.9714285714285714,6
0.14285714285714285,0.0,0.0,0.0,0.8571428571428571,6
0.014285714285714285,0.14795918367346939,0.07857142857142857,0.0,0.7591836734693876,6
0.15766233766233764,0.24285714285714285,0.0,0.0,0.5994805194805195,6
0.02857142857142857,0.04285714285714286,0.0,0.0,0.9285714285714286,6
0.06977225672877846,0.016770186335403725,0.0,0.0,0.9134575569358179,6
0.6817744667674541,0.15569297462705597,0.0,0.014746543778801843,0.14778601482668804,6
0.015714285714285715,0.058571428571428566,0.0,0.0,0.9257142857142857,6
0.016326530612244896,0.1959183673469388,0.015306122448979591,0.0,0.7724489795918367,6
0.10678249150357436,0.49974774405250205,0.0181266846361186,0.08735067776085004,0.287992402046955,6
0.10259740259740259,0.44679932970255554,0.06142857142857142,0.07272727272727272,0.3164474235441977,6
0.02857142857142857,0.0,0.0,0.07142857142857142,0.9,6
0.42738095238095236,0.20714285714285716,0.0,0.0,0.3654761904761905,6
0.014285714285714285,0.014285714285714285,0.0,0.0,0.9714285714285714,6
0.0,0.07142857142857142,0.0,0.0,0.9285714285714286,6
0.07278911564625849,0.004081632653061224,0.0,0.0,0.9231292517006803,6
0.11428571428571428,0.014285714285714285,0.0,0.0,0.8714285714285714,6
0.4915490306794654,0.37826086956521743,0.0,0.059683794466403164,0.07050630528891398,6
0.0,0.1,0.0,0.0,0.9,6
0.04285714285714286,0.0,0.0,0.0,0.9571428571428572,6
0.014285714285714285,0.05714285714285714,0.0,0.0,0.9285714285714286,6
0.44058596682820284,0.24459593201829227,0.0,0.04285714285714286,0.271960958296362,6
0.11428571428571428,0.5397794980060989,0.05877551020408163,0.02857142857142857,0.2585878489326765,6
0.23433895297249333,0.5358473824312333,0.0,0.02857142857142857,0.20124223602484473,6
0.08571428571428572,0.014285714285714285,0.0,0.0,0.9,6
0.05,0.1357142857142857,0.0,0.0,0.8142857142857143,6
0.0,0.1,0.0,0.0,0.9,6
0.014285714285714285,0.1333333333333333,0.0,0.0,0.8523809523809524,6
0.06428571428571428,0.15833333333333333,0.19523809523809524,0.0,0.5821428571428572,6
0.017316017316017316,0.05844155844155844,0.10086580086580087,0.0004329004329004329,0.822943722943723,6
0.12186335403726709,0.09130434782608696,0.05714285714285714,0.0006211180124223603,0.7290683229813665,6
0.1238095238095238,0.21428571428571427,0.0,0.030952380952380957,0.630952380952381,6
0.031632653061224494,0.7121336996336995,0.07040816326530612,0.0,0.18582548403976976,6
0.1126984126984127,0.030612244897959183,0.0,0.0,0.8566893424036282,6
0.014285714285714285,0.02857142857142857,0.0,0.0,0.9571428571428572,6
0.3608695652173913,0.25217391304347825,0.0,0.02857142857142857,0.3583850931677019,6
0.2166268514094601,0.6810320114667942,0.0,0.05838509316770187,0.04395604395604395,6
0.12445887445887445,0.07272727272727272,0.01515151515151515,0.0004329004329004329,0.7872294372294373,6
0.04285714285714286,0.0,0.0,0.0,0.9571428571428572,6
0.14573829531812724,0.4087098475753938,0.014285714285714285,0.0,0.4312661428207647,6
0.26948623703340685,0.23899534427836316,0.014555256064690027,0.014824797843665768,0.46213836477987424,6
0.12857142857142856,0.010204081632653062,0.0,0.0,0.8612244897959184,6
0.17857142857142858,0.664111295241122,0.03095238095238095,0.014285714285714285,0.11207918094935415,6
0.0,0.17142857142857143,0.0,0.0,0.8285714285714286,6
0.5174837662337661,0.18864795918367347,0.0,0.014285714285714285,0.279582560296846,6
0.04285714285714286,0.11421768707482993,0.0,0.0004761904761904762,0.8424489795918367,6
0.0,0.002040816326530612,0.0,0.0,0.9979591836734695,6
0.13116883116883116,0.5408186911128087,0.03288515406162466,0.014285714285714285,0.28084160937102115,6
0.5816770186335404,0.1953416149068323,0.0,0.0,0.22298136645962735,6
0.026984126984126982,0.12714285714285714,0.0014285714285714286,0.0,0.8444444444444444,6
0.019047619047619046,0.04285714285714286,0.0,0.0,0.938095238095238,6
0.09285714285714286,0.5786332714904143,0.04285714285714286,0.0012987012987012987,0.28435374149659864,6
0.0,0.18571428571428572,0.0,0.0,0.8142857142857143,6
0.703030303030303,0.11558441558441557,0.0008658008658008658,0.014718614718614718,0.16580086580086578,6
0.0,0.022222222222222223,0.0,0.0,0.9777777777777777,6
0.4599786612758311,0.2827886343216532,0.0002695417789757412,0.014824797843665768,0.24213836477987424,6
0.014285714285714285,0.1,0.0,0.0,0.8857142857142857,6
0.27597049689440994,0.31154244306418216,0.08065476190476191,0.029192546583850936,0.30263975155279504,6
0.21468253968253967,0.38680897646414886,0.09642857142857143,0.0,0.30207991242474,6
0.02857142857142857,0.14285714285714285,0.014285714285714285,0.0,0.8142857142857143,6
0.28783549783549783,0.5568109668109669,0.0008658008658008658,0.0004329004329004329,0.15405483405483403,6
0.014285714285714285,0.07047619047619048,0.0,0.005714285714285714,0.9095238095238095,6
0.5408603896103896,0.1315051020408163,0.0,0.02857142857142857,0.2990630797773655,6
0.15714285714285714,0.02857142857142857,0.0,0.02857142857142857,0.7857142857142857,6
0.03809523809523809,0.019047619047619046,0.0,0.0,0.9428571428571428,6
0.11428571428571428,0.15714285714285714,0.014285714285714285,0.0,0.7142857142857143,6
0.005442176870748299,0.1789579468150897,0.0025510204081632655,0.0,0.8130488559059987,6
0.014285714285714285,0.05714285714285714,0.0,0.014285714285714285,0.9142857142857143,6
0.0,0.04285714285714286,0.0,0.0,0.9571428571428572,6
0.2892857142857143,0.04642857142857143,0.014285714285714285,0.014285714285714285,0.6357142857142857,6
0.09047619047619047,0.02857142857142857,0.0,0.0,0.8809523809523809,6
0.13160173160173158,0.015584415584415583,0.0008658008658008658,0.0004329004329004329,0.8515151515151516,6
0.20234126984126985,0.24327380952380956,0.08970238095238095,0.014285714285714285,0.4503968253968254,6
0.017910784867306608,0.011668145519077197,0.0,0.0,0.9704210696136162,6
0.14285714285714285,0.0,0.0,0.014285714285714285,0.8428571428571429,6
0.03142857142857143,0.12147465437788019,0.0,0.0,0.8470967741935483,6
0.31758241758241756,0.410989010989011,0.014285714285714285,0.04285714285714286,0.21428571428571427,6
0.04047619047619048,0.08095238095238096,0.0,0.0023809523809523807,0.8761904761904762,6
0.22857142857142856,0.014285714285714285,0.014285714285714285,0.0,0.7428571428571429,6
0.04285714285714286,0.02857142857142857,0.0,0.0,0.9285714285714286,6
0.31607142857142856,0.3668452380952381,0.001845238095238095,0.04285714285714286,0.2723809523809524,6
0.18571428571428572,0.4553479853479853,0.04428571428571429,0.014285714285714285,0.30036630036630035,6
0.04285714285714286,0.0,0.0,0.014285714285714285,0.9428571428571428,6
0.0,0.2177551020408163,0.0014285714285714286,0.002857142857142857,0.7779591836734694,6
0.0,0.13428571428571429,0.0,0.0,0.8657142857142858,6
0.0,0.2714285714285714,0.0,0.0,0.7285714285714285,6
0.014285714285714285,0.08571428571428572,0.0,0.0,0.9,6
0.02857142857142857,0.014285714285714285,0.0,0.0,0.9571428571428572,6
0.2571428571428571,0.2564285714285714,0.0,0.0,0.4864285714285714,6
0.3010473754719279,0.5211180124223602,0.0,0.015527950310559006,0.16230666179515285,6
0.0,0.3142857142857143,0.02857142857142857,0.0,0.6571428571428571,6
0.014285714285714285,0.04285714285714286,0.0,0.0,0.9428571428571428,6
0.2138211382113821,0.42609368950832366,0.0,0.014982578397212544,0.3451025938830817,7
0.02857142857142857,0.014285714285714285,0.0,0.02857142857142857,0.9285714285714286,7
0.35714285714285715,0.05714285714285714,0.0,0.0,0.5857142857142857,7
0.014285714285714285,0.052142857142857144,0.005714285714285714,0.0,0.9278571428571429,7
0.04285714285714286,0.12295918367346939,0.014285714285714285,0.014285714285714285,0.8056122448979591,7
0.014285714285714285,0.1,0.014285714285714285,0.0,0.8714285714285714,7
0.3662331002331003,0.39169119769119765,0.0,0.014285714285714285,0.2277899877899878,7
0.02857142857142857,0.19285714285714287,0.0,0.0,0.7785714285714286,7
0.20953542392566785,0.06260162601626015,0.0,0.0018873403019744482,0.7259756097560975,7
0.02129032258064516,0.08746543778801842,0.0,0.0004608294930875576,0.8907834101382489,7
0.302710027100271,0.36418892760356175,0.0,0.04355400696864112,0.2895470383275261,7
0.058791208791208784,0.6173826173826173,0.06558441558441558,0.0,0.2582417582417582,7
0.10741496598639455,0.029251700680272108,0.0,0.0,0.8633333333333334,7
0.04285714285714286,0.6847041847041848,0.014285714285714285,0.0,0.2581529581529582,7
0.22183673469387755,0.3341751700680272,0.014285714285714285,0.04375,0.38595238095238094,7
0.3965986394557823,0.2,0.014285714285714285,0.0,0.38911564625850337,7
0.0,0.04285714285714286,0.0,0.0,0.9571428571428572,7
0.09392987964416537,0.5485882429895034,0.015646258503401362,0.0013605442176870747,0.34047507464524274,7
0.04206349206349206,0.02349206349206349,0.0,0.0,0.9344444444444443,7
0.14285714285714285,0.02857142857142857,0.0,0.08571428571428572,0.7428571428571429,7
0.1625,0.2857142857142857,0.0,0.014285714285714285,0.5375,7
0.014285714285714285,0.5735119047619048,0.02857142857142857,0.0,0.38363095238095235,7
0.27714285714285714,0.24231292517006803,0.3295238095238095,0.002040816326530612,0.1489795918367347,7
0.02040816326530612,0.4982579118603964,0.2152469683525584,0.0,0.26608695652173914,7
0.0033730158730158727,0.10634920634920635,0.0,0.0,0.8902777777777777,7
0.08571428571428572,0.05714285714285714,0.014285714285714285,0.0,0.8428571428571429,7
0.41699134199134197,0.07943722943722943,0.0,0.0,0.5035714285714286,7
0.08312925170068027,0.6725850340136055,0.014285714285714285,0.0,0.23,7
0.02857142857142857,0.05714285714285714,0.0,0.014285714285714285,0.9,7
0.12142857142857143,0.5748214285714285,0.0,0.01660714285714286,0.28714285714285714,7
0.42857142857142855,0.24285714285714285,0.0,0.0,0.32857142857142857,7
0.014285714285714285,0.05714285714285714,0.0,0.0,0.9285714285714286,7
0.34723497075564946,0.4846337967440831,0.0,0.01752351572075856,0.15060771677950893,7
0.05714285714285714,0.6142857142857143,0.05714285714285714,0.0,0.2714285714285714,7
0.04285714285714286,0.05714285714285714,0.0,0.0,0.9,7
0.07142857142857142,0.014285714285714285,0.0,0.0,0.9142857142857143,7
0.19523809523809524,0.47748917748917746,0.0,0.05714285714285714,0.27012987012987016,7
0.1,0.0,0.0,0.014285714285714285,0.8857142857142857,7
0.04285714285714286,0.07142857142857142,0.014285714285714285,0.0,0.8714285714285714,7
0.2857142857142857,0.05714285714285714,0.0,0.0,0.6571428571428571,7
0.09285714285714286,0.10714285714285714,0.0,0.0,0.8,7
0.15311355311355312,0.07978021978021978,0.02857142857142857,0.0,0.7385347985347986,7
0.15214285714285714,0.5614285714285714,0.0,0.02857142857142857,0.25785714285714284,7
0.07312925170068027,0.0006802721088435374,0.0,0.0,0.9261904761904763,7
0.03248299319727892,0.6117085295656723,0.01674515960230246,0.05081109366823653,0.2882522239665097,7
0.04970238095238095,0.32723639455782316,0.0,0.0,0.623061224489796,7
0.18571428571428572,0.49164365746298516,0.02857142857142857,0.02857142857142857,0.26549919967987196,7
0.07142857142857142,0.39965986394557823,0.02857142857142857,0.030612244897959183,0.4697278911564626,7
0.11428571428571428,0.0,0.0,0.0,0.8857142857142857,7
0.0,0.173015873015873,0.0,0.0,0.8269841269841269,7
0.014285714285714285,0.05714285714285714,0.0,0.0,0.9285714285714286,7
0.04241071428571429,0.2,0.0,0.0,0.7575892857142857,7
0.23852040816326528,0.3535714285714286,0.0,0.014285714285714285,0.3936224489795918,7
0.02857142857142857,0.1,0.0,0.0,0.8714285714285714,7
0.05714285714285714,0.11071428571428571,0.0,0.0,0.8321428571428572,7
0.10285714285714286,0.017857142857142856,0.0,0.007142857142857143,0.8721428571428571,7
0.011964285714285714,0.03761904761904762,0.0,0.0,0.9504166666666667,7
0.04285714285714286,0.3777562111801242,0.14347826086956522,0.0,0.4359083850931677,7
0.06238095238095239,0.21124084249084252,0.001098901098901099,0.006593406593406593,0.7186858974358974,7
0.10449062671045431,0.005035577449370552,0.0,0.0,0.8904737958401753,7
0.0,0.014285714285714285,0.0,0.0,0.9857142857142858,7
0.4826290970933828,0.3026835069692213,0.0,0.02857142857142857,0.18611596736596736,7
0.14285714285714285,0.04285714285714286,0.0014285714285714286,0.014285714285714285,0.7985714285714286,7
0.1,0.04285714285714286,0.0,0.0,0.8571428571428571,7
0.014285714285714285,0.14285714285714285,0.02857142857142857,0.0,0.8142857142857143,7
0.04285714285714286,0.0,0.0,0.0,0.9571428571428572,7
0.21428571428571427,0.3742857142857143,0.15857142857142856,0.02857142857142857,0.22428571428571428,7
0.20821559392987965,0.34495028780743064,0.08231292517006802,0.0013605442176870747,0.36316064887493454,7
0.005714285714285714,0.13095238095238093,0.0,0.014285714285714285,0.849047619047619,7
0.014285714285714285,0.10714285714285714,0.0,0.0,0.8785714285714286,7
0.06593406593406592,0.49265351625600073,0.06014492753623189,0.0,0.38126749027370144,7
0.02857142857142857,0.3,0.0,0.0,0.6714285714285714,7
0.40625,0.12357142857142858,0.014285714285714285,0.014285714285714285,0.44160714285714286,7
0.046031746031746035,0.497718253968254,0.02857142857142857,0.0,0.4276785714285714,7
0.0023809523809523807,0.20952380952380953,0.014285714285714285,0.0,0.7738095238095237,7
0.1,0.13298319327731092,0.14285714285714285,0.0,0.6241596638655462,7
0.37142857142857144,0.3680272108843537,0.19523809523809524,0.016326530612244896,0.04897959183673469,7
0.014965986394557824,0.0,0.0,0.0,0.9850340136054422,7
0.016964285714285713,0.0,0.0,0.0,0.9830357142857142,7
0.14285714285714285,0.21614906832298136,0.022049689440993787,0.0,0.6189440993788821,7
0.2761904761904762,0.0,0.0,0.0,0.7238095238095239,7
0.1369047619047619,0.2392857142857143,0.12857142857142856,0.0,0.4952380952380953,7
0.003349753694581281,0.048686371100164196,0.006122448979591836,0.0,0.9418414262256627,7
0.05714285714285714,0.02857142857142857,0.0,0.0,0.9142857142857143,7
0.4416012558869702,0.26303854875283444,0.0,0.03015873015873016,0.26520146520146515,7
0.006696428571428571,0.014285714285714285,0.0,0.0,0.9790178571428572,7
0.0,0.07142857142857142,0.0,0.0,0.9285714285714286,7
0.0,0.0,0.0,0.0,1.0,7
0.017142857142857144,0.014285714285714285,0.0,0.0,0.9685714285714285,7
0.3088090801538006,0.39996532091097303,0.0,0.0012422360248447205,0.28998336291038157,7
0.014285714285714285,0.14285714285714285,0.0,0.0,0.8428571428571429,7
0.35259740259740263,0.25156926406926405,0.0,0.02857142857142857,0.36726190476190473,7
0.014285714285714285,0.08571428571428572,0.0,0.0,0.9,7
0.0,0.030612244897959183,0.0,0.0,0.9693877551020409,7
0.15853174603174602,0.5165532879818594,0.0015873015873015873,0.0,0.32332766439909294,7
0.029761904761904757,0.5011904761904762,0.03333333333333333,0.0,0.4357142857142858,7
0.030952380952380957,0.02857142857142857,0.0,0.0011904761904761904,0.9392857142857143,7
0.01746031746031746,0.08888888888888889,0.0,0.0,0.8936507936507937,7
0.07476190476190477,0.06904761904761904,0.0,0.0,0.8561904761904763,7
0.05714285714285714,0.0023809523809523807,0.0,0.0,0.9404761904761906,7
0.0,0.02857142857142857,0.0,0.0,0.9714285714285714,7
0.014285714285714285,0.0,0.0,0.0,0.9857142857142858,7
0.12857142857142856,0.04897959183673469,0.0,0.0,0.8224489795918367,7
0.02857142857142857,0.04285714285714286,0.0,0.0,0.9285714285714286,7
0.34285714285714286,0.14285714285714285,0.1,0.0,0.4142857142857143,7
0.04285714285714286,0.0,0.0,0.0,0.9571428571428572,7
0.32244897959183677,0.2571428571428571,0.0,0.02857142857142857,0.39183673469387753,7
0.019642857142857142,0.0875,0.0,0.0,0.8928571428571429,7
0.05714285714285714,0.05714285714285714,0.014285714285714285,0.0,0.8714285714285714,7
0.029464285714285714,0.2435515873015873,0.0,0.0,0.726984126984127,7
0.019047619047619046,0.014285714285714285,0.014285714285714285,0.0,0.9523809523809522,7
0.02857142857142857,0.8344155844155844,0.02987012987012987,0.014285714285714285,0.09285714285714286,7
0.2,0.49982993197278913,0.07142857142857142,0.014285714285714285,0.21445578231292517,7
0.04285714285714286,0.0,0.0,0.0,0.9571428571428572,7
0.014285714285714285,0.04285714285714286,0.16904761904761903,0.05714285714285714,0.7166666666666668,7
0.27564625850340135,0.18047619047619046,0.0,0.0,0.5438775510204082,7
0.02857142857142857,0.10158730158730159,0.0,0.014285714285714285,0.8555555555555555,7
0.014285714285714285,0.1,0.18571428571428572,0.0,0.7,7
0.6064413265306123,0.19413265306122449,0.02142857142857143,0.014285714285714285,0.16371173469387754,7
0.0,0.02857142857142857,0.0,0.05357142857142857,0.9178571428571428,7
0.0,0.02857142857142857,0.0,0.08214285714285714,0.8892857142857142,7
0.2767857142857143,0.3,0.014285714285714285,0.0,0.4089285714285714,7
0.08169642857142857,0.014285714285714285,0.0,0.0,0.9040178571428571,7
0.0,0.1,0.0,0.014285714285714285,0.8857142857142857,7
0.014285714285714285,0.017857142857142856,0.0,0.0,0.9678571428571429,7
0.02857142857142857,0.4476190476190476,0.01507936507936508,0.014285714285714285,0.49444444444444446,7
0.014285714285714285,0.2571428571428571,0.0,0.0,0.7285714285714285,7
0.014285714285714285,0.08571428571428572,0.14761904761904762,0.0,0.7523809523809525,7
0.12857142857142856,0.23469387755102045,0.08571428571428572,0.23061224489795917,0.3204081632653061,7
0.07142857142857142,0.014285714285714285,0.0,0.0,0.9142857142857143,7
0.12166666666666666,0.6107142857142858,0.12857142857142856,0.0,0.13904761904761906,7
0.3074829931972789,0.3218197278911565,0.02993197278911565,0.02993197278911565,0.31083333333333335,7
0.6926984126984128,0.2073015873015873,0.0,0.014285714285714285,0.08571428571428572,7
0.0,0.18571428571428572,0.0,0.0,0.8142857142857143,7
0.10619047619047618,0.014285714285714285,0.0,0.0,0.8795238095238095,7
0.24499999999999997,0.26857142857142857,0.11428571428571428,0.014285714285714285,0.3578571428571429,7
0.09450460829493088,0.03889400921658986,0.0,0.0076036866359447,0.8589976958525346,7
0.04285714285714286,0.17142857142857143,0.014285714285714285,0.0,0.7714285714285715,7
0.04285714285714286,0.0,0.0,0.0,0.9571428571428572,8
0.41619047619047617,0.2092857142857143,0.0,0.0,0.37452380952380954,8
0.07142857142857142,0.02142857142857143,0.0,0.0,0.9071428571428571,8
0.014285714285714285,0.08571428571428572,0.0,0.0,0.9,8
0.06734693877551019,0.015306122448979591,0.0,0.005782312925170068,0.9115646258503401,8
0.0,0.18928571428571428,0.0,0.0,0.8107142857142857,8
0.15798319327731092,0.3615546218487395,0.039285714285714285,0.02857142857142857,0.41260504201680676,8
0.08571428571428572,0.5571428571428572,0.0,0.1,0.2571428571428571,8
0.4757596371882085,0.21317460317460316,0.014285714285714285,0.014285714285714285,0.2824943310657596,8
0.0,0.21292517006802722,0.0,0.0,0.7870748299319729,8
0.02857142857142857,0.0,0.0,0.0,0.9714285714285714,8
0.05714285714285714,0.04285714285714286,0.02,0.0,0.88,8
0.016666666666666666,0.22959183673469385,0.0,0.001020408163265306,0.7527210884353742,8
0.033333333333333326,0.0,0.0,0.0,0.9666666666666666,8
0.2042857142857143,0.5521428571428572,0.0,0.0,0.24357142857142858,8
0.20216450216450219,0.4753246753246753,0.0,0.0,0.3225108225108225,8
0.11428571428571428,0.014285714285714285,0.0,0.0,0.8714285714285714,8
0.02619047619047619,0.4299319727891157,0.2119047619047619,0.014285714285714285,0.31768707482993197,8
0.2,0.573469387755102,0.0,0.0,0.22653061224489796,8
0.30119047619047623,0.38113553113553117,0.0011904761904761904,0.014285714285714285,0.3021978021978022,8
0.04285714285714286,0.32571428571428573,0.02857142857142857,0.0,0.6028571428571429,8
0.02857142857142857,0.08571428571428572,0.0,0.0,0.8857142857142857,8
0.05714285714285714,0.023214285714285715,0.0,0.014285714285714285,0.9053571428571429,8
0.06785714285714285,0.04285714285714286,0.0,0.014285714285714285,0.875,8
0.25918367346938775,0.43469387755102046,0.0,0.061224489795918366,0.24489795918367346,8
0.04285714285714286,0.07142857142857142,0.0,0.0,0.8857142857142857,8
0.1435374149659864,0.33303571428571427,0.01836734693877551,0.04375,0.4613095238095238,8
0.014285714285714285,0.15731292517006804,0.014285714285714285,0.0,0.8141156462585034,8
0.19714285714285715,0.3171428571428571,0.0,0.07142857142857142,0.4142857142857143,8
0.409525641025641,0.15195970695970695,0.0,0.046483516483516486,0.3920311355311355,8
0.5383116883116884,0.24285714285714285,0.0,0.0,0.21883116883116882,8
0.05714285714285714,0.5305271199388847,0.0612987012987013,0.02857142857142857,0.32245989304812833,8
0.028888888888888888,0.14888888888888893,0.0004761904761904762,0.0,0.8217460317460317,8
0.0035714285714285713,0.0,0.09285714285714286,0.0,0.9035714285714286,8
0.0,0.14464285714285716,0.0,0.0,0.8553571428571428,8
0.26080276705276706,0.43564993564993565,0.0,0.014285714285714285,0.289261583011583,8
0.16142857142857145,0.19201298701298702,0.0,0.0,0.6465584415584416,8
0.18165584415584415,0.7147727272727272,0.014285714285714285,0.04285714285714286,0.04642857142857143,8
0.004047619047619047,0.015714285714285715,0.0014285714285714286,0.0,0.9788095238095238,8
0.014285714285714285,0.21428571428571427,0.0,0.0,0.7714285714285715,8
0.06696278511404562,0.3970308123249299,0.07619047619047618,0.0,0.45981592637054813,8
0.019642857142857142,0.2936224489795919,0.014285714285714285,0.0,0.6724489795918367,8
0.0,0.08571428571428572,0.0,0.014285714285714285,0.9,8
0.11285714285714286,0.5014285714285714,0.014285714285714285,0.016666666666666666,0.3547619047619047,8
0.05714285714285714,0.04285714285714286,0.07142857142857142,0.0,0.8285714285714286,8
0.08571428571428572,0.35714285714285715,0.0,0.0,0.5571428571428572,8
0.10502164502164502,0.5108008658008658,0.2892857142857143,0.0,0.09489177489177489,8
0.18,0.4077976190476191,0.011904761904761904,0.07232142857142858,0.3279761904761905,8
0.1916161616161616,0.4804116798234446,0.02987012987012987,0.04285714285714286,0.2552448858331211,8
0.0,0.0,0.0,0.0,1.0,8
0.0,0.029670329670329666,0.0,0.0,0.9703296703296703,8
0.014285714285714285,0.0,0.0,0.0,0.9857142857142858,8
0.02857142857142857,0.07142857142857142,0.014285714285714285,0.0,0.8857142857142857,8
0.014285714285714285,0.8133928571428571,0.08571428571428572,0.0,0.08660714285714285,8
0.3,0.4142857142857143,0.0,0.02857142857142857,0.2571428571428571,8
0.029761904761904764,0.5285714285714286,0.02857142857142857,0.0,0.4130952380952381,8
0.09319727891156462,0.33915584415584416,0.0,0.0,0.5676468769325912,8
0.017857142857142856,0.14442279942279942,0.0,0.0,0.8377200577200578,8
0.016553287981859413,0.0,0.0,0.0,0.9834467120181405,8
0.10216450216450217,0.3451205936920223,0.014285714285714285,0.0,0.5384291898577613,8
0.0,0.02857142857142857,0.0,0.0,0.9714285714285714,8
0.2571428571428571,0.19857142857142857,0.0,0.0,0.5442857142857143,8
0.09857142857142857,0.5442857142857143,0.014285714285714285,0.016666666666666666,0.3261904761904762,8
0.02857142857142857,0.738297481154624,0.04285714285714286,0.014285714285714285,0.17598823313109024,8
0.3905513784461153,0.1971356963838167,0.0,0.01673469387755102,0.395578231292517,8
0.014285714285714285,0.04285714285714286,0.0,0.0,0.9428571428571428,8
0.0,0.25396825396825395,0.0,0.014285714285714285,0.7317460317460317,8
0.0,0.07142857142857142,0.0,0.014285714285714285,0.9142857142857143,8
0.08603174603174603,0.004365079365079364,0.0,0.0,0.9096031746031746,8
0.014285714285714285,0.17142857142857143,0.0,0.0,0.8142857142857143,8
0.10476190476190476,0.7047619047619047,0.04761904761904762,0.02857142857142857,0.11428571428571428,8
0.11989795918367346,0.6553126963316039,0.014285714285714285,0.0008928571428571428,0.2096107730561512,8
0.4830357142857143,0.19166666666666668,0.0,0.014285714285714285,0.31101190476190477,8
0.18857142857142856,0.00907268170426065,0.0019047619047619048,0.0,0.8004511278195489,8
0.04285714285714286,0.08571428571428572,0.0,0.02857142857142857,0.8428571428571429,8
0.34285714285714286,0.3142857142857143,0.019047619047619046,0.014285714285714285,0.30952380952380953,8
0.08571428571428572,0.4523809523809524,0.0,0.02857142857142857,0.4333333333333333,8
0.08571428571428572,0.5663265306122448,0.0,0.0,0.3479591836734694,8
0.08571428571428572,0.05714285714285714,0.0,0.0,0.8571428571428571,8
0.0,0.2538095238095238,0.0033333333333333335,0.0035714285714285713,0.7392857142857143,8
0.02895752895752896,0.002316602316602317,0.0,0.0,0.9687258687258686,8
0.05714285714285714,0.08571428571428572,0.0,0.0,0.8571428571428571,8
0.0461003861003861,0.002316602316602317,0.0,0.0,0.9515830115830117,8
0.05714285714285714,0.014285714285714285,0.0,0.014285714285714285,0.9142857142857143,8
0.24358974358974353,0.20606060606060606,0.0,0.04285714285714286,0.5074925074925074,8
0.0008403361344537815,0.015126050420168067,0.0,0.0035714285714285713,0.9804621848739495,8
0.023979591836734693,0.06214285714285714,0.07428571428571429,0.0,0.8395918367346938,8
0.0012987012987012987,0.05714285714285714,0.0,0.04761904761904762,0.8939393939393939,8
0.014285714285714285,0.21428571428571427,0.0,0.0,0.7714285714285715,8
0.2586466165413534,0.34135338345864663,0.0,0.07142857142857142,0.32857142857142857,8
0.21428571428571427,0.2857142857142857,0.0,0.04285714285714286,0.45714285714285713,8
0.011904761904761906,0.07285714285714286,0.014285714285714285,0.0,0.900952380952381,8
0.07210884353741497,0.04285714285714286,0.0,0.0,0.8850340136054421,8
0.014285714285714285,0.0,0.0,0.0,0.9857142857142858,8
0.35600414078674947,0.26977225672877847,0.0,0.07142857142857142,0.3027950310559006,8
0.060559881847475835,0.6486663086287147,0.0011904761904761904,0.0,0.2895833333333333,8
0.12857142857142856,0.0,0.0,0.0,0.8714285714285714,8
0.22283549783549786,0.33106060606060606,0.0,0.0,0.4461038961038961,8
0.014285714285714285,0.06530612244897958,0.0,0.014285714285714285,0.9061224489795918,8
0.2582417582417582,0.18351648351648353,0.0,0.02857142857142857,0.5296703296703297,8
0.02857142857142857,0.11428571428571428,0.0,0.0,0.8571428571428571,8
0.007142857142857143,0.12857142857142856,0.0,0.0014285714285714286,0.8628571428571429,8
0.5028571428571429,0.11309523809523808,0.0,0.014285714285714285,0.36976190476190474,8
0.3735930735930736,0.30865800865800863,0.21428571428571427,0.0,0.10346320346320347,8
0.11428571428571428,0.014285714285714285,0.0,0.0,0.8714285714285714,8
0.02857142857142857,0.636843566255331,0.06031746031746032,0.014285714285714285,0.25998183057006585,8
0.07142857142857142,0.21861111111111112,0.08460317460317461,0.0,0.6253571428571428,8
0.0,0.014285714285714285,0.0,0.0,0.9857142857142858,8
0.05998763141620284,0.05222943722943722,0.0,0.0,0.8877829313543599,8
0.05,0.0510204081632653,0.0,0.0024489795918367346,0.896530612244898,8
0.041388888888888885,0.15923520923520926,0.0,0.0023809523809523807,0.7969949494949494,8
0.2905848318348318,0.5163519813519813,0.0,0.014285714285714285,0.17877747252747253,8
0.044416839199447895,0.036348220447599326,0.0,0.029591836734693875,0.8896431036182589,8
0.0,0.04285714285714286,0.0,0.0,0.9571428571428572,8
0.0,0.03809523809523809,0.0,0.0035714285714285713,0.9583333333333335,8
0.25746031746031744,0.2607936507936508,0.0,0.02857142857142857,0.4531746031746032,8
0.31589481946624803,0.290149136577708,0.0,0.08571428571428572,0.30824175824175826,8
0.014965986394557824,0.1,0.0,0.0,0.8850340136054421,8
0.4512789575289575,0.10707850707850709,0.0,0.014285714285714285,0.4273568211068211,8
0.19591836734693877,0.08571428571428572,0.03265306122448979,0.04285714285714286,0.6428571428571429,8
0.26450742240215924,0.548679390784654,0.0,0.014285714285714285,0.17252747252747253,8
0.014285714285714285,0.11428571428571428,0.0,0.02857142857142857,0.8428571428571429,8
0.35714285714285715,0.2714285714285714,0.0,0.02857142857142857,0.34285714285714286,8
0.02857142857142857,0.18571428571428572,0.0,0.0,0.7857142857142857,8
0.020408163265306124,0.025238095238095237,0.11761904761904764,0.0,0.836734693877551,8
0.32857142857142857,0.36458333333333337,0.033333333333333326,0.014285714285714285,0.25922619047619044,8
0.014285714285714285,0.07142857142857142,0.0,0.0,0.9142857142857143,8
0.05714285714285714,0.6845559845559845,0.02857142857142857,0.0,0.22972972972972971,8
0.30833333333333335,0.47738095238095246,0.0,0.02857142857142857,0.18571428571428572,8
0.05885714285714286,0.014285714285714285,0.0,0.0,0.9268571428571428,8
0.0,0.12857142857142856,0.0,0.0,0.8714285714285714,8
0.2,0.014285714285714285,0.0,0.02857142857142857,0.7571428571428571,8
0.04285714285714286,0.0,0.0,0.0,0.9571428571428572,8
0.02857142857142857,0.5023809523809524,0.0,0.0,0.469047619047619,8
0.14285714285714285,0.15238095238095237,0.0,0.014285714285714285,0.6904761904761905,8
0.0035714285714285713,0.21928571428571428,0.017142857142857144,0.0035714285714285713,0.7564285714285715,8
0.14047619047619048,0.4020833333333333,0.21428571428571427,0.0,0.24315476190476193,8
0.18238095238095237,0.5623129251700681,0.02857142857142857,0.014285714285714285,0.21244897959183673,8
0.014285714285714285,0.04285714285714286,0.0,0.0,0.9428571428571428,9
0.5829195314489433,0.18823529411764706,0.0,0.04285714285714286,0.18598803157626687,9
0.22857142857142856,0.14285714285714285,0.0,0.0,0.6285714285714286,9
0.11428571428571428,0.410989010989011,0.0,0.014285714285714285,0.46043956043956036,9
0.43809523809523804,0.3,0.0,0.08571428571428572,0.17619047619047618,9
0.0007142857142857143,0.13346938775510206,0.0014285714285714286,0.0,0.8643877551020408,9
0.003061224489795918,0.1,0.0,0.002040816326530612,0.8948979591836734,9
0.14725274725274723,0.05934065934065933,0.0,0.14285714285714285,0.6505494505494506,9
0.02,0.19142857142857142,0.0,0.0,0.7885714285714286,9
0.13714285714285715,0.05142857142857143,0.0,0.0,0.8114285714285714,9
0.34229691876750695,0.2675324675324675,0.20129870129870128,0.0012987012987012987,0.18757321110262284,9
0.0,0.1361904761904762,0.014285714285714285,0.0,0.8495238095238096,9
0.5639285714285714,0.2710714285714286,0.04523809523809524,0.0,0.11976190476190475,9
0.04285714285714286,0.5359451659451658,0.015584415584415583,0.0012987012987012987,0.4043145743145743,9
0.41452380952380957,0.27119047619047615,0.014285714285714285,0.02857142857142857,0.2714285714285714,9
0.015966386554621848,0.1911484593837535,0.23025210084033612,0.001680672268907563,0.560952380952381,9
0.2887111601397316,0.5105166390880677,0.0,0.0003861003861003861,0.2003861003861004,9
0.3767507002801121,0.1834733893557423,0.0,0.0,0.43977591036414565,9
0.0,0.02857142857142857,0.0,0.0,0.9714285714285714,9
0.16946248196248195,0.007142857142857143,0.0,0.0,0.8233946608946608,9
0.0,0.09007936507936508,0.014285714285714285,0.0,0.8956349206349206,9
0.02,0.557142857142857,0.35714285714285715,0.022857142857142857,0.04285714285714286,9
0.03404761904761905,0.0004761904761904762,0.0,0.0,0.9654761904761906,9
0.0,0.014285714285714285,0.0,0.0,0.9857142857142858,9
0.0,0.1,0.0,0.0,0.9,9
0.20598290598290597,0.08076923076923076,0.0,0.0007936507936507937,0.7124542124542125,9
0.11972194472194472,0.03296703296703296,0.0,0.0,0.8473110223110223,9
0.17142857142857143,0.5,0.0,0.0,0.32857142857142857,9
0.08571428571428572,0.0865079365079365,0.04285714285714286,0.0,0.7849206349206349,9
0.44166666666666665,0.20119047619047617,0.07142857142857142,0.0,0.2857142857142857,9
0.0,0.05714285714285714,0.0,0.0,0.9428571428571428,9
0.02857142857142857,0.010714285714285714,0.0,0.0,0.9607142857142857,9
0.0,0.0,0.0,0.0,1.0,9
0.07142857142857142,0.613095238095238,0.0,0.05714285714285714,0.2583333333333333,9
0.25166666666666665,0.03293650793650793,0.0,0.01507936507936508,0.7003174603174602,9
0.0,0.22142857142857142,0.014285714285714285,0.0,0.7642857142857142,9
0.0,0.02857142857142857,0.0,0.0,0.9714285714285714,9
0.4102504638218924,0.12891156462585035,0.0,0.014285714285714285,0.446552257266543,9
0.12014652014652015,0.10476190476190476,0.0005494505494505495,0.0,0.7745421245421245,9
0.02857142857142857,0.7803571428571429,0.04285714285714286,0.0,0.14821428571428572,9
0.029081632653061223,0.7139455782312925,0.001020408163265306,0.0,0.25595238095238093,9
0.04342857142857143,0.48914285714285705,0.04342857142857143,0.0,0.424,9
0.12465986394557821,0.6027210884353741,0.0,0.04285714285714286,0.22976190476190475,9
0.073015873015873,0.11666666666666665,0.02857142857142857,0.01746031746031746,0.7642857142857142,9
0.38571428571428573,0.35714285714285715,0.0,0.04285714285714286,0.21428571428571427,9
0.015692640692640692,0.0012698412698412696,0.0,0.0,0.9830375180375179,9
0.0015873015873015873,0.6955555555555556,0.0,0.0,0.3028571428571428,9
0.11746031746031745,0.014285714285714285,0.0,0.0,0.8682539682539683,9
0.22585034013605443,0.4646258503401361,0.0,0.0,0.3095238095238095,9
0.40095238095238095,0.3371428571428572,0.0,0.0,0.26190476190476186,9
0.02926829268292683,0.03318815331010453,0.0,0.0,0.9375435540069686,9
0.1523809523809524,0.37585034013605445,0.0,0.3595238095238095,0.11224489795918369,9
0.028885400313971743,0.3271978021978022,0.0,0.002040816326530612,0.6418759811616954,9
0.2,0.12571428571428572,0.0,0.04285714285714286,0.6314285714285713,9
0.07531849103277675,0.005782312925170068,0.0,0.0,0.9188991960420532,9
0.02857142857142857,0.0,0.0,0.0,0.9714285714285714,9
0.014285714285714285,0.07142857142857142,0.014285714285714285,0.002857142857142857,0.8971428571428571,9
0.0014069264069264068,0.0,0.0,0.0,0.9985930735930737,9
0.12857142857142856,0.10178571428571428,0.0,0.0,0.7696428571428572,9
0.014285714285714285,0.3238095238095238,0.0,0.05119047619047619,0.6107142857142858,9
0.014285714285714285,0.07142857142857142,0.0,0.0,0.9142857142857143,9
0.16,0.4067388167388168,0.14415584415584415,0.015584415584415583,0.27352092352092355,9
0.3707323488836094,0.2274548280850802,0.014285714285714285,0.04642857142857143,0.3410985373170248,9
0.23088803088803087,0.4683397683397683,0.0,0.0003861003861003861,0.3003861003861004,9
0.12337662337662338,0.04761904761904762,0.0012987012987012987,0.0,0.8277056277056277,9
0.5285714285714286,0.15714285714285714,0.0,0.0,0.3142857142857143,9
0.07142857142857142,0.619047619047619,0.10714285714285714,0.014285714285714285,0.1880952380952381,9
0.0,0.05714285714285714,0.014285714285714285,0.0,0.9285714285714286,9
0.15714285714285714,0.15714285714285714,0.05714285714285714,0.07142857142857142,0.5571428571428572,9
0.318983268983269,0.4826254826254826,0.0,0.043243243243243246,0.15514800514800514,9
0.054007936507936505,0.5603571428571429,0.04285714285714286,0.0,0.3427777777777778,9
0.1,0.6170562770562771,0.02987012987012987,0.0012987012987012987,0.25177489177489176,9
0.05714285714285714,0.0,0.0,0.0,0.9428571428571428,9
0.0005714285714285715,0.16104761904761905,0.0005714285714285715,0.0,0.8378095238095238,9
0.10532879818594104,0.4922902494331066,0.0,0.0,0.4023809523809524,9
0.05714285714285714,0.014285714285714285,0.0,0.0,0.9285714285714286,9
0.12181841967556255,0.49613029827315547,0.0,0.03095238095238095,0.3510989010989011,9
0.1,0.33688311688311684,0.02142857142857143,0.0,0.5416883116883118,9
0.38571428571428573,0.07142857142857142,0.0,0.0,0.5428571428571428,9
0.08571428571428572,0.02857142857142857,0.0,0.0,0.8857142857142857,9
0.07283549783549784,0.08571428571428572,0.0,0.0,0.8414502164502164,9
0.07373015873015873,0.6277034077034077,0.03096903096903097,0.0012987012987012987,0.26629870129870137,9
0.05918367346938775,0.0,0.0,0.0,0.9408163265306123,9
0.02997835497835498,0.02857142857142857,0.0,0.0,0.9414502164502165,9
0.02857142857142857,0.014285714285714285,0.05714285714285714,0.0,0.9,9
0.07064102564102565,0.062289377289377286,0.0,0.0,0.8670695970695971,9
0.028901992316626466,0.13181452693647816,0.0,0.0,0.8392834807468954,9
0.031746031746031744,0.0,0.0,0.0,0.9682539682539681,9
0.1,0.12857142857142856,0.02857142857142857,0.15714285714285714,0.5857142857142857,9
0.05714285714285714,0.04285714285714286,0.0,0.0,0.9,9
0.43768143621084804,0.19299719887955183,0.0,0.04285714285714286,0.32646422205245734,9
0.06275146422205245,0.0012987012987012987,0.0,0.0,0.9359498344792461,9
0.19142857142857142,0.6195604395604396,0.0,0.0,0.189010989010989,9
0.1564625850340136,0.20510204081632655,0.4034013605442177,0.02857142857142857,0.2064625850340136,9
0.30439560439560437,0.045054945054945054,0.0,0.08571428571428572,0.5648351648351648,9
0.12857142857142856,0.4163265306122449,0.014285714285714285,0.0,0.44081632653061226,9
0.21078144078144076,0.1601098901098901,0.0,0.0007936507936507937,0.6283150183150183,9
0.1183673469387755,0.19081632653061226,0.34625850340136055,0.04285714285714286,0.3017006802721089,9
0.03190476190476191,0.1719047619047619,0.0,0.02857142857142857,0.7676190476190476,9
0.08712121212121213,0.05,0.0,0.014285714285714285,0.8485930735930736,9
0.0,0.08571428571428572,0.02857142857142857,0.014285714285714285,0.8714285714285714,9
0.0175,0.17668367346938774,0.0,0.0,0.8058163265306122,9
0.014285714285714285,0.07142857142857142,0.0,0.0,0.9142857142857143,9
0.2811111111111111,0.39230158730158726,0.0,0.16587301587301587,0.16071428571428573,9
0.16540816326530614,0.002040816326530612,0.014285714285714285,0.0,0.8182653061224491,9
0.1251700680272109,0.5373174444603016,0.04285714285714286,0.04415584415584416,0.2504995004995005,9
0.018487394957983194,0.02857142857142857,0.08571428571428572,0.0,0.8672268907563024,9
0.07142857142857142,0.10666666666666667,0.0,0.0,0.821904761904762,9
0.02857142857142857,0.6425170068027212,0.04285714285714286,0.014285714285714285,0.27176870748299314,9
0.02857142857142857,0.08571428571428572,0.0,0.0,0.8857142857142857,9
0.016666666666666666,0.0,0.0,0.0,0.9833333333333333,9
0.0,0.05714285714285714,0.0,0.0,0.9428571428571428,9
0.015692640692640692,0.0,0.0,0.0,0.9843073593073594,9
0.061611008039579473,0.04415584415584416,0.0,0.002040816326530612,0.8921923314780457,9
0.014285714285714285,0.014285714285714285,0.0,0.0,0.9714285714285714,9
0.0,0.07142857142857142,0.0,0.0,0.9285714285714286,9
0.6157142857142858,0.18904761904761905,0.0,0.0,0.19523809523809527,9
0.3180952380952381,0.4961904761904762,0.0,0.0,0.18571428571428572,9
0.14285714285714285,0.5428571428571428,0.05714285714285714,0.0,0.2571428571428571,9
0.02997835497835498,0.09523809523809523,0.0,0.0,0.8747835497835497,9
0.17214285714285715,0.34175824175824177,0.10403123192596876,0.0,0.38206766917293233,9
0.14693877551020407,0.4458503401360544,0.04387755102040816,0.12285714285714285,0.2404761904761905,9
0.02857142857142857,0.08571428571428572,0.02857142857142857,0.0,0.8571428571428571,9
0.08888888888888889,0.014285714285714285,0.0,0.0,0.8968253968253969,9
0.01761904761904762,0.22904761904761903,0.0,0.0,0.7533333333333333,9
0.2595329670329671,0.05097985347985348,0.0,0.0,0.6894871794871794,9
0.21648659463785513,0.33309323729491797,0.0,0.014285714285714285,0.4361344537815126,9
0.06731086373943516,0.12193877551020409,0.051298701298701295,0.0007936507936507937,0.7586580086580087,9
0.11428571428571428,0.0875,0.0,0.0,0.7982142857142858,9
0.05060860707919531,0.02857142857142857,0.0,0.0,0.9208199643493761,9
0.10069686411149825,0.18675958188153308,0.0,0.0,0.7125435540069686,9
0.2807473382473383,0.3455800280800281,0.0,0.044541944541944545,0.3291306891306892,9
0.1,0.1984848484848485,0.0012987012987012987,0.06082251082251083,0.6393939393939393,9
0.02857142857142857,0.014285714285714285,0.0,0.0,0.9571428571428572,9
0.33384353741496603,0.3435374149659864,0.03333333333333333,0.02857142857142857,0.26071428571428573,9
0.3523393972973805,0.2127591036414566,0.0,0.05918367346938775,0.3757178255917752,9
0.12997835497835497,0.11428571428571428,0.0,0.0,0.7557359307359307,9
0.06928571428571428,0.3992857142857143,0.21714285714285714,0.0,0.3142857142857143,9
0.3676942355889724,0.39398496240601505,0.0007518796992481202,0.0,0.23756892230576443,10
0.014285714285714285,0.07142857142857142,0.014285714285714285,0.0,0.9,10
0.02857142857142857,0.08571428571428572,0.0,0.0,0.8857142857142857,10
0.0,0.03571428571428571,0.0,0.0,0.9642857142857143,10
0.2452380952380952,0.1904761904761905,0.0,0.0,0.5642857142857143,10
0.014285714285714285,0.025974025974025976,0.1727272727272727,0.11428571428571428,0.6727272727272727,10
0.4438775510204082,0.28775510204081634,0.0,0.014285714285714285,0.2540816326530612,10
0.11404761904761904,0.7088095238095238,0.0009523809523809524,0.014285714285714285,0.16190476190476188,10
0.05714285714285714,0.0,0.0,0.0,0.9428571428571428,10
0.0,0.30141287284144425,0.02857142857142857,0.0,0.6700156985871271,10
0.3598948670377242,0.28079777365491654,0.0,0.0012987012987012987,0.35800865800865805,10
0.24285714285714285,0.02857142857142857,0.0,0.0,0.7285714285714285,10
0.2255639097744361,0.2522556390977444,0.0,0.02932330827067669,0.4928571428571429,10
0.05454545454545455,0.5841331684188827,0.04285714285714286,0.0,0.3184642341785198,10
0.0,0.02857142857142857,0.0,0.0,0.9714285714285714,10
0.0,0.05714285714285714,0.0,0.0,0.9428571428571428,10
0.007142857142857143,0.05,0.0,0.0,0.9428571428571428,10
0.014285714285714285,0.0,0.0,0.0,0.9857142857142858,10
0.04285714285714286,0.04285714285714286,0.014285714285714285,0.0,0.9,10
0.0,0.014285714285714285,0.0,0.014285714285714285,0.9714285714285714,10
0.28,0.38392857142857145,0.07857142857142857,0.0,0.2575,10
0.2847619047619047,0.4362406015037594,0.07789473684210527,0.002857142857142857,0.19824561403508772,10
0.02857142857142857,0.18571428571428572,0.0,0.0,0.7857142857142857,10
0.017142857142857144,0.017142857142857144,0.0,0.0,0.9657142857142856,10
0.02857142857142857,0.23877551020408164,0.014285714285714285,0.0,0.7183673469387755,10
0.0,0.02857142857142857,0.0,0.0,0.9714285714285714,10
0.1935064935064935,0.4798701298701299,0.0,0.04285714285714286,0.2837662337662338,10
0.11428571428571428,0.5028344671201813,0.02857142857142857,0.014285714285714285,0.34002267573696143,10
0.0,0.07619047619047618,0.0023809523809523807,0.0,0.9214285714285714,10
0.0047619047619047615,0.2571428571428571,0.0,0.0,0.738095238095238,10
0.08571428571428572,0.5247619047619048,0.02857142857142857,0.0,0.3609523809523809,10
0.07142857142857142,0.014285714285714285,0.0,0.0,0.9142857142857143,10
0.04365079365079365,0.6,0.031746031746031744,0.014285714285714285,0.3103174603174603,10
0.46666666666666673,0.24370748299319728,0.0,0.05714285714285714,0.23248299319727894,10
0.11428571428571428,0.17142857142857143,0.0,0.02857142857142857,0.6857142857142857,10
0.2015873015873016,0.2536507936507936,0.0,0.0,0.5447619047619048,10
0.02857142857142857,0.2626373626373626,0.0,0.0,0.7087912087912087,10
0.0,0.05714285714285714,0.0,0.0,0.9428571428571428,10
0.15467389753104038,0.001098901098901099,0.0004329004329004329,0.0,0.8437943009371581,10
0.21071428571428572,0.45966117216117214,0.0,0.0,0.32962454212454206,10
0.07142857142857142,0.049523809523809526,0.0,0.0,0.879047619047619,10
0.02857142857142857,0.02857142857142857,0.0,0.0,0.9428571428571428,10
0.033333333333333326,0.14523809523809522,0.02857142857142857,0.02857142857142857,0.7642857142857142,10
0.30894557823129254,0.39714285714285713,0.014285714285714285,0.040289115646258505,0.23933673469387756,10
0.2,0.4351648351648351,0.0,0.02857142857142857,0.3362637362637363,10
0.05714285714285714,0.4763736263736264,0.0,0.0,0.4664835164835166,10
0.07142857142857142,0.044642857142857144,0.0,0.0,0.8839285714285714,10
0.02857142857142857,0.02857142857142857,0.0,0.0,0.9428571428571428,10
0.10850698174006444,0.07142857142857142,0.0,0.0004081632653061224,0.819656283566058,10
0.11862745098039217,0.480532212885154,0.02857142857142857,0.014285714285714285,0.35798319327731093,10
0.6771428571428573,0.17428571428571427,0.0,0.0,0.14857142857142858,10
0.07428571428571429,0.54,0.04285714285714286,0.0,0.34285714285714286,10
0.014285714285714285,0.039285714285714285,0.0,0.0,0.9464285714285714,10
0.05714285714285714,0.14285714285714285,0.0,0.014285714285714285,0.7857142857142857,10
0.10714285714285714,0.06428571428571428,0.0,0.0,0.8285714285714286,10
0.02857142857142857,0.3,0.0,0.0,0.6714285714285714,10
0.025,0.05714285714285714,0.03214285714285714,0.0,0.8857142857142857,10
0.02857142857142857,0.19714285714285712,0.0,0.0,0.7742857142857142,10
0.044387755102040814,0.45753532182103607,0.0760204081632653,0.0,0.42205651491365775,10
0.644047619047619,0.10850340136054422,0.0,0.014285714285714285,0.2331632653061224,10
0.11428571428571428,0.0007936507936507937,0.0,0.0,0.8849206349206349,10
0.05714285714285714,0.0,0.0,0.0,0.9428571428571428,10
0.04285714285714286,0.7373992673992673,0.03642857142857143,0.0007142857142857143,0.1826007326007326,10
0.014285714285714285,0.014285714285714285,0.0,0.0,0.9714285714285714,10
0.0,0.02857142857142857,0.0,0.0,0.9714285714285714,10
0.014285714285714285,0.20357142857142857,0.014285714285714285,0.0,0.7678571428571429,10
0.0,0.12857142857142856,0.0,0.0,0.8714285714285714,10
0.015037593984962405,0.014285714285714285,0.0,0.0,0.9706766917293232,10
0.3460053240410383,0.32766816516816516,0.0,0.04754019789734076,0.2787863128934558,10
0.13976190476190475,0.07619047619047618,0.02857142857142857,0.0,0.7554761904761905,10
0.1580952380952381,0.4047802197802198,0.04738095238095238,0.0,0.3897435897435898,10
0.16017722878625135,0.36549946294307195,0.015306122448979591,0.014285714285714285,0.4447314715359828,10
0.13142857142857142,0.036536796536796534,0.0,0.0,0.8320346320346319,10
0.01591970121381886,0.15210084033613447,0.0007936507936507937,0.0,0.8311858076563959,10
0.044444444444444446,0.02857142857142857,0.0,0.0,0.9269841269841269,10
0.5542857142857143,0.13333333333333333,0.0,0.08571428571428572,0.22666666666666668,10
0.1862857142857143,0.6028571428571429,0.02857142857142857,0.0,0.18228571428571427,10
0.014285714285714285,0.0619047619047619,0.0,0.0,0.9238095238095239,10
0.02857142857142857,0.030357142857142857,0.0,0.0,0.9410714285714286,10
0.02653061224489796,0.4018210361067504,0.01746031746031746,0.014285714285714285,0.5399023199023198,10
0.014285714285714285,0.014285714285714285,0.0,0.0,0.9714285714285714,10
0.02857142857142857,0.2698412698412698,0.014285714285714285,0.0015873015873015873,0.6857142857142857,10
0.2165079365079365,0.26285714285714284,0.2007936507936508,0.02857142857142857,0.2912698412698413,10
0.05714285714285714,0.44285714285714284,0.04285714285714286,0.05714285714285714,0.4,10
0.014285714285714285,0.15714285714285714,0.0,0.0,0.8285714285714286,10
0.0,0.08571428571428572,0.0,0.0,0.9142857142857143,10
0.02857142857142857,0.0489795918367347,0.0,0.0,0.9224489795918367,10
0.07142857142857142,0.0,0.0,0.0,0.9285714285714286,10
0.03015873015873016,0.04642857142857143,0.0,0.0,0.9234126984126984,10
0.014285714285714285,0.04285714285714286,0.0,0.0,0.9428571428571428,10
0.014285714285714285,0.04285714285714286,0.0,0.0,0.9428571428571428,10
0.2395238095238095,0.23650793650793653,0.10476190476190476,0.0,0.4192063492063492,10
0.03506493506493506,0.0006493506493506494,0.0,0.02857142857142857,0.9357142857142857,10
0.12142857142857143,0.1357142857142857,0.02857142857142857,0.0,0.7142857142857143,10
0.08095238095238096,0.7142857142857144,0.0,0.014285714285714285,0.19047619047619047,10
0.0,0.02857142857142857,0.0,0.014285714285714285,0.9571428571428572,10
0.02857142857142857,0.07857142857142857,0.0,0.0,0.8928571428571429,10
0.048341836734693874,0.053469387755102044,0.0,0.002857142857142857,0.8953316326530613,10
0.08961038961038961,0.04545454545454545,0.0,0.0,0.8649350649350649,10
0.0,0.0375,0.0,0.0,0.9625,10
0.014285714285714285,0.14285714285714285,0.0,0.0,0.8428571428571429,10
0.02857142857142857,0.556923076923077,0.02,0.0,0.39450549450549455,10
0.02857142857142857,0.8523809523809524,0.019047619047619046,0.0,0.1,10
0.04285714285714286,0.014285714285714285,0.0,0.0,0.9428571428571428,10
0.18571428571428572,0.5142857142857142,0.014285714285714285,0.0,0.2857142857142857,10
0.02857142857142857,0.02857142857142857,0.0,0.0,0.9428571428571428,10
0.07575187969924811,0.02857142857142857,0.014285714285714285,0.0,0.881390977443609,10
0.014285714285714285,0.12448979591836735,0.014285714285714285,0.0,0.846938775510204,10
0.18857142857142856,0.03142857142857143,0.0,0.0,0.78,10
0.019047619047619046,0.04523809523809524,0.0,0.0,0.9357142857142857,10
0.10411255411255411,0.014935064935064935,0.0,0.0,0.880952380952381,10
0.2309523809523809,0.17142857142857143,0.04285714285714286,0.0,0.5547619047619047,10
0.4142006802721089,0.38639455782312926,0.0,0.044642857142857144,0.15476190476190477,10
0.4393877551020408,0.31,0.0,0.0,0.2506122448979592,10
0.05714285714285714,0.4023809523809524,0.04285714285714286,0.0,0.4976190476190476,10
0.19387755102040818,0.4701203558346415,0.01746031746031746,0.0,0.3185417756846329,10
0.17857142857142858,0.5828571428571429,0.0,0.014285714285714285,0.22428571428571428,10
0.04285714285714286,0.09230769230769231,0.0,0.0,0.8648351648351649,10
0.04675324675324675,0.5493506493506494,0.049927849927849925,0.014285714285714285,0.3396825396825397,10
0.27589285714285716,0.45516917293233083,0.0007518796992481202,0.014285714285714285,0.2539003759398496,10
0.11904761904761903,0.25338345864661654,0.0007518796992481202,0.0,0.6268170426065163,10
0.14404761904761906,0.02857142857142857,0.014285714285714285,0.0,0.8130952380952381,10
0.00909090909090909,0.08701298701298701,0.0,0.0,0.9038961038961039,10
0.40809523809523807,0.3078921078921079,0.0,0.014285714285714285,0.26972693972693973,10
0.14761904761904762,0.24444444444444444,0.0746031746031746,0.014285714285714285,0.5190476190476191,10
0.373313492063492,0.5001984126984128,0.0,0.0125,0.11398809523809524,10
0.08571428571428572,0.24817563388991956,0.0,0.0761904761904762,0.5899196042053185,10
0.07142857142857142,0.007142857142857143,0.0,0.0,0.9214285714285714,10
0.04415584415584416,0.21891774891774893,0.0,0.0,0.736926406926407,10
0.19168831168831169,0.04415584415584416,0.02857142857142857,0.0,0.7355844155844155,10
0.22842105263157894,0.448849045691151,0.0,0.0007518796992481202,0.321978021978022,10
0.2731746031746032,0.5552380952380952,0.0,0.0015873015873015873,0.17,10
0.1514285714285714,0.5171428571428572,0.0,0.05714285714285714,0.2742857142857143,10
0.2841269841269841,0.30178571428571427,0.0,0.014285714285714285,0.39980158730158727,10
0.11666666666666665,0.6684981684981685,0.0,0.0,0.21483516483516482,10
0.1,0.014285714285714285,0.0,0.0,0.8857142857142857,10
0.014285714285714285,0.15714285714285714,0.0,0.0,0.8285714285714286,10
0.18571428571428572,0.014285714285714285,0.0,0.0,0.8,10
