0,1,2,3,4,fold
0.060856795327710024,0.056855058686292446,0.00852216437390144,0.0047782937641130795,0.8689876878479829,1
0.1850404709596672,0.36910406645533284,0.00999741477871562,0.00765297458781154,0.4282050732184731,1
0.29343761152048886,0.08442082632286012,0.5409837036204299,0.02813620435603903,0.05302165418018224,1
0.005052481297922541,0.03295074472692388,0.0037652786056384044,0.004302694405219292,0.9539288009642962,1
0.015832377048123448,0.056641458367057126,0.003776645958443171,0.003726057852067298,0.9200234607743091,1
0.04346901399427486,0.10758625291042286,0.005585961367351489,0.005388510215314999,0.8379702615126357,1
0.12027786361353246,0.04352208111570986,0.013890164695338589,0.007724544244612906,0.8145853463308064,1
0.06325883366502574,0.07166484370373175,0.011560130653903588,0.005785643323552282,0.8477305486537868,1
0.10211352709424988,0.07002465192907396,0.01461915344197622,0.007174525308977143,0.8060681422257227,1
0.03941162055276672,0.5141752949288149,0.0075900293394507885,0.005210431141870368,0.4336126240370971,1
0.06390164063495406,0.009960717343722262,0.005415690530924877,0.004977257518012339,0.9157446939723867,1
0.033365548195956496,0.39539527075546027,0.018564692427693513,0.0044777110203905275,0.5481967776004995,1
0.07225228499302475,0.5497774363381339,0.020869932795100535,0.007649473168981116,0.3494508727047596,1
0.14982270677868909,0.02715674886123048,0.009934336868134663,0.0075923424075112385,0.8054938650844343,1
0.05838664500145722,0.45898969800396605,0.013544672202885695,0.008846083905104206,0.4602329008865871,1
0.03586232727035358,0.015707198135197054,0.003718556874682542,0.004720241115336289,0.9399916766044305,1
0.15287802091073197,0.5414143801351862,0.012074402440115551,0.013908663340373635,0.2797245331735927,1
0.07613586343402694,0.7987967025703737,0.03629333062037105,0.010500422241999435,0.07827368113322869,1
0.06716965929904956,0.04280459531353005,0.008334670839738828,0.0060489199419073705,0.8756421546057743,1
0.04220411355316937,0.39154086955021083,0.02607465088175988,0.00851044318412652,0.5316699228307336,1
0.0461665145543343,0.2175927482302609,0.012098186797141303,0.005126801162248287,0.7190157492560154,1
0.1697731895293284,0.6627845987319905,0.013563581182728017,0.025921360557644824,0.1279572699983082,1
0.03507172660066955,0.2432716368282779,0.008319442079041478,0.008377490527295514,0.7049597039647155,1
0.17369262140872244,0.4439010584829685,0.01956783113959017,0.02423208497532176,0.33860640399339687,1
0.050197051344691636,0.02775857961631291,0.008218235294377823,0.00484551702152622,0.9089806167230915,1
0.08341537977190729,0.08430750863395074,0.010616573616546781,0.004211673234555513,0.8174488647430396,1
0.03549375832972179,0.0884876456749537,0.005087698316871306,0.006594345243737564,0.8643365524347157,1
0.06047316559944765,0.14626432185277555,0.008340367911013922,0.0034848140842401835,0.7814373305525226,1
0.13530267922436096,0.4707484729229324,0.022635315963239522,0.010357986648140109,0.360955545241327,1
0.028783056142476986,0.07436338389810965,0.006105762767878725,0.0038117885913255753,0.8869360086002088,1
0.15246927770992857,0.5494025348424104,0.02410902015138378,0.011159365853341952,0.26285980144293547,1
0.041208453807183514,0.16769666715713993,0.011292177905311365,0.004887095261818582,0.7749156058685466,1
0.024374218107328673,0.10863509655058273,0.004093052546281273,0.0045408252874818405,0.8583568075083251,1
0.02007966551937915,0.04165432703810001,0.0035788454683715323,0.00495070733311766,0.9297364546410318,1
0.022972228015232347,0.060013182108882235,0.0038802943208595337,0.0036552945732197836,0.9094790009818063,1
0.0996091292283494,0.046261331093275244,0.006390086877663858,0.00476010998533112,0.8429793428153803,1
0.02955873129416388,0.17442608657611677,0.009790097204663372,0.005913021808371038,0.7803120631166851,1
0.033429075682681456,0.10792662377192361,0.014141753922976433,0.008865985649969151,0.8356365609724493,1
0.07675922092303511,0.8018445625940528,0.043960317630371865,0.009284053305083164,0.0681518455474571,1
0.03640605382528013,0.851197915177412,0.023963992662285636,0.0072611033015280175,0.08117093503349436,1
0.07549561323460309,0.018162630246676113,0.00530282966579367,0.008036045429191913,0.8930028814237349,1
0.18194420330585212,0.20844628161383918,0.1135429499524426,0.02175037007492744,0.4743161950529384,1
0.0632432430012138,0.03232553267803937,0.03315742327944906,0.004265966708514369,0.8670078343327834,1
0.14073458644969766,0.6287831091035535,0.01318643424173773,0.014827966072474446,0.20246790413253687,1
0.07116808600942352,0.028734836106269965,0.008627304139639368,0.006777897635051612,0.8846918761096157,1
0.011011576237148279,0.1701069803404036,0.004802363919423997,0.004580693941830873,0.8094983855611931,1
0.38100900940151666,0.07352857503834169,0.007364290065597931,0.008884446633014948,0.5292136788615293,1
0.4114219671435944,0.09987042197921964,0.015698191480299443,0.013737417508121949,0.4592720018887648,1
0.04933008698252088,0.4697451928491439,0.005740790608946786,0.004508317309960277,0.47067561224942783,1
0.08725455128519538,0.054177481927845585,0.006395261914273373,0.004810604779160537,0.8473621000935252,1
0.3433708895155387,0.15289371913128857,0.01789043649673748,0.008770982848423684,0.4770739720080114,1
0.03212751756787692,0.11514773147897409,0.016851685515549417,0.009499687878520022,0.8263733775590798,1
0.04141452993669386,0.17281444669240867,0.017427898788880705,0.048985744002236584,0.7193573805797805,1
0.04672452122876516,0.046031831280211974,0.015858378690851757,0.005556855755931376,0.8858284130442398,1
0.8047373944366927,0.11603992835950078,0.010130684371614093,0.01736720623926495,0.05172478659292742,1
0.025493668755128176,0.645808017688371,0.01576987536253062,0.00544812052114042,0.3074803176728299,1
0.10341241088749377,0.017750175084618052,0.0052068476841789614,0.0065123938257714,0.8671181725179375,1
0.04173974375670313,0.010216040713817787,0.0037075647595784305,0.00396261987816848,0.940374030891732,1
0.2464275551560784,0.09743333032676532,0.011801481583972748,0.008322437707591265,0.636015195225592,1
0.09739600695153502,0.5948635179536579,0.030988001197904513,0.015095412420015195,0.2616570614768873,1
0.13191883642606614,0.020892035906959237,0.006113640047178227,0.003173560372205076,0.8379019272475914,1
0.029052807026237734,0.1308847969527781,0.01309955510575956,0.007820892940294534,0.8191419479749301,1
0.03584127337620672,0.050159329977508084,0.031007285553888438,0.007488729825271531,0.8755033812671252,1
0.07003058904658052,0.7765216042039383,0.07106316260571911,0.015351203053774078,0.06703344108998811,1
0.375648422683987,0.5765221957146822,0.008952530217461278,0.00825385198586065,0.030622999398008853,1
0.032997401065387226,0.3168908340054208,0.04159339227891403,0.0086197890337705,0.5998985836165076,1
0.01954956637526155,0.028871854866247475,0.010595211811331696,0.003209970304867087,0.937773396642292,1
0.15567917412073595,0.7507981025042443,0.011639951886380936,0.007243130145278734,0.07463964134336028,1
0.044104104012190164,0.13257479774723888,0.009534325178681797,0.00579736592835898,0.80798940713353,1
0.020652256401634227,0.03400444983736741,0.010379114797825235,0.0038441507102325396,0.9311200282529408,1
0.05970678221045461,0.12684570608674278,0.01501526551358206,0.00462631807473893,0.7938059281144813,1
0.03245856476453974,0.34145779285176847,0.015246693016840845,0.0034684097825383427,0.6073685395843129,1
0.023784735398368166,0.5251283425713928,0.04247600908974773,0.014316683273288795,0.39429422966720207,1
0.07823026026533146,0.10262120620128,0.028976588895027636,0.030703492164883054,0.7594684524734778,1
0.0673189051900987,0.10586150377904824,0.008884996484276007,0.007233773620429084,0.8107008209261481,1
0.021612661170094537,0.08289146280470897,0.008629515138570522,0.0046782522283881954,0.882188108658238,1
0.011471696035251132,0.08174881689950021,0.006174740310740342,0.004793868218682798,0.8958108785358256,1
0.02839642651533047,0.1162727924005667,0.019816490027718694,0.006461670159166654,0.8290526208972173,1
0.053134377070174967,0.03763962763524484,0.01384585412178331,0.0050663915739418905,0.8903137495988551,1
0.0035112180239268366,0.00704645020613543,0.009100777674155874,0.00369778727657027,0.9766437668192115,1
0.05697574496734021,0.09498735616712041,0.013468284448071138,0.007911995060858894,0.8266566193566095,1
0.010525629407273172,0.042977476203989264,0.005702554347296957,0.005914403908233123,0.9348799361332074,1
0.03835554983024902,0.6751934875308858,0.02613782012408756,0.0115734501971022,0.24873969231767545,1
0.08262926948243308,0.8022487503873366,0.029540322314750206,0.015613960469002972,0.06996769734647693,1
0.08708200399986861,0.1052063249532616,0.008839566146888644,0.004044440329774515,0.7948276645702065,1
0.02286542825782569,0.006511066151132716,0.0029761280909438898,0.0032105653889956853,0.9644368121111021,1
0.03086135952512695,0.027027631061290604,0.00563470336596898,0.004427932666968359,0.9320483733806451,1
0.27820329957159,0.09796004231567942,0.01603431186914085,0.006450294846270831,0.6013520513973186,1
0.016982245066114586,0.2612162189641777,0.011324528526737083,0.005006554539001907,0.7054704529039689,1
0.06130142258577116,0.13446358048970933,0.010592220528750484,0.005689974467779765,0.7879528019279892,1
0.006869273361262496,0.008055919830075678,0.0056382231601808976,0.003948490556179529,0.9754880930923013,1
0.046055543902138625,0.020628715611912436,0.03532930381819887,0.007697101017673485,0.890289335650076,1
0.029776289140620988,0.11168171303733689,0.006984090815510056,0.0035722802977576646,0.8479856267087744,1
0.09468813753315679,0.6389382022240367,0.03431265084539995,0.013711115020171385,0.2183498943772352,1
0.42190083689121605,0.43957658887662443,0.018956196245865788,0.021671820933230383,0.09789455705306331,1
0.16058721468326295,0.043107574189276375,0.010893777575527782,0.010283556002959026,0.7751278775489738,1
0.21464711603069364,0.10733740262430616,0.008213108028250449,0.010665445206388388,0.6591369281103613,1
0.032566864061537665,0.05685122079935123,0.005987222280867605,0.003941159945129703,0.900653532913114,1
0.03007591077122784,0.0978552774594243,0.007946603776476779,0.0027172798678244147,0.8614049281250463,1
0.6451864920221143,0.18137284854821817,0.012804455599734746,0.020827039287498305,0.13980916454243467,1
0.019841655663611797,0.08303677277944697,0.014087770344217234,0.0047521616507965,0.878281639561928,1
0.07862675094882655,0.129142556103716,0.016003109329020514,0.005962587524512288,0.7702649960939247,1
0.13988172157863707,0.16663463574142334,0.041164680786910365,0.010290792087194918,0.6420281698058341,1
0.09962312230342513,0.019932537598103487,0.0059372672175640314,0.004661277853826839,0.8698457950270806,1
0.06324411822596304,0.1662647523514652,0.017657056491647338,0.007163946077609828,0.7456701268533144,1
0.14706435509753898,0.02612759014015675,0.006691823560221617,0.00558169647719395,0.8145345347248885,1
0.34580740534480403,0.055650978192372136,0.012218683765607976,0.00762404743474337,0.5786988852624727,1
0.08967587882320133,0.2601150456486024,0.01849131511396066,0.007204885881565405,0.6245128745326702,1
0.04399968963961705,0.12908739464314295,0.009413037125063506,0.00520841538305728,0.8122914632091194,1
0.10450843011846452,0.5612333742631164,0.0069873472371555665,0.011627614609745351,0.31564323377151826,1
0.22116147432233435,0.070985895744766,0.0162951041378512,0.014150650896016099,0.6774068748990321,1
0.1726469372496708,0.43265286195113173,0.025762291927066316,0.00963230929664599,0.35930559957548514,1
0.038090477089413724,0.10741248871450544,0.014474585938007888,0.004067472930487501,0.8359549753275853,1
0.13069623561727495,0.014991533550305584,0.006023618178998192,0.003527430310836379,0.8447611823425845,1
0.2564061911193859,0.2560918357348771,0.01777436771490637,0.008489503534086347,0.4612381018967444,1
0.02416423625730986,0.003855269012105778,0.005460947084234289,0.004805262383944165,0.9617142852624061,1
0.1249585473613555,0.07003978531398967,0.007008170150592762,0.006573674269337809,0.7914198229047241,1
0.12177117034551617,0.058631535857460164,0.012712735234727128,0.006531375740356407,0.80035318282194,1
0.060749278955657446,0.07617194780326923,0.009784031364887043,0.0035244906455607927,0.8497702512306253,1
0.05688628845710809,0.08924935494253003,0.039414001791562736,0.009774779501855933,0.8046755753069432,1
0.05698618159335609,0.13569628333267403,0.07359868128410307,0.00943574840516002,0.7242831053847063,1
0.02742823779520604,0.11016179217636106,0.018554246656311717,0.005682237881853147,0.838173485490268,1
0.10996297208957109,0.11108501153542975,0.014322641797562805,0.007979519792476504,0.7566498547849599,1
0.08823507509919554,0.05600044376535046,0.00889892466826235,0.006818551387016,0.8400470050801756,1
0.0871589470677929,0.1498890763484045,0.010863392046486113,0.006466368471787985,0.7456222160655279,1
0.050122704637889606,0.20762095589414398,0.007786432191814263,0.0038720603088402746,0.730597846967312,1
0.1724363677889956,0.10806492209700592,0.014334225841986535,0.0192802902755634,0.6858841939964483,1
0.12922555377226,0.06293358140532898,0.007543344712223356,0.005755626732375757,0.7945418933778119,1
0.12993507563289114,0.09283860689120675,0.018995601866021655,0.010156393702057608,0.7480743219078231,1
0.030680141807631473,0.12519302148164976,0.006962822096558787,0.004315522252556164,0.8328484923616035,1
0.030120314247837798,0.35925812785424144,0.03916435614756893,0.008030150039930987,0.5634270517104207,1
0.0769492794769816,0.1947176319197693,0.010456013932237688,0.009796136444481067,0.7080809382265303,1
0.1276139646932389,0.10180802799314866,0.007077391952470408,0.005428046890760972,0.758072568470381,1
0.029514762975595132,0.36314892686616423,0.013229236580473815,0.00786123468637516,0.5862458388913916,1
0.13921633982833012,0.6519337023922471,0.006854779618777187,0.008188918237588367,0.19380625992305708,1
0.014623845149586711,0.11563258610424214,0.013323685879149071,0.00471211324481739,0.8517077696222046,1
0.7346515841664496,0.13228486400051062,0.019535393484406246,0.02175191838207454,0.09177623996655915,1
0.03170357748309188,0.015288046484851655,0.009257479735605928,0.012514839146159664,0.9312360571502911,1
0.01652881888692342,0.03262522047391132,0.01262176510592295,0.003887732118923011,0.9343364634143193,1
0.3041442428912737,0.09298574877873306,0.006735181702840528,0.0100324414391783,0.5861023851879743,2
0.01636195619929205,0.03719983245911894,0.008614584560207897,0.006566099466146038,0.9312575273152355,2
0.0215340757724267,0.846618104659764,0.032306139147695714,0.006750662273391256,0.09279101814672232,2
0.019713467951743707,0.28009148294652275,0.013289820001110718,0.008390833143259507,0.6785143959573632,2
0.014158998992236983,0.03585607660340704,0.0072965086591026415,0.006101953930785853,0.9365864618144676,2
0.22643334507264282,0.09587337927853483,0.018117085015292092,0.011033288758270348,0.6485429018752599,2
0.04917104681890988,0.052221639655836545,0.016461776020975066,0.007801000717995629,0.8743445367862832,2
0.049885078039914675,0.15907157607487715,0.008011236511117955,0.0047803048741372105,0.7782518044999529,2
0.48754590100613293,0.09783085293525427,0.015836172227090082,0.013401536647972357,0.38538553718355034,2
0.12056970117414999,0.2469356095560463,0.00780414146238285,0.007752155287896923,0.6169383925195236,2
0.10999515136073808,0.08745742146290399,0.0035517939243491915,0.0057923996514241075,0.7932032336005844,2
0.08588992465247378,0.10324804477560665,0.1698969762889662,0.019870598709846313,0.621094455573107,2
0.09007274511916125,0.20837250994316078,0.014432920586081168,0.009050331342244804,0.6780714930093527,2
0.10900775187195025,0.27859153021372646,0.025632274700925013,0.015463949387290808,0.5713044938261078,2
0.01209013774676128,0.1103902116371475,0.008489630092239768,0.005445492385751688,0.8635845281380995,2
0.11008217345285916,0.3938023566613793,0.009389299016858055,0.008425117970879803,0.4783010528980237,2
0.11334794300944769,0.20395910984403173,0.015519110112582305,0.00520822162419539,0.6619656154097425,2
0.04643295336051468,0.17236259027729733,0.006091730835832451,0.0073717204569419045,0.767741005069414,2
0.03446618470386829,0.10307543057742535,0.003314840281674736,0.006451088960633429,0.8526924554763982,2
0.07606230853799367,0.11487089818905094,0.01322168800016603,0.009220620847678305,0.7866244844251111,2
0.22674569095292088,0.18701124314175796,0.0072242001809142385,0.006873117002155132,0.5721457487222519,2
0.023834416061439444,0.08284233784954334,0.010021045188677665,0.008270026611185238,0.8750321742891545,2
0.5409519069809915,0.15482485825432143,0.019740131083592335,0.01425876842853679,0.2702243352525583,2
0.07996041572831403,0.07385238616079189,0.011143018114029154,0.005368572298939367,0.829675607697925,2
0.06046748602743698,0.05657772690926275,0.014440378541065455,0.007164963393369637,0.8613494451288655,2
0.017594665183718237,0.09482890351380642,0.005923316829788772,0.00395768223734344,0.877695432235343,2
0.13673570138380847,0.35280286266418026,0.019953613020270475,0.008076845369002356,0.4824309775627385,2
0.11365079970147575,0.18610702427576797,0.013820841496158889,0.0063233860282687245,0.6800979484983286,2
0.025035714591447312,0.06690344483919597,0.0037329447807972448,0.007278667801233503,0.897049227987326,2
0.03720628475163153,0.16783733604581857,0.008080463121278128,0.00802991800061617,0.7788459980806555,2
0.18397128600802828,0.10047915719113934,0.010644772245683005,0.005921717929692308,0.698983066625457,2
0.039151012095891814,0.2295077223807337,0.023275016677960832,0.01035107789246602,0.6977151709529478,2
0.08449044101146488,0.03479298893046148,0.00483189981400354,0.007998860560233703,0.8678858096838364,2
0.6525922861095014,0.12753311294616337,0.015743660536467037,0.006138598382109382,0.19799234202575922,2
0.04666088317080408,0.011690116642285257,0.002801304429519085,0.004538302376100983,0.9343093933812905,2
0.04546268999777056,0.03566667947034067,0.03723921572586285,0.008387187198042592,0.8732442276079833,2
0.02115799936987349,0.13451489045021336,0.005226642269820113,0.007003502042360044,0.8320969658677327,2
0.09553753224012908,0.27774415626285964,0.037892385699018524,0.0158750700444036,0.5729508557535892,2
0.00826033174308755,0.0050071555834207285,0.004851742579616884,0.004690596081420645,0.9771901740124542,2
0.011488760154047838,0.06885439587410962,0.002977156910182775,0.004150840531472379,0.9125288465301875,2
0.04661274619939343,0.0056702518720648356,0.0031426241966304356,0.004637485348180526,0.9399368923837309,2
0.0904767293875419,0.8503168234918651,0.007871016744403206,0.009539010014288725,0.04179642036190085,2
0.0758940548149349,0.1150533705619534,0.011707957061258293,0.007875684979013416,0.7894689325828396,2
0.02176606801561264,0.09378915390669186,0.00909891923590845,0.006890650030915442,0.8684552088108717,2
0.019739718690790563,0.06941469608493908,0.006137378074101083,0.004964285100512953,0.8997439220496563,2
0.07837102575595717,0.6959571819077071,0.012790066064159363,0.015675402360875897,0.19720632391130066,2
0.06351228634124254,0.09673595854382053,0.008262612632610553,0.006483529162405355,0.8250056133199206,2
0.6336779597698167,0.051408787061485654,0.01569461485833874,0.011341085054869224,0.28787755325548947,2
0.08169433567951569,0.7244955897900446,0.011566085062138503,0.010631461578892058,0.17161252788940912,2
0.09479817769698919,0.08650516118663445,0.021286136673083895,0.009923480198347148,0.7874870442449453,2
0.10371545447497177,0.11490873674579197,0.012176771702206502,0.0061781982901436255,0.7630208387868864,2
0.04112419592079831,0.11447570785095534,0.01630023879384562,0.007183698604939793,0.8209161588294608,2
0.5630386706849245,0.19290217480978952,0.015405108566837144,0.00892994335839363,0.21972410258005518,2
0.008167679095395237,0.09771281102687056,0.00782259630012917,0.005792460344046225,0.8805044532335591,2
0.10700229573114863,0.018256145682466984,0.007438828604168866,0.009209106122279959,0.8580936238599357,2
0.17384913117690184,0.10326294671947497,0.01491547267292158,0.011306166162997289,0.696666283267704,2
0.04077980613568263,0.03474116503969919,0.009070620529411048,0.007725737182896754,0.9076826711123104,2
0.03162785916478127,0.10872706950238344,0.014442102292846051,0.008483024886650203,0.836719944153339,2
0.013816011982026918,0.7771220213501847,0.030116118412899434,0.012504877551134727,0.16644097070375413,2
0.06887482210522988,0.8074185229126326,0.021593212358197465,0.010472204116811469,0.09164123850712842,2
0.07640151337039075,0.09154561196726684,0.1913209419344857,0.01958103000316497,0.6211509027246922,2
0.11444748369872426,0.5574132904768286,0.010457274469130359,0.0161204208859305,0.30156153046938655,2
0.11230863904386248,0.0767138604589834,0.012978527686691632,0.009021351576838647,0.7889776212336237,2
0.24892922291360486,0.05863040064068024,0.00833366977359217,0.0053481590432386435,0.6787585476288841,2
0.18863470925798848,0.41250904652245335,0.012618440142856279,0.011386265067819422,0.37485153900888263,2
0.07899287176664252,0.10784034318836952,0.01207223643672429,0.03562258891209072,0.7654719596961728,2
0.15439342944514556,0.04027942455348703,0.008955810633483437,0.006569846147391075,0.7898014892204929,2
0.06010637603427235,0.4318358796266926,0.021391045989208785,0.0059454929365350745,0.48072120541329144,2
0.11610528572842178,0.0835681592970693,0.005864896454649267,0.004766422083202875,0.7896952364366571,2
0.22696184650384751,0.039132611693273874,0.022807892106228224,0.012317225756135216,0.6987804239405155,2
0.13608216755743893,0.7440229656916364,0.004777696739389814,0.006723219994864002,0.10839395001667101,2
0.03398192756726255,0.012532243782873528,0.002199902643391464,0.00428384005990017,0.9470020859465723,2
0.049255400671895926,0.08703241920732811,0.015688564326897556,0.007203059230178866,0.8408205565636997,2
0.04295210624727897,0.07249046831475442,0.011586757659728664,0.004505511949735584,0.8684651558285028,2
0.030620865750068494,0.22374497111267055,0.009847946007457196,0.008219263503061115,0.7275669536267425,2
0.013861770530554951,0.12012102273372544,0.006071677955334335,0.004480122093963949,0.8554654066864212,2
0.1605275846422894,0.08604959473208398,0.0069627448777695375,0.00887475007210104,0.737585325675756,2
0.16155854655272905,0.11405831267749864,0.008906141201995841,0.0051820631839392325,0.7102949363838374,2
0.08609342990779145,0.0357464475557435,0.005401341284188229,0.005403277976443836,0.8673555032758331,2
0.10295764537136522,0.009847746881803033,0.004734580446707556,0.005776631648331568,0.8766833956517924,2
0.05233601795832514,0.15155561855917266,0.021218404615788614,0.008700458733920929,0.7661895001327924,2
0.020655684947616666,0.024975856091862952,0.040460039221360454,0.008671360574508636,0.9052370591646509,2
0.024337716498856105,0.010414430414491468,0.003544973874013761,0.007398857629316041,0.9543040215833228,2
0.018676991578676493,0.058798906656518504,0.0034769386566064864,0.007559459506152745,0.911487703602046,2
0.09778189089984826,0.016111262531010476,0.006917147632105449,0.009247111485214603,0.8699425874518216,2
0.22814869123579515,0.032689998495343625,0.012499890537064287,0.00806015018772608,0.7186012695440709,2
0.0469527139940504,0.12355744253657819,0.0043482039652196275,0.007607492040674399,0.8175341474634774,2
0.053054062956529015,0.3912904602838852,0.0103007520460806,0.005529108228111034,0.5398256164853943,2
0.06612605856561042,0.2070452151370787,0.036662095971099096,0.008756117427367661,0.6814105128988446,2
0.06313138199949908,0.30978762455143555,0.012911331178933345,0.010531197392741257,0.6036384648773904,2
0.14564596617248188,0.0397800299906225,0.013067604946984246,0.00535165573226029,0.7961547431576514,2
0.0031070817758007247,0.004182590793688829,0.002783785804746427,0.004804557517887126,0.9851219841078772,2
0.03772225744874167,0.036126227687894384,0.015582350934639711,0.007078990360312909,0.9034901735684115,2
0.027071902454290503,0.162687807601973,0.0055311219966559765,0.007953784464418627,0.7967553834826617,2
0.017475450582714876,0.10858125467733176,0.003625140846880433,0.004517456432782923,0.8658006974602899,2
0.07937602145839709,0.6355264600503815,0.01905895422217177,0.01296842704373077,0.2530701372253188,2
0.08536436361363264,0.6470102014372772,0.03649948249039401,0.014667997391872134,0.21645795506682408,2
0.033534234049322716,0.4441962400949768,0.014559737566909871,0.006676047168669877,0.5010337411201208,2
0.01996595183509637,0.29952351092903073,0.01777815448121568,0.008366883840360249,0.6543654989142972,2
0.1358760180737168,0.5387289170226562,0.012384508662186525,0.0067535839175443205,0.3062569723238961,2
0.060215996016587524,0.032148565887967086,0.002135671088464598,0.006516046243770333,0.8989837207632101,2
0.11555123056491917,0.06146651944551633,0.009787583441002782,0.004904526380647647,0.808290140167914,2
0.03710453980606957,0.09983168859161352,0.012834454317363119,0.009124371159061274,0.8411049461258927,2
0.7429347012108664,0.18201278281802333,0.011134431658499718,0.015953018616405225,0.047965065696205234,2
0.06573806603489722,0.8154428226808226,0.018469392059067738,0.014207862925615737,0.086141856299597,2
0.08545092435327187,0.1025282123051576,0.014162057925827514,0.008498881545400714,0.7893599238703425,2
0.057671797719352116,0.5052670577353702,0.011401840688327829,0.007472975641350791,0.4181863282155992,2
0.09003827390420528,0.570180488392649,0.04221674502713123,0.016708097682888355,0.2808563949931261,2
0.04053447331203967,0.3347725763317635,0.009829909306974593,0.005795492871487246,0.6090675481777348,2
0.0818405639741895,0.013503278967040542,0.007804159204045275,0.009976519583715189,0.8868754782710097,2
0.028874894587264992,0.0129765769035731,0.03286928805679265,0.023324647683512275,0.9019545927688573,2
0.08736313343345083,0.2690517905220752,0.024191681331572627,0.0726162673988766,0.5467771273140245,2
0.013926395559448313,0.046166180076085604,0.005771654000071449,0.01955870640007046,0.9145770639643245,2
0.08996810823686474,0.04057518639152673,0.0055699209048238624,0.008821975231233596,0.855064809235551,2
0.1503954880786646,0.23688967970403133,0.017981731926490708,0.008203520843687159,0.5865295794471262,2
0.29280058946568477,0.191273767007134,0.03289952800656614,0.026244925910679895,0.45678118960993536,2
0.06519294076813537,0.10245808616450988,0.007292441341995305,0.005329199824547559,0.8197273319008122,2
0.04783830995469251,0.4936031746541618,0.008831731816251,0.005963194524919931,0.44376358904997465,2
0.29550160513314844,0.09452644320360952,0.01294808439706977,0.009037302753909182,0.5879865645122636,2
0.07225190057285837,0.839418572431332,0.03143871137915964,0.009834246707452825,0.04705656890919728,2
0.0387142910960736,0.13747657105611516,0.013123449043427724,0.00533386950620156,0.8053518192981818,2
0.13407000488505655,0.10883852171406638,0.10972078375760246,0.01643597708391551,0.6309347125593592,2
0.4067352502799482,0.2130982641168533,0.021245196798180547,0.04766097999522584,0.31126030880979183,2
0.11588797411636499,0.6895831765125299,0.007565398038087398,0.010076038833947247,0.17688741249907033,2
0.547545881802148,0.37536092321684,0.02578361713718787,0.015017356086561186,0.03629222175726268,2
0.10717007975588039,0.03548472054191242,0.006923071663234751,0.011114927736619939,0.8393072003023526,2
0.1269124486716839,0.0526437433804062,0.003975355545142289,0.008612263730370022,0.8078561886723973,2
0.13641288106483482,0.07993555942047322,0.006302573975760964,0.006997256860148423,0.7703517286787828,2
0.08520620358210104,0.7812176259337483,0.02945870448725529,0.019522056721084587,0.08459540927581068,2
0.03383843353205039,0.20263388896142506,0.012083339093677174,0.009747598627937932,0.7416967397849092,2
0.1504229191318652,0.7791896490217454,0.02244692835777608,0.02321662407498187,0.024723879413631418,2
0.012355507844746887,0.029463228253385567,0.007198423245804865,0.004748668240702517,0.94623417241536,2
0.6691807648155992,0.20655828873250537,0.00722280093097012,0.024568484286655926,0.09246966123426945,2
0.024736271105166976,0.054314286334107675,0.012572234952039404,0.009962050787362979,0.898415156821323,2
0.07842959521293319,0.01691299162045697,0.018131050318912056,0.007593955903086599,0.8789324069446114,2
0.18070360567737614,0.058255520160993876,0.007902442184167545,0.0068771101372565235,0.7462613218402057,2
0.2447935691194848,0.5963970331020253,0.006752132313685578,0.007227268476295403,0.14482999698850865,2
0.08031140471760721,0.13953954189680998,0.007918581642995541,0.007267133967669732,0.7649633377749174,2
0.12059529571781491,0.043036625996083,0.015678534880217792,0.008869213762041967,0.8118203296438421,2
0.07305147488467474,0.2040437786331268,0.008467492789131992,0.025463506417912386,0.6889737472751538,3
0.13551063772519661,0.16653678069010708,0.011158045777785185,0.010426277770405177,0.6763682580365058,3
0.45407203181315586,0.38507603727159284,0.011234921553086764,0.02166637129367687,0.1279506380684877,3
0.07627547539421374,0.7303280163015194,0.01040203349556858,0.01450055028820607,0.16849392452049194,3
0.09469284567260668,0.029463144730363707,0.0024980270307842873,0.005668667466600314,0.8676773150996452,3
0.07524767185676916,0.16752233959949323,0.06175568090512187,0.009294419636335937,0.686179888002279,3
0.2977647589527345,0.43348268047398825,0.013536717768685449,0.0116538251128328,0.2435620176917597,3
0.06842500507135886,0.172909148725989,0.016016048838972785,0.01073314025327752,0.7319166571104017,3
0.09865385400106093,0.8496358674430574,0.0036501130026895152,0.011156051218936766,0.03690411433425542,3
0.11544952882631734,0.09211119555387604,0.01044448127143368,0.006142302539974802,0.7758524918083981,3
0.0062808066122704035,0.14681565214535414,0.004492092942529947,0.005570742855563213,0.8368407054442825,3
0.04623576590017507,0.01797735384528195,0.0011474850338418188,0.003541829970424573,0.9310975652502768,3
0.05192368608548732,0.19648556077197518,0.013418575018410114,0.012517828708398092,0.7256543494157293,3
0.08892847100106092,0.2157377364618139,0.014155499308048436,0.008433048056230727,0.672745245172846,3
0.08294884055038813,0.6820299246554244,0.02541461553914043,0.007737901083911248,0.20186871817113608,3
0.08325454749311786,0.0447326523986841,0.009194437958470037,0.008829100526152768,0.8539892616235754,3
0.03296223187295931,0.10142237285052856,0.005005725285427304,0.007142710157836352,0.8534669598332486,3
0.04958646447059726,0.2343847855023665,0.02971980868304005,0.011018241409149592,0.6752906999348466,3
0.09297789009888456,0.13346579598380592,0.03489448513887733,0.017438337195987457,0.7212234915824447,3
0.029190408519864094,0.13841297903286934,0.017543138326851948,0.007257367543333542,0.8075961065770808,3
0.08872713700670856,0.0592917530832597,0.021484259199462903,0.009903357090230717,0.8205934936203382,3
0.09591011523346073,0.19624022080275155,0.014666728110067365,0.011655830310860258,0.6815271055428603,3
0.06153633870507311,0.11242004481577422,0.005145132229837082,0.006527440235313663,0.8143710440140015,3
0.018348057920412296,0.8551092283910706,0.011980551544907804,0.0061939377881370565,0.10836822435547229,3
0.10972203102278312,0.03899073020046834,0.004961653797752191,0.005102296374094508,0.8412232886049018,3
0.049254713538150675,0.08643890009240239,0.008092892833296441,0.003950892381930086,0.8522626011542204,3
0.09097968871442018,0.11042753573790977,0.013202313347727146,0.0038357794295033492,0.7815546827704395,3
0.021607221792922897,0.15397351233869933,0.020249687049450696,0.007851030136577857,0.796318548682349,3
0.3412005102832753,0.0802832890164655,0.011260883348437674,0.012470487313783876,0.5547848300380376,3
0.12286399486291961,0.11334156533167987,0.007648969725320491,0.008105970045924895,0.7480395000341551,3
0.10243835724583157,0.027826563504379707,0.004428046159501292,0.008678925544053502,0.8566281075462335,3
0.40252556720675375,0.16816602734675679,0.010970538166495743,0.013561924899548432,0.404775942380445,3
0.011338453989470648,0.7854730408824674,0.02440358204745525,0.009440438986253866,0.16934448409435288,3
0.12825961403232952,0.11426136946230465,0.010657350131716396,0.008451244663341352,0.7383704217103081,3
0.1398254022561779,0.3212981741677062,0.0038555874413559264,0.008149372612185037,0.5268714635225751,3
0.037294045860191256,0.036881428231364664,0.05712649889051543,0.006525317944530321,0.8621727090733983,3
0.18829120322734214,0.04720972002903728,0.2412065527616443,0.021651770228320863,0.5016407537536555,3
0.11365743968660619,0.06966498160477066,0.00876813125523996,0.008067863889019672,0.7998415835643634,3
0.16412768654149262,0.027790804645512764,0.00478100967914065,0.005568244213572662,0.7977322549202811,3
0.10899280517846449,0.029896115089688133,0.002217267534854458,0.005472841228158107,0.8534209709688346,3
0.6140394187688567,0.11947571171857975,0.01565660714468827,0.018190515336056604,0.23263774703181897,3
0.043067900566064896,0.8448304757482085,0.021255666271526943,0.007123409936592191,0.08372254747760753,3
0.11305201313248517,0.08251548155368,0.009369316854533924,0.0057060971631772055,0.7893570912961241,3
0.16256063404839732,0.09194053819597543,0.006893579757318293,0.011858844254858105,0.7267464037434509,3
0.060031922670313514,0.08706467113601579,0.00977750060716861,0.004544492265774101,0.8385814133207279,3
0.01902444268048632,0.8516203090336161,0.06196299739478505,0.006370370115794611,0.06102188077531798,3
0.02795961835268465,0.05354072114322558,0.04326533941271119,0.006025372793079384,0.8692089482982992,3
0.03583926842146704,0.059562457750509404,0.004717268860714371,0.004005916262483085,0.8958750887048259,3
0.04685539317407284,0.07794483067946496,0.010400460480571791,0.012720882639373158,0.852078433026517,3
0.09056927994042777,0.7756645031168269,0.021454050394064703,0.008226146775704157,0.1040860197729766,3
0.04688850775174239,0.21383410926944035,0.002995502221324708,0.006937989657090492,0.7293438911004018,3
0.05903762174937142,0.25206556810809116,0.019958774616040068,0.006430150808911959,0.6625078847175854,3
0.06535781018014686,0.04200759436766082,0.0047267233375088225,0.005332829623870499,0.8825750424908129,3
0.07148740455784623,0.017201633472697354,0.008845278024392195,0.008098399464474772,0.8943672844805893,3
0.7088209877671215,0.174516111760967,0.013119357486629298,0.022973553969730654,0.08056998901555135,3
0.00905049496830665,0.02428845726488112,0.011543928211997812,0.006000532241816264,0.9491165873129984,3
0.765558546038403,0.1547746945648701,0.007379748122475094,0.010648840008705062,0.06163817126554669,3
0.02883852805746474,0.1303411863509312,0.014572172888815745,0.012568993168710024,0.8136791195340782,3
0.15656607092914984,0.15149207812265134,0.008075603712504072,0.011263506093035157,0.6726027411426595,3
0.030922531010768823,0.12130714278952658,0.013537708431341756,0.008256071868334778,0.825976545900028,3
0.009658176134366446,0.0057876403621627825,0.012070676494397203,0.005124328936465307,0.9673591780726081,3
0.6860173631586903,0.15259880712053692,0.02883240867260789,0.020367579903713646,0.11218384114445148,3
0.037907860214318745,0.21049301695419745,0.0035441251078854722,0.003443068975682799,0.7446119287479155,3
0.0028536207731955257,0.0036514782408505263,0.010545391920874786,0.004239858621315843,0.9787096504437631,3
0.020379025359182987,0.1335009525799104,0.005783347927939511,0.00427328712178623,0.8360633870111809,3
0.007426241972956874,0.11179158278530106,0.004937252681992338,0.005750486162864263,0.8700944363968853,3
0.030316436178592622,0.11636806205679943,0.008940772768738618,0.007828488624080154,0.8365462403717893,3
0.05552986504390444,0.18738720696829364,0.012974347617412263,0.011338599207412791,0.7327699811629769,3
0.26098152430242494,0.11799070918592523,0.018001915959141742,0.008627770287761726,0.5943980802647465,3
0.018985543381324344,0.06836706588812742,0.0021991188902071705,0.005588807705143401,0.9048594641351978,3
0.27631421105269927,0.10405629776618415,0.01268286788045514,0.006931644376705894,0.6000149789239557,3
0.07316396202261546,0.07638393771795111,0.009201043822712359,0.005656980579971328,0.8355940758567498,3
0.045253445185581095,0.44119999516402625,0.010467498198692013,0.006019340159487214,0.4970597212922136,3
0.4611705242836422,0.16349063159061147,0.007549203410616012,0.021584373656993096,0.3462052670581365,3
0.029625800949917108,0.2996824167636882,0.00572230263213407,0.011690298618983089,0.6532791810352775,3
0.03147009390747865,0.07920093019109299,0.010191318795026912,0.004045099604946078,0.8750925575014554,3
0.022670951899888856,0.4094521095304782,0.017213454963498492,0.005868243221419099,0.5447952403847155,3
0.7522988073158144,0.09006242396982134,0.035281949535913064,0.021948722711065134,0.10040809646738616,3
0.0267756011551771,0.3994586017868867,0.009147862674690992,0.004926107292075955,0.5596918270911693,3
0.025873903132684586,0.006351654674419246,0.004988783922502469,0.0037586056799549902,0.9590270525904387,3
0.10252725329973912,0.030516061695152603,0.008422719021607432,0.004412769976039296,0.8541211960074621,3
0.07623312974816189,0.7369431871363399,0.07931070155854172,0.0132649507383764,0.09424803081857956,3
0.6832008063975811,0.15509315544594582,0.02638547539006525,0.024619469932119657,0.11070109283428857,3
0.10713012877063262,0.7320109465285379,0.004580185938379834,0.02194052819948295,0.1343382105629671,3
0.04110693905678729,0.08517636054495953,0.0035099830865931237,0.003812937760911861,0.8663937795507483,3
0.05586815503628272,0.15072111912674757,0.006474121634020955,0.010355057038135381,0.7765815471648134,3
0.18035478522965767,0.15738874302485367,0.019727093226263242,0.012563508828649055,0.6299658696905767,3
0.018153592199545262,0.07347886627627415,0.002886616317781954,0.009191877207300936,0.8962890479990976,3
0.12140400000989247,0.7879172725687497,0.01171668256518537,0.007578154151852336,0.07138389070431995,3
0.04033334366142567,0.8510929443955529,0.008680886880863459,0.01369853383282555,0.08619429122933248,3
0.07540553342099916,0.013938921623408863,0.005457066919101429,0.005986444051573623,0.899212033984917,3
0.02863639068131206,0.30972182187327,0.009009544211645971,0.0048060409306861646,0.647826202303086,3
0.15917925872970456,0.08588747269171904,0.016375305978203233,0.011022780517385434,0.7275351820829878,3
0.031143405771356544,0.18172845560011297,0.007328990789871834,0.004844727391093272,0.7749544204475652,3
0.05758975461228421,0.13758961007090728,0.004510970932991832,0.00646036799573857,0.7938492963880782,3
0.017953587617296887,0.010818347823791657,0.0022242003165505106,0.0039307342844500685,0.965073129957911,3
0.1747224516165643,0.7902676737250612,0.0066527221038822255,0.0056474359479944105,0.02270971660649743,3
0.04400122028921533,0.04672969492991371,0.014139819913070152,0.0266501030230204,0.8684791618447805,3
0.01608800268075787,0.009810677920544382,0.00432949915653814,0.00411552110861754,0.965656299133542,3
0.10901572765488743,0.5300730654680401,0.007452858664282169,0.01056225521766929,0.3428960929951211,3
0.06449707199043413,0.13192302068034614,0.006216260166654372,0.006915562621733281,0.7904480845408322,3
0.2299486194597114,0.10477444737582382,0.020427007444530833,0.011189984722488777,0.6336599409974452,3
0.02209526160211238,0.04310845237937436,0.004032242919142611,0.007103894585722533,0.9236601485136485,3
0.05767968527026159,0.0296446838632927,0.0024714438747782817,0.004999772465520301,0.9052044145261473,3
0.08846757804209558,0.11415679968976152,0.018383058128272164,0.005228470917496802,0.7737640932223742,3
0.0156279361510574,0.08578393364686884,0.0037695533427366357,0.005751519032294498,0.8890670578270428,3
0.029246455765298607,0.11594636704865421,0.013130331185068653,0.004689729304660759,0.8369871166963176,3
0.015268270676883074,0.045716701125297556,0.00479307320496417,0.004235087620329155,0.9299868673725262,3
0.04967784939141498,0.14143420329355494,0.0083078821807024,0.004285474595066139,0.7962945905392615,3
0.12765754489431472,0.030801116273490563,0.004784427095239275,0.007988387594995674,0.82876852414196,3
0.11194357915987328,0.02273287238661188,0.005140493916018318,0.0063832442703893235,0.8537998102671069,3
0.7843835343419655,0.09329410046360401,0.044933295896709455,0.02716986759107588,0.050219201706645324,3
0.05702697356952382,0.03176225617513327,0.010668382147810759,0.006421320499562749,0.8941210676079695,3
0.07251784245976503,0.8503427542511331,0.02994680976499028,0.010837871929302806,0.03635472159480846,3
0.10307597509467184,0.06704958060972611,0.015248353947816493,0.012574151850828696,0.802051938496957,3
0.06875616844987754,0.37578913474838777,0.010530014770593328,0.008581503485643904,0.5363431785454972,3
0.08627999947413406,0.5546978002831541,0.029459913765183914,0.01398067851736607,0.315581607960162,3
0.7300642513858994,0.17305330075249162,0.02410928739481163,0.018788679208272832,0.053984481258524876,3
0.05897517274683366,0.05944056535425679,0.013560509435240588,0.0034782257837024564,0.8645455266799668,3
0.018926156544358284,0.883499425016898,0.008306693023846446,0.008695882222871232,0.08057184319202598,3
0.027023130805332602,0.1286010474913207,0.005754354032803002,0.005720931189764268,0.8329005364807794,3
0.050620973090301474,0.2586324484414486,0.004151774266532957,0.008511891840097211,0.6780829123616198,3
0.001617809789908651,0.024611847192755512,0.005437523054666051,0.0033357159551544637,0.9649971040075155,3
0.03327279640399114,0.034523464894382204,0.016375428629453875,0.19740284115056447,0.7184254689216082,3
0.012931539738295623,0.0811181419546445,0.005999794153931374,0.011184139488161183,0.8887663846649673,3
0.022988317929794447,0.012252387563538181,0.0010648504288542195,0.0038622543509642926,0.9598321897268489,3
0.07447177472900791,0.389820986369216,0.007316503816075195,0.008928456883847469,0.5194622782018536,3
0.020649934165320787,0.25688623728307014,0.02084570373074455,0.009848301312169237,0.6917698235086955,3
0.07903251791333483,0.09487564465801077,0.010568771565011476,0.009040318687916464,0.8064827471757263,3
0.05568375659900563,0.07173798540569044,0.00971149345784628,0.0038279182209489384,0.8590388463165086,3
0.07760154264238077,0.36640065076679135,0.011448771440146777,0.010896484873305098,0.5336525502773759,3
0.17268130700971202,0.2684127160883075,0.017169155735405714,0.008978165197748548,0.5327586559688264,3
0.02686906901966572,0.010756786538822461,0.00462692090861678,0.029369814206873197,0.9283774093260215,3
0.12537710120836193,0.07650747500588401,0.011529707877837697,0.006334246624437538,0.7802514692834788,3
0.24762049517669765,0.06553359238354303,0.005594964679499589,0.01193190935101676,0.6693190384092428,3
0.03598655758221806,0.39517681061298776,0.01851952492649216,0.00693863617025886,0.5433784707080429,3
0.07432570521730704,0.8087980393666904,0.023027646106274013,0.01685496630352589,0.07699364300620269,3
0.052570131854433155,0.15610328788490116,0.014204837879646654,0.011044191037069663,0.7660775513439493,3
0.008331347787437472,0.0547845743970647,0.002584644580448635,0.006851622782064601,0.9274478104529842,4
0.01846610815089286,0.010483890172343174,0.008203226628570818,0.006175568562384092,0.9566712064858093,4
0.10690022914476181,0.03406065830893332,0.005963512271552685,0.009041478910899816,0.8440341213638523,4
0.040479506605288464,0.08841505768858761,0.008912776277540935,0.006846755386564887,0.8553459040420177,4
0.024912478127260707,0.005680556061251218,0.0016331849830563778,0.0060337654234733145,0.9617400154049583,4
0.0026940488227348443,0.013545840761622172,0.001158437641448282,0.007070800303355869,0.9755308724708386,4
0.25585524699975504,0.07053216415866222,0.6311730501657031,0.03078797459315772,0.011651564082721722,4
0.1391890870781617,0.028929086737755096,0.0056171665667184775,0.009751336077196289,0.8165133235401686,4
0.030493580767845644,0.11750258098841201,0.015160324372258496,0.0074965726256953575,0.8293469412457883,4
0.5355200046664526,0.2701696443525927,0.00582285100558435,0.05559585671432604,0.13289164326104438,4
0.08644822328869305,0.10297957497117716,0.007465594178587129,0.011054693169737114,0.7920519143918052,4
0.08619713747888696,0.3028885250489126,0.014782273043806736,0.013796715928763616,0.5823353484996298,4
0.03597892128983,0.0431217870873963,0.00804536527775862,0.019510055986117752,0.8933438703588972,4
0.3865887828920994,0.40749313859305725,0.01365369927047274,0.03325517286713374,0.15900920637723692,4
0.07858345251481347,0.2286004447384935,0.024695337564020998,0.014371543102609565,0.6537492220800627,4
0.5489226169863284,0.16118353252801643,0.0054346263104353715,0.02535217610775941,0.259107048067461,4
0.017551533600084608,0.11995703820208789,0.003984833185051929,0.005067106170614109,0.8534394888421614,4
0.5099718806629026,0.43724750769792803,0.01969465154668093,0.019551536800437877,0.013534423292050898,4
0.08995479236428197,0.1136021629632655,0.012237885492652183,0.007120322970166047,0.7770848362096344,4
0.34591649436003635,0.4005094170089234,0.010560537346742168,0.02277245333238541,0.22024109795191268,4
0.010575684795798962,0.5579895237179363,0.012738399234700583,0.00636197051060832,0.4123344217409556,4
0.04996337967234428,0.6277455029354786,0.0029936606809130694,0.017776106442013172,0.30152135026925087,4
0.07261614624591832,0.017267302181750568,0.005274346900552472,0.007296157361073989,0.8975460473107044,4
0.061746560054245045,0.08043778001528996,0.006123181216428276,0.00624586519780319,0.8454466135162337,4
0.4038339237626313,0.08451208037817041,0.008860185995564976,0.016175728401865073,0.48661808146176827,4
0.0031317199504430474,0.003792671853251363,0.002019307885525057,0.0031281903201763714,0.987928109990604,4
0.048077378366450894,0.14502977197019948,0.017173882473313376,0.013829691707183085,0.7758892754828531,4
0.14669003980355394,0.13572807639415196,0.013821793578502634,0.017833813216018242,0.6859262770077732,4
0.01290052420632357,0.013124665232813396,0.0023792449049561226,0.0034141004058315886,0.9681814652500755,4
0.17016011755504543,0.02554229129064135,0.007726128221265031,0.010630391305049718,0.7859410716279986,4
0.17256350167997545,0.055421794971867444,0.020880816487232084,0.010345573357479116,0.7407883135034459,4
0.009919469622717463,0.01698879246344096,0.0008250956187337807,0.005255689537613533,0.9670109527574942,4
0.04859441321003716,0.06497441131548477,0.00860761976963817,0.02611239509892683,0.851711160605913,4
0.0006779056290623197,0.001449346475755682,0.0005719622792260224,0.0033072597478255366,0.9939935258681305,4
0.06656610234097604,0.859803789474816,0.01301027188216842,0.03615402523555716,0.02446581106648252,4
0.5492844174345693,0.22681669880153987,0.009650846303412597,0.040091065438903416,0.1741569720215748,4
0.031236443377176827,0.1675537553713634,0.014070330417816688,0.0068451342434305285,0.7802943365902124,4
0.026158827931702468,0.09077354829528747,0.020693663218489713,0.013281707917518242,0.8490922526370022,4
0.10148563832728406,0.19344215373944026,0.004606472496836136,0.009524152394897758,0.6909415830415416,4
0.7789144154466878,0.15625826506176754,0.013404723058208296,0.01999607849652336,0.03142651793681286,4
0.164306729698877,0.523133359253475,0.014517823144179237,0.023675660002301528,0.2743664279011672,4
0.019458967931071058,0.040794633670077914,0.01667089806927728,0.003819437701516206,0.9192560626280577,4
0.42418195657051877,0.2183083107720414,0.015870842001285846,0.02056059243354885,0.321078298222605,4
0.07593488683245317,0.7751536840014253,0.03047293492516735,0.017562602794258562,0.1008758914466959,4
0.05731696875106834,0.020075471738200186,0.0016030373585841826,0.004808709305606287,0.916195812846541,4
0.15700246367406367,0.047820970928744655,0.013860182375322628,0.008549333930662647,0.7727670490912072,4
0.019263037216455205,0.1710525622153838,0.006487459063549504,0.010121894469655248,0.7930750470349562,4
0.20477452088779127,0.23502551352071333,0.009597353658269697,0.009576771797364885,0.5410258401358611,4
0.07792625868651726,0.033762255835439035,0.027865531102828984,0.0064482106413028765,0.853997743733912,4
0.0695882848637756,0.07609153364316301,0.011254104882953435,0.006269204395938603,0.8367968722141698,4
0.011673984363244082,0.10157749284073488,0.0042329707476624606,0.005133907188066001,0.8773816448602925,4
0.21650145586131483,0.702962296212587,0.019606336536313357,0.033040407224851256,0.027889504164933642,4
0.07563315964873533,0.006936363688890823,0.005164630038069704,0.0047884254276492205,0.9074774211966548,4
0.1623215800682147,0.1260029958072963,0.006130298271332544,0.011338553717516504,0.69420657213564,4
0.012160092163879683,0.08652042552361393,0.003177894926803943,0.007630980304221021,0.8905106070814817,4
0.015011168974811516,0.050667951408321164,0.005631366850035005,0.005562471458835855,0.9231270413079967,4
0.015577683123904276,0.8778931271600436,0.0671912995364849,0.010463136427317669,0.028874753752249283,4
0.04529198206418305,0.009433889967659807,0.002551278296652489,0.006275862445021066,0.9364469872264839,4
0.03645659776002915,0.09481981753029582,0.0032793635887221084,0.0066667501647392,0.8587774709562139,4
0.6235336334115212,0.22148733669390094,0.013413294017969478,0.018960852544096265,0.1226048833325119,4
0.011306570826271388,0.6948231513747812,0.03213526128175166,0.012365488022179606,0.24936952849501617,4
0.12627930852218686,0.5923652947329385,0.003759772921660727,0.014920680250820596,0.2626749435723934,4
0.13765575165942315,0.03547658852847105,0.0014804405001529629,0.005767553060133909,0.8196196662518189,4
0.05005028850360947,0.03442996735877478,0.0035810492341493494,0.007342397217219605,0.904596297686247,4
0.04092262749150046,0.10391153559542324,0.0072280911066176365,0.007051743972659338,0.840886001833799,4
0.07417743703174147,0.1491981103851001,0.00999214463135293,0.012354162866058527,0.7542781450857468,4
0.1564238296650497,0.13968069097918553,0.0029194904177047387,0.006708428760097013,0.6942675601779632,4
0.015558764763316659,0.12137073765525255,0.018931729282065008,0.008260055340028053,0.8358787129593378,4
0.029900426941359838,0.28781739101613923,0.025531942914031026,0.008959156440150858,0.647791082688319,4
0.013458981090039594,0.09825727712728292,0.013265563709112388,0.010994769596684406,0.864023408476881,4
0.001668319205938862,0.0036091764318190445,0.001034458401705368,0.0042291245864154135,0.9894589213741213,4
0.0035401530516264612,0.049799267018390346,0.0008213458242678755,0.003766738499607194,0.942072495606108,4
0.015244208321996727,0.13308219768234208,0.0028148611905557527,0.00806160980326196,0.8407971230018434,4
0.014688215969795757,0.13238604159361148,0.0053830935307068,0.005526134924129939,0.842016513981756,4
0.1212690111166264,0.0748813309967109,0.002490438488922708,0.009099746111720628,0.7922594732860192,4
0.01490334521273504,0.9060618485722967,0.009083206312039986,0.011704464730999488,0.05824713517192891,4
0.020936609292705355,0.1060457044887861,0.019631810177872765,0.007624928283132919,0.845760947757503,4
0.7271373146164085,0.16762410021441634,0.010980892916290034,0.02039291503552088,0.07386477721736436,4
0.6201442827205498,0.3117391073288602,0.024444732382207922,0.02085116781651941,0.022820709751862865,4
0.17482470500216554,0.0851043609105066,0.0358435728037177,0.011693881432079533,0.6925334798515306,4
0.21880589424544836,0.13546687408370658,0.006435510925429047,0.06626045479626527,0.5730312659491508,4
0.09335720055935987,0.013285954560148973,0.0008693802104063981,0.0067979992958117985,0.8856894653742728,4
0.07617914182928182,0.028317475045549354,0.0031294609488584924,0.0064393749766573135,0.8859345471996531,4
0.08830580369980584,0.01046570098002229,0.0027332089442470855,0.006065403022047476,0.8924298833538773,4
0.5349950179311476,0.18397539969895713,0.010141501814992482,0.0201318829743009,0.2507561975806021,4
0.061462192881857856,0.04447569706236684,0.005446234287088505,0.010544383255218363,0.878071492513468,4
0.014579196112806446,0.02295890261337129,0.013075803087452702,0.007965566340439352,0.94142053184593,4
0.2451457226169177,0.3923792381066619,0.03660436878450953,0.10528977722533063,0.22058089326658023,4
0.008383954333779448,0.03042553512998075,0.000603642806756552,0.0038216397044527443,0.9567652280250304,4
0.008818355903094597,0.02992537422836549,0.0051900071759185375,0.005809320817011461,0.9502569418756099,4
0.041353014343713336,0.15474492229690615,0.0013535695819083737,0.0072869993047510895,0.795261494472721,4
0.37677824669005194,0.08591800790667922,0.021443541087069307,0.010496649598776261,0.5053635547174232,4
0.02338605930249002,0.041270257902314526,0.0032198315647131814,0.005445174853410819,0.9266786763770715,4
0.050742725735206384,0.766649618072924,0.039289572894220505,0.015293676297090537,0.1280244070005586,4
0.03572198329036446,0.13166623910498798,0.02182103133880558,0.008945212100875554,0.8018455341649664,4
0.07703326204748,0.07505107170656712,0.006343690429080127,0.007730307254973551,0.8338416685618989,4
0.07371172868696392,0.054237425951863025,0.013971879927545018,0.009627417980237625,0.8484515474533905,4
0.38946329373822597,0.14109509249959434,0.007540765263429186,0.012296674120421427,0.44960417437832906,4
0.02343181495128973,0.15329087260895885,0.0011917134833751028,0.008253456700567348,0.813832142255809,4
0.6633167898083101,0.14251385921887338,0.01891021880156396,0.021412106592019288,0.1538470255792333,4
0.7499966612633979,0.17077911391605036,0.006561478593868199,0.022565221327430312,0.05009752489925342,4
0.803418870666504,0.14868933819408112,0.009260856860836447,0.019666799505594395,0.018964134772984108,4
0.033898136157025985,0.8382451605551962,0.01439125780034244,0.013465597325606786,0.09999984816182819,4
0.06708996125375076,0.43356567533271095,0.021407617473246182,0.008431492204532355,0.4695052537357596,4
0.30543939881510895,0.6325466786608942,0.008541395317258026,0.024968077463353403,0.02850444974338585,4
0.008952144053960982,0.05742872042951346,0.0024724996004049323,0.0070313655252384625,0.9241152703908817,4
0.0262177844474907,0.1095208072244741,0.005514564967250034,0.006270262417058966,0.852476580943726,4
0.04636539991600817,0.025678905622746547,0.011265675807777202,0.008752268384070986,0.9079377502693973,4
0.2065245670123563,0.100990303827635,0.010714061696116876,0.01004357918519748,0.6717274882786944,4
0.09048581355209206,0.028584046955329425,0.015558323720673435,0.011731752599899257,0.8536400631720058,4
0.02392100511205967,0.0035296515629012395,0.0003600827594155584,0.004558795686926526,0.9676304648786971,4
0.06738825908002999,0.23588872638852004,0.050958906647330764,0.010117533120063742,0.6356465747640553,4
0.5357070586812696,0.17592351645651833,0.01163311685957022,0.022314362321894893,0.25442194568074694,4
0.023299659440362944,0.13069629874762198,0.028119221894296546,0.017483464878281754,0.8004013550394364,4
0.024518888058276178,0.3632972733114634,0.023344360608842773,0.011550016434954916,0.577289461586463,4
0.03781875172172097,0.864935242421138,0.0411327027555388,0.010221864954195303,0.045891438147406864,4
0.08156527000163792,0.7635095870917525,0.06508688954132871,0.011741368186261262,0.07809688517901983,4
0.15275727572631662,0.021421506564278832,0.007373653510691422,0.00878263865709849,0.8096649255416148,4
0.0828753322654329,0.07574821960150596,0.003554440651204149,0.005581111403157065,0.8322408960787003,4
0.07560812991510842,0.0679748728152253,0.004889369519724529,0.010818469441090406,0.8407091583088515,4
0.8004448847126423,0.09940648776707214,0.035131670603000986,0.02745332210783145,0.03756363480945338,4
0.7826263050995877,0.10420001814819087,0.02491351997617382,0.02374050196745475,0.06451965480859301,4
0.7174255324508824,0.1922013588267456,0.014316908730498802,0.0261888127776369,0.0498673872142364,4
0.11218488281802867,0.35694435182233414,0.021610876937980687,0.016085328032487016,0.4931745603891695,4
0.37228798334480223,0.04815795198032081,0.012259348266196683,0.015897736767881136,0.5513969796407993,4
0.04017924036533774,0.19086207759741922,0.007026497899940885,0.008313637263349077,0.7536185468739531,4
0.5479701720183989,0.07620954270642567,0.012634013059857325,0.008903055631301423,0.35428321658401685,4
0.01305815592700335,0.12982123719411812,0.004595182785449858,0.006769041044621688,0.8457563830488066,4
0.01900941911023424,0.9017663498237013,0.03439645703806345,0.01017662970184606,0.034651144326154744,4
0.6693787138288649,0.047580098517020684,0.0074968797063030045,0.01649128029159043,0.259053027656221,4
0.11108417101945335,0.013452850479418896,0.004881523361539358,0.011803727543577473,0.858777727596011,4
0.1447262349955452,0.799343975403275,0.007299020709739152,0.016118608263441123,0.03251216062799934,4
0.03322065054462417,0.10388850038079381,0.021738289712723118,0.012328720926135161,0.8288238384357238,4
0.012114312670774865,0.05300294167715939,0.0017967195156605642,0.007025720973071426,0.9260603051633335,4
0.34836071449896105,0.07213084599368919,0.004559241682265483,0.01637323738932507,0.5585759604357593,4
0.08045434000205678,0.13598784113291162,0.011912114403548169,0.01144267278661041,0.7602030316748731,4
0.017214466467227737,0.1385367675809417,0.011648065506570856,0.00656814954919394,0.826032550896066,4
0.031852260379937505,0.8713616404873106,0.019015633844638665,0.011301992918903665,0.06646847236920933,4
0.08195027377888282,0.028893795356688415,0.006368726857019546,0.017752993492310788,0.8650342105150983,5
0.02042121438366893,0.08462849313984797,0.011099937796180135,0.008250026070333703,0.8756003286099694,5
0.02342315463216959,0.1009053499977082,0.01726526102643985,0.006029228575528206,0.8523770057681544,5
0.07401197844040219,0.11634759105740204,0.034784142375508816,0.010359532026554224,0.7644967561001322,5
0.05022909375339562,0.12002056226795288,0.013644539409591233,0.008126927646536384,0.8079788769225239,5
0.7032913626896348,0.212414000996839,0.009863360208598291,0.050177488416599,0.024253787688328966,5
0.10333317419836803,0.04854023707214655,0.009093233764244939,0.009116533847075843,0.8299168211181647,5
0.12014674023553754,0.017285438340183073,0.006898665310737383,0.006963289883117559,0.848705866230425,5
0.4378534211305495,0.47839619522690047,0.01669454721621279,0.01617321221545519,0.050882624210882285,5
0.10460795788924274,0.04486435668180035,0.007715769576957104,0.024217892088377543,0.8185940237636224,5
0.06908665843650201,0.1933011106002373,0.07243465400719888,0.01923680976754471,0.6459407671885173,5
0.04150659216676665,0.23436939560963183,0.01201687166664461,0.011189913138352811,0.7009172274186044,5
0.2011858735046151,0.05027320260995671,0.01063392918891376,0.008481447229888684,0.7294255474666256,5
0.34738287346009683,0.2910458593104677,0.017677022954752424,0.010288940242551534,0.33360530403213134,5
0.07327369949407121,0.036683284348407945,0.004705848414521734,0.005290342167364166,0.8800468255756349,5
0.02677811257364208,0.21378437658191682,0.020115191254829707,0.00994978409808596,0.7293725354915253,5
0.14339431240837497,0.3510793347521861,0.011788856397982696,0.009965838625883119,0.4837716578155733,5
0.0744946467071325,0.024701068404644193,0.009265351056341242,0.007052962437294656,0.8844859713945874,5
0.04045557913692742,0.1675368911684126,0.018037102282098552,0.009191944368519034,0.7647784830440424,5
0.2876244151860961,0.4215474908519043,0.01456101101644785,0.019256336102844888,0.25701074684270697,5
0.10471951978764747,0.04629202686059876,0.008858819650261225,0.012076002627137813,0.8280536310743546,5
0.12179935195110163,0.04328498770290574,0.011001616003535698,0.007013078063466446,0.8169009662789906,5
0.053943419436450445,0.06387897021106957,0.005049989859605213,0.005763711837400727,0.871363908655474,5
0.0473770927769201,0.015525037704103685,0.003085972801671453,0.0037998313405665962,0.9302120653767382,5
0.03011412219256741,0.11437969700563956,0.020120910903613475,0.00709699916104006,0.8282882707371392,5
0.15423181770718455,0.06036046601784372,0.009373000008526724,0.011712868659075995,0.7643218476073692,5
0.24949095831723264,0.13828091707555587,0.01636465843856249,0.009619993956068879,0.58624347221258,5
0.045088720119325645,0.11518016581873047,0.010019311962701281,0.010119262548434663,0.8195925395508081,5
0.032480443523138315,0.04687735002564128,0.012145457637128846,0.006636430039526835,0.9018603187745647,5
0.3246229087575012,0.38641237872408263,0.02222524050889262,0.016318110477563055,0.2504213615319603,5
0.0012256058823839494,0.00753588652981938,0.005967596898545084,0.004294101792390693,0.9809768088968608,5
0.08501176375522014,0.1698394336789236,0.03464506552125419,0.0100188089493706,0.7004849280952314,5
0.2100089169889107,0.10479043260540209,0.00671563807404473,0.008446980693603834,0.6700380316380385,5
0.03712401531145261,0.23682402217003243,0.006337374732142494,0.00791185272465322,0.7118027350617189,5
0.7557831890184636,0.1787463916106052,0.017325965469683548,0.02148300054994015,0.02666145335130755,5
0.019375376777203857,0.02935131985468955,0.010763013910832795,0.00887418988178437,0.9316360995754894,5
0.047814972459517574,0.1261621754745172,0.013223301410901604,0.006862462135583164,0.8059370885194803,5
0.06814474648873622,0.19519754099442102,0.014233584336267084,0.008281273352789257,0.7141428548277864,5
0.04999888766800616,0.18764820539894334,0.009221490626725589,0.005259262846826227,0.7478721534594983,5
0.007223836104213623,0.08320228006725412,0.004756758666905452,0.009115944668073745,0.8957011804935531,5
0.13791814830241053,0.03494282963715596,0.011584790267704927,0.007560885747936718,0.8079933460447917,5
0.07475619473336818,0.05312219637475135,0.004059591531834866,0.00654202101268401,0.861519996347361,5
0.048748040952721616,0.06863181865056797,0.012823159594676548,0.007028823443177728,0.862768157358856,5
0.551500729656372,0.1649153784378291,0.020885415625213587,0.019520579913456525,0.24317789636712872,5
0.05752634289898586,0.03506248112238332,0.017634682156288717,0.01433364094637292,0.8754428528759696,5
0.6159683089450624,0.12441191282565701,0.024069171289888534,0.024304442574659628,0.21124616436473265,5
0.08977114768357093,0.14844651621469862,0.016795975716265624,0.009017448330271625,0.7359689120551932,5
0.025233565064084407,0.314380117594637,0.019767981635220984,0.01183484742755142,0.628783488278506,5
0.004690205980347487,0.0625178397243052,0.005987313356670283,0.004517452241056982,0.9222871886976203,5
0.02403171589923129,0.8940473141850838,0.024614258042844048,0.006997949019364269,0.05030876285347674,5
0.11578032026853524,0.2763100840247631,0.010814815237909657,0.010500443699843813,0.586594336768948,5
0.06373753585022861,0.10987444865164601,0.009376867053275149,0.008098022687833382,0.808913125757017,5
0.565701926659309,0.30124878944839917,0.02612083964725888,0.03796301286744294,0.06896543137759005,5
0.006721950132572935,0.03804799695647866,0.004358919506038679,0.004387064652870626,0.946484068752039,5
0.11577789719556544,0.07262696598304748,0.01429752489393923,0.008697195529967913,0.7886004163974801,5
0.042601963828838206,0.2844411596980055,0.006923372344506879,0.006881960558236577,0.659151543570413,5
0.3155203734270553,0.4675755308872714,0.015261524464578796,0.015833422665522633,0.18580914855557149,5
0.45114213164943134,0.35397648510121155,0.019050116944351353,0.016261910706239342,0.15956935559876653,5
0.3030683695117584,0.1697876352957129,0.017651823487242518,0.017654379845503384,0.4918377918597826,5
0.027570458209373296,0.0915851587248439,0.009355692631457184,0.009269186117206936,0.8622195043171188,5
0.014139053203524779,0.05135194562421325,0.00603453125128325,0.0048200376648745965,0.9236544322561039,5
0.03329031089267852,0.21493951476910672,0.00846450598161333,0.009638082662990637,0.7336675856936107,5
0.6415303354555287,0.30310643580818286,0.008079679649384549,0.013126022549426833,0.034157526537476876,5
0.20248259370702737,0.24781518728536517,0.013137174071067589,0.013270403473247448,0.5232946414632924,5
0.518918709142144,0.06622164118453194,0.011807872115013229,0.018672373205731625,0.3843794043525794,5
0.06637275920870474,0.028591543577846053,0.012015526965012655,0.006967207764541786,0.886052962483895,5
0.10688530350356608,0.05661205766298154,0.012380584281964212,0.009686845440674757,0.8144352091108137,5
0.04454354206466033,0.3294440279103707,0.011151433083547926,0.00658072042828132,0.6082802765131399,5
0.08592920286114077,0.10254233788235666,0.003964125905146447,0.010066268077589629,0.7974980652737667,5
0.2052156055464418,0.3997548665230043,0.008661305268588519,0.014259246939945125,0.3721089757220203,5
0.4305875621073666,0.37901468885970363,0.010825533432538947,0.019212634320764137,0.16035958127962685,5
0.08594873279129586,0.021653381945946105,0.005599764336591937,0.008411219392328266,0.8783869015338377,5
0.030672470823726306,0.14281941013958047,0.015743241462559236,0.009969531675395056,0.8007953458987389,5
0.10372899643034769,0.15940996610604757,0.01450615451380977,0.02555880029208541,0.6967960826577098,5
0.19967903171814685,0.22621186011944153,0.01063966839944392,0.007746966033430252,0.5557224737295372,5
0.033097639495762075,0.11929202840236218,0.012485067766750346,0.01054265826023627,0.8245826060748889,5
0.12424347013420155,0.06963187716663825,0.00704499478302976,0.011163888330514926,0.7879157695856156,5
0.0279111383324234,0.3107021113676256,0.007227147938690549,0.014054033180843372,0.6401055691804168,5
0.01271608785176062,0.8353609670520101,0.01933574695748606,0.006196149260858131,0.126391048877885,5
0.028143725540946674,0.07107625266238755,0.00776631666599708,0.006126013669678344,0.8868876914609904,5
0.06541894011549364,0.7571414070649599,0.013490992391992852,0.014186939152117271,0.1497617212754366,5
0.7409805203642117,0.17680652500810937,0.026198633763818268,0.02064994295210764,0.03536437791175334,5
0.03642940593064192,0.12620139278983036,0.009265447405724062,0.005912688696732811,0.8221910651770711,5
0.24768636273460012,0.44236955290250796,0.015703807151503765,0.012115948505275953,0.2821243287061118,5
0.27572554623191803,0.5213536690621472,0.010778417863001762,0.0099119210439112,0.1822304457990216,5
0.6287869273483614,0.12016598852201907,0.026888406795719005,0.021435848197478995,0.20272282913642165,5
0.09625830599137898,0.6195625263051998,0.021437218455156715,0.01565758642917597,0.24708436281908844,5
0.17861825185946084,0.5039770518357675,0.026680823370346433,0.018337986344901,0.2723858865895244,5
0.022907551962169655,0.13882248418709464,0.0060439414860452125,0.005220678477101156,0.8270053438875895,5
0.009601168776376144,0.014615984467427432,0.011418181070985044,0.004565521747909183,0.9597991439373023,5
0.12430183956285974,0.04858057161761233,0.005070980989464609,0.005751963877037235,0.8162946439530263,5
0.02291808545743096,0.17489733481574524,0.015027275550507481,0.009240636630628931,0.7779166675456871,5
0.041149930889056816,0.06081686791037013,0.0036321357879835914,0.007461990214318954,0.8869390751982708,5
0.10927512267601217,0.07449626489916314,0.008920598064769985,0.012023388243230085,0.7952846261168244,5
0.4746306428211874,0.18333076826105155,0.008996065608875831,0.013438364453447073,0.319604158855438,5
0.06272157604317928,0.303526327761967,0.009866060642106472,0.009810394736576453,0.6140756408161705,5
0.07932659797040718,0.7493856014607198,0.029727753693260164,0.008985510743731787,0.1325745361318812,5
0.06514991118572173,0.11163558840510536,0.006955600439591754,0.011032052480479535,0.805226847489102,5
0.12865514485686566,0.1145461538836508,0.018870255498493253,0.010935312283624774,0.7269931334773654,5
0.08987527489512115,0.053026689722671466,0.015796502278538568,0.009884331436081733,0.8314172016675868,5
0.7474876187110422,0.13050813994611601,0.04145611448987737,0.023728570079113942,0.05681955677385065,5
0.35329734964206344,0.3945572120919355,0.032869235561681205,0.06582254991876252,0.1534536527855573,5
0.04165506251981558,0.023866945708181916,0.004879644272969962,0.0035874389285887576,0.9260109085704437,5
0.04936886731267498,0.08226954424346986,0.00906993901154402,0.007140040455127806,0.8521516089771833,5
0.3136768155109793,0.0788058361459957,0.007592484010217648,0.01351847725747988,0.5864063870753274,5
0.0991422421207441,0.11331567544298375,0.023893740614922224,0.0075632141678537825,0.7560851276534961,5
0.03509477738680316,0.08894290505503825,0.00911532729553089,0.007980033744957035,0.8588669565176708,5
0.34685763998015,0.5969568014657066,0.014317143180324341,0.01755038045986661,0.024318034913952707,5
0.3718334257430157,0.3232330048325551,0.027007488753287203,0.05019010252253498,0.22773597814860694,5
0.023275830668524643,0.08510583620903374,0.004238553127526003,0.005212595197960753,0.8821671847969551,5
0.021391698558129765,0.0054641019251080855,0.00544642018947253,0.004380514972672641,0.9633172643546167,5
0.08207256792124339,0.7768194827615078,0.05599339500287608,0.01542734349895849,0.06968721081541415,5
0.04718275323715016,0.10073508328167219,0.011687323105549314,0.0065065650999209645,0.8338882752757071,5
0.08764482113041291,0.1228400256361816,0.012632379937077847,0.01257527874088496,0.7643074945554428,5
0.030220711972661875,0.10220873941311533,0.011167608514448672,0.004392005941555114,0.852010934158219,5
0.03927157881930174,0.12342639502539651,0.014286654964703036,0.005390278471779267,0.8176250927188191,5
0.14925292146893465,0.4087293050015427,0.015088098601083398,0.009117872085494314,0.4178118028429449,5
0.6971869998977256,0.2606074643007418,0.008442068596243425,0.019898590081213148,0.013864877124075777,5
0.035335891112304535,0.07135160729823062,0.01265089257896749,0.00997900737295417,0.870682601637543,5
0.17019837495226672,0.07896579326686315,0.009789562742243888,0.007548189432316955,0.7334980796063091,5
0.0273761023544269,0.07222471632746759,0.003713101801593034,0.006648134915700219,0.8900379446008123,5
0.07549950049224383,0.034095554271996266,0.008027486504114039,0.011227693848738219,0.8711497648829077,5
0.04360115481371828,0.08864894466418995,0.009913956747797008,0.009093539102240924,0.8487424046720539,5
0.02437230843168689,0.2189524759208473,0.004910847293436057,0.005882828111358968,0.7458815402426708,5
0.05338676422489677,0.17225022361206072,0.015884712430322013,0.00865768588119591,0.7498206138515243,5
0.024045619657602945,0.8965516158717262,0.027151765235033237,0.007362630664353774,0.044888368571283706,5
0.023899844985984044,0.09845981813431501,0.006930090605758918,0.006375661402791948,0.86433458487115,5
0.06250185071220975,0.041365016500600045,0.0066639699836589725,0.006464414985989525,0.8830047478175415,5
0.1021851847080309,0.08192622027828214,0.011925396158248015,0.009034898459243216,0.7949283003961958,5
0.28152878633551853,0.19184094689412845,0.010350833291647071,0.017382554632392515,0.4988968788463132,5
0.03292955989617332,0.01918266535457912,0.0066754771377837,0.006377693370757131,0.934834604240707,5
0.1999197866293888,0.04087981885167799,0.008110030014946043,0.010035460268956943,0.7410549042350302,5
0.16843317728547164,0.08803451096898583,0.009323227392412686,0.013280087493518314,0.7209289968596114,5
0.7470420225122165,0.1390681864557074,0.043530316583319566,0.025200298409389938,0.04515917603936668,5
0.02219149259908406,0.04265420272881762,0.005102000869266225,0.005188331244897353,0.9248639725579347,5
0.04013784540725825,0.14910466764336802,0.012329472089965644,0.009827068056128513,0.7886009468032797,5
0.09707646226164567,0.035725154148238444,0.006769852668124547,0.023032207254446442,0.8373963236675447,5
0.08908102583945282,0.14339491567767038,0.014501346021005345,0.010538002936453142,0.7424847095254182,5
0.039063062240651265,0.020087432084224317,0.008939467560843822,0.006175202684771624,0.925734835429509,6
0.008489780229409861,0.03914255527532208,0.0050728275337872004,0.004715702644075757,0.942579134317405,6
0.12943526965918378,0.05913487345633399,0.006618731218796073,0.008572032567925483,0.7962390930977606,6
0.1493226266806833,0.043275749443427124,0.006756034021229636,0.009782870443927486,0.7908627194107326,6
0.02514011999177466,0.2744819727721542,0.029164071071742324,0.006724174424095009,0.6644896617402338,6
0.06623580035103094,0.06428802440939953,0.009640456502595773,0.008263909194669223,0.8515718095423043,6
0.4841194109383154,0.05343890419790102,0.006334620104097566,0.01544345193931848,0.4406636128203679,6
0.02636980115614053,0.0068368192526245325,0.006397745477804702,0.007130897958370062,0.95326473615506,6
0.019717479170333306,0.1254701836645375,0.001833335789912669,0.005440137702688348,0.8475388636725277,6
0.053840981180643115,0.17960980973299262,0.06104335965104784,0.012602800131250516,0.6929030493040662,6
0.6060593578270226,0.16071764937677865,0.022862613852147114,0.021889933809643353,0.18847044513440847,6
0.039403271770627836,0.012319802263188058,0.003928127442972441,0.0032687951865347066,0.941080003336677,6
0.04350188690081539,0.8888080755640602,0.02246512858198811,0.008982737271652313,0.0362421716814837,6
0.02260539338882137,0.1348833123715845,0.004319627018996679,0.004850568148899881,0.8333410990716972,6
0.05218777760499791,0.16059814896889302,0.014210829773257709,0.011909109269285316,0.761094134383566,6
0.04312131037881029,0.8348100226555967,0.03165919308156609,0.009039889497757922,0.08136958438626898,6
0.05446601789762741,0.1803461253036275,0.015777205739562174,0.01433653427040285,0.7350741167887802,6
0.0386037146260892,0.17497758950900508,0.020624714237753184,0.01726546271573015,0.7485285189114226,6
0.1792722264061235,0.07819865534897678,0.013524033746985721,0.00924695296489305,0.719758131533021,6
0.1359592026317123,0.42723649917514034,0.006813782714791048,0.012801436349512902,0.41718907912884345,6
0.04614678385285893,0.1018224836046092,0.003308979320042043,0.005641493673009593,0.8430802595494805,6
0.08379275467927369,0.44058250227628254,0.03629629996501147,0.01015570262975109,0.42917274044968107,6
0.03009702680223211,0.03191554757669691,0.046873324342543335,0.0054919365521998685,0.8856221647263279,6
0.45411121613922784,0.40246111807647766,0.007267990647148129,0.01327726247490273,0.12288241266224374,6
0.06011444584650687,0.8302579109525925,0.02606259419386047,0.009343233135344565,0.07422181587169556,6
0.0738963136370996,0.7727435601462764,0.02768163778240168,0.014148615316827116,0.11152987311739497,6
0.1594890866896227,0.022059288138761107,0.005831877550871993,0.0053022232187768985,0.8073175244019672,6
0.11241449400852635,0.7776866217363109,0.008390076381819668,0.010732716079320958,0.09077609179402187,6
0.22486444446668383,0.03570249016692875,0.007839248342005669,0.011786049204064609,0.7198077678203173,6
0.120640439113108,0.7258750290250302,0.003290992656889187,0.012367904471923704,0.13782563473304874,6
0.09065186718512494,0.6649148632492627,0.005787101686330276,0.008926561267284151,0.22971960661199792,6
0.03263899180458912,0.8672402531177724,0.029182551425904094,0.008437938524959158,0.06250026512677498,6
0.04196518752956709,0.29444088742568697,0.020576479833207154,0.0059449822732265635,0.6370724629383118,6
0.08730686851116178,0.5840529819092075,0.035322929213442156,0.012363112469637182,0.28095410789655123,6
0.03756253816614402,0.13317201011327043,0.01572374991115224,0.008349528648588136,0.8051921731608451,6
0.05535108450621887,0.16875194588829348,0.005856761782383237,0.006959753675405226,0.7630804541476992,6
0.13093761962351358,0.12276749255666498,0.003382129836687598,0.005841713125068782,0.7370710448580651,6
0.09466677829901533,0.04186366381535407,0.008560675435321883,0.01555681205064628,0.8393520703996624,6
0.10166778596166423,0.06950506929036361,0.07579130216553608,0.009509978823022505,0.7435258637594137,6
0.015097491541650654,0.8853938447738244,0.007479295153789468,0.008613747683963975,0.08341562084677157,6
0.09658133157187798,0.10692504188184822,0.010825717723413569,0.009381109346012714,0.776286799476848,6
0.03158739420303751,0.02177273060020967,0.005110662447945744,0.00339358576318212,0.9381356269856252,6
0.031094850480153497,0.17324925959889642,0.002836884184207277,0.006505999468952712,0.7863130062677907,6
0.03066784806257122,0.06062887382035251,0.012715531767860526,0.005703579289366763,0.8902841670598495,6
0.034873066925359374,0.1678651921119178,0.005422279525381778,0.004804155685501519,0.7870353057518397,6
0.14467725990845942,0.04579547263744299,0.010918824013373466,0.006247498919332002,0.7923609445213919,6
0.09101044876856676,0.013561465122993383,0.0025142272391137535,0.006810755510716295,0.8861031033586099,6
0.1254202354249661,0.01706190525452635,0.0025537870197099577,0.008025473737302695,0.846938598563495,6
0.012169717941151367,0.274916243171456,0.02355160449525373,0.007180990041415023,0.682181444350724,6
0.08152600723959212,0.11719183360423646,0.015773480308568226,0.007806462888219462,0.7777022159593837,6
0.010844044464936229,0.033282892800182734,0.0040217910816409096,0.0065215447194817925,0.9453297269337582,6
0.0951759768901049,0.07544362631144942,0.002117781471773005,0.008565399330627783,0.8186972159960451,6
0.7361129237530691,0.15009626157715342,0.008524569717265259,0.02299472922400343,0.0822715157285086,6
0.028584386378058955,0.14257243554405097,0.0072545524637285365,0.006561555282794834,0.8150270703313666,6
0.10230312048388275,0.2676649761463826,0.02457147204634357,0.011769339291587027,0.5936910920318036,6
0.09429456988449877,0.22345403231381614,0.020595661653237576,0.019342998390989474,0.6423127377574585,6
0.05933596179629537,0.13290786558915885,0.024109107908175435,0.009448803650295545,0.7741982610560748,6
0.0030080323269806373,0.004065394334813067,0.0020127943798796586,0.01099639431946631,0.9799173846388608,6
0.33916618357408984,0.15654478744973963,0.016044979188226238,0.014968581138478309,0.47327546864946596,6
0.014607887642716618,0.13218793766184367,0.003721460209615935,0.003932914738695618,0.8455497997471279,6
0.03649387685626737,0.23226892329071253,0.010893214201583653,0.007187027492617722,0.7131569581588187,6
0.0877428668496487,0.06699052440392056,0.006214248240758455,0.010627270825266447,0.8284250896804056,6
0.0761776948954619,0.007234057892391351,0.0024130254027025805,0.005170822055221718,0.9090043997542225,6
0.7528499887683798,0.17920129302577625,0.007214302889080596,0.02246892204664797,0.0382654932701151,6
0.00581327639368235,0.09730487854477943,0.005434761467470134,0.004044274389580991,0.8874028092044868,6
0.08803801641880288,0.028844456933509306,0.007505139774671287,0.010439922728276351,0.8651724641447401,6
0.027750155146949815,0.052688090539715036,0.0028712359792821356,0.0036798993366891864,0.9130106189973642,6
0.2954325553066843,0.17666800650427528,0.0044513360303261645,0.013606572519295798,0.5098415296394182,6
0.05428211859474761,0.3799157229703039,0.03648556762633359,0.010472444417421232,0.5188441463911933,6
0.4397265228372829,0.4304009411378435,0.019979798967338976,0.023836596787252272,0.08605614027028281,6
0.08055775643409906,0.12317027042950443,0.0161759987188293,0.009179055663318331,0.770916918754249,6
0.06798165609635273,0.11614695654422799,0.002416411190641031,0.008268471754696952,0.8051865044140815,6
0.027042679044251023,0.12627548402516992,0.00502965567455647,0.00406142856297574,0.8375907526930471,6
0.027684021428486652,0.11063641909116259,0.017651242387736615,0.004053726341253591,0.8399745907513603,6
0.05749117887212915,0.12767234361029348,0.06191902008943938,0.012595519705742981,0.740321937722395,6
0.03228958743076569,0.015001795027048542,0.03378185866225542,0.006756774266434063,0.9121699846134964,6
0.15441195326161877,0.061217722338449694,0.009512169850047856,0.010509831045132666,0.7643483235047508,6
0.1510756466695399,0.20334910511397042,0.015756569227627946,0.02301896747039508,0.6067997115184668,6
0.02310863239161798,0.8504364072401457,0.008520063050753701,0.00808476334294743,0.10985013397453539,6
0.179544937811299,0.05671811042726385,0.005240510802516961,0.0102197774008669,0.7482766635580536,6
0.018819353716236747,0.045690095756875417,0.00739244832927692,0.0038261212042111866,0.9242719809933998,6
0.5912599361658322,0.1267539252170741,0.014130933552134708,0.02239898885933617,0.24545621620562308,6
0.1260682717334025,0.7151234986566057,0.020445135425745116,0.022378272102541397,0.11598482208170548,6
0.09975993736717478,0.07899843925088221,0.013219165481388049,0.011012764294286869,0.7970096936062682,6
0.08259054681884972,0.07106029653910746,0.0037113300257654953,0.005350177759794983,0.8372876488564822,6
0.051629810582755266,0.06808860795787117,0.008865195055950075,0.004608320120184232,0.8668080662832391,6
0.182738905684706,0.17702199460126608,0.02954709191183045,0.026387286137971238,0.5843047216642259,6
0.10647924579391013,0.10587840639954986,0.004932046137834921,0.006920934835542785,0.7757893668331621,6
0.044563735575215695,0.874517164136864,0.01123271189441098,0.015192771393284347,0.054493617000225154,6
0.024746589913451744,0.15848469829674086,0.010363271299608649,0.0074910014637338835,0.7989144390264649,6
0.5881425104421635,0.14026276249994857,0.013301116973430801,0.026316367589251797,0.23197724249520515,6
0.0442475368533354,0.1619588210853508,0.006820642800476516,0.006122490896350097,0.7808505083644875,6
0.055329322380440964,0.0978128605633278,0.004170646463388286,0.012876901057322344,0.8298102695355213,6
0.04667286470792925,0.37205813657834924,0.03651947772113783,0.008407112929494042,0.5363424080630897,6
0.6660614498062232,0.17297067315797673,0.005567096897641378,0.02538512562664494,0.13001565451151373,6
0.015117849805312259,0.23508001607474796,0.013689765159700263,0.008089419375498296,0.7280229495847411,6
0.00443129723181103,0.008037886140174985,0.010018320783515298,0.0036880049227945963,0.9738244909217039,6
0.03745463126452123,0.3462343743547351,0.009954631897925108,0.010477664941266476,0.5958786975415515,6
0.0249137372850505,0.16132930223428038,0.010230960922243479,0.01011843275041379,0.793407566808012,6
0.7531066061013287,0.17526444870290156,0.01838346180082208,0.02245563813005765,0.03078984526488971,6
0.00459151457490557,0.009951442538732713,0.0019430713833766316,0.005104458747750175,0.9784095127552348,6
0.5474224149274585,0.054453367182149014,0.016795797741282186,0.01585457821087557,0.3654738419382348,6
0.041850756441642364,0.07611045605095099,0.008154100694847852,0.005610500565433691,0.8682741862471252,6
0.07801629479922058,0.04946443084916045,0.010431415819157856,0.010086848113527235,0.8520010104189343,6
0.10743722154026251,0.1941979605946179,0.011157343222839674,0.010563209677904507,0.6766442649643755,6
0.06589195834650481,0.15910933559747514,0.015678035356456847,0.0064568581055386935,0.7528638125940248,6
0.40105018720842056,0.23658884893623364,0.012580576491837275,0.01716206374444759,0.33261832361906096,6
0.04913800463764612,0.1810043965528814,0.006519565913091247,0.006652022378428279,0.7566860105179528,6
0.4936837163214023,0.14469692422831754,0.010736434671095621,0.023258672209796053,0.32762425256938843,6
0.270143535958232,0.03686834809016156,0.018716902657715934,0.010768737439345965,0.6635024758545445,6
0.03980950604188191,0.04225166071001196,0.007256119343567052,0.004410144164392434,0.9062725697401468,6
0.13477236656068617,0.0601227297838901,0.010547242358874316,0.005970505221667807,0.7885871560748815,6
0.07368691435268915,0.08646412436225098,0.012539147853167983,0.006139822576593232,0.8211699908552986,6
0.05775580202343178,0.16932652953575342,0.022098938444865268,0.013336823716791051,0.7374819062791583,6
0.006961128720262787,0.08026839428309421,0.0021311190094742203,0.004005784509776046,0.9066335734773927,6
0.27417444416320497,0.03652706284271657,0.014252020188257834,0.016456419926768825,0.6585900528790518,6
0.0684009894352656,0.04870062573307603,0.017876868316627628,0.007200804415327045,0.8578207120997037,6
0.14981950612601175,0.047130077383352134,0.007945519223185805,0.010107304257473653,0.7849975930099765,6
0.10390405284698404,0.12671636955143942,0.02886824298245357,0.010465663583078101,0.7300456710360447,6
0.05996941811238176,0.09899290410690054,0.0037473113996112943,0.013876380642491394,0.8234139857386149,6
0.34012371686679016,0.04313717598723762,0.015945000435477898,0.011376800303633664,0.5894173064068611,6
0.08135886430275148,0.2426056955208979,0.01575856247293475,0.008793827859366582,0.651483049844049,6
0.2195309689967452,0.6720213480133878,0.01200287982931167,0.0558636088390438,0.040581194321511485,6
0.0516776880331257,0.062015186492535554,0.007820924395922704,0.005912192871317511,0.8725740082070989,6
0.41910167006930626,0.04849560670533394,0.022654213850235756,0.014307277563968344,0.49544123181115574,6
0.06392171852849311,0.08419661839617727,0.0026050394712957,0.005233911552824025,0.8440427120512098,6
0.13393719709613008,0.2587887285443968,0.04241503140383529,0.017642381823107057,0.5472166611325311,6
0.03139487879287894,0.31718804113088794,0.024468190340629033,0.011884971906912746,0.6150639178286914,6
0.029643813264308667,0.08431440414752163,0.011338982969875476,0.0063859558412162004,0.868316843777078,6
0.021317657715488016,0.14884925068046284,0.02030518618599846,0.010243502901345661,0.7992844025167047,6
0.011141026219861329,0.1271643827271702,0.01944094211943742,0.00706216538925506,0.8351914835442763,6
0.0428818033859229,0.46254737298047005,0.005729772814106891,0.011076989754884897,0.47776406106461555,6
0.023318156789908024,0.19693748527178204,0.00424552995805019,0.004648949752872867,0.7708498782273869,6
0.04742091073282667,0.03836024120271467,0.010036466295599365,0.004737696364276428,0.899444685404583,6
0.42757375160497085,0.1645260399704203,0.014238253474592347,0.013404540718640758,0.3802574142313757,6
0.12577161721772906,0.8066022035391951,0.011358864833449746,0.021525417195992977,0.03474189721363299,6
0.025223998267927684,0.8623358951673002,0.019676212309124842,0.00371860351920169,0.0890452907364455,6
0.056057515363600666,0.051539039166854525,0.00231070001510471,0.004188405480817183,0.8859043399736226,6
0.14783199771650082,0.6855181005583039,0.010683815266834559,0.014101024210191312,0.1418650622481697,7
0.014776100586107005,0.008596059659981321,0.0056097486207967,0.019415226430908893,0.9516028647022061,7
0.384205507251955,0.0783662853047844,0.006102109397076141,0.011394140735597344,0.519931957310587,7
0.02082376799199337,0.12535836567917186,0.009861429150750806,0.006126442845322459,0.8378299943327613,7
0.10923667051035885,0.0581900450329592,0.009331646712870519,0.007550970931877887,0.8156906668119336,7
0.04000087568933116,0.12385412095071484,0.011463660768315587,0.009679936542709633,0.8150014060489287,7
0.5177385205482318,0.3960327959595929,0.0034223197740056487,0.010620216860175285,0.07218614685799439,7
0.02121294471001385,0.11520444690118802,0.008457839862569263,0.008772649980203374,0.8463521185460254,7
0.1573490920811141,0.0518501117319903,0.008934960536858714,0.009935030944869602,0.7719308047051673,7
0.06526163654882822,0.03594526074850805,0.006485869106110592,0.006872458929331079,0.8854347746672218,7
0.6759549952750976,0.18641925825496958,0.015488526346898115,0.02207788034959411,0.10005933977344049,7
0.02958449927951078,0.21291870463457557,0.021580115983459706,0.006393562375707022,0.7295231177267468,7
0.1726857483934554,0.053186020772172306,0.004873297481644992,0.011116001150504817,0.7581389322022227,7
0.048741957680890596,0.8714629981538035,0.010934369171379937,0.008360921401800328,0.06049975359212562,7
0.20367292437807133,0.3299728136112057,0.019340381597892625,0.017830167859856208,0.42918371255297455,7
0.22422602333900582,0.07782035169865172,0.016292331965926877,0.007637099852759258,0.6740241931436565,7
0.03531046169692569,0.07570263993689864,0.007079516609469168,0.008565934372707907,0.8733414473839983,7
0.05126991525909441,0.557715255741797,0.031995335330784594,0.010064912440853705,0.3489545812274702,7
0.04479836008734353,0.022148922279041437,0.007489855390963277,0.006485574889035016,0.9190772873536169,7
0.07443006484603368,0.06536378442495037,0.00831053761053345,0.012496729743176933,0.8393988833753057,7
0.35812973201534193,0.2542942346729403,0.009333752755667352,0.02714632777526295,0.3510959527807874,7
0.015316190812898419,0.8392844459864117,0.03201786907507894,0.005609578102389372,0.10777191602322188,7
0.6642308376077163,0.11227032478519779,0.15449934555085598,0.020595628415051664,0.04840386364117836,7
0.02350853031345769,0.3332280426597178,0.035981912204106424,0.011042391925941253,0.5962391228967767,7
0.009985925992943599,0.10125264688909474,0.0038437702077150416,0.004710831414965747,0.8802068254952811,7
0.1699727965888084,0.11646269436095687,0.013056212024075687,0.012391534387155425,0.6881167626390037,7
0.37515321281712316,0.11488462537168305,0.010880920477664304,0.008697580229734743,0.4903836611037949,7
0.10223156926978094,0.7895274668305683,0.03347447725430536,0.0166534492439061,0.05811303740143944,7
0.06374828449816673,0.2674800503623532,0.009970157792929266,0.01245006086517605,0.6463514464813749,7
0.11094002926113294,0.5293268415694525,0.008570311461700392,0.018623836197135535,0.3325389815105788,7
0.6372362197412992,0.2736221463590307,0.013913136126521487,0.014901339568026145,0.060327158205122675,7
0.02530467643868961,0.09728983316800296,0.0035900353969033696,0.006129029150291582,0.8676864258461126,7
0.4048846435591393,0.3354618480618482,0.010126367534157936,0.023089313351442084,0.22643782749341246,7
0.027347525263649513,0.20897688315408516,0.020794479785579054,0.008264699107586522,0.7346164126890998,7
0.020326337164989005,0.1419482884276209,0.02092549315500368,0.008329973646834375,0.8084699076055518,7
0.18236595766749844,0.032961551953045475,0.004468665094452126,0.012340742505717194,0.7678630827792869,7
0.07807409581557105,0.8470059329059311,0.006234106778699576,0.007240209855708842,0.06144565464408946,7
0.11983697672048169,0.026328141321186136,0.01171042085215198,0.010220576184036845,0.8319038849221433,7
0.14137183055332844,0.08221901660746597,0.00999951677903882,0.008445690289381412,0.7579639457707853,7
0.275797121343871,0.052296633798827444,0.01354349936606183,0.008569180292553633,0.6497935651986858,7
0.13863822846751395,0.09153565253008256,0.011417289061385531,0.010489717386027508,0.7479191125549906,7
0.09296371620809138,0.13341837576979954,0.011364761372430995,0.010562522313310464,0.7516906243363677,7
0.13539533816237356,0.5387320455669815,0.012074234993808325,0.011903187604477165,0.3018951936723594,7
0.05539472654664671,0.011441724785568335,0.00429965247299314,0.0056965177199852415,0.9231673784748063,7
0.08244727498700838,0.28765656521314786,0.021734843492392655,0.009850656540550265,0.5983106597669008,7
0.053787800618199176,0.11231648249056635,0.011294820430418724,0.005933116183203478,0.8166677802776118,7
0.07156777158108012,0.1932849074597288,0.01584992803239312,0.011798648537736718,0.7074987443890611,7
0.05091135157045111,0.19244862493541592,0.019159727079481232,0.0062377271612680885,0.7312425692533835,7
0.10272011229321575,0.06423795026978825,0.006629819494306355,0.006849598339974392,0.8195625196027148,7
0.029590599787770094,0.1595675286885637,0.008594580168100718,0.00792237231166807,0.7943249190438977,7
0.036629042340076,0.1009943552783928,0.004845816919755106,0.006487213692783249,0.851043571768993,7
0.059402559097441986,0.2390960269001377,0.00451607484428901,0.005215668475417025,0.6917696706827139,7
0.13768422306439046,0.29411015916791433,0.010702186807002079,0.012999046888124694,0.5445043840725684,7
0.05247333004006554,0.15543640921243346,0.006030332008604898,0.007142044495753058,0.7789178842431428,7
0.037247401580390506,0.11510228877121215,0.014124032953832267,0.0080865412250276,0.8254397354695376,7
0.07350868739704247,0.05742650076615898,0.013933048834623986,0.008467172082048925,0.8466645909201257,7
0.05882349186985096,0.12890186899757913,0.006218285266525465,0.007958589791196017,0.7980977640748482,7
0.027885215773717772,0.16508503632828053,0.017228072480434144,0.00903710151800777,0.7807645738995599,7
0.039269914519744833,0.18391834673467258,0.004864276539125849,0.006994683113382677,0.7649527790930741,7
0.1028148840419945,0.04377419200596038,0.010735926636782932,0.005547154769066354,0.837127842546196,7
0.01249207456085715,0.04886902415117159,0.005726167946741578,0.006187617703219783,0.92672511563801,7
0.20551784907116155,0.6022812967901864,0.010770980581283278,0.016387396317940842,0.165042477239428,7
0.08264887363090312,0.10688063091252717,0.014386324286492702,0.00802478811639786,0.7880593830536794,7
0.062222840599920774,0.03060100232850315,0.015275183918892045,0.008956884437523892,0.8829440887151605,7
0.09247076017092364,0.3255119038015642,0.010881235270693486,0.008499930690639706,0.5626361700661787,7
0.02704081612655395,0.015514153385738307,0.004370480965167352,0.006479431429439563,0.9465951180931009,7
0.21430005414872413,0.20723792685960488,0.024186675065109825,0.013259400323592853,0.5410159436029687,7
0.09375875849433489,0.12457693130651129,0.011552015393783517,0.006358815936105739,0.7637534788692647,7
0.021620976297130046,0.19320139158874722,0.0038851840665757847,0.008944009756144886,0.7723484382914018,7
0.012505045414973435,0.1187584457292738,0.006923800988012511,0.006875978248023687,0.8549367296197167,7
0.05531112316516548,0.26556303071732423,0.013583722621821314,0.010819395293914883,0.6547227282017741,7
0.05765401359553199,0.7728701497280772,0.019554588399420876,0.01091272042739046,0.13900852784957946,7
0.18526558251782319,0.02625546495676417,0.006421734975353277,0.00861955695947376,0.7734376605905857,7
0.012457358889031647,0.24813321236724775,0.007319376034754172,0.008357415742778197,0.7237326369661878,7
0.028484502962534044,0.10232432390918401,0.013091743156790946,0.007594533420545264,0.8485048965509459,7
0.1247852110440197,0.03852016515081787,0.026567427815784576,0.007454487282618511,0.8026727087067594,7
0.6472468138425755,0.11614590207160061,0.1604005564609816,0.021167816776621218,0.055038910848220976,7
0.050084803723154235,0.035265972076063225,0.008859104578659174,0.008135318911491012,0.8976548007106324,7
0.15537896043471588,0.020136453639031496,0.006381835218916368,0.007124101671368484,0.8109786490359674,7
0.07538771691403764,0.10197101906839327,0.014029081021682089,0.007263392865420089,0.801348790130467,7
0.16793247745557224,0.08428229415348093,0.00744251949960833,0.01441933864717847,0.7259233702441599,7
0.04167868652808545,0.043703000633399346,0.04023136130051225,0.009078043984145558,0.8653089075538575,7
0.004909146008261207,0.02289052062482945,0.00633623780986137,0.006544024043081243,0.9593200715139668,7
0.06501001213061128,0.27894584495727587,0.009152627608517455,0.012905349749714159,0.6339861655538813,7
0.6748435321318745,0.15363892117917205,0.007666244150219615,0.02541996326398894,0.13843133927474502,7
0.049151337730866634,0.02249873787629879,0.007432660384223719,0.008508625990458667,0.9124086380181522,7
0.04466590641951606,0.1698751816957485,0.006591809705227985,0.006569380538883264,0.7722977216406244,7
0.018828810830435732,0.07684420927396012,0.00836413133992954,0.006213750012581539,0.8897490985430929,7
0.0707693867696051,0.04151291699541731,0.005769203491221471,0.006243363844377334,0.8757051288993787,7
0.3283198289737832,0.3429953506778746,0.007051518942053992,0.009307071775807805,0.31232622963048046,7
0.04411698007416091,0.1257844812928178,0.0055977925503699925,0.008052511487136016,0.8164482345955151,7
0.40517060275195815,0.17253065361813733,0.010859791363790238,0.01736643347463751,0.3940725187914768,7
0.03991104247505434,0.34634233749603244,0.004869506756610774,0.009322874910798343,0.599554238361504,7
0.008501359174378921,0.004301461124302959,0.005859995612964068,0.004335204409502665,0.9770019796788515,7
0.07848645540621668,0.7850149442662854,0.018913515738631773,0.010647805382564723,0.10693727920630157,7
0.01400201934154913,0.876609775821989,0.013018105102046327,0.00692092756614962,0.08944917216826594,7
0.01156687735711319,0.006165171470980225,0.0031975562132280705,0.005597148645910808,0.9734732463127677,7
0.0166652356249921,0.09048352630963018,0.012093555492274078,0.006623895964629389,0.8741337866084745,7
0.12320855149157561,0.08230794079443607,0.01345587068465014,0.006500665493312552,0.7745269715360256,7
0.06409349793664966,0.023177789564621895,0.009035800773617042,0.007695432176465921,0.8959974795486454,7
0.011895773279427285,0.04882578597380815,0.008463265082792491,0.00630564314240906,0.9245095325215632,7
0.055775022237372816,0.008452425896858256,0.005548505506375092,0.007205508382534161,0.9230185379768595,7
0.061330545403336885,0.0706501669283333,0.01029548277505905,0.005546370969203767,0.8521774339240673,7
0.06156926715013909,0.13637438786375092,0.009653015301344721,0.011136643963883034,0.7812666857208825,7
0.1623271895139704,0.08953209826540835,0.017905333116607712,0.009996322995340659,0.720239056108673,7
0.11416341307843393,0.013596505791907795,0.0043400641603210605,0.008058271887791488,0.8598417450815454,7
0.19073168302724236,0.5742019327097777,0.01207554421747183,0.02012550490893771,0.20286533513657043,7
0.052732822087055445,0.11578245893959328,0.006362958972686456,0.009687296997327751,0.815434463003337,7
0.037889090550066895,0.042984586415793224,0.04473473604898731,0.009596225351604839,0.8647953616335476,7
0.04468767580002655,0.12040209941675863,0.013404557660628336,0.005880746647238826,0.8156249204753477,7
0.12298230530348114,0.06612815625800218,0.009396106513982996,0.008319571431409404,0.7931738604931244,7
0.011960794105152616,0.9211983161718674,0.013500111069108613,0.007893385001384586,0.0454473936524866,7
0.1263436388392923,0.10661035967325536,0.01641889328451491,0.009443899120529066,0.7411832090824085,7
0.027525764789107,0.011017653658986696,0.00482577358123008,0.006422371410056476,0.95020843656062,7
0.04972367840603518,0.009239660500811063,0.03873186479237367,0.01893776208171606,0.8833670342190638,7
0.15923178446010955,0.09110553922776847,0.007550617974132282,0.011101695612366316,0.7310103627256234,7
0.031354539440543304,0.13579394255840943,0.009698095212300214,0.0089073043432147,0.814246118445532,7
0.02715083507013799,0.09073528166954321,0.03562381414419787,0.007274041569216889,0.839216027546904,7
0.5871530850819335,0.1026178510850487,0.021774105721674836,0.022907891983824164,0.26554706612751905,7
0.02796129811073523,0.06178426787908595,0.01607298678256053,0.012034231030751203,0.8821472161968671,7
0.03242289354161805,0.0698264182704845,0.018594926448452436,0.013641258591198706,0.8655145031482464,7
0.1471980982868877,0.060762357939527015,0.01580430273000935,0.007714344184580144,0.7685208968589955,7
0.0866299103894502,0.016374511771170306,0.009508071273959378,0.007168144274368496,0.8803193622910519,7
0.00905090876242274,0.18243503358979418,0.008499058781795446,0.0069226940495595215,0.7930923048164278,7
0.10601960580336296,0.026842341924703396,0.026075885678907694,0.0059891863209738895,0.8350729802720522,7
0.04354934942765241,0.8379819030795709,0.01238869012597057,0.014450981558603655,0.09162907580820227,7
0.03618043965916474,0.8358828277586069,0.02434030788986171,0.010498988940122014,0.09309743575224484,7
0.012163083655429032,0.06401656719167485,0.03203754435301915,0.006791304777227446,0.8849915000226495,7
0.06411547871860811,0.061215905870565766,0.021936896453457904,0.021274776524205646,0.8314569424331626,7
0.12366678747952423,0.022994567033533312,0.008016576173435134,0.01017953329010692,0.8351425360234006,7
0.055772196930119006,0.8387383177755807,0.033030463435571804,0.010247481509055242,0.06221154034967303,7
0.1567802004784358,0.11094643347857615,0.01297930780527318,0.011154771630443887,0.7081392866072708,7
0.5323361343450702,0.3665613549002403,0.019627384349001974,0.037329596751051644,0.044145529654635855,7
0.013662172504476544,0.09609573625010209,0.006661386461615198,0.005757559383964327,0.8778231453998416,7
0.10294705250186385,0.07695387302663204,0.012628730447618943,0.009220347649704221,0.7982499963741813,7
0.1171398138064111,0.07285123194172997,0.016190176420033654,0.013154215194536339,0.780664562637289,7
0.1329154486807562,0.05789467598307853,0.006366486197027117,0.012339391730745693,0.7904839974083921,7
0.03634421775747315,0.08875857323512128,0.016483881032336747,0.0076591590696492105,0.8507541689054195,7
0.021421398746893052,0.04335186095463946,0.0013903835527607567,0.005120782587664365,0.9287155741580424,8
0.4120360039143451,0.15936081243394115,0.01978987668185094,0.012763243828779943,0.3960500631410831,8
0.02084090831882715,0.010638011703986422,0.003472469866533341,0.006793779169188388,0.958254830941465,8
0.02276918404547725,0.10795829962106435,0.004521893068396721,0.006957871731959965,0.8577927515331021,8
0.11289566384354884,0.05510213106801751,0.009965933487218014,0.015011188332856962,0.8070250832683588,8
0.041824910707453686,0.19208671591129947,0.005094654299772361,0.005626150497773205,0.7553675685837012,8
0.0485714217264655,0.1365896611478654,0.018412526325228447,0.011291322914058355,0.7851350678863822,8
0.06854979493933795,0.823840734969112,0.010728542101969113,0.035559893100109013,0.06132103488947128,8
0.5150599997668482,0.2038742719787291,0.016225173066242583,0.014825451634007232,0.2500151035541726,8
0.030739241008661242,0.2786098077065291,0.003757392377124055,0.005538871256872117,0.6813546876508135,8
0.016223289192212532,0.11080508346104621,0.00572493252129291,0.00767750862193697,0.8595691862035111,8
0.06158095496026132,0.04304403993276195,0.00851733060489957,0.006478297253776435,0.8803793772483006,8
0.02950999451655355,0.35933313771434483,0.0035363126622796975,0.009542018419661041,0.5980785366871612,8
0.03612762705246628,0.0074633829037611295,0.003133963804807965,0.004710770963943122,0.9485642552750216,8
0.15482843408376032,0.622897672865294,0.011640678938992293,0.014627189550255793,0.19600602456169755,8
0.07671271692207408,0.11398969874063093,0.019477569800269674,0.009965355047459046,0.7798546594895663,8
0.0396899479604308,0.005075418291414214,0.006948812001876318,0.00956014778189594,0.9387256739643831,8
0.049957645297112926,0.2231236630134511,0.016027314858653597,0.008467240994305446,0.7024241358364769,8
0.07912191724460796,0.37188241225953045,0.013114390097109848,0.006430388550096653,0.5294508918486548,8
0.31024738741755115,0.4529402456782071,0.023836361886273697,0.02054161002864839,0.19243439498931963,8
0.041409985932549985,0.8471594969954663,0.011273867979980578,0.007834269044386095,0.0923223800476171,8
0.024984407778497766,0.1600877949112126,0.006014460263283853,0.0064755406893179076,0.8024377963576881,8
0.08050454850750342,0.05948743933994205,0.005531015621869795,0.005932115336254595,0.8485448811944303,8
0.03056166861758098,0.11103304425474805,0.0038604876658719324,0.008700711720665607,0.8458440877411336,8
0.2754916220242698,0.583403513647959,0.03162280718250062,0.012619244340402777,0.0968628128048683,8
0.048181024922805744,0.04933945108877984,0.009248357748881685,0.0072237485002562855,0.8860074177392759,8
0.1091635226952191,0.1768664555630822,0.0130242843751988,0.009550026867611127,0.6913957104988889,8
0.047515803481301744,0.18701270596323505,0.008796936871301527,0.009514976636580403,0.7471595770475814,8
0.09375665044923397,0.4346512505604815,0.007384568359191787,0.01296632765320758,0.4512412029778854,8
0.3383528194576978,0.12368480161595405,0.013145353830244016,0.014070423915139909,0.5107466011809642,8
0.6876461671055214,0.15701518249649996,0.008756231891200185,0.016579670664725616,0.13000274784205265,8
0.019917301363994038,0.2137753334010683,0.009407522103304106,0.00734102002588655,0.7495588231057473,8
0.028253032813185742,0.16480732007224727,0.008528768356031391,0.006413207755421016,0.7919976710031149,8
0.03302121249557508,0.06232052128833641,0.05531635982544113,0.007983555806571094,0.8413583505840765,8
0.04844533833884303,0.10338217149429474,0.003199679965502474,0.006354294651558277,0.8386185155498013,8
0.6790501052358174,0.23133680909677082,0.009481754022191986,0.027041703752713427,0.05308962789250646,8
0.05269100825823005,0.4678017878692206,0.009675880232705773,0.00786049152751247,0.46197083211233064,8
0.07223653782086181,0.785492370216502,0.013459430998974247,0.012297236348328024,0.11651442461533398,8
0.05134657811632955,0.052741064839380396,0.014042652183363624,0.0048811502401799635,0.8769885546207462,8
0.022840394424285322,0.15406566381740414,0.004313095134596205,0.007806659819175732,0.8109741868045388,8
0.05935503310993534,0.12702879621258023,0.024716876531389657,0.007120863229374467,0.7817784309167204,8
0.05662877300664012,0.4681392819405943,0.026294145305047905,0.010276562742690627,0.43866123700502696,8
0.09048168999870357,0.03331467312409153,0.0018720938324251494,0.007177429198643403,0.8671541138461362,8
0.08648644051704374,0.537620367938405,0.005612683669262007,0.012855045667223886,0.35742546220806504,8
0.06148632760565982,0.028582911983618883,0.07787792723147305,0.013752042439226508,0.8183007907400216,8
0.014113402204041645,0.113105559529762,0.005028134710435104,0.005464295424481421,0.8622886081312798,8
0.09963841422587953,0.7086407242577804,0.04172032468112251,0.00738716363672976,0.14261337319848816,8
0.06295033165534165,0.1267620887031427,0.013913608848677563,0.009965177781434768,0.7864087930114033,8
0.036720810760417284,0.24157705829206783,0.013561849081158008,0.008364293005940259,0.6997759888604164,8
0.11207951596612806,0.03927502763750347,0.009872608852230791,0.0077681307262759715,0.8310047168178613,8
0.019822825317496563,0.039581636047178057,0.009443001435907268,0.006712064313299598,0.9244404728861183,8
0.009403315502184591,0.04804247866283721,0.005137283894154916,0.005025789175128278,0.9323911327656947,8
0.02883881463604666,0.09242255036845545,0.021447308761488423,0.00852377120345765,0.8487675550305521,8
0.07912548841334283,0.7747299450966558,0.07204110958642246,0.01869913322746883,0.0554043236761101,8
0.27209385750956616,0.5489550836393039,0.025313362872428736,0.011667575459784895,0.14197012051891628,8
0.05458896515447826,0.30839068845661444,0.011101486804558951,0.006076791027923589,0.6198420685564249,8
0.06216619994549649,0.0823784763597886,0.005791671674926816,0.006480145265115941,0.8431835067546719,8
0.03881122060569226,0.10029971981813558,0.010455994463508169,0.005899043101342854,0.8445340220113214,8
0.022786273875581776,0.05498215694812181,0.008658600934129665,0.005921767285951226,0.9076512009562154,8
0.014911574412394598,0.08292252634776127,0.00812452177489627,0.0063310153585762405,0.8877103621063719,8
0.01879919717358845,0.09483933599903041,0.005168669775414389,0.0070210500849346635,0.8741717469670321,8
0.09324785206454703,0.06834658357802349,0.00519397948026559,0.007897570713821005,0.8253140141633428,8
0.08516155094799469,0.5603305020604626,0.004754773527134639,0.012363144780141657,0.33739002868426626,8
0.04155943695856124,0.894400363677435,0.011396332978877483,0.008422701182947481,0.0442211652021787,8
0.17054752197076775,0.20248111572441455,0.05386430585763883,0.028669798051383616,0.5444372583957949,8
0.04678821398834787,0.04219438161797453,0.007529548172234827,0.0062995163109284495,0.8971883399105145,8
0.08307716248841557,0.7902596238168755,0.02434643222200948,0.007813205549008289,0.09450357592369098,8
0.01905221230730341,0.14026247269246606,0.002599631848248173,0.0061891412832649345,0.8318965418687175,8
0.05724559284383802,0.011680551212314141,0.005070571309698473,0.005846105929758562,0.920157178704391,8
0.05257122407386802,0.14345432967001465,0.020401047960467534,0.009488422950228217,0.7740849753454218,8
0.06513232102724051,0.8019837906898861,0.010505323548795237,0.012034900299383818,0.11034366443469411,8
0.02786772127828062,0.32308429091771423,0.015263975098626483,0.007687279363259911,0.6260967333421189,8
0.4295535992999974,0.24707818316855376,0.008401489512747927,0.01897121688063635,0.2959955111380646,8
0.16947295677572624,0.04394122332629816,0.02364253683298455,0.0064586676683724255,0.7564846153966188,8
0.006829627163002257,0.06463631531045307,0.007806002938254133,0.0063091245014424745,0.9144189300868483,8
0.12467689184248378,0.04614962077871654,0.01932635658104617,0.011965622619908314,0.797881508177845,8
0.013850330424285278,0.5829337440927302,0.009071784736355034,0.007604269820705157,0.3865398709259245,8
0.04996210776143939,0.06842448991534185,0.005144328202072776,0.006966822815706411,0.8695022513054395,8
0.4827688317249785,0.07825887189367974,0.02810488955680048,0.01794012613733099,0.3929272806872106,8
0.04365429259103969,0.5115320563836778,0.012207917025342139,0.012188767884657998,0.4204169661152823,8
0.04667221082491252,0.06220432766876736,0.004263675725317626,0.0062405826126008725,0.8806192031684018,8
0.0576222613013764,0.09468821890140297,0.011937144070156993,0.00941859888755536,0.8263337768395084,8
0.1032240709319733,0.03769633889083075,0.0027687298888285053,0.00839244010226751,0.8479184201860999,8
0.07321599170844398,0.011734436202249678,0.007069057352345942,0.007578386939930652,0.9004021277970297,8
0.46133077669539724,0.19684000942326654,0.006985655345678005,0.02292177069880563,0.31192178783685265,8
0.06216328019840345,0.1083129887857176,0.022226779807474194,0.009566634406889428,0.7977303168015157,8
0.01750482510421377,0.018313879062821073,0.04089080804685186,0.0064535147554558355,0.9168369730306571,8
0.13519897562877137,0.0377396961111159,0.003961605518151275,0.01197430022504445,0.8111254225169171,8
0.027499450737827957,0.4633679128560556,0.002992729501075445,0.011173006541396888,0.4949669003636439,8
0.3717636630057637,0.4985713677011148,0.03313435652805633,0.016766761261784627,0.07976385150328048,8
0.06679297116468899,0.5465297520208117,0.003556132803009411,0.010469579153292066,0.3726515648581981,8
0.025721646921203968,0.07135471764797348,0.01037743246851821,0.006087839256068594,0.8864583637062358,8
0.5474463799942549,0.07476356637782414,0.021156701280615517,0.01706169479393622,0.3395716575533691,8
0.11631657731831863,0.036284666633435256,0.007648898228368046,0.010986989878179637,0.8287628679416983,8
0.43621269764947385,0.13045877577742682,0.011323617852544876,0.014902483440618373,0.4071024252799362,8
0.14865710169166546,0.481008226250836,0.01200361404942777,0.008219487203207912,0.3501115708048629,8
0.2469954338891481,0.04203247076416455,0.012891092195719206,0.01363072248625064,0.6844502806647177,8
0.4226847717315562,0.3661898918978502,0.005127742769923086,0.018246194064041356,0.18775139953662906,8
0.04911207998899758,0.06423124482937602,0.017025377921936133,0.006050250535545843,0.8635810467241442,8
0.06873484743505394,0.25483027651098994,0.01343334033558692,0.015314538969592216,0.6476869967487766,8
0.042006058549513385,0.10905423497270568,0.007620397723282315,0.008369878303255203,0.8329494304512435,8
0.028445948457531487,0.14164295306075242,0.0035618573442833747,0.008137926453237448,0.8182113146841952,8
0.4539283774185838,0.05549259491828636,0.010809410015273347,0.01548480554471817,0.46428481210313804,8
0.7598184461323788,0.09141547713425988,0.10355346389193586,0.0186579454937468,0.026554667347678567,8
0.140108482816012,0.028134192828270444,0.012338215745264417,0.008938009226736328,0.8104810993837168,8
0.024239361492464716,0.8813122110744869,0.01019640355106102,0.006977310698982484,0.07727471318300501,8
0.03202085771179675,0.14549995556191408,0.03598896387723739,0.008108089255003571,0.7783821335940481,8
0.022941343104162248,0.025283771275064287,0.004401056561495245,0.006320211144137811,0.9410536179151407,8
0.09330309598298527,0.013883694937956348,0.0031670965509845595,0.008077252838525525,0.8815688596895485,8
0.050050700631857674,0.06049173911630823,0.019444024623481115,0.011103717988169413,0.8589098176401835,8
0.01795421498757153,0.10796699381008149,0.0012890608082063945,0.005217572362175861,0.8675721580319644,8
0.18423199048587172,0.7389394686378955,0.006304360141148471,0.008880771194845254,0.06164340954023917,8
0.07066159034048723,0.027848134321869195,0.006220864881398642,0.009374535413600624,0.8858948750426444,8
0.00428582540541517,0.06797256345986193,0.0009496868875168314,0.00687404284174978,0.9199178814054562,8
0.022745029571309982,0.08261931280474584,0.013090031897805584,0.008421636525099096,0.8731239892010393,8
0.3719871112575431,0.5501814991149576,0.002165266588482035,0.008492603432745407,0.0671735196062721,8
0.5011778351880902,0.4325759151205474,0.012705087425329789,0.021206762934805605,0.03233439933122691,8
0.16576054447686772,0.24305224826568136,0.006517555911695429,0.010706104904248337,0.5739635464415075,8
0.7479557165264716,0.19453860204492862,0.013068220044672492,0.02760257400102383,0.01683488738290318,8
0.13438068226948954,0.0331705870245419,0.029077462654788912,0.017523375023244667,0.7858478930279349,8
0.14408731072766418,0.7130302137312572,0.0164712257705823,0.014750100675109614,0.11166114909538656,8
0.009276276181784558,0.20070456169120804,0.008293475645590472,0.006839216568734177,0.7748864699126831,8
0.7356988067138556,0.0508841426814058,0.005194726531979094,0.030153681507117867,0.17806864256564192,8
0.0378250797137823,0.20841344979824497,0.009174608008317396,0.006075318856387836,0.7385115436232674,8
0.00850963452022357,0.015435177019460788,0.027095584929138532,0.005662152870349369,0.943297450660828,8
0.14214716549917797,0.11890652545902747,0.024535467760122963,0.013863818188687066,0.7005470230929843,8
0.01721196105765718,0.0793749183147361,0.0025866166955161485,0.004625751478986857,0.8962007524531038,8
0.03958432042745155,0.8872986511787074,0.012014264412360738,0.008815435969052364,0.052287328012427796,8
0.3470737049219573,0.5178335750571039,0.011736829609501911,0.024026420111751882,0.09932947029968467,8
0.09889604022085813,0.044286305386060716,0.010877096285348836,0.010605511025848018,0.8353350470818839,8
0.0538833306461313,0.15921964868650576,0.018564759901791093,0.00674506711586132,0.7615871936497101,8
0.3282673446816897,0.05831178717109441,0.014294588406412434,0.01388904198293219,0.5852372377578713,8
0.016089702536488486,0.03202274791018562,0.010584378778501062,0.005905101274033291,0.9353980695007916,8
0.019563066903102565,0.8746064289226281,0.011197194172684305,0.007885126806504527,0.08674818319508042,8
0.3435170263668861,0.28532743918259335,0.012481407191672723,0.03038968218346731,0.32828444507538046,8
0.059282989942282864,0.5348576456051334,0.016117402759944457,0.012971951075755434,0.37677001061688403,8
0.02621716117435553,0.051087596301939805,0.08239433656599791,0.009898462892284944,0.830402443065422,8
0.09092475762239459,0.17829993153209656,0.014844801419621516,0.012677514919660448,0.7032529945062269,8
0.011631867683111146,0.12002772653744073,0.002186531453235945,0.006634786835702719,0.8595190874905092,9
0.6688997875192154,0.21714044347377287,0.01696740157474748,0.02029617890410388,0.07669618852816064,9
0.07433057567308349,0.11440975637017617,0.003965812880218729,0.009183530389860462,0.7981103246866611,9
0.10441203495063425,0.6593895736104113,0.014315533466714127,0.015902484523140196,0.20598037344910028,9
0.7135225327800504,0.1634318039687204,0.008981034518969165,0.023612383381298434,0.09045224535096136,9
0.022342812648673445,0.06837843386862022,0.004540785209135935,0.005667009963427612,0.8990709583101429,9
0.044036117897525,0.2160531097596575,0.005616393886519897,0.008308552432553238,0.7259858260237445,9
0.2889092535257628,0.060718528033173666,0.007260429388755715,0.011841560141716695,0.6312702289105911,9
0.020289558388979584,0.11129297637386606,0.0032424246311059763,0.006209645396430938,0.8589653952096173,9
0.07959992353290504,0.046441093362825155,0.011121816230598254,0.007620928989254288,0.8552162378844174,9
0.169189603728153,0.03854432146364136,0.08559555329006302,0.012429761117313363,0.694240760400829,9
0.05022469616832807,0.40970110048235614,0.009349432439586233,0.009826422115080613,0.5208983487946486,9
0.6640037872605932,0.10863172418622612,0.03863071418152758,0.02285346658634979,0.16588030778530308,9
0.02012970825401168,0.21164526999413383,0.01065850639309011,0.007088164990661871,0.7504783503681025,9
0.8339223022020988,0.06501546114607262,0.018260640912292268,0.0274909221650231,0.055310673574513004,9
0.01333384037989104,0.6633552358609802,0.03717212392707934,0.011285361059956726,0.2748534387720925,9
0.17397062379771278,0.6370310350047373,0.006699428699733056,0.016612925692538534,0.16568598680527863,9
0.2458587752614095,0.24760195403317922,0.01575464009190574,0.017632670916122396,0.47315195969738316,9
0.024811288447171863,0.11162132204376726,0.0033634011343051033,0.006898723120196607,0.8533052652545591,9
0.09207040379855061,0.029742665863820215,0.004183670484933231,0.00728849564298711,0.8667147642097089,9
0.0181596998711337,0.13249573498450082,0.012288487177476246,0.006517912273227723,0.8305381656936616,9
0.07674423651707984,0.7901027583831625,0.09117807664630964,0.01587951074006061,0.02609541771338749,9
0.05742072765974403,0.019477107405077347,0.005527741939323561,0.006763511235055474,0.9108109117607999,9
0.043608230924285396,0.12052509507285912,0.0017712650990704144,0.007297091216109517,0.826798317687676,9
0.07575038372929446,0.33952172545299375,0.005777532240686414,0.010878667963518081,0.5680716906135075,9
0.073960060526324,0.037593048093779884,0.0053948371504546535,0.00755136302901051,0.8755006912004311,9
0.09671460370796821,0.015809886805938984,0.0050770177945970415,0.007496151840253184,0.8749023398512427,9
0.11369700197772302,0.6619178530774148,0.007080994512453889,0.01875523640156242,0.19854891403084607,9
0.09145767335392678,0.09643493449515064,0.02635245148173582,0.008907569273756277,0.7768473713954304,9
0.13276463441124353,0.06909565471702558,0.019983018049467255,0.011082144897793734,0.76707454792447,9
0.023935326168683643,0.1122457200972629,0.0048123448893599,0.007216786019963015,0.8517898228247306,9
0.07570629305011586,0.012508052256412107,0.00392178016582001,0.007110671525105147,0.900753203002547,9
0.045027478563986555,0.007574384611762315,0.003464149145561563,0.006299608205908935,0.9376343794727809,9
0.04164099308427922,0.9069742567337395,0.007174002928610761,0.016209079543817465,0.028001667709552834,9
0.09251246631537577,0.08507545920874805,0.011316195660874216,0.007510908725429613,0.8035849700895724,9
0.023183543810817487,0.8525440279496077,0.00688696394712267,0.013410077378884023,0.10397538691356764,9
0.014596982235134164,0.05260611880513409,0.0024741669490323235,0.0058904698956000695,0.9244322621150995,9
0.34713351885966365,0.18714112312193154,0.01866400362925895,0.02084491683565585,0.4262164375534903,9
0.17150892234434661,0.09035622668179333,0.010944350752717075,0.010220613212969602,0.7169698870081734,9
0.029259330822004458,0.8927569882680234,0.006183571997701758,0.014012815499322285,0.05778729341294823,9
0.07389612972590752,0.7121995674091683,0.010844093031911547,0.015335140503556161,0.18772506932945632,9
0.06368006087749999,0.1619716259154695,0.025863786330459448,0.008220807006869675,0.7402637198697011,9
0.1541264259089355,0.6107556226803189,0.008911597980413638,0.01677086799407964,0.20943548543625257,9
0.07307803003227992,0.15705933524339435,0.021509852838447484,0.00828954394576314,0.7400632379401149,9
0.3412202420727422,0.5736418737339395,0.012371726383222306,0.018802348346541865,0.053963809463553995,9
0.011454736493796526,0.028719152888392177,0.0022628173823662666,0.005136217377912938,0.952427075857532,9
0.016375824700175935,0.7615883763411699,0.02979399694136512,0.012443537674569446,0.17979826434271928,9
0.09011297177351107,0.030799654328852594,0.00285764036874768,0.0073220648279536185,0.8689076687009353,9
0.18645493389320378,0.5555780655413306,0.005118469445147304,0.014412448175994104,0.23843608294432456,9
0.2251203029776907,0.08804022571710923,0.010682766310801863,0.01142028045232037,0.6647364245420777,9
0.07517250446732263,0.12591304208294127,0.005984887081030575,0.007871455720430368,0.7850581106482749,9
0.2445452110420428,0.41822426536338025,0.024581395174112772,0.03317823326802409,0.2794708951524398,9
0.05223652568868652,0.15353490151359744,0.003232387689564325,0.007857810743822842,0.7831383743643289,9
0.08276634001513787,0.10097073945606443,0.012715619456975554,0.008984100242824006,0.7945632008289978,9
0.12178223348232636,0.02137324971226536,0.004504373354006511,0.008337169556238498,0.8440029738951633,9
0.026170481423021703,0.009144447744777469,0.00404255183796033,0.005910331021545705,0.9547321879726948,9
0.05845911527201947,0.18662256337127922,0.005880700494288314,0.007498424006583235,0.7415391968558293,9
0.00868155283387546,0.019628554193929938,0.0015239438899463515,0.00582949365452144,0.9643364554277266,9
0.0851449444020466,0.12590008303211717,0.005537248836690423,0.008726333138448384,0.7746913905906975,9
0.049641218370860565,0.3683477451835787,0.008731895357234596,0.009872677901139746,0.5634064631871866,9
0.08828772167573151,0.2511095922371964,0.005063084161839915,0.011600970522606148,0.6439386314026264,9
0.10913727039196529,0.13082536231643183,0.03103725753798939,0.010334619298736409,0.7186654904548772,9
0.21387803360146276,0.08687165135700772,0.009514874495280356,0.017425854454749114,0.6723095860915003,9
0.0628495088674136,0.7709530360409028,0.003864823712712147,0.016431172803161656,0.14590145857580966,9
0.12123374938441674,0.032011671934181064,0.011469174817236149,0.008479187810056146,0.8268062160541104,9
0.2257581332710478,0.03241131265413603,0.004897648020796406,0.010345445819902184,0.7265874602341175,9
0.019877854663426505,0.39336044869703507,0.014511673166812575,0.008782447288567209,0.5634675761841588,9
0.01847295521859912,0.12187525578983345,0.004432313288503744,0.006364650537858612,0.8488548251652048,9
0.1146253874369216,0.02195535067096203,0.0037670440749619917,0.006313040928359474,0.8533391768887953,9
0.42758808072087273,0.4304129734195747,0.011264061943423364,0.01836166482677219,0.11237321908935721,9
0.03533026160974477,0.3425368209671398,0.005038670943978469,0.008883301318370451,0.6082109451607663,9
0.03667708799153542,0.06172349426317376,0.012616653295975333,0.00718725003240104,0.8817955144169145,9
0.10977091344647143,0.03805717931868447,0.0073626614044687766,0.007949959683897669,0.8368592861464775,9
0.016962582874718614,0.08510446833939149,0.002611990550752325,0.0060646997842750934,0.8892562584508625,9
0.1212085726270795,0.44566698384103914,0.015310255451911324,0.013559422741372435,0.4042547653385977,9
0.05490895888560155,0.03398377195571388,0.003652582691896249,0.006509581776613016,0.9009451046901757,9
0.07909986226342212,0.5855716491434819,0.002256203480776945,0.012650435700122952,0.320421849412196,9
0.06452494088522251,0.09050432777910697,0.008386733227509501,0.007791977854419402,0.8287920202537418,9
0.12551994265411057,0.015519924386525044,0.004662156733946715,0.008192191551920788,0.8461057846734967,9
0.296171492649158,0.06798920629075769,0.022993874186115763,0.012645940589906132,0.6001994862840628,9
0.03259092116544189,0.08176678599555338,0.004170797693945947,0.006184707064352493,0.875286788080706,9
0.030283818415220102,0.2008497476437382,0.015113383053879851,0.00703966467939792,0.746713386207764,9
0.0545254469310383,0.01866042302314614,0.0031969482833183603,0.005868670832573678,0.9177485109299235,9
0.04714348204462668,0.06738673362873658,0.002663073429437863,0.006816166591282875,0.8759905443059159,9
0.025053811160136132,0.06211200502220821,0.018053169233253324,0.0059682477262864905,0.888812766858116,9
0.1004902036170819,0.046263407925249356,0.013633090417687017,0.009049565423390972,0.8305637326165909,9
0.08913615612940588,0.11866656033040379,0.006464263957709659,0.008388025140896623,0.7773449944415839,9
0.009045927907611363,0.03510753042436147,0.005714371419703459,0.005921520644676556,0.9442106496036471,9
0.11179978929769603,0.02588779113107865,0.004461806757675326,0.006757165331029879,0.8510934474825204,9
0.011188189487949196,0.05046174283099,0.00573090248531101,0.005977372449208771,0.9266417927465413,9
0.4822884512263414,0.28238805345635043,0.010134362908115499,0.01816587173183725,0.20702326067735574,9
0.10828881028535518,0.03780548320311431,0.01116429027550008,0.00811272530455835,0.8346286909314719,9
0.14758129919806715,0.7617869309814441,0.007670738551388269,0.016252965476768688,0.0667080657923318,9
0.12777669685672635,0.040445498167870075,0.673153580259395,0.034710181771621516,0.12391404294438754,9
0.28087836758837964,0.06624641395842863,0.007739770732516616,0.011773408496598086,0.633362039224077,9
0.03665982947320444,0.09299947600838403,0.005785903326757634,0.006333434561995363,0.8582213566296587,9
0.03359814682325214,0.04716213645669961,0.0021613088691646715,0.006170114578116958,0.9109082932727667,9
0.11042618719717055,0.04924170601877359,0.6542486859131886,0.03276971892160755,0.15331370194925964,9
0.07767208530371054,0.1746872228912218,0.004784321794374013,0.010303244927967092,0.7325531250827265,9
0.05586592687705681,0.04398821016287504,0.0035856478811246823,0.005907557877092781,0.8906526572018512,9
0.042022759288472385,0.15890970671380122,0.01164087208035482,0.008448014047544188,0.7789786478698275,9
0.020940895058631916,0.17532737403963772,0.003358892369739372,0.007052085662752784,0.7933207528692383,9
0.04415364628163752,0.21201292451107115,0.0045069712565539745,0.008416037996203567,0.7309104199545335,9
0.07242717660953762,0.7965284610956439,0.010472843371668343,0.015510729219780833,0.10506078970336967,9
0.12190814154189929,0.007859494693909891,0.0128997470917606,0.008417513936170386,0.8489151027362601,9
0.07415328727759783,0.14270005589691143,0.014869794852493392,0.0077228603977937856,0.7605540015752036,9
0.10140722797853435,0.031185574574712695,0.060463287747674385,0.009579573416480993,0.7973643362825975,9
0.044251971109760396,0.06847821555489823,0.014094044612913506,0.0077186407824365675,0.8654571279399916,9
0.011397950799249348,0.5153073708915549,0.013692054662735285,0.009974995785039126,0.4496276278614217,9
0.118189196650134,0.31895554520766567,0.005347309908818024,0.011051909692150788,0.5464560385412316,9
0.0246304268777725,0.034796286689180146,0.0018129293525104015,0.005796458139862407,0.9329638989406746,9
0.026193677676026563,0.0746018831604354,0.001541899144183781,0.0060816446735649475,0.8915808953457894,9
0.08100263835734665,0.023511033115194035,0.013781650348928646,0.00761669168439338,0.8740879864941372,9
0.07706204844511941,0.030327788803386577,0.004954736264672707,0.007295016697383803,0.8803604097894374,9
0.025639354540183196,0.003116135045951258,0.0011138553259706307,0.005595218861301219,0.9645354362265933,9
0.019303571286019918,0.11633733383180794,0.0014962376034358782,0.006711396143502015,0.856151461135234,9
0.7659343524781566,0.16515084433477628,0.003986166554784486,0.02373100536351364,0.0411976312687691,9
0.1784616500544745,0.7416658871663587,0.007492560674768063,0.017208681059545594,0.0551712210448529,9
0.06197953531437301,0.1631272226375954,0.015012072388296804,0.008455825012333577,0.7514253446474012,9
0.026791819964220406,0.08867225681261304,0.0031173834474221766,0.006739226600887775,0.8746793131748569,9
0.05793797300908376,0.207962585370476,0.012494541002983809,0.00865492357564692,0.7129499770418095,9
0.10866708786481612,0.19765742954884827,0.027128130990055756,0.010474898843262314,0.6560724527530176,9
0.023654090422167925,0.09012655099529598,0.005623397112818971,0.006381870612883636,0.8742140908568333,9
0.11504496241299705,0.05398792093336514,0.0019313806286985805,0.007812465603733906,0.8212232704212054,9
0.04795369298784676,0.4608268553963291,0.007637269105074054,0.011338705938052154,0.47224347657269794,9
0.45208022390634817,0.06981835194928462,0.0175015182305328,0.02029615549481888,0.44030375041901537,9
0.1833483733820744,0.5422877785388485,0.015444378237979178,0.015914398516575914,0.2430050713245221,9
0.10790276705516749,0.1813777282900314,0.039049658398744316,0.01076697219793836,0.6609028740581182,9
0.06734003243904009,0.10224920578559266,0.005285400024263181,0.00784331487676301,0.8172820468743408,9
0.10149223235097006,0.04854395056669853,0.019652148710685616,0.009573606815339404,0.8207380615563065,9
0.04308790210703022,0.1477493863566063,0.010195088952923209,0.008457812709628993,0.7905098098738113,9
0.06731844368623655,0.3541976258413576,0.004798087612631042,0.010448350933373915,0.5632374919264007,9
0.04568508460773472,0.16161830049380999,0.027093179877406174,0.009457696040917313,0.7561457389801317,9
0.13614875291169537,0.03328046882148173,0.007402829205335541,0.008335586296789654,0.8148323627646977,9
0.07133845264072983,0.06580919806916745,0.006878963716600844,0.008331590526037633,0.847641795047464,9
0.39508287090739336,0.1481877041501066,0.016316732872228405,0.025553313173778954,0.41485937889649244,9
0.09710671756367491,0.061834312144441725,0.00972441183566298,0.008855679302888749,0.8224788791533314,9
0.07575442280915372,0.7919982481909481,0.06445945689111121,0.015720468521754523,0.05206740358703238,9
0.2635225045220914,0.4189603569988022,0.021110660178302067,0.018650182637222908,0.2777562956635818,10
0.024336099479740872,0.07241275431728818,0.005865763584360356,0.004763152854343245,0.8926222297642674,10
0.012676077405774745,0.10565306995520221,0.0031964622683369874,0.006060305374426543,0.8724140849962595,10
0.0077222944085527205,0.020232316024876087,0.0019446801820267613,0.005374946119148303,0.9647257632653959,10
0.10479489330084565,0.7950949896220223,0.006562771338546011,0.018727546515320815,0.07481979922326525,10
0.1095718337304676,0.025092171585383058,0.049394515572282444,0.03132308300129944,0.7846183961105672,10
0.5391419284204737,0.24099309069404393,0.026622394823603766,0.03227336603283042,0.1609692200290484,10
0.08576450608992987,0.7250403477185802,0.03398897078828004,0.01244598722866882,0.14276018817454136,10
0.0599096899086615,0.007872357797769968,0.006428536578398113,0.004647809203548703,0.9211416065116219,10
0.05006958908015385,0.3319284275075177,0.014329221888321092,0.004104313538089964,0.5995684479859171,10
0.11942283881637382,0.2823700837737929,0.007479743154684374,0.0067015640245580935,0.5840257702305911,10
0.1371432406898632,0.09504411659854935,0.014132835325483067,0.008741477375113542,0.744938330010991,10
0.17239239655982339,0.0418059214824793,0.005163203785565013,0.009209353909133166,0.7714291242629989,10
0.03212413943331478,0.617039317874529,0.022361725013681295,0.007722030606374694,0.3207527870721003,10
0.038038455110375624,0.016613508095195902,0.0035956157670876134,0.005191026562037385,0.9365613944653035,10
0.05474055809101123,0.07693160292121626,0.003985797087104566,0.0075401435221240706,0.856801898378544,10
0.026417661898307642,0.09342901445166321,0.0032508111946941993,0.005585741031624669,0.8713167714237104,10
0.04303094113018134,0.06494154654694355,0.005278438448385884,0.006496433808606498,0.8802526400658829,10
0.00880749434499788,0.047644098566568226,0.006293374268159759,0.0037587075066389843,0.9334963253136352,10
0.011851725280097222,0.10269767838854865,0.002219067948262303,0.0057335600481718246,0.8774979683349203,10
0.1301547809558954,0.32078471403379505,0.017959693807265607,0.008682685041342468,0.5224181261617018,10
0.22891753723262728,0.14065302506275415,0.04675619539734587,0.008808609811780522,0.5748646324954919,10
0.015585842517442704,0.15460153604625942,0.004601009889155152,0.0067725365914623765,0.8184390749556804,10
0.07675221414509363,0.08863733092500696,0.01477447447213075,0.008363984205695823,0.8114719962520728,10
0.029804383088527845,0.2424935392251796,0.015426022253087555,0.0037560376892724397,0.7085200177439326,10
0.034216325760658174,0.009292114152101757,0.008570914187620538,0.005898944237564029,0.9420217016620555,10
0.1366980679442098,0.68210150731643,0.012574365606750472,0.014681804679568604,0.1539442544530409,10
0.03370068872856838,0.10385871811624728,0.007326441963777583,0.009126939179905705,0.8459872120115013,10
0.02301788745387397,0.10275289275552607,0.006132830062936906,0.004748152762909325,0.8633482369647535,10
0.027171019812877388,0.1324560567951372,0.008015128597078073,0.005822019230499691,0.8265357755644075,10
0.06869239201016504,0.7844628705792244,0.03826439140242872,0.014108166125594923,0.0944721798825867,10
0.15740538684900626,0.034804485188639586,0.004548210678147355,0.00781918446517886,0.7954227328190279,10
0.03393100256743235,0.22303195344143817,0.010097454444274897,0.008574176868526968,0.7243654126783278,10
0.7094257013154365,0.19510849460429688,0.01898699133081258,0.01555401847536865,0.06092479427408556,10
0.09136297489789871,0.07358083306440331,0.011483966937810492,0.007968978339804634,0.815603246760083,10
0.017496017862492875,0.0432587900432837,0.0030085316124181063,0.006239999732731469,0.929996660749074,10
0.10294801498219618,0.5245050682954742,0.02870380768187016,0.007755178668636127,0.33608793037182305,10
0.059156175504130784,0.11262158435574024,0.009114147423194517,0.007150369777479693,0.8119577229394549,10
0.1873320563677001,0.019093137296105008,0.012221801988770719,0.005935104084904844,0.7754179002625193,10
0.16936637492850745,0.5546928151806841,0.0066572912151935774,0.009341090366793493,0.25994242830882136,10
0.17650340615766066,0.03575218039355442,0.012605520566836108,0.005790689201555449,0.7693482036803934,10
0.053935605065085906,0.21178654916933395,0.010052855545612437,0.010844326882628832,0.7133806633373391,10
0.04521392369619878,0.16618471994788678,0.0160747994399351,0.01052095228087316,0.7620056046351061,10
0.33745210681598237,0.1164209787562639,0.0132728619031696,0.00871496815436258,0.524139084370222,10
0.19113895562118777,0.7772211131010819,0.004047235543990509,0.010038848695800729,0.017553847037939187,10
0.07147902499228018,0.49225234851226707,0.02861815880657745,0.007010000286302015,0.4006404674025731,10
0.027701809615390833,0.07363262518964922,0.014353078155937504,0.00667926900533034,0.8776332180336923,10
0.022181211811957598,0.10268063360478814,0.005618179233044591,0.004071116005894582,0.8654488593443153,10
0.15015154857034138,0.07038176995685508,0.005902896532649573,0.010443988168600472,0.7631197967715536,10
0.029252818752296825,0.1569214427327188,0.006161077624497346,0.008825982649939269,0.7988386782405481,10
0.7625519110485741,0.17098549252689418,0.026313627557048254,0.023586136242714262,0.016562832624769097,10
0.0316864004877412,0.6396136343417077,0.02360886094857862,0.010790652716683028,0.29430045150528944,10
0.03440789127867303,0.07341924944380666,0.004762910515779479,0.006978457623619406,0.8804314911381216,10
0.10836399149209577,0.01960731623338426,0.0035655201778628516,0.006771225154762337,0.8616919469418945,10
0.0658520461742399,0.13747454710706764,0.005195022138217422,0.009448184164214075,0.7820302004162607,10
0.02991413936289266,0.5191265073609336,0.015938372887393915,0.008788216525677295,0.42623276386310216,10
0.12668190709451735,0.24700891979582973,0.02639972504248264,0.008298353428768347,0.5916110946384017,10
0.03712987745521744,0.552298930502899,0.023055141439399646,0.009582786478885365,0.3779332641235987,10
0.08588744587116336,0.4969876502785917,0.02938850398592543,0.008328098074589988,0.37940830178972945,10
0.5063687238466155,0.15604607761179504,0.010080283852079916,0.02235864542737698,0.3051462692621325,10
0.045720632147747235,0.06019854154741939,0.01105142465547448,0.005233356400804115,0.8777960452485546,10
0.07230516823920431,0.028713555795610943,0.006897584485166738,0.008231758054063905,0.883851933425954,10
0.03795256992112456,0.8737508154037763,0.017780398904710663,0.009193603626138584,0.06132261214424958,10
0.024267822307001887,0.11142685745252198,0.008717217881777099,0.005796957332812868,0.8497911450258862,10
0.0285624626793333,0.10210848296778328,0.003380017011950654,0.008601344295831858,0.8573476930451012,10
0.04303785761326468,0.38959736876501455,0.025431905817006363,0.007442107319717321,0.5344907604849973,10
0.056554390276069365,0.3266971843669993,0.004610766746370787,0.014191824277932542,0.5979458343326279,10
0.02172164996076558,0.013243475588549979,0.0028028703333759686,0.011089643770076488,0.9511423603472322,10
0.42409182098917475,0.1782135143832887,0.02197047716499375,0.029753555456912526,0.3459706320056302,10
0.20608229706464987,0.0811428565053996,0.013362848235779072,0.009853993905746877,0.6895580042884245,10
0.07690269356798646,0.13761041243047828,0.032632099446443165,0.009188650732792271,0.7436661438222997,10
0.013974395521294218,0.08858597488529578,0.017980922304309997,0.006225292846783762,0.8732334144423162,10
0.06991003915907437,0.04198830476325391,0.004262290151649842,0.007234524127145281,0.8766048417988768,10
0.021268560906716753,0.11323530242602863,0.011451261223306234,0.00871910742727721,0.8453257680166709,10
0.11703150360593298,0.07007597297148467,0.005366701475264682,0.006205308152823856,0.801320513794494,10
0.5844270569782476,0.06940226769126677,0.020269053927196044,0.027042245518719674,0.29885937588457023,10
0.04343101929783985,0.7930323244782069,0.011385731036219291,0.005900951323264523,0.14624997386447,10
0.06796505101469864,0.1208198401544759,0.0031519571033964407,0.007240424404467477,0.8008227273229616,10
0.1094789931101662,0.10115488125357071,0.010804508148240358,0.00783060319023369,0.7707310142977891,10
0.03565720811885301,0.18932602379780045,0.00357303800382222,0.007290977878188547,0.7641527522013356,10
0.08837680982563642,0.04716264395268375,0.01001143819977015,0.00996781917519882,0.8444812888467106,10
0.023303709386623857,0.17198928055580034,0.017509949880119172,0.007851076278739185,0.7793459838987175,10
0.11634902875650366,0.11597174157773503,0.06198654770494555,0.01725753498974739,0.6884351469710683,10
0.053434775249834865,0.25312785080886374,0.03508054913805282,0.01272436201988372,0.6456324627833648,10
0.038136856883069024,0.12219726363951897,0.02394147351583517,0.006323371034866221,0.8094010349267103,10
0.02059442967556468,0.17208420238208552,0.011042291518150477,0.006334891926616681,0.7899441844975825,10
0.03964424631800757,0.06457089379319152,0.005737371895025389,0.005432950713845235,0.8846145372799303,10
0.02400403230401187,0.023482523475981783,0.0036880513370402086,0.0043311352939082864,0.9444942575890573,10
0.03827133366979371,0.08214577442319637,0.002550141638801285,0.003020199996511337,0.8740125502716972,10
0.020537282226173657,0.061551269464287135,0.011577342704842999,0.008425537030259927,0.8979085685744362,10
0.009830961233774926,0.044596829618622436,0.0033746982460674713,0.003604920377942626,0.9385925905235927,10
0.05717755929312997,0.10191979144515866,0.027752385828913224,0.006206366676546388,0.8069438967562518,10
0.03490764094484058,0.018334963522862617,0.006269609035100809,0.006602904878956617,0.9338848816182393,10
0.08942333366368697,0.7584173797915565,0.02796204030306982,0.00876928236974192,0.11542796387194489,10
0.12059811245916756,0.7916364331699858,0.009059655076652929,0.016527446276372763,0.06217835301782078,10
0.02514975738429657,0.05292588983577383,0.0022214626007082015,0.006302440689795352,0.9134004494894256,10
0.01325347452361235,0.1569108965253171,0.008966611563418528,0.008040249548830238,0.8128287678388222,10
0.057871784969934136,0.019346882022636226,0.013335808180909247,0.006025844547748399,0.9034196802787718,10
0.13574530127951367,0.030421593666582713,0.009582062526052173,0.00812380417098667,0.8161272383568647,10
0.018106982309998094,0.1325634951384951,0.003471084483333353,0.0031263042150477312,0.8427321338531256,10
0.025762916038895346,0.4556279548125791,0.008060980850295586,0.004155027928401992,0.5063931203698279,10
0.046470097885412516,0.7315757635287524,0.017974216405779557,0.01654544787304844,0.18743447430700713,10
0.018727280648266547,0.9166309966296295,0.012339377885968762,0.00949957420547386,0.04280277063066138,10
0.043741079216593585,0.016412826965686807,0.0022367866113047583,0.0039192969713913945,0.9336900102350236,10
0.3512513792481154,0.5494520812515045,0.012059156919906415,0.017299805542301754,0.06993757703817184,10
0.07657885004331612,0.021385611915202534,0.005648458665479985,0.00760062732983046,0.8887864520461709,10
0.03570008086518549,0.035501742195285305,0.00467927176413659,0.0054117036008973825,0.9187072015744954,10
0.011976812833726962,0.14964167173400278,0.008274569332017328,0.0033505715502666717,0.8267563745499863,10
0.16343040920316637,0.04028804517811003,0.009422084153562856,0.006970817458536993,0.7798886440066238,10
0.01657548643063288,0.08518477447661892,0.004853131511820386,0.007150028500551384,0.8862365790803766,10
0.10507661354655663,0.05217366641772964,0.012769749340038074,0.01041378026266489,0.8195661904330107,10
0.1712791766399219,0.050710159868535866,0.017330886669602818,0.006828900264148569,0.753850876557791,10
0.6996688575833563,0.1849775276343433,0.01884632884227994,0.016276383188025257,0.08023090275199551,10
0.09835598084343868,0.0874937740673013,0.02514691274623706,0.011451502196962938,0.77755183014606,10
0.019759309854729498,0.13239933031193807,0.005657810425877041,0.008157226328278708,0.8340263230791769,10
0.053977341707969737,0.16089927759535053,0.004041434999209674,0.007860089500823153,0.7732218561966467,10
0.12262884002650824,0.6858921667134075,0.008201248866677554,0.012009307946681064,0.17126843644672565,10
0.03206475017289565,0.14877134008108506,0.006376197691233409,0.006015820914344508,0.8067718911404416,10
0.01641040313515471,0.22313963942573425,0.01129272602362864,0.008007062547014394,0.7411501688684683,10
0.09326207231933695,0.16837975682410258,0.0034237317244249815,0.00999068966309976,0.7249437494690358,10
0.03934486993130593,0.43513703806801624,0.013671440100950871,0.011756932842070167,0.5000897190576566,10
0.18277733524730375,0.10700514010549025,0.014076024865122367,0.009270252050211666,0.6868712477318722,10
0.005929994506631955,0.03918963317746544,0.006501776198563393,0.0035965640605950234,0.944782032056744,10
0.2761829797034736,0.5442898997442601,0.014965530440728556,0.02005953438335556,0.1445020557281821,10
0.024537745412666744,0.12677018039279328,0.011506045667028609,0.006414226709243316,0.830771801818268,10
0.26427711567845663,0.6213048300128398,0.009870603662499613,0.02470942384886383,0.07983802679734035,10
0.0475581236379896,0.14257558961740266,0.009212147542846374,0.010834429973603772,0.7898197092281577,10
0.34344651710906854,0.06140982816615767,0.00657118099903374,0.009551854584573971,0.5790206191411662,10
0.02394436964531893,0.15071818515787724,0.011928343205381494,0.005589587103642233,0.80781951488778,10
0.10248092282873142,0.05860010745934687,0.01984880815977372,0.006823955576741247,0.8122462059754063,10
0.10109142860164326,0.5379877542697136,0.008859404852703753,0.007613234871417836,0.3444481774045216,10
0.11699188882225339,0.2628375316543325,0.018412373308458182,0.010609467291187214,0.5911487389237684,10
0.5837504330408738,0.3050440745210767,0.011874116173032382,0.03802608081045558,0.061305295454561884,10
0.3584899248917046,0.11388021876144805,0.011314085757037972,0.011516952562148144,0.5047988180276609,10
0.0975629717338311,0.5879393613776952,0.010889803818020198,0.00520663897579751,0.2984012240946562,10
0.07711430939583602,0.022227144909272196,0.0027890915910671185,0.006028852163539677,0.8918406019402848,10
0.025708724390884872,0.1434563548305953,0.005045082649601178,0.007081788012153286,0.8187080501167654,10
0.08632879484852181,0.0304714892746218,0.009931562230689422,0.006884556194363409,0.8663835974518034,10
