0,1,2,3,4,fold
0.05414191464386728,0.0590146883165769,0.008336462881209402,0.0031859745384358188,0.8753209596199106,1
0.16349858130715708,0.3316762224592923,0.013509563109091599,0.011843782672464064,0.479471850451995,1
0.2009889465806378,0.2217227258823866,0.23230250490392235,0.015248268168749043,0.3297375544643042,1
0.03585852403750865,0.10336837313358556,0.00520008734082881,0.0032497840062547297,0.8523232314818223,1
0.038351655328759365,0.06019054335331429,0.00544680447949882,0.003249454399378921,0.8927615424390486,1
0.06379895174965601,0.10418858517849225,0.004822700364096218,0.007287212312607509,0.8199025503951479,1
0.23671534414636963,0.2387933149731983,0.014892215725178674,0.011904087911007489,0.4976950372442458,1
0.03652128471040836,0.08694648410148549,0.005296198753042541,0.0031596060410897606,0.868076426393974,1
0.18821042206850727,0.377390346609983,0.038053902692266245,0.007287244616619767,0.3890580840126237,1
0.15234784494712555,0.4757042147936532,0.0108245841059729,0.00832859258549498,0.3527947635677534,1
0.03758958936396923,0.06023824183347697,0.0054511208435145155,0.003252029455651441,0.8934690185033878,1
0.036435316874527744,0.2202586843697119,0.015639889159448396,0.003087087107343618,0.7245790224889683,1
0.1329664060124886,0.40758863979681415,0.04769746444898158,0.007570430282108378,0.40417705945960736,1
0.10873283686017504,0.07214882278742742,0.00474593903456079,0.007519969135789485,0.8068524321820473,1
0.17150949989561995,0.45519779278800376,0.018679988746668087,0.01387050109944567,0.34074221747026257,1
0.03675217095765496,0.08102300021704273,0.005329681130906801,0.0033307733817597696,0.8735643743126359,1
0.12503117935099986,0.49584059503433353,0.011282784674155052,0.012610142359793639,0.3552352985807179,1
0.034708781537740895,0.2578061493943897,0.014300373642503151,0.0029408014308138206,0.6902438939945523,1
0.03663809225988264,0.08397156404023276,0.005313137806604787,0.0032243744268256806,0.8708528314664541,1
0.04173046501433135,0.05974151775159976,0.009201324184636065,0.0032252132456089626,0.8861014798038239,1
0.1232436703892463,0.34310087167533354,0.008380198710924018,0.008708961114545541,0.5165662981099507,1
0.22750953211563743,0.2973514827778155,0.014058749926758938,0.018444452247250536,0.44263578293253764,1
0.04041839525293035,0.06001521815193543,0.005430938829530621,0.003974373581055315,0.8901610741845483,1
0.21128586425471502,0.3715879191083562,0.01110391958361418,0.034529030020452545,0.371493267032862,1
0.25544501667879443,0.23109454679581387,0.014412086218502082,0.017399150506662162,0.48164919980022763,1
0.0793089025737222,0.06781616412278076,0.008293785292923118,0.0036611321410448565,0.840920015869529,1
0.03758958936396923,0.06023824183347697,0.0054511208435145155,0.003252029455651441,0.8934690185033878,1
0.11521486877907808,0.4311907366985573,0.01199019896047051,0.011699362065894085,0.429904833496,1
0.032416742546410277,0.20363437071848942,0.006548088090708738,0.002793968026554963,0.7546068306178367,1
0.03758958936396923,0.06023824183347697,0.0054511208435145155,0.003252029455651441,0.8934690185033878,1
0.03540146850424333,0.20285320136596868,0.007250024744653925,0.002783249982314363,0.7517120554028198,1
0.04401001763031577,0.06907099188939596,0.007975123391110811,0.003728875433919885,0.8752149916552576,1
0.03833868162374208,0.06017018192829619,0.00578324471061984,0.003248355164874353,0.8924595365724675,1
0.03756190198381965,0.0601938721255497,0.00544710570906933,0.003986204540847639,0.8928109156407137,1
0.22406631721428483,0.1655862413507217,0.010892238792696391,0.010407940062685517,0.5890472625796115,1
0.03758958936396923,0.06023824183347697,0.0054511208435145155,0.003252029455651441,0.8934690185033878,1
0.041665117937427415,0.05964796658811451,0.010752847687730943,0.0032201627804890557,0.884713905006238,1
0.04397289636525929,0.0690127323672304,0.008634707269382907,0.003902892626250283,0.8744767713718771,1
0.23523424923563635,0.3646021428389242,0.04808559370032873,0.01626670772799697,0.33581130649711377,1
0.03540000850068981,0.2463429045456097,0.01126758679151166,0.002999367625062009,0.7039901325371268,1
0.03675772844775711,0.08103525213332467,0.005330487060171953,0.0031800617579909804,0.8736964706007553,1
0.32715986779557665,0.3073779695601109,0.031199909480514685,0.032995188802175356,0.30126706436162254,1
0.04037647235873393,0.059952968979868744,0.007196151448430959,0.0032366286787596406,0.8892377785342067,1
0.42264504228072197,0.2282980390306619,0.010178210975399855,0.01842060102383387,0.3204581066893824,1
0.03848701830599038,0.06015934337640332,0.005443981109505275,0.0036108808110134776,0.8922987763970877,1
0.03207880886723193,0.19801098306612486,0.00465196525447815,0.0027752692461824545,0.7624829735659826,1
0.41802826113305297,0.21932224726309413,0.01077124421590233,0.012165253071457117,0.3397129943164935,1
0.35421248247723475,0.19381789050828033,0.00915594089050057,0.00937498817117136,0.4334386979528131,1
0.040448099702741686,0.06005932477775158,0.005434930156966574,0.0032423704165157065,0.8908152749460245,1
0.03566969610126297,0.10823669828329169,0.005172704123386875,0.003085931619849805,0.8478349698722086,1
0.36337221955600385,0.24250938661858973,0.011486706859108513,0.012051393006907279,0.3705802939593905,1
0.04126048368748385,0.10774212721866498,0.013182216446334579,0.0035802782821795897,0.8342348943653369,1
0.09959028544659361,0.5012158235410128,0.027523217208644632,0.010742743529841732,0.3609279302739071,1
0.13469015345338922,0.39713843558620177,0.05108611670833546,0.007668571686517511,0.40941672256555606,1
0.4491503307454318,0.21991393157002326,0.010019491010287864,0.010651039642169888,0.3102652070320871,1
0.038287470940263676,0.060089809938152966,0.007111264282699299,0.003244016192298134,0.891267438646586,1
0.19360869395066563,0.13339609107876627,0.00844037886949812,0.010122957190410307,0.6544318789106598,1
0.03675772844775711,0.08103525213332467,0.005330487060171953,0.0031800617579909804,0.8736964706007553,1
0.03577383281741864,0.10563321936479245,0.00518780569362524,0.0030949409140209627,0.8503102012101427,1
0.2092616416824474,0.31297145022533523,0.02157181181305182,0.02519013454164291,0.4310049617375226,1
0.03562474159802065,0.10936058720358431,0.005166184966519762,0.0030820424215057454,0.8467664438103696,1
0.14357946978062547,0.33206651682334903,0.051313637885533656,0.02386899095427477,0.449171384556217,1
0.04170351209712241,0.05970293183645738,0.009777645518355128,0.003286746912193351,0.8855291636358718,1
0.1188070023985984,0.4272663739779023,0.0382471383598385,0.007790745944151323,0.4078887393195094,1
0.23180589243230126,0.304228321366845,0.013835732946729568,0.014515897143090678,0.4356141561110335,1
0.037111214452430055,0.15429235376812098,0.016975094050237102,0.0036046685566544123,0.7880166691725574,1
0.03652128471040836,0.08694648410148549,0.005296198753042541,0.0031596060410897606,0.868076426393974,1
0.1733125533512325,0.49276443406847414,0.010052731379044045,0.00992847719360362,0.3139418040076456,1
0.0553904920263161,0.0696474881777614,0.007573598729700238,0.003759998236541195,0.863628422829681,1
0.0366426977201532,0.08391108772092602,0.005313805675578607,0.003170109978234868,0.8709622989051072,1
0.11947549044237878,0.42000907987243596,0.019410779593684466,0.008110193950972849,0.43299445614052806,1
0.03549776863917092,0.1957448847725059,0.012256953322490377,0.002743508215527872,0.7537568850503049,1
0.11562826776543944,0.5108795009333056,0.03191739148035957,0.03233946275035816,0.3092353770705371,1
0.07144508612905509,0.28110609824051375,0.020589367072147684,0.0063608948865427305,0.6204985536717407,1
0.03753111371697152,0.06014453317039184,0.005442640894050297,0.004802604587155908,0.8920791076314305,1
0.03758958936396923,0.06023824183347697,0.0054511208435145155,0.003252029455651441,0.8934690185033878,1
0.03757612724677598,0.06021666845944446,0.005449168610758808,0.003608998984146981,0.8931490366988737,1
0.04395465291128063,0.06898410039820053,0.0092230933199272,0.0037241844987230357,0.8741139688718685,1
0.07700830123821069,0.1784177733757512,0.03333820315672869,0.005227450890256389,0.7060082713390531,1
0.03731952405337046,0.11273219382135674,0.006510351795787368,0.0031189439570538323,0.8403189863724316,1
0.04386236922626075,0.06883926688068018,0.011303249524677221,0.003716365497855715,0.872278748870526,1
0.03758377750530066,0.060228928186962,0.005450278026541417,0.003406140166382829,0.893330876114813,1
0.1139750788483541,0.5164189718450953,0.016667534136359234,0.006489160790269309,0.346449254379922,1
0.15833515256288566,0.4087698949375139,0.03535461286994399,0.007309216207680726,0.3902311234219758,1
0.12041375250080674,0.489146422491188,0.01756323302182548,0.006855746091451044,0.36602084589472866,1
0.03758958936396923,0.06023824183347697,0.0054511208435145155,0.003252029455651441,0.8934690185033878,1
0.24838456246092785,0.2573385494076435,0.01254368994752535,0.013396695450448687,0.46833650273345456,1
0.03949682023620434,0.08067984818099254,0.006792599380201888,0.0031661146610461747,0.869864617541555,1
0.03940862426562077,0.05993820945044583,0.008062598175326818,0.0035717066919265634,0.8890188614166801,1
0.0366426977201532,0.08391108772092602,0.005313805675578607,0.003170109978234868,0.8709622989051072,1
0.10683629227055076,0.07501971636082541,0.00539534869682489,0.005762247284707304,0.8069863953870916,1
0.11041590338949948,0.46632404399179367,0.0363972572576463,0.0077824152057995085,0.379080380155261,1
0.0417704550725047,0.05979876769524238,0.008251847665015959,0.0032283039484149122,0.8869506256188221,1
0.20853141349307616,0.3118793218563447,0.016071503429138382,0.018911856496466855,0.44460590472497374,1
0.4378871729667962,0.22447895965964768,0.01022747809677738,0.010700619906404259,0.31670576937037453,1
0.06853732301413666,0.07823747913148295,0.004954515212989651,0.005958419299473381,0.8423122633419173,1
0.03942935908417001,0.08373301407177992,0.005298044020146983,0.003160706890465413,0.8683788759334377,1
0.03675772844775711,0.08103525213332467,0.005330487060171953,0.0031800617579909804,0.8736964706007553,1
0.12996518127253326,0.5156210114619619,0.010651012844186812,0.009893081496652873,0.3338697129246652,1
0.35383447375777244,0.24445798243835964,0.012005697836078185,0.011705830034028074,0.37799601593376153,1
0.04183388521301599,0.05988957456413398,0.00669007974995033,0.0032889641361999343,0.8882974963366997,1
0.0352233535792682,0.11901076621376712,0.005107976972434683,0.00343207333407232,0.8372258299004576,1
0.22338321084980264,0.3658929209789373,0.038175064697360456,0.01331317889199684,0.3592356245819027,1
0.04040705456832759,0.05999837894651503,0.005429415004451046,0.004253840700291572,0.8899113107804147,1
0.04033449943011192,0.05989064551422985,0.008228210036924569,0.003233264076143976,0.8883133809425897,1
0.03755133141615877,0.060176932530788284,0.005445572799487741,0.004266500017381482,0.8925596632361836,1
0.3152538704876928,0.2169377536472695,0.010654138161282634,0.019620385864798553,0.43753385183895654,1
0.1798245113954371,0.4129371851328494,0.028552552272053954,0.006962553870293612,0.3717231973293659,1
0.12992052305046692,0.5174856926478976,0.010557061957042492,0.011112020958150998,0.33092470138644214,1
0.2650485809293499,0.29830345552548476,0.014872017075549252,0.01579411281964049,0.40598183364997553,1
0.308770650685273,0.32239627094642864,0.031110842221686086,0.03194559671456446,0.3057766394320478,1
0.15756297340894965,0.5077993869106251,0.010359454697062032,0.008652684094683852,0.3156255008886794,1
0.0352296705729955,0.11923759430476193,0.0051088930424625255,0.0030478632077341875,0.8373759788720457,1
0.03577383281741864,0.10563321936479245,0.00518780569362524,0.0030949409140209627,0.8503102012101427,1
0.29156534581712396,0.2678671827607901,0.012687804989535105,0.0185499464011778,0.40932972003137313,1
0.037550781961091545,0.06017605201552393,0.0054454931192885105,0.004281069695646932,0.8925466032084491,1
0.03562474159802065,0.10936058720358431,0.005166184966519762,0.0030820424215057454,0.8467664438103696,1
0.11004499660268238,0.1733851580616596,0.02539589004748166,0.00508000061719104,0.6860939546709853,1
0.1844998279046131,0.18485052844774086,0.011259858847443068,0.010461798795477146,0.6089279860047258,1
0.1627308832580125,0.42339509959996835,0.059553545128264364,0.028694667344642672,0.3256258046691122,1
0.041033884042865544,0.05874428936083154,0.0257401167403738,0.0031713767457032197,0.8713103331102259,1
0.038166140540295566,0.05989938940384349,0.010257661379973157,0.0032337361248910013,0.8884430725509967,1
0.13092123436936465,0.46341225912710476,0.03940880610799656,0.010467458839606642,0.35579024155592737,1
0.038349506295985554,0.06018717057972131,0.005446499268126882,0.0033053072581784447,0.8927115165979878,1
0.03850099843346965,0.06018119581721298,0.005445958595765722,0.0032489497620951297,0.8926228973914566,1
0.13878396544364235,0.4092091775647963,0.022244550093880523,0.007901652501361524,0.42186065439631926,1
0.2806987946697432,0.2202749106125542,0.010405768301057229,0.06128648801919611,0.4273340383974494,1
0.040441864451707,0.06005006637081245,0.005434092338771562,0.0033960249537340497,0.890677951884975,1
0.22962710351905344,0.36415001703152017,0.03682860472792126,0.007986573135833308,0.36140770158567187,1
0.03758958936396923,0.06023824183347697,0.0054511208435145155,0.003252029455651441,0.8934690185033878,1
0.03596526030687948,0.15528865615591317,0.012013058742853147,0.0036279447579857594,0.7931050800363684,1
0.11171690925844095,0.46445775215224794,0.00968679095014464,0.0120248201544273,0.40211372748473917,1
0.03562803707201525,0.1092781984228723,0.005166662865514808,0.0030823275264691705,0.8468447741131285,1
0.05698697518574325,0.0694407146461237,0.008369918652999622,0.00413795919944482,0.8610644323156886,1
0.15090565699519135,0.4110554328318336,0.013275408876402573,0.012846332699302677,0.4119171685972697,1
0.0336394202603417,0.2148743878835133,0.006277153254417677,0.0033933289333607937,0.7418157096683666,1
0.4322216687802132,0.2186297399367423,0.010737234143387939,0.011275904187006204,0.3271354529526504,1
0.03675772844775711,0.08103525213332467,0.005330487060171953,0.0031800617579909804,0.8736964706007553,1
0.036628036959637435,0.08387751485543754,0.005311679619439621,0.0035689420839978623,0.8706138264814874,1
0.3023788920586769,0.27098125567498027,0.01278574658868539,0.01135238409463051,0.40250172158302694,2
0.0371418321248189,0.0756834154450884,0.005435913259820375,0.003965002907096469,0.8777738362631758,2
0.13642827166097657,0.5055497661301798,0.038763934752125126,0.007229348344781075,0.3120286791119375,2
0.12963743246175075,0.4956969872986989,0.022973595414301735,0.01186977382093807,0.33982221100431065,2
0.03777962363968385,0.060377820634529254,0.005529257587612397,0.0034665192463817283,0.8928467788917928,2
0.08778250498586697,0.07080483358138041,0.013100995866041923,0.004180168375201757,0.8241314971915089,2
0.20721171625652232,0.37012147934866063,0.0393805600916356,0.00868796116099314,0.37459828314218824,2
0.0377239111385466,0.060288783236146254,0.006890440721673674,0.0035667409276974706,0.891530123975936,2
0.3717222690317773,0.2447211620324056,0.011546712907655366,0.010211016600844778,0.361798839427317,2
0.37050574753637666,0.24392027228542518,0.011508924414407515,0.011758337244332843,0.3623067185194579,2
0.03778323302798091,0.06038358900854162,0.005529785841620919,0.0033713124672628985,0.8929320796545936,2
0.06867716781713541,0.07170693453608222,0.01895768553289197,0.006026728229216013,0.8346314838846743,2
0.2923730592998141,0.36218217260652663,0.04881452234975156,0.008582545312938884,0.28804770043096883,2
0.2255863608264362,0.308475253262076,0.01261302977823336,0.009360522844707158,0.44396483328854724,2
0.04026541177861625,0.06009144382720007,0.007603067306401028,0.003428141509081583,0.8886119355787011,2
0.24327934553524014,0.29446689826242434,0.013893872956494606,0.01097378727911861,0.4373860959667223,2
0.22742841059358077,0.30127429228390246,0.014215067183272952,0.010289294943348168,0.4467929349958956,2
0.1492935835258421,0.18151655859390667,0.013037311568655079,0.010297250039207853,0.6458552962723882,2
0.03777812442985144,0.06037542465983088,0.005529038169933165,0.003506064711601745,0.8928113480287827,2
0.16746463614806292,0.3791548197360383,0.01424102855069463,0.010037999693258637,0.42910151587194545,2
0.34164486172199965,0.2549340797281649,0.012028590435544969,0.012726402355686919,0.3786660657586035,2
0.03716253184321759,0.07572559498491023,0.005438942778486548,0.0034098971738688723,0.8782630332195167,2
0.2187267921184816,0.3075490420153885,0.01297714764450184,0.00965944211834221,0.45108757610328587,2
0.03952767630413285,0.05999923713681202,0.009682443613782777,0.003542228700068398,0.8872484142452041,2
0.2170332064145324,0.3466843152442724,0.03625728636112398,0.007671574257603516,0.39235361772246763,2
0.031151312602517977,0.22531021832953255,0.004559167481770063,0.0027795612003530257,0.7361997403858265,2
0.2740341620682006,0.3793449183633339,0.020273911801741103,0.01640415610967117,0.30994285165705326,2
0.03905430437847462,0.07558418682942182,0.005428786227504465,0.0033097366182134286,0.8766229859463857,2
0.03575859405334205,0.11062666190482122,0.005233468691416737,0.0032975386058991312,0.8450837367445209,2
0.1916573232169287,0.36701033881174266,0.02749078044668957,0.013967351823394585,0.39987420570124454,2
0.2952921944323644,0.28121100988543674,0.011178312495547817,0.011266447063303688,0.4010520361233473,2
0.11489204192967138,0.5330606733173576,0.040880040190080354,0.009997536293171589,0.30116970826971917,2
0.037772697637680826,0.06036675178665927,0.005528243928781587,0.003649210131542828,0.8926830965153356,2
0.3911228296754188,0.22375041403216714,0.01276750409937069,0.012266762627039018,0.36009248956600437,2
0.03683626268869554,0.08393342315999545,0.005391191477005874,0.0032868164446859882,0.8705523062296171,2
0.039542517205962184,0.06002176420825764,0.0083481010735837,0.004506080557912963,0.8875815369542834,2
0.03751678035948294,0.05995775545393566,0.005490789014837172,0.010399678014966576,0.8866349971567776,2
0.03968929522709158,0.0602445592248039,0.0057091623341473715,0.0034808289517625846,0.8908761542621946,2
0.03716602427765923,0.07573271147194494,0.005439453915649264,0.0033162403257835744,0.8783455700089631,2
0.037781774852552796,0.060381258613318736,0.005529572429554487,0.0034097755458997615,0.8928976185586742,2
0.1865738918805817,0.15249285107422011,0.009794884183962387,0.010007151611842497,0.6411312212493931,2
0.14226555448695213,0.4873787632052931,0.010888264817323341,0.018300056199833336,0.3411673612905981,2
0.07937298392357296,0.10488233341576024,0.004948677846161943,0.003714611640730456,0.8070813931737744,2
0.03950479880430193,0.05996451127721705,0.010235731181185793,0.003560058752092345,0.8867348999852029,2
0.06433776252531942,0.0730412673676456,0.008380534001740284,0.004078010918933513,0.8501624251863612,2
0.11751134256948916,0.4796042267026176,0.010714578110671698,0.007755535232641775,0.38441431738457976,2
0.03770216033758311,0.06025402201216595,0.005517920403447012,0.005509810487431543,0.8910160867593725,2
0.38239717284596314,0.19794678152754772,0.009050436193874486,0.006716611015501181,0.4038889984171135,2
0.12981397383259144,0.4909161473946345,0.02296979448733292,0.013197552247795548,0.34310253203764557,2
0.16745836868882089,0.37914062965129103,0.015925764117515652,0.008389781038680797,0.42908545650369145,2
0.03965949014135538,0.060199317951494274,0.006380009234090939,0.0035540410503235266,0.890207141622736,2
0.15898450144291773,0.32504489938857273,0.013715391934944466,0.01017862018788811,0.492076587045677,2
0.28348754110007024,0.27652599725105026,0.01264320073685993,0.016205694531295316,0.41113756638072435,2
0.039691039743597264,0.060247207234231735,0.005709413276570726,0.0034370276161083462,0.890915312129492,2
0.03572574391116414,0.11081629718370019,0.005228660890798507,0.003921909491530116,0.8443073885228071,2
0.04467519454775084,0.07506569767436214,0.00539154607315246,0.004257996426814748,0.8706095652779197,2
0.03711246862574008,0.07562358183504367,0.0067787580179971855,0.003405303557252234,0.8770798879639669,2
0.04592454560992765,0.05950293620271462,0.01011218198489331,0.004551052215904342,0.8799092839865601,2
0.10464791319984848,0.5376722852212883,0.011258680112930665,0.007181811188710468,0.3392393102772222,2
0.14937214090992867,0.4663223456264381,0.03389056198984197,0.008782009439101849,0.34163294203468925,2
0.056354187354635474,0.0841020700959776,0.015402373272345646,0.007068497952982284,0.837072871324059,2
0.15574224192175357,0.40580406567056443,0.01161978008676848,0.01783038027705973,0.4090035320438537,2
0.03570243168785119,0.11074398590382635,0.006521208478655652,0.0032759237563860684,0.8437564501732807,2
0.3540251894666337,0.25030625944266255,0.011810235342012665,0.012066177957731643,0.3717921377909594,2
0.17532494741681662,0.47254721706736397,0.010556921282906558,0.010785703010690994,0.33078521122222165,2
0.2342764587477307,0.31489568500443677,0.013287142012019831,0.05110771619417853,0.38643299804163417,2
0.046026397956256286,0.05963490296657042,0.008670473582650062,0.0038074616633587536,0.8818607638311644,2
0.07514329166294334,0.270234128511422,0.013549905237139928,0.0047629129745613156,0.6363097616139335,2
0.035751992384971926,0.11089771630491807,0.005232502500613076,0.0031900694566736262,0.8449277193528233,2
0.0377642122008056,0.06035319071494123,0.005527002038002736,0.00387303507023544,0.8924825599760149,2
0.2965963587673737,0.2213072148067848,0.010441969352157549,0.007749311179244117,0.46390514589443976,2
0.03778323302798091,0.06038358900854162,0.005529785841620919,0.0033713124672628985,0.8929320796545936,2
0.040063083709664854,0.05978949271697907,0.011629718091945298,0.004370920736415606,0.8841467847449952,2
0.04020935251989341,0.06000778190378402,0.008576825643979451,0.0038312685648189708,0.8873747713675241,2
0.03966774141881362,0.06021184260255369,0.005706061896367514,0.0040220021581698255,0.8903923519240954,2
0.17470204958969102,0.3947904533381737,0.02139102271945591,0.009550833683408012,0.39956564066927125,2
0.23333237110260976,0.16727501337897924,0.010744368482693082,0.012883265055199114,0.575764981980519,2
0.25036200969745226,0.29991817291487394,0.014151081212903099,0.010777928655310881,0.4247908075194598,2
0.037777886052598145,0.06037504369523525,0.005529003282099207,0.0035123525168015575,0.8928057144532658,2
0.09536984942777876,0.07794884964435209,0.005006791788343717,0.005115295247382376,0.816559213892143,2
0.13318676627277784,0.4053175655564653,0.03394018368513037,0.012533503164850435,0.4150219813207761,2
0.03913823897276168,0.05940810846496487,0.018117652467454608,0.004828996603143632,0.8785070034916752,2
0.03773987571983666,0.06031429716489341,0.005523440258951239,0.004514971536320202,0.8919074153199985,2
0.03575859405334205,0.11062666190482122,0.005233468691416737,0.0032975386058991312,0.8450837367445209,2
0.03713765925333695,0.0756749124405811,0.005435302536920547,0.004076907080816819,0.8776752186883446,2
0.03777962363968385,0.060377820634529254,0.005529257587612397,0.0034665192463817283,0.8928467788917928,2
0.03778323302798091,0.06038358900854162,0.005529785841620919,0.0033713124672628985,0.8929320796545936,2
0.225111700735149,0.2914459110625925,0.013751333293784355,0.010205293391424917,0.45948576151704923,2
0.123555992646393,0.4527437314429591,0.10539403982696824,0.00793038192384952,0.31037585415983027,2
0.0709321756473648,0.07238304982185799,0.009180066213480755,0.005003593581784329,0.842501114735512,2
0.04465008994772048,0.07502351555663012,0.006724969186558357,0.0034810868860324297,0.8701203384230586,2
0.03353348652142127,0.1660688689622154,0.00490781185530143,0.002992117193802281,0.7924977154672596,2
0.04599209181470162,0.05959045361763995,0.009181551409004958,0.00403244125722625,0.8812034619014272,2
0.03968929522709158,0.0602445592248039,0.0057091623341473715,0.0034808289517625846,0.8908761542621946,2
0.03970004923337777,0.06026088277917556,0.005518548696214886,0.0034029778310954504,0.8911175414601363,2
0.17357735548147038,0.47677639778070935,0.032968010830216964,0.008347655181849215,0.30833058072575414,2
0.16929644803315294,0.39219246816490483,0.029655831416981172,0.026715369378029,0.38213988300693214,2
0.14976844282967883,0.3265972814312704,0.01378089527983134,0.015426684678414957,0.4944266957808044,2
0.06357335033768552,0.07217344677854629,0.020162199629384345,0.0040295591057932885,0.8400614441485905,2
0.14773949764742034,0.486595278830431,0.010870761417508317,0.012577435111668684,0.3422170269929717,2
0.03778323302798091,0.06038358900854162,0.005529785841620919,0.0033713124672628985,0.8929320796545936,2
0.3611533727511593,0.24836717612047307,0.011718743301686462,0.009848785397961753,0.3689119224287193,2
0.07079528900399767,0.07224336324610642,0.011092174698515117,0.004993937524798444,0.8408752355265823,2
0.39617398483944527,0.26068363898384783,0.010362336738611923,0.008091841526875167,0.32468819791121983,2
0.06929624011407395,0.07235331786959234,0.01088451942918599,0.005310872337571596,0.8421550502495762,2
0.039561771945896364,0.06005099106435789,0.008280912703662808,0.004092590474542901,0.88801373381154,2
0.03953664469394111,0.060012850295923646,0.009457751582526,0.003543032392335249,0.887449721035274,2
0.18622907215638712,0.33187278940217846,0.040916478411099744,0.022584092231336502,0.4183975677989981,2
0.0713179487842238,0.3087045331632316,0.011540129145687543,0.00452044588500495,0.6039169430218522,2
0.03742787527291285,0.05981567104828828,0.005477777262015508,0.01274477536748067,0.8845339010493027,2
0.1557139130706025,0.42504595452917854,0.020165027214346955,0.0773610891652639,0.32171401602060823,2
0.40987185699125167,0.2415080521006875,0.010190523205368488,0.02761936044173374,0.3108102072609586,2
0.03773344021511492,0.06030401220934467,0.0055224983871196886,0.004684724310512145,0.8917553248779087,2
0.044303340474999155,0.08324027776440766,0.005346669528438431,0.0037466674428953727,0.8633630447892593,2
0.15992789389913298,0.45966809122885627,0.055073959369395444,0.011678828347224031,0.31365122715539134,2
0.21729202049994498,0.3373541629435923,0.06295288334972514,0.01655492790506167,0.3658460053016758,2
0.0377642122008056,0.06035319071494123,0.005527002038002736,0.00387303507023544,0.8924825599760149,2
0.07084576215883416,0.3134844201981064,0.011209404233900887,0.0045419239071054045,0.5999184895020532,2
0.16768549867489316,0.2948244408231615,0.013910742937279327,0.02449398771667985,0.49908532984798615,2
0.12308517174775958,0.5247142431028343,0.01730713552328504,0.013753579031716765,0.3211398705944044,2
0.13245876226197684,0.46958197362785375,0.06648443379543555,0.011058936566960633,0.32041589374777324,2
0.0865634355303817,0.06982153958750686,0.024691202417968017,0.006237356781945563,0.8126864656821978,2
0.36015604499599296,0.23188058629277306,0.009481203788558561,0.06475417621798832,0.333727988704687,2
0.27638941182595556,0.29062798496938913,0.01188328525560052,0.02224939820064294,0.3988499197484118,2
0.2280927804575603,0.3049977632406517,0.012470841110812219,0.013419164636663603,0.4410194505543122,2
0.03773987571983666,0.06031429716489341,0.005523440258951239,0.004514971536320202,0.8919074153199985,2
0.036816591637127694,0.08388860160170657,0.005388312509439253,0.0038190744698216837,0.8700874197819047,2
0.2278346283062999,0.24863414224619498,0.010491211262597598,0.012579711470604441,0.5004603067143032,2
0.08619217371260339,0.07113411829503659,0.01009064041164439,0.004618867304665964,0.8279642002760496,2
0.16002186422683964,0.43884713130578845,0.03599773964341941,0.007437104649249879,0.3576961601747028,2
0.1677103445530995,0.47202003857046443,0.010779793245151098,0.011721255506900813,0.33776856812438427,2
0.037758230965041606,0.060343631753116314,0.005526126650954237,0.00403080534746076,0.892341205283427,2
0.39318787148150375,0.2269058281446948,0.010374489061121796,0.009316895993991922,0.36021491531868766,2
0.32157742015123814,0.23767024157196706,0.010028585344868385,0.010963946905535336,0.41975980602639096,2
0.0377642122008056,0.06035319071494123,0.005527002038002736,0.00387303507023544,0.8924825599760149,2
0.03778323302798091,0.06038358900854162,0.005529785841620919,0.0033713124672628985,0.8929320796545936,2
0.25569934896042557,0.2625144969873084,0.01107689805795584,0.00923605394865714,0.461473202045653,2
0.15096038320462277,0.19668119752663774,0.012633179439990995,0.013890242551060056,0.6258349972776884,2
0.045983136713624875,0.05957885078518986,0.008812036763274661,0.0045940925962035485,0.881031883141707,2
0.14606483629840097,0.5078110278329637,0.015683276555253423,0.010666371337180723,0.3197744879762012,3
0.19207941614455948,0.4195277432057933,0.0331543108424956,0.008898597801197106,0.3463399320059545,3
0.3798498568944687,0.24022846980476126,0.010896349419357689,0.01258387147916762,0.3564414524022447,3
0.14179320696185121,0.5145032377849645,0.010789699130137697,0.008925206000815193,0.3239886501222313,3
0.037685576926773885,0.07755464027566117,0.005342184457801931,0.003486477174054916,0.8759311211657081,3
0.17077325214272662,0.4093373492683635,0.03104977834673309,0.010938787282835637,0.3779008329593412,3
0.21908821522203653,0.44024190150956105,0.009362363989790594,0.011953106042078318,0.31935441323653346,3
0.03862013016466764,0.05970027814779737,0.007305748433195364,0.00378175468253377,0.8905920885718058,3
0.2138363762821017,0.39934680721148297,0.011114837400877658,0.012113346444273266,0.36358863266126434,3
0.25637374553424946,0.2458774409347442,0.011703761014901518,0.009505993590902543,0.4765390589252022,3
0.06383709680838427,0.07100468053348259,0.007729578585576254,0.0042160555605670925,0.8532125885119898,3
0.03751122847525414,0.059892206042247854,0.005449061518414899,0.0036922886250839123,0.8934552153389993,3
0.0386497626090522,0.059746084963165774,0.006056361757542818,0.004272368810290458,0.8912754218599487,3
0.14926303845882444,0.48275435421915147,0.0554515842529574,0.012565906516757654,0.299965116552309,3
0.15158629518260786,0.4904717025789081,0.01358403180976471,0.00891558413012311,0.33544238629859624,3
0.177773373102764,0.37391008717746854,0.042801746066926605,0.01212352815548517,0.39339126549735576,3
0.0374789809918032,0.05984071818110084,0.0054443770938230945,0.004548789937905567,0.8926871337953672,3
0.11810588973507195,0.482326234371021,0.1235529754438324,0.01173878209631255,0.26427611835376197,3
0.14529447661840775,0.4072149570375535,0.0312672496663085,0.021362956907677744,0.3948603597700526,3
0.04180903836896023,0.16606078032169477,0.0147230685539896,0.003362586260815656,0.7740445264945398,3
0.039669232389300826,0.05914104164067731,0.012134565639511579,0.00680560590316267,0.8822495544273476,3
0.06393994616498698,0.07091314662743214,0.008931035966529994,0.004103180374274731,0.8521126908667761,3
0.03551480802121375,0.11001068089010817,0.005355476629240256,0.004207905757444391,0.8449111287019935,3
0.15564226691763824,0.4980367886632937,0.011617360987764051,0.007270091062308439,0.32743349236899544,3
0.03685004030813947,0.12116328435314251,0.009007814003727677,0.003189581199495452,0.8297892801354949,3
0.04155344295058067,0.059505206281034666,0.007389088045327094,0.0038702018199956185,0.887682060903062,3
0.16631775379537414,0.47252866961889217,0.05926391587727613,0.008278393989166246,0.29361126671929133,3
0.13056856213576898,0.3938653486337675,0.0667186860036452,0.010109444048684121,0.39873795917813404,3
0.4106276114269018,0.2145556456018744,0.009731874353917903,0.009838204343044082,0.3552466642742618,3
0.05240852829809457,0.07817835444012194,0.011312613896197605,0.007338103005103081,0.8507624003604829,3
0.037741808561996215,0.059885058946117384,0.005448411267421214,0.0035761242709665994,0.8933485969534986,3
0.31878634334381356,0.27144671135734505,0.011337839113812469,0.011690354998878461,0.3867387511861504,3
0.14113613604587658,0.5106776314938888,0.027527400495498,0.008341401083794926,0.31231743088094166,3
0.2127495693060303,0.3134736167170254,0.020712546976360633,0.017092703985807006,0.43597156301477674,3
0.22041454299549826,0.3609828712366322,0.011255324196170747,0.013822982110487157,0.39352427946121155,3
0.07410505283650212,0.06837594269235306,0.031263279979477344,0.00463080317426365,0.8216249213174038,3
0.09298839189259597,0.20952048565436554,0.02947994371024865,0.005075663858845425,0.6629355148839443,3
0.06086878954118362,0.1750808846630392,0.010388096155390178,0.004973106504110549,0.7486891231362764,3
0.035086819973862655,0.12188458551670928,0.005090899109191859,0.003208569201040386,0.8347291261991959,3
0.037685576926773885,0.07755464027566117,0.005342184457801931,0.003486477174054916,0.8759311211657081,3
0.22058266428386347,0.22233322976009018,0.01343861194524248,0.011221748212236529,0.5324237457985674,3
0.14064801161570084,0.5160777464103007,0.023580570954158504,0.008456401267393186,0.3112372697524468,3
0.037981262746688664,0.08738344196262886,0.005281766329947777,0.0033288643930821757,0.8660246645676526,3
0.2825724220552805,0.25726388192100785,0.010745447931308338,0.011898579124818634,0.4375196689675848,3
0.03751122847525414,0.059892206042247854,0.005449061518414899,0.0036922886250839123,0.8934552153389993,3
0.04942565954219527,0.268658771520691,0.019029223593951906,0.004345451264911621,0.6585408940782502,3
0.03811152038821021,0.0591190767569884,0.016640480547935117,0.004207033884546456,0.8819218884223198,3
0.19514144888462834,0.20927720118224907,0.014415609530961328,0.010034372392005398,0.571131368010156,3
0.3347514244180563,0.24807970739766472,0.009873854708557736,0.020855915383992615,0.38643909809172866,3
0.19982693394219342,0.3898977635000147,0.027791782368222554,0.01566295071924633,0.366820569470323,3
0.03857200886707203,0.059833392361567705,0.0054437105823694895,0.0035730389249678204,0.892577849264023,3
0.18746680240812177,0.31478768376885874,0.07903515593283393,0.017627743950171252,0.4010826139400143,3
0.04363405946471676,0.05951344808502901,0.005414601685560874,0.0036328809297227747,0.8878050098349707,3
0.03727273263138494,0.08741478801835983,0.005283660997152662,0.0036934947316265647,0.866335323621476,3
0.2596019309619446,0.2732350157591381,0.013005981000902469,0.010517256987986712,0.44363981529002816,3
0.03836575119342104,0.05984749238481531,0.005444993418637586,0.003553573527255213,0.8927881894758709,3
0.37158607089752843,0.2323442816137117,0.011059582915976258,0.007762756454464505,0.3772473081183191,3
0.11776744765450577,0.5007449537663211,0.03521355177181413,0.00856115420265,0.33771289260470916,3
0.06491282439366002,0.07071427300435425,0.008012436844856068,0.0066374973348201196,0.8497229684223095,3
0.03854165089227321,0.05957896228555641,0.007290902553109271,0.005806151873978386,0.8887823323950828,3
0.037572589642604834,0.0596165586980197,0.0056886067617126015,0.007779059713660182,0.8893431851840026,3
0.24188660614476143,0.2152159778008717,0.015285594176638216,0.012231834909131241,0.5153799869685974,3
0.0322602674984403,0.1926245186415472,0.004680782333435861,0.0029500906833371406,0.7674843408432395,3
0.036310589875777774,0.08716331710192983,0.005525497603771116,0.007157506151271753,0.8638430892672495,3
0.039316278371256605,0.059526280193178016,0.009639684338825321,0.0035213214535192382,0.8879964356432208,3
0.03865923414739254,0.05976072638128102,0.006505560301442503,0.0035806407205414715,0.8914938384493425,3
0.03853098508180296,0.059769755742364906,0.005796661759204744,0.004274061478501739,0.8916285359381257,3
0.03927697203405112,0.05969075869983926,0.006313776664834385,0.0042684124974714365,0.8904500801038038,3
0.236423440721788,0.21633369757280174,0.015364979596863544,0.01382127973537729,0.5180566023731694,3
0.03685097590114204,0.07762263539549415,0.005346868155271056,0.003480437061401618,0.8766990834866911,3
0.302127027356495,0.29692724867595716,0.012638694610849162,0.008797503012391523,0.3795095263443071,3
0.03569905582472243,0.10611254817463285,0.00517973106803222,0.0037142091539135863,0.8492944557786989,3
0.19113133998826257,0.37256023087245504,0.018745961131451886,0.011250773424940156,0.4063116945828904,3
0.4377774975008885,0.2556223528402372,0.010174060581901272,0.00986874271689906,0.286557346360074,3
0.19218728671648855,0.3966277539004411,0.018578941309724727,0.013042141281852168,0.37956387679149345,3
0.03814056909613067,0.059869091753464165,0.00544695855394156,0.0034329777669262623,0.8931104028295372,3
0.03856392143014682,0.05961338882166301,0.009077438725847457,0.0034493531691968823,0.8892958978531459,3
0.2725395824167115,0.32841326408783855,0.028052973790795202,0.01843373897767284,0.3525604407269819,3
0.18459679183775488,0.37106247708500095,0.019215203141291704,0.009234144640225152,0.4158913832957274,3
0.03774307593647954,0.059887069893619166,0.005448594225728674,0.003542664237046938,0.8933785957071256,3
0.0544045270606165,0.07374533547697663,0.005079788696333236,0.0035359234267708507,0.8632344253393027,3
0.07606029964992443,0.2354372553579678,0.029820306943454104,0.005011579477007403,0.6536705585716462,3
0.41468347322925525,0.23500204992352527,0.00981561139615906,0.019410522225995163,0.32108834322506513,3
0.23158350767895483,0.4374322061976058,0.009346063941783184,0.015909718309042885,0.3057285038726134,3
0.03774717737786771,0.05989357766493837,0.005449186310218617,0.00343438182346415,0.8934756768235111,3
0.03747358265133221,0.05983209893473337,0.005443592904914348,0.004692171225549213,0.892558554283471,3
0.2125167052315353,0.36421454300138817,0.03153159891893663,0.00854658137833912,0.38319057146980073,3
0.03643247804295494,0.08745590879495886,0.005493857226760417,0.0038748996513556324,0.8667428562839701,3
0.1574493009578111,0.4753339176074666,0.0177428219547041,0.00945163841559167,0.3400223210644265,3
0.17541570371047543,0.5088037480396619,0.013653489394840663,0.015618637775848099,0.28650842107917385,3
0.03774717737786771,0.05989357766493837,0.005449186310218617,0.00343438182346415,0.8934756768235111,3
0.18335259300773196,0.3856448400520902,0.01649671199274226,0.008768441426918492,0.405737413520517,3
0.043700127665010996,0.05926496815577697,0.009430785239100167,0.0035058633452622304,0.8840982555948497,3
0.03780074916771297,0.11427450604476923,0.005320404224263269,0.0032264383743983074,0.8393779021888561,3
0.03790602701936355,0.059881106899161006,0.005448051705661645,0.0034751729558942465,0.8932896414199195,3
0.036845721507606184,0.07761156757805691,0.005346105772490544,0.0036225257258619367,0.8765740794159844,3
0.19834277459323194,0.4561078435896944,0.009565083447124074,0.009715033989094063,0.3262692643808554,3
0.05088770780379833,0.07738047233416342,0.012977322992290699,0.016674910320469426,0.8420795865492782,3
0.03750362053732533,0.05988005884780741,0.005447956352748844,0.0038943573798072106,0.8932740068823113,3
0.15882885940252445,0.49332299046432715,0.009381470271363894,0.009593572477090364,0.32887310738469405,3
0.03194589012843232,0.1994465805142419,0.0048172995298440945,0.0037850491805508616,0.7600051806469308,3
0.23887815414445668,0.28164969110363114,0.06796382552088193,0.019796716180278503,0.3917116130507518,3
0.036433756778411125,0.08745897839048011,0.005286332020567744,0.004047654911537962,0.8667732778990032,3
0.14883147194764518,0.16709929107143223,0.011510274981594787,0.008055548593151643,0.6645034134061761,3
0.1833646990725493,0.38567030269406083,0.016431775062441315,0.008769020373299997,0.4057642027976487,3
0.03748215723826745,0.05984578952681279,0.005444838490665718,0.004464428028840095,0.892762786715414,3
0.06527686389987711,0.06915358091448182,0.02972679079818711,0.004873519351623439,0.8309692450358306,3
0.036144579503259625,0.11007153833025561,0.005155848370354554,0.003249503856103709,0.8453785299400265,3
0.04378875497667499,0.059385162193738655,0.0065380579094753985,0.004396748210063716,0.8858912767100473,3
0.13136630204159724,0.1088699267248022,0.004938152267370438,0.005336799646571137,0.7494888193196589,3
0.03773029993932963,0.059866798174494716,0.005446749881499389,0.0038799641461253758,0.8930761878585509,3
0.20660180518346244,0.2769287079029498,0.09308806945592066,0.010129198892446898,0.4132522185652202,3
0.04215238429776546,0.05944622800178941,0.0072746593576711975,0.00432448895014717,0.8868022393926267,3
0.12580967499942697,0.4750691308122853,0.10169923513577321,0.021764869667798486,0.275657089384716,3
0.04230351468609735,0.05955673499308578,0.005418539978045491,0.004270458493690697,0.8884507518490807,3
0.07589499125262791,0.06982472943608281,0.010230352580802515,0.005015968733640219,0.8390339579968464,3
0.1612860661417895,0.4249491481320935,0.05223791572374431,0.010955105975967699,0.350571764026405,3
0.2948566316945324,0.2762134868942353,0.013556524523129687,0.010939000889560057,0.4044343559985425,3
0.038664987432424774,0.059769620000106834,0.006480488568265098,0.0034583930262012327,0.891626510973002,3
0.11142080482454121,0.5298003056995597,0.03004216039441534,0.009223628958685278,0.31951310012279854,3
0.03855894431621008,0.05981312646355745,0.005800867990230509,0.003551532976796784,0.8922755282532052,3
0.14928753349085735,0.5060414552350374,0.01061224623749619,0.015398597428465575,0.3186601676081435,3
0.03747861033615762,0.05984012637472183,0.005444323250600758,0.004558634645556285,0.8926783053929634,3
0.038170886738167216,0.0595435194756683,0.005417337615131113,0.00861464972266993,0.8882536064483634,3
0.03786025051725218,0.05942907685287949,0.005406925494203974,0.010757363796024245,0.8865463833396401,3
0.03751122847525414,0.059892206042247854,0.005449061518414899,0.0036922886250839123,0.8934552153389993,3
0.14805817034035929,0.5085291141833268,0.01547521515797705,0.01195693241030222,0.3159805679080348,3
0.1302396267237859,0.39287310165946143,0.06849182341092469,0.010662011347080074,0.3977334368587478,3
0.046557050709667945,0.15287564813784144,0.010692949286086441,0.0035155311614035703,0.7863588207050006,3
0.03751122847525414,0.059892206042247854,0.005449061518414899,0.0036922886250839123,0.8934552153389993,3
0.14136116470764007,0.5114918602748884,0.027571290418156195,0.006760292136842861,0.3128153924624725,3
0.2614726969696357,0.33873859750915114,0.029300296561898066,0.016647923958132926,0.35384048500118204,3
0.036938447465542104,0.058977676722756465,0.005365856593240036,0.01890549704564206,0.8798125221728194,3
0.041654802663486416,0.05965035503879744,0.005427057637055744,0.003420435096639003,0.8898473495640215,3
0.31391125437832323,0.24790234111099044,0.011800146220684215,0.012725004463315686,0.41366125382668634,3
0.13584727038955655,0.4219653772499551,0.0431651619161449,0.009463143785698102,0.3895590466586454,3
0.2495902995365852,0.3507980390943434,0.05258508837662185,0.016574110146863875,0.33045246284558566,3
0.03754476929596009,0.05957241605721367,0.005928205868855604,0.008269931190418167,0.8886846775875524,3
0.03784062892071487,0.06027375366936213,0.005550675134475973,0.003873350016142131,0.8924615922593049,4
0.03742665169193442,0.08236181260247183,0.005415641412855223,0.004045608727971624,0.8707502855647669,4
0.036363056944920064,0.09714373523603582,0.005333936611376188,0.0035458375494924923,0.8576134336581754,4
0.042924074937653614,0.05984061729719433,0.007420408776893891,0.003766671632204555,0.8860482273560537,4
0.0378475713514636,0.06028481179320284,0.00555169348905487,0.003690595646520965,0.8926253277197578,4
0.03782942603841522,0.06025590936319241,0.00554903183303018,0.004168257630883372,0.8921973751344789,4
0.17189204472400033,0.35086407995761587,0.1561131916714339,0.009667158261640852,0.311463525385309,4
0.19703016170126278,0.19901872220553643,0.0104448143119425,0.015973451639300595,0.5775328501419578,4
0.042873774692786484,0.059770493533143,0.007124642605893527,0.005221170566938392,0.8850099186012387,4
0.23526788820756034,0.24828540289923867,0.01192989525371224,0.022377176276890686,0.48213963736259824,4
0.03839968618087156,0.10083672633445119,0.0072922570391597335,0.003812880293346876,0.8496584501521707,4
0.14181247901244104,0.4090629724566143,0.0373559161508193,0.00893117393880527,0.40283745844132,4
0.04787361895950227,0.0592337352148043,0.007785772798891119,0.008044629064690691,0.8770622439621115,4
0.38758033049907414,0.22855605448470498,0.011231304770145912,0.027299875369519156,0.34533243487655574,4
0.15304065823943364,0.4918993916971072,0.024670484277170914,0.009795664103752877,0.3205938016825354,4
0.31545408911498873,0.2329870251218109,0.012720568028093595,0.021575341401834522,0.4172629763332723,4
0.05987037817364151,0.07471271228397364,0.011712345230537442,0.006013038879614717,0.8476915254322326,4
0.33348453359667307,0.24965186994228064,0.012267958703085778,0.02738888069774709,0.3772067570602133,4
0.038641735039080416,0.06023505251700559,0.005547111103517499,0.003687549417086965,0.8918885519233095,4
0.41192079221127276,0.21452525221515095,0.01092095349380404,0.022451340477777276,0.3401816616019951,4
0.13977280892802385,0.4924220852362197,0.025742376475287234,0.007220150294889321,0.3348425790655799,4
0.06678416700376183,0.25873039262921527,0.005425528962071918,0.014337569662712032,0.6547223417422389,4
0.03929472815492851,0.08224003089997067,0.005407633745095693,0.003594829144832274,0.8694627780551729,4
0.0504816967116548,0.05938756506098504,0.007078997533442627,0.0037117685151005267,0.8793399721788171,4
0.3754518563757212,0.2500236678911324,0.012217164117833487,0.012868956131548455,0.3494383554837645,4
0.03689920020629138,0.08383186481014487,0.005412581104194897,0.003598117997502058,0.8702582358818669,4
0.03251650357949314,0.2039249867344828,0.0071210321076910854,0.0036162513529231716,0.7528212262254098,4
0.19060478269123013,0.38485884632138484,0.02918548040982245,0.014518323654549881,0.38083256692301276,4
0.03603454509568979,0.10530033718443672,0.005285748655601885,0.0035138036736767613,0.8498655653905949,4
0.03784157914706469,0.06027526722002376,0.005550814518992629,0.003848336008247133,0.8924840031056717,4
0.056207017690190514,0.05868537157571588,0.012470924494856693,0.003693954613499559,0.8689427316257374,4
0.03833057448728733,0.06022775600676568,0.005546439160001598,0.00411471641181394,0.8917805139341315,4
0.05953774565756011,0.07429761757055448,0.009892246102589035,0.013290535921748748,0.8429818547475475,4
0.03645316473512411,0.10666393577952032,0.00527477772241421,0.0035065105336032805,0.848101611229338,4
0.16415584516613743,0.4878467893102789,0.009827388658678228,0.03600418905719793,0.30216578780770736,4
0.19595332699855347,0.3295291512945982,0.009646805706082989,0.015913348089658958,0.44895736791110635,4
0.13227242603315922,0.4918583469731439,0.0510899713698571,0.0104144897042626,0.3143647659195771,4
0.0678404833667242,0.23832697663402527,0.02512448491458364,0.015636667709926756,0.6530713873747402,4
0.19378366639476008,0.461474582874227,0.010168865591416654,0.011178712395460989,0.32339417274413523,4
0.40791928914957115,0.22497602661402513,0.011118136648026602,0.014133728300719815,0.34185281928765715,4
0.21902597051268527,0.29367499940930974,0.017747880864684887,0.025828479791868548,0.4437226694214515,4
0.06065985022491944,0.07467329169948597,0.010342864716823896,0.007079734454231032,0.8472442589045397,4
0.42933661016494445,0.22395457184645493,0.010745348463903891,0.028622350087199336,0.3073411194374974,4
0.3005084074860217,0.25989179412177316,0.05792084344521468,0.010922598014100813,0.37075635693288966,4
0.03716793908274524,0.08509055960748269,0.009435031294080883,0.0035752662588549736,0.8647312037568361,4
0.03680103012948329,0.08209627178011782,0.00947007413705274,0.0036897043217439013,0.8679429196316023,4
0.037831378811046264,0.06025901980136146,0.005549318276643712,0.0041168523314836745,0.8922434307794649,4
0.28297010711420156,0.2642563660747589,0.012697285988568188,0.018129700590718372,0.421946540231753,4
0.07012429267118081,0.07389722087185428,0.013015600326056732,0.004523938178246308,0.8384389479526618,4
0.060085567034929815,0.07498124814378598,0.009604546000206776,0.004590301599006829,0.8507383372220706,4
0.03818318551037593,0.05999616784357625,0.009692750232830066,0.0037764627716829597,0.8883514336415347,4
0.15348933939418397,0.5073554074147951,0.010145038780249567,0.01707753912507074,0.31193267528570057,4
0.038641735039080416,0.06023505251700559,0.005547111103517499,0.003687549417086965,0.8918885519233095,4
0.038527785576119855,0.06024219215696697,0.005547768600679865,0.003687986501045186,0.8919942671651883,4
0.05789112351157529,0.07881426571156883,0.005182375033093157,0.007022617788003625,0.8510896179557592,4
0.037671408256214206,0.08375809896547862,0.005407818432889901,0.0036702013866701366,0.8694924729587471,4
0.12145826686795164,0.5281677460386085,0.027086858056241704,0.008456636218941299,0.31483049281825687,4
0.03609700379051357,0.103574574647918,0.005294910446359024,0.003694873320092454,0.8513386377951169,4
0.03784157914706469,0.06027526722002376,0.005550814518992629,0.003848336008247133,0.8924840031056717,4
0.23243513155315734,0.3100136774715492,0.014874467466964721,0.017233519158984616,0.42544320434934413,4
0.03269654346340281,0.19658556531334,0.010510355132765286,0.0032180312602497355,0.7569895048302421,4
0.28483666097059407,0.22710266491040165,0.011675781912310054,0.010606863195314096,0.46577802901138027,4
0.10923881935727076,0.09171493411646395,0.004813343417455911,0.0037485047214298123,0.7904843983873795,4
0.0383429852031683,0.06024725661634293,0.005548234992218741,0.0037922675711697064,0.8920692556171004,4
0.04017587365770207,0.06003724282966586,0.007048212407422857,0.0037790482394118195,0.8889596228657973,4
0.16129696455696632,0.42363249150837046,0.020097376734036342,0.008566883876120816,0.3864062833245061,4
0.30915110231347653,0.21401148543552423,0.011473162255907533,0.00982866837781906,0.45553558161727253,4
0.042480089492837665,0.059221655487828706,0.012828012987231753,0.008586860206731326,0.8768833818253706,4
0.11607117028011746,0.48046461955140796,0.08206511812116421,0.008116426322039088,0.3132826657252712,4
0.03838261688294615,0.060015205835833405,0.007159739421395609,0.0058091124188106025,0.8886333254410143,4
0.03645316473512411,0.10666393577952032,0.00527477772241421,0.0035065105336032805,0.848101611229338,4
0.0378475713514636,0.06028481179320284,0.00555169348905487,0.003690595646520965,0.8926253277197578,4
0.033033781497321474,0.19031783504511926,0.0047799925190384635,0.0033204879938507907,0.76854790294467,4
0.03818318551037593,0.05999616784357625,0.009692750232830066,0.0037764627716829597,0.8883514336415347,4
0.17733430340065617,0.24580411671950336,0.012565929329667908,0.01778140344060157,0.546514247109571,4
0.11450241588264778,0.5338661573791261,0.022429633517620534,0.00861135367863491,0.3205904395419706,4
0.06006090433997215,0.07495047137422599,0.009979169354048575,0.004620311386884793,0.8503891435448685,4
0.41039196815926954,0.22645905468019162,0.011576976476850433,0.010879504655499816,0.3406924960281886,4
0.32746643889996924,0.2364244614132322,0.012652707917671323,0.03441963046552081,0.38903676130360654,4
0.24507415319127934,0.30471230146720873,0.05453866391331601,0.009060442378718317,0.3866144390494777,4
0.1643590530788366,0.17345313899283318,0.008334270784544923,0.015632781555820378,0.638220755587965,4
0.03695245897465514,0.08243408144427224,0.005420393398273543,0.003678735818060746,0.8715143303647382,4
0.0712618014625292,0.07407947058182149,0.00948903493190296,0.004662937198382837,0.8405067558253635,4
0.0392907465786645,0.08223169784944817,0.005407085811386136,0.0036957908606627854,0.8693746788998384,4
0.22561236913709998,0.2476405731055079,0.01522359663930876,0.011245433853459795,0.5002780272646236,4
0.0383429852031683,0.06024725661634293,0.005548234992218741,0.0037922675711697064,0.8920692556171004,4
0.14861108102024137,0.11016184099734683,0.0053907022271498335,0.009881628925975331,0.7259547468292866,4
0.17689019864975428,0.30284744170570116,0.010589746166410225,0.0816943062213098,0.4279783072568246,4
0.052106288246405674,0.1469828698548907,0.004782263060761276,0.010748436459873268,0.7853801423780691,4
0.03820225831869917,0.05973319649836305,0.009183301090994935,0.008423575334456495,0.8844576687574864,4
0.05214456085629615,0.1470908302993564,0.004785775682647767,0.010021820912132171,0.7859570122495675,4
0.07082254814555237,0.07362284932744495,0.01232557145858278,0.007903106668316623,0.8353259244001033,4
0.03777108585447144,0.06016298326824245,0.005540474168488294,0.005704019949028619,0.8908214367597691,4
0.03622040399583236,0.1105739817095387,0.011066930470333225,0.0035648536502926246,0.8385738301740032,4
0.18223132002546658,0.29838004856630107,0.07748779236754555,0.027267241325737993,0.41463359771494884,4
0.3174387806801582,0.255665563591091,0.02482023841946211,0.015650637859511825,0.38642477944977693,4
0.21987921260308918,0.22087869260780038,0.014562700685745259,0.010757240300654586,0.5339221538027106,4
0.40983718782511364,0.2103261815841028,0.01936449013569438,0.009671832037410082,0.35080030841767923,4
0.14873783612526087,0.21485208614652118,0.011045956251730174,0.00934234684059054,0.6160217746358972,4
0.24315264448429905,0.23463157148882058,0.011529857277377759,0.009232265510947645,0.5014536612385551,4
0.4218129424126008,0.2187105988847305,0.01139366265804768,0.012784941925678132,0.3352978541189429,4
0.33696344092695335,0.24247888818008284,0.012395937925988386,0.027019958777136786,0.3811417741898387,4
0.1563476184344687,0.43404960985422203,0.026749230685573135,0.008304011765597055,0.374549529260139,4
0.05459738367149281,0.08536867689702718,0.013010596817264037,0.005226213003470752,0.8417971296107453,4
0.2931568678264318,0.25616800776040916,0.013520413184406105,0.0214383451375326,0.4157163660912202,4
0.03784062892071487,0.06027375366936213,0.005550675134475973,0.003873350016142131,0.8924615922593049,4
0.042800380847283256,0.05966817489198168,0.009234315281780602,0.004802222333161081,0.8834949066457934,4
0.06267881009975142,0.07426360624058931,0.01538798648488633,0.00507363547405476,0.8425959617007182,4
0.03847648889279378,0.06016198446769193,0.006871802682426303,0.0036830762402340323,0.890806647716854,4
0.054530853973669,0.08526465080830924,0.013607919538053188,0.005825218824176737,0.8407713568557919,4
0.03695245897465514,0.08243408144427224,0.005420393398273543,0.003678735818060746,0.8715143303647382,4
0.11257388227884647,0.4100789833390408,0.1918759105368535,0.014568101113775647,0.27090312273148354,4
0.162945068570663,0.17885460056950292,0.010995008863086157,0.011800313977866472,0.6354050080188814,4
0.11716398529124086,0.41160288074467427,0.0291212140167982,0.02700532506035332,0.41510659488693324,4
0.06613658805237371,0.26456723215076916,0.02563223915024691,0.006995226449608658,0.6366687141970017,4
0.13924504784613062,0.4815113262058218,0.03649026411706824,0.009175097929034495,0.3335782639019448,4
0.2506849494474892,0.3571213671437094,0.024110170360420072,0.014313056886805956,0.3537704561615754,4
0.04023482681040883,0.06012534009855878,0.005537007568297898,0.0038387637580231666,0.8902640617647113,4
0.03603454509568979,0.10530033718443672,0.005285748655601885,0.0035138036736767613,0.8498655653905949,4
0.03784062892071487,0.06027375366936213,0.005550675134475973,0.003873350016142131,0.8924615922593049,4
0.1873091162988855,0.37329747177754863,0.08010753308217201,0.01122626583739395,0.34805961300399985,4
0.3411549402666067,0.24775599806981288,0.026048209513763812,0.015258246638875277,0.36978260551094133,4
0.18276333663752758,0.24499840030941317,0.012298155919404715,0.023445478412380188,0.5364946287212743,4
0.19210396963545567,0.4807253664261894,0.016718591653230117,0.01971360818963333,0.2907384640954915,4
0.04016949280232504,0.06002770753076993,0.007126825648884425,0.0038575384438263314,0.8888184355741943,4
0.03847249452952808,0.06015573886608781,0.006871089299345006,0.003786506980298508,0.8907141703247407,4
0.30185912624522004,0.2352492406147929,0.014847706848892158,0.014220120070242447,0.4338238062208525,4
0.0629388729440072,0.07457173596789082,0.011800420702965575,0.004596964295419954,0.8460920060897165,4
0.16589620438260835,0.48829919120215676,0.05262680869387138,0.011574173288889354,0.2816036224324741,4
0.4470138525475736,0.2036450944802724,0.010367071396470848,0.01604544098636374,0.32292854058931936,4
0.03811669014286131,0.059891685538684646,0.005515490067286351,0.009671749507533035,0.8868043847436348,4
0.21714362360566491,0.2995530725011135,0.014611607498189322,0.019424037999479532,0.4492676583955528,4
0.175550138475125,0.20936483959349272,0.012993646879339018,0.01117690535533255,0.5909144696967107,4
0.03597394699893106,0.10670603827139107,0.005276859787777304,0.0036067802244970915,0.8484363747174035,4
0.23715003109670257,0.22351100904198362,0.01093737435147027,0.012724503757453867,0.5156770817523897,4
0.036951492660026224,0.08243192577558248,0.00542025165383811,0.0037047898301454715,0.8714915400804077,4
0.038969254544402004,0.06010772321549429,0.007136325559136942,0.0037834846319812396,0.8900032120489855,4
0.061502015438297086,0.3204436648566811,0.02130214589650243,0.004698512700137119,0.5920536611083823,4
0.037578417355835565,0.05976776228189613,0.005378892661386799,0.006346717270143061,0.8909282104307386,5
0.036518521763914666,0.07542192490652909,0.005297364326347221,0.00533785347922171,0.8774243355239874,5
0.10481414449404929,0.44294062662542577,0.03279401978494877,0.010968744900645986,0.4084824641949303,5
0.18017082334816814,0.39653391424516243,0.026654617562359553,0.01335298963777884,0.38328765520653113,5
0.038846499955404463,0.05974857072432518,0.007195470498281824,0.003567327364081838,0.8906421314579067,5
0.3774528059798657,0.22374093064424538,0.010473529932622473,0.05955761158523832,0.3287751218580281,5
0.03658604227940946,0.07556137543747393,0.005307158829322752,0.003498783943208657,0.8790466395105851,5
0.03658608991959206,0.07556147382903254,0.005307165739991411,0.003497486358202587,0.8790477841531813,5
0.35521659619800644,0.264498311177107,0.011451952316704098,0.015708078412385622,0.3531250618957968,5
0.037693225034061056,0.05975462813131346,0.005377710633091186,0.006442010000075616,0.8907324262014586,5
0.1870287565134286,0.36521933131451345,0.09703634235180678,0.013607166061945713,0.3371084037583055,5
0.1105517419391382,0.42491065120470134,0.023946099795094704,0.00974843539047642,0.43084307167058944,5
0.035215046710483776,0.10912576065371707,0.005108282679150006,0.004444948709213873,0.8461059612474353,5
0.3625553155287234,0.2513803456787466,0.01176735775326522,0.011446279250132283,0.36285070178913253,5
0.03702697698966349,0.05968140349548485,0.005371120668179441,0.00827959575512239,0.8896409030915499,5
0.08336597650163528,0.5529812235574094,0.030882308594703325,0.007875987118933761,0.32489450422731814,5
0.18475177130739176,0.15755359920863432,0.011065997280893797,0.01046097385382691,0.6361676583492533,5
0.03775142749063612,0.059846895803974245,0.005386014405700533,0.0049078479400363525,0.8921078143596528,5
0.1535023723104109,0.47406692057437844,0.0192418918919992,0.007600038066163384,0.34558877715704817,5
0.24748099065220727,0.34502397380909194,0.011161682383709808,0.03918516755645995,0.3571481855985312,5
0.04450357332536768,0.05940273947275763,0.006266813882138833,0.00433987577192745,0.8854869975478084,5
0.20887176387020231,0.3848997296515383,0.026457796570439923,0.007728598078375528,0.3720421118294439,5
0.037677535954321925,0.059925408538681,0.005393080281289914,0.0037258107047350103,0.8932781645209722,5
0.03644633143182536,0.07896147348529704,0.0052868924213673495,0.0036154720162857893,0.8756898306452245,5
0.037544800871590865,0.05971429589931633,0.008952375298472896,0.0036573141872486823,0.8901312137433713,5
0.34538416952855744,0.25893866990900305,0.011554936146457147,0.02394196949850504,0.3601802549174772,5
0.2614004810696926,0.16115946851227733,0.01131926055199516,0.012971401905269906,0.553149387960765,5
0.037201215301822944,0.059962247027898076,0.005396395618383709,0.003612844553209432,0.8938272974986858,5
0.036560201387959776,0.07599571677150727,0.005303410358412251,0.0037149066924830063,0.8784257647896376,5
0.06390687888562789,0.06910279319768463,0.00882897147752071,0.0040510810266887,0.8541102754124781,5
0.03719169887796577,0.05994690811615779,0.005395015169180937,0.003867729841771852,0.8935986479949237,5
0.15144181094663056,0.4506198504122093,0.049836292636950996,0.007152329932978756,0.34094971607123054,5
0.037041422500221285,0.059704687285153615,0.005373216129019817,0.007892691159214118,0.8899879829263913,5
0.14533610076784584,0.25214580844669715,0.01172744156794507,0.01193647260424398,0.578854176613268,5
0.43646138824052455,0.23312917944580167,0.01009376670408303,0.009070744781376447,0.3112449208282142,5
0.24607927545135114,0.2234348631385264,0.00967403302941459,0.014251807823302305,0.5065600205574056,5
0.0565037170115329,0.0695993730206145,0.009369919982300435,0.004278989747485984,0.8602480002380662,5
0.03228091238020293,0.19156786727265776,0.00773510941357648,0.0030838398686794987,0.7653322710648834,5
0.03720479849638868,0.059968022548830824,0.005396915395366731,0.00351687325195499,0.8939133903074588,5
0.11377444683763623,0.4106196496027758,0.009496206849927672,0.011019406335814346,0.455090290373846,5
0.03872709982223597,0.05956492516270955,0.009360194606576569,0.004443161705224109,0.8879046187032538,5
0.03716654855809212,0.05990636993263719,0.005391366872347998,0.004541349116684567,0.8929943655202381,5
0.058567969955272386,0.08140510316457873,0.01481773045018566,0.004828040353548361,0.840381156076415,5
0.42470909017541003,0.22795989899824268,0.009869952975618513,0.027632851585272577,0.30982820626545604,5
0.06874453725125976,0.2523836770157125,0.02066974983851982,0.01769008216862053,0.6405119537258873,5
0.40553680296335914,0.23366528982777007,0.010612747532367432,0.017039850917269714,0.3331453087592338,5
0.06415463745526445,0.08091619932032033,0.014728737928849078,0.004866441470962208,0.8353339838246038,5
0.12101759287783082,0.4468950713671439,0.09766487266794296,0.02833721708297436,0.306085246004108,5
0.03717932221191189,0.059926958963924894,0.005393219814219506,0.004199223073465793,0.8933012759364779,5
0.1563013707911243,0.49277622650469577,0.016560047031715527,0.009928196024901022,0.3244341596475633,5
0.08296970062019153,0.10616315907591724,0.004969600426358012,0.006328111312657587,0.7995694285648756,5
0.20226282742611496,0.1542963222732744,0.010837217882067878,0.009588160061682843,0.6230154723568598,5
0.37401826142185624,0.24551999012188558,0.010956138028878237,0.03558373232136332,0.3339218781060166,5
0.0360496523265533,0.08881314504857753,0.005229350285492837,0.003748963351913881,0.8661588889874624,5
0.03650041831670175,0.11322144986551995,0.009980695021636012,0.0034444280048129845,0.8368530087913293,5
0.035512405928316816,0.11410714739400447,0.005083168293843786,0.003351116516216553,0.8419461618676184,5
0.22940016007520123,0.29716613960915567,0.01317570450466957,0.054653519129631,0.4056044766813426,5
0.3629179067971137,0.27205483584751666,0.011779126277930591,0.01891259121160466,0.3343355398658344,5
0.370780281049371,0.24764717274972503,0.011592604308273378,0.012219886230075106,0.3577600556625554,5
0.0369356681047393,0.059534228574739764,0.005357875432438438,0.010725187905231004,0.8874470399828515,5
0.037619355775659835,0.05983287406457405,0.007140023513386318,0.0035089473596356642,0.8918987992867441,5
0.037642993985530886,0.0596749974384541,0.00537054414512026,0.0077660532351164465,0.8895454111957782,5
0.39119534661073746,0.24191819273356246,0.010795410630188906,0.0129533046169162,0.34313774540859493,5
0.13950801159466203,0.16808207796179078,0.011181769217692232,0.04638257010284912,0.6348455711230059,5
0.37639583474333577,0.19689761097809855,0.00921696810817306,0.015163857979299738,0.40232572819109297,5
0.037131374429324536,0.05984967501605876,0.005386264525211706,0.005483443341932534,0.8921492426874725,5
0.036571095691632895,0.07553050615891493,0.005304990682391722,0.0039058870887609004,0.8786875203782997,5
0.220158151258378,0.34169356219381064,0.04431344148980008,0.010713242801171486,0.3831216022568398,5
0.0748423449939947,0.09003330842892217,0.005082841913467839,0.012252415890645926,0.8177890887729694,5
0.14902157956902085,0.45678561735837203,0.012616484786055123,0.021082936252705856,0.36049338203384623,5
0.32741039103596226,0.261082356847521,0.012221518304444682,0.02211672565757065,0.37716900815450144,5
0.03719672856443087,0.0599550151443784,0.0053957447737861056,0.003733016097903987,0.8937194954195007,5
0.07898915300931156,0.34504276952366947,0.010706144808366454,0.007379115525025816,0.5578828171336266,5
0.1603409267925811,0.4932547698630535,0.020460437138089167,0.007306379547346844,0.3186374866589294,5
0.29133299417857733,0.28949449385987286,0.01306404967882482,0.010546982107847895,0.395561480174877,5
0.1431587645206839,0.4989268845176828,0.02659403250913355,0.009018704312159117,0.3223016141403406,5
0.03464550586638609,0.12382733246273883,0.005025665278330073,0.004079796515732569,0.8324216998768125,5
0.13661939898042055,0.3967511379310652,0.012835079655688832,0.025818401084274294,0.4279759823485511,5
0.031236128468220388,0.2171143373633958,0.0074544848748130076,0.0036330460176494353,0.7405620032759214,5
0.03756519675331221,0.05974673516355432,0.008406453555587631,0.0036668448581733412,0.8906147696693726,5
0.06039426310846166,0.37422202087744194,0.010233549550001999,0.0048422001363479655,0.5503079663277464,5
0.31618743938628985,0.2866463941895424,0.012331247010945078,0.013937589948240922,0.37089732946498166,5
0.03720479849638868,0.059968022548830824,0.005396915395366731,0.00351687325195499,0.8939133903074588,5
0.3493242086757957,0.2552145763364788,0.011946841808537114,0.011117981410548719,0.37239639176863976,5
0.4272019619692575,0.22584754513813454,0.010257676607093246,0.01064722666750586,0.3260455896180088,5
0.34740316335657895,0.25155930766663503,0.011775735137463784,0.030360182448842185,0.35890161139048016,5
0.20613089295074594,0.3208695896597353,0.014226664260779048,0.019722915558079045,0.4390499375706609,5
0.1901579030693499,0.4595788608773167,0.01062846342343094,0.011629126542217634,0.3280056460876849,5
0.037203270060486036,0.05996555896127281,0.005396693680975384,0.003557810460295158,0.8938766668369705,5
0.037195012355911376,0.059952248898212455,0.005395495821162927,0.00377898255655364,0.8936782603681597,5
0.03702697698966349,0.05968140349548485,0.005371120668179441,0.00827959575512239,0.8896409030915499,5
0.042836485638173015,0.05953951511801639,0.006281243309469187,0.0038169120886549657,0.8875258438456863,5
0.0748423449939947,0.09003330842892217,0.005082841913467839,0.012252415890645926,0.8177890887729694,5
0.15831085771272327,0.24755964947052572,0.011514136767259767,0.014289679966623517,0.5683256760828678,5
0.20869812515489264,0.4788558470296059,0.00945498388024626,0.008268644688428244,0.29472239924682697,5
0.13475993132475056,0.5471563325533053,0.009825933798655347,0.014474734013042442,0.29378306831024636,5
0.15626742037627822,0.4673113956471922,0.027432972771695468,0.008569844546971215,0.3404183666578629,5
0.0319526837988825,0.1921659626440171,0.004635045426578851,0.0035245878568920014,0.7677217202736296,5
0.12071349434256537,0.41399109724397076,0.0362796216096144,0.00924472322808057,0.4197710635757689,5
0.046715020921330744,0.05892016686648973,0.012171286592922758,0.0038999971271802456,0.8782935284920764,5
0.19019331418688543,0.3785107145157184,0.03662414262270928,0.010876509729814804,0.3837953189448721,5
0.17407327896902164,0.4845478235928676,0.009567371662469688,0.04045939558630455,0.2913521301893367,5
0.03564902871654899,0.09911018226379077,0.005171235961105634,0.003536379675785554,0.856533173382769,5
0.040541058596019315,0.05963355700327485,0.006241376041432509,0.004656329053465854,0.8889276793058075,5
0.30029076877170907,0.25162200481075164,0.011354973724385568,0.012139957955391554,0.42459229473776217,5
0.11360485616644415,0.4170805779277086,0.035062586435525886,0.011348301205147376,0.42290367826517405,5
0.03760863136150899,0.05981581708664146,0.0062604517728629076,0.004670560351481842,0.8916445394275048,5
0.20769711407314825,0.4258687921475866,0.009848866572933235,0.04353387729142401,0.313051349914908,5
0.29243993901968596,0.22313261524827077,0.01044505409903284,0.022585150052849338,0.4513972415801609,5
0.03658604227940946,0.07556137543747393,0.005307158829322752,0.003498783943208657,0.8790466395105851,5
0.037198331989964195,0.05995759960290053,0.005395977366147733,0.0036900703878466686,0.8937580206531408,5
0.17350600656615828,0.3664871783778493,0.10198284390549928,0.02255094178437192,0.3354730293661213,5
0.03884269744859696,0.05974272220908755,0.007301576468323896,0.003558053314539135,0.8905549505594524,5
0.04271301456633809,0.05936789955155167,0.00835315082751747,0.004598278828368023,0.8849676562262248,5
0.038843824852097655,0.05974445623269002,0.007286227894266281,0.003544692236865278,0.8905807987840808,5
0.0355124502188044,0.11410728970655873,0.0050831746334875335,0.003349873512149417,0.8419472119289999,5
0.19298702604127074,0.47591249564898397,0.010010227590785684,0.0090602853663059,0.31202996535265387,5
0.4085328310752866,0.24165603816715275,0.009807869847159303,0.026173965282725455,0.31382929562767586,5
0.03197611723104326,0.19695301180847286,0.009233583118915891,0.0037312550244914923,0.7581060328170764,5
0.10639087624572004,0.34815051053518165,0.010415068885650988,0.010970679828907965,0.5240728645045393,5
0.04062463419277408,0.2244010025377331,0.004430786164284196,0.01766510448599914,0.7128784726192096,5
0.036409053700849334,0.07888071077337468,0.0052814849264113325,0.004634585680779685,0.8747941649185849,5
0.20244385178000765,0.15443441681295317,0.01084691714510133,0.008701745757611143,0.6235730685043267,5
0.037203270060486036,0.05996555896127281,0.005396693680975384,0.003557810460295158,0.8938766668369705,5
0.10194002491704669,0.49049022234693157,0.02827584303498897,0.008177320203425643,0.37111658949760723,5
0.15348370310934312,0.48389287736486086,0.021137451794751128,0.010060360474395996,0.33142560725664894,5
0.037168084762923374,0.05990884604243172,0.005391589713697483,0.00450020382748944,0.893031275653458,5
0.24197904328434114,0.16872853126121218,0.011850884254781617,0.009507160459371548,0.5679343807402935,5
0.03520496108391967,0.1090945069206317,0.005106819661596475,0.004730076727185421,0.8458636356066668,5
0.25156998399428027,0.28190107576148765,0.01311137557391749,0.03247862871017904,0.42093893596013543,5
0.09480220975512799,0.0758638645430143,0.005079490956849801,0.007004488405707804,0.8172499463393001,5
0.036563424043885434,0.07600241553239152,0.005303877835782967,0.003627087590352795,0.8785031949975872,5
0.33349636261771315,0.2769170317247165,0.012357206517551105,0.012349637447934709,0.3648797616920845,5
0.30582444597564923,0.24867483583086095,0.0596896990603408,0.03568354804361073,0.3501274710895384,5
0.03642621498102342,0.07942762625292416,0.005283974335867071,0.0036556883402886534,0.8752064960898966,5
0.0427915557856518,0.0594770659793071,0.00760760480725654,0.003528827733024313,0.8865949456947603,5
0.037091657908717914,0.05978565851013601,0.005380503260262694,0.006547199745329746,0.8911949805755537,5
0.05730613413359673,0.06913360725597618,0.01063588200665971,0.008433239541620705,0.8544911370621467,5
0.037177908571421475,0.0601868229713609,0.005154580511825281,0.0034978431844621856,0.8939828447609303,6
0.03716138343190742,0.06016007064222977,0.005152289361909445,0.003940776576904147,0.8935854799870493,6
0.3378611206435758,0.23597159777667812,0.011004131215732632,0.021714660234547666,0.3934484901294658,6
0.38381226562673365,0.24421262071966435,0.009742274859030437,0.011905221793373352,0.3503276170011982,6
0.11902392786002636,0.40785468788447743,0.0387771307423571,0.008583078340985541,0.4257611751721536,6
0.03536478684041983,0.10559737834424374,0.004903197841327992,0.0037502566039636057,0.8503843803700449,6
0.43392002657375867,0.2199195255936031,0.009691484511130248,0.01289407268702202,0.3235748906344859,6
0.036463624922209545,0.0776689357824732,0.005055547706602518,0.0040047663135103955,0.8768071252752042,6
0.03637537983365309,0.08059325061608608,0.0050433128490966535,0.0033028796025856076,0.8746851770985786,6
0.1916869816752739,0.32859867744723475,0.08371914879066478,0.028910424243575355,0.3670847678432512,6
0.38008235854363615,0.23558125339419209,0.010109068363347294,0.014189903418363271,0.3600374162804612,6
0.03904562648075761,0.07822939044084731,0.007507484085239641,0.003292457116229756,0.8719250418769255,6
0.11353968540203999,0.46038282530412455,0.02294480132936367,0.010098629178365083,0.39303405878610664,6
0.03949373369384874,0.06004967359747129,0.00514283462701264,0.003368056691560099,0.8919457013901071,6
0.15102565180050448,0.4653801312069041,0.01674383486723285,0.009117569925660143,0.35773281219969855,6
0.06403194424690883,0.34578820061572096,0.01614638912627938,0.004617484934988562,0.5694159810761024,6
0.12251458894555477,0.42007470113638856,0.03604361875597544,0.013521828636607969,0.4078452625254732,6
0.14459463523254407,0.43351135449695416,0.039649391788670094,0.007997989373850831,0.3742466291079808,6
0.32339652383251444,0.19583108381765885,0.012585050850482683,0.01127165892890653,0.45691568257043746,6
0.30601341286683154,0.2532286379979722,0.011304086659091666,0.01596222333746194,0.41349163913864256,6
0.04204399889364577,0.05989023414537512,0.005129179752872131,0.003359114076532233,0.8895774731315748,6
0.0388189326916162,0.05954332186756051,0.012035280955762975,0.005177840593439082,0.8844246238916212,6
0.04437262222368568,0.059352906063391164,0.009923015145006766,0.004755167083973777,0.8815962894839426,6
0.2186680877914775,0.3164712017007244,0.013219949828266183,0.013012998123650898,0.43862776255588093,6
0.03952707657630021,0.059816481310139724,0.008819476670700576,0.0033549774390560457,0.8884819880038035,6
0.2222873716076501,0.3686513093900733,0.032538068400461355,0.016401518820647935,0.36012173178116724,6
0.21054471739397734,0.28540020524438536,0.012740220372037522,0.011155599373497195,0.4801592576161026,6
0.2182547079212137,0.39950719555284336,0.010222907691690708,0.007923351693757026,0.3640918371404953,6
0.2783718375773455,0.164770385234596,0.010310895697243182,0.014546551131871373,0.5320003303589439,6
0.4063301341526071,0.24777794131973113,0.009717122030317675,0.01376817085283537,0.32240663164450867,6
0.11616109142835193,0.49399248879594276,0.011264584172485777,0.008797126459000824,0.36978470914421874,6
0.12342570060884994,0.5184489006553248,0.023240119863136417,0.012721828974726564,0.3221634498979622,6
0.13867637581352255,0.5046918362397455,0.026763520788223975,0.016253438594276953,0.3136148285642311,6
0.05677792228189123,0.06884091566897706,0.01391457069141966,0.005986352062002444,0.8544802392957096,6
0.03905816600732748,0.05991027544745419,0.007323626069169965,0.0038327765733811763,0.8898751559026671,6
0.24967282152310863,0.2717464952762476,0.012130720901842652,0.009261799732867655,0.45718816256593336,6
0.33607734385596144,0.24097519654829458,0.011047171924599168,0.010109020697114536,0.4017912669740303,6
0.27942395025187333,0.22593336189101415,0.010085629817336832,0.014044492095911708,0.47051256594386404,6
0.32320348143357686,0.20832486983158977,0.1481245333486826,0.00862199667212376,0.31172511871402697,6
0.1039602507987166,0.4949321333348302,0.021290937395442768,0.007939868933130414,0.37187680953788005,6
0.04599149715220485,0.059441618093078165,0.0075290789463026584,0.00412383533137712,0.8829139704770371,6
0.036086735278920624,0.08774490104634732,0.005003293341441719,0.003420662365626032,0.8677444079676643,6
0.03914393814134079,0.06004183902812743,0.005617274671416724,0.0033676172674612943,0.8918293308916537,6
0.04576119066000911,0.05914395892994741,0.009642070999480473,0.006960078777780875,0.8784927006327822,6
0.03715536311376496,0.06015032442905655,0.005151454666904682,0.004102142835636719,0.8934407149546371,6
0.0360766108752814,0.08802631492867177,0.005001889630052404,0.0033942287857902645,0.8675009557802041,6
0.03716889334199029,0.06017222833603388,0.0051533305833671925,0.0037394838769476326,0.8937660638616609,6
0.03521436800614741,0.10937186350464817,0.0048823428222711076,0.003764028137925772,0.8467673975290076,6
0.038567814498025356,0.05915813839158593,0.02003149219744163,0.003539240148583094,0.878703314764364,6
0.1750148558512558,0.29555015800114376,0.012021833147261346,0.014096350584561889,0.5033168024157773,6
0.03713825483175341,0.060122628058272405,0.005149082666422779,0.00456070655207524,0.8930293278914763,6
0.22095519617766557,0.16184330932892463,0.010400832380682805,0.008770195967580344,0.5980304661451467,6
0.3884248067482982,0.2574281096353803,0.010269474989121861,0.012468249942537424,0.3314093586846622,6
0.05720029629513859,0.0693530269379025,0.008720051362033259,0.0038898617172165068,0.8608367636877092,6
0.04181534320962331,0.0595645219672967,0.00995839450481665,0.003922221495564169,0.8847395188226993,6
0.1264548443906931,0.43358494218411464,0.04418934326764672,0.017985082023887666,0.3777857881336578,6
0.11301138873667495,0.3957767225630657,0.04729580331928806,0.02980127133252031,0.4141148140484509,6
0.03648077568135258,0.059058243784032884,0.005057925596382731,0.022183521191500882,0.8772195337467309,6
0.3529231400433704,0.2506021184006918,0.011043614896772847,0.009891089192845063,0.37554003746632,6
0.037181639471805236,0.06019286287649676,0.005155097787464193,0.0033978415861437307,0.8940725582780901,6
0.05346073629665158,0.07777310037852596,0.004612826411943504,0.008659009624976012,0.8554943272879029,6
0.03718244832825308,0.06019417232346961,0.005155209932440689,0.003376161313481658,0.8940920081023549,6
0.03711870651416752,0.06009098154626732,0.005146372363967934,0.005084672030096281,0.892559267545501,6
0.24801757324459392,0.4158133277634188,0.009753417835375897,0.011660160233737811,0.31475552092287357,6
0.039110357865596634,0.059990331141939,0.005700053961969332,0.00413499670327808,0.891064260327217,6
0.09078579378501202,0.06949966066094627,0.004466383714261139,0.006913082689987506,0.8283350791497931,6
0.03992426700213098,0.06002275718313638,0.0051405294243465184,0.0033665470079268255,0.8915458993824593,6
0.3886763623771792,0.220360315508699,0.010102111444053274,0.011336564784305385,0.3695246458857631,6
0.14691772850636256,0.45932297459197674,0.07896524260727779,0.01002132973993428,0.3047727245544486,6
0.36915140656560447,0.24229479817771016,0.012503779461485788,0.018039189442744602,0.35801082635245496,6
0.03960284439134503,0.05993114104430422,0.0067718083938037455,0.0035091238635819788,0.890185082306965,6
0.14091370431767636,0.21292772727120007,0.008581345187205497,0.008292002002289965,0.6292852212216281,6
0.03717693262044652,0.06018524301727485,0.005154445199806147,0.0035240021936387236,0.8939593769688338,6
0.038853668611409806,0.05959660236522559,0.010693023346683091,0.005640681798794678,0.8852160238778868,6
0.03635715653575711,0.10699134043428757,0.021668911176104044,0.00664543095477308,0.8283371608990782,6
0.03933441173679244,0.05952492084653469,0.012148949956200732,0.0048404124833748485,0.8841513049770974,6
0.04928045595068515,0.14531724048131262,0.007088637245329247,0.003326197917642318,0.7949874684050307,6
0.32302942658264094,0.2220217169288545,0.010353602420150357,0.01846245835712367,0.4261327957112305,6
0.13778776929282968,0.514979430168549,0.021739373750855925,0.008592593568801857,0.3169008332189636,6
0.04465241624491196,0.05972715909209942,0.005115213514913703,0.0033499675484745875,0.8871552435996003,6
0.037083611379631565,0.060034166498551166,0.007677883541165182,0.0034889713354989056,0.8917153672451531,6
0.3579436073335852,0.24443348807281548,0.012614147934049073,0.01715664014884768,0.36785211651070265,6
0.17963817278908845,0.4471215357348335,0.010547857379546052,0.01272264281513758,0.34996979128139444,6
0.0420662119870766,0.10511711627887685,0.011762011034861188,0.0052821833932163356,0.835772477305969,6
0.03717460782110234,0.06018147943045814,0.00524290544622971,0.0034975326369502072,0.8939034746652595,6
0.1621663904647697,0.41612027337519675,0.029864527872641804,0.0077270500719927694,0.3841217582153992,6
0.31989904323525875,0.263651314003248,0.011313587643094208,0.020415547650536676,0.38472050746786235,6
0.03609193221578616,0.08775753739894297,0.005004013877655767,0.0032771425969588507,0.8678693739106562,6
0.14215105265237907,0.4968695098241638,0.014559512459874507,0.00970827895424857,0.33671164610933413,6
0.036943321724224945,0.059807053436544175,0.005122055906828557,0.009785617515361469,0.888341951417041,6
0.3522396502773928,0.2501167889795659,0.011022227243471298,0.011808586888396286,0.37481274661117364,6
0.06718721469194915,0.3198637098778734,0.010022544219444488,0.005451720480870751,0.5974748107298622,6
0.03613104484111652,0.07794989705184117,0.005009436699542235,0.012099742304311852,0.8688098791031882,6
0.22122142655110696,0.36083082035408265,0.050911951177099346,0.011857665578364882,0.35517813633934614,6
0.33866015564417645,0.25199262283874785,0.011552250472684688,0.014500189812731448,0.3832947812316596,6
0.03904126359363043,0.05988434928747712,0.0064106941906996754,0.005173630325118032,0.8894900626030746,6
0.03606328695860964,0.08768788645277192,0.005172893163261138,0.0038953655687150265,0.8671805678566423,6
0.10534211346600512,0.4737142118576277,0.03686271639533201,0.0072610798684395175,0.3768198784125957,6
0.036943321724224945,0.059807053436544175,0.005122055906828557,0.009785617515361469,0.888341951417041,6
0.38532079154346216,0.23729150179941885,0.010182457131755848,0.014918682340118635,0.35228656718524437,6
0.03913236205544313,0.060024082779802757,0.005140642952431334,0.004137323126697325,0.8915655890856254,6
0.3521415094810813,0.2116989076461213,0.009329215670767412,0.007567828907661117,0.4192625382943688,6
0.055432177376348805,0.08388573325457599,0.013447268525665076,0.0070400143927717065,0.8401948064506384,6
0.32114261302034625,0.29809841141089166,0.033941082302069485,0.011037107824934514,0.33578078544175816,6
0.16204703859417063,0.4170841703800133,0.02788105863364339,0.009148681649323195,0.3838390507428494,6
0.06440211892453841,0.08323638921404171,0.013833077306393111,0.004837401649362955,0.8336910129056638,6
0.3358506925235907,0.26071115082492924,0.0113801312150707,0.018537459316972153,0.37352056611943724,6
0.03414372527842685,0.13699948664032446,0.004733902139309234,0.003100245668749548,0.8210226402731899,6
0.34807074595769283,0.2471565516491426,0.010891774551016507,0.0100830041404275,0.38379792370172044,6
0.04453563627632063,0.05957095397825814,0.0070093542661875535,0.004048999009372495,0.8848350564698612,6
0.03609193221578616,0.08775753739894297,0.005004013877655767,0.0032771425969588507,0.8678693739106562,6
0.06449296939716909,0.08335380872486599,0.011869265482233415,0.005416876245460792,0.8348670801502707,6
0.03437499381895438,0.16625832406009194,0.011764748637199212,0.004425043456287718,0.7831768900274667,6
0.038885781193388945,0.05964585899523065,0.007468812634189324,0.008051891688906451,0.8859476554882846,6
0.06532847490420728,0.07083453489963747,0.004610689806064378,0.004128227815894416,0.8550980725741966,6
0.045960998350485324,0.05940219997807075,0.007664569464815259,0.0046437573056947,0.8823284749009339,6
0.04439694325448419,0.05938543792164087,0.010429152075057591,0.0037089664597908492,0.8820795002890265,6
0.04462731555678592,0.05969358436268718,0.0051123380741216135,0.003910219461790353,0.8866565425446149,6
0.3175984157153014,0.2496892074469373,0.049359673254647844,0.019542948357011605,0.36380975522610187,6
0.03613104484111652,0.07794989705184117,0.005009436699542235,0.012099742304311852,0.8688098791031882,6
0.045996552552736346,0.05944815193533832,0.0075036226057748874,0.004040652234360083,0.8830110206717904,6
0.03617289518910613,0.13159855635869985,0.004833724623922829,0.003255750329075167,0.824139073499196,6
0.23414489440613528,0.4008845157451004,0.009403244015350377,0.057623960052447035,0.29794338578096685,6
0.036425200002698124,0.07858451375510521,0.005136329648930954,0.003970799883655655,0.87588315670961,6
0.06439337849801756,0.08322509266734518,0.013308622419698714,0.005495039088350177,0.8335778673265883,6
0.03949373369384874,0.06004967359747129,0.00514283462701264,0.003368056691560099,0.8919457013901071,6
0.2813442192057957,0.321462950219461,0.042333320666235894,0.032579024683127435,0.32228048522537994,6
0.21120601328856375,0.3316674382625836,0.05012570583213155,0.010160496868339254,0.3968403457483818,6
0.05633822123541152,0.06923625607803689,0.008510044697575108,0.006528119663051163,0.8593873583259253,6
0.03907155590581911,0.05993081385437008,0.006983317313262721,0.003834090523689264,0.8901802224028588,6
0.03879606788476831,0.05950825015231272,0.010735660324319307,0.007056334228088003,0.8839036874105116,6
0.034086441312550536,0.138304415843864,0.004725959927778457,0.003237997285470832,0.8196451856303362,6
0.03992426700213098,0.06002275718313638,0.0051405294243465184,0.0033665470079268255,0.8915458993824593,6
0.03910614511534362,0.059983869317080094,0.006326131804852642,0.0036155739223394483,0.8909682798403842,6
0.29318451488813163,0.22185005121261436,0.012606110700943711,0.014679036967342988,0.45768028623096724,6
0.2053554004392051,0.4972595496566945,0.008417634355153306,0.017658942643358422,0.27130847290558874,6
0.039591881182270285,0.05991455037665258,0.0071944371073627495,0.003360477921505256,0.8899386534122091,6
0.03718244832825308,0.06019417232346961,0.005155209932440689,0.003376161313481658,0.8940920081023549,6
0.19897482224834437,0.28177640224230144,0.012494339250432687,0.013882643187157978,0.49287179307176343,7
0.036698076790746346,0.058957097675160344,0.0050297478644609536,0.0262664599446362,0.8730486177249961,7
0.03617281148766573,0.09549547027489266,0.00525255114072806,0.005213271661264329,0.8578658954354492,7
0.04803852086818215,0.06039874085246182,0.008068691109597466,0.0036638189682802373,0.8798302282014783,7
0.0572661579472366,0.15328735331572305,0.007101646610963319,0.0039021581531221198,0.7784426839729549,7
0.03816590337287367,0.060187651558633176,0.00612701520824495,0.004248521531304671,0.8912709083289435,7
0.23147515992447054,0.3000279699661624,0.012876478134923946,0.012895339904306642,0.44272505207013646,7
0.037498556096678314,0.06024310339409425,0.005139459583211613,0.005026830610634166,0.8920920503153816,7
0.1422190818850952,0.2662527663797969,0.014547840489152468,0.014065066921546477,0.5629152443244091,7
0.03754255207812664,0.060313784901203024,0.005145489563883254,0.0038594570992601085,0.893138716357527,7
0.40423326064488735,0.20013701634971595,0.009353943083402967,0.01728510283209606,0.3689906770898976,7
0.140532169650732,0.47813048127743746,0.06855771709274801,0.010746963234093026,0.3020326687449894,7
0.15144347981362136,0.15527227683443487,0.009667804966947389,0.007999999053905527,0.6756164393310908,7
0.14610937709435637,0.4347353908420946,0.03259803287105795,0.008322540182163716,0.3782346590103274,7
0.401900553882401,0.21633389173430767,0.01070160670728952,0.012949103922515713,0.35811484375348607,7
0.32535020438788814,0.25783521463080905,0.015605729468440228,0.00997175476030892,0.39123709675255375,7
0.03754562337980497,0.06031871908437758,0.0051459105089138564,0.003777964287719154,0.8932117827391843,7
0.15641080027954618,0.3952802597983392,0.035153402521116005,0.008253491510668962,0.40490204589032974,7
0.03657202905222059,0.08739608352906701,0.004996823157372563,0.003701418894227568,0.8673336453671123,7
0.04907616662901978,0.07329523406396016,0.006665992888806535,0.015108130585322312,0.8558544758328912,7
0.1591111562320869,0.478454241375238,0.0096293470381706,0.02172457287247944,0.331080682482025,7
0.16013242591099644,0.5007597870202496,0.027616699099214673,0.009838484721611753,0.3016526032479277,7
0.18472207814297237,0.348790418192214,0.10840437217463675,0.008690467333849003,0.34939266415632786,7
0.12802102992300113,0.4828814525273946,0.0909074873535127,0.007307153833779069,0.29088287636231247,7
0.03144409708852488,0.21551063016008928,0.004296195660083897,0.0030282609417329586,0.745720816149569,7
0.038463544569226654,0.0602464573590999,0.005479243793410807,0.0036690377712340506,0.8921417165070286,7
0.289040627194458,0.2885789173299418,0.011663851891181406,0.009684630264320638,0.40103197332009816,7
0.20242926659732757,0.31993095368045116,0.04407611439832777,0.01814752347740061,0.41541614184649295,7
0.03667124491530068,0.08348259120140332,0.0050103789850109316,0.005149159441371742,0.8696866254569133,7
0.1489605120410854,0.4996023603521735,0.01109193641800217,0.01795853560490353,0.3223866555838352,7
0.24006100297295555,0.21087070271791025,0.011621413421183053,0.0117437902584024,0.5257030906295488,7
0.0358724345220361,0.1048669104252898,0.004901237808684211,0.003617191326900174,0.8507422259170897,7
0.36681572137273744,0.2342259183051383,0.010947179829320796,0.016040218772815175,0.3719709617199884,7
0.13012049499870568,0.4870708895232275,0.036879887384438446,0.009084632014106522,0.33684409607952176,7
0.04954792181683904,0.0739998002370576,0.006709401279737379,0.005661315942256754,0.8640815607241091,7
0.07899695426423313,0.09763380952882594,0.004563179335863724,0.007974731515893587,0.8108313253551835,7
0.21730282286243122,0.3977901993927473,0.010731806907001549,0.009522301475185945,0.364652869362634,7
0.0779409013605232,0.07554729244459053,0.004999147656628064,0.005686719316166681,0.8358259392220915,7
0.03754421298076294,0.0603164532153906,0.0052878039585429765,0.0036733005520151623,0.8931782292932883,7
0.03678862220658324,0.10387376978865817,0.005224284957699473,0.0034845272835243917,0.8506287957635347,7
0.037536787987934306,0.06030452463314006,0.005484524846684834,0.00367257409570963,0.8930015884365312,7
0.057686842369646774,0.14884208451147346,0.006072768744968055,0.0032370822167064554,0.7841612221572053,7
0.14386629295762196,0.5187288144557738,0.015336725800646277,0.012869778171933554,0.30919838861402443,7
0.03750231393269283,0.0602491405253101,0.006008942864298669,0.0040581533031558035,0.8921814493745426,7
0.14499639374465012,0.5003669110661078,0.02361629457565395,0.012696810202704188,0.318323590410884,7
0.051377350576884126,0.20708256384185308,0.00983828153780675,0.0034306865462534193,0.7282711174972026,7
0.15896128375620716,0.47881621556404114,0.024116003719121426,0.006971093903052391,0.33113540305757777,7
0.1617635344830073,0.35383342928045536,0.05632793174000172,0.008149078679534563,0.419926025817001,7
0.031440139729029024,0.21548350732567237,0.004295654967481288,0.003153733635941737,0.7456269643418756,7
0.038387722326339656,0.06012769499400531,0.0054684426943859025,0.005633080582680597,0.8903830594025884,7
0.04796726773809044,0.06030915442761862,0.008124959974617211,0.005073397734540747,0.878525220125133,7
0.038478384969766556,0.060269702267189695,0.005141728786249491,0.0036242521729281016,0.8924859318038662,7
0.14624395536757273,0.48365117026479915,0.00973394017891994,0.014188433820995,0.3461825003677131,7
0.038478384969766556,0.060269702267189695,0.005141728786249491,0.0036242521729281016,0.8924859318038662,7
0.03969450324273476,0.060030151002974264,0.0069078043640707736,0.00442893312066152,0.8889386082695586,7
0.036840792836729946,0.08084253663763216,0.005033544256450272,0.003575542157022084,0.8737075841121655,7
0.07404908228715366,0.07592119263488174,0.004727123851186428,0.005339975333159898,0.8399626258936183,7
0.12677430221073602,0.4996206439659759,0.055917636447744466,0.009640648157076452,0.30804676921846724,7
0.03204164966228542,0.21961963855289332,0.004268243728327792,0.0032014647691239366,0.7408690032873696,7
0.038478384969766556,0.060269702267189695,0.005141728786249491,0.0036242521729281016,0.8924859318038662,7
0.04480501979786078,0.12726646144725515,0.004607791936777179,0.004562188512535929,0.8187585383055709,7
0.4201704579474735,0.2158175627702715,0.010086815699422373,0.011188258288091847,0.3427369052947406,7
0.04809252400361452,0.06046663889185297,0.006985441433272812,0.0036360947399728307,0.8808193009312869,7
0.03966251254323039,0.059981771344204,0.007336955139360451,0.004796568468345478,0.8882221925048598,7
0.0583691749049453,0.07338745250982195,0.006260830283289598,0.005051249256403449,0.8569312930455397,7
0.03683515418300681,0.08083016331352322,0.005032773849222936,0.0037280495285095094,0.8735738591257376,7
0.18534151002606417,0.47236365731407537,0.017712699906383713,0.009086982625999253,0.3154951501274776,7
0.1567308150538867,0.3960889988554538,0.03194543798959999,0.009504277085265182,0.40573047101579435,7
0.037550227171598956,0.06032611528129606,0.005146541493258792,0.003655808935906193,0.8933213071179399,7
0.04962859323805985,0.0741202829704656,0.006323349514896673,0.00443935964218797,0.8654884146343899,7
0.18075992119225562,0.3413091122558762,0.037153095658487345,0.012266024702631979,0.42851184619074884,7
0.056645974145287735,0.07032892000957841,0.009621241205531246,0.005315521986459716,0.8580883426531429,7
0.282901552462611,0.22325096994771573,0.010434236026365158,0.011412984054187938,0.47200025750912006,7
0.12343750679311978,0.4180892501475561,0.021477252127676913,0.00872974551917987,0.42826624541246716,7
0.03556169498410821,0.15816440464340498,0.01291619748850221,0.0035471713466509987,0.7898105315373335,7
0.058218771858500384,0.17843451363990076,0.005505510619901521,0.004291894778035254,0.753549309103662,7
0.18814845826014318,0.355260075560558,0.0918663082764341,0.008851665414668426,0.3558734924881962,7
0.04232488637765173,0.06061890923026965,0.00795387782470925,0.006064899153533367,0.883037427413836,7
0.037550227171598956,0.06032611528129606,0.005146541493258792,0.003655808935906193,0.8933213071179399,7
0.1364433351142192,0.4902025491787297,0.026977279115343422,0.007711138700463723,0.338665697891244,7
0.03974574214149995,0.060107639788040824,0.005127902912172386,0.004932637298818886,0.8900860778594679,7
0.14814381326127196,0.4494661746910537,0.08546576764062816,0.00832292869300959,0.30860131571403654,7
0.038478384969766556,0.060269702267189695,0.005141728786249491,0.0036242521729281016,0.8924859318038662,7
0.03667124491530068,0.08348259120140332,0.0050103789850109316,0.005149159441371742,0.8696866254569133,7
0.36810523181951504,0.20901484470051301,0.00941640503812211,0.012295815869707025,0.40116770257214285,7
0.036486072648166425,0.0830610439996459,0.00498507896484529,0.010172680896183235,0.8652951234911592,7
0.03491593454806897,0.12875302889299806,0.0047705515617406605,0.003502387653605571,0.8280580973435867,7
0.03503005997332605,0.12593236162765456,0.004786144477489341,0.0034867648157926564,0.8307646691057373,7
0.0375447563733247,0.06031732619978492,0.0052878804910658625,0.0036588803131930017,0.8931911566226314,7
0.268516919651327,0.2910499303485395,0.012088490429287432,0.012712566798513198,0.41563209277233276,7
0.058339199951369936,0.07334976505774508,0.006257615091411513,0.005562196047444831,0.8564912238520287,7
0.42671260323485105,0.2115366364556792,0.009846160634753858,0.013369331409914642,0.3385352682648014,7
0.034576790595733896,0.13701838923053225,0.004724214445681526,0.0036655666480085516,0.8200150390800438,7
0.03683742381764276,0.08083514374437399,0.005033083948585799,0.0036666632420727678,0.8736276852473247,7
0.13827542593842684,0.4984944449250245,0.056850387858733295,0.009242441770808029,0.29713729950700735,7
0.042101553736292985,0.23496678979187763,0.010559872749747729,0.0034695399822381834,0.7089022437398436,7
0.035990119880819724,0.1018327780779067,0.004917317116868453,0.003726560698351345,0.8535332242260538,7
0.03813134572785161,0.06013315413256798,0.006418698062531271,0.004852902647321497,0.8904638994297277,7
0.07258282375589863,0.06867568998928762,0.016576233477996163,0.004248091594149911,0.8379171611826676,7
0.03750167161208908,0.06024810860860259,0.0051398865880673,0.004944164647855836,0.8921661685433853,7
0.036574266376251434,0.08740143005653483,0.004997128842149087,0.003640469507081849,0.8673867052179828,7
0.03754562337980497,0.06031871908437758,0.0051459105089138564,0.003777964287719154,0.8932117827391843,7
0.035546410966124445,0.11316322868555125,0.004856693327662877,0.0034233391292633436,0.843010327891398,7
0.03751237761942272,0.06026530828704022,0.005141353927018884,0.004660095308737768,0.8924208648577803,7
0.2873917801921711,0.24992785075490184,0.096662686235226,0.012611850390111706,0.3534058324275893,7
0.036836375183161664,0.08083284264646241,0.00503294067403433,0.0036950254179068873,0.8736028160784347,7
0.16889184375808988,0.47908741221096207,0.009642090203941502,0.014752943637725368,0.32762571018928116,7
0.03500368651515265,0.12583754957553153,0.004782541081397955,0.004237020457586549,0.8301392023703312,7
0.058228828675288065,0.0732109954624048,0.008088369275007966,0.005600968846294813,0.8548708377410045,7
0.03149331047357597,0.21429492042082374,0.004302919667158398,0.003020900215773068,0.7468879492226688,7
0.038476041651770904,0.06026603186683307,0.005141415657057528,0.0036849310507488424,0.8924315797735898,7
0.118941322076668,0.5155074570221998,0.042609287781886857,0.007271261292058363,0.31567067182718694,7
0.2632746931115671,0.3343017754815534,0.059228999618820735,0.008315527447629704,0.33487900434042905,7
0.03667124491530068,0.08348259120140332,0.0050103789850109316,0.005149159441371742,0.8696866254569133,7
0.032519084534614995,0.20202163722434166,0.01733224299328816,0.02589162287864949,0.7222354123691057,7
0.39006363934493354,0.22951401613613334,0.010381156411990593,0.013111446535653118,0.3569297415712895,7
0.03747011717673584,0.06019741500038401,0.005277368153534981,0.005639612321743526,0.8914154873476017,7
0.03802924039078186,0.05997213395731388,0.007335776296627253,0.006583369223222035,0.888079480132055,7
0.378585612618085,0.24979393808163441,0.011298438263807145,0.013252970191208937,0.34706904084526435,7
0.03544736549632883,0.1628859347654833,0.007973021525648754,0.0064223572936470096,0.7872713209188921,7
0.03536362700829562,0.16250114391549617,0.010710462479189112,0.006013242849583515,0.7854115237474356,7
0.16100038621220478,0.3964348666822055,0.034700422257011795,0.00817977207498318,0.39968455277359477,7
0.03750167161208908,0.06024810860860259,0.0051398865880673,0.004944164647855836,0.8921661685433853,7
0.03815118110824218,0.06016443453884625,0.006510395655164881,0.00424688269001575,0.8909271060077311,7
0.042258724848309046,0.06052415080124578,0.010877753636174265,0.004682292113264442,0.8816570786010065,7
0.09567295671408996,0.31477572245394125,0.009494615358643264,0.004333724882566599,0.575722980590759,7
0.04079304971475637,0.0609244024625554,0.007131369692383122,0.0036636218481780553,0.8874875562821272,7
0.04702760575471135,0.05912771920444099,0.028973876158902064,0.0035555802790756047,0.86131521860287,7
0.16003899817955033,0.373862686512676,0.04513424830519681,0.023666166552703382,0.3972979004498735,7
0.0375489957192465,0.060324136898149715,0.005146372713437569,0.0036884838486927417,0.8932920108204735,7
0.1309835220544917,0.48331540083096747,0.0709285678761545,0.007296754365653278,0.30747575487273293,7
0.28509188139252445,0.35354991336237407,0.01675526813570937,0.014566998156099473,0.3300359389532927,7
0.43375041829482275,0.19759567702318812,0.009197266295339257,0.04323195669646263,0.3162246816901874,7
0.037551284782074305,0.06032781437971076,0.005146686446741236,0.003627746680817725,0.8933464677106561,7
0.03960009848527693,0.059887382322612204,0.007696348234660696,0.005991710160538039,0.8868244607969121,7
0.3189493582413314,0.2611193518546911,0.03650760340527024,0.014192719936050952,0.3692309665626562,7
0.03667124491530068,0.08348259120140332,0.0050103789850109316,0.005149159441371742,0.8696866254569133,7
0.03809016332580145,0.060068209460861235,0.00554330704093628,0.0067961345667591315,0.889502185605642,7
0.037193207498791916,0.060096178007447515,0.005136406973473066,0.004545717097083922,0.8930284904232035,8
0.27618577546406436,0.304701389684744,0.01239486536867363,0.009524879555643465,0.39719308992687474,8
0.03722710779390291,0.060150953551330405,0.005141088627030817,0.0036383956739179635,0.8938424543538179,8
0.05448097548367865,0.08427583742657407,0.014123513242282781,0.0049925725024694044,0.842127101344995,8
0.036804016579696265,0.0830042860742991,0.004982201939697926,0.008991475656294025,0.8662180197500128,8
0.03652286928604805,0.13092514704649796,0.004742383315713503,0.0032870429858866974,0.8245225573658537,8
0.26666274360313996,0.32990406845981596,0.04764179120501411,0.014485601457308804,0.34130579527472116,8
0.1544610062180227,0.44438445651953196,0.009255608129192005,0.06015708058020526,0.3317418485530483,8
0.3859315678143253,0.23414404088004623,0.009798201536387136,0.013011029866210805,0.35711515990303055,8
0.03864087759860858,0.059887454972041516,0.007351221641972683,0.004193577187812293,0.8899268685995649,8
0.03590745015205058,0.12415405358478025,0.00478305518648134,0.003561571110008476,0.8315938699666794,8
0.038715178655437166,0.06000261025504051,0.006089530536189395,0.0035546058180282586,0.8916380747353047,8
0.037229900106122746,0.06015546532386899,0.005141474247226615,0.003563661082701968,0.8939094992400796,8
0.037229900106122746,0.06015546532386899,0.005141474247226615,0.003563661082701968,0.8939094992400796,8
0.22055000050408846,0.3048991400263202,0.012988912679419299,0.028315456495448976,0.4332464902947231,8
0.18028339317737885,0.431205385747143,0.027695362841211137,0.009036936233996453,0.3517789220002706,8
0.07176062840673873,0.07559221864559933,0.004537304230591867,0.009705886331903588,0.8384039623851665,8
0.1784572208948773,0.31760539547581823,0.17964352060473293,0.007646333082549139,0.3166475299420224,8
0.17037375486044173,0.40098459296003947,0.027629380584336675,0.00944097625294922,0.39157129534223284,8
0.22847806140059584,0.41988032820516924,0.016189915532361127,0.00979437583933933,0.3256573190225345,8
0.03296872433597268,0.2082182022491658,0.010941526359539827,0.0035856397876173492,0.7442859072677043,8
0.03365855193884407,0.14992198659989156,0.004650489229035585,0.003223349312695358,0.8085456229195335,8
0.03722403293483522,0.06014598524420373,0.005140663986925275,0.0037206924650285485,0.8937686253690073,8
0.036209207638654206,0.08478981507187348,0.005002904772060061,0.004180606845897615,0.8698174656715147,8
0.26756211497026355,0.4065067219784764,0.009073609660152334,0.009099826502424363,0.30775772688868336,8
0.04227024706432519,0.05968199140220047,0.007638467054344815,0.003535612083675193,0.8868736823954544,8
0.14913768998563043,0.5158426935753208,0.016417905707011883,0.0091565331991162,0.3094451775329209,8
0.038733977861152936,0.05991703327868958,0.006672593292181819,0.0043099936834168,0.8903664018845588,8
0.21610729536870826,0.2927718561695672,0.01204099398162804,0.02064140133028741,0.458438453149809,8
0.32262354070142196,0.24287687466454647,0.010837770955382782,0.019047596618848393,0.40461421705980044,8
0.19030695891693392,0.36813649935226594,0.013428264531127429,0.010290414014056962,0.41783786318561583,8
0.1672245408215297,0.38289803704353126,0.04084432642160388,0.00970495804725528,0.3993281376660797,8
0.03312865800644208,0.2092282838345159,0.005875809479397616,0.003870756549301358,0.7478964921303431,8
0.059635445623406266,0.06781614164707597,0.03672088704392821,0.004017486083193767,0.8318100396023959,8
0.03897517816217239,0.06000598737677439,0.005128698400320977,0.004201877336628709,0.8916882587241035,8
0.25713602481515196,0.2920756858880442,0.011929023749629,0.011296177860508936,0.42756308768666595,8
0.20104821427165356,0.3362844371266013,0.013679623608139756,0.010624595718641576,0.438363129274964,8
0.17989138574430233,0.4941958635202867,0.018801459543614098,0.010651675445120079,0.2964596157466767,8
0.059568784859290624,0.06996184595315315,0.008196241062142047,0.004144599436725074,0.858128528688689,8
0.03437868445382241,0.1311350798854312,0.004749987523272069,0.003891604334163405,0.825844643803311,8
0.194067212412797,0.38993838651029494,0.06022959313687414,0.011419518099145565,0.3443452898408883,8
0.032914454938822,0.208178851689989,0.012165758797753617,0.0036801868564477025,0.7430607477169876,8
0.03722403293483522,0.06014598524420373,0.005140663986925275,0.0037206924650285485,0.8937686253690073,8
0.15014939973295327,0.4763312103712483,0.009105024737453693,0.01617618758061351,0.34823817757773123,8
0.06178881186294408,0.06878223063067923,0.018729204091848882,0.00703999048383473,0.843659762930693,8
0.07430881184911764,0.2665077977251465,0.017531383023668815,0.0052921272993369526,0.6363598801027301,8
0.17513386795340702,0.4167375086167326,0.03188941550284398,0.009550162489071382,0.36668904543794495,8
0.259094363827346,0.3415328505284509,0.019910148139482383,0.013470244731120495,0.3659923927736003,8
0.16759070606148976,0.4901745955657317,0.03150800544024125,0.00948761079547689,0.3012390821370604,8
0.03745175318030644,0.08311361460041225,0.008617864714753986,0.003457814630806445,0.867358952873721,8
0.05887369035047669,0.06914547719452571,0.015810336449424763,0.00805527260012988,0.8481152234054429,8
0.03396294355580355,0.1422342933945893,0.004692545997807183,0.0032524997203272517,0.8158577173314727,8
0.054455990416937765,0.08423718838616955,0.014117036175419692,0.005448884577702825,0.8417409004437701,8
0.16325623968140626,0.4024685834169886,0.04817216782601116,0.010889952950169198,0.37521305612542477,8
0.2590460309272536,0.40865534421897415,0.00944893804408406,0.007679406921816524,0.31517027988787155,8
0.11852374796445116,0.4973881294140289,0.029511415271201057,0.007087929049837074,0.347488778300482,8
0.2319299854197484,0.2677917194336646,0.011949533371502317,0.009180598763021384,0.4791481630120635,8
0.034003393900123795,0.18390712128434547,0.010747210784326331,0.0036981692357831364,0.7676441047954212,8
0.03693315037400571,0.08534447595866132,0.004999682929553909,0.003465382616962726,0.8692573081208164,8
0.14620918976496763,0.48099155946609734,0.02701272381643417,0.009752835178183995,0.33603369177431686,8
0.03721962351011423,0.06013886056766295,0.005140055042405321,0.0038387081194673944,0.8936627527603502,8
0.22448975823107464,0.2641377474211166,0.010907007256753112,0.009541436423064617,0.49092405066799105,8
0.1400681936537787,0.4819816071494424,0.009213031522064319,0.016368074814115854,0.35236909286059875,8
0.11263894045953696,0.535908923558887,0.040826461316934966,0.006729913461508457,0.30389576120313266,8
0.37969245634096055,0.2178195487721467,0.01679025727286929,0.02282710075949619,0.3628706368545272,8
0.03853498552696249,0.15592341555839592,0.00958021539102091,0.003437249155189056,0.7925241343684316,8
0.03871295762977694,0.05988451738508845,0.007971698997082785,0.003547609895670631,0.8898832160923812,8
0.0385631438844232,0.06007216205148585,0.005134354335056345,0.003558726125782339,0.8926716136032523,8
0.037228196377851235,0.06015271246751789,0.005141238961206313,0.003609260365980613,0.8938685918274439,8
0.03869090947315437,0.05996499673144855,0.006559754421446024,0.0037052011518581736,0.891079138222093,8
0.15878507873613834,0.4237767854283751,0.021326376414005237,0.011773277599598918,0.3843384818218824,8
0.12604766888926536,0.45511970344641406,0.05859760882251996,0.007804733157449315,0.3524302856843513,8
0.4043518865711905,0.2127325317468952,0.009221057967360275,0.03761452186319512,0.3360800018513591,8
0.043652789295387504,0.059420750006296146,0.008414539431289173,0.005520282907577525,0.8829916383594496,8
0.059524543769821685,0.06990988605010096,0.007785436147103266,0.005288928081407167,0.8574912059515669,8
0.18691392618335423,0.38032988366833864,0.032412744991264356,0.008989734009253725,0.39135371114778905,8
0.13742906168785085,0.5068202683819247,0.04313659226664264,0.009024388079077501,0.30358968958450433,8
0.1815316055746633,0.3706467843877889,0.019622435583368042,0.010983706035043882,0.41721546841913576,8
0.03856361522798776,0.059767710105228404,0.008463672258344372,0.005057541105504663,0.8881474613029346,8
0.038670790611516154,0.05993381557058146,0.007229076913200098,0.0035505303622341165,0.8906157865424682,8
0.037229900106122746,0.06015546532386899,0.005141474247226615,0.003563661082701968,0.8939094992400796,8
0.036259070340095276,0.08346397647623886,0.005530363661390522,0.0037313222023008475,0.8710152673199746,8
0.03452456755845114,0.12728951914159833,0.004770143702539876,0.004066722339079236,0.8293490472583314,8
0.037229900106122746,0.06015546532386899,0.005141474247226615,0.003563661082701968,0.8939094992400796,8
0.26523623840439114,0.289055505260797,0.011805672823237915,0.010760670940635592,0.4231419125709384,8
0.03864604436724376,0.05989546267381281,0.007224450876330176,0.0041881791299683705,0.8900458629526449,8
0.037945958260095544,0.05881043619864029,0.025837242694757942,0.003483980409917341,0.8739223824365888,8
0.03527053832823579,0.10920977206339212,0.004873211981780236,0.0033777230133156624,0.8472687546132762,8
0.04879342092313298,0.19220870171538657,0.0041103290529524526,0.007492177861302336,0.7473953704472256,8
0.38470342053861445,0.23939977422252653,0.00984792507550887,0.013077057743894687,0.35297182241945557,8
0.20090034694857256,0.30657757909124606,0.012039936178434565,0.016726022748109474,0.46375611503363734,8
0.039366286066340385,0.05882080048229933,0.023436974245226228,0.004299543637641866,0.8740763955684921,8
0.03863459393497748,0.05976329771263521,0.008463047421878022,0.005057167729029733,0.8880818932014796,8
0.036260360158047865,0.08346694548052506,0.005009972344096745,0.0042164706947812524,0.8710462513225491,8
0.3620144110929102,0.2218853281265473,0.010072207132346186,0.020798231973425486,0.38522982167477066,8
0.21384592855242968,0.41305450619491835,0.009219762318661253,0.0112532785552852,0.3526265243787056,8
0.03628177982466721,0.08351625095179273,0.0050129318275909775,0.0036282429129890262,0.87156079448296,8
0.3524441085672213,0.25067970005398116,0.010490167560866168,0.010394783728906109,0.3759912400890252,8
0.037229900106122746,0.06015546532386899,0.005141474247226615,0.003563661082701968,0.8939094992400796,8
0.24821979618879916,0.3057646424583814,0.01653423544785148,0.010029071513265566,0.41945225439170236,8
0.03722004435118196,0.060139540555795734,0.005140113160839852,0.0038274445562667746,0.8936728573759157,8
0.03620052226144313,0.08572216344994603,0.005001704742621967,0.003466783977000856,0.869608825568988,8
0.31805087509095176,0.24801062798800041,0.010684163123684922,0.014619145819197292,0.40863518797816556,8
0.15925885594825087,0.36186368224055715,0.102700363911136,0.010151259181759329,0.3660258387182967,8
0.036392472850671355,0.0808742729091234,0.005028225911724393,0.0034851663423796295,0.8742198619861011,8
0.12951238939554804,0.5269144233648344,0.0167702895208406,0.009353063386810957,0.317449834331966,8
0.051209830091762595,0.2136397671342787,0.019790651949454785,0.005547520151501247,0.7098122306730026,8
0.03628735636447856,0.08352908746920114,0.005013702319392736,0.0034750997431350116,0.8716947541037926,8
0.037709456504450484,0.10715281310547144,0.004864068018937928,0.004594699878255686,0.8456789624928845,8
0.03618430480926914,0.0818015090230424,0.008636348168226018,0.004158588012751977,0.8692192499867105,8
0.16452954441349843,0.27047627292170684,0.012069324833168074,0.009684929916653803,0.5432399279149728,8
0.17560334849030487,0.48489600078432193,0.009268739872813736,0.0158557781755262,0.3143761326770331,8
0.03720149737074104,0.06010957264732443,0.005137551810365395,0.004323843559106831,0.8932275346124623,8
0.03722004435118196,0.060139540555795734,0.005140113160839852,0.0038274445562667746,0.8936728573759157,8
0.03865626913253273,0.05991130949740732,0.006543401968604097,0.004607672838674233,0.8902813465627816,8
0.2113291182602957,0.31134038644496365,0.012664931321149665,0.010725890898606184,0.45393967307498473,8
0.30848753155220116,0.26121597858450407,0.011656107440015072,0.013620357308447796,0.40502002511483187,8
0.042367809126694994,0.05981974073114749,0.005112779940926348,0.0037790344159767905,0.8889206357852544,8
0.27007894688630035,0.27234750778101996,0.011648825036288614,0.011030843951497546,0.4348938763448936,8
0.038035757935081585,0.148581462773584,0.019628715680404665,0.01149722037282478,0.782256843238105,8
0.1608820225516401,0.4584234692415404,0.010232439942704875,0.02339925916825236,0.3470628090958623,8
0.048539276396000974,0.0806783498767235,0.0046661188558045396,0.003909900867222699,0.8622063540042484,8
0.37913335662414144,0.2214103887197047,0.009265337707385407,0.03330721291817096,0.35688370403059755,8
0.03709117206968164,0.05993131082542035,0.008848569066738933,0.0035503819789940456,0.890578566059165,8
0.03839511850962153,0.05950656594233139,0.014306233670002852,0.0035252197297820803,0.8842668621482622,8
0.2049009109488687,0.3786745448483173,0.03257506822650107,0.007673086796559423,0.3761763891797536,8
0.037229900106122746,0.06015546532386899,0.005141474247226615,0.003563661082701968,0.8939094992400796,8
0.11457095191271931,0.5649100111581332,0.02239300700112492,0.007094107452786728,0.29103192247523585,8
0.22577599637060394,0.31521247253380513,0.013016029548643183,0.011844525348824334,0.43415097619812315,8
0.03717417339759868,0.06006542301721018,0.005133778351295053,0.005055153599827975,0.892571471634068,8
0.05445856160301695,0.08424116571693646,0.013260136302805968,0.006259492418222027,0.8417806439590185,8
0.08319109777435506,0.09901805825503418,0.0045365495092284085,0.006620579093713636,0.8066337153676687,8
0.0367542685864262,0.08832681087244242,0.004975467496786525,0.004896300287167573,0.8650471527571774,8
0.07590807506446937,0.32532919115783604,0.012002949905496774,0.00463603791164902,0.5821237459605488,8
0.3217995739300864,0.246956981835327,0.010822654305652239,0.018205658701442803,0.40221513122749153,8
0.038643605373205714,0.05989168260579396,0.007926986464698693,0.0035480343694576713,0.8899896911868439,8
0.16624269918364276,0.39762257613267293,0.10513617529113593,0.0066166056175129785,0.32438194377503543,8
0.17339604553631258,0.3722324778079437,0.02088708614172397,0.03757133505762808,0.39591305545639166,8
0.03135458102732187,0.2087381979902996,0.004558559006013206,0.002762659176053464,0.7525860028003118,9
0.41137701878693667,0.25044558334229844,0.010515692200923226,0.011404723751279182,0.31625698191856255,9
0.18682275027358572,0.28191220022663044,0.01297694089517489,0.011962117063844145,0.5063259915407649,9
0.20524402363882369,0.3324351323145129,0.013269229092113595,0.012707568422296317,0.43634404653225345,9
0.41239217718639654,0.26342831723812854,0.009945051656373875,0.015587955891864161,0.29864649802723686,9
0.06254292339050915,0.07081848188489302,0.010964922741575091,0.004270411195211088,0.8514032607878116,9
0.03503392235349744,0.11588662247661125,0.005093488639549655,0.0030868467666238576,0.8408991197637179,9
0.034578668872534496,0.12032019412554164,0.00502730054876145,0.010101904560342271,0.8299719318928201,9
0.03775866035830468,0.06006070901395677,0.007393093627877359,0.0033433967892908824,0.8914441402105703,9
0.08371413327655813,0.06907615483906165,0.011595392063871664,0.005157892242010137,0.8304564275784984,9
0.2304058913789377,0.3422392098362843,0.04957134560115868,0.00719352411333561,0.3705900290702837,9
0.038677888434580476,0.06003694448449087,0.006922652067338576,0.0032710970882713496,0.8910914179253187,9
0.258461511360085,0.31780909690312276,0.05492502651115661,0.016692958697409478,0.3521114065282261,9
0.09936897175457267,0.5105057940161283,0.034375674620987645,0.007670351558236818,0.34807920805007453,9
0.299168705764834,0.2750665990066129,0.012089821648245111,0.01671063556907101,0.39696423801123704,9
0.030918288112845648,0.22407351664283232,0.012378826077593448,0.0026795642214800853,0.7299498049452485,9
0.2715360292331329,0.2857584836991753,0.012559755037044427,0.017131961729928685,0.4130137703007187,9
0.4108573745850839,0.26123828982274705,0.01042738982235623,0.013124713095001392,0.3043522326748115,9
0.037222158739823354,0.06019397337691251,0.005411630498229876,0.0037501362511557887,0.8934221011338784,9
0.24981074777441994,0.18763281695137538,0.013495650056628089,0.022496130912174863,0.5265646543054017,9
0.0540171826540899,0.0838470435555817,0.015216319775771885,0.004667509605158358,0.8422519444093982,9
0.16486524035414232,0.34632891301437657,0.09903187886561202,0.016787572654557957,0.37298639511131093,9
0.037223840682411614,0.06019669333757054,0.005411875031382037,0.003705119112679349,0.8934624718359565,9
0.034809910733607334,0.12112482503012616,0.0050609201869075415,0.003482046557544958,0.8355222974918141,9
0.03135458102732187,0.2087381979902996,0.004558559006013206,0.002762659176053464,0.7525860028003118,9
0.25043728562281303,0.1894567065277555,0.01362683486675188,0.014796033542949174,0.5316831394397303,9
0.25223036288999606,0.1894501895188825,0.013626366125341953,0.013028231078998819,0.5316648503867807,9
0.1174952460298457,0.38305723534273606,0.010007133431138467,0.010634109350723555,0.47880627584555635,9
0.03995033305404019,0.058909081731450354,0.02329482383862643,0.0034945161635787595,0.8743512452123042,9
0.244733241623424,0.34696277865165387,0.044212547773421734,0.006932807087896205,0.3571586248636041,9
0.036228606326341485,0.08573766936634755,0.00526718055968733,0.0031921106397780103,0.8695744331078455,9
0.03694888381159232,0.059752045656666745,0.005371899784427014,0.011064330785629678,0.8868628399616841,9
0.037222158739823354,0.06019397337691251,0.005411630498229876,0.0037501362511557887,0.8934221011338784,9
0.14085267808985347,0.3701093113192051,0.009746613374431215,0.012950093382512325,0.4663413038339978,9
0.03770491231869754,0.05997521484291675,0.008408162585579694,0.0037365074065628203,0.8901752028462432,9
0.0378053234439737,0.06013493352254541,0.006237498127393597,0.003276435995169676,0.8925458089109177,9
0.037222158739823354,0.06019397337691251,0.005411630498229876,0.0037501362511557887,0.8934221011338784,9
0.38023402980144394,0.2401981202881583,0.010557270293867065,0.009246473752565265,0.35976410586396546,9
0.038898910354053656,0.060104263598416,0.005631466992566563,0.0032747649524412586,0.8920905941025226,9
0.1518924527222468,0.49169750576455734,0.014647289065635415,0.006507637984908646,0.3352551144626519,9
0.10939593472125145,0.5062012445333267,0.01046610303153953,0.008891259317500328,0.36504545839638197,9
0.16281068876802623,0.44412435629333913,0.04506637543353533,0.006626376802220771,0.34137220270287855,9
0.20540057360042058,0.48964630287035593,0.009147291873343615,0.010718695729159606,0.2850871359267203,9
0.037739762899078384,0.06003064982253094,0.007960843021290605,0.0032707541252743884,0.8909979901318258,9
0.17638035618822565,0.4886159740007345,0.010183736770139755,0.01900580272572778,0.3058141303151724,9
0.039017545573192154,0.06011109840330983,0.0054041797733561416,0.0032751373449835357,0.8921920389051584,9
0.13800400448967629,0.508007898454579,0.023247424854044085,0.009009630701970724,0.32173104149973,9
0.03723967939396826,0.060222306977779576,0.005414177779460454,0.0032811965148374037,0.8938426393339544,9
0.18845272881243794,0.40491274433855556,0.010880763738748559,0.048504471266986066,0.3472492918432718,9
0.34211216814320533,0.2680246223847746,0.011780310272757858,0.012834714653454588,0.3652481845458077,9
0.03795048676370808,0.060173394948384785,0.005409780431766761,0.0033496696721380913,0.8931166681840023,9
0.16427838090500418,0.36307081748286546,0.009485000622042036,0.04748661931443618,0.4156791816756522,9
0.27674177874064676,0.27621243453729316,0.012140183805097942,0.01147016101529585,0.4234354419016664,9
0.1829828504180433,0.2722517864485488,0.010866996216588721,0.013950669217273896,0.5199476976995453,9
0.0357043452684164,0.11579807109889648,0.005089596598977866,0.003151415771128725,0.8402565712625806,9
0.03668488205102668,0.07415299491030948,0.005333517271767024,0.003302448459119451,0.8805261573077774,9
0.039749285403660344,0.05993480790545835,0.007474906945644408,0.003265532203696559,0.8895754675415404,9
0.03781694112786577,0.0601534131594032,0.005407984005104828,0.0038015709199116458,0.8928200907877146,9
0.16225695294644366,0.15884810303845126,0.011425285009293927,0.017873284948981123,0.64959637405683,9
0.06270310193636719,0.07099985494571669,0.007498342515506733,0.005214912764394554,0.8535837878380148,9
0.03723967939396826,0.060222306977779576,0.005414177779460454,0.0032811965148374037,0.8938426393339544,9
0.12213968192670334,0.4009977642466996,0.1503783027503491,0.00962794994433174,0.31685630113191626,9
0.30374494161819826,0.26671598430333643,0.011722792562269463,0.01833423104301478,0.3994820504731811,9
0.13044344894193857,0.4630921014677109,0.012344900700644966,0.022849549438070958,0.3712699994516347,9
0.06691997772390638,0.07024447885114447,0.014422841105179463,0.003910296247114772,0.8445024060726549,9
0.33231620085611,0.21974939308263877,0.009226822642100218,0.009613214349879995,0.429094369069271,9
0.10994662244846591,0.4850303202355131,0.06904483360984172,0.008404975350733954,0.32757324835544527,9
0.03773149152472814,0.06001749298372148,0.0077358760505153445,0.00371242817043062,0.8908027112706044,9
0.1818489916011897,0.39969798920195215,0.08192531212317751,0.05821274573387245,0.27831496133980826,9
0.22591397165332142,0.29540483868920175,0.012983734945205784,0.039381947418445855,0.42631550729382517,9
0.13352627077363594,0.4941946540610221,0.017501631979056936,0.008381909860247663,0.3463955333260374,9
0.16918240649316546,0.43344378977964376,0.016550839383107228,0.007405681013680566,0.373417283330403,9
0.03627449304153218,0.07713094127923717,0.005273851906965311,0.010644888190481022,0.8706758255817844,9
0.057261631878193976,0.07146018352452219,0.008182203192351635,0.003977970824528642,0.8591180105804036,9
0.1472857535864226,0.4407963021602094,0.01324659707606869,0.012032747860588886,0.3866385993167105,9
0.03668745513533286,0.07415819601487332,0.005333891365639525,0.0032325399113883246,0.880587917572766,9
0.1708452316701853,0.4907585980062417,0.010146814346698146,0.01201081445726864,0.31623854151960606,9
0.15380578131762743,0.40475619825884385,0.04017649738846608,0.008651954156900468,0.3926095688781621,9
0.28575442336709356,0.15296955805035403,0.011002465657697956,0.011463215978818093,0.5388103369460363,9
0.054042837296910735,0.08388686543906973,0.014192114269318743,0.005226223780062725,0.8426519592146381,9
0.03125142915769459,0.2257658552867448,0.004454840618374257,0.0030650478305804044,0.7354628271066059,9
0.1496741061094443,0.48451640178679206,0.029038088671156936,0.006412595759818205,0.3303588076727885,9
0.039017545573192154,0.06011109840330983,0.0054041797733561416,0.0032751373449835357,0.8921920389051584,9
0.0372092492736663,0.06017309677844332,0.005409753625336509,0.004095657691487482,0.8931122426310665,9
0.03863579226610991,0.059971601586215756,0.00800349574921604,0.0032675368976899954,0.8901215735007683,9
0.03963117407704186,0.06005567855391467,0.0053991973518549684,0.003544473829083408,0.891369476188105,9
0.034744735861170065,0.12089804205786465,0.005051444585831712,0.005347835039282073,0.8339579424558515,9
0.03668488205102668,0.07415299491030948,0.005333517271767024,0.003302448459119451,0.8805261573077774,9
0.04532681648069247,0.23788881539631587,0.022759036795543326,0.03965292809828381,0.6543724032291646,9
0.20490619653156103,0.21837848748951202,0.015707058578233356,0.013164386432551935,0.5478438709681417,9
0.35837055989391475,0.26783970029191406,0.010690886725456051,0.011540767655102736,0.35155808543361244,9
0.03723967939396826,0.060222306977779576,0.005414177779460454,0.0032811965148374037,0.8938426393339544,9
0.15986372756328437,0.508237528387313,0.009494602503669737,0.010652838859152131,0.311751302686581,9
0.2332183502413438,0.34641676663835363,0.037969899665245076,0.00728133215732008,0.3751136512977375,9
0.0351774827113979,0.12001367110869195,0.005014493194667517,0.01193682509844436,0.8278575278867983,9
0.19923407299405874,0.3684740378598436,0.024905698770179712,0.008388061355439692,0.3989981290204782,9
0.13805578855935166,0.3581755042739399,0.009432343509291433,0.014933960463194205,0.4794024031942228,9
0.18547295626630592,0.2869437823333537,0.05535242598138449,0.008966099307642857,0.46326473611131314,9
0.03782375652592649,0.06016425405354125,0.005408958636119434,0.0036220352769129028,0.8929809955075,9
0.03570673503907757,0.11580582171946807,0.00508993725691566,0.0030846944944236863,0.8403128114901149,9
0.04060000662931817,0.059867063075261545,0.0072598343629109476,0.0037031232127911293,0.8885699727197183,9
0.03780764354685295,0.06013862398779473,0.006105414171356354,0.003347734078637683,0.8926005842153583,9
0.03539798939228863,0.1066990546084509,0.005146419376433938,0.003118924795175368,0.8496376118276511,9
0.3864153337957803,0.2616621036429018,0.010444306453979623,0.027368183821448577,0.31411007228588966,9
0.037237028268699034,0.06021801969919936,0.005413792339420238,0.0033521537961360565,0.8937790058965452,9
0.14580062068087665,0.5069723873212211,0.025793873450422576,0.00829009621753036,0.3131430223299493,9
0.039607271905328166,0.059720676968107275,0.011020931967622107,0.003253865336042113,0.8863972538229004,9
0.03324834469123124,0.17230947336531724,0.00653805151934557,0.002944024174455382,0.7849601062496506,9
0.10010625618035097,0.4946253245016032,0.04999977154044963,0.008571244903341541,0.34669740287425477,9
0.08298197592129376,0.10495192322890357,0.004612882982012847,0.00490189347332763,0.8025513243944622,9
0.037222158739823354,0.06019397337691251,0.005411630498229876,0.0037501362511557887,0.8934221011338784,9
0.03723967939396826,0.060222306977779576,0.005414177779460454,0.0032811965148374037,0.8938426393339544,9
0.03664295817415781,0.07406825207199931,0.006540287913308781,0.0032286192741458873,0.8795198825663882,9
0.03503157597678331,0.11587886103700665,0.005093147506090006,0.0031536144492473914,0.8408428010308726,9
0.03718891376598914,0.060140211125134464,0.005406797100049732,0.004639936890720486,0.8926241411181063,9
0.08590623352602814,0.06687159014570992,0.00480979603674892,0.005602039684149619,0.8368103406073634,9
0.34615372042312276,0.25726317296884477,0.01130731935134077,0.014004684931849424,0.37127110232484223,9
0.1720662966539025,0.48049731392348755,0.009934654345896467,0.01130151417467388,0.3262002209020396,9
0.16986295320791434,0.3459916806010631,0.12033948889832982,0.007646887161392134,0.35615899013130065,9
0.03596422388517567,0.1066289398961426,0.005143037530968477,0.0031845057405641914,0.8490792929471491,9
0.12916766938060184,0.4742501094819233,0.051838322258777755,0.009655504180496918,0.33508839469820006,9
0.11200483491103064,0.3183852574779824,0.07448816772048165,0.04521838607762175,0.4499033538128835,9
0.040617242942816704,0.05989247901858449,0.007083439938230362,0.00345963217586238,0.888947205924506,9
0.03718853948908574,0.1208699514144191,0.005050270883376898,0.003127065770505748,0.8337641724426126,9
0.039012732121806046,0.060103682717733524,0.005403513079533178,0.0033980996328782445,0.892081972448049,9
0.31684539194727557,0.19186669899242692,0.013800175625957903,0.01370790404066303,0.4637798293936767,9
0.18503595297890507,0.427114932909458,0.011385837542507804,0.013095031599488091,0.3633682449696409,9
0.03755178928369878,0.05973165010939274,0.012831360119163835,0.0033250790820398527,0.8865601214057048,9
0.037171583248962664,0.06011218500532256,0.005404277462348272,0.005103787613270025,0.8922081666700964,9
0.03723967939396826,0.060222306977779576,0.005414177779460454,0.0032811965148374037,0.8938426393339544,9
0.20802225716037176,0.23155022678452025,0.015832318195947073,0.012521546708575509,0.5320736511505855,9
0.16936564170622234,0.47295570075792603,0.00977872564902503,0.014666587311551904,0.33323334457527465,9
0.11607741063069991,0.33773216990672467,0.05957640986651748,0.00937195028982355,0.47724205930623453,9
0.03723967939396826,0.060222306977779576,0.005414177779460454,0.0032811965148374037,0.8938426393339544,9
0.17012693897033876,0.4062206200304399,0.02180792015847746,0.00781447711160882,0.3940300437291351,9
0.35252700198137266,0.20502564664588482,0.009011357650171402,0.03910649728996865,0.39432949643260257,9
0.24241417903512744,0.2879021317493355,0.01265397339251412,0.015673892773528434,0.44135582304949444,9
0.21255960920966704,0.3383027758218152,0.08032705514876266,0.009410227814781574,0.3594003320049734,9
0.36371649178314164,0.25044141890634847,0.011238335038669974,0.02160649066275113,0.35299726360908884,10
0.03673032979722812,0.1083353555774391,0.005322851264884367,0.0030894228836410484,0.8465220404768073,10
0.040063116527049324,0.060143178077781016,0.0053888088899082184,0.0032523042280700374,0.8911525922771913,10
0.03728857278696527,0.06031701229659001,0.005404384378494417,0.0032617044922876115,0.8937283260456627,10
0.13972249211489307,0.5145547914249036,0.010227379093571326,0.014252304346080222,0.3212430330205517,10
0.03290676536826684,0.1827057223677811,0.009109115717851937,0.01687785076230007,0.7584005457838,10
0.2945436764649875,0.28900029048667,0.012518975470991837,0.014559409668033967,0.38937764790931667,10
0.18149589514958944,0.44849787701458316,0.017916732422148404,0.0063765798082964014,0.3457129156053826,10
0.03728857278696527,0.06031701229659001,0.005404384378494417,0.0032617044922876115,0.8937283260456627,10
0.06885105510850237,0.0682335127696129,0.008613808832009634,0.003689084010358368,0.8506125392795167,10
0.28647166769794913,0.2122621357367201,0.00956738114541583,0.005552979930542106,0.48614583548937296,10
0.03542373856009288,0.10848230303218417,0.005330071248067071,0.003093613416149687,0.8476702737435062,10
0.2966808046097,0.2344623798263887,0.010521289928636714,0.008354270755259428,0.4499812548800151,10
0.14401277931176643,0.4868987157627304,0.014713056522793325,0.006417979968944314,0.3479574684337654,10
0.03725943305252954,0.06026987663038148,0.005615288378745551,0.0038254937760212426,0.8930299081623222,10
0.03211027403117307,0.1920581568659152,0.004646407317127312,0.0028042431029848777,0.7683809186827996,10
0.03728857278696527,0.06031701229659001,0.005404384378494417,0.0032617044922876115,0.8937283260456627,10
0.037951080504728237,0.06027550402627212,0.005400665251184508,0.003259459889867696,0.8931132903279474,10
0.03790666103255984,0.07998922014135232,0.005282867049249972,0.0031883652197768324,0.8736328865570612,10
0.03538051427145319,0.10953989257187446,0.005119616239805778,0.0033240362526148984,0.8466359406642516,10
0.32255624736968275,0.2597022566217864,0.08844705510366571,0.006932170189906978,0.32236227071495827,10
0.30132068860764,0.34410660021491873,0.034191072199391256,0.0181490300850081,0.3022326088930419,10
0.0556077540989056,0.06926531721872074,0.007906840843168058,0.0037448691097987635,0.8634752187294069,10
0.036565043275102745,0.07996959386631478,0.005291019455628964,0.003193285436150621,0.8749810579668028,10
0.06859915889960891,0.06798387588083811,0.012240861790181447,0.0036755872487614066,0.8475005161806102,10
0.037286707821995085,0.060313995578420564,0.005454128464792081,0.0032615413601490887,0.8936836267746431,10
0.12467968387262238,0.5109730099890337,0.010954646511068363,0.012670329589843083,0.3407223300374325,10
0.14366412455470612,0.48571993458602863,0.014677436231510261,0.00882344078616434,0.34711506384159063,10
0.03825853763405905,0.06020909243646158,0.006147243794888172,0.003255868614826422,0.8921292575197648,10
0.03510142735946432,0.11674932085202659,0.005126239563797487,0.0030654654482905543,0.839957546776421,10
0.10155592764170676,0.21810101912817587,0.03163483266606232,0.005578518016460723,0.6431297025475943,10
0.040063116527049324,0.060143178077781016,0.0053888088899082184,0.0032523042280700374,0.8911525922771913,10
0.14889216188639123,0.46051065200142294,0.02488185426469721,0.005958520930435419,0.35975681091705314,10
0.4310466056750417,0.23622573470970748,0.010191905845211425,0.008443824403259637,0.31409192936677977,10
0.22550223442560446,0.313197799099786,0.014767448748258192,0.009755938651231876,0.4367765790751194,10
0.11928391285808505,0.4006564759702603,0.010358832330397435,0.026667614396572847,0.44303316444468427,10
0.03383191416331856,0.17431134261676762,0.00928870587135356,0.002845634395077601,0.7797224029534828,10
0.08799617260281685,0.07375313826382915,0.005116622040764881,0.004777327083031533,0.8283567400095577,10
0.039497287208063954,0.060165174116206394,0.005605533342831367,0.00325349368647676,0.8914785116464214,10
0.17335375370265324,0.4621472835155477,0.009907881684537446,0.011896489954401046,0.3426945911428605,10
0.039417532061550194,0.06004368520859139,0.007613470646548886,0.0032469240488133015,0.8896783880344962,10
0.08465779480201766,0.10643406515282905,0.0051186078653930826,0.006858792531288457,0.7969307396484718,10
0.1524996986203797,0.2024514412969685,0.01923119253620154,0.007392641530841128,0.6184250260156091,10
0.34114855563306484,0.2463544012084584,0.011637568686591927,0.013759322628872481,0.3871001518430124,10
0.18440742138303773,0.47443142544070954,0.01017123890664362,0.011510250315364224,0.31947966395424493,10
0.13196845765959545,0.40378299292008774,0.022306313879430197,0.005841405585455131,0.4361008299554315,10
0.21098342045732654,0.18667699731402176,0.012055139011230582,0.011850199015142506,0.5784342442022786,10
0.03249985098954426,0.1820684805234819,0.004890125333100353,0.0028382655002255133,0.777703277653648,10
0.1520580294978012,0.0987611249747719,0.006723934596793215,0.004478797806754569,0.7379781131238791,10
0.1526805485647734,0.47222780619672866,0.0560981980883287,0.006110128516957984,0.3128833186332112,10
0.37605711868979746,0.2796076635130277,0.01140791939827023,0.012757903144861804,0.3201693952540428,10
0.10658848629827233,0.5024456320543427,0.02103134136008216,0.006027263582463441,0.3639072767048394,10
0.035189188222975225,0.11458813575798733,0.005091931058709471,0.0030731297490054453,0.8420576152113225,10
0.13266085066713743,0.0945750196496917,0.006360234581123127,0.005050247842048734,0.761353647259999,10
0.07992498112104739,0.20576496513807196,0.004709851183357293,0.003379820509780258,0.7062203820477432,10
0.055559182920432854,0.06920481669790096,0.008773395061655082,0.003741598114434239,0.8627210072055768,10
0.0378477430905059,0.060111379193877754,0.008108870711300535,0.003250584670709222,0.8906814223336067,10
0.03793218740434343,0.06024549720872784,0.005895804383566663,0.0032578372403388677,0.8926686737630233,10
0.15380434387056233,0.4311892936676091,0.03653659341847918,0.006854344474256257,0.37161542456909313,10
0.4193088094294832,0.237500144571022,0.01009438179505682,0.016031090058486526,0.3170655741459515,10
0.03790027638651926,0.060194814786573785,0.006732109349774971,0.0032550965362203176,0.8919177029409117,10
0.03720608087440066,0.06018357555357077,0.005392428490395312,0.00546674593467731,0.891751169146956,10
0.11545005723589315,0.5127681362215791,0.050649827369093695,0.006151090817646337,0.31498088835578775,10
0.03728857278696527,0.06031701229659001,0.005404384378494417,0.0032617044922876115,0.8937283260456627,10
0.035366328899451564,0.11013101513337464,0.005117563594094921,0.003088599735956805,0.8462964926371221,10
0.05257428570960485,0.08311257670080399,0.016440760632060604,0.0044741638696726834,0.8433982130878579,10
0.08519983156524802,0.113296601962894,0.005239896884098265,0.010565388407496216,0.7856982811802636,10
0.03702802214587969,0.0598955524485012,0.005580412942691709,0.010012534929915218,0.8874834775330123,10
0.41152117703173974,0.19286710769425422,0.009058339797216918,0.08524604871632728,0.30130732676046185,10
0.03937974750967377,0.05998612899895672,0.008564744821737419,0.0032438116375651895,0.8888255670320669,10
0.13846435900094972,0.48500630840840053,0.039714663018985415,0.006099942341663111,0.33071472723000117,10
0.1455703426890619,0.47435974731238845,0.021861730758461685,0.006487393326589492,0.35172078591349837,10
0.040063116527049324,0.060143178077781016,0.0053888088899082184,0.0032523042280700374,0.8911525922771913,10
0.03937346622608667,0.20190134200068593,0.007106738749021324,0.002733093123950386,0.7488853599002557,10
0.08022983634834663,0.10742825509677123,0.0049684895168351645,0.0029986291577320866,0.8043747898803149,10
0.24396208792923585,0.23981039377722962,0.010328256616871317,0.06417377889788264,0.44172548277878065,10
0.10658848629827233,0.5024456320543427,0.02103134136008216,0.006027263582463441,0.3639072767048394,10
0.10859115772411129,0.10631229632832534,0.004801849956483478,0.002898057295235632,0.7773966386958443,10
0.10097755169683915,0.10656598768441344,0.004841224166659739,0.0038441006520596155,0.7837711358000281,10
0.12466024296853592,0.49625765788599935,0.017895009626978018,0.00654134341422175,0.35464574610426497,10
0.03534053604599483,0.10941611792890789,0.006477714758038067,0.003086347203594667,0.8456792840634646,10
0.03817804261112065,0.06008241398567682,0.007618381411211188,0.0038689225050365854,0.8902522394869548,10
0.18192741653983158,0.44498640779518966,0.042701482145361985,0.014696008863075326,0.3156886846565416,10
0.10522560979371362,0.47479559865368187,0.03325398284136872,0.007003848847288131,0.37972095986394766,10
0.0550138164899148,0.06915685538368462,0.009967211143088245,0.0037390050584679034,0.8621231119248444,10
0.05263050581685143,0.08320145281034293,0.013695340367108972,0.00617260333012852,0.8443000976755682,10
0.03723103003470928,0.06022393265754797,0.005396044473581336,0.004799845014053635,0.8923491478201078,10
0.08299736038428504,0.07366113864073896,0.005139877304546047,0.006079967210066875,0.8321216564603632,10
0.03815038652662916,0.06026301685365323,0.005399546404642487,0.0032587846331618977,0.8929282655819132,10
0.037633281593648836,0.059770762414450944,0.013729350003759348,0.0032321654679452983,0.8856344405201955,10
0.040005619599639726,0.06005686307675542,0.006816233723855461,0.003247636655591271,0.8898736469441582,10
0.15770488240484645,0.39863400431855567,0.06610984323471772,0.006453778162283125,0.3710974918795971,10
0.0366140207966985,0.0779587300327829,0.006076623750194971,0.00319756272375654,0.876153062696567,10
0.037860145686591504,0.06013107751920478,0.007783830853360933,0.0032516498779163326,0.8909732960629264,10
0.12720148746115165,0.518167897767363,0.010299193813569153,0.020832680169366867,0.3234987407885492,10
0.11257329091814662,0.07353998277648252,0.00497793801471259,0.0030043316033417666,0.8059044566873166,10
0.037773582660699766,0.05999359447665969,0.009623929171620204,0.003672709295185584,0.8889361843958348,10
0.03720072431203905,0.060174910919510397,0.005658327400175005,0.005343253706603475,0.8916227836616721,10
0.037269254465490426,0.06028576348906379,0.005401584495661845,0.003778090864298036,0.893265306685486,10
0.040986325480560123,0.06008533602436067,0.005383626261027534,0.0032491763595251465,0.8902955358745265,10
0.03327806748257019,0.19170247752789354,0.005262478459260604,0.002799049825350657,0.766957926704925,10
0.10085269446410809,0.5092641339070598,0.019229686691983786,0.00671278626232817,0.36394069867452006,10
0.11846790761470143,0.5221415480373519,0.02700887585032904,0.009681693369844459,0.3226999751277732,10
0.11257329091814662,0.07353998277648252,0.00497793801471259,0.0030043316033417666,0.8059044566873166,10
0.19012067170312572,0.31506760147723245,0.01361060872859716,0.06175234959305288,0.41944876849799173,10
0.037271351303071944,0.06028915527825644,0.005617084552446621,0.0035068454130042555,0.8933155634532208,10
0.03652458869457269,0.08098749076513725,0.0052851656139954835,0.0031897524710215964,0.874013002455273,10
0.033146699511662374,0.19094571587086434,0.009189288507924566,0.002788000340694771,0.763930295768854,10
0.03664254764919274,0.07801946952939902,0.005302234460849149,0.0032000540207563466,0.8768356943398028,10
0.038627812721937674,0.06009304865318204,0.007619729874894014,0.0032495934278631853,0.890409815322123,10
0.03664254764919274,0.07801946952939902,0.005302234460849149,0.0032000540207563466,0.8768356943398028,10
0.20833709188239183,0.35682960116995616,0.031323858207832865,0.010702241941388224,0.39280720679843084,10
0.43713889488406604,0.22543076810216045,0.010335955321956367,0.008563166997813452,0.31853121469400364,10
0.2847694612637938,0.3125978785763586,0.08978960489958046,0.006765011728635102,0.30607804353163215,10
0.10371815462101237,0.48555975848428057,0.02953747238568603,0.006903512168846824,0.3742811023401742,10
0.17755286040041282,0.4678206010269643,0.014136555966582268,0.00616650475601926,0.3343234778500215,10
0.19688315063217568,0.34174537252768294,0.014043658967010222,0.01052794480957381,0.4367998730635575,10
0.03728857278696527,0.06031701229659001,0.005404384378494417,0.0032617044922876115,0.8937283260456627,10
0.18346036905975185,0.44815294262127675,0.016567980756727576,0.0063716756564591946,0.3454470319057845,10
0.32299794577612867,0.2261944167818938,0.009798337401665845,0.021947741082713017,0.4190615589575987,10
0.1611283710592215,0.2876234013738981,0.0123825091429836,0.009282650138942215,0.5295830682849546,10
0.0380145420119829,0.11068003736911855,0.007958035567750875,0.0030666449578382006,0.8402807400933094,10
0.03594211699181189,0.11602058111115716,0.005078842988159709,0.003065230714533099,0.8398932281943381,10
0.2357965859933257,0.41862479257358554,0.011006252772123155,0.025675963362193764,0.3088964052987719,10
0.14335321009551164,0.4433791504616125,0.11376167697241966,0.005736857413964944,0.29376910505649134,10
0.3488595495094639,0.2533838296312581,0.011444688651356874,0.026833080324084813,0.3594788518838362,10
0.15197260266367946,0.5069916718038747,0.021221629239425437,0.008381548337732544,0.3114325479552877,10
0.040063116527049324,0.060143178077781016,0.0053888088899082184,0.0032523042280700374,0.8911525922771913,10
0.03614706619908845,0.11574678715722607,0.010836515158167276,0.004190037454435293,0.8330795940310829,10
0.043277614400869364,0.14684459507944794,0.01730485302441105,0.003101888135279936,0.7894710493599917,10
0.11489943769057864,0.511038994714152,0.010157498516466574,0.012575711316198567,0.3513283577626041,10
0.3070065541858097,0.3298309425115951,0.05907221214738724,0.005824667485544952,0.2982656236696631,10
0.23593813929643503,0.26082540739163745,0.01178080536672243,0.03390061093415471,0.4575550370110503,10
0.3365120241787165,0.25660177928097816,0.011051435190176323,0.013586851592605094,0.38224790975752404,10
0.1702783960699403,0.48171985905279313,0.009574746358481226,0.007254918240809926,0.3311720802779753,10
0.036559812885224585,0.0801011981881703,0.005290262609960886,0.0031928286575903537,0.8748558976590538,10
0.03728857278696527,0.06031701229659001,0.005404384378494417,0.0032617044922876115,0.8937283260456627,10
0.03727860802848486,0.060300893565974366,0.005670173717012716,0.003260832855347099,0.8934894918331808,10
