prob_class_0,prob_class_1,prob_class_2,prob_class_3,prob_class_4,true_label,pred_label
0.002192623204835472,0.019628775992525018,0.0013701874915282824,0.00010555721215138701,0.9767028560989599,4,4
0.0020736744571441647,0.0241181727412403,0.0011451138775163173,0.00011523033185348274,0.9725478085922458,4,4
0.6310839041743891,0.24765118763937038,0.03382234502109089,0.06940748425961557,0.018035078905534047,0,0
0.5157130697973902,0.3338118324351512,0.03269622301203775,0.04151401196226622,0.07626486279315475,0,0
0.24875138192241109,0.6561857485115876,0.008860238437359887,0.02359642073020799,0.06260621039843334,1,1
0.0018126282838050035,0.022557506169955742,0.0010682164621196111,0.00010235355643393285,0.9744592955276857,4,4
0.0013838599764904643,0.019702115114602084,0.0009287636311750281,8.063926559800953e-05,0.9779046220121345,4,4
0.00316179511976419,0.025723995643746108,0.001564690357200221,0.00015348180387811212,0.9693960370754113,4,4
0.0020717511860139444,0.01968619853504758,0.001306094618606763,0.00010227766077349191,0.9768336779995582,4,4
0.004637432132846908,0.029368414946141494,0.001979657731492775,0.00020798092476766378,0.9638065142647511,4,4
0.0026612197786741354,0.025765010253441994,0.0013526967269326972,0.0001387685192783875,0.9700823047216728,4,4
0.0021116965922027167,0.021032410222344526,0.001270228554445477,0.00010750369553912385,0.9754781609354681,4,4
0.002192702548921832,0.01963053313239893,0.001370362753691819,0.00010556939241157954,0.9767008321725758,4,4
0.4888107355835168,0.3361037343937829,0.05625318349685427,0.05867940327603475,0.060152943249811366,0,0
0.014708773062238474,0.060634081757366995,0.004218791441367792,0.0006898729463788721,0.9197484807926478,4,4
0.15251804736726776,0.7081884436975115,0.015251879162200445,0.02177895071593594,0.10226267905708424,1,1
0.005774296608911931,0.03603248248052377,0.0020001741255504645,0.000262433176201431,0.9559306136088125,4,4
0.0021573159771928353,0.0229533468778661,0.001315214002114974,0.00011021090730744698,0.9734639122355186,4,4
0.4657095794357882,0.33682207753163534,0.06142224534239698,0.045692796709440056,0.0903533009807395,1,0
0.0034830987918930646,0.029502591364724034,0.0015553488126141225,0.00017618476976698187,0.9652827762610017,4,4
0.06845393548341311,0.8300127740670916,0.005443774265722693,0.014896569145949813,0.08119294703782272,1,1
0.009031197943691463,0.031149745517861184,0.003924722681591489,0.00028872204782001514,0.9556056118090359,4,4
0.12706903656097104,0.6899136301907413,0.01794453580255425,0.013533158813907539,0.15153963863182573,1,1
0.0044687864401493005,0.03152233938911154,0.001838841197050207,0.00021234252082539463,0.9619576904528636,4,4
0.0019579561101247984,0.024135018597998516,0.0010910226401972128,0.00011144663779929582,0.9727045560138801,4,4
0.10571217536372582,0.29108555197867103,0.018636830997964066,0.008484118035418712,0.5760813236242204,4,4
0.0026591029894759994,0.02132096482893278,0.0016345450147152206,0.0001192688468904052,0.9742661183199856,4,4
0.07954052070336358,0.73269163991486,0.013252572042242816,0.011610787421148332,0.16290447991838525,3,1
0.006006422693363706,0.026799291101197276,0.0028531258666547625,0.00022127042969932078,0.9641198899090849,4,4
0.05961827489114359,0.05258817241960486,0.01545140663915756,0.0012204127776017433,0.8711217332724923,1,4
0.0038170868976209835,0.022088856801829943,0.0020929006518587492,0.0001574841121280456,0.9718436715365623,4,4
0.012290922103822264,0.04099921528581861,0.0051077953828095905,0.0003474991426520829,0.9412545680848974,4,4
0.011076199180367138,0.04510511800415383,0.0044447783351988955,0.0003590507389215763,0.9390148537413585,4,4
0.7309059605685436,0.14459749492990287,0.05204645724132429,0.046894366872710765,0.025555720387518608,0,0
0.289146689153827,0.3647376465077051,0.08718811725710839,0.035013902676125024,0.22391364440523442,0,1
0.13179250886016403,0.12035117883193745,0.021400977785895784,0.003125797443043906,0.7233295370789589,0,4
0.25935440341719357,0.5656292872772812,0.06752973586221503,0.02246389987008776,0.08502267357322248,1,1
0.004286059325728002,0.032185892348918436,0.002347234273717368,0.0001747606936907029,0.9610060533579454,4,4
0.003785755579693038,0.02605877726687158,0.0021839641058985205,0.0001468144561922536,0.9678246885913447,4,4
0.0019938015093121783,0.021047757507576707,0.001210094748143957,0.00010396528449835154,0.9756443809504687,4,4
0.0035478666409289364,0.0315143730656763,0.0015105896005216785,0.00018506453792536005,0.9632421061549478,4,4
0.0019936407047188194,0.0210409093725286,0.0012098327647948252,0.00010393761217320849,0.9756516795457846,4,4
0.004132479181938031,0.02977096976592446,0.0019022669289060327,0.00018811005520878824,0.9640061740680227,4,4
0.3053028290058756,0.5987706460674298,0.01547619927605704,0.030619005760966385,0.049831319889671336,1,1
0.0016586978325202333,0.02020051528299177,0.0010828084547070656,9.123423561017386e-05,0.9769667441941707,4,4
0.002070236772252803,0.019642197026691354,0.0013053551865305308,0.00010208431554875366,0.9768801266989765,4,4
0.6863504398906357,0.21338461463953173,0.02115502949107135,0.0677415251821032,0.011368390796657971,0,0
0.011053919672044854,0.04835356390216331,0.0028371558885471205,0.0004565835472741651,0.9372987769899706,4,4
0.6202861312554564,0.26038569787369564,0.03293834750961094,0.06273113595298606,0.023658687408250917,0,0
0.0026056874445281944,0.01960869144801821,0.0015852731410334368,0.00011680748756607698,0.976083540478854,4,4
0.009525978359453258,0.04983860527674108,0.002551105269887474,0.0004345519762763997,0.9376497591176419,4,4
0.014111103971596727,0.06031310712721341,0.003109384924501033,0.0006138542285544516,0.9218525497481344,4,4
0.0028531080413634934,0.026567918879017657,0.0014474151158521602,0.0001482480752496996,0.9689833098885169,4,4
0.12387538089177155,0.703366525934534,0.014910233232740502,0.01650630871448534,0.14134155122646863,1,1
0.4394891203020118,0.4130927907418583,0.04410234156358339,0.04979441686953783,0.05352133052300857,1,0
0.0015526577507972937,0.019683816347596857,0.0010236272003888072,8.625567716926915e-05,0.9776536430240478,4,4
0.6821107488519893,0.21487834502746112,0.0257691105321736,0.06217343268447859,0.015068362903897485,0,0
0.4194807884927489,0.3816052339049908,0.055391190121709066,0.05153312460533026,0.09198966287522095,0,0
0.3853322989332776,0.40471287197156663,0.06553642470883463,0.050621374567488754,0.09379702981883237,0,1
0.6484701918793124,0.22374532574341194,0.04197513038772789,0.05794775725952406,0.027861594730023836,0,0
0.0019577568434031465,0.024129182491733892,0.0010907767022324964,0.00011141509655144279,0.972710868866079,4,4
0.0013064261236156705,0.019709524769966468,0.0008846546102851001,7.796380179903008e-05,0.9780214306943337,4,4
0.489085084916373,0.23734803189571843,0.12426591632792694,0.03287184404313175,0.11642912281684978,0,0
0.004366886694447702,0.01949327652296751,0.0024517906202320243,0.00015787586897939067,0.9735301702933733,4,4
0.0036117866223611237,0.022405710103953265,0.0019123271982898894,0.00015311754622826095,0.9719170585291675,4,4
0.0030409343956150775,0.022456235389031392,0.0016540167988529741,0.00013853160960920129,0.9727102818068915,4,4
0.17822643019378492,0.7230308199345058,0.011401501865905703,0.024378179219739397,0.06296306878606428,1,1
0.002711882237746426,0.022507607513067792,0.0015012385003866622,0.00012965435921990384,0.9731496173895793,4,4
0.0736158123792962,0.5236670727672618,0.07857316195271458,0.010018424651334566,0.3141255282493928,1,1
0.0017110543312617802,0.02255904844769332,0.0010173722042052067,9.892986797450133e-05,0.9746135951488651,4,4
0.0028145268674759946,0.020973549073873148,0.0016189555066750854,0.00012714697996968444,0.974465821572006,4,4
0.011499829924187677,0.05307924334445024,0.0028598968293516583,0.0005041515606817412,0.9320568783413287,4,4
0.6413292068448929,0.216061026369588,0.06459154422950836,0.04936680254516233,0.028651420010848284,0,0
0.0077439064783861285,0.04374313301124109,0.0023403866088770268,0.0003559259070085518,0.9458166479944872,4,4
0.10577762158710259,0.8109610681568592,0.006201718082389393,0.019783503239763304,0.057276088933885395,1,1
0.0057180613517354385,0.04115656686290682,0.0018964845143807404,0.0002872856086354066,0.9509416016623415,4,4
0.00397586728513116,0.020967654673157133,0.002167487631479843,0.00015591584551743145,0.9727330745647145,4,4
0.06655020532952684,0.692183429468562,0.013886198548095047,0.009329319104917248,0.21805084754889886,1,1
0.0021539354155575385,0.022524067901754978,0.0012358073457023604,0.00011321707766565385,0.9739729722593196,4,4
0.29586992255895156,0.541286407288658,0.028089116959151676,0.028013467816658946,0.1067410853765799,1,1
0.0018830192877388613,0.02107801966760431,0.0011529256233489846,0.00010061194150412561,0.9757854234798038,4,4
0.0032789414990877287,0.0195714977869344,0.0019248924496943847,0.00013362695820023693,0.9750910413060834,4,4
0.0015369922350348866,0.019737318306324705,0.0009720404475110908,8.437114960164034e-05,0.9776692778615277,4,4
0.0017110503676467028,0.022558902394870406,0.0010173673546553614,9.89292224255794e-05,0.9746137506604019,4,4
0.0024628160966157758,0.021901988399277313,0.0014563100002600567,0.00011814691114278088,0.9740607385927041,4,4
0.0017510645971359554,0.019986432096631705,0.0011333727625883992,9.353271724051981e-05,0.9770355978264034,4,4
0.07573861054667856,0.11777777778825431,0.007542630285203498,0.002419226450076553,0.7965217549297872,4,4
0.008264542442219469,0.04452900799682689,0.0024953050405118592,0.00037616148345333966,0.9443349830369884,4,4
0.002980956622602176,0.020962653803320592,0.0016994536305844907,0.00013149202241100237,0.9742254439210817,4,4
0.003508564873753754,0.022464091091540715,0.0019641815391125226,0.00014809174020049968,0.9719150707553925,4,4
0.18019811533023639,0.5945692710793454,0.05060477006174255,0.017906749100134383,0.1567210944285413,1,1
0.001742302368255455,0.019676231760645143,0.0011284940023306915,9.230852258238477e-05,0.9773606633461863,4,4
0.0020333612631639906,0.022527817271379008,0.0011770796757185472,0.00010944227214404244,0.9741522995175945,4,4
0.41720191636109977,0.46838913340475774,0.02559414969978514,0.030463834849440274,0.058350965684917135,1,1
0.003283888526749359,0.024015530550753533,0.0016884624318589281,0.00015075618422896836,0.9708613623064092,4,4
0.002197717607023122,0.024135784678279083,0.0012036951166475465,0.00011936118891090219,0.9723434414091394,4,4
0.0025089751106422923,0.020995460984539843,0.0014691825671034656,0.00011888378105466516,0.9749074975566597,4,4
0.001306562756988629,0.01971382166210396,0.0008848540154441725,7.798548577790903e-05,0.9780167760796853,4,4
0.003286323094147045,0.029465195559208457,0.0014798857008829385,0.00017003486413642215,0.9655985607816251,4,4
0.0022398997495451426,0.02581003898456535,0.0011695371535455688,0.00012548939259363613,0.9706550347197505,4,4
0.002986881791726284,0.025774652362140445,0.0014916990074938226,0.0001486228436086613,0.9695981439950307,4,4
0.0024654097308248564,0.02412198182008712,0.0013254449891290496,0.0001276463297584823,0.9719595171302005,4,4
0.0033520862179173792,0.025781887220535347,0.0016446731050079658,0.00015915194776722297,0.9690622015087721,4,4
0.4118184983417051,0.16819704480647032,0.023298446200115428,0.010133010706667172,0.3865529999450421,4,0
0.002561811029362152,0.02759286218193817,0.001253283558389003,0.0001412495553352417,0.9684507936749756,4,4
0.0013064293408323764,0.019709620477336823,0.000884658138548977,7.79642788233658e-05,0.9780213277644584,4,4
0.002434860613595609,0.019658673681097232,0.0014338048040626542,0.00011041568152997958,0.9763622452197145,4,4
0.0016446258421609285,0.01967514594460279,0.0010746245565269263,8.921028935253994e-05,0.977516393367357,4,4
0.0017429959386172742,0.019700433218773464,0.0011286691178042092,9.239966154366653e-05,0.9773355020632614,4,4
0.25158626614519236,0.5621864492151596,0.030668845200589774,0.022605078666936305,0.13295336077212197,1,1
0.04095737885998894,0.27691810930359584,0.011014893771431082,0.003441315435682724,0.6676683026293013,4,4
0.0021926498389575177,0.019629418548713362,0.0013701958019875214,0.00010556030275005299,0.9767021755075915,4,4
0.0017420289252923521,0.019666409966429467,0.0011281513432522497,9.226556600935521e-05,0.9773711441990166,4,4
0.00236761667730958,0.022613737319084126,0.0012279692548668095,0.00011581721010054504,0.9736748595386389,4,4
0.18889700503507884,0.14618872194611732,0.02197436959882325,0.0055542037385043425,0.6373856996814763,1,4
0.0019198224971770346,0.022542526685860993,0.0011213171488055696,0.00010583742416767993,0.9743104962439887,4,4
0.0032533226550325272,0.029547475198964394,0.0014054449949479182,0.0001663371112842323,0.965627420039771,4,4
0.0019735809830195633,0.021099575905365552,0.0011489427520058456,0.00010167363761630324,0.9756762267219928,4,4
0.0014952730288658165,0.021090051054997644,0.0009488049888529571,8.78385720526469e-05,0.9763780323552309,4,4
0.2357958192078129,0.49553416899803043,0.016221978143714413,0.015898474508219892,0.23654955914222223,0,1
0.001882301118578868,0.02105375101057752,0.0011525296204161655,0.00010051160166304533,0.9758109066487644,4,4
0.13325175592675262,0.7158290764463989,0.01407659111392453,0.01856087537430678,0.11828170113861719,1,1
0.6086109720975356,0.2282497316889427,0.012545799256052273,0.008016518181732475,0.14257697877573697,3,0
0.0021268629656686438,0.019786319623679778,0.0011732826957171851,9.877290817082978e-05,0.9768147618067636,4,4
0.1775575317029149,0.05012170087556048,0.03206854749043264,0.0024563705283510056,0.737795849402741,4,4
0.0022811205919218863,0.0225040013667208,0.0012971457614655358,0.00011704936905107451,0.9738006829108408,4,4
0.01333012616424691,0.06036037650563272,0.002962709440581595,0.0005936554733662947,0.9227531324161726,4,4
0.0013839005311533405,0.01970303928297059,0.0009288414573657144,8.064563643743198e-05,0.977903573092073,4,4
0.0013838854245546992,0.01970313009970674,0.0009287836930849451,8.064314626314021e-05,0.9779035576363906,4,4
0.09107994383472255,0.08182680980910222,0.013232381233787895,0.0023076318920660314,0.8115532332303214,4,4
0.002153739870867175,0.022517602363968263,0.0012356843350564376,0.00011318914560130327,0.9739797842845067,4,4
0.00430605405249564,0.033837832652630524,0.0017080636871725122,0.0002168282970504258,0.959931221310651,4,4
0.16063786838884808,0.69362599341423,0.01645160490183701,0.01988548667911603,0.10939904661596883,1,1
0.005507949188005357,0.019623248149757768,0.002982363664329813,0.0001819001275712496,0.9717045388703358,4,4
0.015861671704383174,0.04863069686146255,0.004109096067795054,0.0005823122686124543,0.9308162230977468,4,4
0.005099274382509559,0.024920735187905284,0.0024648824813491834,0.00019579629493113654,0.9673193116533049,4,4
0.002322864392187362,0.01963244910701702,0.0014386370010649587,0.00010922862847129195,0.9764968208712593,4,4
0.43252028890062993,0.39216774285493294,0.050042664764597275,0.06081133362362643,0.0644579698562134,0,0
0.00690900054801684,0.0438394772137019,0.0021259838416646548,0.00033320374527843815,0.946792334651338,4,4
0.14200350699954745,0.5491124977845506,0.21349729840717335,0.013389267170146029,0.08199742963858253,2,1
0.002371105308850688,0.02344511970631766,0.0013498013101199582,0.00012024156017410897,0.9727137321145376,4,4
0.012993147492098804,0.054797345969896924,0.003404837873875338,0.0005350175401762949,0.9282696511239527,4,4
0.004378493465347567,0.021866298889292125,0.002367450606369282,0.00016581861495439495,0.9712219384240366,4,4
0.0790622090245787,0.7343962387252689,0.009713844577917168,0.012882518323602932,0.16394518934863236,0,1
0.0026109156065057906,0.02684508365245129,0.0013400479916882409,0.00013776161083491607,0.9690661911385198,4,4
0.36382828119219235,0.33964147868255284,0.031098342009570307,0.022057609056797097,0.2433742890588873,1,0
0.27774521379586437,0.5491341541591241,0.030876436867911777,0.03259483598200849,0.10964935919509107,1,1
0.03287489079012218,0.24148216093846536,0.011939755949486387,0.0021766412433701526,0.7115265510785559,1,4
0.007497201648684869,0.03915558561580012,0.002654028706831836,0.00031560035330694,0.9503775836753762,4,4
0.04834942802237568,0.021887078294093774,0.017962118001158107,0.0006695560719975343,0.9111318196103748,4,4
0.11654338109491151,0.6249425541946717,0.023999374708150285,0.013678162882873653,0.2208365271193929,2,1
0.297252910674712,0.5609968921637841,0.03907985309807832,0.022890909397852762,0.07977943466557276,1,1
0.17941587113274005,0.6118570791363602,0.04339145876213477,0.018526019003309864,0.14680957196545508,1,1
0.09514763721972815,0.6054286495812767,0.024902325690405243,0.011328981902719222,0.26319240560587087,1,1
0.30195544201471936,0.46558394376976664,0.054322051678637184,0.022676724513448612,0.1554618380234282,0,1
0.12057132165068424,0.5122145282463928,0.029934171243055748,0.01189914921810576,0.32538082964176146,1,1
0.21112155344750605,0.4661184973523084,0.04965654590468803,0.013234107853870185,0.25986929544162735,0,1
0.1540021613851691,0.5501666154864893,0.033107156840381444,0.015211532467813937,0.2475125338201463,1,1
0.1296782123553493,0.5023808598946025,0.1404023527112918,0.011602804986072503,0.21593577005268386,0,1
0.07164503679487108,0.046023797647816736,0.013563784215683014,0.0011600686769005547,0.8676073126647286,4,4
0.0030391799716536477,0.022732451969398958,0.0017508364662210327,0.0001339567129652543,0.972343574879761,4,4
0.20011818120529498,0.6096721083632642,0.03173679693265451,0.018543361205108928,0.1399295522936774,1,1
0.19748705794558205,0.5857356308934776,0.034458595898456845,0.018191648889033067,0.16412706637345045,1,1
0.008505974476406584,0.03226754452024993,0.0044336629610708025,0.000252063419774601,0.9545407546224981,4,4
0.14224683700384805,0.5860917055891306,0.03243917379057294,0.014505501583913828,0.2247167820325345,1,1
0.16240963815025752,0.5466288382116498,0.02804984205462935,0.01560252418457996,0.24730915739888326,1,1
0.15420868677949906,0.5603436735000051,0.034520929617800206,0.015296179053577575,0.23563053104911802,1,1
0.5839423798623241,0.3003087332301457,0.02314249279582435,0.07706663193699073,0.015539762174714962,0,0
0.05183077314748259,0.6664938331603217,0.012516730212392918,0.008767526933299295,0.2603911365465033,1,1
0.04123769542395318,0.09180377060176503,0.007997127142630431,0.0014612619203133864,0.8575001449113381,0,4
0.518294681833622,0.32390628801542704,0.05106901670755744,0.05425560783035676,0.052474405613036845,4,0
0.35889486057465697,0.47177181105987515,0.05986563006334261,0.018989476551459442,0.09047822175066586,1,1
0.39580822310427705,0.5264513120941512,0.016306523391662466,0.034988007824594596,0.026445933585314746,4,1
0.20639705867891406,0.5722476806443754,0.032737658121472786,0.022846616493220905,0.16577098606201673,1,1
0.02350328819458916,0.05226597622525966,0.006107299459868633,0.003776258039412408,0.9143471780808701,4,4
0.02249211381323068,0.0547742527257313,0.006157035951710446,0.003752072013326404,0.9128245254960012,4,4
0.043147392690023816,0.0964040305577325,0.01015573985345762,0.006312396596570404,0.8439804403022158,4,4
0.22066210373860468,0.594658395235304,0.030889899020563032,0.022197135330554014,0.1315924666749743,1,1
0.01314914020628198,0.04024773072660565,0.0042166634316097695,0.0025924901001943374,0.9397939755353083,4,4
0.025587316866254407,0.06457762267227368,0.006433602239021172,0.004077310803811457,0.8993241474186392,4,4
0.3598381447902487,0.4953013460239671,0.03366156425609476,0.021743806982611625,0.08945513794707782,1,1
0.01544006142677538,0.04538781049253995,0.004756539917542804,0.002911951622453549,0.9315036365406884,4,4
0.015913031149219867,0.04576488344688071,0.0047712201258852446,0.0029691617050723405,0.9305817035729419,4,4
0.16982625970690352,0.264936355974352,0.025115172376098706,0.016144752472238167,0.5239774594704075,0,4
0.011895933584692724,0.03846349126180209,0.00394238989450929,0.0024270722409373328,0.9432711130180587,4,4
0.0183482818671499,0.050453469012797625,0.005214186369381633,0.003248629580942313,0.9227354331697286,4,4
0.015021075485421935,0.04552540175119167,0.0045688750188098,0.002850317267476731,0.9320343304770999,4,4
0.10134375512025694,0.24029247729938924,0.020843124079457653,0.01334614166105384,0.6241745018398424,4,4
0.5998905692705196,0.2892926784363374,0.03549467825212457,0.018552992724198834,0.0567690813168196,0,0
0.01320011946442737,0.04193860471441169,0.004207051815587431,0.0026098637694124253,0.9380443602361611,4,4
0.5558393640890407,0.28573162317734846,0.040644412547873,0.020220560819398756,0.09756403936633914,0,0
0.0158046199455773,0.0464543706039621,0.0047278457327937585,0.002942042239474585,0.9300711214781923,4,4
0.015457955649583039,0.045909585630175116,0.0046514064650944285,0.002897866249855539,0.9310831860052918,4,4
0.013825336560535528,0.0434897488282301,0.004330447081747672,0.0026946317621425403,0.9356598357673442,4,4
0.013829870352694257,0.043500762534345205,0.00433158897521209,0.002695277735309212,0.9356425004024392,4,4
0.2113852142020047,0.5536347345625007,0.03202459866640135,0.022653245399354077,0.18030220716973924,1,1
0.012382098584758673,0.03876799210716332,0.004047952898378307,0.0024879140209341597,0.9423140423887655,4,4
0.01191887042137493,0.03856108058355297,0.003949649004115255,0.0024317811951779476,0.9431386187957789,4,4
0.016709058929941536,0.04372641131001567,0.004908091851471549,0.0030140469537613497,0.9316423909548098,4,4
0.3657629674131941,0.4025821882731826,0.04789946556926008,0.023376076913188444,0.16037930183117463,2,1
0.2606642373357077,0.552773024881598,0.032942652799242314,0.02284186567763206,0.13077821930581984,0,1
0.3293796075082613,0.4277054547693685,0.049157338393089715,0.023130107961483893,0.17062749136779654,1,1
0.012392865043975953,0.039766067947895584,0.004065204912186235,0.0025016329506871962,0.941274229145255,4,4
0.012858683623657814,0.04074032464932467,0.004191117215756836,0.0025685754044138843,0.9396412991068467,4,4
0.013995728425476663,0.042499553413286754,0.004422296970888985,0.0027142710122739274,0.9363681501780737,4,4
0.21063848278864253,0.5676547073935854,0.03292351854243927,0.023079963621266544,0.16570332765406634,1,1
0.014674421473835032,0.04240186685568157,0.004521883783845141,0.0027835568679049393,0.9356182710187332,4,4
0.028795890901811626,0.0674078765062446,0.006901958383774375,0.00438500530352777,0.8925092689046417,4,4
0.01801327997104054,0.04797219159824327,0.005136209569795062,0.0031887927297348418,0.9256895261311863,4,4
0.13134056831759663,0.18389957356097225,0.021259652281410156,0.012174379944475693,0.6513258258955451,4,4
0.019730831061862554,0.05398762240930297,0.005424425519875922,0.0034191930217586123,0.9174379279872,4,4
0.01612131437361457,0.04362182348995963,0.0047994556811926554,0.0029528248889107256,0.9325045815663223,4,4
0.014554135615086044,0.04177379059719505,0.004490842647495367,0.0027633756630291275,0.9364178554771945,4,4
0.01189575263665856,0.03846283674664501,0.00394234202581446,0.0024270419409867863,0.9432720266498952,4,4
0.011600339107851597,0.03807240861801249,0.0038789027914543674,0.0023881555284782185,0.9440601939542033,4,4
0.01906789765828297,0.046657919721564224,0.005342801563015353,0.0032889643830978778,0.9256424166740396,4,4
0.21704839352102967,0.585343575665255,0.03194293079476391,0.02241584830205639,0.14324925171689504,1,1
0.18692650311643716,0.5790911171186667,0.031414442220362965,0.02208732156173684,0.18048061598279633,1,1
0.43413384453506937,0.3761492635714164,0.04007645904505726,0.021817256511066526,0.12782317633739046,0,0
0.015402505345795578,0.0459886140415423,0.004643184181931696,0.0028964600249719963,0.9310692364057584,4,4
0.012604214388968719,0.04044482896918979,0.0040873805288423135,0.0025278637505970684,0.9403357123624021,4,4
0.014052424611870023,0.04083928035253773,0.00439316076030035,0.0026991768275492515,0.9380159574477427,4,4
0.015190187516310731,0.042238478090050983,0.004622705920813791,0.0028397971506803972,0.9351088313221441,4,4
0.037087869761056165,0.08076506369666951,0.008107509340497896,0.005199051837855963,0.8688405053639204,4,4
0.011151926006356285,0.037803507000320584,0.0037799896222412486,0.002331189962133868,0.9449333874089481,4,4
0.01697150289815985,0.04572828038792356,0.00495949873031129,0.0030613451182391537,0.929279372865366,4,4
0.018420143102403662,0.04842829739650191,0.005283427084489395,0.003265096702777447,0.9246030357138276,4,4
0.013493341660203662,0.040496963932545114,0.004276602832662023,0.00263201536265928,0.93910107621193,4,4
0.46659220708717297,0.32878724385947433,0.04085293886052351,0.021182880441439,0.14258472975139033,0,0
0.019763590950489036,0.05365727070747078,0.005477914171496621,0.0034343443879965786,0.917666879782547,4,4
0.25589560686611745,0.5991899644062463,0.029839729252960034,0.02203670169963729,0.09303799777503882,1,1
0.012332822259942524,0.03938148992484244,0.004033645238254422,0.002486926835623343,0.9417651157413373,4,4
0.013389386882353619,0.041806906404439716,0.004247518852558835,0.0026307130537803957,0.9379254748068674,4,4
0.01572719485707097,0.04585979382657831,0.004912073700650327,0.0029669917668461734,0.9305339458488542,4,4
0.01198801935553972,0.03963326579347488,0.003957490971458183,0.0024478519075107627,0.9419733719720164,4,4
0.011477954103066996,0.03757924930803959,0.0038542252207093095,0.00236928369721519,0.9447192876709689,4,4
0.377825323009009,0.465987177208493,0.03614776506098648,0.023375337655528128,0.09666439706598343,0,1
0.011035965018375357,0.03731525201254969,0.0037563279591798357,0.0023129444664493864,0.9455795105434457,4,4
0.4283581364923538,0.3934861178905845,0.03817894641215475,0.021006310771014707,0.11897048843389225,0,0
0.011312609857226208,0.03768673845157244,0.003816574162077061,0.0023499398776648055,0.9448341376514595,4,4
0.04294650047090018,0.08807197663911676,0.009365685545831542,0.005935345670379382,0.8536804916737721,0,4
0.16248442160499252,0.42082512505254915,0.028173675490018587,0.019656079721952848,0.36886069813048705,0,1
0.01892604934870368,0.053016966229850644,0.00528269446801602,0.0033249363855764017,0.9194493535678533,4,4
0.015432635060581585,0.04332159499090314,0.0046814600192773516,0.0028847232658064945,0.9336795866634314,4,4
0.01397582033081829,0.04141738740365061,0.004371753691927909,0.002694499281441408,0.9375405392921617,4,4
0.014329932567116281,0.04183691479128479,0.004442700461765179,0.0027380353495350803,0.9366524168302987,4,4
0.4432878795701474,0.3464212066174809,0.04035634578432089,0.020636527117691816,0.1492980409103591,0,0
0.2330824455686947,0.5780744797900065,0.032142200638787255,0.02260589445189292,0.13409497955061866,1,1
0.5323791856713492,0.32135446241086624,0.037979970431854346,0.019473236519370746,0.08881314496655943,0,0
0.01246318387156612,0.03989727401568503,0.004059185660430568,0.002506603148888477,0.9410737533034298,4,4
0.011982583571607662,0.039619149240318695,0.0039560345688384605,0.002447029819411944,0.9419952027998232,4,4
0.02082449743176121,0.05170254038982198,0.005630121658841901,0.003504781335760655,0.9183380591838142,4,4
0.012814231450444252,0.040394291784319795,0.0041345179433087305,0.0025525163055075913,0.9401044425164197,4,4
0.5432384036459491,0.30606918410781425,0.03924584251504306,0.019918862240752663,0.09152770749044069,0,0
0.019357021528577892,0.052397141076497816,0.005384445835109939,0.003367276693635548,0.9194941148661788,4,4
0.5465507918789053,0.30595837336456866,0.04026756894585726,0.01986006173853792,0.08736320407213082,0,0
0.012286711144071455,0.04002270397645135,0.0040204423963606075,0.0024867050249700352,0.9411834374581465,4,4
0.47846728106434666,0.32942730301000156,0.03966467794677819,0.020550914053169132,0.13188982392570436,4,0
0.2607497435190625,0.36225981378905325,0.03385844603995593,0.019670599626602094,0.32346139702532634,1,1
0.02464144616385288,0.06066872181013822,0.006321970176927738,0.0039700508441158485,0.9043978110049654,4,4
0.010886784159781435,0.03691114728356599,0.0037275609225724832,0.002294499293007399,0.9461800083410727,4,4
0.1860174433536323,0.5619998835393926,0.030849750609417175,0.021660158394553253,0.19947276410300468,1,1
0.01237502408490751,0.038739883840214845,0.004045761243491163,0.002486507987809423,0.9423528228435769,4,4
0.24072739330942883,0.5592001392454932,0.03333018993884061,0.023458418368137078,0.1432838591381003,0,1
0.012156275817130493,0.039501376906288126,0.003994647441415355,0.002466923237627811,0.9418807765975383,4,4
0.011768718247882698,0.037959084931787415,0.003916801308699615,0.0024075815264624385,0.9439478139851679,4,4
0.020975797089248675,0.05502289951767612,0.0056572373060829444,0.003550248558929369,0.914793817528063,4,4
0.014989718159796401,0.0450239586249799,0.004565888672404567,0.0028393011733378656,0.9325811333694813,4,4
0.01817044445341038,0.05160668906933487,0.005144585601565719,0.0032345490963189396,0.9218437317793701,4,4
0.10637371216717116,0.18553725439478624,0.01880166509844329,0.012172770897854884,0.6771145974417444,0,4
0.010642054345252863,0.03643840145109053,0.003670496969173347,0.002256797961644485,0.9469922492728388,4,4
0.3354159700814931,0.4794851220747404,0.03634222155686971,0.022670398270004152,0.1260862880168926,0,1
0.014233706321543079,0.04323707059950453,0.004416376118334889,0.002739086087179146,0.9353737608734383,4,4
0.5563508159790806,0.29432833181453166,0.03926796973977725,0.019973736988432862,0.09007914547817766,0,0
0.5791849207855511,0.28145534521658433,0.039320652892652984,0.01989730432358456,0.08014177678162712,0,0
0.2751914654618267,0.5502855673171114,0.03277964613547487,0.02267329531777572,0.11907002576781126,1,1
0.011834620979909796,0.03866042331098971,0.0039349736848146065,0.00242843401603655,0.9431415480082495,4,4
0.20428140595741814,0.5876978898613802,0.03120456922660645,0.022399826966781184,0.15441630798781414,1,1
0.011501918856814217,0.037680562887463485,0.003861855086982002,0.002374223043648204,0.9445814401250922,4,4
0.17715324439887725,0.5485375952775298,0.029627064240604035,0.020975923402615823,0.22370617268037302,1,1
0.1687036111329453,0.5864715665266876,0.029518182324139743,0.021139035598934264,0.1941676044172931,1,1
0.017624728863965263,0.05062758778973433,0.005051386334424146,0.0031700941301910823,0.9235262028816852,4,4
0.013293674024903111,0.04059060663866847,0.004233218155823083,0.0026094695908373045,0.939273031589768,4,4
0.0118981156864112,0.03847326923041247,0.003943090478533943,0.0024275326498216475,0.9432579919548207,4,4
0.012703659327250356,0.03919319308449932,0.004116090091494267,0.002529706405428889,0.9414573510913272,4,4
0.0106414732901761,0.036435785067067177,0.0036703066548607983,0.002256674936552093,0.9469957600513438,4,4
0.24399603423108307,0.5663187654600664,0.03332660569379654,0.02379788479762258,0.1325607098174313,1,1
0.01176956419658763,0.037962781947649814,0.0039170704847423495,0.0024077566784468417,0.9439428266925735,4,4
0.5675203335897633,0.29927450123085214,0.03787368319424711,0.01939368742176174,0.0759377945633757,3,0
0.01115276592780584,0.0378058830848153,0.003780227362714054,0.0023313294530711856,0.9449297941715937,4,4
0.010645240917431869,0.036446022746653324,0.00367136755409244,0.0022572756206319313,0.9469800931611905,4,4
0.014026947573857062,0.04075108438603391,0.004385776556732568,0.0026945621393724213,0.9381416293440039,4,4
0.010757348948419747,0.03692377861168127,0.0036945808779025742,0.0022751383642326344,0.9463491531977638,4,4
0.011565622685818937,0.03871623203360476,0.0038686088837158834,0.0023893169994505634,0.9434602193974099,4,4
0.015383939866227079,0.04661683090336264,0.004632143121437241,0.0028952640545865786,0.9304718220543865,4,4
0.01319815780899931,0.0419339006810984,0.004206550996223754,0.0026095826636149295,0.9380518078500635,4,4
0.013861687148731705,0.04255914099085847,0.004358749743432869,0.0027057168585493396,0.9365147052584275,4,4
0.013404388602752225,0.042647341513862035,0.004250274988026568,0.0026398987047751266,0.937058096190584,4,4
0.013302009089817855,0.040624097061553004,0.004235737644796467,0.002611106074570503,0.9392270501292622,4,4
0.016467621128058645,0.04384778155158471,0.004859947385251231,0.0029893017442963526,0.931835348190809,4,4
0.011603084751553363,0.03808391118236551,0.003879766520930505,0.002388710660915387,0.9440445268842352,4,4
0.012734102355643729,0.04096673685182349,0.004112409703491823,0.002547386590235262,0.9396393644988057,4,4
0.01131313826132435,0.037689227026232675,0.003816745263174214,0.0023500523163221335,0.9448308371329466,4,4
0.2856082289160644,0.3997123997181533,0.04140175817197281,0.032877534231975133,0.24040007896183443,3,1
0.05034287784325731,0.08463398608452227,0.01004009542947677,0.006387659843346135,0.8485953807993974,4,4
0.012734431763513777,0.04096800874951716,0.004112508365798849,0.0025474496369390642,0.9396376014842313,4,4
0.01147614093179717,0.03757136451441073,0.003853643102360016,0.0023689072651416738,0.9447299441862904,4,4
0.012884478663133213,0.04094486496627247,0.004148340714527215,0.0025686076973006756,0.9394537079587665,4,4
0.02551494225917637,0.05529474447120546,0.006513009119399453,0.00402233814812461,0.9086549660020942,4,4
0.010641468643194006,0.03643563471288617,0.003670301861193767,0.0022566702302947916,0.9469959245524313,4,4
0.011566357653544473,0.03871834255037958,0.0038688168136431053,0.0023894367211106313,0.9434570462613222,4,4
0.015287432480831684,0.04257622997866771,0.0046339155290154475,0.0028509124805631285,0.934651509530922,4,4
0.013854613723299148,0.04231434658658253,0.004349969672805442,0.002696176668097492,0.9367848933492153,4,4
0.19817437958446238,0.5650488706858303,0.0322360510914795,0.022625100196494292,0.18191559844173344,1,1
0.0202099455044378,0.05468288077619687,0.0055290912173621065,0.003472790994976988,0.9161052915070264,4,4
0.01223350086500036,0.0392966757702423,0.004032159421639204,0.002493599118843531,0.9419440648242747,4,4
0.015020540843296943,0.04354359812748782,0.0046662656159937085,0.002847897282895695,0.9339216981303258,4,4
0.1612233307717245,0.5794700496309175,0.0297188002859563,0.020964156589110636,0.20862366272229121,1,1
0.45615510438136997,0.3370967155546094,0.04065030215978788,0.020482935581897316,0.14561494232233532,1,0
0.027993761472794778,0.06760670992887077,0.0067802693874034975,0.004315611035686639,0.8933036481752443,4,4
0.016525766590412855,0.04489200164982938,0.004912327026883158,0.0030122869687440688,0.9306576177641305,4,4
0.012643728342471282,0.039777031699401375,0.0040987312927647105,0.0025269180966570586,0.9409535905687055,4,4
0.15915762893810076,0.4521702166443323,0.02922344817572005,0.019962625966911455,0.3394860802749354,1,1
0.022802814072403685,0.05320213757229732,0.006208813374813767,0.003747825896859157,0.914038409083626,4,4
0.17651610523368957,0.5355796144754695,0.031055639242504957,0.02154865081490208,0.23529999023343373,1,1
0.020895820403204722,0.04780636159171835,0.0056643097055146694,0.003476319971019872,0.9221571883285424,4,4
0.018645229919833476,0.046344898380376996,0.0052969025045935475,0.0032501246183349974,0.9264628445768609,4,4
0.24558484291875365,0.5500308271136017,0.03453635676446535,0.024260374499825998,0.1455875987033532,1,1
0.24330633393545775,0.5437307505381108,0.03376159233321644,0.0222687490672384,0.15693257412597647,1,1
0.5548976662573484,0.3081106161041888,0.03834481772159929,0.01981993999201523,0.07882695992484828,2,0
0.2783755504338195,0.5497202112870995,0.03478351683499582,0.024144002405687832,0.11297671903839736,1,1
0.23868490675846904,0.5610988774261425,0.03373756088271985,0.023849946060183938,0.14262870887248483,1,1
0.2106556423496441,0.5694856325471611,0.032701496022153706,0.02306756808400383,0.16408966099703712,1,1
0.01776018822597078,0.046194126473174744,0.005104156522314433,0.0031496093355653796,0.9277919194429748,4,4
0.27052607650383265,0.5516360038979289,0.03434166074180688,0.024316264820184813,0.11917999403624681,2,1
0.2100960577484567,0.5656608555925988,0.03281605795202031,0.023070815643503547,0.16835621306342052,1,1
0.17292963273994233,0.566072346124235,0.031171395287328055,0.02171965706092267,0.20810696878757193,1,1
0.30659864014196725,0.5484420783170171,0.03293569245146836,0.02346587016772537,0.08855771892182199,1,1
0.24176500064899956,0.5516651329303791,0.0346151632453129,0.024194053168791554,0.14776065000651695,1,1
0.07247050767144478,0.21472229134051954,0.016920853023704822,0.01108624654070761,0.6848001014236232,1,4
0.2485977892552476,0.5735804928204443,0.0324859331637576,0.023359413583995403,0.12197637117655516,1,1
0.22653829196841,0.5599646999148189,0.03409884763667451,0.023647223885833856,0.1557509365942628,1,1
0.2620304656490812,0.5587829064938631,0.03377366812170872,0.02409366717544938,0.12131929255989755,1,1
0.5395327506169252,0.32520176852410304,0.03695793228117767,0.01908770247830519,0.07921984609948891,0,0
0.6060531332887992,0.2885914692032946,0.034720952579070666,0.018120493072101593,0.052513951856733854,1,0
0.5011784037508389,0.36838946906056264,0.036171627016399935,0.0207265410855363,0.07353395908666219,0,0
0.5582360200304473,0.34518652151320656,0.03605322994258253,0.030210227259207096,0.03031400125455664,0,0
0.007371073173934695,0.03196143634074822,0.0024308062659550416,0.0007603558754979167,0.9574763283438641,4,4
0.10069082964699809,0.6157099305146789,0.05943277487286241,0.014733750889280282,0.2094327140761804,4,1
0.0032071476396159874,0.025727892043402933,0.0014864937658839613,0.00042532405769913224,0.969153142493398,4,4
0.00411104748448803,0.02589731920005003,0.001663555985380313,0.0004987505956386786,0.967829326734443,4,4
0.00601291374765653,0.028094866497932504,0.0019940608590801974,0.0006396980007312259,0.9632584608945997,4,4
0.003707896576392901,0.02625556299547626,0.0015907057476670366,0.0004673297999888461,0.967978504880475,4,4
0.007510968182006363,0.0396924966895116,0.002843238994361094,0.0008162805872109876,0.94913701554691,4,4
0.6154459490362326,0.3028905540094372,0.0318378292486922,0.028758081889626502,0.021067585816011515,1,0
0.003206764524055537,0.025724617284015667,0.0014862234168804649,0.0004252675913967806,0.9691571271836517,4,4
0.003685551054616419,0.027004950222247057,0.0015924000544077816,0.00046661187871106905,0.9672504867900178,4,4
0.003206642050349714,0.02572235095840223,0.001486139183972188,0.00042523778816231235,0.9691596300191136,4,4
0.0039165584029819175,0.025712743142771603,0.0016261657245684933,0.00048319703485271776,0.9682613356948252,4,4
0.007739991720782228,0.03460453910727182,0.0022955370370519356,0.0007643292835770641,0.954595602851317,4,4
0.004110206678505659,0.025883134219332388,0.0016630653481136998,0.0004985397838702167,0.9678450539701781,4,4
0.010867138058463567,0.04424457630020767,0.0027566291024198777,0.0009669470579894109,0.9411647094809196,4,4
0.006910829036064304,0.03431628506894637,0.002217548859924929,0.0007235081039560784,0.9558318289311083,4,4
0.0038447542197869236,0.027963171099246533,0.0016304878564638752,0.00048073789975945766,0.9660808489247431,4,4
0.6743864802885728,0.25186563347491725,0.029771960936353196,0.027907786341886336,0.016068138958270473,0,0
0.005267189703701553,0.026047046450273417,0.001860678394543419,0.000584453804117113,0.9662406316473645,4,4
0.005171269896378893,0.028328769564921422,0.0018660041205032648,0.0005815373647323842,0.9640524190534642,4,4
0.007947913118820765,0.032939822590109566,0.002354936713202693,0.0007829640023992257,0.9559743635754677,4,4
0.007840380402100982,0.03342372809623001,0.002332406772097515,0.000772514138244495,0.9556309705913271,4,4
0.0122244987204416,0.04465620340612024,0.0029402223940842463,0.001054704703078775,0.9391243707762751,4,4
0.2704542274652957,0.570448419565844,0.0266471871997346,0.02828802764073363,0.104162138128392,1,1
0.004313678260771251,0.026059853526916206,0.0017009865544708124,0.0005144400550879313,0.9674110416027538,4,4
0.003345569465444918,0.026639313433719246,0.0015219029286098198,0.00043817721290508385,0.9680550369593208,4,4
0.0038447851221911204,0.02796354888398805,0.001630519675891345,0.00048074255828713943,0.9660804037596424,4,4
0.15321795096494567,0.5888326450298407,0.02845400258390774,0.024377274316196542,0.20511812710510927,1,1
0.644729186959819,0.25268492384849467,0.0366461225534239,0.03283269285566237,0.03310707378260011,1,0
0.622534398308457,0.2863917305417752,0.035122565031775285,0.02975625154266646,0.026195054575325952,0,0
0.015174947940875823,0.037626824242760065,0.003413669748391656,0.0012309508481515132,0.9425536072198208,4,4
0.395992652322913,0.375463835196122,0.17528184225811683,0.0201508899845838,0.03311078023826462,2,0
0.004035926367917877,0.02815912689055743,0.0016681228630663584,0.0004961824593405869,0.9656406414191178,4,4
0.00384517736214309,0.02796724028856413,0.0016307183543236231,0.00048080989347749583,0.9660760541014918,4,4
0.1531526434083216,0.18812399610009584,0.02160434270701256,0.009587263716714188,0.627531754067856,0,4
0.11276202115219708,0.12067861880616793,0.013642678265557021,0.006049449082527765,0.7468672326935502,3,4
0.006045016006614707,0.034419318372326806,0.0020536247570704987,0.0006525812155635931,0.9568294596484244,4,4
0.4363793807693008,0.45177539778460013,0.033239805445728195,0.03114364223137974,0.04746177376899104,2,1
0.007368968744703259,0.036400328713529016,0.0023018117918933143,0.0007504558172443721,0.95317843493263,4,4
0.004878235989663317,0.029858995452134673,0.0018334555949935587,0.0005635192002544968,0.962865793762954,4,4
0.24271191250084093,0.3711844556786919,0.02977879594937977,0.018767319573357213,0.3375575162977303,0,1
0.23090354955828576,0.5868833454227542,0.02577367281566202,0.02410452299089072,0.13233490921240723,1,1
0.1661613396688179,0.5962542817750024,0.02722205983106559,0.024327527794755898,0.18603479093035835,1,1
0.004838120955577158,0.02652432758749254,0.0018287195255748373,0.0005559408484913552,0.966252891082864,4,4
0.0039433473294386975,0.025553767590320374,0.0016541049814129706,0.0004877345787479385,0.96836104552008,4,4
0.22339280073473614,0.5640225264530182,0.029873167284752044,0.02834880440864165,0.15436270111885197,1,1
0.22012416188475523,0.5699074804976301,0.030849344587620176,0.027624811699173305,0.15149420133082114,1,1
0.2636548932550027,0.5659874507602481,0.03777763038599855,0.02816862470908758,0.10441140088966303,1,1
0.003097757391979647,0.024713715012189354,0.001478434772799595,0.0004170787334299888,0.9702930140896014,4,4
0.23562953608648984,0.545451154626022,0.031045612326700327,0.029795371219062883,0.15807832574172495,1,1
0.0037512230841694754,0.026554835513949583,0.0016078662410934316,0.0004702525002663443,0.967615822660521,4,4
0.003940498177449672,0.02500715743435736,0.001624556979672537,0.00048404596381042514,0.96894374144471,4,4
0.005982302429983589,0.030120087900836826,0.0020180593810314677,0.0006451156497401996,0.9612344346384079,4,4
0.00413487700097173,0.025165834265364687,0.0016611749613614944,0.0004993034233265528,0.9685388103489755,4,4
0.251137411617942,0.5592215278360749,0.03020498174294242,0.029230800104773746,0.13020527869826687,1,1
0.4159904159653913,0.42754505774427587,0.05097707283359619,0.03420413938200293,0.07128331407473365,0,1
0.005294511073028702,0.03189244159228422,0.001915438834548778,0.0005959496222908317,0.9603016588778475,4,4
0.003083495276101844,0.02584048888268819,0.0014700045479121605,0.00041711900979144394,0.9691888922835062,4,4
0.019542972882872288,0.05499891504274632,0.003676575946411744,0.0014272435699099414,0.9203542925580597,4,4
0.004329050134432998,0.029192883388530853,0.0017945751653977151,0.0005252803301745921,0.9641582109814638,4,4
0.0035896392394711594,0.02746518445395406,0.001699275633729473,0.00047187277255194963,0.9667740279002933,4,4
0.007976241697740073,0.037902457244587094,0.0023556697930238735,0.0007850904824112252,0.9509805407822378,4,4
0.0069426558160543906,0.03611069765388703,0.002198841742464887,0.0007156062048500487,0.9540321985827436,4,4
0.008361817806090879,0.03810730460205758,0.0024061407261213898,0.0008089738174592623,0.9503157630482709,4,4
0.007931582213906793,0.030919566634890754,0.002286061333874484,0.0007690915277400566,0.9580936982895878,4,4
0.005426171933676137,0.028509062544625197,0.001908062346717943,0.0005998668952136978,0.9635568362797671,4,4
0.004524969884067997,0.027773213894133942,0.0017853250325821977,0.0005376864693311893,0.9653788047198846,4,4
0.00831761343020841,0.0392357329309873,0.002411182484530539,0.0008086345802765203,0.9492268365739973,4,4
0.005594291048012976,0.031244846604067667,0.001958827137029768,0.000616454981976753,0.9605855802289128,4,4
0.005057582121919581,0.028517441895993673,0.001875558468715924,0.0005842813860468504,0.9639651361273239,4,4
0.006103235396939084,0.027804395892603584,0.0020671408707568706,0.0006529482228003151,0.9633722796169001,4,4
0.006048542402529653,0.02901426242064036,0.0020457360030572383,0.0006502884202887479,0.9622411707534839,4,4
0.003575737010485426,0.024651832862452996,0.0015518549666675896,0.0004542863836179848,0.9697662887767761,4,4
0.2500209878258316,0.5487013312902653,0.027131163393978232,0.027387041529381564,0.14675947596054328,1,1
0.016244950400267744,0.036757853218597286,0.003242741118425435,0.0012421048624552751,0.9425123504002542,4,4
0.23304024793540096,0.5840769941448638,0.02849249155001018,0.02366121698100063,0.13072904938872454,4,1
0.3793132960556863,0.37856424894731733,0.03168839314409665,0.022221699728674278,0.18821236212422537,4,0
0.005771315670974231,0.027749525271678076,0.0019845089874534795,0.0006261208944992526,0.9638685291753951,4,4
0.43580323838585094,0.4369157019250469,0.036899802982240465,0.027764472763420017,0.06261678394344176,0,1
0.003923442695251306,0.027863335508086413,0.0017021707823285136,0.0004941678007446299,0.966016883213589,4,4
0.004418315133112312,0.029353252192521037,0.0017468520196993816,0.0005274430965931385,0.9639541375580741,4,4
0.014878186317526115,0.050163912641252535,0.0032192647876653825,0.0011915662405920144,0.9305470700129639,4,4
0.4831621247027779,0.35857743263628034,0.04885002766397376,0.028884269184689136,0.08052614581227885,0,0
0.003073723155068037,0.02484240894311107,0.0014514099059209419,0.0004127505840911198,0.9702197074118089,4,4
0.005335181261886515,0.031718343959267335,0.00195043885966824,0.0006020978151634286,0.9603939381040145,4,4
0.0034368209034132445,0.02568801106157863,0.0015627459340309614,0.0004394235045324611,0.9688729985964447,4,4
0.005017186706872681,0.025855763779153527,0.0018183563318074714,0.0005661076249515066,0.9667425855572148,4,4
0.0030734188193133507,0.024837292629654863,0.0014512065209746196,0.00041267977506771297,0.9702254022549894,4,4
0.2670410995796896,0.49570649535662104,0.04085941331273858,0.025921118577669863,0.17047187317328089,4,1
0.595104463361515,0.29989907520297526,0.03887456882383073,0.030978292941685043,0.03514359966999403,0,0
0.11889789013274576,0.32924018859857224,0.018437850367736538,0.011758542767134388,0.521665528133811,1,4
0.0025508979945719564,0.02354799274084421,0.0013266775729951542,0.0003651414432106882,0.9722092902483779,4,4
0.34844479095056297,0.48929087074037203,0.03866736376862909,0.03122140551161895,0.09237556902881691,1,1
0.0037490540993278462,0.027356639473189986,0.001684196667311293,0.0004807642122356802,0.9667293455479352,4,4
0.6427275547270513,0.28044246798703176,0.02841462583636288,0.027988944009376262,0.02042640744017792,0,0
0.007019323497768411,0.035332849296839754,0.002210443716074782,0.0007214426498747304,0.9547159408394423,4,4
0.00511153664263864,0.02999053837896505,0.0018712523995551196,0.0005801606179562069,0.962446511960885,4,4
0.5080776878055786,0.35046880691410104,0.046951310439322574,0.034527054286079925,0.05997514055491795,0,0
0.003581039215356289,0.024713781616818444,0.001555320598637358,0.0004552789942597476,0.9696945795749282,4,4
0.2875763083051978,0.5463054264697733,0.027185396883902372,0.02979870270999303,0.1091341656311335,1,1
0.5376326895363603,0.3618405730425064,0.03817255044788492,0.029584136730964723,0.0327700502422836,0,0
0.33769653651748677,0.5058269738666372,0.03011692063606021,0.03106340838292248,0.09529616059689337,1,1
0.0033453954050833737,0.026637465527600133,0.0015218064162414453,0.0004381455988559462,0.9680571870522191,4,4
0.0040106993332682675,0.028955052745288853,0.001669450883417464,0.0004952801625945287,0.9648695168754309,4,4
0.003773312138055066,0.025809165953187423,0.0016057516481134985,0.0004708429229226951,0.9683409273377214,4,4
0.004611054774934945,0.03041155733013906,0.0017896247116455403,0.0005437301020498531,0.9626440330812306,4,4
0.009530894366299947,0.041051380979902706,0.002574697804857434,0.0008841897232868872,0.945958837125653,4,4
0.002789601427049156,0.02449800081052284,0.0013867975585965698,0.00038748653745305866,0.9709381136663784,4,4
0.435935130098084,0.42272686516339647,0.03485083006806244,0.03353232996777081,0.07295484470268637,1,0
0.18489246325118164,0.5967408184279898,0.02665753003783234,0.02544483333199663,0.16626435495099956,1,1
0.0026735092127509207,0.0236534006372205,0.0013540950539296121,0.0003760161354045233,0.9719429789606945,4,4
0.3920399649796157,0.4541075100013505,0.028827290101357955,0.033764941466037,0.09126029345163893,1,1
0.005294260826329885,0.027071687849560835,0.0018815505615497805,0.0005867674747535199,0.9651657332878059,4,4
0.0040848570688694795,0.026617938309736588,0.0016644960953788894,0.0004976919153793281,0.9671350166106356,4,4
0.005304007863446423,0.02640528810936057,0.0018795739531194218,0.0005912403807625204,0.965819889693311,4,4
0.006395101906357751,0.02989932060338736,0.002087137073894702,0.0006720996472110237,0.9609463407691492,4,4
0.002673449639929659,0.02365239047821236,0.0013540536952650539,0.0003760022266651478,0.9719441039599278,4,4
0.006044289993975528,0.03441483330385942,0.002053219451489832,0.0006524981023988441,0.9568351591482763,4,4
0.1772981793689978,0.5741606107502091,0.027737999555430135,0.025511586398130996,0.19529162392723193,1,1
0.00455431354137787,0.025503300333175893,0.0017377485515307747,0.0005315687060423502,0.9676730688678731,4,4
0.003054939030321746,0.025546210625864724,0.001452756917889864,0.0004120471645289741,0.9695340462613947,4,4
0.4851169069485398,0.30328326623629775,0.07150959757253401,0.020596781135046923,0.11949344810758158,3,0
0.002673433682697819,0.023651929561989585,0.001354048405831234,0.0003759964070837625,0.9719445919423975,4,4
0.0030928900787293863,0.024162797836404796,0.0014502535847428462,0.0004135225460823193,0.9708805359540407,4,4
0.002945738203695397,0.023982914336651385,0.001417105279631024,0.00040049918131006957,0.9712537429987121,4,4
0.0030920443425282427,0.024149006047165918,0.0014496898645744414,0.0004133264382899139,0.9708959333074415,4,4
0.0030919668014284087,0.02414777735522265,0.0014496374099634943,0.00041330887681731416,0.9708973095565681,4,4
0.003607270916627943,0.025863786147669605,0.0015985467279823083,0.00045346192418750154,0.9684769342835327,4,4
0.0030733168197434107,0.0248357626115657,0.0014511347239242248,0.00041265814624049247,0.970227127698526,4,4
0.0030918742289357285,0.02414643307561806,0.0014495729587772226,0.0004132893378517847,0.9708988303988172,4,4
0.0035115138354991646,0.02682274950483541,0.0015567956878697014,0.0004521866910406603,0.967656754280755,4,4
0.1861591404137107,0.6395602430502356,0.024088921350552177,0.023899796356996985,0.12629189882850453,1,1
0.002806369209068175,0.023818115876275785,0.0013852775647281799,0.0003880721728330169,0.9716021651770947,4,4
0.282349648496683,0.5462100698224422,0.027702301362851175,0.030036653464432374,0.11370132685359127,1,1
0.16505760524625843,0.5845303506803486,0.029019075492743185,0.02513632377713934,0.19625664480351043,1,1
0.004812507375635826,0.027323119328458923,0.0018326080105317431,0.0005557922053556539,0.9654759730800178,4,4
0.003920651199667402,0.025767984755567064,0.0016285784937970424,0.00048406749657799425,0.9681987180543904,4,4
0.014993009918630834,0.03823436587673289,0.0032269822122677036,0.001206835677436045,0.9423388063149325,4,4
0.0055319011014284365,0.026259986132079135,0.0019051311737984789,0.0006037905502468918,0.9656991910424472,4,4
0.0069974171902884245,0.027915009656912803,0.0021336275045192336,0.0007047581651788483,0.9622491874831007,4,4
0.2130185049399064,0.5981524601461484,0.029378289235077452,0.026918671455128003,0.13253207422373983,1,1
0.004089235510854538,0.027217151363256125,0.0016956296858846222,0.0005017660688833324,0.9664962173711213,4,4
0.31803618931596694,0.5200509388427914,0.03831538225779866,0.030591559137779605,0.09300593044566326,0,1
0.007857617531126663,0.03717023138020896,0.002548572413850796,0.0008010323827627799,0.9516225462920508,4,4
0.0038920668371761956,0.02643900795025326,0.0016273324675689573,0.00048231806465888743,0.9675592746803428,4,4
0.1986453745683438,0.5672181880928979,0.03042052497776756,0.027265677695342445,0.1764502346656483,1,1
0.008517450383552706,0.03467864973796573,0.0027365334808107274,0.0008519168405176518,0.9532154495571532,4,4
0.1766273627335185,0.5452206812069131,0.029700698828876337,0.024970369048742808,0.2234808881819492,1,1
0.29031164854416636,0.5448912271152446,0.03284163459894005,0.02992411799684855,0.10203137174480047,1,1
0.22529508127082382,0.557038190281009,0.03631413385659588,0.02768576161578764,0.1536668329757836,1,1
0.010325211863961277,0.03215934481939462,0.0027482742827562934,0.0009342913576251671,0.9538328776762627,4,4
0.2872844115240143,0.4491452735080055,0.03739196968431327,0.023498592173384635,0.20267975311028233,0,1
0.013570608613347815,0.048026512618656786,0.0032296739854644875,0.0011705780465774117,0.9340026267359536,4,4
0.010955183347975633,0.0421394103183472,0.0028244841817278185,0.0009529331163957783,0.9431279890355535,4,4
0.022475796823369584,0.04161401031959621,0.004164106002899791,0.0017093161044478037,0.9300367707496867,4,4
0.6134930874854299,0.2818111238066299,0.045076499846439265,0.03261775463851984,0.027001534222981034,2,0
0.7505296171903276,0.19097577081575048,0.026218501632143638,0.02464269182069764,0.007633418541080544,0,0
0.3262015458732078,0.47201304394271404,0.034779529701232506,0.03529324220235538,0.1317126382804904,1,1
0.3413584135821355,0.5005901612722948,0.028874055564928745,0.03211736169303159,0.09706000788760942,1,1
0.1810805444526299,0.5574109460864903,0.027950794466154078,0.02589598959011441,0.20766172540461125,1,1
0.2529714016965518,0.489551200876765,0.0316232628075664,0.03194441158514538,0.19390972303397133,1,1
0.5303675615683133,0.38184648143898575,0.0335593211944127,0.02795160499266468,0.026275030805623482,0,0
0.7142669731418723,0.2286992112991069,0.02369966513472554,0.024362265837734005,0.008971884586561275,0,0
0.2564013140103002,0.385442515197831,0.296115948021288,0.014996978658723977,0.04704324411185669,0,1
0.06743059777575755,0.12504235623954127,0.00980863368101,0.004306636581782906,0.7934117757219084,4,4
0.04981567699991751,0.10007398543142933,0.00733686890787696,0.0031576019576832425,0.839615866703093,0,4
0.16229693535303608,0.5805927698904529,0.02903945149138571,0.024409190820157876,0.20366165244496748,1,1
0.36338101395879885,0.5044466434356292,0.03191679667163549,0.03162145014826627,0.06863409578567028,1,1
0.24215909299617533,0.5642394805481813,0.033153107310778626,0.028013120025204768,0.13243519911966012,0,1
0.5946547906380408,0.33013170747056353,0.027973628272829024,0.02637024476407727,0.020869628854489335,1,0
0.5307744265994901,0.3662946269339865,0.03600857480587985,0.028923758864276564,0.037998612796366946,0,0
0.13319895575605134,0.18215919897260838,0.01698915232562526,0.008656973860414767,0.6589957190853003,1,4
0.003944407879598602,0.031241872806854674,0.0013787027552333347,0.0001546649723198052,0.9632803515859936,4,4
0.0030242720583429808,0.024163798915294993,0.001191485427396407,0.00013381839254653901,0.9714866252064192,4,4
0.0022875887155347336,0.020994721394205978,0.0009964548245581758,9.785159148095469e-05,0.9756233834742201,4,4
0.4121532397778243,0.4806498299872026,0.03394840412274149,0.022228681757220117,0.05101984435501151,1,1
0.21206235233898116,0.611773047201681,0.10615685410142016,0.011039550775486894,0.05896819558243081,2,1
0.012071813499974849,0.033470564917714114,0.0027821584435110285,0.0005010828958489193,0.9511743802429512,4,4
0.002942495977948616,0.019589269340190327,0.001227388458648347,0.00012270198539483378,0.976118144237818,4,4
0.21624441032217184,0.5194129359371975,0.03727079335939071,0.016181104209165086,0.2108907561720748,1,1
0.30205425241108086,0.5802287989033386,0.027921912519927462,0.020416437315990812,0.0693785988496623,0,1
0.005243866262979612,0.021635587624196383,0.0017802083615636865,0.00021232084595319527,0.9711280169053071,4,4
0.004450342721688971,0.03164010025457002,0.001506884347989358,0.00017276657405430778,0.9622299061016972,4,4
0.1664722711227945,0.15409077922903175,0.019056670927135207,0.005054347874695322,0.6553259308463432,4,4
0.001578723628081539,0.0171812332072057,0.0007860291419353223,6.963281238391079e-05,0.9803843812103935,4,4
0.0030014656639768093,0.026802019410195818,0.001159822721878045,0.00012165641628921621,0.9689150357876603,4,4
0.006666283247548529,0.024231991083448003,0.002180820303022103,0.00025716414290512024,0.9666637412230762,4,4
0.005652384929648442,0.025339653589466243,0.0019036865269459874,0.0002198465238039165,0.9668844284301353,4,4
0.1172970140411981,0.10983361704447882,0.014908454237712877,0.003531280982538856,0.7544296336940713,1,4
0.6508995257780551,0.2519959244043706,0.04113616546462928,0.02500982177384164,0.03095856257910342,0,0
0.002281841564718258,0.022971112176148917,0.0009748089643847576,9.560535019794863e-05,0.9736766319445502,4,4
0.0034411753708093623,0.028939150623887917,0.0012646655421102357,0.00013718453094521482,0.9662178239322473,4,4
0.0076568302923268146,0.04285160467691885,0.002121939357605262,0.000278314930575024,0.947091310742574,4,4
0.3380894369957533,0.5362611686938005,0.09231740302658337,0.014165119187180938,0.01916687209668193,2,1
0.003959803323213188,0.02449782441574259,0.0013411331650967809,0.0001572680713647294,0.9700439710245827,4,4
0.5733717656611248,0.3265296267400411,0.04043780043927498,0.022700294048527404,0.03696051311103161,0,0
0.1764256401174504,0.7101166453795915,0.025316662558941223,0.01274535262882342,0.07539569931519349,1,1
0.3733866840429865,0.3430902053028664,0.04467894142376526,0.016082371683641756,0.22276179754674005,0,0
0.004189947763370491,0.0314434385374636,0.0014414864309557907,0.0001634808636609277,0.9627616464045492,4,4
0.017251802894896348,0.0706673481155791,0.003472839904693815,0.0005637999069628755,0.908044209177868,4,4
0.3014668024085786,0.5294607333856162,0.04250342090987587,0.018139178724946164,0.10842986457098333,0,1
0.002271568493920645,0.01788376548647758,0.0010283053017695505,9.724955683138686e-05,0.9787191111610009,4,4
0.004525257914255673,0.024094675113179316,0.0016259624056437546,0.00018213045018573187,0.9695719741167356,4,4
0.00923113412575889,0.024298452748396978,0.0026698227347619397,0.00034592845456005367,0.9634546619365222,4,4
0.0036000622695773954,0.02477866314506114,0.0013513755414791477,0.00016114753242110234,0.9701087515114613,4,4
0.004450528029939087,0.031642780437635604,0.0015069958502432097,0.00017277892574768354,0.9622269167564345,4,4
0.007119504070733823,0.03368887701146187,0.0021304276969864575,0.0003076919156265894,0.9567534993051914,4,4
0.0059727036609453065,0.027660194833586494,0.001940759540668249,0.0002485745277900951,0.9641777674370099,4,4
0.005245169846501174,0.030346044374214207,0.001648034536863407,0.0002035750645408283,0.9625571761778804,4,4
0.12419086650563257,0.16481023893857324,0.014984910376036834,0.010963220567856934,0.6850507636119004,2,4
0.0051548236383951885,0.02225269727166201,0.0014560695877451676,0.00020678320015938526,0.9709296263020383,4,4
0.22230204679627566,0.21800234566370208,0.022614960372451788,0.008789088607514574,0.5282915585600559,4,4
0.17587548287268395,0.4412337126290458,0.023914332635650914,0.010042459582727419,0.34893401227989185,4,1
0.014814414852390469,0.04594626228237743,0.0034030344098634423,0.0005284714529355594,0.9353078170024332,4,4
0.038872879228166304,0.45764225189639707,0.011557064521680298,0.002975176367978884,0.48895262798577754,0,4
0.005012962670236016,0.025074917771115982,0.0017435227029209432,0.00019706040631876684,0.9679715364494084,4,4
0.002769455876840687,0.019457601470636365,0.0011736106896308297,0.00011604237472575562,0.9764832895881664,4,4
0.016048097006622856,0.06611385823986547,0.003342668700911907,0.0005304657011685296,0.9139649103514312,4,4
0.003289973708836156,0.021845282029244337,0.0013030782115065241,0.00013660603400598645,0.9734250600164069,4,4
0.01004625769501148,0.050037037699016455,0.002524479354704973,0.0003539543009433247,0.9370382709503237,4,4
0.008801008637858711,0.04229992069787649,0.002365657966401304,0.0003212020071716975,0.9462122106906918,4,4
0.644008656370059,0.25843619705877563,0.04271462546625572,0.02509181375166781,0.029748707353241758,0,0
0.0016050209026138387,0.01832682607372897,0.0007845418661934573,7.032837030622642e-05,0.9792132827871575,4,4
0.004451066069985211,0.031651386277986596,0.0015073698155003486,0.00017281643655771666,0.9622173613999702,4,4
0.009011092983711602,0.025034152421075383,0.0027246778130222125,0.0003392289426058563,0.962890847839585,4,4
0.3076211717780231,0.4472392722763208,0.0435647213983149,0.014772780268592285,0.18680205427874874,0,1
0.0026926565053334004,0.021975341615488666,0.0011172622291443942,0.00011188541081861116,0.9741028542392148,4,4
0.0027804706612603127,0.02497526627232191,0.001111874064269012,0.00011400827003490486,0.9710183807321138,4,4
0.30850239586105227,0.47422981093546707,0.043966850269237724,0.01530529059702297,0.15799565233722002,0,1
0.4839385454412056,0.29111076707772876,0.0657658313919235,0.024848189680170975,0.1343366664089712,0,0
0.4676517304879003,0.41162737702566404,0.03615326798500776,0.020009543231091498,0.06455808127033644,0,0
0.3928928740849299,0.3453539424920339,0.03759839325234462,0.01660091288635246,0.2075538772843392,1,0
0.0033871971422355213,0.02714926147612,0.001267948625139841,0.00013592595955427735,0.9680596667969503,4,4
0.3657114737610033,0.4792619524999925,0.03612128745186332,0.014331651457610556,0.10457363482953039,4,1
0.0020455731156026036,0.018823097614838386,0.0009383950267285347,8.786689358948217e-05,0.9781050673492411,4,4
0.40595514696995044,0.3261673798341174,0.05228136177504397,0.020717559452221337,0.19487855196866696,4,0
0.0034303124096970675,0.022561501515647446,0.0013358683650173601,0.00013973338218998418,0.9725325843274483,4,4
0.10598159502538874,0.7027823156097391,0.02317709618040783,0.007683967706770533,0.16037502547769375,1,1
0.15200982484914488,0.6112701939445672,0.03234692682505107,0.010857980164650569,0.1935150742165863,1,1
0.002424481724219019,0.023127463827886746,0.0010195032482224566,0.00010108890384020577,0.9733274622958316,4,4
0.19668738797251584,0.6525861044512388,0.027852914103753283,0.014212877368740119,0.1086607161037519,1,1
0.1260210150509916,0.5762059412632753,0.02842185098954628,0.00932349557857478,0.260027697117612,1,1
0.002118919348225588,0.02160551512931861,0.0009386312085277514,9.005947786585196e-05,0.9752468748360622,4,4
0.0046965187682254305,0.01935140954580838,0.0017576465599139837,0.00018942859445172496,0.9740049965316004,4,4
0.273256652082327,0.5646653897212663,0.04005644526734417,0.017572604749207202,0.10444890817985523,1,1
0.001398289707460276,0.01695218664847767,0.0007186177558811157,6.229167740877059e-05,0.9808686142107722,4,4
0.0013159374981673037,0.016838025565501333,0.0006871037161676806,5.891540992192239e-05,0.9811000178102418,4,4
0.009166474559834116,0.0268027922540848,0.002723466955250143,0.00034328523294152455,0.9609639809978894,4,4
0.25754114144320256,0.528774814153175,0.0387964899420462,0.018871487183953418,0.15601606727762282,1,1
0.003188755155944763,0.02697923581020367,0.0012128478031100732,0.00012861235483882145,0.9684905488759027,4,4
0.0037019690566363625,0.02717661126636465,0.0013766845623465983,0.00015084334196969248,0.9675938917726826,4,4
0.4209746577203877,0.39499405025553086,0.055074564321880945,0.019904682370284657,0.10905204533191605,0,0
0.0026493999757201863,0.020609875721323664,0.0011197966935797925,0.00011082302080155593,0.9755101045885748,4,4
0.0029423071527038885,0.019585382820600607,0.0012272286800170372,0.0001226715718688157,0.9761224097748097,4,4
0.023664067396447934,0.07851799238294527,0.0043566279427465675,0.0007548121613095136,0.8927065001165507,4,4
0.21777900458727875,0.5288339060005364,0.03803237705153521,0.01634859368897439,0.19900611867167525,1,1
0.21016878323731567,0.603215645265734,0.029760359994556545,0.014864549694952522,0.14199066180744138,1,1
0.35609179599698815,0.4922228284579401,0.03601370317903164,0.021352665021550216,0.09431900734449,1,1
0.0036019903733190135,0.021275803932888526,0.001284107612537475,0.00014541626896279316,0.9736926818122923,4,4
0.0050250424165330975,0.03210113938512506,0.001649378965450945,0.00019326938295392008,0.961031169849937,4,4
0.0025706893522275515,0.01828663532486446,0.001129330467150871,0.00010923767051276742,0.9779041071852442,4,4
0.07605161941770375,0.11251825392425083,0.009214236660157835,0.002287768940726038,0.7999281210571616,4,4
0.002724476240014339,0.018244452159578112,0.0011760401803373745,0.00011491511967106423,0.9777401163003991,4,4
0.21566240168069772,0.5480535160174271,0.04340279425524902,0.016715143750818187,0.17616614429580799,1,1
0.0030774580596741037,0.01853199579445769,0.001287587312205477,0.00012860183530737218,0.9769743569983552,4,4
0.6263445930636939,0.2917084786817361,0.035461504588745384,0.026454752624233194,0.020030671041591435,0,0
0.00388508958820942,0.029348242538167195,0.001383744782938053,0.00015341907370261616,0.9652295040169827,4,4
0.003387533374953708,0.027155449921240044,0.0012681716033891416,0.00013594911874604027,0.968052895981671,4,4
0.005415706860958334,0.034356861362201084,0.0017165520682310496,0.00020575851222075637,0.9583051211963889,4,4
0.009431765088068393,0.04939251963224662,0.0024012856853485366,0.0003331487220319519,0.9384412808723046,4,4
0.0036558655204961023,0.029132039297882335,0.00132250617197208,0.00014502920930402818,0.9657445598003453,4,4
0.0026176041846537657,0.024822661210852894,0.0010636196828140852,0.00010787995794892293,0.9713882349637303,4,4
0.4877201659683053,0.43690393483339585,0.02968976839984181,0.023599314612726557,0.022086816185730513,0,0
0.004493818041495956,0.020505758159933003,0.001677481137220686,0.0001809589904580459,0.9731419836708922,4,4
0.0017052430783767094,0.018446918992067046,0.0008203629942568118,7.434800472896622e-05,0.9789531269305703,4,4
0.002736383700311853,0.023429553322800886,0.0011146551758753809,0.00011295845129031999,0.9726064493497215,4,4
0.24323689426532602,0.5949179964368837,0.03842839265344431,0.015833017035607452,0.10758369960873848,1,1
0.003229564831837787,0.022430662082380478,0.0012780286618224307,0.00013229042709588914,0.9729294539968635,4,4
0.32504894503166226,0.5111810013138455,0.045367058523607784,0.020855351824224034,0.09754764330666048,1,1
0.0022090459180861247,0.020203353231530243,0.0009791598810391174,9.378853981512174e-05,0.9765146524295294,4,4
0.21282233273492393,0.30531447212175333,0.02472502167476799,0.008406064408443813,0.448732109060111,0,4
0.28314177007890445,0.49859713678971407,0.04677559148083307,0.01904149744042738,0.15244400421012108,1,1
0.002414881826775995,0.01803697224063803,0.0010764277421138298,0.00010293741535703904,0.9783687807751151,4,4
0.0026502798008803457,0.020633309826229178,0.0011204471250065647,0.00011090871888207014,0.9754850545290019,4,4
0.3098736216164088,0.4957053751499362,0.047360441357355704,0.020378765849714636,0.1266817960265846,4,1
0.003903189667315333,0.02081366179743749,0.0014350901649684354,0.0001577548821975529,0.9736903034880812,4,4
0.008827275693399049,0.012388597886994845,0.001334009539568562,0.0003250587717755318,0.9771250581082619,4,4
0.14365690261234387,0.6620514176661849,0.02720344344738453,0.010090447593801961,0.15699778868028466,1,1
0.0024534631857351763,0.01920246047785864,0.0010732107694983075,0.00010382843456403658,0.9771670371323438,4,4
0.19714489385249317,0.2298833335873095,0.02311974272196128,0.007618518102220408,0.5422335117360157,1,4
0.007318334733762514,0.027854467009806854,0.0022734431555318287,0.0002776146102571623,0.9622761404906416,4,4
0.008513870508828071,0.025207772363592805,0.002621252201210988,0.0003232093202236188,0.9633338956061445,4,4
0.001894023925086469,0.017536846238764062,0.0008992541409361504,8.231415217741411e-05,0.9795875615430358,4,4
0.27738983337227185,0.5033082348242238,0.047120354259798394,0.019020466378395093,0.15316111116531075,1,1
0.8373950454506112,0.11443452638377022,0.020316348513889682,0.024780818934854242,0.003073260716874705,0,0
0.40170939635603387,0.4428155278555451,0.04339422687800002,0.0180759709398421,0.09400487797057891,0,1
0.1075027796864706,0.13163218772574325,0.011314910491587386,0.0032774384119313086,0.7462726836842674,3,4
0.012338959460005895,0.057455696499646394,0.0028458532033795243,0.0004224893082092047,0.926937001528759,4,4
0.00833682815180674,0.041894329404729626,0.0021759200854166954,0.00030014982875364865,0.9472927725292932,4,4
0.002138033401384342,0.017767461973780367,0.0009833506283356372,9.199171269881603e-05,0.9790191622838008,4,4
0.0021380390183652737,0.01776762733310483,0.0009833555616818737,9.199254029543511e-05,0.9790189855465525,4,4
0.0017333604582260853,0.01967178685500516,0.0008186332543403662,7.507066562973789e-05,0.9777011487667986,4,4
0.636641784822525,0.27755270031700724,0.03645689864320641,0.024904308298030798,0.024444307919230572,1,0
0.010744307556670316,0.04561641227549949,0.002582530303141644,0.000376534321201648,0.9406802155434869,4,4
0.43877740218234285,0.39814667185661473,0.05178136024120387,0.020457736919506395,0.09083682880033206,0,0
0.41193946267475784,0.4730590484558701,0.04073227677307736,0.022058984118682994,0.05221022797761172,1,1
0.001432534217034669,0.016455306730282827,0.0007043453338977163,6.352568638114634e-05,0.9813442880324036,4,4
0.004851926113155924,0.022011674554643722,0.0017501951608273746,0.00019314519477942705,0.9711930589765935,4,4
0.4064372820905948,0.46432271098196215,0.03985577775558339,0.02322963278653253,0.066154596385327,1,1
0.0018939812291490347,0.017536173419144752,0.0008992184252862625,8.231285644634233e-05,0.9795883140699737,4,4
0.0038746389454481344,0.022928388244981068,0.001462649096680036,0.00015639905373925528,0.9715779246591515,4,4
0.14295427389605067,0.5327925341965237,0.034634367531374805,0.011415673911674308,0.2782031504643765,1,1
0.004561072924326275,0.021912933200797395,0.0015966027464429985,0.0001839001827816229,0.9717454909456518,4,4
0.07891471398965955,0.3736561448586778,0.024033266152288294,0.005594661439388113,0.5178012135599862,4,4
0.09054977356501258,0.15374842946682757,0.0095240316961696,0.002390547413692259,0.7437872178582979,4,4
0.05880849836384899,0.1093173658308507,0.007721875018872255,0.0016731558028789783,0.822479104983549,4,4
0.045458279881362605,0.09075779671562757,0.006719609113431437,0.0013454030171886093,0.8557189112723897,4,4
0.016452455119732708,0.05424228694549779,0.003583107637620336,0.0007120843359318353,0.9250100659612174,4,4
0.003342376348138887,0.02030274728991321,0.0013567188796112769,0.000138792462930187,0.9748593650194064,4,4
0.004047934309608601,0.021732631507698358,0.0014643273214555443,0.0001650523613131938,0.9725900544999244,4,4
0.0038410333877764713,0.019533302452389795,0.001438733385657312,0.00015630264583999917,0.9750306281283364,4,4
0.007103877801089684,0.02250328913069062,0.0022310931003857166,0.0002811241610971126,0.9678806158067368,4,4
0.11441997791409096,0.580807408291613,0.037142255641787504,0.008929569996504644,0.2587007881560039,1,1
0.005701914971979836,0.02807951388839903,0.0018108371296189358,0.00023614792713964043,0.9641715860828627,4,4
0.005404878160792609,0.021149686718857353,0.0019286561130866496,0.00021509379209877274,0.9713016852151647,4,4
0.006043892368695785,0.02995227181241418,0.0019295579416315973,0.00023387843584145039,0.9618403994414171,4,4
0.47407474961273455,0.44121905449078724,0.0314150715274375,0.018484569779080865,0.03480655458995981,1,0
0.001925187384028655,0.018696764832252563,0.0008972737633474805,8.310904921190023e-05,0.9783976649711594,4,4
0.0017823534919318184,0.01741312709486487,0.0008596902865153496,7.783778806790296e-05,0.9798669913386201,4,4
0.09075078315129873,0.6010852523873997,0.07149589068589494,0.006191220695630147,0.2304768530797765,1,1
0.24159557909808282,0.5410474383357782,0.04606302458288311,0.01675628511197045,0.15453767287128545,1,1
0.16249213973765259,0.5113028746752097,0.04396792365789861,0.013304622304576737,0.2689324396246623,1,1
0.06725653841591783,0.03377976284439204,0.01142503481629239,0.0022268958085302883,0.8853117681148674,4,4
0.30815330209663677,0.4220218635098121,0.05779084293085298,0.022854198575364464,0.1891797928873336,1,1
0.18201232270237214,0.4391599642200381,0.049891738198318734,0.01403150217439556,0.3149044727048753,1,1
0.005569631763341826,0.021769387073182243,0.001860903869328501,0.00022437501730994313,0.9705757022768375,4,4
0.1782619203757223,0.5874504304156207,0.03854958228242396,0.013008030680133438,0.18273003624609954,1,1
0.20184889613250065,0.10839207202447465,0.015787409966756743,0.014164992831362326,0.6598066290449056,0,4
0.06091207761203117,0.07039291071027962,0.004848563152526762,0.8580009353695863,0.005845513155576143,3,3
0.21259208643110042,0.44803060053551885,0.05318139842179343,0.016250590321085993,0.2699453242905012,1,1
0.7413527443121686,0.20712679147740734,0.024240603394401688,0.02218698662369881,0.005092874192323531,0,0
0.6546027760975127,0.29526386901690116,0.023697758055915234,0.020025848076268435,0.006409748753402429,0,0
0.22594278402220286,0.1610521090923392,0.017584094127136636,0.007195674958352192,0.5882253377999691,4,4
0.20122966315060273,0.6157261944939391,0.03631936805592907,0.014531706353647797,0.13219306794588132,1,1
0.4591841881224847,0.4402660848259856,0.0333574159744582,0.04190265088989765,0.02528966018717371,1,0
0.002320627696653896,0.020089948584651574,0.0007623953448708462,0.00010350813216807199,0.9767235202416557,4,4
0.0037118307305616612,0.023941275348630178,0.0009057572232943037,0.00014878499639726833,0.9712923517011166,4,4
0.008109882991894713,0.052117719689001016,0.0013184509961255214,0.0003378777778848907,0.9381160685450938,4,4
0.2432622350969534,0.2981245256878959,0.04865125761517897,0.013017722854688394,0.39694425874528344,2,4
0.06037575960191271,0.10083147112955346,0.008432174058017597,0.001865317582936515,0.8284952776275797,4,4
0.16247123903501504,0.12007555489112204,0.0049239787473816365,0.0035445093752783465,0.708984717951203,3,4
0.1896061777475657,0.14378593009866625,0.004124953376999853,0.0038833629742129985,0.6585995758025552,1,4
0.004126674611469608,0.035650300530712685,0.001009695946780736,0.00018941133407271825,0.9590239175769643,4,4
0.00444177606507208,0.0312803885522361,0.0010206658593846273,0.00018702142465767006,0.9630701480986495,4,4
0.07968433814287747,0.10628693992903646,0.004182787930061539,0.002208511869286096,0.8076374221287385,1,4
0.0029904704438293433,0.02831236222140893,0.0008931999938957994,0.0001408217993721577,0.9676631455414939,4,4
0.0023896596771355422,0.026156923378468932,0.0008106465924347785,0.00011849569575508187,0.9705242746562056,4,4
0.0037921568435616217,0.02373598643643562,0.0009222236650979742,0.0001502240281546455,0.9713994090267503,4,4
0.003213066515733512,0.03041837474855323,0.0009249912764360243,0.0001518548558863926,0.9652917126033909,4,4
0.0020834881969544615,0.024195551872728354,0.0007670525650736625,0.00010533968289199965,0.9728485676823516,4,4
0.5705855692347022,0.31464261379354663,0.008662641441717868,0.019528398133013578,0.08658077739701979,1,0
0.004436646134422057,0.03836626475782995,0.001050077628781026,0.00020489779605677746,0.9559421136829102,4,4
0.26914679305326544,0.46155709140328266,0.25265051636343266,0.011400956109867612,0.005244643070151738,2,1
0.0024690961174479685,0.02227459198534885,0.0009687645682672187,0.0001161129810501353,0.9741714343478858,4,4
0.008963243695778163,0.03253345743434329,0.001327462684795023,0.0002942574570779194,0.9568815787280056,4,4
0.004469597159144377,0.022670988050700922,0.000941617821513321,0.00016226480583339954,0.971755532162808,4,4
0.1832445184479098,0.5953215769695438,0.08982268416962426,0.02060423680854396,0.1110069836043781,1,1
0.4537454466923497,0.39247720854583534,0.044427542896889154,0.05626376386146625,0.05308603800345976,0,0
0.3587535538949784,0.3265831479240628,0.06236268547266314,0.03561191854541799,0.21668869416287764,0,0
0.081140733487173,0.16329310978749165,0.008140004364152714,0.0030299558562973724,0.7443961965048852,1,4
0.0019524209761860986,0.024055499841064785,0.0007518815292683827,0.00010101322197755021,0.9731391844315033,4,4
0.16428682592942997,0.7342158649961589,0.02111690821977762,0.0205084040593586,0.059871996795274905,1,1
0.0038428434600375023,0.03320293057838684,0.0009757989772385886,0.00017577808983574572,0.9618026488945014,4,4
0.036123092352657545,0.09330278663240034,0.003037851166024478,0.001139042559157574,0.86639722728976,4,4
0.0030328589325980073,0.022005808939652507,0.0008397965254090097,0.000126786252221779,0.9739947493501188,4,4
0.0034241264159119043,0.02076418037456012,0.0008574861475198992,0.00013284599146299862,0.9748213610705451,4,4
0.1699626908140781,0.18243433441159093,0.011517716876440208,0.005741439512742679,0.6303438183851481,0,4
0.10364940211609613,0.44113841456095976,0.028019532024869283,0.008808396503910782,0.4183842547941641,3,1
0.0016916192224041035,0.020908153116426697,0.0007041125110418963,8.716245143522327e-05,0.9766089526986921,4,4
0.12888827402489508,0.1127794941133585,0.003371988366747543,0.002612126983503352,0.7523481165114956,4,4
0.1764150639521467,0.39878363900640795,0.05734917847336593,0.023706164192064644,0.3437459543760148,0,1
0.004126094259791766,0.03564144965646781,0.0010091667562652407,0.0001893332964144455,0.9590339560310607,4,4
0.010016681509115418,0.030907834337149314,0.0012988889955107138,0.0003069956066111155,0.9574695995516135,4,4
0.06547924313096523,0.09856211846773553,0.003559966818366345,0.0017626698400162615,0.8306360017429165,4,4
0.419393947678458,0.4646205776399973,0.027755491478574066,0.03975046099402238,0.04847952220894826,0,1
0.0027207137966187055,0.02645617391918702,0.0008433442337696546,0.00012881642542607145,0.9698509516249986,4,4
0.002207736539850351,0.022795059035077093,0.0007708470251231981,0.00010622356418923133,0.97412013383576,4,4
0.0040990722994230745,0.033376922868182786,0.0009942238879544645,0.0001831156064673224,0.9613466653379723,4,4
0.0027203949344642214,0.02260279424586055,0.0008772253312489842,0.00012157160897484961,0.9736780138794514,4,4
0.004470988595925645,0.02268976550730919,0.0009423622655844913,0.0001623754493965205,0.9717345081817842,4,4
0.002820239796099612,0.020422754410984026,0.000809448322594358,0.00011734537608545269,0.9758302120942366,4,4
0.33474316682886984,0.5292017206518592,0.02295560200871827,0.025614806030825242,0.08748470447972757,1,1
0.0024935959927083967,0.02154441254604018,0.0007883333464977881,0.00011146668174873729,0.9750621914330049,4,4
0.04520992659005075,0.14004201813557215,0.0028923505848634954,0.0016059566119068789,0.8102497480776067,4,4
0.002108560823413904,0.023404230765180594,0.0008164059453238764,0.00010565336414365361,0.973565149101938,4,4
0.33384529340578445,0.5908908612339313,0.014921785794985522,0.02929651246515817,0.03104554710014051,0,1
0.5033889747068843,0.4197835013518532,0.015577282314044764,0.045466402365669886,0.01578383926154793,0,0
0.004179165482500052,0.034514347920368685,0.0010764570588453468,0.00019023636408656828,0.9600397931741993,4,4
0.0036652087099215327,0.030247889341617908,0.001737028439635968,0.00018018232809835093,0.9641696911807263,4,4
0.01317837917277334,0.06799565986993622,0.0016963026491523406,0.0005264707990614174,0.9166031875090767,4,4
0.0022232078916545415,0.02433440415970633,0.0007823951834589266,0.00010983460387834663,0.9725501581613017,4,4
0.5196183365979431,0.3044011818279553,0.04982882663015961,0.051646963405365884,0.07450469153857624,0,0
0.006651768240751013,0.040845362793113425,0.0012693461326076481,0.0002715428602570691,0.9509619799732708,4,4
0.007048885939225376,0.04529500697400869,0.0012328655666149154,0.00029143006001879155,0.9461318114601323,4,4
0.3344927321827964,0.3767186835278108,0.07687185558320235,0.03912860582712469,0.17278812287906553,0,1
0.017152459242236396,0.06285012521509348,0.0019384456246540707,0.0005922584664850133,0.917466711451531,4,4
0.00518799929588292,0.03644025650656579,0.0012437757663424506,0.0002249317905999589,0.9569030366406088,4,4
0.03199828161868122,0.1138250635542088,0.002216534929094354,0.00110330531909161,0.850856814578924,4,4
0.286673109474762,0.5079000885783975,0.028674518019387953,0.02224023938219439,0.15451204454525816,1,1
0.6346150679831359,0.27090804308812655,0.01752831060281502,0.03836168788563067,0.038586890440291975,4,0
0.003796309814680581,0.02384795925095691,0.0009260502375784471,0.00015080353822607414,0.9712788771585581,4,4
0.004221102847400917,0.02410541103521629,0.0009383860865242195,0.00016112092903383448,0.9705739791018247,4,4
0.15297627764816632,0.682442507581124,0.021660442695826964,0.017311273880014896,0.1256094981948678,1,1
0.0026810462952090892,0.023166160764464552,0.0008172133820160538,0.00012031069500488542,0.9732152688633053,4,4
0.16269813067179378,0.6477140769086761,0.024383419556184078,0.017640734759656718,0.14756363810368933,2,1
0.002817956594971845,0.02039233967500169,0.0008074006274470442,0.00011711103896261999,0.9758651920636169,4,4
0.005152821968476195,0.022223506356934,0.0010454933429831312,0.0001773091806489941,0.9714008691509578,4,4
0.0016758920006326038,0.01946055369313726,0.0006884873639426965,8.376450524981465e-05,0.9780913024370376,4,4
0.7516376631595098,0.16939107308574602,0.013371328170642629,0.06093381244307225,0.004666123141029364,0,0
0.0023928040988380537,0.026217516804267954,0.0008145916873906335,0.00011894851200905233,0.9704561388974944,4,4
0.002680765112468282,0.02315735906944619,0.0008168930311509196,0.0001202680147957192,0.9732247147721389,4,4
0.6359622309192074,0.24130887169228388,0.03575866901791927,0.057244774933324236,0.029725453437265195,0,0
0.013999443975193537,0.06788357967703666,0.0017284162656133171,0.0005354671885916125,0.9158530928935649,4,4
0.3388367178057813,0.35459718187847833,0.06850055865261619,0.03994238749071284,0.19812315417241136,1,1
0.005524536041572791,0.022891451758986464,0.0012213389410293035,0.0001888443828797016,0.9701738288755318,4,4
0.15988100392454865,0.743043216457214,0.016511588832764088,0.019404603134934723,0.06115958765053845,1,1
0.006381849549941001,0.040496771425365646,0.001274714597982144,0.00026434686261999306,0.9515823175640913,4,4
0.00725248866714649,0.04815063609795575,0.0012793455371903277,0.00030531713018717483,0.9430122125675203,4,4
0.20127331146995753,0.6570437562104506,0.02115698246858245,0.021682144983784055,0.09884380486722517,0,1
0.002944388114759615,0.030374612238608538,0.0008871506884666276,0.0001437247373929716,0.9656501242207723,4,4
0.009983166472222856,0.03153249514734801,0.0012659942780616136,0.00030573064360430206,0.9569126134587632,4,4
0.24336394373742076,0.6013805595627768,0.026271840535189453,0.022474438585763555,0.10650921757884936,1,1
0.19795636628597352,0.627463675907503,0.03087022709109323,0.020329514803378558,0.1233802159120518,1,1
0.6373978952093359,0.2503517138157824,0.029761212572813285,0.05052124510696396,0.03196793329510441,0,0
0.1636119649119007,0.6362475385885441,0.025005171074342778,0.017137683812267726,0.15799764161294477,1,1
0.0033445016471648605,0.026019357083251163,0.0009520721919884412,0.00014638674590318734,0.9695376823316924,4,4
0.008215835541350885,0.05046701999390909,0.0014057101774447261,0.0003393597830784234,0.9395720745042169,4,4
0.012915234190937317,0.06560552444603551,0.001577747116919911,0.0004976332364627521,0.9194038610096444,4,4
0.0031443956171930973,0.030595936447559795,0.0009078903574531827,0.00015024324577793657,0.9652015343320159,4,4
0.003256602605158961,0.02355585470549657,0.0008667858956880641,0.0001363126987001524,0.9721844440949564,4,4
0.0013790477882314523,0.01912493739134123,0.0006486266681477198,7.387880109970125e-05,0.9787735093511798,4,4
0.4445110271716433,0.36453484377671574,0.0530674260048728,0.05019790338538674,0.08768879966138135,0,0
0.492494092287356,0.32436892510240495,0.03255918459934906,0.03631726222892028,0.11426053578196974,4,0
0.0027694285773624304,0.024199452641126513,0.0008887052770678991,0.0001259035707849764,0.9720165099336582,4,4
0.31053132782208376,0.4738805881610846,0.030186196767615532,0.02252262688591939,0.16287926036329659,1,1
0.08034393879764815,0.10289306418107194,0.0029487460769179047,0.001866778089350824,0.8119474728550112,4,4
0.0074606794894586026,0.04040709676630461,0.001243596142184753,0.0002885040142709238,0.9506001235877811,4,4
0.0014716310873362113,0.019235412493615944,0.0006616227227966913,7.703436292618015e-05,0.978554299333325,4,4
0.0027621395308034583,0.02464628431348612,0.0008484159237222741,0.0001261263900979724,0.9716170338418901,4,4
0.006805447595483813,0.03227053410399791,0.0014249966460832249,0.00026555345426404475,0.959233468200171,4,4
0.4148950892146196,0.4789822781341903,0.019524746915677925,0.028549620615164185,0.05804826512034803,1,1
0.0052398003933491555,0.02997309540387636,0.0010450915389181319,0.00020254201195317944,0.9635394706519033,4,4
0.694046873405379,0.2003381037383419,0.028851748018961364,0.05784136783919218,0.01892190699812567,0,0
0.01396749991604448,0.057943443620701994,0.0016109542013083978,0.0004955379235512597,0.9259825643383938,4,4
0.5531726600294755,0.3153648096481833,0.04618228928679457,0.029343783655110044,0.055936457380436476,1,0
0.0012922499246155448,0.019013559773848034,0.0006358517085416723,7.084772662941996e-05,0.9789874908663654,4,4
0.3124092728666154,0.49603686862509644,0.02727724787805084,0.02315677064318408,0.141119839987053,1,1
0.0014716596399249546,0.01923692634846239,0.0006616712423212572,7.703946118061432e-05,0.9785527033081108,4,4
0.6985912694958382,0.19994048247602791,0.025686284386309908,0.05859165205618396,0.017190311585639873,0,0
0.2347583828205423,0.691772356071374,0.014344944117050255,0.025069187848379502,0.03405512914265383,1,1
0.0016888247406290737,0.020806047160069202,0.0006996761537898622,8.670900103188021e-05,0.97671874294448,4,4
0.017024327439690363,0.023369216019039393,0.0021315726243883682,0.00038650346718373767,0.9570883804496981,4,4
0.6478021593161241,0.22955106673665374,0.04500601511978587,0.027418611879954702,0.050222146947481734,0,0
0.0032806362348245886,0.02517346042926634,0.0008804971864469782,0.00014104671060893878,0.9705243594388532,4,4
0.0018021771950622093,0.02092696177537639,0.0007137159349745832,9.04146567542697e-05,0.9764667304378325,4,4
0.1718495579969929,0.584506357542836,0.023253444801096944,0.016311369771023747,0.2040792698880505,1,1
0.0016888357569905233,0.020806637568762092,0.0006996929306982203,8.671092932728841e-05,0.9767181228142218,4,4
0.0014716410576873335,0.01923580547194831,0.0006616387240893917,7.703594748117048e-05,0.9785538787987937,4,4
0.7023491217367754,0.1940315534130776,0.02728065465148083,0.05220561121618631,0.02413305898247978,0,0
0.002923732972072897,0.0284282421502759,0.0008735125950818059,0.00013893200545336902,0.9676355802771159,4,4
0.004571693297315289,0.024513355590176242,0.0011172557821316784,0.00017284347964440053,0.9696248518507323,4,4
0.002036806415997889,0.019814593668778413,0.0007311909518834513,9.501991300184376e-05,0.9773223890503384,4,4
0.0027401186522095235,0.028266711626339477,0.000856378393263871,0.0001332474889107111,0.9680035438392763,4,4
0.2174454426460381,0.6092588875416016,0.02591077447584382,0.020627056969412944,0.12675783836710353,1,1
0.001292256163320689,0.01901382037194692,0.0006358435645529878,7.084818040892936e-05,0.9789872317197704,4,4
0.21743061301618286,0.6817604777392503,0.017850311152193463,0.022854972534835222,0.060103625557538086,1,1
0.0014831161537550495,0.02057111801353736,0.0006725610011950955,7.976218929628617e-05,0.9771934426422162,4,4
0.0024750019799210463,0.020164892097807273,0.0007761974131181619,0.00010774264130112962,0.9764761658678524,4,4
0.00277588357952801,0.019365754405802432,0.0009069506000227923,0.00011485113171829351,0.9768365602829284,4,4
0.0025132173978984584,0.023053743598801735,0.0008019658106762171,0.00011548429770291997,0.9735155888949206,4,4
0.0050992730128343435,0.027616644194274537,0.0010529611741981239,0.00019261531664443708,0.9660385063020486,4,4
0.0019668930019270964,0.020959832579951942,0.000744269991168519,9.554256505329284e-05,0.9762334618618991,4,4
0.001802199843886512,0.020928016474449626,0.000713751263114295,9.041869458895086e-05,0.9764656137239605,4,4
0.0020365546002233696,0.019804189768411192,0.0007308515406313684,9.497875179347492e-05,0.9773334253389405,4,4
0.002817560853591955,0.020380278252351305,0.0008069784857460174,0.00011705330073270039,0.975878129107578,4,4
0.007575903063460602,0.025626659168491963,0.001131793503928812,0.0002365386973967009,0.9654291055667219,4,4
0.0043138421150980275,0.02941739939226581,0.000983878200355599,0.0001785149420806555,0.9651063653501998,4,4
0.09849613638539455,0.13885298578360045,0.01409047305632719,0.0034949431156848076,0.745065461658993,4,4
0.00463618515759989,0.026327074800152832,0.0011046462073354196,0.00018029425291784748,0.9677517995819941,4,4
0.07018936839319705,0.07389205364263383,0.006657515082784359,0.0017099142251376337,0.8475511486562471,0,4
0.005429767071528569,0.023086508326102647,0.0010001457726400073,0.00018407366841021426,0.9702995051613185,4,4
0.28079695230890145,0.46355528285316283,0.030038830305536023,0.018794927679573196,0.2068140068528265,1,1
0.003929323303726764,0.022479118129939496,0.0009075332963450128,0.0001496292329728971,0.9725343960370157,4,4
0.047508977846170745,0.7265666670344848,0.0219923898678543,0.008547369038630168,0.19538459621285992,1,1
0.118909053303029,0.10841609321367345,0.006890852537108135,0.003232744810962436,0.762551256135227,4,4
0.004536744288893453,0.025914275147696186,0.0009724388332995316,0.00017385645154619292,0.9684026852785645,4,4
0.24037016723413157,0.6062950461163787,0.02634526751837497,0.02253099010395597,0.10445852902715876,1,1
0.00914625314682493,0.036013175891555296,0.002078104290964149,0.0003327900363175517,0.9524296766343381,4,4
0.03912825026713682,0.0895394747625899,0.0022858306960823823,0.0011195468470334164,0.8679268974271576,4,4
0.0015704640407253362,0.019348480774635787,0.0006749530683181672,8.033190045591942e-05,0.9783257702158648,4,4
0.032132458639306014,0.22431676787263724,0.011207298475092164,0.002648514569573159,0.7296949604433914,4,4
0.21220478087843717,0.5592478768927606,0.03850774485922308,0.020292272971369592,0.16974732439820966,1,1
0.0490843495577099,0.03218810466749669,0.0021237657281929566,0.0008211337472946803,0.9157826462993057,4,4
0.15673342957903233,0.22033427114850315,0.04754141865539062,0.011854610835790048,0.5635362697812838,4,4
0.33148954263256636,0.46035582605787856,0.02847851542289144,0.023142054864022304,0.15653406102264125,1,1
0.14283390879210192,0.567773300895279,0.031453189577091575,0.015103967141974517,0.24283563359355304,1,1
0.07948100583963555,0.60002828899595,0.029367127719800146,0.01059728320339218,0.28052629424122216,1,1
0.0023190016353907567,0.02003372677238256,0.0007604338825829638,0.00010326459917828707,0.9767835731104655,4,4
0.39772530017002566,0.3874170234421104,0.05698289554058067,0.027305614688399295,0.13056916615888395,1,0
0.3309531094192556,0.5054140333633025,0.024738026745333857,0.024473732125161313,0.11442109834694679,0,1
0.37791350629414205,0.3940168882117198,0.03951814301075277,0.024416526465399217,0.16413493601798604,1,1
0.1354995349391488,0.6636662989300046,0.02352106619156312,0.015668929771829293,0.16164417016745408,1,1
0.2033081486368753,0.4525310739025351,0.06204392697982177,0.015514138360560472,0.2666027121202073,1,1
0.2047656467796701,0.5404562424458346,0.03180663365489106,0.01855262131842691,0.2044188558011774,1,1
0.17688357221049306,0.5220230567055368,0.03748300454898358,0.01684863864499072,0.24676172788999576,1,1
0.5221482383013588,0.3383918304157588,0.04774620960330726,0.05581984355259212,0.035893878126982824,4,0
0.49786422619007664,0.31353456776302524,0.02102970297782501,0.022638084524258844,0.14493341854481423,1,0
0.6048456866822802,0.20025988823935673,0.055112346985462614,0.037873853351204585,0.10190822474169581,0,0
0.6668449897063502,0.25417734765802724,0.02642489380209808,0.0386445454991196,0.013908223334404939,0,0
0.006058217743629366,0.032906459402903064,0.0018661182882444742,0.0006476324346447157,0.9585215721305784,4,4
0.007699765727802016,0.030391818085701645,0.0022878652181525954,0.0007340364792797746,0.958886514489064,4,4
0.2099375695953633,0.6689223518824614,0.0292848544876564,0.01621541537705643,0.07563980865746257,1,1
0.0106891443357453,0.03353210984124353,0.0025935288611941367,0.0009076269533759454,0.9522775900084411,4,4
0.11322175189793347,0.10876439453754244,0.012968929532846687,0.00526646918517047,0.759778454846507,2,4
0.004978853947705681,0.029122145986325555,0.0017394195995111656,0.0005598428820091388,0.9635997375844484,4,4
0.009867953470609528,0.04451319134283849,0.0022803524708885246,0.0009109443313120321,0.9424275583843514,4,4
0.009672269396571377,0.03315085859195988,0.0023478411060785793,0.0008559647618657703,0.9539730661435243,4,4
0.23020122811512142,0.6120515572987646,0.03304427957561082,0.01867800191891065,0.10602493309159249,0,1
0.019054614361550516,0.04379582101355916,0.003831093403812773,0.001668229824485544,0.931650241396592,4,4
0.15233586022857976,0.4374167352686728,0.04092256866080117,0.026912080759976725,0.3424127550819695,4,1
0.029273550244978033,0.09526721909855544,0.008183124604035094,0.005411590568752364,0.861864515483679,4,4
0.006971081319460027,0.0262376171088243,0.002044116690844747,0.000673618447831271,0.9640735664330398,4,4
0.007743931423809779,0.025333455082751317,0.0021676718176873,0.0007138866682660865,0.9640410550074855,4,4
0.3679939053635214,0.33243719712395914,0.02813221035524091,0.022863544345808763,0.24857314281146967,4,0
0.0052967789918346225,0.030780064000418186,0.0017493314126181883,0.0005870991162185815,0.9615867264789104,4,4
0.003925291510646735,0.026683170865987215,0.001531727807582059,0.0004779291387599888,0.967381880677024,4,4
0.020072726269733682,0.04986965992414459,0.0034114757931368845,0.0014799066936537768,0.925166231319331,0,4
0.016274506439943874,0.0389513523831115,0.0030968593819091506,0.0012249378374604742,0.9404523439575749,4,4
0.005155033003393347,0.028208816643589093,0.0017436166596713348,0.0005687959087823818,0.9643237377845639,4,4
0.004872926228339553,0.029394285529379754,0.0016883053969102323,0.0005540408227076118,0.9634904420226629,4,4
0.004271954929282188,0.027978999594450656,0.0015896233040784084,0.0005072665403197151,0.9656521556318691,4,4
0.00634207729419349,0.026091703416510535,0.001949537117265852,0.0006354430826481227,0.964981239089382,4,4
0.020556640523160474,0.04767799515618742,0.003246033545512469,0.0014323583492727484,0.9270869724258669,4,4
0.007027025565340116,0.031198129554416473,0.002012340636376533,0.0006980594962374468,0.9590644447476294,4,4
0.42198700828619506,0.36935192540941086,0.056094009815869955,0.04318025928953355,0.10938679719899051,0,0
0.17131781649514766,0.620401669218856,0.03395052076339952,0.016550725016473502,0.1577792685061233,1,1
0.00547033846780717,0.027233991219452414,0.001809825655251925,0.0005867784420054414,0.9648990662154829,4,4
0.6882266131217014,0.2284823999095483,0.02865506017727818,0.03935139489221296,0.015284531899259116,0,0
0.006587750660500957,0.034473416011152745,0.001934786420087216,0.0006867226255776966,0.9563173242826813,4,4
0.0039259242699174034,0.026687800056758536,0.001532054886053173,0.00047803563060412363,0.9673761851566667,4,4
0.456486336100883,0.40281750104829656,0.043289903272871334,0.042522566821418674,0.054883692756530156,0,0
0.5589037008715899,0.30953078196340494,0.04506082498767965,0.04677594075491268,0.03972875142241282,4,0
0.19455657616404018,0.5847503709851207,0.04217649065102517,0.017450437589067964,0.16106612461074596,1,1
0.005402241262909734,0.028256534407835262,0.0017839755010186102,0.0005851822897413949,0.9639720665384951,4,4
0.007067179211719677,0.03700433522418663,0.00197553679600535,0.0007213581168802583,0.9532315906512081,4,4
0.015672007464677035,0.04413598127138442,0.003160397556203799,0.0013232897215121864,0.9357083239862225,4,4
0.006272253524191153,0.03052168317710166,0.0021278791964198067,0.0006466033095872477,0.9604315807927002,4,4
0.00934328198386911,0.029171055671390996,0.0024088561727179532,0.0008229073790758177,0.958253898792946,4,4
0.0452494449508702,0.08993511244210951,0.004846476658132683,0.002741726433521878,0.8572272395153657,4,4
0.009588090472063337,0.03717783403803919,0.002344402174982717,0.0008678804894100222,0.9500217928255048,4,4
0.005497999903298259,0.032196647262107136,0.001773264143714879,0.0006053085285179535,0.9599267801623618,4,4
0.050248324415462245,0.09228397621412011,0.008501879149227794,0.003350453653978323,0.8456153665672115,3,4
0.016437314508226736,0.05631740358539789,0.0038962557005318564,0.0012753811537469122,0.9220736450520967,4,4
0.03268295895397935,0.0758709881500709,0.005378298440135177,0.0020578994381345466,0.88400985501768,4,4
0.004863797179785622,0.027184793433137684,0.0017434413956214458,0.0005485565861970329,0.9656594114052581,4,4
0.01213888347492087,0.03994136939824413,0.0027511834608116383,0.0010549370349536558,0.9441136266310698,4,4
0.007708051895061451,0.033061973092366526,0.0021123640046279177,0.000749487378174342,0.9563681236297698,4,4
0.008050851496729286,0.03882670532060467,0.0020951903231873513,0.0007867538511083815,0.9502404990083702,4,4
0.5596695751158196,0.30831313264760624,0.04550290753269246,0.04611373776567148,0.04040064693821008,0,0
0.013521601563694773,0.04692841517494093,0.0026435158919289564,0.0011101644275613564,0.9357963029418739,4,4
0.23508258978662813,0.5593568957367294,0.03827983095939719,0.019193018251270445,0.14808766526597475,1,1
0.0068313839094301925,0.02853951886939312,0.0020023092685444335,0.0006751493624835458,0.9619516385901486,4,4
0.005572984802298421,0.024943457271554236,0.0018424697191497036,0.0005838991267926534,0.967057189080205,4,4
0.21014271145771637,0.5727873957216899,0.03955086975622384,0.01887851008332413,0.15864051298104562,1,1
0.005997821894622571,0.02722767699947534,0.0018893747126499773,0.0006194616437796861,0.9642656647494725,4,4
0.2504406947022875,0.6001449629627102,0.03400444380372561,0.0190606489624613,0.09634924956881522,1,1
0.12828876462631952,0.5155062498589016,0.036412247829378304,0.013618296736692615,0.30617444094870794,1,1
0.004969540987103277,0.027000994656395244,0.0017220186962803507,0.0005522863416604232,0.9657551593185606,4,4
0.008856774269414641,0.030884597173826443,0.0023450309532825394,0.0007999836347188347,0.9571136139687575,4,4
0.008865994319859195,0.03333424564372757,0.002264036218350049,0.0008162879305807398,0.9547194358874825,4,4
0.1501950710727994,0.5753306400593406,0.033038401948424286,0.014998104550066378,0.22643778236936934,1,1
0.003818274093571884,0.024437984339287972,0.001525813761436922,0.0004627557152561075,0.969755172090447,4,4
0.015777744254845502,0.059290355584961624,0.0029329558688513282,0.0013123224381749164,0.9206866218531666,4,4
0.004520470507803187,0.02685356632098809,0.0016422119038640361,0.000520940929772637,0.9664628103375721,4,4
0.7532834641955217,0.17600102352294608,0.02415931854674815,0.036338422875097885,0.010217770859686314,1,0
0.6979467321895222,0.21171241069330884,0.03194515728448787,0.04047990464839566,0.017915795184285536,0,0
0.0036078729783871285,0.025457367314542293,0.0014766306966482222,0.0004505054539720211,0.9690076235564502,4,4
0.007067177883675675,0.03700437289407757,0.001975537554538996,0.0007213582701580133,0.9532315533975496,4,4
0.005304141272936611,0.03082659450122338,0.0017526244008119853,0.0005882178408136669,0.9615284219842143,4,4
0.009358723618946392,0.03741792916276626,0.002267238191442825,0.0008556982059369582,0.9501004108209076,4,4
0.011199190465826405,0.04575551688656187,0.002509306921520299,0.0009861891290527513,0.9395497965970387,4,4
0.0238540441803199,0.0672560030640234,0.0033502048066636264,0.001665666050760395,0.9038740818982326,4,4
0.004491655222078873,0.028539388543087137,0.0016347009725066013,0.0005274394968405659,0.9648068157654868,4,4
0.006566384526974145,0.03385885902562167,0.0019250744864895628,0.0006795072963144512,0.9569701746646002,4,4
0.020901012132978312,0.06395569104150603,0.0031467628560837876,0.0015212135915122868,0.9104753203779196,4,4
0.004781194215409472,0.029276751598248895,0.0017151087808171704,0.000549047715215802,0.9636778976903086,4,4
0.0036425925197361864,0.024384597837949617,0.0014907150488688,0.0004496284179037819,0.9700324661755416,4,4
0.11268676174501657,0.5416358641577925,0.037426486952239296,0.013412449821735633,0.294838437323216,1,1
0.029507707906504317,0.07269416877703012,0.003846309448680415,0.0019244031000602948,0.8920274107677247,4,4
0.23708732306058092,0.5720058891100706,0.04658961784735296,0.024100949178375606,0.12021622080361974,0,1
0.5859582798772848,0.3025402313688573,0.03852061241125211,0.04328793002138607,0.029692946321219788,0,0
0.005856474146322547,0.03203527562715206,0.0018505818798395374,0.0006349501431472965,0.9596227182035385,4,4
0.00558809562204158,0.03197284548667125,0.0018084354281137174,0.0006170773729282972,0.9600135460902451,4,4
0.47486753186301217,0.37828473697461784,0.04702590220304107,0.044371170635782574,0.05545065832354624,0,0
0.00360874339722541,0.0254641680828955,0.0014771147080554553,0.0004506547326056862,0.9689993190792179,4,4
0.009462354048298907,0.028413370845852708,0.002446284399375218,0.0008200747371565122,0.9588579159693167,4,4
0.004891962179112442,0.025565419592607375,0.0017502507518095134,0.0005413195000969652,0.9672510479763738,4,4
0.00392574237080051,0.026686684362377682,0.0015319668377268046,0.00047800541798465214,0.9673776010111104,4,4
0.1215737538068505,0.5508395940188503,0.0333508641934232,0.01661146613167536,0.2776243218492007,4,1
0.00400254751598582,0.024492493672629435,0.0015618029330471716,0.0004762908283576822,0.9694668650499798,4,4
0.23612688985097274,0.5080082139854308,0.04686210512266207,0.025422374610408614,0.18358041643052583,0,1
0.008159575772125156,0.03001810019185011,0.0021741343115576515,0.0007580407376377465,0.9588901489868294,4,4
0.004274946094394244,0.027999738681983233,0.001591092956749506,0.0005077517061544001,0.9656264705607187,4,4
0.005030375416727527,0.026015772376516925,0.0017462633696808127,0.0005535557988237026,0.966654033038251,4,4
0.43184429437951644,0.4074318590916318,0.048311193379314894,0.043674204792131174,0.06873844835740557,0,0
0.0061303987724521045,0.025400232480032404,0.0019332517208649454,0.0006229737761144386,0.965913143250536,4,4
0.006327880811196919,0.03237953811452025,0.0018997853560570373,0.0006593032312804193,0.9587334924869453,4,4
0.004015617941817558,0.024935096239634223,0.0015695735597982669,0.00048131118772300847,0.968998401071027,4,4
0.5700936188547204,0.3039642523666154,0.04284322464093555,0.043589795137944705,0.039509108999783875,1,0
0.0036427883436554935,0.02438657741027366,0.0014908349139528317,0.00044966363697428494,0.9700301356951436,4,4
0.0049658938735801066,0.02696117738304146,0.0017199175400874275,0.0005516389690906725,0.9658013722342004,4,4
0.20823445318899328,0.6126221458141775,0.03292539391189107,0.017966983433461644,0.1282510236514765,1,1
0.0038182708409317877,0.02443749097227313,0.0015258001851604407,0.0004627536895839076,0.9697556843120507,4,4
0.004832398122682719,0.02470991945363629,0.0017142630675556377,0.0005344410312906844,0.9682089783248348,4,4
0.23116630904598748,0.565611459100043,0.038044654297097545,0.019045920937361554,0.14613165661951047,1,1
0.3984156402911963,0.4689616410707104,0.03564376094988683,0.027692847396375623,0.06928611029183096,1,1
0.0037815524467681378,0.025510871467185232,0.0015112232398662394,0.00046360431425043725,0.9687327485319299,4,4
0.0058693225440688375,0.03132253584689455,0.0019190416600369429,0.0006541183414802102,0.9602349816075195,4,4
0.003475089017149036,0.024333357378768263,0.0014565095767209363,0.00043689633635943226,0.9702981476910023,4,4
0.008462162023325375,0.03959417282836512,0.0021540546041941473,0.000817835605797463,0.948971774938318,4,4
0.6114150351635671,0.23261515226779775,0.05558198281023387,0.04757635303466084,0.05281147672374058,0,0
0.004608741537195804,0.024641234200388797,0.0016740391742344788,0.0005190276629700553,0.9685569574252108,4,4
0.003315294182581289,0.024282418298812652,0.0014230974545000564,0.00042452768579342656,0.9705546623783126,4,4
0.050364542615419616,0.059451673142922046,0.00525226597484098,0.0026371925371981445,0.8822943257296191,4,4
0.004168406220632502,0.026082250820512756,0.0015909450035741283,0.000496206284203683,0.967662191671077,4,4
0.0037816156993535043,0.025510292362385528,0.0015112354700531402,0.000463611127679395,0.9687332453405284,4,4
0.3377484739909519,0.46017544290685936,0.052305064859854304,0.03326424750177114,0.11650677074056325,1,1
0.22913268705749257,0.5151643436078847,0.051420795297335065,0.028254744387603243,0.17602742964968454,1,1
0.005724120476443874,0.0310010216435469,0.0018697093470728,0.0006188151875523944,0.9607863333453841,4,4
0.2199220622696655,0.5594287211420174,0.03918209029445417,0.01903720340696056,0.1624299228869024,1,1
0.004568166893559059,0.025758123195539,0.0016600933166448838,0.0005206239285324804,0.9674929926657246,4,4
0.6402678267528935,0.25694628941970327,0.03660758966761254,0.04035439786870724,0.025823896291083524,0,0
0.011182673146705329,0.039382569287172826,0.0024640990273139137,0.0009616912838908124,0.9460089672549171,4,4
0.006345003739626222,0.026120703662758944,0.0019511427736041596,0.0006359314014640907,0.9649472184225465,4,4
0.13584478160518268,0.599061676024064,0.039599303274320805,0.015056632719394974,0.21043760637703765,1,1
0.12695683971303992,0.5208216230110555,0.034429329250418424,0.013361958411410335,0.304430249614076,1,1
0.004114678754625628,0.02674146424319375,0.0015678246578840445,0.0004918960234135263,0.9670841363208831,4,4
0.42738750664853764,0.4432755340883064,0.039352081026730365,0.03501671748677848,0.05496816074964721,0,1
0.008745139320467842,0.032294554280553785,0.002375623177005225,0.0008521206215581697,0.9557325626004151,4,4
0.0048429527238528745,0.028259277266995734,0.001820645494628578,0.0005468113984128144,0.96453031311611,4,4
0.03420028914147267,0.08114189393317689,0.00740036933728359,0.002967413562009772,0.874290034026057,4,4
0.00617957250764788,0.03207473074952229,0.0019170759849810252,0.0006489531112856576,0.959179667646563,4,4
0.1453021542002847,0.47295898405349485,0.03814239564142676,0.014584256404011705,0.32901220970078193,1,1
0.0070343265456302,0.025100139468356385,0.0020616808407372894,0.0006716986987407747,0.9651321544465354,4,4
0.08622532821863681,0.14354555472425426,0.009394399585628052,0.005228594363616202,0.7556061231078647,4,4
0.012843861641702231,0.039520072299077356,0.0026334569758370715,0.001044874716822209,0.9439577343665612,4,4
0.007121891324256474,0.02597372809651032,0.0021053617122512797,0.0006804978846336462,0.9641185209823483,4,4
0.14228279125441892,0.523918665865807,0.043447984500468835,0.015559928824056185,0.274790629555249,1,1
0.009484888545987327,0.028928632779068167,0.002352834033189112,0.0008245532287053305,0.95840909141305,4,4
0.15675685575584766,0.5954305835422431,0.03698325486748092,0.01587633415561284,0.19495297167881537,1,1
0.15173736096892265,0.10131830974869575,0.016617002919397564,0.007276993534184149,0.7230503328287999,4,4
0.3532067569373499,0.22326654758469455,0.04223905322087595,0.023780635256319318,0.3575070070007603,3,4
0.029519036557857935,0.05900801543885304,0.004491983342238416,0.001985150892805192,0.9049958137682453,4,4
0.2672457087273397,0.5884080747993827,0.032702357483112274,0.019080627836587385,0.09256323115357795,1,1
0.2661845854544644,0.4563702876211271,0.05021849427510998,0.021082849693520908,0.20614378295577765,1,1
0.017035130199600623,0.03217317127215537,0.003099007968458702,0.0011936790969857714,0.9464990114627995,4,4
0.27215815898990264,0.46009362554897887,0.05113281277286547,0.02127034967830434,0.1953450530099486,1,1
0.10308673247199523,0.5178261011293421,0.035047088623330315,0.012818152479750421,0.3312219252955818,4,1
0.20737388039241916,0.583441593541928,0.037093623034410265,0.017841506878752456,0.15424939615248998,1,1
0.027068793964667655,0.05554951775736058,0.0037644656699142524,0.0017291555983916609,0.911888067009666,4,4
0.1356377765247547,0.17534301700008778,0.02261088072459844,0.009487396203879384,0.6569209295466797,0,4
0.4972417300665458,0.3680404745738154,0.03789299160346834,0.03919468723423813,0.05763011652193227,0,0
0.013487846943848681,0.027262469181399778,0.002844296946344107,0.001011836649248732,0.9553935502791588,4,4
0.005222904125503977,0.0303069829613934,0.0017788554475961645,0.0005932946991813057,0.9620979627663251,4,4
0.24724774653652903,0.5502319146472664,0.042531124542840006,0.018759560133024798,0.14122965414033967,4,1
0.2804190607753237,0.5055130926170277,0.046125026550554456,0.021438276650786573,0.14650454340630764,1,1
0.22092285935707448,0.5521704713378233,0.039416032343943475,0.01872281968775351,0.16876781727340515,1,1
0.5415717417127449,0.3636900342273572,0.038862368810333864,0.03743699006430458,0.01843886518525949,0,0
0.35807986894887817,0.4976374563514006,0.07387193262965211,0.03388202408469042,0.03652871798537857,0,1
0.3447492996274941,0.48901603134123756,0.04796205620243061,0.02353148935079071,0.09474112347804692,1,1
0.32468833084524235,0.42368027751204734,0.052662942637725814,0.022614914912144037,0.17635353409284046,1,1
0.28971019369882745,0.43389417040330075,0.05146578466221916,0.021944778462754756,0.20298507277289782,1,1
0.19541125489884106,0.511631915909955,0.04604775214557859,0.01825327215676041,0.2286558048888649,2,1
0.2757488067980618,0.46839428399239164,0.0488845296259548,0.02117864144093863,0.18579373814265332,1,1
0.2763062997304954,0.4555443983156478,0.04960193825581955,0.021294497978966796,0.19725286571907039,1,1
0.47273674370917207,0.39893952127269344,0.047689400126982945,0.03826717010856785,0.04236716478258376,2,0
0.2967417131275562,0.5031133111846563,0.06840994884260751,0.03457404272788909,0.0971609841172909,4,1
0.1754036158620896,0.48179635638741125,0.04613130149276457,0.01729658852195495,0.27937213773577957,1,1
0.2306479410476964,0.5406627261887572,0.04699419822890822,0.018855468884409386,0.16283966565022875,1,1
0.2816382884119556,0.42701251413746666,0.05269614361021545,0.02152091476868729,0.21713213907167497,1,1
0.07778576763738844,0.13776708376645058,0.007584610438488151,0.004321938307255547,0.7725405998504173,0,4
0.28446330361801064,0.5377861046224401,0.04026691875647336,0.019176632940142,0.11830704006293384,1,1
0.029083782961594938,0.04513941750932124,0.004640285663238283,0.0031100684773114336,0.9180264453885341,4,4
0.0032152395574706386,0.024439296464779388,0.0010623213355236117,0.000748728131532481,0.9705344145106938,4,4
0.3905533992609177,0.4285888815545088,0.05290535853027793,0.030834539473961815,0.0971178211803337,0,1
0.0075610946671348074,0.026889661409029982,0.0017814238830898821,0.0012500611237876524,0.9625177589169578,4,4
0.11166929066567786,0.5767557845625719,0.02645527238061885,0.013512802560430264,0.27160684983070116,4,1
0.003792281903864117,0.02383931040776229,0.001185879750385001,0.0008263661532477216,0.9703561617847408,4,4
0.004457346408427646,0.029375252843804215,0.00121377779570995,0.0008984898684429826,0.9640551330836151,4,4
0.008599979290102722,0.037271468005673915,0.0016970410003085091,0.001318132425534454,0.9511133792783804,4,4
0.00280109131642351,0.024551804646456954,0.0009600557606115719,0.0006849649907497547,0.9710020832857581,4,4
0.12823728210271176,0.6315628994499493,0.02972420373101509,0.013704736605083196,0.19677087811124083,1,1
0.15900016456215718,0.6440735105759805,0.0370134946769701,0.015254907598963894,0.14465792258592824,1,1
0.5023658464369655,0.3464009716285282,0.050297958831948125,0.04032892924951745,0.06060629385304079,0,0
0.00463232056530619,0.029082493355206046,0.0014175430012247435,0.0009697033837535431,0.9638979396945094,4,4
0.6357043478446707,0.25275404550370634,0.0454418675425309,0.03465303480117601,0.03144670430791602,0,0
0.007619273499291341,0.0349226206861869,0.0016621050526354575,0.0012470199816875102,0.9545489807801988,4,4
0.21470287129582105,0.6195868919551999,0.03320754965573971,0.01662113697928142,0.115881550113958,1,1
0.11320157021957034,0.19722071896554863,0.01372579821432602,0.009150300450643613,0.6667016121499114,0,4
0.003061914664514521,0.02409315752798832,0.0010256969130454305,0.0007243314963350543,0.9710948993981167,4,4
0.0037484960547955943,0.025029535017494414,0.0011541937182023457,0.000817594845276077,0.9692501803642316,4,4
0.003364615164679274,0.023842793312448075,0.0011028801008740143,0.0007702929291541303,0.9709194184928445,4,4
0.004170641825741752,0.02454332499525759,0.0012703965569241665,0.000880624274111627,0.9691350123479647,4,4
0.003382653562662048,0.02415563175217827,0.0011119839254296528,0.0007749918551801489,0.9705747389045499,4,4
0.5517466149928275,0.2770638293792733,0.03724835384206437,0.029745142552738482,0.10419605923309634,0,0
0.005019868506448948,0.030344076708802514,0.0012955737998824113,0.0009639772626617597,0.9623765037222043,4,4
0.007105250279551403,0.027507613156191556,0.0017349887092442152,0.0012160499589913215,0.9624360978960216,4,4
0.0030265013214627384,0.025296013505307288,0.0009982716328926586,0.000716621689436627,0.9699625918509007,4,4
0.1756963345927155,0.6002698403248412,0.03499042945974604,0.015962047071688232,0.17308134855100893,4,1
0.0033537917844357152,0.023717589291354244,0.0010985720443785424,0.0007676558402628124,0.9710623910395687,4,4
0.0030909022838080283,0.02364527206673101,0.0010443392256955536,0.0007312648044193898,0.971488221619346,4,4
0.00570803140453521,0.03198521355264762,0.0014017010075883447,0.0010452390711107268,0.9598598149641181,4,4
0.004118111122494755,0.024763713541074723,0.0012339034044943035,0.0008734619800577244,0.9690108099518786,4,4
0.005771002166566601,0.03406923808409959,0.0016878314920016598,0.0011391804247382524,0.9573327478325938,4,4
0.029476651450075598,0.05990807978894301,0.00467557134179018,0.004903752098120977,0.9010359453210702,4,4
0.45679834023661864,0.34627253876380754,0.06254648333534805,0.03954567004500828,0.09483696761921742,4,0
0.2073638060266741,0.5927460087348811,0.03733426958244605,0.01691611444156902,0.14563980121442976,1,1
0.009035573121397848,0.03655802787290603,0.001770543667237057,0.0013621165797811786,0.9512737387586779,4,4
0.1512782364152587,0.5157265430053982,0.08838831621719062,0.05246896814127118,0.19213793622088118,4,1
0.4988875752524264,0.37300045253419223,0.043400603870839896,0.029471259503232667,0.05524010883930888,0,0
0.003044042118196238,0.02468518677516234,0.0010118417266258132,0.0007204373674945199,0.9705384920125211,4,4
0.38335343081941053,0.43710441453665055,0.05116714226039619,0.03355798981493727,0.09481702256860537,1,1
0.008652941958814516,0.036384769838520785,0.0017207611272964341,0.0013256409375855824,0.9519158861377828,4,4
0.09454208213454907,0.6465054979584383,0.021067965222037955,0.010892082177473231,0.22699237250750143,1,1
0.0034295160940836992,0.025510881209138206,0.001080447355564544,0.0007732197541779834,0.9692059355870355,4,4
0.2662987633920541,0.5935996030757661,0.029854711164304003,0.01643305956934442,0.09381386279853138,1,1
0.003027124358651363,0.025301730646480353,0.0009985108733604584,0.0007167858264682798,0.9699558482950396,4,4
0.004318008270597211,0.028773670086550865,0.0011976626428988188,0.0008888667744814801,0.9648217922254716,4,4
0.1417011200110156,0.6320120202062705,0.02880662271846764,0.01453724730583728,0.18294298975840914,0,1
0.0038186010948663028,0.027675415069458042,0.0011227096877445475,0.0008209294940974285,0.9665623446538337,4,4
0.23594563588759443,0.5717999904449949,0.037348658243330925,0.017395818484392808,0.13750989693968696,1,1
0.4743566293120752,0.3922473415883082,0.04557837021942165,0.02762002928148427,0.06019762959871062,0,0
0.0031973159940561213,0.024225020036000768,0.0010551468778703292,0.0007441878177803556,0.9707783292742925,4,4
0.003771202509868741,0.024436701398717963,0.0011702567036546432,0.0008221611728421343,0.9697996782149165,4,4
0.3566243523104703,0.5190882314884563,0.0317710850037748,0.017856045234189488,0.07466028596310922,1,1
0.22003871035350833,0.5911693266847113,0.05064540157556388,0.01795666918017613,0.12018989220604039,2,1
0.008335537752354832,0.036529995774235026,0.0016754686901140161,0.0013047597416613792,0.9521542380416347,4,4
0.0048321155395199536,0.03037182188163104,0.0012670573872403427,0.0009435479097063188,0.9625854572819024,4,4
0.63314244918618,0.24719065234218912,0.04827594556911181,0.035467587550656925,0.03592336535186215,0,0
0.0026067359307183954,0.02324737331934093,0.0009355516544110759,0.0006579850330195448,0.9725523540625101,4,4
0.0029199273657636604,0.024617590230976653,0.0009855647540809684,0.0007024463972411117,0.9707744712519376,4,4
0.12322915550265574,0.09865897080049825,0.012100565881623407,0.008806435690490189,0.7572048721247324,0,4
0.0028514215427003515,0.02362030803930027,0.0009938591315257735,0.0006969524726394091,0.9718374588138343,4,4
0.2616882220031024,0.572995968931085,0.034067683099157364,0.017012106673278262,0.11423601929337715,1,1
0.003449079455368132,0.024891542994449872,0.001095015865326073,0.0007772611314582792,0.9697871005533976,4,4
0.47576262025674004,0.3349478328696134,0.03522879706834615,0.027566999224824678,0.12649375058047568,0,0
0.024227251242121082,0.05448901688239898,0.0028644866112690803,0.0024063394342069616,0.9160129058300038,4,4
0.3454741484704124,0.5157734869392829,0.03498774549216043,0.017930501226673896,0.08583411787147019,1,1
0.003616955047789764,0.024363133012031867,0.0011396696003624885,0.0008015149103503412,0.9700787274294655,4,4
0.11454142306878291,0.48620268888999185,0.01947561010040068,0.011502924341263135,0.36827735359956143,1,1
0.0030615658153120592,0.02408820049985856,0.0010255530542508252,0.0007242436720105391,0.9711004369585681,4,4
0.29344773333288815,0.5773982082435374,0.031367088446946155,0.0165310705949221,0.08125589938170628,0,1
0.006178082259175182,0.030748494421004333,0.00147704390411895,0.001093331915768222,0.9605030474999333,4,4
0.0035750031376119754,0.02637048791165356,0.0011016578054989401,0.0007938403601932929,0.9681590107850422,4,4
0.0074759110617240694,0.03354586201665852,0.001618055594701465,0.0012211233875944717,0.9561390479393215,4,4
0.00474272621624484,0.029189945144416436,0.001284816829673243,0.0009418013259989145,0.9638407104836665,4,4
0.006027260506262878,0.028351614855181527,0.001477591378830927,0.001211744526220446,0.9629317887335043,4,4
0.010058148008605355,0.03964745917380498,0.001839536769833264,0.001446048309960014,0.9470088077377964,4,4
0.0031555780630438636,0.025369650986975575,0.0010250542584099805,0.00073509068106014,0.9697146260105104,4,4
0.005270228281482969,0.02974403906490187,0.0013502532667254337,0.0009952974486192542,0.9626401819382704,4,4
0.49892717578224793,0.3471679240829111,0.04681070338700488,0.036881457482906214,0.07021273926492984,0,0
0.0032705568738805664,0.026067104157384426,0.001038203381036594,0.0007498786105182958,0.96887425697718,4,4
0.004610042473667885,0.026197025707118307,0.0012989196015260691,0.0009318939929014692,0.9669621182247863,4,4
0.003862736806214164,0.02635392391331247,0.001153339607552792,0.0008296260419273072,0.9678003736309931,4,4
0.0712038037241851,0.22523020826755957,0.012761307634892331,0.0077748028205559564,0.6830298775528071,4,4
0.004041773099088448,0.026587860324241062,0.0011829123629896517,0.0008583815044689858,0.9673290727092119,4,4
0.016543561665609458,0.046385835480815325,0.0030332757651642677,0.002219336963845156,0.9318179901245659,4,4
0.004325614346953337,0.027898631477169995,0.001214666836188776,0.0008854482804836428,0.9656756390592043,4,4
0.362598704361017,0.5300372451756344,0.028490693103638866,0.01725207905705143,0.06162127830265827,1,1
0.004197619466350312,0.026496013777855123,0.0012155233798542945,0.0008725684744845645,0.9672182749014557,4,4
0.2121372169201023,0.45036902863627,0.03964384368983774,0.02253700538908021,0.27531290536470976,0,1
0.0032109086275310785,0.023580188258456886,0.0010675172520145943,0.000746952396891076,0.9713944334651063,4,4
0.2928942424695565,0.5404678723615437,0.03941409407590601,0.018461160560576347,0.10876263053241741,1,1
0.010022616289412534,0.035406289421671414,0.0019266531171868318,0.0014695317366420159,0.9511749094350872,4,4
0.007701527753465651,0.03531031200082181,0.0016164298487296315,0.0012389331240731923,0.9541327972729098,4,4
0.3059521090224375,0.5628015995173896,0.03066639865497385,0.016559727627396516,0.08402016517780247,1,1
0.0025003901707976975,0.023184339543360775,0.0009112362775441188,0.000641533980900476,0.9727625000273971,4,4
0.003079683096726599,0.023513096454709666,0.0010396586203997955,0.0007281924075654757,0.9716393694205984,4,4
0.38399331741273474,0.4895561747646188,0.03138322111087463,0.019509394729749833,0.07555789198202191,1,1
0.0030790832191464395,0.023505098670879295,0.0010394117743378747,0.0007280416791020113,0.9716483646565344,4,4
0.6705071602297663,0.21593809397832892,0.04730582516743756,0.03405820347756556,0.032190717146901755,0,0
0.00481565598960814,0.030263612522685644,0.001262038638925377,0.000939960638787609,0.9627187322099933,4,4
0.0031560873216245865,0.025373692825789572,0.0010252449230881522,0.0007352197599280528,0.9697097551695697,4,4
0.3946237051427391,0.3953852414185649,0.059233883883520834,0.04071424157557998,0.11004292797959497,0,1
0.004645840225222496,0.02944970465424842,0.001245855304929041,0.0009212923623641957,0.9637373074532359,4,4
0.002398065548886708,0.023115312066456624,0.0008874080661156828,0.0006254083061453692,0.9729738060123956,4,4
0.3532589771729778,0.5284663441782564,0.03069243229858288,0.018304080847916692,0.06927816550226608,1,1
0.28248396752542076,0.5521998548459484,0.0363069239327435,0.02024605850120843,0.10876319519467882,0,1
0.004149718672720377,0.02782671200842503,0.001183272621538799,0.0008634516802101609,0.9659768450171056,4,4
0.0033085065234353807,0.024824068168797068,0.0010665957642002036,0.0007578607438193494,0.9700429687997479,4,4
0.0034884138107675287,0.023697836844848108,0.0011247073989602942,0.0007853750458374461,0.9709036668995866,4,4
0.004587780528398386,0.02599475705158415,0.0012984161462636053,0.0009225798013402129,0.9671964664724138,4,4
0.004852192912864549,0.024941052052896522,0.0013743131955197268,0.0009592613163364055,0.9678731805223828,4,4
0.0329324712876225,0.057622927946152265,0.003389954696913834,0.002871595625964509,0.9031830504433469,4,4
0.007209106477398138,0.03371195969085298,0.0015772876488823755,0.0012032916552158653,0.9562983545276506,4,4
0.5492611033351568,0.33498964427867556,0.04097409601866958,0.027438439802766338,0.04733671656473184,3,0
0.003289510852819503,0.025438037374480464,0.0010523143826817987,0.0007538648375627171,0.9694662725524555,4,4
0.003061831233420915,0.024092424503503046,0.0010256634440347502,0.0007243081090032688,0.9710957727100381,4,4
0.0023989488172458575,0.02312416588099293,0.0008877873781169942,0.000625664079078343,0.9729634338445659,4,4
0.005479853458667708,0.02588013869001814,0.0014638358315174464,0.001037241027970694,0.966138930991826,4,4
0.16779811479999662,0.6641565809253283,0.024416413292092567,0.013789304413521528,0.12983958656906106,1,1
0.12777088080975257,0.6158514258920788,0.02715599895908475,0.01443353904780919,0.21478815529127485,1,1
0.0037482648484544303,0.025027398186038052,0.0011541060193451338,0.0008175263087459888,0.9692527046374164,4,4
0.0027174327371237944,0.023310301382991536,0.0009604495800406166,0.0006748096449248931,0.9723370066549193,4,4
0.30907897924586514,0.5416819692550124,0.03523526465724946,0.017614285873063844,0.09638950096880916,1,1
0.23360171077528344,0.6168016983448358,0.028551087709058072,0.015418504707440814,0.10562699846338197,1,1
0.31937494613151657,0.5197101430592306,0.03813391665179686,0.019009021846071072,0.10377197231138499,1,1
0.7513147424487059,0.1728529139305038,0.03286231897285087,0.027557132886379836,0.015412891761559565,0,0
0.0051653626885418405,0.02968825864798475,0.001329574995621009,0.0010135735515286223,0.9628032301163238,4,4
0.002398067471055609,0.023115295009477694,0.000887408698529102,0.0006254084500265557,0.9729738203709111,4,4
0.04646873145094513,0.07080801444717696,0.006034566778913334,0.004635665467228025,0.8720530218557366,4,4
0.33844229568392675,0.5200755908621589,0.035673772557098804,0.020473668473558686,0.08533467242325689,0,1
0.002816929485944671,0.023955896891026913,0.0009729525447745838,0.0006885065878579761,0.9715657144903959,4,4
0.30226916467218873,0.542481194144622,0.035509140293583104,0.017939431820750213,0.10180106906885586,1,1
0.006450836296719952,0.030916768426558213,0.0015193581878496475,0.0011232257760921903,0.9599898113127799,4,4
0.0033791191180548713,0.024933151153866823,0.001097304002074452,0.000778554747894347,0.9698118709781096,4,4
0.005680286556981392,0.0315042601234857,0.0013905670250056379,0.0010396601135770098,0.9603852261809503,4,4
0.0034776543248441383,0.024382612560411885,0.0011132691172015628,0.0007835647899073036,0.9702428992076352,4,4
0.0027019514312954466,0.023888547076096462,0.0009476341196486642,0.0006712772013759368,0.9717905901715835,4,4
0.005991533808816747,0.02836192720029989,0.0015484607263863159,0.0010955519430330479,0.963002526321464,4,4
0.15841171405587778,0.560925389469308,0.032173115234097285,0.01864457133812471,0.22984520990259205,4,1
0.006694322042275659,0.027847964223471036,0.001644545753535629,0.0011638913744469368,0.9626492766062706,4,4
0.006065670812581009,0.027813978014041688,0.0015186761219525228,0.0010890140622048287,0.96351266098922,4,4
0.012478149388009629,0.03241370357397311,0.002399856713551611,0.001704001825026487,0.9510042884994392,4,4
0.18289063209086867,0.5418258011913407,0.10110265601994103,0.020229846794101055,0.15395106390374855,3,1
0.003362422691571288,0.024743130745871655,0.0010967668149498538,0.000770673412518195,0.9700270063350891,4,4
0.008542380649240339,0.035561174945319504,0.002014651131783405,0.0014056935546581586,0.9524760997189987,4,4
0.003619311976988761,0.024389851408816828,0.001140571734834361,0.0008020730528574232,0.9700481918265027,4,4
0.01007903932947839,0.03437968074403805,0.0022929763100404824,0.0015776996701264566,0.9516706039463165,4,4
0.004412910958447153,0.026299465859262103,0.0013242838453169715,0.0009191088307252154,0.9670442305062485,4,4
0.20310131492438727,0.5828781883218029,0.03767128632528574,0.017015689969839567,0.15933352045868443,1,1
0.008463204461109108,0.029361307021032044,0.0019338347343466,0.0013583957730173236,0.9588832580104949,4,4
0.008028062071507086,0.028034987883191996,0.0018768496245956349,0.0013082493487444435,0.9607518510719609,4,4
0.39902812429867546,0.40964237482756155,0.037726391556284794,0.0267928659560981,0.1268102433613799,1,1
0.16917794143915427,0.4658887223385628,0.036442673427995884,0.016492292028236745,0.31199837076605014,4,1
0.008386398462232275,0.025265034296618322,0.00196275847142636,0.0013406533347553662,0.9630451554349676,4,4
0.24971990913745315,0.5664762129382592,0.03693075621463722,0.017534638043586463,0.12933848366606396,1,1
0.008519122003506869,0.02779822130623223,0.001902640499971973,0.0013417880422079682,0.9604382281480809,4,4
0.23088773111226796,0.549756656268781,0.04139354652489507,0.01838174030903361,0.15958032578502232,1,1
0.005224409636466255,0.027452741571259133,0.0014072210357057905,0.0010020075338462863,0.9649136202227226,4,4
0.2761309662879574,0.539839053738493,0.039288664402201294,0.019457699740561808,0.1252836158307865,1,1
0.6652305164788825,0.24379346813511085,0.0358079004992795,0.03223711848387857,0.02293099640284847,4,0
0.3240884168003918,0.4486508877386459,0.1354135339101154,0.02516868980883817,0.06667847174200876,1,1
0.31237174362717673,0.47615932863973454,0.12842529687102536,0.020704707309880176,0.06233892355218313,2,1
0.2209342848811727,0.5691285039976949,0.04065564663184258,0.018232516900637905,0.15104904758865198,1,1
0.014705008389586398,0.030784390109741586,0.00276985670651174,0.0019134646270559763,0.9498272801671042,4,4
0.5479695413691054,0.3356195478535714,0.06071863642329971,0.02771119876348197,0.027981075590541506,2,0
0.28853429096625655,0.502549279351175,0.04573973953237447,0.020156900231535577,0.1430197899186585,1,1
0.3403660470889623,0.456113826061553,0.05043149003820832,0.02236015332881146,0.13072848348246505,1,1
0.2948340130383118,0.5056549396333703,0.04433822756895747,0.020234870043100726,0.13493794971625964,1,1
0.18125855000975616,0.6116623576994881,0.03410561994736909,0.015915512809773946,0.1570579595336128,0,1
0.1285620772259965,0.6216058832153253,0.030504541389122477,0.013918178023663012,0.20540932014589283,1,1
0.7815502913773107,0.14963903608657364,0.03135747599604022,0.025762236640541773,0.011690959899533695,4,0
0.12279709509518622,0.1009793047584773,0.010805089930880344,0.008166490122479128,0.7572520200929771,0,4
0.001280591200768812,0.017961946117871122,0.00016599629257964813,8.695920024645972e-05,0.980504507188534,4,4
0.13390362653952106,0.5995355301820723,0.035815134923143324,0.022110948060927386,0.20863476029433592,1,1
0.19049853367599734,0.6460710426992455,0.03858607439181626,0.02180458518520883,0.10303976404773194,2,1
0.6431391163569735,0.2819141168451203,0.025032762643950116,0.04059334056080459,0.009320663593151271,0,0
0.0031576738602442037,0.02769334177814122,0.0002669035688309228,0.00017897355584771806,0.968703107236936,4,4
0.054592081610897625,0.3065521206853634,0.01170954501118904,0.004197614754442964,0.622948637938107,4,4
0.0025879285367804957,0.025523586737206134,0.000253136606496859,0.00014631995623462193,0.9714890281632819,4,4
0.004927950181652102,0.03601312895151324,0.00034728922273668394,0.00024680888506392845,0.9584648227590341,4,4
0.01647900464084838,0.06818529718422826,0.0006273922052664968,0.0006761424015555396,0.9140321635681014,4,4
0.011400929688907109,0.058308099723093025,0.0005277531362433205,0.0004956768646354057,0.9292675405871211,4,4
0.0012110960015586643,0.015764451654915655,0.00017110954607686116,7.589923105363735e-05,0.9827774435663951,4,4
0.0018816759082388539,0.01692347097348452,0.00023990303869410076,9.247918226545512e-05,0.9808624708973169,4,4
0.0010677418196257632,0.015446212083692682,0.00015534348327283278,7.172426665793726e-05,0.9832589783467508,4,4
0.7884640875438577,0.14979976853047197,0.018647700389870174,0.04003454232353857,0.0030539012122616674,0,0
0.6362012899439707,0.258156057213631,0.054479356581341974,0.033172075084719935,0.017991221176336246,0,0
0.724130714439902,0.1938961479351413,0.04035398649403897,0.032329525730798135,0.009289625400119527,0,0
0.7623361979205994,0.17393673140321572,0.017282872683212585,0.04365446955146135,0.002789728441511163,0,0
0.0009413926042770923,0.015136530324544649,0.00014106405082747603,6.7791765437083e-05,0.9837132212549138,4,4
0.0029551521315884315,0.01796970098639785,0.00032828778123351275,0.00011812902390795505,0.9786287300768723,4,4
0.0027240216323658442,0.020276898301224953,0.0002961131526420918,0.0001219716001591752,0.976580995313608,4,4
0.0031190618098646174,0.018488689802775207,0.00035555994498581207,0.00011688025713904762,0.9779198081852354,4,4
0.0012453763181854572,0.01682711351967426,0.00016852125403787123,8.123846221867757e-05,0.9816777504458837,4,4
0.005474348558927334,0.0426567300834616,0.00045586163881059557,0.00026203405469567216,0.9511510256641048,4,4
0.10826374377072182,0.574923112794641,0.03238911990407229,0.015334873823561466,0.2690891497070034,1,1
0.1447941596759365,0.6645237999137812,0.03313881103210503,0.0172856248603551,0.14025760451782224,0,1
0.005885547634595229,0.041704760843716604,0.00036959077040886934,0.00029800296600983117,0.9517420977852694,4,4
0.0034162323511901338,0.030173039128168582,0.0002824772171342393,0.00018787878472764245,0.9659403725187794,4,4
0.001290144916197089,0.01593815753595407,0.0001797442271879487,7.814575384767595e-05,0.9825138075668133,4,4
0.0013637882646248842,0.018144792000650712,0.00017420555512583246,8.944832781493033e-05,0.9802277658517836,4,4
0.30157998691803645,0.4443894185135724,0.028471117554283474,0.013901391099518283,0.21165808591458957,0,1
0.4236609215040978,0.31838936807671286,0.11588844246569772,0.01943096115981622,0.12263030679367551,0,0
0.0034161757425703347,0.030171959878386466,0.00028245585564749034,0.00018786823291060535,0.9659415402904852,4,4
0.002504179401272619,0.023347996005407882,0.00023260426685810983,0.0001506283012247385,0.9737645920252367,4,4
0.14866431165485605,0.6732285014204876,0.02902381217925268,0.019148334643694268,0.12993504010170925,4,1
0.001373604791314529,0.01608654300655522,0.00018844614885621096,8.030331032690788e-05,0.982271102742947,4,4
0.0018168231030184381,0.017882314109071942,0.00022513951664131687,9.623185947797704e-05,0.9799794914117904,4,4
0.0034161664864668013,0.030171760461570312,0.0002824530640224446,0.00018786635762328864,0.9659417536303172,4,4
0.12074056435044805,0.1924250859925712,0.0016598915512060699,0.0034122237125771174,0.6817622343931976,4,4
0.11309813580995653,0.13472303869583604,0.002739917577510436,0.002613034440728474,0.7468258734759686,4,4
0.10618448026359578,0.6758589424387406,0.023265651034974962,0.015966949234984925,0.1787239770277037,0,1
0.0028217971977284686,0.019198578379890766,0.0003156758770913597,0.00011726606341676054,0.9775466824818727,4,4
0.0015902221285596517,0.0197615405280174,0.000188941526316521,0.00010128770920569045,0.9783580081079009,4,4
0.39098826521684404,0.42986107242799454,0.07553061932955434,0.02879794171367541,0.0748221013119317,0,1
0.002469091529284299,0.01989413383104688,0.0002828412745522729,0.00011486447848737746,0.9772390688866293,4,4
0.0012117085885808773,0.015791780561872963,0.00017139703143605894,7.603880672732191e-05,0.9827490750113826,4,4
0.0024017259574616295,0.018642651203241743,0.00028725808462412697,0.00010734444502517107,0.9785610203096473,4,4
0.30833073180342097,0.4341676856718241,0.10959121835664921,0.022074505818324337,0.1258358583497814,0,1
0.19345806778318608,0.5687727973742543,0.05804426385429643,0.01466899222200472,0.16505587876625843,1,1
0.001067961455360419,0.015457046509504493,0.00015545095176345717,7.177801552767649e-05,0.983247763067844,4,4
0.0018032762143444373,0.020161342181717355,0.00020800911200537052,0.00010713652557196255,0.9777202359663609,4,4
0.01026089998426286,0.21913343922642683,0.005197724553111553,0.001824774383077847,0.7635831618531209,4,4
0.0037420439668540096,0.030585480499367938,0.00031312400003561357,0.00019315781439377682,0.9651661937193488,4,4
0.1160661145033283,0.17529298958808737,0.0017837237924379112,0.0029060386574660995,0.7039511334586803,4,4
0.17133246339985408,0.3743067497543435,0.011491206560792033,0.010817350802547364,0.432052229482463,4,4
0.012903581158762228,0.05939330355689845,0.0005804995236568433,0.0005236293531413738,0.9265989864075411,4,4
0.4034229663111096,0.27627658538329125,0.010249882134109684,0.009334511568161917,0.3007160546033276,0,0
0.006934466432319705,0.02670770759473301,0.0005662806038719027,0.00020818270788266398,0.9655833626611926,4,4
0.1965244311860463,0.6004836073006575,0.02256894507706181,0.016160814654193598,0.1642622017820408,1,1
0.0168101740447438,0.06380498351000369,0.0008879178605498123,0.0006326517244045835,0.917864272860298,4,4
0.0019352180202658693,0.01807781553026385,0.0002364437609456262,9.906394250962718e-05,0.9796514587460149,4,4
0.0010980350057471545,0.016489707527327917,0.00015301586592282308,7.678335847607779e-05,0.982182458242526,4,4
0.001098797679790111,0.01651465672956365,0.00015351335749767275,7.695020309543298e-05,0.9821560820300531,4,4
0.07844709032812627,0.5712965332454799,0.042013231880729585,0.009886386759850764,0.2983567577858136,1,1
0.0027540956979792,0.02004780990584124,0.00028890866796271817,0.000127795122142697,0.976781390606074,4,4
0.003242500710981832,0.025042214366504816,0.0003136786641725467,0.0001539922338231196,0.9712476140245176,4,4
0.0026870603438593015,0.021433923544651314,0.00031034223154052283,0.0001229735272199471,0.975445700352729,4,4
0.5635299909924152,0.3199549712763491,0.037002856245456316,0.033714703882281476,0.045797477603497935,0,0
0.0018537212452514453,0.02151352616966671,0.0002047952307196413,0.00011463584637667235,0.9763133215079854,4,4
0.010887388732807432,0.04863080548197244,0.0005920664949008145,0.0004090464576878664,0.9394806928326315,4,4
0.387060021171158,0.42481313491570494,0.07471817537495683,0.03311566258278876,0.08029300595539147,0,1
0.003639985102442688,0.028627700705049608,0.00031720869478381336,0.0001801973220181887,0.9672349081757058,4,4
0.02102095376175581,0.07298206431694437,0.0008152164288476628,0.0007423551802052645,0.9044394103122468,4,4
0.009246107998136317,0.053471640250332214,0.0004696049331529629,0.0004300190850980712,0.9363826277332805,4,4
0.5813833758313562,0.29533757609157785,0.0594048083610428,0.03231743793452961,0.031556801781493574,1,0
0.4260065352711662,0.3815383044651798,0.07493865762773232,0.035682393052660785,0.08183410958326094,1,0
0.14763510528003185,0.5119005323266014,0.014901198351539139,0.1250655186620187,0.2004976453798089,3,1
0.0029338629814128735,0.027751192261717957,0.000261016951808626,0.0001662371834331806,0.9688876906216273,4,4
0.0023676280457926337,0.02533716162399016,0.00023051532216431664,0.00014343543335358343,0.9719212595746994,4,4
0.0027251308013518647,0.020306674370027297,0.0002965341632840748,0.0001221534710640661,0.9765495071942728,4,4
0.10591425207969382,0.7083822469039646,0.025777591065799948,0.015343670788102686,0.144582239162439,1,1
0.5989410280582476,0.274126224518331,0.06606075363383726,0.03168375755615439,0.02918823623342989,0,0
0.0036293839316861943,0.028099519561273573,0.0002904174323507375,0.00020011675313206986,0.9677805623215573,4,4
0.0027998536670810325,0.021629500679874413,0.0002914440453673125,0.0001304552172390114,0.9751487463904382,4,4
0.0014931678723627947,0.019560592966067592,0.00017999139436190555,9.845339082982825e-05,0.9786677943763779,4,4
0.5842752677422416,0.2691277261755417,0.07311820705299049,0.033641431099912036,0.03983736792931404,0,0
0.0017408239252760267,0.021300058506631588,0.00019519315523074829,0.00011146816373198522,0.9766524562491297,4,4
0.37459639725893007,0.5193605821568139,0.035286727859085064,0.030055622464612422,0.040700670260558486,1,1
0.0033133119173980362,0.01852569287074282,0.0003701801193293491,0.00011913605047244521,0.9776716790420573,4,4
0.6972494187602983,0.2251181885376884,0.03163380358646959,0.03781402973390039,0.008184559381643286,1,0
0.005385999050547007,0.038756176842739666,0.0003582412872636606,0.0002711995585518709,0.9552283832608979,4,4
0.0012897862186222902,0.015924259687412106,0.00017956422356303484,7.806771992165164e-05,0.982528322150481,4,4
0.4727263506320235,0.37029880202758647,0.05063743292955208,0.040378300492221415,0.06595911391861647,4,0
0.007107604345860399,0.02824450715605172,0.0005526320570565053,0.00022065977177372162,0.9638745966692577,4,4
0.0012456822832713776,0.016837791820219973,0.00016869589650292535,8.130500097608608e-05,0.9816665249990297,4,4
0.0030324540057593253,0.025167739870469146,0.00029347951870317246,0.00016378675691449725,0.9713425398481539,4,4
0.2894620728213105,0.6110362961137743,0.02343932422803488,0.032721734697915617,0.04334057213896469,1,1
0.0015043899391307524,0.017352776491524825,0.00019484770300721828,8.844949559804251e-05,0.9808595363707391,4,4
0.7363804680335627,0.1794784903603225,0.02790383739402457,0.04879321227593665,0.007443991936153643,0,0
0.0029330933130327177,0.02773517325360956,0.00026070780036366277,0.00016609719290096477,0.968904928440093,4,4
0.57300852866101,0.28999569959335325,0.0652449548850707,0.029036112791888065,0.042714704068677944,1,0
0.32620387432591785,0.4792088717551345,0.06261352669252536,0.019906251402078756,0.1120674758243436,1,1
0.11629163749039348,0.6866155093976007,0.02653215253497254,0.01727718439593676,0.15328351618109645,1,1
0.004553004521268311,0.021752890603171853,0.00042532458566469104,0.0001602961341711926,0.9731084841557238,4,4
0.004348878432527209,0.03532528537055395,0.00031569524175705297,0.00023350979012883176,0.9597766311650329,4,4
0.0023364185622681707,0.018615788230656617,0.0002730034726242261,0.00010769514007666932,0.9786670945943743,4,4
0.0021942356475845347,0.018435310188532304,0.0002602345141792131,0.00010474022390562478,0.9790054794257984,4,4
0.08999110799119765,0.09673136979447604,0.0024168414846708307,0.0015152905026757958,0.8093453902269796,1,4
0.0011371511365828458,0.01560391282867773,0.00016302893687505666,7.37789933999036e-05,0.9830221281044643,4,4
0.003952247502961833,0.02777127578057276,0.00029062169229238544,0.00022629172742867808,0.9677595632967444,4,4
0.12132218629621491,0.5577595561316119,0.03303382388558553,0.012429683065438632,0.2754547506211489,4,1
0.001289793036937837,0.015924517408157,0.00017956663536151514,7.806938672988031e-05,0.9825280535328138,4,4
0.001211073874340569,0.015763455336969035,0.00017109934646839935,7.589404576687072e-05,0.9827784773964551,4,4
0.0019347115367996026,0.018061373367916304,0.00023623767739511034,9.896836046297913e-05,0.9796687090574261,4,4
0.004799252171378439,0.033791671081463776,0.0003532717618253576,0.00023097444285933747,0.9608248305424731,4,4
0.0014947307081879728,0.019605517453782483,0.0001808264182060897,9.8797056776179e-05,0.9786201283630472,4,4
0.0029003850592067737,0.020475194071290795,0.0003106377370188206,0.00012540770441806206,0.9761883754280655,4,4
0.002263025825937496,0.021915906124670568,0.00023082569908350594,0.00013066075184678535,0.9754595815984616,4,4
0.71958489698362,0.1886000412913538,0.049395024298860245,0.030382212631875842,0.012037824794290186,0,0
0.009824005656908767,0.05379325272075165,0.0004889300963721289,0.0004398335520653479,0.9354539779739022,4,4
0.0010025525139136225,0.0152896519543227,0.00014801239087123722,6.972406142821267e-05,0.9834900590794641,4,4
0.1398476221794393,0.1333081212599721,0.003920588823786244,0.002671849896016806,0.7202518178407856,4,4
0.0011693764873928576,0.016657228250702365,0.00016057458618433116,7.897590527325205e-05,0.9819338447704472,4,4
0.24799124355299426,0.5666846091234113,0.048542685328332454,0.01888040220884919,0.11790105978641269,1,1
0.0023188812667753046,0.020989375211304655,0.00025223904793804315,0.0001199063039330423,0.976319598170049,4,4
0.44192406670300605,0.35004028645936425,0.08310364960820794,0.0253138358480571,0.09961816138136474,0,0
0.001463054945497651,0.016256874342467673,0.00019787011915216052,8.264022912119112e-05,0.9819995603637613,4,4
0.0016471793182878728,0.01870511285108305,0.00020133543879572962,9.735318320453271e-05,0.9793490192086288,4,4
0.12871168189206672,0.5476343536686334,0.04276027021729538,0.011728921785722695,0.2691647724362817,1,1
0.0022737227574325313,0.017474696767247017,0.0002777402358445176,0.0001008483167780497,0.9798729919226978,4,4
0.001660856976923477,0.016628743844175137,0.00021853595435816642,8.774620182135288e-05,0.9814041170227219,4,4
0.0416969176121162,0.0725578912148787,0.0017856562316652994,0.0009815891620757716,0.8829779457792639,4,4
0.16594779685768213,0.5547826714925622,0.05412371745853268,0.0155038561657332,0.2096419580254897,1,1
0.009938036070643464,0.047921555035636006,0.0005317316989601025,0.00039686903579104954,0.9412118081589693,4,4
0.012645834404516516,0.026870771237739944,0.0005866740539898632,0.00048628403798652595,0.9594104362657672,4,4
0.23343601280798335,0.5982550174198532,0.046551206532666346,0.02370760436541863,0.09805015887407852,2,1
0.007863059248649166,0.040355088146378275,0.0004921612262916485,0.0003246819934695592,0.9509650093852113,4,4
0.12524537824050433,0.6539825707935706,0.03880162761288108,0.014357636288333312,0.16761278706471067,1,1
0.011969070151049572,0.04926414820932526,0.0006127385959245838,0.0004306994347882516,0.9377233436089123,4,4
0.02329808486456925,0.06103693519928123,0.00094834884634921,0.0006436461152198784,0.9140729849745803,4,4
0.010250902617673821,0.03378948653097922,0.0006814058277865692,0.00029073245202896285,0.9549874725715314,4,4
0.002420376326825693,0.017630727487378393,0.00029111494754213105,0.00010357876231106185,0.9795542024759427,4,4
0.1350507290697219,0.1225089975490727,0.007110777247414881,0.0022878650517065375,0.7330416310820839,1,4
0.16988811635173387,0.5296600729926804,0.0684161785536655,0.01294449363859417,0.21909113846332617,1,1
0.1992703089397909,0.5101286834955481,0.04223480003527046,0.018005304018773646,0.23036090351061686,4,1
0.14525507487586525,0.49434478494762013,0.06129398587112983,0.01094175706540598,0.28816439723997883,1,1
0.0034087499016710794,0.019819795901790786,0.0003654196650050747,0.00012783167046287997,0.9762782028610701,4,4
0.13317700367197352,0.0560020461338416,0.0028014265751127943,0.00444418551377209,0.8035753381053,4,4
0.005066795005811181,0.02230249592826786,0.0005067834991901528,0.00015642030020750116,0.9719675052665233,4,4
0.012127739568255384,0.038682759659085963,0.0007614311170994649,0.000337391335082087,0.948090678320477,4,4
0.2188135471882125,0.2585705762574182,0.0028019433465081914,0.004362894622840004,0.5154510385850212,4,4
0.11682824034368403,0.16943686433201707,0.001991326779286914,0.0026158035056483855,0.7091277650393636,4,4
0.04609971627068615,0.07430585711004063,0.0019047463512362668,0.0009971662785121303,0.8766925139895249,4,4
0.02454165864698236,0.04151627914393584,0.0012887086713549206,0.0005299778118666949,0.9321233757258602,4,4
0.7263495169789865,0.19821421283176266,0.028856970725946996,0.019581796080964338,0.02699750338233946,0,0
0.19245043260158032,0.5534319582891343,0.06258363799252362,0.014228094096270011,0.17730587702049166,1,1
0.2607770043452361,0.5975934597900288,0.04329525070907727,0.021364641854634995,0.07696964330102288,1,1
0.006002257940405031,0.02178390195920654,0.0005659085851581585,0.00016537720155194514,0.9714825543136784,4,4
0.43249506037307317,0.1248541768607073,0.0024658878502400775,0.4367967399102675,0.003388135005711836,3,3
0.006253636684541248,0.04541150107412356,0.0005440801642765055,0.00027380831238783473,0.9475169737646708,4,4
0.16572920270473632,0.531652552646985,0.06642309394916386,0.012308696424331907,0.22388645427478293,1,1
0.008885732439070817,0.025867238155865554,0.0007275190588415805,0.00021505064941272812,0.9643044596968094,4,4
0.23764906868072516,0.5784807810784216,0.045900299416226774,0.01991524800260696,0.11805460282201949,1,1
0.21567765182362772,0.5492390400675602,0.09528368637233924,0.017723581424510387,0.12207604031196265,1,1
0.057543347249336,0.3866803121515246,0.0296618256696704,0.005799593548845535,0.5203149213806234,1,4
0.17296330672907528,0.5127630511774836,0.06235192921582994,0.016595883041962637,0.23532582983564873,1,1
0.15564655637514724,0.5313925838515526,0.06574616351916573,0.012112192573743652,0.2351025036803908,1,1
0.2462140535084273,0.5001193664766115,0.07391307587833694,0.014385378938590229,0.16536812519803407,1,1
0.7241250239309078,0.2157461600940232,0.015875764326680097,0.04067461235327424,0.0035784392951145045,0,0
0.11114963367982872,0.6084453923786084,0.04135379250309187,0.012649311672191067,0.22640186976627996,1,1
0.03908900419246332,0.11892206679234736,0.001906519171424574,0.0011251980905274436,0.8389572117532373,2,4
0.2550658654237265,0.44820475901104195,0.08905902495675203,0.013963558623275068,0.1937067919852044,1,1
0.14492985675117237,0.5273668579356529,0.061704804365760056,0.011885554692016733,0.254112926255398,1,1
0.2843694289751813,0.6022336836656557,0.03368625628450325,0.02530194039310993,0.05440869068154988,1,1
0.011852518315907359,0.02928315144617603,0.002610934073139009,0.001230678769304826,0.9550227173954728,4,4
0.005550481471197125,0.029392788428711146,0.0017347474458963895,0.0007978361824454787,0.9625241464717498,4,4
0.3445944656390554,0.39626859558435945,0.06391122791450383,0.036495822423228484,0.1587298884388529,0,1
0.2938067735164403,0.6038583206263136,0.02047046198875781,0.024100904788314864,0.05776353908017341,1,1
0.002862243208641162,0.020318532936775203,0.0012289225896701791,0.0005199682577908068,0.9750703330071226,4,4
0.014153018810025978,0.03744677095842812,0.0027821929030287552,0.0013761449716337979,0.9442418723568833,4,4
0.20930161042319093,0.5976444048230547,0.026735593583291955,0.02535589550772874,0.14096249566273358,1,1
0.3559835000718858,0.42168103620283665,0.07193672280095784,0.04124720434300499,0.10915153658131466,4,1
0.0037694540872199108,0.021454903687334093,0.001412521961777002,0.0006090338794242003,0.9727540863842449,4,4
0.2328933507977005,0.6282826312312663,0.021918835336100992,0.024013024255794577,0.09289215837913768,1,1
0.004146181058974485,0.021582768470705803,0.0014812090535547401,0.0006415459787396323,0.9721482954380254,4,4
0.49643763333828156,0.3527162196900788,0.06000100476167947,0.03883265083983527,0.05201249137012485,0,0
0.009599157645462226,0.03767467718573694,0.002295720680395035,0.0011221685131743828,0.9493082759752314,4,4
0.23036021080604815,0.6423898087865942,0.021446077395710843,0.02332361340071135,0.08248028961093551,1,1
0.01631216360955683,0.04404813551029652,0.0033781058874014255,0.001668023321494294,0.9345935716712509,4,4
0.0030815736775399345,0.02197032789814076,0.0012798089191853562,0.0005496707205199415,0.9731186187846139,4,4
0.006907227805584914,0.026822213491442575,0.0020335875942330962,0.0008842354239152181,0.9633527356848243,4,4
0.3928188991609939,0.32806267816948503,0.04273043450540837,0.026880282016864217,0.20950770614724834,0,0
0.004609269730200956,0.025797181454615795,0.0016029870716437386,0.0007051024016149456,0.9672854593419247,4,4
0.005886614498925399,0.02845137995365357,0.0017835375157539688,0.0008178633984198988,0.9630606046332472,4,4
0.00959972816557163,0.03767704050462668,0.002295906954250574,0.0011222528769355216,0.9493050714986155,4,4
0.005148516086662792,0.023553730963237804,0.0016560593919810684,0.0007331864895818491,0.9689085070685366,4,4
0.6761278552430396,0.21618121816007188,0.050091550658443194,0.03426415503603396,0.023335220902411306,0,0
0.0066939742617858735,0.0257141516734318,0.0018923836452985055,0.0008581073208175816,0.9648413830986663,4,4
0.4387964237849486,0.42203867597690037,0.056075239850210214,0.03776960391678698,0.04532005647115375,4,0
0.011036898292671217,0.039781594897921824,0.0024836126763825373,0.001228488589225608,0.9454694055437989,4,4
0.006034035787519851,0.030623299921138318,0.0018106820132870903,0.0008409422281833383,0.9606910400498714,4,4
0.0034233546776961704,0.021502678434794194,0.0013483739353473288,0.0005780867767744105,0.9731475061753879,4,4
0.005870518547153171,0.02280327292852929,0.0018092304341388297,0.0007780789623974872,0.9687388991277811,4,4
0.5329150061632218,0.28227073751657905,0.07129284404317199,0.0422502036254368,0.07127120865159028,0,0
0.2459693047055903,0.5722377074307666,0.05811315585093562,0.02604207844822518,0.09763775356448229,1,1
0.2936245277828908,0.48447257929113696,0.06975515390084888,0.026875720157914493,0.12527201886720876,1,1
0.44275651738042215,0.3817042878562004,0.06736769236789654,0.04061729666071081,0.06755420573477003,0,0
0.0036907804204245956,0.023070448238320836,0.0014035468701174617,0.0006115090780146819,0.9712237153931224,4,4
0.005162095448666212,0.027219028012017907,0.001668262482710175,0.0007558249627715826,0.965194789093834,4,4
0.28655046847745685,0.5597397973778269,0.02880630714102868,0.028278813240262057,0.09662461376342554,2,1
0.010730830509002379,0.03679642394506212,0.002434329789946303,0.0011888104869834087,0.9488496052690059,4,4
0.007996514290034272,0.027923853108271467,0.00233988324457358,0.0009617873892376207,0.9607779619678831,4,4
0.009123912605695887,0.028697698780620284,0.0023196035648140587,0.0010143802369561557,0.9588444048119136,4,4
0.015018907702084337,0.03592238383893019,0.0028561183830287857,0.0014100189871021792,0.9447925710888544,4,4
0.004691982711088669,0.02704836749808621,0.0015903227006933494,0.0007172556413909047,0.965952071448741,4,4
0.005857667035434825,0.02131544817156543,0.0017584754684769111,0.0007700274800316489,0.9702983818444912,4,4
0.0030043730090312,0.020408525462589124,0.0012597525649163004,0.0005343004988539724,0.9747930484646093,4,4
0.473971448162261,0.38064862332605387,0.058059619184316714,0.03835279767991092,0.04896751164745751,0,0
0.006638902037953228,0.026995225030372952,0.0018971062750015556,0.0008636536952994672,0.9636051129613729,4,4
0.0028620933775231148,0.020316113159816015,0.0012288408608754791,0.0005199226104792987,0.9750730299913061,4,4
0.003794917740118255,0.02201687728350775,0.0014448153956066597,0.0006153850918320138,0.9721280044889354,4,4
0.0173534401288172,0.0483073392756583,0.0031047664193483595,0.0016165262182844273,0.9296179279578917,4,4
0.571134261144641,0.29579772646023894,0.053980983862127796,0.037717028082474444,0.04137000045051775,0,0
0.003388344090168022,0.02209282585025019,0.0013413301699573262,0.0005787227262966015,0.9725987771633279,4,4
0.009122364912962441,0.03777267187034861,0.002367516572582292,0.0010988607200930888,0.9496385859240135,4,4
0.006951950484462662,0.031153349919997107,0.001946009646016853,0.0009089752278466494,0.9590397147216768,4,4
0.7541801647402449,0.1523311572637003,0.0449892478597123,0.03164931184727063,0.01685011828907181,0,0
0.0028306777276950277,0.021055236739425873,0.0012240780134722912,0.0005206272906863272,0.9743693802287205,4,4
0.2508765537713785,0.4256268094732162,0.028527684127159447,0.022233122035588034,0.2727358305926577,4,1
0.009538672378731823,0.03467924786597141,0.0023235104656046325,0.0011019240414089377,0.9523566452482832,4,4
0.004262834686606823,0.0233110638193345,0.0015097982153651078,0.0006621252530622603,0.9702541780256313,4,4
0.6479381277362793,0.245987679931049,0.04864834498545202,0.03476333993539137,0.022662507411828275,1,0
0.48600422598604665,0.348228443701255,0.062398622240804814,0.03992261803292706,0.0634460900389666,1,0
0.005045269818175888,0.02534647323195048,0.0016475776215889473,0.0007369867860725072,0.9672236925422121,4,4
0.0775468153336149,0.2982975209853576,0.0295504763633217,0.014301036263991072,0.5803041510537147,4,4
0.042567019687683824,0.07152810999726035,0.005436163962051822,0.003017448741809672,0.8774512576111944,4,4
0.0036247161931694067,0.02202012393220122,0.0014141115519692373,0.0006011354921604304,0.9723399128304996,4,4
0.1541296485176951,0.15176232085422606,0.014409178725232445,0.008831283653348653,0.6708675682494978,4,4
0.0059501113139675006,0.027707597804403798,0.0017938598602767568,0.0008174119564996082,0.9637310190648523,4,4
0.003514099394042367,0.023182712297028504,0.0013712026911042127,0.0005954056990550619,0.9713365799187699,4,4
0.5745090023165564,0.28525290927076036,0.0598915511583393,0.03913524606477759,0.04121129118956629,0,0
0.008850741212075103,0.036257584942491955,0.0022060941490066885,0.0010678099627663398,0.9516177697336599,4,4
0.22237607542633236,0.5947809602209805,0.027402352885998016,0.02563036346967234,0.12981024799701682,1,1
0.0076890328159239865,0.027069260670909052,0.0023105318638776563,0.000943154681708896,0.9619880199675804,4,4
0.0058132607187152355,0.02704152341139668,0.002027161516678833,0.0008137431601142907,0.964304311193095,4,4
0.3400088004151637,0.5272608698923592,0.02585031923868108,0.02760875819853239,0.07927125225526373,1,1
0.006292855098598812,0.022968319463518908,0.001826333576573197,0.0008115547794963738,0.9681009370818128,4,4
0.0034640300349393044,0.020569401633592048,0.0013518111007458935,0.0005771700465459887,0.9740375871841767,4,4
0.10756861250494477,0.729505179706033,0.01734141016438621,0.017702712353363695,0.12788208527127215,1,1
0.002968961938070559,0.021119774892730855,0.0012535683114384007,0.0005343813256169762,0.9741233135321433,4,4
0.005556089643490727,0.02256115697585663,0.001747603084064401,0.0007580211135962157,0.9693771291829921,4,4
0.0036465316699100365,0.023879582869612052,0.0013961953581098552,0.0006115003371185556,0.9704661897652496,4,4
0.6053687379813069,0.2717175555167471,0.06256065568445977,0.03567665850882776,0.024676392308658594,0,0
0.006105861140655122,0.029576394187705274,0.0018195066076140125,0.000840627667577954,0.9616576103964476,4,4
0.009610935847180535,0.037731414113792223,0.002299616694501489,0.001124032659926291,0.9492340006845995,4,4
0.004976027059398562,0.026179440755014036,0.0016350352573919927,0.0007352322918791468,0.9664742646363162,4,4
0.35630491257793634,0.4145334001455009,0.04088498687920927,0.02441836426456031,0.1638583361327933,3,1
0.00502836690629585,0.025485381145966563,0.0016439507614724094,0.000734569209191797,0.9671077319770734,4,4
0.435673784314286,0.44059848745621016,0.03921766779356635,0.03298945556024346,0.05152060487569412,0,1
0.009601998384271122,0.03768805375932923,0.002296644143285573,0.001122610834602754,0.9492906928785113,4,4
0.009508122211521386,0.03627945815044051,0.002340080039269618,0.0011153792334316292,0.9507569603653367,4,4
0.005826625366820525,0.029513095423467455,0.00177877634068806,0.0008199137781260834,0.9620615890908979,4,4
0.009160580908096193,0.03759764867025045,0.0022442605519612502,0.0010945067760067075,0.9499030030936855,4,4
0.005218614080802156,0.02625746682059113,0.001674291146506132,0.0007545950912553237,0.9660950328608454,4,4
0.007464577435358298,0.026469277149765404,0.0023118936023425497,0.0009262928969802212,0.9628279589155535,4,4
0.0034298764575383172,0.021360620624966433,0.0013485360451238849,0.0005789005784675951,0.9732820662939039,4,4
0.004784776424887143,0.021791910822592093,0.0015913197918087608,0.0006939923720959828,0.971138000588616,4,4
0.4136296461396542,0.37205483127020383,0.08017041098366486,0.041757180417606655,0.0923879311888705,0,0
0.18270032120202495,0.647307344977025,0.022410624475494488,0.023124083807208776,0.12445762553824684,1,1
0.003909271028762541,0.022294948492583063,0.001440548487606759,0.0006257734825829363,0.9717294585084647,4,4
0.0059349197852936126,0.030153740599135427,0.0018245995653992694,0.0008403825901940696,0.9612463574599777,4,4
0.3319922490697241,0.5336008899594556,0.027209659616612574,0.028372725801285418,0.0788244755529224,1,1
0.007913390031969475,0.02792143022248481,0.002062551738930513,0.0009537449394783147,0.961148883067137,4,4
0.003081792202009397,0.02197238417269524,0.0012799202812964464,0.000549717617243937,0.9731161857267551,4,4
0.0030798155837905923,0.02195546413722566,0.0012788043927885189,0.0005492468929575581,0.9731366689932377,4,4
0.3752827851287329,0.43148056611821284,0.058492984351586494,0.03884030872186971,0.09590335567959807,0,1
0.7656724295202445,0.16650789072614508,0.032673819263770706,0.026957880374654252,0.008187980115185352,0,0
0.004648657670492143,0.024407272028162882,0.0015819194493867405,0.0007010045870781912,0.9686611462648801,4,4
0.33447405333894575,0.5225606653809844,0.026756358842860165,0.025884929340942477,0.09032399309626711,4,1
0.004523919436560436,0.026023105546272067,0.0015591721552394684,0.0006979497928789105,0.9671958530690491,4,4
0.004203753748516012,0.024308130229883134,0.0015014531637301204,0.0006613747265020131,0.9693252881313688,4,4
0.0033881313110074905,0.02209086036826453,0.0013412174563679823,0.0005786724062513998,0.9726011184581085,4,4
0.005521507553060565,0.02200520415935267,0.0017095845625328167,0.0007507513842330871,0.970012952340821,4,4
0.6822722969934488,0.20885653212986202,0.04795979728224391,0.03456358414235613,0.026347789452089248,1,0
0.009360631898848348,0.030648882469437158,0.002255614275025234,0.0010625682361555732,0.9566723031205336,4,4
0.17988859551258354,0.6481054787196951,0.022810508764752026,0.023069823714307727,0.1261255932886615,1,1
0.24065179762885963,0.6415301865316173,0.020508669283785506,0.023521239748332177,0.07378810680740536,1,1
0.44070985665321155,0.4680313232562997,0.02582549034510961,0.027751446048134964,0.037681883697244255,1,1
0.0057217426052294865,0.022832883563658497,0.0017417854916739822,0.0007704744720452728,0.9689331138673928,4,4
0.003805201088732735,0.021060305099469684,0.0014217452750914731,0.0006084584214414537,0.9731042901152646,4,4
0.12540521417429623,0.6672329090616506,0.02074301105229169,0.020037877391972447,0.16658098831978918,4,1
0.5879038119295386,0.2131474849762859,0.05416529413071379,0.019883750204958136,0.12489965875850355,4,0
0.5099722101888448,0.3135308992258657,0.06789830694898195,0.04118242776535668,0.06741615587095096,0,0
0.009239714777536457,0.0322914473426982,0.002252176118174287,0.0010640065152094447,0.9551526552463815,4,4
0.00506827548920423,0.02126015136507983,0.0016374322870908388,0.000711151455055713,0.9713229894035693,4,4
0.003514547363243048,0.022964549596089404,0.001368200483334645,0.0005947618806402767,0.9715579406766925,4,4
0.3289179771517171,0.5360655905941465,0.025562262812127704,0.027148679153359355,0.08230549028864938,1,1
0.18692409389765788,0.6848896913359467,0.018634592940840706,0.020451323706390127,0.0891002981191646,1,1
0.5178041846610336,0.358928300881372,0.04903502738345962,0.03614769198882502,0.038084795085309646,0,0
0.002830611857026902,0.021054629054725795,0.0012240386207878879,0.0005206104290531585,0.9743701100384063,4,4
0.27494563707022784,0.5850655027896609,0.024060979834954938,0.02620929975354451,0.08971858055161165,1,1
0.004284770834930484,0.023430949563891974,0.0015214228544882084,0.0006602778232029942,0.9701025789234864,4,4
0.0036455807857669856,0.023872652701304033,0.001395690399901463,0.000611287333300436,0.9704747887797271,4,4
0.01181289154402165,0.025914804752502404,0.002547832317641903,0.001180143923446645,0.9585443274623875,4,4
0.006003827117009613,0.022924623796404663,0.0017848071781945112,0.0007914094877466066,0.9684953324206447,4,4
0.003429188296880928,0.021356128923577047,0.0013481429802854564,0.000578764621926701,0.9732877751773299,4,4
0.32741093041099495,0.5462662918878964,0.026270482149636124,0.027781410174082685,0.07227088537738983,1,1
0.31572752667478093,0.5518009778189298,0.024377075542950866,0.026850191930299656,0.0812442280330388,1,1
0.005315334054521317,0.02132308887333943,0.0016767287737689384,0.000729869910876414,0.9709549783874939,4,4
0.007353904070068733,0.022453186170775984,0.001973716563359675,0.0008789496851776741,0.967340243510618,4,4
0.11439466645342347,0.6676371132079942,0.021463554196625066,0.01985108311839142,0.17665358302356576,1,1
0.008221859689638865,0.02909052498130446,0.0021090005384371726,0.0009826033098772368,0.9595960114807423,4,4
0.1939661804552686,0.6040409295842734,0.03996445019783747,0.022820588839745217,0.13920785092287538,2,1
0.006596958838704324,0.025319567380875017,0.0020606700547282715,0.0008564981098129308,0.9651663056158796,4,4
0.040907598761502836,0.038689498986949046,0.005074962134041374,0.002525064508702302,0.9128028756088045,4,4
0.003759874361399073,0.02351201464600175,0.0015511816545451384,0.0006245448951979706,0.970552384442856,4,4
0.0076807368585786375,0.02783338070855149,0.0020731379275365433,0.0009388570609684578,0.9614738874443649,4,4
0.005934749157400635,0.02373600195335119,0.0017767034612578508,0.0007918637414480633,0.9677606816865423,4,4
0.13697615243420114,0.1169472344881913,0.014308013481712826,0.008668214841209948,0.7231003847546849,4,4
0.006154667023961514,0.021445105423187817,0.0018052203394235838,0.0007923877686651599,0.9698026194447619,4,4
0.07143651997631809,0.12599274135327762,0.010984789317778009,0.00660211465149443,0.784983834701132,4,4
0.02527966796602425,0.030546552340867023,0.0038152858215500557,0.0018124585919949022,0.9385460352795637,4,4
0.019481815456848562,0.026037036669796863,0.0032625310717603767,0.0015203873908028974,0.9496982294107913,4,4
0.11980949480431906,0.2848769847089928,0.019863976041642892,0.013439107225745464,0.5620104372192999,4,4
0.009468059940805318,0.027681941391805506,0.0023388833646115575,0.0010516943824958125,0.9594594209202818,4,4
0.2695355829113834,0.5543117298020552,0.030172032299267054,0.027576483284667105,0.11840417170262725,1,1
0.06135754724426748,0.07153845016254401,0.007696258446881967,0.004114722928842795,0.8552930212174638,0,4
0.21259171100328014,0.5526509005563162,0.0292270920989697,0.02679195460018332,0.1787383417412508,1,1
0.2112542459509297,0.5690526698165079,0.027714771160211486,0.02527373162886977,0.1667045814434812,1,1
0.30751634367272285,0.5261347567044757,0.028421541456369905,0.028461323414098686,0.10946603475233288,1,1
0.343751781658706,0.5083084322474013,0.027697599036361494,0.02855924595903478,0.09168294109849656,1,1
0.4110900025646995,0.3857491552976444,0.05157929605256967,0.03180559001975616,0.11977595606533024,4,0
0.12638335115025498,0.15534890730251685,0.020002043987282326,0.009842203556711237,0.6884234940032347,4,4
0.010337401650066828,0.026322255840157658,0.0026665473729681173,0.001098947446260465,0.9595748476905469,4,4
0.23113885626327926,0.5405898198152366,0.02930837673069608,0.027539849996469183,0.1714230971943188,1,1
0.25602278262707195,0.5752596309577879,0.027873387671732065,0.026849046180254035,0.1139951525631541,1,1
0.00816819255767075,0.02174730275706207,0.00207462423727838,0.0009229991803819699,0.9670868812676067,4,4
0.2938534228863308,0.5082655144856897,0.03001010873636776,0.02934140978517918,0.13852954410643256,1,1
0.3004853902861695,0.5503374385171456,0.02650544785250747,0.027126600775397317,0.09554512256878017,1,1
0.35495685957033474,0.5007308479863319,0.02859860537539805,0.02892462024558631,0.08678906682234898,1,1
0.1384002342980658,0.32166295223591124,0.01988650651271639,0.014434668503436228,0.5056156384498703,1,4
0.09335818432608912,0.6755220204657989,0.019389495717336877,0.017851727661895453,0.1938785718288795,1,1
0.38006764669403575,0.37687818191275474,0.05812799585565318,0.03900268138460492,0.1459234941529514,2,0
0.6459927977271178,0.25956567135739356,0.04447852818197024,0.03244256311692693,0.017520439616591346,0,0
0.5578766690889393,0.3144293609583327,0.058842083779415494,0.03696478973267478,0.0318870964406377,0,0
0.31341268369643566,0.587682869024265,0.020713514815239302,0.024571250352313608,0.05361968211174635,0,1
0.008926139879145102,0.032208864907166165,0.0023284768710875163,0.0009337652473442755,0.9556027530952569,4,4
0.3627022429797825,0.44835288840367443,0.08240588021479579,0.025635295225130902,0.08090369317661622,1,1
0.007166490654376394,0.033316530524796335,0.002437128681524257,0.000865654658439867,0.9562141954808632,4,4
0.007960126096424129,0.040801318827125774,0.0020742111894144987,0.0009311978091539927,0.9482331460778816,4,4
0.2185610894376641,0.5398190427924712,0.03297790987644199,0.025922335924838405,0.1827196219685842,1,1
0.0036085182469530012,0.024950685763417142,0.0012573902926624352,0.0005133534684322041,0.9696700522285353,4,4
0.008463892110085155,0.04033961923964025,0.002197808755803878,0.0009643379404006438,0.94803434195407,4,4
0.17575513178316396,0.6752347573403069,0.021565028659486757,0.0225407120478642,0.1049043701691781,1,1
0.5920591459862559,0.2847604445444323,0.0474557794488057,0.039199890122149236,0.03652473989835684,0,0
0.00943409750006916,0.04413101624485049,0.002284154771936201,0.001046640636549996,0.9431040908465941,4,4
0.003516940096517346,0.026526304183462225,0.001222527842780196,0.0005144316504826118,0.9682197962267577,4,4
0.10992636088159591,0.6856695886570628,0.018975030234818103,0.01850252223051809,0.16692649799600498,1,1
0.572846212423303,0.2934025978854258,0.049527431159045066,0.03953222253764436,0.044691535994581935,1,0
0.005616871842707276,0.026691409237150365,0.0017072509413168465,0.0006750864877692744,0.9653093814910562,4,4
0.155214382734369,0.6213951757467615,0.02560100709680671,0.022233151911676893,0.17555628251038594,1,1
0.004898372966100581,0.029191354247273767,0.0015455049249997691,0.0006413315173506032,0.9637234363442753,4,4
0.004673826240989626,0.025123549021888177,0.0015113540564606006,0.0005971082046867102,0.9680941624759749,4,4
0.019942726545269535,0.06238228300394336,0.0037086890983058715,0.0017830931918778575,0.9121832081606033,4,4
0.005465880089270104,0.0323692777466467,0.001624994138234379,0.0007012153292089277,0.9598386326966398,4,4
0.0035479752170491925,0.02589124520002682,0.0012325182763184442,0.0005127910138976011,0.968815470292708,4,4
0.008521722062594031,0.030788872923718087,0.0022787225574773125,0.0008962372504105769,0.9575144452058001,4,4
0.004846668311530282,0.026428575072207743,0.0015581425714051933,0.0006201513945039726,0.9665464626503529,4,4
0.0027166152656745877,0.0230777637547321,0.0010379001481552069,0.00042629191437438077,0.9727414289170637,4,4
0.08693925587048848,0.17290577583743552,0.011704713923781033,0.006596650809067805,0.721853603559227,4,4
0.0035611485532252856,0.02571283779336423,0.001239309289091874,0.0005136393835651628,0.9689730649807534,4,4
0.01216694963791481,0.031480950081776385,0.0029298346209748515,0.0011077213015948933,0.9523145443577391,4,4
0.0047777132443921665,0.03068984753455508,0.0014882746247546572,0.0006393215033240452,0.9624048430929741,4,4
0.10226796237668002,0.6185442252668987,0.020819738335847205,0.017928530064090637,0.2404395439564834,1,1
0.008153935451499488,0.030483812958688825,0.0021925585905383017,0.0008708988628599845,0.9582987941364134,4,4
0.007587535877153367,0.040055036980646636,0.001986502811604794,0.000898889555056824,0.9494720347755383,4,4
0.007350008748188225,0.03477901313642756,0.0020508087354578594,0.0008521923851088532,0.9549679769948175,4,4
0.010931660873813365,0.03551949609827065,0.0030765457077950686,0.001111047704439971,0.949361249615681,4,4
0.004911907871206052,0.02534088306069457,0.0015645696803866854,0.0006161042998128133,0.9675665350878998,4,4
0.5399487954785228,0.31166043092664897,0.07241344271915498,0.03298483101878124,0.04299249985689187,0,0
0.12673445573825032,0.3438552701668685,0.022621286810590138,0.01337871745760194,0.49341026982668906,4,4
0.5194472271451644,0.32565144581671635,0.04965057728817739,0.037496257028565,0.06775449272137689,1,0
0.00438552255040465,0.029310042150217847,0.0014098158930497399,0.0006007515676640815,0.9642938678386638,4,4
0.007150677167697239,0.03599353389304262,0.0019364555127538942,0.0008432275891209383,0.9540761058373852,4,4
0.09231819133437624,0.6514161336036368,0.0182494523078864,0.016768520343710746,0.22124770241038982,1,1
0.18400283388495306,0.6442349657694981,0.024027377866991658,0.023286417097684708,0.12444840538087255,1,1
0.11690355595981816,0.32371053452364895,0.021462852620947714,0.012179669604615357,0.5257433872909698,4,4
0.0029986241454364702,0.023438466361865588,0.0011114368173449213,0.00045326351196044764,0.9719982091633926,4,4
0.009290239585404123,0.027869917498534843,0.0024291588975764544,0.0009131919264892393,0.9594974920919954,4,4
0.004030749223464077,0.024542885129974417,0.0013639980003060136,0.0005445964341670263,0.9695177712120886,4,4
0.007180584101559406,0.027710427325810517,0.0020231485692372314,0.0007859764303658943,0.962299863573027,4,4
0.005441732517297069,0.03296921697380527,0.0016319065875244863,0.0007038579351088423,0.9592532859862644,4,4
0.20606468110641069,0.5598027086638253,0.026352349211288855,0.022822547798246634,0.18495771322022855,0,1
0.2487468813647101,0.6113432779223537,0.02696276706694676,0.026933627938385878,0.08601344570760373,0,1
0.0032678053553251945,0.02454936889080928,0.0011736169445463992,0.0004825085236464351,0.9705267002856728,4,4
0.012016436219201978,0.04976417894744623,0.002754569986472787,0.001273017498207717,0.9341917973486713,4,4
0.0048392331485810625,0.02975841034920144,0.0015092085942760753,0.0006385630899004115,0.963254584818041,4,4
0.030490513154284384,0.08173262629250659,0.004856416464071391,0.002477858843526326,0.8804425852456113,4,4
0.21695863668360507,0.5867369808996656,0.030280521483180892,0.02563594919013438,0.14038791174341397,1,1
0.0056822396894039414,0.029919723289793275,0.001713436941829231,0.0007038284616701474,0.9619807716173033,4,4
0.005118008551148892,0.026551524863013067,0.001605732227841434,0.0006402972637185021,0.9660844370942782,4,4
0.16274163286215607,0.23198795277510162,0.020986137284796817,0.012265278072902718,0.5720189990050428,4,4
0.15546794861321295,0.2636429841002848,0.027018524590564457,0.015460206891922375,0.5384103358040154,1,4
0.20014222210898244,0.6632215358185702,0.022348991235617517,0.023708490135001325,0.09057876070182853,1,1
0.007638841496160245,0.0270756672430672,0.0021224080372118925,0.0008093436471501731,0.9623537395764105,4,4
0.1402465564817303,0.5980135619223788,0.025882892252442648,0.02100614266185269,0.21485084668159582,1,1
0.00507494745104957,0.026508152338853744,0.0015874105932558282,0.0006347661068173392,0.9661947235100236,4,4
0.1414822709825662,0.2832838454649121,0.021570270616473014,0.013484263849392027,0.5401793490866568,4,4
0.003110506705067076,0.024361110799197123,0.0011341971761469993,0.00046795500344123204,0.9709262303161474,4,4
0.013301127967517609,0.04170995677236835,0.0030166774434742913,0.0012627699704306117,0.9407094678462092,4,4
0.011658734396060442,0.040691561023868984,0.002830861732164052,0.0011699882270190074,0.9436488546208874,4,4
0.00523616969218748,0.032337482444564226,0.0015816515028480222,0.0006855020083108724,0.9601591943520894,4,4
0.48971091783981446,0.3652352300336424,0.048502460623535304,0.040172927091435745,0.05637846441157209,0,0
0.22241521984469106,0.5388171468992392,0.053768757542846816,0.024669160194534384,0.16032971551868835,2,1
0.017793145951648565,0.060491154198939134,0.0034035965361438767,0.001644391172599002,0.9166677121406693,4,4
0.003694012450729221,0.02672531146076363,0.0012647254593477933,0.0005302958868680895,0.9677856547422912,4,4
0.008703831493970464,0.04236449807299143,0.002175789052409814,0.0009894676329972394,0.945766413747631,4,4
0.0035166951320833805,0.02652482724307471,0.0012224351794180345,0.0005143904490924431,0.9682216519963315,4,4
0.5341705176272213,0.31670761054205687,0.0524032458804999,0.04003684618300279,0.05668177976721895,0,0
0.004186715886809103,0.029172026719365845,0.0013669142523731518,0.000584731884073506,0.9646896112573783,4,4
0.009777789175938746,0.045829512817282696,0.0023290697729380994,0.001079699233268557,0.9409839290005719,4,4
0.01985998335184679,0.05453310946649633,0.003900061085825387,0.0017471620595807048,0.9199596840362507,0,4
0.008329164045701415,0.03913826922704947,0.0021810886351976084,0.0009515689386304301,0.9493999091534212,4,4
0.011629371548823266,0.03617444853569307,0.0029900660910346117,0.0011751969208003356,0.9480309169036486,4,4
0.013343119179422741,0.03947505701832252,0.003321930879040728,0.0013267671597441903,0.9425331257634699,4,4
0.011057812945111005,0.03262678939094148,0.00272121703914559,0.001064024810309528,0.9525301558144923,4,4
0.0028539083670808176,0.023255153896521757,0.0010739313596342033,0.0004395277675522969,0.9723774786092109,4,4
0.15189788269667406,0.5659243514144202,0.029659348218598326,0.022360469526661993,0.2301579481436455,1,1
0.00601746320769017,0.026807043227441683,0.001825443002932205,0.0007079138937514487,0.9646421366681845,4,4
0.004954751202560741,0.03189096391585994,0.001518430086990525,0.0006598981932951613,0.9609759566012936,4,4
0.6880227636741911,0.20306171451828464,0.04749907007873952,0.03726523683199116,0.024151214896793498,0,0
0.004128589985435924,0.026310949491274983,0.0013728774676559368,0.0005629974495015842,0.9676245856061314,4,4
0.37076861336087447,0.4647479700466546,0.0378000972749144,0.028150918676215858,0.09853240064134072,0,1
0.010209319648468244,0.032578861246798554,0.0025353312019586556,0.0010065364568896866,0.953669951445885,4,4
0.004335680164845978,0.026829857682190834,0.0014350093232258986,0.0005838769868344218,0.9668155758429028,4,4
0.632638717523827,0.2634484440071605,0.04226375969830941,0.03739857318077676,0.024250505589926256,0,0
0.6753498045902447,0.22562503462693337,0.04245151259818524,0.03699736957623987,0.019576278608396804,0,0
0.00541595847321459,0.02568825413539698,0.0016733243011205997,0.0006540614608255829,0.9665684016294422,4,4
0.003694597490310765,0.026732505695202215,0.001264961831314399,0.0005304207057370145,0.9677775142774355,4,4
0.006843874018828706,0.029211770837347915,0.0019610701432997554,0.0007813357347577846,0.9612019492657659,4,4
0.009478492643275235,0.03482767562656128,0.0024381346978347225,0.0009880972829046228,0.9522675997494241,4,4
0.007510759585942136,0.036264224374479355,0.0020033906164470643,0.0008692979401746652,0.9533523274829568,4,4
0.004337605511336683,0.026519859047480374,0.0014207072519863077,0.00058059303919586,0.9671412351500007,4,4
0.671849102387411,0.22104765390447711,0.045720116570448374,0.03745893617342179,0.023924190964241653,0,0
0.38767470501923795,0.3232185770872389,0.04195332700482921,0.0276955812882602,0.21945780960043365,0,0
0.23729314189505005,0.5924588645800791,0.028407718862344666,0.026197010268542376,0.11564326439398374,1,1
0.5351026755408461,0.2811909160196019,0.06214929968981398,0.04143047668740883,0.0801266320623292,0,0
0.007413651188508122,0.037392179383064945,0.0019751713397374083,0.0008701425432839165,0.9523488555454055,4,4
0.0035166313003862568,0.026523759942628428,0.001222407568212888,0.0005143750516017785,0.9682228261371707,4,4
0.005396409743847668,0.03338325697003714,0.0016024895463599756,0.0007020676434419369,0.9589157760963133,4,4
0.02371781013477452,0.054581996149889025,0.004578498944035566,0.001980939637563515,0.9151407551337375,4,4
0.0061803690974991925,0.03227147718215876,0.0017871729777562465,0.000755489280987906,0.9590054914615977,4,4
0.006192362674062382,0.03126733055631482,0.0017879312233290267,0.0007465906567214638,0.9600057848895722,4,4
0.008104054887474763,0.030485911274228016,0.0021995719403887287,0.0008677186721557244,0.9583427432257529,4,4
0.0031501776649711273,0.023620649518312588,0.0011500147819093786,0.0004673641739969433,0.97161179386081,4,4
0.00567700744302549,0.02613701333639069,0.0017249046461549628,0.0006747403736321328,0.9657863342007967,4,4
0.002716670639628718,0.023078497068355616,0.0010379224848437675,0.0004262966908695434,0.9727406131163023,4,4
0.6061300276658863,0.24629672886590143,0.05349180373826631,0.03787148324750701,0.05620995648243903,0,0
0.0031105827600982606,0.02436139208334716,0.0011342268949446246,0.00046796684668640057,0.9709258314149235,4,4
0.0061973193508039915,0.027098552444091446,0.0018274120915817889,0.000717522226754315,0.9641591938867684,4,4
0.006410461226696849,0.02842196971836233,0.0018567461327508171,0.0007407801563549065,0.9625700427658351,4,4
0.005195843658427917,0.028397355602506592,0.0015969472383097873,0.0006558152940963859,0.9641540382066592,4,4
0.006582297543434012,0.03019084110188939,0.001876450169602913,0.0007656536306111653,0.9605847575544626,4,4
0.0039302955589972585,0.02611302108936538,0.0013269225751080893,0.0005460910528933847,0.9680836697236359,4,4
0.009273002968627198,0.03177074286964956,0.002377085515566926,0.0009460783228605787,0.9556330903232957,4,4
0.0071533750026002915,0.027898672214304386,0.002011851848742207,0.0007845725823885511,0.9621515283519646,4,4
0.004828315937745307,0.026274405671795,0.001533149451388847,0.0006150725796024387,0.9667490563594683,4,4
0.41030495283170454,0.4011401832342855,0.04347135692662612,0.016216891664168794,0.1288666153432149,3,0
0.005455839294094527,0.028591311522950188,0.0016514977667992509,0.0006757113036044235,0.9636256401125516,4,4
0.004336763537640479,0.026508942051862345,0.0014203768354631664,0.0005804025652817055,0.9671535150097523,4,4
0.1349754213063921,0.6519108348057161,0.022080481807786087,0.020532375380803762,0.17050088669930188,1,1
0.0031105301661690215,0.02436143657484936,0.0011342079694660757,0.00046796054779913327,0.9709258647417165,4,4
0.0033092085934216245,0.02379924809810643,0.0011898664350781006,0.00048183395490573124,0.9712198429184881,4,4
0.005204077788015695,0.03212922623490225,0.0015708152692582697,0.0006802447931542534,0.9604156359146696,4,4
0.4482667966054653,0.35961953344458136,0.054365096000325776,0.03875039815100654,0.09899817579862082,1,0
0.600434302156651,0.2609521106608831,0.053285548274386134,0.0394852251012125,0.04584281380686727,1,0
0.23022343001927484,0.5616544606892827,0.030768968364374878,0.025497791215140876,0.15185534971192655,1,1
0.13314494921981004,0.6206918551830299,0.021309451943725913,0.019049642792312534,0.20580410086112155,1,1
0.3131212157899113,0.3896432570510594,0.049380355571427205,0.03256774827016335,0.2152874233174387,4,1
0.006197557595726054,0.02710036037499822,0.001827495013810111,0.0007175652073323661,0.9641570218081333,4,4
0.0027165201422045563,0.023076754086662783,0.0010378591226794757,0.00042627136080279805,0.9727425952876505,4,4
0.4972215369693469,0.3300875531417789,0.042632606904335534,0.03269507473634724,0.09736322824819134,0,0
0.008324345158951193,0.028374393793647174,0.0022414051529900353,0.0008618520551036927,0.9601980038393079,4,4
0.0044469647111215855,0.025218726961645805,0.0014753309823755552,0.0005823146702141704,0.968276662674643,4,4
0.0036066172234394964,0.0249295319362761,0.0012566008012780197,0.00051297791593948,0.9696942721230669,4,4
0.43266529791531,0.3780847285944357,0.05720567425890157,0.040028082836463946,0.09201621639488887,0,0
0.07873151814295447,0.3146876148031232,0.01806079204421649,0.009781550691857559,0.5787385243178484,1,4
0.010002151602704727,0.041973029726008595,0.002676593957983773,0.0010934330544308502,0.944254791658872,4,4
0.004613918058633925,0.025900404886801832,0.001490150015451453,0.0005976623921893797,0.9673978646469235,4,4
0.004626274036922415,0.026043047547871918,0.0014949831218328846,0.0006002933458759835,0.9672354019474967,4,4
0.09690044618287358,0.6165213737105257,0.0230521045382261,0.017797618645733707,0.24572845692264086,4,1
0.10989692561322424,0.6376778221439536,0.022985723883610205,0.018799381085534153,0.21064014727367766,0,1
0.08095475664129471,0.5715535040911834,0.019685139813540364,0.015581733103130144,0.31222486635085117,4,1
0.011988886831872167,0.03455619668735004,0.0029924160595400026,0.0011659194367841794,0.9492965809844537,4,4
0.1922023167995252,0.5540858378374939,0.03150702532694073,0.024536647519321282,0.19766817251671875,1,1
0.013324354770279653,0.04602977806580193,0.0028898486863766374,0.0012874501912175263,0.9364685682863243,4,4
0.20836913736093285,0.5252576741341196,0.03488591865078589,0.02552306688058904,0.20596420297357257,1,1
0.3055604918705306,0.3333264041288961,0.033618304820571085,0.02263160506511777,0.30486319411488455,4,1
0.024759565351793116,0.07183220334417978,0.004176243006519855,0.002084250145785289,0.8971477381517219,4,4
0.023080040529148478,0.034727818838828195,0.00452538465123597,0.001648794535069763,0.9360179614457176,4,4
0.015867269838678394,0.03126668219048444,0.0036240773024712224,0.001294080668326741,0.9479478900000393,4,4
0.2109577207416101,0.5140628713222243,0.03449027796512599,0.0255497903270827,0.21493933964395695,1,1
0.2535469219240505,0.43331431919691943,0.059993543363618215,0.02149982541214845,0.23164539010326343,2,1
0.18617193756797668,0.5444081468247202,0.032445564669808344,0.024385572847198295,0.21258877809029647,1,1
0.2026186123597942,0.53517781662189,0.03246611521690266,0.02498162922077607,0.2047558265806371,1,1
0.29216667934949153,0.5182342755744914,0.03486159086534871,0.028771558955943348,0.12596589525472518,1,1
0.21849379905551353,0.5732652939488218,0.1391809033607852,0.01798981937613763,0.051070184258741894,0,1
0.24419407752689432,0.5439945930261157,0.054450077364964655,0.026379318874044145,0.13098193320798118,1,1
0.23234331429776497,0.5380580005774785,0.03466033853253819,0.026830453855974348,0.16810789273624394,1,1
0.28242177698685156,0.516718113611164,0.038169878305314056,0.029056030369161195,0.13363420072750914,1,1
0.3083750288692321,0.4970954115807407,0.04814783091374624,0.030371180913068476,0.11601054772321241,1,1
0.4946438700030825,0.36029848967315803,0.054483986392920486,0.04074790459476562,0.04982574933607337,2,0
0.35462723155423975,0.30403063080965903,0.03818342466336482,0.02366888644000853,0.27948982653272786,0,0
0.2524947462015363,0.6191604918061853,0.02550412590025405,0.026145223968182415,0.07669541212384193,1,1
0.1359041973140754,0.4628644393422905,0.026750795290572203,0.017982064160943535,0.3564985038921184,1,1
0.5875402758524785,0.3034645638414959,0.04305278308251095,0.03893784255587775,0.027004534667636873,0,0
0.28730301978308664,0.518571418108604,0.03966344474926598,0.026536421766529726,0.12792569559251366,1,1
0.05579604364251868,0.05810806380314425,0.008059382724774765,0.003203054596227639,0.8748334552333347,0,4
