prob_class_0,prob_class_1,prob_class_2,prob_class_3,prob_class_4,true_label,pred_label
0.0004936415481226494,0.000854484151928407,0.00014587438895525905,3.054011067028394e-05,0.9984754598003235,4,4
0.0005820816148820201,0.0006366486144101042,0.00022084011747741726,3.5013033192111174e-05,0.9985254166200384,4,4
0.927524445991628,0.036945456971593654,0.0002206648076685924,0.0005257529277255588,0.03478367930138424,0,0
0.8757562270871475,0.07579549290893257,0.0003856021242703625,0.0004329463521086461,0.04762973152754095,0,0
0.7591875490060122,0.1022954985599772,0.0021636896163592808,0.004706042765623262,0.131647220052028,1,0
0.004797810763209357,0.0014418412459198835,7.873469718854966e-05,5.0976584995485844e-05,0.9936306367086867,4,4
0.0005466596979771627,0.0006178922126412813,9.108536638274062e-05,9.987989253601647e-05,0.9986444828304628,4,4
0.0004162970023620158,0.0010996667764242819,0.00011367682443604267,3.493707290987099e-05,0.9983354223238676,4,4
0.003063747887868489,0.006860599033613812,0.00010476549253857667,6.147208295720321e-05,0.9899094155030218,4,4
0.0006026937631353355,0.0011209145133945634,0.00010347031006174104,8.726946161898179e-05,0.9980856519517893,4,4
0.0005379420781289411,0.0005504028085294851,6.178311159940836e-05,3.659599815808631e-05,0.998813276003584,4,4
0.0005309786022359266,0.0007466271796753003,0.0002865007864221116,3.057666159342002e-05,0.9984053167700733,4,4
0.0006546115006200846,0.0006200602554307167,0.00012527971398377513,0.00015788954601560285,0.9984421589839497,4,4
0.5867631302913549,0.31133291981544525,0.002727188031319684,0.0009285941395232976,0.0982481677223568,0,0
0.25985557400217174,0.035678014526287896,0.0006449097333052453,0.0007057392094046103,0.7031157625288305,4,4
0.1455241510060857,0.790155361174331,0.0011884369989127418,0.0009290912745080663,0.06220295954616234,1,1
0.013263610412394496,0.0017428140219094127,0.00012693885249810626,4.9277486274314594e-05,0.9848173592269237,4,4
0.0009702217200941157,0.0008125701248951648,0.00022637495349573476,4.636672724292922e-05,0.997944466474272,4,4
0.5738592797104533,0.2031382150583216,0.0018210877371259294,0.0028615030579554526,0.21831991443614385,1,0
0.01837758343579822,0.005833856158287097,0.00017821013588926682,7.680060836784111e-05,0.9755335496616575,4,4
0.08750286160387272,0.8418429817412233,0.0007329943398097774,0.00038037492389250607,0.0695407873912016,1,1
0.0003919098132932922,0.0011727497007934951,0.00036044721603886823,3.004243733486106e-05,0.9980448508325395,4,4
0.04534860469683018,0.919557574265799,0.002083633025923223,0.0003570963536190668,0.03265309165782854,1,1
0.0013642158175258526,0.0007888485715337212,0.00010104194131588168,3.645572215469428e-05,0.9977094379474698,4,4
0.0009691036078229131,0.0007477734297686363,0.00011952662069175436,4.263647675006649e-05,0.9981209598649665,4,4
0.7895906465804834,0.021644841805679195,0.004739586158092892,0.000638353271122623,0.18338657218462187,4,0
0.0004962255479183266,0.0017151369784651576,0.00016508360553209566,3.0186684128355273e-05,0.9975933671839561,4,4
0.09220809087632861,0.8511515308288403,0.0018773203988089158,0.0006296753635537784,0.0541333825324685,3,1
0.0007858985276207591,0.0014384476710520404,0.00011716633490592513,4.050917848528195e-05,0.9976179782879361,4,4
0.07006195112838966,0.30642667557844416,0.017071004704672044,0.0014794151108333824,0.6049609534776607,1,4
0.0034413196802794413,0.0873370702354733,0.00037353024189435444,5.989954209605638e-05,0.9087881803002569,4,4
0.0006699608850046123,0.0009825381617108906,0.002552379310073772,4.6083495194739915e-05,0.995749038148016,4,4
0.0007581334838175335,0.0007807626965380372,0.004760774436276503,6.12408253843408e-05,0.9936390885579836,4,4
0.7718341727194264,0.17622098418878712,0.0009157146330038816,0.015701095511615776,0.035328032947166785,0,0
0.6627599235295134,0.1632432382397807,0.0009145595869707056,0.0005267432091429536,0.17255553543459212,0,0
0.05917389431561524,0.0761484976591246,0.013434533954038017,0.001796098973731913,0.8494469750974902,0,4
0.3001135659054333,0.2735993719896498,0.38286874458695647,0.001517447773696335,0.041900869744264206,1,2
0.0004681317757306646,0.0008308905208015432,0.000194028740429701,3.065745634502827e-05,0.9984762915066931,4,4
0.0008370557459411174,0.0007916586032373681,0.0009574124547815878,5.370071169071944e-05,0.9973601724843492,4,4
0.000769587730808296,0.0005526513274521287,0.00016636554293156467,3.351002545550434e-05,0.9984778853733525,4,4
0.0009884203920131136,0.0005985894319164833,6.121217220470964e-05,3.059027472765438e-05,0.9983211877291381,4,4
0.0015681992057363966,0.0020321381599204265,6.546038264627622e-05,4.7186197487554974e-05,0.9962870160542093,4,4
0.00045675470519268357,0.0006813103777326482,0.0004871214777179238,3.932975772379213e-05,0.9983354836816329,4,4
0.10263183991348719,0.8214999369724567,0.000913668873927781,0.002776389447437512,0.07217816479269085,1,1
0.0006044067994866922,0.0011122289403854373,0.00010588942366647316,4.7673333093350586e-05,0.998129801503368,4,4
0.0004068891336951958,0.0007063981858935908,9.993382238840056e-05,8.320482895184129e-05,0.998703574029071,4,4
0.17277803630676392,0.15482995409080264,0.0006799188600839667,0.000948237700908186,0.6707638530414413,0,4
0.08932394804030888,0.02809630187124756,0.0007989198257943677,0.004432370484379441,0.8773484597782698,4,4
0.8027785738169618,0.11648442959600272,0.0008180599032646396,0.0012949960940327916,0.07862394058973807,0,0
0.0004020597147829707,0.0011412621352184869,5.0733077951024715e-05,3.066525594550081e-05,0.998375279816102,4,4
0.001277852678687772,0.0008456995826877011,0.0001095361041346215,5.1249580199545746e-05,0.9977156620542903,4,4
0.001080567395803975,0.0007438288100338949,0.00017358149573549656,5.8574035515195e-05,0.9979434482629115,4,4
0.03524447674039962,0.04325606918947301,0.0006739223940290185,0.0003947762814933477,0.9204307553946051,4,4
0.004423882007597547,0.9764296248429646,0.00025999111339873577,0.0008182761914844649,0.018068225844554628,1,1
0.6707283141467172,0.1511266380167508,0.04902947548625282,0.0015138989461991536,0.1276016734040799,1,0
0.0005432297682394712,0.000800235224849271,5.2230800292530744e-05,3.066931420478839e-05,0.998573634892414,4,4
0.8797840941928221,0.055215103256994254,0.0007053694002750189,0.000566661356184717,0.0637287717937239,0,0
0.892175761127767,0.044975279537939346,0.0009448354651063915,0.00040881168416687173,0.061495312185020114,0,0
0.8763755988484638,0.05106732600303034,0.027880225230787828,0.0005172669758338178,0.04415958294188416,0,0
0.7940484441012021,0.09808109879937423,0.0007316357511418078,0.0005876118403216556,0.1065512095079601,0,0
0.000459903903067589,0.0004979754840098528,5.212985625530291e-05,5.126581372426957e-05,0.998938724942943,4,4
0.00043508205024296755,0.0004979854958529629,5.2130904330878794e-05,5.599285128101484e-05,0.9989588086982921,4,4
0.574885988485205,0.27673723687815127,0.03770356568473492,0.00931908147359303,0.10135412747831574,0,0
0.0005048053448814957,0.0011936629935609512,5.227600293253414e-05,3.045720905501033e-05,0.99821879844957,4,4
0.0005697600060013309,0.0007353068980736411,5.229538939610385e-05,5.365157455857422e-05,0.9985889861319702,4,4
0.0006239579827989987,0.0009017354932917363,0.0002901341893262664,6.019971661843033e-05,0.9981239726179646,4,4
0.07065109649784503,0.6836184174427514,0.0017578695397516514,0.0005591994465261556,0.24341341707312575,1,1
0.004311794902268757,0.020186015193572562,0.0006309015942559158,0.0001995942790225477,0.9746716940308803,4,4
0.017402248704083526,0.08872688400943822,0.6181835443514606,0.002660726118160415,0.2730265968168573,1,2
0.00043786728977015203,0.0006551397433970984,9.469242559281534e-05,3.065258974953452e-05,0.9987816479514905,4,4
0.0005078455939758519,0.0007176206702138376,7.116363882881709e-05,3.323962035203042e-05,0.9986701304766294,4,4
0.0009322693140298891,0.0007362188568990868,0.000107983456467065,6.135448040902759e-05,0.998162173892195,4,4
0.6239154679682114,0.2296591330381844,0.0398777567202429,0.0010083346381572669,0.105539307635204,0,0
0.0008611435638316533,0.0008018926809714101,0.00045774607535007533,3.0646761573139036e-05,0.9978485709182738,4,4
0.07628834303416832,0.5069866998170275,0.001592731674851525,0.000936104572133156,0.41419612090181945,1,1
0.002958411363388586,0.0015922648976016607,6.907787049263975e-05,3.4823720640435585e-05,0.9953454221478767,4,4
0.0005018711621575709,0.0011631790383722811,0.00013350708481558706,0.00014457094223634828,0.9980568717724182,4,4
0.00942713174082554,0.9308041861269641,0.003709855171762387,0.0005204411451106863,0.05553838581533729,1,1
0.0005492163034464577,0.0007155770102458604,0.0002212116475763384,4.031798200841552e-05,0.998473677056723,4,4
0.1970037718217619,0.6938433646949099,0.001469196276473753,0.057843440496341006,0.04984022671051338,1,1
0.003633681196917892,0.004568429186671783,7.780149297012836e-05,7.202114474773857e-05,0.9916480669786925,4,4
0.001804365238514177,0.004192191482905484,6.645521900349088e-05,0.0008304452301238042,0.993106542829453,4,4
0.0004948222252486449,0.0006862885786169099,8.754923445750998e-05,7.545465788114588e-05,0.9986558853037958,4,4
0.00033519165545027287,0.0006071461605035701,7.48224809261223e-05,3.0907957949476275e-05,0.9989519317451705,4,4
0.0006461133955882135,0.0008900668274362684,8.594703322054815e-05,3.0060237512828812e-05,0.998347812506242,4,4
0.0008739691844063022,0.002002447993385912,0.00014717524314195133,4.1652479628909675e-05,0.996934755099437,4,4
0.010862179617670702,0.0023970597412680578,0.00032522103388653035,8.430267667898748e-05,0.9863312369304957,4,4
0.014648660798226522,0.007660596898319531,0.00029969043101301876,0.00017661451931538942,0.9772144373531255,4,4
0.00041038913871898285,0.0007468267855595447,6.172646342699808e-05,3.052806194557734e-05,0.9987505295503488,4,4
0.0009383873928553192,0.0018588899500790288,0.00017005734123557312,6.472722386730785e-05,0.9969679380919628,4,4
0.028387396038317712,0.8822378021516664,0.0096451026300208,0.005767424072496195,0.07396227510749899,1,1
0.00043681595774462266,0.0008445882021415555,9.349709782702524e-05,3.0539346226451236e-05,0.9985945593960603,4,4
0.0007730088265063504,0.0006962789482321821,5.22917751711306e-05,3.067618841871465e-05,0.9984477442616715,4,4
0.011122298012183477,0.9745826989004093,0.0004045888115358442,0.0019199236637072422,0.01197049061216406,1,1
0.0003666581916714119,0.0009202984203774768,6.247534471326762e-05,5.086439796771424e-05,0.9985997036452702,4,4
0.005386710215373052,0.0011690751187739257,0.00020504220549281496,4.524635711605458e-05,0.9931939261032441,4,4
0.00045843541378221274,0.0006111194514590198,7.204029938852651e-05,3.062958898901716e-05,0.9988277752463812,4,4
0.0030240962960433053,0.0008934164062605579,0.00015828170059618458,3.138069544622667e-05,0.9958928249016537,4,4
0.0004418806481483408,0.0004992585416221186,6.10888862797192e-05,5.40379900775447e-05,0.9989437339338723,4,4
0.003113602465585053,0.0009980938642854865,9.320517181015063e-05,6.904792063382589e-05,0.9957260505776855,4,4
0.016012908109226225,0.006039372019778068,0.00023571642369463528,0.00012099368010131345,0.9775910097671998,4,4
0.008525308751924221,0.0036840500546672754,0.00014378831122744892,7.394069567178157e-05,0.9875729121865092,4,4
0.008351663001874704,0.0023686848099036726,8.620956276902038e-05,4.426061149796349e-05,0.9891491820139547,4,4
0.569031807330613,0.283256432760987,0.001076143374157922,0.001409601283433892,0.14522601525080808,4,0
0.0028019449253971415,0.0011557568612627026,4.9630152089695436e-05,2.903511858941493e-05,0.995963632942661,4,4
0.0025261693657486687,0.0008164531087844148,4.966079986425564e-05,2.9053048451230564e-05,0.9965786636771513,4,4
0.0003700010045768066,0.0007246718639192357,6.115702291230931e-05,3.046862231174935e-05,0.99881370148628,4,4
0.00048342754662580514,0.0006194585697061717,8.932888614586523e-05,3.068513602387772e-05,0.9987770998614982,4,4
0.001134833749572483,0.013694189268117524,8.880061635229715e-05,0.00011276622448641032,0.9849694101414712,4,4
0.017650020270290806,0.9553685529997864,0.0004231761430262325,0.002434835814832669,0.024123414772063752,1,1
0.031566948421807496,0.6779636292573749,0.0007094376964271184,0.0014291799999871762,0.28833080462440325,4,1
0.0007898364243629236,0.0016703721462977936,0.00011117735756326125,4.477342550210873e-05,0.997383840646274,4,4
0.00035347874141190816,0.0009637647609078504,9.476125943524153e-05,3.065667127171106e-05,0.9985573385669732,4,4
0.0010511235121467856,0.0006769458346151362,6.615516925655272e-05,2.9049143468604366e-05,0.998176726340513,4,4
0.10785825399191869,0.6264707851325894,0.002005496769715005,0.02208429045234799,0.241581173653429,1,1
0.0008425375559496412,0.002569293563447287,6.733153177776735e-05,5.9589818164599467e-05,0.9964612475306607,4,4
0.0007113776995630202,0.0005699379202058862,6.280926723657608e-05,4.01183309151166e-05,0.9986157567820795,4,4
0.0022156635265957627,0.0034251224898559497,0.00031269121850514397,9.370032714307184e-05,0.9939528224379002,4,4
0.0011087227930017519,0.0027060542994502747,7.304307083793499e-05,0.0002501315329767458,0.9958620483037334,4,4
0.11013891896436767,0.831553788546964,0.0016563677341157649,0.006449662839877331,0.050201261914675006,0,1
0.001519297660154883,0.007666117457165814,0.0004769719925041622,0.00013675496334557172,0.9902008579268295,4,4
0.07438015047325777,0.8726169960815239,0.00047402276207233796,0.000274948594644792,0.05225388208850103,1,1
0.04900481545349456,0.33400869201303274,0.0014425503452832839,0.4391915062741256,0.17635243591406372,3,3
0.00032148965171680406,0.0006023110149197174,5.2151731778727217e-05,0.00039322080291439963,0.9986308267986703,4,4
0.02419694639038083,0.500422564639768,0.0011614915840534453,0.0008414848210415241,0.47337751256475635,4,1
0.00039470071010879663,0.0007087696892745495,8.59314897994046e-05,3.060155621296016e-05,0.9987799965546043,4,4
0.007622198006286645,0.001062967413715935,4.933397341336918e-05,3.20341503115677e-05,0.9912334664562725,4,4
0.0041839232581312395,0.0011378528350043853,5.356229531643836e-05,3.4871534712157065e-05,0.9945897900768357,4,4
0.0006477022316939612,0.011953087390745788,6.177715203072751e-05,2.89964153820794e-05,0.9873084368101475,4,4
0.09535937580587611,0.2887684383117334,0.0019482760118794227,0.0014772019175149549,0.6124467079529962,4,4
0.0008996122626910043,0.005803288362807821,0.00015565213147970282,0.00017351996262182136,0.9929679272803995,4,4
0.018193333960160145,0.01183039291366081,0.0003743805306377856,0.00015266005193523326,0.9694492325436059,4,4
0.026091525296525583,0.8637853617266207,0.0013926498048861598,0.0010401785950758069,0.10769028457689174,1,1
0.00037900969569177033,0.0014048320562209935,6.834220040518362e-05,2.990109202924298e-05,0.9981179149556527,4,4
0.012588053336141219,0.08660862839759025,0.0003775330952622296,0.0015384442321102866,0.898887340938896,4,4
0.00043734646713455513,0.001112173909314471,9.052747140964123e-05,5.838584073436886e-05,0.9983015663114071,4,4
0.0003463007892628262,0.0011008655584361171,4.929387014984183e-05,8.151660585350149e-05,0.9984220231762977,4,4
0.8554973375925475,0.07925881024748176,0.0013825407043736324,0.0003572654147571014,0.06350404604083992,0,0
0.004121686601409979,0.004628529500099596,0.00013926325318737592,3.580738570617197e-05,0.9910747132595968,4,4
0.028059804958567976,0.844031035838861,0.0017572846594150458,0.001108065795354338,0.12504380874780183,2,1
0.003927994059126655,0.0026194263184772955,0.00024409186218741894,7.526182516178891e-05,0.9931332259350469,4,4
0.0015168679047332131,0.0010349700704953247,0.00019106120523201188,5.9129091738269185e-05,0.9971979717278013,4,4
0.0004955905972760508,0.0016139289305124324,0.00012713509403516207,2.9980704491967076e-05,0.9977333646736843,4,4
0.06957128863742798,0.7417463206909322,0.0012951061113317967,0.0005241595593535642,0.18686312500095445,0,1
0.000679348462717062,0.006141911286518751,7.964845507653878e-05,2.6155927558786434e-05,0.9930729358681287,4,4
0.3271767906576656,0.3712742015863517,0.0014212852036695279,0.0009914466843839245,0.2991362758679292,1,1
0.3646642346191287,0.5538341586761728,0.0010025440479343047,0.0013240378199797997,0.07917502483678447,1,1
0.030957394206276342,0.16224978553243527,0.009023127877716915,0.001968006664989692,0.7958016857185817,1,4
0.002059687031719008,0.0007949136987091568,0.00016949235299434242,4.3979213282839374e-05,0.9969319277032948,4,4
0.0014189408855101405,0.25926219250936733,0.0008179032616914714,0.00018184022102791424,0.7383191231224032,4,4
0.034220161891584895,0.9151709396481524,0.032704923379652105,0.0006631585421637683,0.017240816538446842,2,1
0.48481241162419875,0.46842602429566216,0.02883171276564005,0.0013029262079329955,0.016626925106565972,1,0
0.061805636954207974,0.43600595610724313,0.4491497408742695,0.0019679937892318976,0.05107067227504755,1,2
0.010730033758604348,0.9280685592951267,0.01014106660939929,0.00042030036037401825,0.05064003997649548,1,1
0.14259595321249444,0.7856086968362469,0.028415224626554367,0.0005308400208625379,0.04284928530384177,0,1
0.006856046879727687,0.8975744010788533,0.02128818457155954,0.00032908849064620856,0.07395227897921318,1,1
0.03379549096412555,0.8113444175772736,0.06943353765503811,0.000488130386191167,0.08493842341737146,0,1
0.006274409720116696,0.9306017740701903,0.0018168627216421747,0.00016636998801595158,0.0611405835000349,1,1
0.02337913009765108,0.19262485591421263,0.009102556093842442,0.0071162114439162994,0.7677772464503775,0,4
0.04485498275518577,0.0426205887905425,0.0039738434387717745,0.00935790583307122,0.8991926791824288,4,4
0.0004276637547033496,0.0017480016448766281,0.00017339932854459325,8.09956377638147e-05,0.9975699396341117,4,4
0.01098585078414868,0.9645742485420968,0.0015730279188719777,0.0001664335050258629,0.02270043924985668,1,1
0.0025231058430949978,0.9790618297424284,0.0006762556105277071,0.00010097256803066315,0.017637836235918348,1,1
0.0005119201113648834,0.0009238843793696661,0.0002343776493497756,6.426651593974106e-05,0.998265551343976,4,4
0.002594312391645664,0.9832828235602333,0.0013120434161112311,0.0002115079491284337,0.012599312682881458,1,1
0.08334585819340608,0.8060403433099954,0.0009534437411829373,0.00030942022796175383,0.10935093452745376,1,1
0.0013772735229483437,0.9825946603659792,0.0013202415503148367,9.920788068678195e-05,0.014608616680070885,1,1
0.9083851370962313,0.02544542225628013,0.0010899477976437123,0.0005852648325047764,0.06449422801734025,0,0
0.04364483414127443,0.8886540457095986,0.0002602679094514859,0.0002606634234202253,0.06718018881625537,1,1
0.280302328373599,0.2291245635656932,0.028886338373119404,0.0007607589347171607,0.4609260107528713,0,4
0.43586385702877084,0.26101617976165,0.041506000338765094,0.003995242219979213,0.25761872065083485,4,0
0.007755512186372796,0.9262857289032796,0.05149614681404154,0.0002756736479421663,0.01418693844836384,1,1
0.12724156649951066,0.8410225964568186,0.0027896522166593104,0.0008653981092524942,0.02808078671775876,4,1
0.03331204153431943,0.8843773447173784,0.005210109590980821,0.0008413865687993255,0.07625911758852198,1,1
0.0015187831668397127,0.030625875552956094,0.00019821469707250285,5.7478282527282156e-05,0.9675996483006044,4,4
0.0010776493321514964,0.03397086447004343,0.006903472927081167,7.68489744494405e-05,0.9579711642962746,4,4
0.008537995929887108,0.1603627911703112,0.018363800241276075,0.00026253428924037306,0.8124728783692853,4,4
0.19254609607373974,0.7971110180518147,0.0005726625208079661,0.0014674805200748365,0.008302742833562844,1,1
0.0005430027416842644,0.0012822193639814255,8.225520585588322e-05,3.281666873659145e-05,0.9980597060197418,4,4
0.08324169486138092,0.07415413354073684,0.003334798654972918,0.0018406144848762036,0.8374287584580331,4,4
0.1263105328021383,0.8507359463912396,0.000998534820904025,0.0020798328324159606,0.01987515315330201,1,1
0.0008079503453091934,0.000883245261017048,0.0053912193953587735,9.70927552979822e-05,0.9928204922430169,4,4
0.009057571378435327,0.03699740497670523,0.00011278422723744229,5.9855919361431516e-05,0.9537723834982607,4,4
0.14531723623376375,0.31993900672084646,0.002497542864747975,0.004180242056461835,0.5280659721241799,0,4
0.0014579491076821176,0.0026255301479464733,6.263097529864056e-05,3.518043244550063e-05,0.9958187093366273,4,4
0.0013112586883035767,0.0007575679122381155,0.00032065022940232696,6.864022658361794e-05,0.9975418829434723,4,4
0.0007285601219417446,0.0007489600171666156,5.843053340483744e-05,6.951809136993092e-05,0.9983945312361169,4,4
0.14372508777008938,0.4734673794630353,0.013978669810220097,0.0020189885974141253,0.3668098743592412,4,1
0.7445412050459214,0.23961625459080857,0.000287222522616166,0.0009844170471174343,0.014570900793536453,0,0
0.001125835658911956,0.0009079728819262925,6.783624039582498e-05,3.327149521197221e-05,0.997865083723554,4,4
0.6745982329448603,0.17194223211574436,0.023000212975801,0.0014673750791028791,0.12899194688449142,0,0
0.0008376643818783913,0.0008721833205808129,0.00033664078311667055,3.322302629325982e-05,0.9979202884881309,4,4
0.010781904138445278,0.004598186304658143,8.839228414279628e-05,4.1770545932274534e-05,0.9844897467268215,4,4
0.0011149220394943732,0.0008105853855311708,7.053438594979576e-05,0.00010131576271300102,0.9979026424263115,4,4
0.0046753484794163375,0.002549082949199775,8.831880397665178e-05,0.000175726436444459,0.9925115233309629,4,4
0.004570947214324256,0.964621554867941,0.0003347846328322935,0.00013984780148053983,0.030332865483421848,1,1
0.0005233545862686914,0.0011207341912319803,7.330121472603895e-05,3.3285300968305065e-05,0.9982493247068049,4,4
0.0005637721463951355,0.0014047812165581771,9.310602156149666e-05,4.207124687287911e-05,0.9978962693686122,4,4
0.0003942399233775583,0.001457085506682008,0.00013418992931057795,5.593593602371644e-05,0.9979585487046062,4,4
0.41745965194409096,0.3338864001175879,0.06258264758104495,0.13999359360363758,0.04607770675363871,2,0
0.033823166686322154,0.8815531687942404,0.0006405999987311844,0.000789731192335283,0.08319333332837099,0,1
0.2524507893583649,0.05332988815307617,0.6654764214476959,0.00042564310396799113,0.02831725793689495,1,2
0.0006973780284299446,0.0008029643518376132,0.0018062590094881843,3.3087570200184666e-05,0.996660311040044,4,4
0.0006676623861577301,0.0007095885977280179,0.0009337465297967687,5.058035975222069e-05,0.9976384221265653,4,4
0.001194330938829369,0.0012760233780852392,9.96426628945696e-05,4.1365013028192255e-05,0.9973886380071626,4,4
0.010317532576960694,0.945952078358387,0.013174246378170938,0.00034628768475987703,0.03020985500172144,1,1
0.0005497649807118547,0.0008659715056041469,0.0001412745438960186,3.3233732248028724e-05,0.9984097552375399,4,4
0.0009157036485973497,0.0009810559411397369,0.0004963878851380767,3.3190906892764884e-05,0.9975736616182321,4,4
0.0005927601327374999,0.0012593947919529631,0.00010086507270203798,0.0003859455832221336,0.9976610344193855,4,4
0.045193080894669724,0.0435537714538558,0.0006932277879571145,0.0035143154042277243,0.9070456044592897,4,4
0.001009106646264499,0.0005605764583341423,7.278587876254967e-05,3.331809339825972e-05,0.9983242129232406,4,4
0.0010177340390083217,0.041899664028237305,7.687808680612936e-05,6.145886867935626e-05,0.9569442649772689,4,4
0.0023909321489629684,0.023381843640664417,0.0001118215246833902,6.439826532721845e-05,0.9740510044203621,4,4
0.0005392642855788603,0.0006357397091215572,0.0001227459782244969,6.990288412397985e-05,0.9986323471429511,4,4
0.0004838805667258978,0.0006873453253391463,0.0001425796689781117,5.416675045810495e-05,0.9986320276884987,4,4
0.0004916138235151845,0.0012974000819256488,6.764871639767489e-05,3.312810329660017e-05,0.9981102092748649,4,4
0.031230392679184586,0.9315875419654442,0.009183990148853243,0.000938635755983124,0.02705943945053496,1,1
0.006172575617926093,0.9710697450791708,0.00177862916038087,0.000253826169158845,0.020725223973363405,1,1
0.4856638349278071,0.49111815149432214,0.0008366973625542697,0.001137950616213539,0.021243365599102917,0,1
0.000777187690017984,0.0006596372794524107,8.987516322213033e-05,5.3200288546371264e-05,0.9984200995787611,4,4
0.0043401469539348855,0.0018313198172609981,6.236572828990205e-05,3.560754088920465e-05,0.9937305599596251,4,4
0.0007895512936498152,0.001056174862292593,8.026273718692535e-05,5.369260600149394e-05,0.9980203185008693,4,4
0.00094913747091838,0.0013604389777565468,9.497587960980867e-05,4.323798917771495e-05,0.9975522096825374,4,4
0.4551540266996517,0.03648722425998599,0.00085045727915737,0.0023525572561172753,0.5051557345050877,4,4
0.005012435618664493,0.0029095862830123475,0.0001624094181914966,7.417658772920638e-05,0.9918413920924025,4,4
0.0003818872750746837,0.001031323195610835,9.651008092491391e-05,3.3050848180770367e-05,0.9984572286002087,4,4
0.0034166847056743364,0.07913094176828485,0.00042551158538185605,0.00011003359619873278,0.9169168283444603,4,4
0.001531917158248876,0.018398164431605295,6.795729335640053e-05,3.3418277704790246e-05,0.9799685428390846,4,4
0.26801041255907015,0.2595608915561659,0.00414441418317125,0.009805475740574013,0.4584788059610185,0,4
0.03067782533839226,0.04287724311818271,0.000845323408785496,0.0007771215075489801,0.9248224866270905,4,4
0.12171424896691503,0.8527309927916547,0.0005535505135895929,0.003282926321460305,0.021718281406380574,1,1
0.0006464946069663133,0.0009475772907211855,0.00014623943283023709,4.1454924503780395e-05,0.9982182337449785,4,4
0.0010774443119559432,0.000683237118388782,6.597763149074096e-05,3.320083812345607e-05,0.998140140100041,4,4
0.000667755839209765,0.0008270907843664683,0.003982810473673739,3.316466153718043e-05,0.9944891782412129,4,4
0.0036595333482732956,0.0017179417238447046,9.844712312216536e-05,8.255571800546091e-05,0.9944415220867545,4,4
0.0003974718020639972,0.0008575804451991433,7.052473150597426e-05,0.0001512028581950503,0.9985232201630359,4,4
0.5169523460138893,0.44171497027264045,0.0014512031726252933,0.004920395058055046,0.03496108548279004,0,0
0.004015736493297986,0.0015636673920960233,7.576441580863449e-05,3.213699679417383e-05,0.9943126947020031,4,4
0.49374185284570893,0.42210838694575603,0.0017762674618734793,0.00462056487219274,0.0777529278744688,0,0
0.0009299952852789332,0.0011129029453508415,6.735392257785698e-05,3.8643320581108035e-05,0.9978511045262113,4,4
0.08258896984470813,0.35991248864982406,0.002171095532787687,0.0035682129024758153,0.5517592330702042,0,4
0.1926324830001337,0.4640916822028471,0.002577566805153527,0.04086741773418771,0.2998308502576781,0,1
0.01658107707439913,0.004099387784712689,0.00018410818999766123,0.00021437451258996587,0.9789210524383005,4,4
0.027739303236259002,0.06092951025528847,0.0012210722763690424,0.000526147414955168,0.9095839668171283,4,4
0.0004571125030864258,0.0007790129902133046,7.058523262294622e-05,4.561528626663559e-05,0.9986476739878107,4,4
0.0005279548320468983,0.0007923781647823742,7.057955533525562e-05,4.173635386647135e-05,0.9985673510939689,4,4
0.8838067296819764,0.07135358538842776,0.0014922515832004775,0.0018949530842537565,0.041452480262141406,0,0
0.09786847159545409,0.7228989412821555,0.14982890470006371,0.0007270662886811619,0.028676616133645586,1,1
0.890555541030288,0.04422664198597562,0.0007133915912407728,0.00031304044797432983,0.06419138494452145,0,0
0.0004852210641744628,0.0006539916579142699,5.8579493865632454e-05,3.8507942792187184e-05,0.9987636998412535,4,4
0.0008106578684092217,0.000916018882990427,6.850676931335492e-05,3.330562038033932e-05,0.9981715108589065,4,4
0.0006179070536846435,0.0007928466774125957,9.038753661493482e-05,6.853214215645008e-05,0.9984303265901314,4,4
0.0006869415263736008,0.0007928179184811538,9.320333796349314e-05,3.2926695213306136e-05,0.9983941105219685,4,4
0.7168814285807109,0.17684661375029614,0.0021622567590796468,0.008558994170780234,0.09555070673913289,0,0
0.0012351042316427938,0.0008705091890978434,0.00020280134597100286,8.803952275350678e-05,0.9976035457105348,4,4
0.9611128833126911,0.015573508064766803,0.004685669938294471,0.00030880552545661176,0.018319133158790902,0,0
0.0006908365317955017,0.0006579659301307822,7.725621080949285e-05,4.623938578246767e-05,0.9985277019414818,4,4
0.6041780942854945,0.12396414813366491,0.004479039887777675,0.006114472815701348,0.26126424487736144,4,0
0.4335610298368088,0.35889387845580495,0.006781017951350198,0.010111006740538275,0.1906530670154979,1,0
0.008648466287985868,0.004970911996843764,0.0002039420603260213,6.862294680796917e-05,0.9861080567080364,4,4
0.0018347649768752075,0.0009684439994378858,7.405163514594048e-05,6.013778181470995e-05,0.9970626016067263,4,4
0.020819189392498938,0.9439443995021142,0.0029488918040298053,0.00023455105310951345,0.03205296824824747,1,1
0.0006125834582010005,0.00100347691427129,8.528326727367338e-05,6.369186067040982e-05,0.9982349644995837,4,4
0.09918676435603924,0.8630209508198774,0.0007518044966711576,0.0032847030054855182,0.03375577732192669,0,1
0.000518534384517286,0.0010820694295866238,8.274809250041083e-05,9.36416813414365e-05,0.9982230064120542,4,4
0.0003986989926886663,0.0007766486276912711,5.8688762550019444e-05,4.0845670995185846e-05,0.9987251179460749,4,4
0.07434102745886721,0.009446147987762112,0.0004735543632106576,0.0009178154555121252,0.9148214547346479,4,4
0.06124278214053464,0.010730827497827089,0.0005030730125542195,0.00036237016703391463,0.9271609471820501,4,4
0.0008313130334968667,0.0006363276843916232,7.687046199880121e-05,8.52531648131352e-05,0.9983702356552997,4,4
0.2664897047926144,0.23666157533887489,0.0027087012255425586,0.03624491404980762,0.45789510459316063,0,4
0.0005046224518834196,0.0009563905170977571,7.140825160808168e-05,3.1418203184219134e-05,0.9984361605762265,4,4
0.125729312669124,0.8540834238994076,0.0006486476186208601,0.0015861433309317416,0.01795247248191572,0,1
0.002023901210701352,0.006067529916863879,7.877487965208814e-05,3.6858696246130226e-05,0.9917929352965366,4,4
0.5881120842225321,0.23717077338326661,0.0007714448173990914,0.000635655069382015,0.17331004250742013,0,0
0.02138383112615373,0.9344715531353245,0.0007676821000478518,0.00817284702183117,0.03520408661664249,0,1
0.834062873131172,0.052825929079621636,0.0008850536207130376,0.0030819644202399214,0.10914417974825336,1,0
0.0007073755595154191,0.00194736758327105,7.662920512982109e-05,8.463299772544221e-05,0.9971839946543583,4,4
0.00874151456301187,0.933712440189646,0.0008001767480936829,0.001112393728353288,0.05563347477089518,1,1
0.0006273486197243688,0.006532216566631166,6.554645877832525e-05,0.00012436573238324222,0.992650522622483,4,4
0.04693148118188208,0.5994767643964519,0.0014270406087911673,0.0018814850087286795,0.35028322880414636,1,1
0.06558909616509515,0.629282614368098,0.002078270474206524,0.008311034959597162,0.29473898403300314,1,1
0.01906432332687339,0.003919093220331169,0.00033776459559055897,0.00029129120072663394,0.9763875276564782,4,4
0.0008249264915925536,0.001541066936554566,6.551181843865608e-05,0.00010490523375238446,0.9974635895196617,4,4
0.0005198107302930242,0.0030192011835285543,7.705889333584541e-05,3.6355660214631195e-05,0.9963475735326278,4,4
0.0008145220976583704,0.006849305036133043,9.710075509003062e-05,8.649795594306107e-05,0.9921525741551754,4,4
0.0004366631382017084,0.0011872340544058428,7.057610793397294e-05,3.3283648443542195e-05,0.9982722430510149,4,4
0.00708207293826525,0.9881543098860007,0.00016592745801480077,0.00042825672960140014,0.004169432988117806,1,1
0.000569392793181195,0.001092337594098963,8.569669416563078e-05,3.321122552810258e-05,0.9982193616930262,4,4
0.9748267234208082,0.01381719267791251,0.0002531231124881373,0.002388205712010001,0.008714755076781043,3,0
0.003914110489379009,0.0014528546566485567,6.325516087573002e-05,5.619302054038428e-05,0.9945135866725564,4,4
0.0026252001028681735,0.0012375746676142492,5.676052729741447e-05,5.146629082687238e-05,0.9960289984113933,4,4
0.00036272255818868614,0.0011117492345032232,6.53643724945176e-05,4.3015812907440256e-05,0.9984171480219062,4,4
0.0004796276503965408,0.0006573338064464,6.829163908555726e-05,3.331944473139972e-05,0.9987614274593402,4,4
0.0064596028716954225,0.003985015468083226,7.081734841438738e-05,3.395996649960813e-05,0.9894506043453074,4,4
0.0043185736073247365,0.0018037374094955756,0.00010381806184627738,5.0779654098802604e-05,0.9937230912672346,4,4
0.003771976561900562,0.0021241208924179535,8.641296212750874e-05,4.226644428197024e-05,0.9939752231392719,4,4
0.0006347628568920589,0.0015698879731926407,7.752735559400566e-05,0.09913818283824367,0.8985796389760776,4,4
0.018102964335313835,0.0012319462839450433,9.240153122409358e-05,0.0007432716737778971,0.979829416175739,4,4
0.001987541501434446,0.012858154986501882,7.088348508526569e-05,5.7690379374934894e-05,0.9850257296476035,4,4
0.0004669738329824005,0.0009636498324397585,8.132725129209655e-05,5.545854567079479e-05,0.998432590537615,4,4
0.0010394366683279409,0.00901179540718043,8.647592463463218e-05,5.9292987074666836e-05,0.9898029990127823,4,4
0.0006791580971232655,0.0008206066959975786,8.6480887427716e-05,3.315979434424922e-05,0.9983805945251073,4,4
0.000515515125067384,0.0009811270121136582,6.784059028247557e-05,4.554330486258701e-05,0.9983899739676738,4,4
0.013929290717704611,0.2910304425879333,0.0007120734388351689,0.5038023920914066,0.19052580116412018,3,3
0.11632084237790397,0.34865478987787224,0.0008950389002803068,0.008062775012260751,0.5260665538316828,4,4
0.0009294931156434309,0.0020410099579516497,6.753870271537466e-05,3.880062779150234e-05,0.9969231575958981,4,4
0.0010327988853471347,0.0013433013695766784,6.0866475699045885e-05,3.493527585100842e-05,0.9975280979935262,4,4
0.0006607222799154236,0.0008055092974569805,0.00010796037198285133,3.3328525002659e-05,0.9983924795256421,4,4
0.00832987369069419,0.11086444906417023,0.00034366389022630627,0.00030510245974722463,0.8801569108951621,4,4
0.0003548987453760751,0.0006262541206187186,6.833199631697018e-05,3.275847793769015e-05,0.9989177566597506,4,4
0.006341572332383125,0.0014827003254267747,9.853018432282268e-05,6.539101306479249e-05,0.9920118061448024,4,4
0.0006194165312267148,0.0007615223085341187,7.711197602352258e-05,4.948453744165212e-05,0.9984924646467741,4,4
0.0010795374572201138,0.00310022328212458,0.00010600457904506359,6.022458508649227e-05,0.9956540100965237,4,4
0.007363331128689866,0.9194249671882522,0.002599243316136256,0.000550466777430099,0.07006199158949152,1,1
0.0031426755641169495,0.0036820475327750063,8.708203884497097e-05,3.652831415397131e-05,0.993051666550109,4,4
0.001450892897759772,0.002978754421927345,0.0002770790300884999,0.002459645119202024,0.9928336285310223,4,4
0.00040244320182911277,0.0008142581354389031,0.0005010372331394291,6.552275778507369e-05,0.9982167386718075,4,4
0.028428657032068986,0.9383815412874752,0.0009850492938304038,0.00022752224651286155,0.031977230140112396,1,1
0.898632616351705,0.0351582788641886,0.001411402587589328,0.0011529545227565352,0.06364474767376035,1,0
0.31810454695328566,0.023932403410043743,0.0014000448263690765,0.0023879240115964213,0.654175080798705,4,4
0.00045666849529647346,0.0009635034950829845,0.0008680045385053017,4.054227946447353e-05,0.9976712811916507,4,4
0.0005190034676735725,0.0009955773577000433,6.67453463449426e-05,6.290860477419931e-05,0.9983557652235072,4,4
0.05718769377136462,0.6110067048379372,0.0036579529865803074,0.0006772839070018913,0.327470364497116,1,1
0.0009841697726962165,0.05527547244820561,0.001285027235824569,6.532698272838405e-05,0.9423900035605451,4,4
0.011023038193709752,0.9362564260698353,0.00389392014969543,0.00048772175471485847,0.048338893832044746,1,1
0.00045410225034482734,0.001076182288995623,0.00010184419390063502,3.294952448358488e-05,0.9983349217422752,4,4
0.0003858155194475856,0.0011745506885227572,0.0001556093056716891,4.137098859630563e-05,0.9982426534977618,4,4
0.009991041034783515,0.9438455796034552,0.005386439879245975,0.00045815069366230294,0.040318788788853116,1,1
0.17526980685381022,0.6555665442205932,0.015768707504101653,0.0012475127159573538,0.15214742870553757,1,1
0.8893190513328357,0.060625891030339336,0.00097133883978533,0.002400188050468729,0.04668353074657086,2,0
0.1161626472099435,0.854984568062322,0.0013592506494678447,0.0005761378566236295,0.026917396221643217,1,1
0.009724024571173778,0.9769320015494105,0.002630942448784642,0.0010696622962054084,0.009643369134425329,1,1
0.011385884989931396,0.9645893643360323,0.0007624640798022476,0.0008790992613477068,0.02238318733288616,1,1
0.0015444756692079653,0.11535461360078075,0.0002803582869205651,0.00015269688186938008,0.8826678555612213,4,4
0.06827482975753396,0.8896037443186373,0.0020092526743545813,0.00022464082633329573,0.03988753242314087,2,1
0.017882873578803478,0.9455005728038732,0.0026248963492456544,0.00017527263899563245,0.033816384629082,1,1
0.003234426204220399,0.9494026116301617,0.0021193611438050032,9.01885507722782e-05,0.04515341247104079,1,1
0.08742647225367169,0.8661384671524069,0.0008110605171911039,0.0003810306133285606,0.045242969463401776,1,1
0.005884964069529498,0.9134506609502411,0.0007630778712137039,0.00022927235665361133,0.07967202475236208,1,1
0.01750891529986486,0.3465248718660658,0.0010295678961664864,0.00033812679003131013,0.6345985181478716,1,4
0.04180960432531118,0.8190322884864735,0.0016468759671954677,0.0009536429663384135,0.13655758825468126,1,1
0.016576438582040113,0.8844763369447838,0.07782519799424238,0.00022949311673372275,0.02089253336219973,1,1
0.0067482986008703715,0.9811624050261339,0.00019437249142698006,0.0006667251995070665,0.011228198682061697,1,1
0.9726967986398989,0.00964954551981327,0.0018156908630196367,0.0011135291939006412,0.014724435783367174,0,0
0.8586509874679291,0.07591974078811731,0.001475252341239851,0.002687498596896238,0.06126652080581759,1,0
0.32651160001699137,0.519843199140626,0.0034319145772039915,0.008229116096453944,0.1419841701687247,0,1
0.738259597841089,0.21616930545684807,0.0013028410992445788,0.0009620460553254811,0.0433062095474929,0,0
0.0021766745839969116,0.007354445394305309,0.010417906504293913,0.00017113917792865375,0.9798798343394751,4,4
0.02453084142096676,0.6027648701798073,0.13573652564919933,0.0021171771195195987,0.23485058563050706,4,1
0.0012051644498648137,0.0019343761362934206,0.00019157011903043371,9.090505791323376e-05,0.9965779842368981,4,4
0.004486086066456134,0.0070214584297157686,0.00018957773592038894,0.0003768056415088582,0.9879260721263989,4,4
0.001422990832026031,0.0020158220708754618,0.00014852874220508058,0.0001347938019089529,0.9962778645529844,4,4
0.0012024032251026523,0.00201626327490693,0.0001485612507686074,0.00013685183870206053,0.9964959204105197,4,4
0.002034412663622237,0.0020210301958797803,0.008506616738767932,0.0001931647451488318,0.9872447756565812,4,4
0.8030198889649689,0.1540383472292814,0.001147857644230974,0.0029111982333669168,0.038882707928151856,1,0
0.0010703902959619763,0.001963575856189914,0.00014859515541635455,9.40979890147818e-05,0.9967233407034171,4,4
0.0010703902959619763,0.001963575856189914,0.00014859515541635455,9.40979890147818e-05,0.9967233407034171,4,4
0.0035889225154324632,0.003193068205036411,0.00014344615042436704,9.078292668614438e-05,0.9929837802024206,4,4
0.0013819148782052983,0.0017759098533465113,0.0002631298838762931,9.394946970378125e-05,0.9964850959148682,4,4
0.0013798149021836941,0.001741462026295516,0.00017318729142176356,0.00014003650785247222,0.9965654992722467,4,4
0.0020908531290106157,0.001929119660923859,0.0002650609449372557,9.057279312404702e-05,0.9956243934720043,4,4
0.0011003621629084566,0.002097930015666136,0.00014855355432191205,9.401237924798329e-05,0.9965591418878555,4,4
0.043942695626902034,0.020195590871583687,0.000529046443992133,0.0012361246880875489,0.9340965423694345,4,4
0.0011007432430469577,0.0017756879716080806,0.0001486104588807229,0.00014896743847817547,0.9968259908879862,4,4
0.8863317706575018,0.06096539096033751,0.0008800002259071807,0.0008858629091855609,0.050936975247068014,0,0
0.0011015965530590404,0.0020565223208246753,0.00014857667155691238,9.394689231986733e-05,0.9965993575622396,4,4
0.0011015965800370568,0.0020565223711887515,0.00014857667519554385,9.392240469611851e-05,0.9965993819688825,4,4
0.001472384034515411,0.0022662761285897146,0.0009043762514279496,0.00012036788106353255,0.9952365957044035,4,4
0.0011533223262293034,0.0017748200450771769,0.0002942655399811862,9.34899100846377e-05,0.9966841021786276,4,4
0.1079153860464374,0.145875050426619,0.002416577817113317,0.001533296941177105,0.7422596887686532,4,4
0.08320987885871184,0.8479484239748826,0.0016070676252246678,0.0014821756365075987,0.06575245390467312,1,1
0.0010775158941576971,0.0019070994156327153,0.00014858539621535126,9.40487170252637e-05,0.9967727505769691,4,4
0.003652405182294159,0.0034244816869599477,0.00014396677841676346,0.00010729181113854662,0.9926718545411907,4,4
0.0014417887388955824,0.0020377164727018123,0.00014843285814783777,0.00030427004743536335,0.9960677918828194,4,4
0.018067464135842388,0.9397781518064547,0.003625601047780775,0.00028536964402015925,0.03824341336590217,1,1
0.09571537200147752,0.8611678796067743,0.0008746481878898779,0.005553257989041656,0.03668884221481669,1,1
0.8769000062854991,0.06367173375727463,0.0008718977519548689,0.01029100772548293,0.04826535447978844,0,0
0.005652189170783155,0.03254521630209943,0.0002209698667629181,0.0001035388020270238,0.9614780858583274,4,4
0.522859846788545,0.2105002406595415,0.1999352683136985,0.003786350781747542,0.06291829345646734,2,0
0.003192932648510584,0.0033826199539848307,0.00014837182021617645,0.00012958226045651334,0.9931464933168318,4,4
0.005378885018227933,0.006373168146222925,0.0001727789428872636,0.00010876291124483707,0.987966404981417,4,4
0.3390669118258967,0.1076396153624711,0.00534547552875484,0.0036546620420955162,0.5442933352407818,0,4
0.4909799311016013,0.2084988726371816,0.030251638080269504,0.006871040755559799,0.2633985174253878,3,0
0.001516273899217471,0.0018681889989793342,0.0002775823151694154,0.00014590005109447286,0.9961920547355392,4,4
0.6626553620523652,0.20786456394137656,0.040810527241017344,0.0023904328679526347,0.08627911389728843,2,0
0.015373647328999545,0.030315414662084653,0.000468703006168569,0.000770105466568223,0.9530721295361789,4,4
0.0014523797793795127,0.0018566154740511556,0.00020472014883587253,0.00013906372312526603,0.9963472208746081,4,4
0.1126034095222755,0.5505579327971296,0.0023335392023023744,0.002490354587436686,0.3320147638908558,0,1
0.35224546568192083,0.5091346231348342,0.001668039148308263,0.0017006320404634977,0.1352512399944733,1,1
0.15492347514784505,0.7450637451147145,0.0016053758869987607,0.005988769698866055,0.09241863415157564,1,1
0.0011073445606031521,0.0018850288169934824,0.00014845914583075495,0.00010521223603684821,0.9967539552405357,4,4
0.0012295194943970707,0.0017861055889091615,0.00016188001193195197,9.299784493180224e-05,0.99672949705983,4,4
0.03674179671259336,0.7484083770125194,0.01527661802519397,0.002497146021498523,0.19707606222819474,1,1
0.029569077441325045,0.7420061324179278,0.14494563666975388,0.0009154125945574969,0.08256374087643606,1,1
0.0813076811863848,0.6117499684279809,0.24896797500763687,0.0007315922361633782,0.05724278314183401,1,1
0.002169819763647325,0.0023562713247316422,0.0018498224293582344,0.00013541537217723627,0.9934886711100855,4,4
0.019960101320376074,0.917283279283726,0.016519706199995193,0.001074804172368921,0.04516210902353378,1,1
0.0010742209228969295,0.002051147644784745,0.00019336247943065144,9.375758074352734e-05,0.9965875113721442,4,4
0.001078783336836823,0.0020381731633845575,0.00021673323855204334,0.00011203388490532087,0.9965542763763212,4,4
0.010945124168299921,0.019999335762041298,0.0003984693108444747,0.0005174697226941154,0.9681396010361202,4,4
0.001103104492960448,0.001815999015683085,0.00014844451104583582,9.38994476509251e-05,0.9968385525326597,4,4
0.045749645417447984,0.8127294121299278,0.009935037752091865,0.0016097439404872075,0.12997616076004512,1,1
0.7815251018166207,0.15866989719231248,0.009105417492388218,0.0013267582300713334,0.04937282526860736,0,0
0.0034342685881111035,0.002290819502214423,0.00014219185060737794,8.947201219456544e-05,0.9940432480468725,4,4
0.011561483766467259,0.004021633160384707,0.00015253757539434738,9.67725106119771e-05,0.9841675729871417,4,4
0.05809161983392782,0.057253824194904344,0.0008469561886340702,0.0005363572844118652,0.8832712424981218,4,4
0.0010767298790397158,0.0017823608129247197,0.0022682168137811696,9.332663625473342e-05,0.9947793658579996,4,4
0.0010754448932143077,0.0017802652212923391,0.0035814208998058176,9.256707843252131e-05,0.9934703019072549,4,4
0.0014998821895161334,0.002035402309905316,0.00025651702288670365,9.270069334866912e-05,0.9961154977843433,4,4
0.007940001513025756,0.0020559568737647245,0.00014822483330147025,9.355942748091952e-05,0.9897622573524272,4,4
0.0015257408607869513,0.00179847639015978,0.00030177321276137484,0.00013334593210336508,0.9962406636041886,4,4
0.0010769903571222947,0.0017783780306920884,0.000343468952680617,0.00011212323012937614,0.9966890394293756,4,4
0.0010769061249179383,0.0017781736437226783,0.00034345729405898466,0.00011211034393374658,0.9966893525933668,4,4
0.0023302444857963684,0.0023479937074945625,0.0008267250129196218,0.00017005815788321193,0.9943249786359061,4,4
0.011957188973975725,0.0046719805466462865,0.00013836858199883014,8.757842357924361e-05,0.9831448834737998,4,4
0.01023725216434921,0.0026172845572513073,0.00013933297282632914,8.818882102038645e-05,0.9869179414845528,4,4
0.0036240020416837926,0.06213537733555381,0.000499494821896939,9.601000111648261e-05,0.933645115799749,4,4
0.0012863665763669383,0.0020362094349587107,0.00021306853231986667,9.372470630030917e-05,0.9963706307500542,4,4
0.001525580757797482,0.0019689784289051103,0.00019891408354467418,9.076747442682144e-05,0.9962157592553258,4,4
0.0011185507826657222,0.0020234523571471532,0.00014778842818137628,9.404486324363839e-05,0.9966161635687621,4,4
0.07698507295142241,0.7878741537616667,0.001966833027077749,0.002939521166088544,0.13023441909374464,1,1
0.012660181116926272,0.09823158289379669,0.0005365577233641413,0.0007389929325189952,0.887832685333394,4,4
0.2290542096388355,0.4160398781053499,0.003572485345432309,0.007239070128960723,0.3440943567814216,4,1
0.11450291304665643,0.3919617858763979,0.002913656822939118,0.0011238038567143787,0.48949784039729216,4,4
0.0013109072619771989,0.002090579016995043,0.00017123673987270446,0.000107956176513452,0.9963193208046416,4,4
0.8061325343665361,0.12365089694890474,0.0013501613676130367,0.001683054945452352,0.06718335237149375,0,0
0.0017653331034507582,0.002386444310852459,0.00022169871326799677,0.00012030352084228707,0.9955062203515864,4,4
0.0013487381155263692,0.0018708131713747887,0.00014840623314687034,9.39922011754622e-05,0.9965380502787764,4,4
0.0012201628293528799,0.0018706958417540763,0.0002247533641942594,9.398630637555233e-05,0.9965904016583234,4,4
0.45835766553075596,0.4496115228386023,0.016904248678031846,0.016141088828417954,0.058985474124191785,0,0
0.0012324627843725866,0.0020385729472982245,0.00014855379919172866,9.396036203596943e-05,0.9964864501071015,4,4
0.0013957064925742841,0.0017987742416617615,0.00028783301976927864,0.00011203199771805916,0.9964056542482767,4,4
0.001153380313126693,0.0020383298951624795,0.00014854212661565347,0.000292105256418384,0.9963676424086767,4,4
0.0011685150878565393,0.0020161867273637848,0.00014855561063277062,9.380609622576306e-05,0.9965729364779212,4,4
0.0011686062166521498,0.002016418008285627,0.0001485726517520806,9.400897915572693e-05,0.9965723941441545,4,4
0.31968490922203985,0.26673384695295527,0.003594694548252414,0.0022688387608464835,0.40771771051590616,4,4
0.7377891407261192,0.15209338152041751,0.0022183975989669286,0.007216149670460272,0.10068293048403601,0,0
0.04086090061518022,0.6608894489990564,0.0038989390277512975,0.000999790382505282,0.2933509209755068,1,1
0.0016766759648810805,0.002625508000189514,0.00020285328711510658,0.00012042519450727293,0.995374537553307,4,4
0.2703418364215683,0.5803020623046313,0.07383002369806135,0.001163478688392762,0.07436259888734616,1,1
0.0015343579251340634,0.0022675119689247385,0.0002986550792176936,0.00012015925729912229,0.9957793157694244,4,4
0.6419502225023761,0.174872615225535,0.002910675568371791,0.03160401363295404,0.14866247307076294,0,0
0.15924488969607137,0.08089403901643487,0.0020575104075682598,0.001889555646050949,0.7559140052338745,4,4
0.011473235870375107,0.014884559351252546,0.0008800920244572792,0.0005583819078495276,0.9722037308460656,4,4
0.9565707056050561,0.027980343136907428,0.0013210015685955956,0.0005454367783728071,0.01358251291106806,0,0
0.0013778305030899543,0.0026036527253002605,0.00020938772618758858,0.0001419202210864687,0.9956672088243357,4,4
0.08128915532131745,0.7759189189849482,0.002068851294252989,0.004585742873799909,0.13613733152568125,1,1
0.8328736535984985,0.07141298684352855,0.0014579922514254252,0.0018109529401532426,0.09244441436639436,0,0
0.34098614538853084,0.5639302083696042,0.001628741872781135,0.0017793214895853568,0.09167558287949859,1,1
0.0012468486709582567,0.0019721234566368135,0.00014856800095980468,9.126158425638483e-05,0.9965411982871887,4,4
0.0012468486709582567,0.0019721234566368135,0.00014856800095980468,9.126158425638483e-05,0.9965411982871887,4,4
0.0011617408302593978,0.0019062566760579872,0.00014841605091525978,9.373967706848643e-05,0.9966898467656989,4,4
0.0029058541397494688,0.004203357980067436,0.0001420380534525512,8.99031033396494e-05,0.992658846723391,4,4
0.005473881777371911,0.004474651660226107,0.0001603550196041971,0.00011146069402844912,0.9897796508487693,4,4
0.0012505955189805104,0.0017397148604169654,0.0001485952809290091,0.00013691174210445992,0.9967241825975691,4,4
0.423939658911064,0.5018195653963771,0.0025551231869588515,0.0025453482762924917,0.06914030422930757,1,1
0.04712698978117638,0.8675239209239916,0.0008366319144691949,0.004754540917146248,0.07975791646321649,1,1
0.0011031060093743936,0.0018160015120977494,0.00014819343401857682,9.277617939954743e-05,0.9968399228651098,4,4
0.12049717719144988,0.7966347879743001,0.002390915785845488,0.015805637005726746,0.06467148204267764,1,1
0.0018213998717364838,0.007887102527125522,0.00014137243558508145,0.0001777328282695876,0.9899723923372834,4,4
0.0014423354119840553,0.005059752464058481,0.0001368974753174181,9.799361744691386e-05,0.993263021031193,4,4
0.001167872793981059,0.015973464663958103,0.0001081040970309617,0.00017702368642590456,0.982573534758604,4,4
0.0015371526199597359,0.009078932826105822,0.00010971293295258159,0.0001474444198480413,0.9891267572011339,4,4
0.002914809612430869,0.004851684723536163,0.00014173116808208604,8.94645834938117e-05,0.992002309912457,4,4
0.001955492854983132,0.001742581852598632,0.00014237736920103084,9.011018934561596e-05,0.9960694377338715,4,4
0.05738760770797517,0.8956453580478723,0.0011034712194053315,0.0029069115983737957,0.042956651426373255,1,1
0.0012295246141992443,0.0020385788000407213,0.0001485602654164564,9.402530085644349e-05,0.9964893110194871,4,4
0.0038139253577400122,0.007260613658493019,0.00014790425196073195,0.0001909214900708093,0.9885866352417354,4,4
0.15609398953954506,0.015589044293242722,0.0006684170840751145,0.7802009779617386,0.047447571121398524,3,3
0.0012913803769339911,0.0017743263436821686,0.0002440414695808118,0.0006286441513991425,0.996061607658404,4,4
0.0026731109113551435,0.017604619008464995,0.00018473365890350684,0.00011689834997027741,0.9794206380713061,4,4
0.001992336656469539,0.004891054188394856,0.00014399732517102892,9.013297988569045e-05,0.992882478850079,4,4
0.0019998010731503988,0.0045683667662729435,0.00014176532402807994,8.914273673187316e-05,0.9932009240998166,4,4
0.002174199343031728,0.0045628468103150735,0.00014159402903688844,0.0001571779624922185,0.9929641818551241,4,4
0.0010721678654420893,0.0017501218994823322,0.00014849217382219211,0.0009966411870940008,0.9960325768741594,4,4
0.0011301930112891754,0.0025323380506363617,0.00014138801769325945,0.00010754220182942589,0.9960885387185517,4,4
0.0019213544603125822,0.0025684516674449914,0.00014441507343083637,9.10100696625619e-05,0.995274768729149,4,4
0.0017355998195985216,0.0027417247718954296,0.0002081950747398573,9.017548281874056e-05,0.9952243048509475,4,4
0.029998301806966953,0.9259963553154693,0.0003638420732236595,0.0021518913913273143,0.04148960941301288,1,1
0.001162086543019029,0.0020386291367383434,0.00014842339381498977,0.00013694453915603816,0.9965139163872716,4,4
0.08724594643732671,0.444507466391578,0.004078783862759594,0.005224291068940411,0.45894351223939517,1,4
0.011514425341932782,0.8829582544481354,0.0038553278869706982,0.0016765019491261771,0.09999549037383487,1,1
0.001069318038862773,0.002037955539345656,0.00030522194879260703,0.00013963425023995983,0.996447870222759,4,4
0.0012285877745526518,0.002013917508954745,0.00014760911835203663,9.393197387103051e-05,0.9965159536242695,4,4
0.029018181498722248,0.36515366093797624,0.0015875824608851397,0.0006754503583541775,0.6035651247440623,4,4
0.0012424048595516778,0.0017708596315465447,0.00024222297764300068,9.378632726645486e-05,0.9966507262039923,4,4
0.001242145046946958,0.0019932040570195364,0.00022857829967184182,9.376671460172092e-05,0.9964423058817599,4,4
0.04012044546765217,0.8876502375962699,0.006541290444102931,0.0010741259291588705,0.06461390056281606,1,1
0.0013744929871953703,0.0020494620540370627,0.0002759817327247124,0.00013671835464286437,0.9961633448714,4,4
0.2865277920474697,0.601265028064477,0.016027548645164116,0.004079364981596073,0.09210026626129289,0,1
0.0014696063555708246,0.0017410462362088645,0.00021683186677587174,0.000105091586188139,0.9964674239552562,4,4
0.0019128650383387585,0.005124943610704286,0.00046101351572770417,0.00010744738280630532,0.992393730452423,4,4
0.04754454346057876,0.8641443181321985,0.008328872725347903,0.00041831394416960623,0.07956395173770513,1,1
0.0011767019206168582,0.010329250084696978,0.0076537867713702325,9.511414677839082e-05,0.9807451470765375,4,4
0.027448745189091107,0.7981352171461173,0.004873746108552833,0.0011646435963024431,0.16837764795993623,1,1
0.07314169719452886,0.8486051782999589,0.0037553303534769438,0.0006080760336646972,0.0738897181183707,1,1
0.27535369973840784,0.5230516105582252,0.06750733031029854,0.0017660316441972634,0.13232132774887098,1,1
0.0013217561519815772,0.002015565762050739,0.0004556641921343728,0.00010950879251822625,0.9960975051013151,4,4
0.3782149542677729,0.18915697949148616,0.002483321515770741,0.0015648831617636509,0.4285798615632065,0,4
0.14655815442904532,0.02257283636141446,0.0006994564698925106,0.00044161976311105387,0.8297279329765367,4,4
0.008684332672948773,0.005215471600711158,0.00017544905948855717,0.0008164745771667631,0.9851082720896849,4,4
0.004570863139572141,0.3581831464829723,0.00042369103496577357,0.0002503211084866699,0.6365719782340031,4,4
0.33390304895809314,0.39208862322532606,0.13226365041036267,0.001431388924564312,0.14031328848165384,2,1
0.7553256939586596,0.0566930482373859,0.1660919861104013,0.0005109627474830602,0.02137830894607007,0,0
0.015263194528028351,0.9542545535502412,0.008814695938933645,0.0002805188243479247,0.021387037158448866,1,1
0.0232344371092849,0.958347725986239,0.00044310595960565016,0.0007939488454165876,0.017180782099453836,1,1
0.004280175798341567,0.9530445944222421,0.00028126452499891016,0.00013782917956966064,0.0422561360748478,1,1
0.0036202409330202056,0.9856286019901038,0.00042303137281484045,0.00015224475340856132,0.01017588095065266,1,1
0.8593213540456076,0.04687010385489816,0.0011815296788052906,0.0007489808658275929,0.0918780315548614,0,0
0.9418046221740238,0.04103363714219393,0.00043868641971625734,0.0020727334473091817,0.014650320816757004,0,0
0.08105962119115237,0.08081363012914469,0.6806408679712648,0.0010529621413421532,0.15643291856709599,0,2
0.27428139087942,0.0584052173917457,0.01846502946425629,0.0035603493321827617,0.6452880129323952,4,4
0.32845049218376526,0.04408624944541021,0.0052945016278479196,0.0014774871083710383,0.6206912696346055,0,4
0.08866327952474265,0.5581575607421847,0.11994022521964533,0.0015159675392798294,0.23172296697414743,1,1
0.12169922468303761,0.6806803261510355,0.12180088309060179,0.0012487560220069156,0.07457081005331817,1,1
0.10416675187325927,0.6650542898747416,0.12476264408917123,0.0014637546237203337,0.10455255953910751,0,1
0.836648767628324,0.05307614050805341,0.001302156311537888,0.0008165460024460471,0.10815638954963862,1,0
0.5264685111782835,0.0727527188680513,0.0020266054473574314,0.0012872539449424684,0.39746491056136535,0,0
0.0761951246793238,0.40454946855342994,0.0027110537678151497,0.0008343494516896569,0.5157100035477414,1,4
0.0017406509105130812,0.002963458159518582,0.00029174433437376986,0.00015236373604832925,0.9948517828595461,4,4
0.002051034053606029,0.0029526542874298172,0.0003290583606397643,0.0001497915886974401,0.994517461709627,4,4
0.0016674745105836675,0.002866790678344014,0.00033788356120310995,0.0001478687617852132,0.9949799824880841,4,4
0.18377741310902687,0.7194376222477533,0.002399141522453775,0.011215493032288618,0.08317033008847732,1,1
0.2562390249467275,0.5225744508848906,0.0440461969858481,0.0026471961500665027,0.17449313103246736,2,1
0.011310819482300798,0.04909019947121552,0.001300062803208066,0.00022966708304070972,0.9380692511602349,4,4
0.0017402783989196855,0.002962748188303872,0.0004887996967806043,0.00017480748975626185,0.9946333662262395,4,4
0.34940479113750017,0.26041724413403694,0.013317015808776556,0.006538659118978819,0.3703222898007074,1,4
0.06113413002920382,0.7851151991822918,0.00914749382983038,0.0027518638198465333,0.14185131313882743,0,1
0.0017389557735021358,0.0029604964761283468,0.0007632337179062001,0.0006598770714094744,0.9938774369610539,4,4
0.00174065094483862,0.002963458217957811,0.0002917443401269518,0.00015234401910886898,0.9948518024779677,4,4
0.23351841065069584,0.30447477277734225,0.004203955973997724,0.0022088112505821754,0.45559404934738185,4,4
0.0017354318900367487,0.0029544972179870346,0.0009475324603207634,0.00018230823397047605,0.994180230197685,4,4
0.0017405831684264939,0.002963342828616775,0.00029173298036255416,0.00019127548150015697,0.994813065541094,4,4
0.0017403535560779652,0.0029629519135954668,0.0002916944958500187,0.00032316715635970195,0.9946818328781168,4,4
0.0017403535560779652,0.0029629519135954668,0.0002916944958500187,0.00032316715635970195,0.9946818328781168,4,4
0.0712305064150467,0.11764053854819996,0.0013963267708973896,0.006823291175807233,0.8029093370900486,1,4
0.8327008965247678,0.10990331998253386,0.0014323572076420541,0.0013227190166647338,0.05464070726839169,0,0
0.0017406009055280815,0.002963373026032069,0.00029173595321533305,0.00018108710944377874,0.9948232030057809,4,4
0.004709925021258801,0.007428988705296007,0.00028047069324612967,0.00014700831368378775,0.9874336072665153,4,4
0.010782833962900565,0.007511518714735365,0.00033982039537872424,0.0002262675552544625,0.9811395593717309,4,4
0.10457823610562075,0.3699384613091871,0.4524066850614493,0.012097269783621533,0.06097934774012108,2,2
0.008354653316981674,0.010505323868439252,0.00026899249737204076,0.00019224195026673006,0.9806787883669402,4,4
0.9021706342767944,0.04234342908699657,0.0012939502691630637,0.0011064456684368592,0.053085540698608914,0,0
0.023143214405194304,0.9006949903113457,0.05169439543006398,0.0011880909815131665,0.023279308871882773,1,1
0.5503199992148704,0.19532706879663442,0.0035654045549437545,0.006482356584082698,0.24430517084946862,0,0
0.001740404144223841,0.0029629622642082247,0.00043857828207666266,0.000152820998675674,0.9947052343108156,4,4
0.0017404744770729969,0.0029631348965935634,0.0002917125100247121,0.0002159508613148622,0.9947887272549938,4,4
0.1267185808201032,0.7618642723986665,0.0024464199779634355,0.0020968560701166697,0.10687387073315013,0,1
0.0017401831351290672,0.002962661771931498,0.00029166593219834145,0.0004210586875657597,0.9945844304731752,4,4
0.0017384499036432056,0.0029596352547232034,0.00040568794414879697,0.00023284394864188818,0.9946633829488429,4,4
0.004181835391450745,0.053013154190831774,0.0008214470213884877,0.00016364020640754616,0.9418199231899214,4,4
0.0020494527730664925,0.0029503778870178018,0.0012851217876890923,0.0006593400217503666,0.9930557075304762,4,4
0.0017404640123050243,0.002963139965321043,0.00029171300902704124,0.0002597199729706634,0.9947449630403763,4,4
0.0035277023920132784,0.0028488930199705473,0.004689424386815941,0.00016575637046473054,0.9887682238307355,4,4
0.0017359823994909335,0.0029554344363591305,0.0029791995682711503,0.00015133967656324728,0.9921780439193154,4,4
0.0017399878024872617,0.0029622534605325992,0.00035115501830432845,0.000479324084084127,0.9944672796345916,4,4
0.2479889755782745,0.12044138232069865,0.024063182963196435,0.3671553202732928,0.24035113886453763,2,3
0.0017273467329622925,0.0029407441315760776,0.0009204622313082512,0.005505973018296863,0.9889054738858566,4,4
0.15685968345482257,0.157910822253466,0.0036406559766363716,0.011138578728790401,0.6704502595862847,4,4
0.14419248377103347,0.15027559257063525,0.0037258570635092226,0.01566547779931811,0.686140588795504,4,4
0.09035641825457671,0.13248130452584486,0.003054374907505833,0.0018841345152253376,0.7722237677968473,4,4
0.08786890330151863,0.5968002586530952,0.0016804553299116431,0.0013870603830217613,0.3122633223324529,0,1
0.016442759425090818,0.09852380327399085,0.0013936725616401722,0.0025817024375960292,0.8810580623016822,4,4
0.0017403450212717156,0.0029629373830879035,0.00029169306536137033,0.0003280696361176031,0.9946769548941613,4,4
0.0017406091259173978,0.002963387021244806,0.0002917373310056728,0.00017636523397879258,0.9948279012878533,4,4
0.0017403382492595354,0.0029628500809010965,0.00047643793977352334,0.00015280082457790777,0.9946675729054879,4,4
0.0017393308843981895,0.0029608707000908937,0.0005084360321489732,0.00015059190593440114,0.9946407704774275,4,4
0.0020969549762645695,0.002869334257986715,0.0003239773896683986,0.00021768472539245137,0.9944920486506879,4,4
0.718621129937255,0.21832633499312357,0.0015401770664246798,0.0013224010265301892,0.06018995697666658,0,0
0.00506409421197023,0.0038474434504831177,0.0002832933678094093,0.0002520954507491701,0.990553073518988,4,4
0.0017390097677174004,0.0029605883989284884,0.0006620328613624641,0.00018122988158689394,0.9944571390904048,4,4
0.010892256265825226,0.13074601539333178,0.0019700482943674426,0.00032981283101539204,0.8560618672154602,4,4
0.45716123512217416,0.16648023029673606,0.0059925575385884194,0.0030925725903752366,0.367273404452126,0,0
0.0017405054277198503,0.0029632104750644123,0.0002917199505180423,0.00023593053629004563,0.9947686336104077,4,4
0.001740600425151832,0.0029633722081915084,0.0002917358727011712,0.00018136304246072472,0.9948229284514947,4,4
0.3153658488339421,0.48029331381119944,0.0030974476248391398,0.00196563200038012,0.1992777577296392,0,1
0.30439297316668,0.636699591492609,0.0023083324147983616,0.0014461254379425107,0.05515297748797009,0,1
0.2828292519601286,0.3727321821079808,0.004590150596071072,0.0022947783358935768,0.33755363699992597,0,1
0.19906216003477858,0.3687421992692903,0.004456655851598669,0.0038267566653784604,0.423912228178954,1,4
0.0017406003012534076,0.0029633719972544416,0.00029173585193499504,0.00018143421097960427,0.9948228576385776,4,4
0.17676440482818442,0.17557794528400472,0.0031021935937088803,0.0016293737846473704,0.6429260825094546,4,4
0.002531197846288229,0.0074365650591034305,0.0002908360324574765,0.00015229188421793456,0.9895891091779329,4,4
0.7284408635245527,0.08268734481100189,0.0019238254710744749,0.000996040514313726,0.18595192567905722,4,0
0.001740650493447719,0.002963457449464806,0.00029174426447092154,0.00015260330264638106,0.9948515444899703,4,4
0.34028876649396655,0.40956760135042036,0.0030105228848241656,0.0015754532939701558,0.24555765597681892,1,1
0.05226811734117843,0.6610485635241167,0.017889457089426533,0.0013026885434540888,0.26749117350182433,1,1
0.020133381437097343,0.009455329498511926,0.00045697927478548315,0.0008972800271576395,0.9690570297624475,4,4
0.042487659689628504,0.8812244122058356,0.017923786268628047,0.0011416978798384763,0.057222443956069284,1,1
0.02033251784080912,0.6417782761991591,0.004189379268901426,0.0009710146136552471,0.33272881207747523,1,1
0.002350683023550567,0.004005497799583823,0.0010584261410555623,0.00020746387666022284,0.9923779291591499,4,4
0.0017406501197679582,0.002963456813275017,0.00029174420183978027,0.0001528179481121425,0.9948513309170052,4,4
0.24971585317566897,0.6179074005133182,0.0025879584086962023,0.054182000242569375,0.07560678765974714,1,1
0.004208029681587882,0.01058896717740611,0.0002672022505442703,0.00020766972256694904,0.9847281311678948,4,4
0.004352465299354135,0.007942981211517049,0.0002815525617703888,0.00023297349442095864,0.9871900274329376,4,4
0.010783510703060583,0.03411140935323824,0.0008015774483079802,0.00041014608387818946,0.9538933564115151,4,4
0.25429691694699874,0.444254498757221,0.006743016588689331,0.002285397424971333,0.2924201702821196,1,1
0.00174065436868108,0.0029634640470495685,0.00029174491398506057,0.00015037732907940412,0.9948537593412049,4,4
0.00234086960797217,0.003997551578863463,0.0029437692340340852,0.0003085880457673445,0.990409221533363,4,4
0.5586568453863935,0.3349695263197945,0.004709494853640759,0.004115788967158347,0.09754834447301278,0,0
0.0017406703017380572,0.0029634566549098023,0.0002917441862491589,0.00015285110430909114,0.9948512777527938,4,4
0.001740650062040404,0.002963456714993856,0.00029174419216426934,0.00015285110740814574,0.9948512979233933,4,4
0.003525290374175168,0.0028466909381633775,0.00026889189371607516,0.00016426664907135581,0.993194860144874,4,4
0.06526790580520914,0.6442925930294965,0.0514113497205963,0.0021141542248978265,0.2369139972198002,1,1
0.058127457879019066,0.8440298679460788,0.03550399407143865,0.0012208499328202889,0.06111783017064309,1,1
0.3054542148132155,0.5589371835396174,0.00447674628070814,0.007521537596395316,0.12361031777006361,1,1
0.013235668893923148,0.027252362274405428,0.000601254865931816,0.000528778662313201,0.9583819353034264,4,4
0.016289596274824972,0.010249216016205449,0.000580845814867863,0.0007486718242665956,0.9721316700698351,4,4
0.002024778593626104,0.002884547353313887,0.00027456820645726,0.00018774724163360388,0.9946283586049691,4,4
0.00933804785063859,0.020233726747057996,0.0006076046086016339,0.00015908919463384526,0.969661531599068,4,4
0.0017405258122026588,0.002963245179646211,0.00029172336708901156,0.00022422148145916201,0.994780284159603,4,4
0.032052624834519296,0.8349265365443875,0.007686850345464023,0.0008728441670599862,0.12446114410856919,1,1
0.0017394686331653382,0.0029611051904298406,0.0004272454077231709,0.00015263830996080369,0.994719542458721,4,4
0.6085973713978742,0.15809254461863567,0.0015459956494567528,0.0011981456788411223,0.2305659426551923,0,0
0.016944079707211273,0.023955845313029994,0.00106158559564772,0.0005552701066923086,0.9574832192774186,4,4
0.003337008894096287,0.0054026025473168805,0.0002822272300995447,0.00014779856848108,0.9908303627600062,4,4
0.0017406003003201489,0.002963371995665569,0.00029173585177857486,0.0001814347470529166,0.9948228571051828,4,4
0.0056298859035339,0.005711713416161355,0.00029098990680131423,0.00029603885511433447,0.9880713719183891,4,4
0.0032708586481475445,0.0054451161852538685,0.00028008790914876955,0.0002849476975584054,0.9907189895598913,4,4
0.006245003892959493,0.008984311994139198,0.00028150872049177136,0.00017623343493048085,0.9843129419574791,4,4
0.6068273005219654,0.34298355143022635,0.0018619133672538573,0.004194054131312388,0.04413318054924198,0,0
0.004839512079923542,0.006945573917734022,0.0002810627531271262,0.0001473114127530439,0.9877865398364624,4,4
0.0017404823116445615,0.002963171119946441,0.00029171607611453164,0.00024920864570156123,0.9947554218465929,4,4
0.0017404664375804527,0.002963144094352438,0.0002917134155188664,0.00025832687002851,0.9947463491825197,4,4
0.1606417383339352,0.7627461653393749,0.001557275098884134,0.002292081240970593,0.07276273998683509,1,1
0.0036020254062073985,0.027005859422779905,0.0002535341855140194,0.00021748282876073069,0.968921098156738,4,4
0.05109712171599076,0.8920498315032798,0.0024100549783771853,0.012957127366749659,0.04148586443560261,1,1
0.002592360444124555,0.006646996213488887,0.00033597666707916413,0.00015188672651653747,0.9902727799487908,4,4
0.40516865525994966,0.10699715776512318,0.0028024278422971423,0.014608899034301676,0.4704228600983284,0,4
0.13548461821063965,0.7829831276375315,0.0024262514640381538,0.0012604257903873258,0.07784557689740333,1,1
0.0036646716429749268,0.009192182410577513,0.0002603990982275284,0.00022278359560459066,0.9866599632526155,4,4
0.0031270188369931433,0.009723597067007555,0.0002604657190411691,0.000220244246407987,0.9866686741305501,4,4
0.02187126518033883,0.9426844972048893,0.0007026531593014761,0.0010704532166302457,0.033671131238840246,4,1
0.0017397021484311143,0.002961820017242819,0.0002915830637560909,0.0006596010653361315,0.9943472937052338,4,4
0.019457762163103163,0.010144836867665995,0.0005974966107039998,0.015998624078607714,0.9538012802799192,4,4
0.03327157247797195,0.9193198745364047,0.000890919456729524,0.00103703123665896,0.04548060229223478,1,1
0.0017403862830960182,0.0029630076313434082,0.00029169998110960765,0.00030436842340026923,0.9947005376810507,4,4
0.05519883712658357,0.2640317438961225,0.0018153770017162508,0.040997512810967494,0.6379565291646103,1,4
0.011133411569218144,0.08407468022287264,0.0009690838140551549,0.000507125573162356,0.9033156988206917,4,4
0.01121595674128806,0.09026875388144236,0.0010404795839786703,0.0005365416127283945,0.8969382681805625,4,4
0.00288700218633342,0.011917838860954582,0.0002636452273800361,0.00013776728923329645,0.9847937464360986,4,4
0.15131061434166454,0.7901731142246655,0.001343066163106994,0.0028087520274166435,0.05436445324314639,1,1
0.4312448657290886,0.44813029467350474,0.0011391539310618827,0.08107426849652058,0.03841141716982416,0,1
0.7123470721523925,0.1838020543206366,0.002192430875795423,0.004654199875613639,0.09700424277556191,0,0
0.1485145872801788,0.15871831522317723,0.004980184664947072,0.004867027500136451,0.6829198853315605,3,4
0.008384885189216207,0.00414697410868403,0.00026049010523057864,0.00044659928416847407,0.9867610513127008,4,4
0.011473700938592749,0.003403827974488796,0.00032371637260713665,0.000499246325813388,0.9842995083884979,4,4
0.0017405953344641633,0.002963363541295798,0.00029173501946904036,0.00018428718537870725,0.9948200189193922,4,4
0.0017405953344641633,0.002963363541295798,0.00029173501946904036,0.00018428718537870725,0.9948200189193922,4,4
0.0017406518283545685,0.002963459722143706,0.00029174448820993085,0.0001518365185368967,0.9948523074427549,4,4
0.7179879569849362,0.18262341603604884,0.002432540879870744,0.007613968496402601,0.0893421176027416,1,0
0.0017405853773289563,0.0029633465892731975,0.0002917333505888728,0.00019000666539664923,0.9948143280174123,4,4
0.6382527056659125,0.27388705114320683,0.003126234460195761,0.0078159054673096,0.07691810326337525,0,0
0.5955116560335016,0.37182084555641387,0.0011324001632031025,0.0011022551817568176,0.030432843065124626,1,0
0.0024076688431027013,0.003133562423448651,0.00028428674689077435,0.0001479960477009777,0.9940264859388568,4,4
0.02283296231440904,0.09166022146801321,0.0010189241878870903,0.0067625187395377205,0.877725373290153,4,4
0.3328546767055902,0.5987301302337241,0.0022742266207337477,0.0035858678828858542,0.0625550985570661,1,1
0.001740536153200002,0.0029632627851940946,0.00029172510030695225,0.0002182815071152141,0.9947861944541837,4,4
0.004126984753375934,0.0188304787113191,0.0002664134811215796,0.00013950451685445928,0.9766366185373289,4,4
0.02670963960597024,0.8964790464555781,0.002277371615646977,0.0010717360849967106,0.07346220623780803,1,1
0.001738067071947684,0.0029589951134769326,0.0005774246613760764,0.0002318141964772053,0.9944936989567221,4,4
0.029334570340246193,0.721724097188936,0.01758848241950139,0.002692446425571398,0.22866040362574488,4,1
0.0211947885625883,0.01407755174208872,0.00033120347897842774,0.000253250217564814,0.9641432059987797,4,4
0.008862297752706041,0.01270438916536132,0.0002895815747569397,0.00019350574641581196,0.97795022576076,4,4
0.00801281355760429,0.012368307068059173,0.00028192097953133686,0.00018842818937029856,0.979148530205435,4,4
0.0017367195139769834,0.002956689341671679,0.002554761977347865,0.00015249710033803289,0.9925993320666654,4,4
0.002352096332857668,0.004007906038918098,0.0004578879711535421,0.0002075296737172147,0.9929745799833534,4,4
0.00354299548050828,0.0028612433738909463,0.0003934799969300169,0.00014760730947532144,0.9930546738391953,4,4
0.0017405843200054146,0.002963321902740725,0.0002917309202674052,0.00015285357767856505,0.9948515092793079,4,4
0.002517792490220392,0.021340788054482952,0.0012558890351329142,0.00013476601373430786,0.9747507644064295,4,4
0.04960839621238432,0.7125157523820232,0.09421158585310228,0.0014446820751253333,0.1422195834773647,1,1
0.03644696561294964,0.04158377252081499,0.0035907841775035454,0.0007707057331352186,0.9176077719555966,4,4
0.002344108353697771,0.004003082452110234,0.001665996881177152,0.00020729504770987942,0.9917795172653049,4,4
0.0023438821881992485,0.003993909367301748,0.0037701041781214696,0.00038525505925792814,0.9895068492071197,4,4
0.6388993059189773,0.10708937146669364,0.002583191638445033,0.006830823244250747,0.2445973077316333,1,0
0.0017403345359209435,0.0029628850202675482,0.000291687910385208,0.00034571617163555384,0.9946593763617908,4,4
0.0017402950564166374,0.0029628523179225813,0.0002916846909289676,0.0003567699584767022,0.9946483979762551,4,4
0.052377313628374514,0.7176418397722865,0.09748172218381344,0.0034637083445246916,0.1290354160710007,1,1
0.07604060120495995,0.8960738951009272,0.002132810654982493,0.0005813578935112885,0.025171335145618947,1,1
0.02628002705059733,0.840850428005199,0.00917957006280932,0.0008040150992646209,0.1228859597821299,1,1
0.015018760969001024,0.32821742473665905,0.00881385263972924,0.0005351180887830398,0.6474148435658277,4,4
0.008446572159608185,0.9550143455410861,0.002746352125014924,0.00046885638972539906,0.033323873784565444,1,1
0.007240042290320265,0.884193142179141,0.002465373293528625,0.0005350519401542324,0.10556639029685586,1,1
0.001740093070637142,0.0029624326749735403,0.0005456292310532596,0.00022440075397276173,0.9945274442693632,4,4
0.01535549832198647,0.9469630552125412,0.0010942808363127172,0.00043313567802887666,0.03615402995113108,1,1
0.2215514326420677,0.1758879818885827,0.0047605206206662466,0.09148373500408495,0.5063163298445984,0,4
0.21208790740340724,0.24720734505424263,0.003823729809744693,0.43925051991337416,0.09763049781923115,3,3
0.03922821383640954,0.6524788297581673,0.0031245012178170288,0.003071944399969377,0.3020965107876368,1,1
0.7862456678413989,0.16263834453229312,0.001657501044188876,0.003903669261826381,0.045554817320292706,0,0
0.7512578705682816,0.1500580731357965,0.0021901363428047864,0.004871667615374927,0.09162225233774215,0,0
0.041227831464615686,0.05198213047247265,0.17681580382162215,0.0007761548146597499,0.7291980794266296,4,4
0.09474578049226892,0.7594140116784046,0.0149918084767656,0.0020313020162088923,0.1288170973363521,1,1
0.026732965300854304,0.8492531408150465,0.1016583089791,0.0013903303664821798,0.02096525453851687,1,1
0.0016435654537714905,0.010720959516819928,0.0010296339166536324,8.297816772096475e-05,0.9865228629450339,4,4
0.0008688220631409791,0.001563759950617345,0.0004249870056327554,0.0001283130969235014,0.9970141178836854,4,4
0.002446100922681178,0.002375176070679377,0.0001381971992660448,7.509849770222746e-05,0.9949654273096713,4,4
0.39136470820513775,0.28890942310114515,0.1255818493798705,0.003081670934931706,0.1910623483789149,2,0
0.007654097226844436,0.006645132913297251,0.0076440405133841255,7.169906741736522e-05,0.9779850302790569,4,4
0.09226306077889179,0.39631522059684177,0.0022017232238316473,0.002470876353310546,0.5067491190471243,3,4
0.24298981986404627,0.11603054629101699,0.0019311718648429884,0.0021672510165537647,0.63688121096354,1,4
0.0010070790446814447,0.003043885439028488,0.00013791730672711814,7.396570627278924e-05,0.9957371525032902,4,4
0.0009063581618357683,0.00134908667002486,0.0001369794962425817,7.342194112373487e-05,0.9975341537307731,4,4
0.20634097170583915,0.2173925751172523,0.03686956355426769,0.0019028278162751687,0.5374940618063656,1,4
0.001069377717788782,0.0013484358773455485,0.00013691341801695618,7.436339056819231e-05,0.9973709095962805,4,4
0.001106471573505839,0.0013488058205491016,0.00013695098019497396,8.128205055075115e-05,0.9973264895751993,4,4
0.000921847379973934,0.0013488537939502134,0.00013695585117358742,0.0002303811745722283,0.99736196180033,4,4
0.0011874206233876744,0.001650478546192427,0.00013681887383758053,7.429916366759338e-05,0.9969509827929148,4,4
0.005499617714735869,0.002468663646248965,0.00014593585172552169,7.967139904651403e-05,0.9918061113882432,4,4
0.32366478593722336,0.4257619622685842,0.0024585549514572758,0.0020269203053456903,0.24608777653738947,1,1
0.012567337927636847,0.002534748388034149,0.000162504018591533,0.00014825617689594156,0.9845871534888416,4,4
0.12805036561484442,0.38186376164551544,0.21787202680457357,0.005204531545095253,0.2670093143899714,2,1
0.0011703783835566321,0.001542980807203832,0.0003539134810661167,0.00024815235684372077,0.9966845749713297,4,4
0.0008592351480814577,0.0015259890342060394,0.0003261426039985034,7.08973554602302e-05,0.9972177358582537,4,4
0.0007618517808283781,0.0013492808122441107,0.00013699920847010813,7.416290892479293e-05,0.9976777052895326,4,4
0.012272186762812618,0.7960375220020898,0.1701571833005827,0.0009561377492886193,0.020576970185226265,1,1
0.8040171702241062,0.0974822299337646,0.0010906981320925734,0.010185505428610983,0.08722439628142545,0,0
0.23080158830760636,0.291623602107634,0.003004267159823959,0.009525928913809645,0.465044613511126,0,4
0.13673880185130355,0.750061093901386,0.006694477287253382,0.0049231384980075186,0.10158248846204974,1,1
0.0011687208491113865,0.0013482626772246796,0.00013689583214509718,0.00010331855483164228,0.9972428020866871,4,4
0.08159003154211665,0.8771859271071117,0.002904571169475494,0.0034935585551584152,0.03482591162613785,1,1
0.0030612921661689677,0.0029547387396083396,0.00017878433354799993,0.0004990296895846965,0.99330615507109,4,4
0.010509343354180875,0.003299438006320041,0.0006083695324795857,8.259119249880471e-05,0.9855002579145207,4,4
0.0010788274531024964,0.001889082592191215,0.00041696401865040883,8.974903597095561e-05,0.9965253769000848,4,4
0.0008721513309446977,0.0014591075487990735,0.00019098317886270368,7.437232698251614e-05,0.997403385614411,4,4
0.28706848799717466,0.1757342085440646,0.05399487413500925,0.0025866836345659686,0.4806157456891854,0,4
0.11952443327467262,0.6029452917053919,0.05487085671403769,0.008941012123145775,0.21371840618275212,3,1
0.022278212397376145,0.01120753936682535,0.00018034227142554686,0.00028984464904289846,0.96604406131533,4,4
0.07641149507062897,0.050788376919400705,0.003427613673084261,0.00214886654804684,0.8672236477888392,4,4
0.661626049733523,0.14617229013806576,0.003015728182884074,0.0016403154238312575,0.18754561652169582,0,0
0.001027832116780582,0.0014573552630309653,0.0001369478207509607,7.43834363902656e-05,0.9973034813630471,4,4
0.008456769406780308,0.07853845451072879,0.0004064742537159138,0.00031728829898232256,0.9122810135297926,4,4
0.030447776301394672,0.3193535526984813,0.01161576988682021,0.019048396661303573,0.6195345044520002,4,4
0.05217747015358588,0.8951996787305523,0.0021927721426641435,0.010751794840986269,0.03967828413221136,0,1
0.0024043951134543914,0.004385165499065611,0.0001404893525535101,7.51573964204368e-05,0.992994792638506,4,4
0.0009621609549212022,0.0013483865791672353,0.0004160700264998874,7.428855251894408e-05,0.9971990938868927,4,4
0.0008823865633225696,0.0014199184184874919,0.00025120071940588993,7.381273102644769e-05,0.9973726815677576,4,4
0.0014158612995757685,0.002315212250023314,0.00037461381198755547,0.00020008956088878008,0.9956942230775245,4,4
0.0009112602952782262,0.0014192274624818893,0.0006925458488354038,8.962302196903224e-05,0.9968873433714355,4,4
0.0008604285867060454,0.0014880103568693907,0.00013766783539038467,7.11644504224954e-05,0.9974427287706117,4,4
0.006252767692418299,0.9818725816278718,0.0004936321396401541,0.001493521399198864,0.00988749714087076,1,1
0.0013913749553541408,0.007452759964074639,0.0001683568694313577,0.00013534933618820883,0.9908521588749516,4,4
0.3458695153455631,0.06002547493030655,0.0013987673356301823,0.0007586445778441004,0.5919475978106561,4,4
0.0008054656333390584,0.0014585785760509455,0.0005913252976025943,0.00010283522902315183,0.9970417952639843,4,4
0.19949248826318577,0.7660232782862321,0.0006635322336936458,0.0022162142214756,0.03160448699541304,0,1
0.5044754877966162,0.4024489591603219,0.0018852488711360962,0.0012790719043553993,0.08991123226757045,0,0
0.025323030637379642,0.015606070410613572,0.00041267190637326874,0.00022353089337928545,0.9584346961522543,4,4
0.0007448016590534672,0.0014452943063568134,0.007705264136257371,7.023757146623355e-05,0.990034402326866,4,4
0.002429976362348667,0.0019720434670326874,0.0005283490978199952,0.00015771023676443345,0.9949119208360342,4,4
0.005575508180326423,0.0021099656069066062,0.00015206860315379158,0.0001138705671537531,0.9920485870424594,4,4
0.7386379156546995,0.17114048500753373,0.0026593313883803292,0.006191360672588882,0.08137090727679765,0,0
0.005498759810094483,0.003463672741986341,0.00015786980863290165,8.508265193768652e-05,0.9907946149873487,4,4
0.0014998446090259824,0.0013482276771310535,0.0001368922784110784,0.00011603344725828941,0.9968990019881736,4,4
0.6064741676324894,0.18545765868883565,0.036936412618248635,0.002390523784805455,0.16874123727562076,0,0
0.001228970122285002,0.0014307715700716162,0.00024203684173066287,7.7099930329739e-05,0.997021121535583,4,4
0.0022587810184993787,0.00218572792074692,0.000626363602993131,0.0001707701685496543,0.9947583572892109,4,4
0.0011111864525998382,0.0013475581279389557,0.0008140353175708517,0.0001408071975390928,0.9965864129043511,4,4
0.03360973287884762,0.8801661023276278,0.0022328123265887507,0.001215302742669956,0.08277604972426575,1,1
0.64860119342713,0.18907517160936346,0.0013635990700114422,0.007066776046250887,0.1538932598472441,4,0
0.001424375073409561,0.026321634220389356,0.0007950322571271011,0.00010023894075015128,0.9713587195083239,4,4
0.0007888351721732764,0.0013485637720650977,0.0004343279523005944,9.813623533325945e-05,0.9973301368681279,4,4
0.21916005340770595,0.5871837451597518,0.0027007315811199374,0.0015984126389528535,0.18935705721246934,1,1
0.011653148878692383,0.023657620728027188,0.0005390177759780737,0.00031740392523027175,0.9638328086920722,4,4
0.055649661818057146,0.8118429837729186,0.008253218614517388,0.0017197540255234312,0.12253438176898329,2,1
0.0007938600600587118,0.0015865364236101421,0.00023276631519646062,0.00012028106872452131,0.9972665561324101,4,4
0.000761006039316052,0.0014066080335262317,0.0005298612982422539,0.0001849980888466303,0.9971175265400688,4,4
0.0018977027338934797,0.0029625140991089228,0.00013738892530859535,7.463659742012735e-05,0.9949277576442689,4,4
0.8948198379105453,0.0572957079885277,0.00106242490352673,0.001256832137720475,0.04556519705967998,0,0
0.010446470964609957,0.0020842826282579116,0.00015977698519009488,0.0001315901975615645,0.9871778792243805,4,4
0.0010825902943969708,0.001348847483433441,0.00013695521043535487,7.431129857867573e-05,0.9973572957131556,4,4
0.7664711559280276,0.17907957958673137,0.005556652250091377,0.0005809750205339479,0.04831163721461559,0,0
0.0011938105115712966,0.0013766054529570867,0.00032419579787499366,0.00017812655015715597,0.9969272616874395,4,4
0.9270049694702606,0.02073144809983198,0.0006519987144124121,0.0019425382557708023,0.04966904545972442,1,0
0.001075651126336603,0.0013480380763344765,0.0001368730272968399,0.0006806293471516403,0.9967588084228806,4,4
0.03128223993335542,0.8895892688598062,0.001211604068417854,0.005880599027738418,0.07203628811068222,1,1
0.001038196982860872,0.0015644866518554205,0.00043783297566149575,7.273409243183714e-05,0.9968867492971903,4,4
0.0010410633344442024,0.0013484609869553383,0.00013691596752083633,8.40777860911543e-05,0.9973894819249886,4,4
0.270923334682495,0.2420552184665611,0.0033825150749364086,0.0055716711193446785,0.4780672606566628,0,4
0.0012068464283553494,0.0013485986665297083,0.0001369299468145014,0.00013430805467117801,0.9971733169036293,4,4
0.0008798065220474887,0.001452518045236499,0.000426734197588428,7.39032014456688e-05,0.9971670380336819,4,4
0.07522933045467134,0.8324067936866864,0.005903145985273443,0.0012455337366472643,0.08521519613672159,1,1
0.020539034478261456,0.7876737448459636,0.01680647432283508,0.002460986354839539,0.17251975999810035,1,1
0.5655287708328519,0.37928348198288214,0.001759097143716418,0.0047350194144111695,0.04869363062613845,0,0
0.05903021091066388,0.8871106809394159,0.001042616579390173,0.001336940031689829,0.051479551538840325,1,1
0.0009637435759436567,0.0013487612950913873,0.0001369464593032455,7.433367684691578e-05,0.9974762149928148,4,4
0.0011117878959928796,0.0013155463593536884,0.0001814712587179189,0.0005262003016009512,0.9968649941843345,4,4
0.001325497807368289,0.0012863290432638139,0.0006825386287720377,0.00016285024788621698,0.9965427842727096,4,4
0.006794498018634895,0.0091408424157183,0.0003397544124568672,0.00024658441894816137,0.9834783207342417,4,4
0.0008736485828208649,0.0016508378788844106,0.0001369292212696849,0.00017055109273729344,0.9971680332242876,4,4
0.0009203838848990699,0.0013490663935866003,0.00013697743747470554,7.441124434381386e-05,0.9975191610396958,4,4
0.6699854247558616,0.0923219115816916,0.0019103406330402326,0.0024910429884434293,0.23329128004096306,0,0
0.5831967874298102,0.13618486413873981,0.002411871986609907,0.0031444337187016714,0.2750620427261385,4,0
0.000985348442244186,0.001320236783095164,0.00013696315692508123,0.00014228669698495438,0.9974151649207507,4,4
0.04779370349362068,0.8324934550399914,0.0009257197675241266,0.0017739341989103207,0.11701318749995368,1,1
0.5660784117185226,0.11498024793835741,0.0013422189171755534,0.0007173142408622362,0.3168818071850823,4,0
0.3568696875443389,0.10198436708631049,0.0012484302210024898,0.00066719129404935,0.5392303238542987,4,4
0.003935524954659197,0.0019374243270083135,0.0001350085773308226,7.338649295864312e-05,0.993918655648043,4,4
0.001037026188106852,0.0013488944593761233,0.00013695998013704051,8.508896925219292e-05,0.9973920304031278,4,4
0.001314335599321016,0.047554383554708965,0.00011721224442746861,6.361227149422134e-05,0.9509504563300483,4,4
0.03847504422393204,0.8868820594822934,0.0021359450136358596,0.002394021396404019,0.07011292988373467,1,1
0.0054242992257055355,0.014270927083159727,0.0007733051227319653,0.0016576746498431002,0.9778737939185598,4,4
0.8157064904998177,0.15313261944095144,0.0008128628452489736,0.0007827978071048273,0.02956522940687711,0,0
0.03103577279282067,0.019992010231167465,0.0004632457705695426,0.0004448681190731262,0.9480641030863692,4,4
0.27172892161618556,0.12482424592534283,0.0011279915117678862,0.5418339612730162,0.06048487967368743,1,3
0.0020246398257094496,0.0015583421568856274,0.0001544836963881211,0.0004853886455392264,0.9957771456754775,4,4
0.043293246691204365,0.789477683015285,0.0013769105770701211,0.0014928514960691282,0.16435930822037143,1,1
0.0019925374683313125,0.0023547279492206366,0.00013579253581098166,7.37737594994141e-05,0.9954431682871376,4,4
0.728637263961148,0.1523336140165683,0.0015452519585716906,0.0010840905405712041,0.11639977952314069,0,0
0.31080106459450096,0.5652041788905768,0.002356543293299816,0.0041592694326390385,0.11747894378898326,1,1
0.0012306665674749386,0.0013481800158047486,0.0001368874391189763,0.00010260442934852948,0.9971816615482527,4,4
0.010744003864275058,0.005211903852955981,0.0002684343703325693,0.005001297127090243,0.9787743607853462,4,4
0.6066592053634514,0.31555160479122685,0.0015399132039779055,0.012072297501844348,0.06417697913949957,0,0
0.0008633018746401345,0.0014532183771511814,0.00013697001978532977,8.136698122447939e-05,0.997465142747199,4,4
0.0008633018746401345,0.0014532183771511814,0.00013697001978532977,8.136698122447939e-05,0.997465142747199,4,4
0.03729314718452678,0.8355315425127492,0.0013415973855127885,0.0019421414754980256,0.12389157144171319,1,1
0.0008703807551196088,0.0016510022448562101,0.00013687439520860482,7.442616506225154e-05,0.9972673164397534,4,4
0.0009742693588611299,0.001650830575120183,0.00013686016313147256,7.441842629620834e-05,0.9971636214765909,4,4
0.2626528217972755,0.6475970661003235,0.003296929416951074,0.00430680953201544,0.08214637315343443,0,1
0.0071999384471956055,0.0016762155256646928,0.00013732792606472222,7.444507207361485e-05,0.9909120730290014,4,4
0.002965331240550268,0.00761168862612301,0.00024319619140800863,0.00035414446576949874,0.9888256394761492,4,4
0.0013839729067380829,0.004978235152471775,0.00013748996782674233,7.444679238757396e-05,0.9934258551805758,4,4
0.001086841148668712,0.001310676623695068,0.0001369589746264466,8.081534110794398e-05,0.9973847079119019,4,4
0.13208153788832722,0.7387065639353206,0.0018797683088013664,0.005001051260548959,0.12233107860700186,1,1
0.0007623940098195838,0.0013488346843445848,0.00013695391088004632,8.593010929091667e-05,0.9976658872856649,4,4
0.09355151214963596,0.871198519849866,0.0008452375952187496,0.00045908375539603603,0.03394564664988318,1,1
0.00168720501397949,0.004202600624513683,0.00013781199492485894,8.06460313727243e-05,0.9938917363352092,4,4
0.0019102186553779787,0.015289049883532664,0.00017695215557077016,0.00010510931009598378,0.9825186699954227,4,4
0.0007487886140443895,0.001318872153512331,0.00013682158839882033,0.0014113058506763257,0.9963842117933681,4,4
0.0040249791131125,0.0026389460434844392,0.00013951210037298992,0.0001802544927594694,0.9930163082502707,4,4
0.01142561653477272,0.013899038807493583,0.0004302056539288425,0.0005559800033878705,0.973689159000417,4,4
0.00134601170890559,0.0024371857425902438,0.0001613688800249776,0.00017686321996963623,0.9958785704485095,4,4
0.0018026470435282933,0.0025956530385010325,0.0001387757206351726,7.524848747989702e-05,0.9953876757098558,4,4
0.0008955420431759465,0.0014202880387900892,0.00013689941789579756,9.76386750359789e-05,0.9974496318251022,4,4
0.0009952075038691254,0.001348618452158942,0.00018609828429140803,9.950023629030178e-05,0.9973705755233901,4,4
0.0014074778653089836,0.002539380351236768,0.0005139159839051932,0.0002523155912423054,0.9952869102083067,4,4
0.002213677522003956,0.0070116076486865875,0.00029161643517442695,6.920074731287616e-05,0.9904138976468222,4,4
0.12053270503337014,0.1561779105743676,0.032186730995684115,0.13849706465578804,0.55260558874079,4,4
0.0029158648935559833,0.0028898720622792867,0.0012328554540794018,0.008573484064516171,0.9843879235255691,4,4
0.06497907028592895,0.49281358131622915,0.11854493159298339,0.003477221153471537,0.3201851956513869,0,1
0.0009505120106548772,0.001799993620933928,0.00020073244503193282,9.560646184945707e-05,0.9969531554615297,4,4
0.15857034964323302,0.31972569061250417,0.010756655120981612,0.002050529543873298,0.5088967750794079,1,4
0.0013285141961121016,0.014122518717103547,0.001577824224249276,6.230264386431449e-05,0.9829088402186708,4,4
0.05626882109077654,0.7657327073929638,0.06824124716494684,0.0011242468138400227,0.10863297753747266,1,1
0.06634779607261407,0.3370627689943949,0.0035453489877150597,0.0024362042724426973,0.5906078816728333,4,4
0.002619494482825086,0.007834835761418253,0.0006061379345848247,0.00010775468318310587,0.9888317771379888,4,4
0.010533754001082203,0.974298511767696,0.0014941977537938622,0.0010811639478887144,0.012592372529539271,1,1
0.004625567572113145,0.007632177200130716,0.0006247542456021191,0.00024502007452137793,0.9868724809076328,4,4
0.007645282604712572,0.005986960609249355,0.0008512173704533447,0.00024088817685035386,0.9852756512387344,4,4
0.0008914597510828781,0.0013491057697251803,0.00013698143553038757,7.417671882637706e-05,0.9975482763248352,4,4
0.00835675518168107,0.32782782366240626,0.0019561531515521094,0.00021120414916444167,0.6616480638551963,4,4
0.005342170199254754,0.9642145322671533,0.006496860433870205,0.00031434866986426496,0.023632088429857676,1,1
0.006081796861244022,0.06370157618821558,0.002440274071735193,7.855796557296635e-05,0.9276977949132321,4,4
0.31368069791701814,0.30069554811368626,0.03430843700555378,0.03539299132047684,0.31592232564326506,4,4
0.01564251680088017,0.9521159749536647,0.001525362642536891,0.0002707954096546485,0.030445350193263485,1,1
0.00891541271422588,0.9471916963808652,0.0007202716620211731,0.0005540294826002567,0.04261858976028766,1,1
0.0094154552374163,0.8418751876318573,0.009406463446935902,0.0005503842346737503,0.13875250944911674,1,1
0.0015679174352912874,0.008849842817170384,0.00015244572177646495,9.402238149666124e-05,0.9893357716442651,4,4
0.051374005359616386,0.8752243956241499,0.030598880321242344,0.0005513920144470048,0.04225132668054449,1,1
0.017142438231751447,0.9403824230574697,0.00046519966673494624,0.000253675697511413,0.04175626334653268,0,1
0.019948803395006272,0.9504638422921767,0.01437760708366757,0.0004982412150101356,0.014711506014139163,1,1
0.03435298139741584,0.8501810634309038,0.0012101360436833088,0.0006182841860838014,0.11363753494191324,1,1
0.008120612980286471,0.5258830886431204,0.14349018274636477,0.0003068566177412972,0.3221992590124869,1,1
0.023297613043608133,0.9428023704636088,0.0004911101232247346,0.0005277010042147662,0.0328812053653434,1,1
0.02202808895581973,0.9334554014642168,0.014088110896700007,0.0006042244351928726,0.029824174248070552,1,1
0.7911024721548066,0.0630686588579588,0.0853891609135164,0.0037996219341023575,0.056640086139615915,4,0
0.11714414287118967,0.7866482926637866,0.00769453723270182,0.0008164005707175709,0.0876966266616045,1,1
0.30259861869672294,0.5966680111869339,0.07429720766429548,0.0013913976524639912,0.025044764799583435,0,1
0.9349986939919652,0.05401565023103369,0.0002671617066492065,0.00012163792896536293,0.010596856141386507,0,0
0.0008744435825579655,0.0010851337661662486,9.074394318418518e-05,4.1455062881956426e-05,0.9979082236452097,4,4
0.0015863028562783641,0.06012208495108291,0.002360242241544539,0.0003721405703576458,0.9355592293807365,4,4
0.15788629936977724,0.6013236731125405,0.008338371081752415,0.000898599135841895,0.23155305730008788,1,1
0.000832313350723424,0.001565794330078441,0.000254295284870171,4.137656758323576e-05,0.9973062204667448,4,4
0.035929159804659175,0.4401121340160853,0.0862776612211403,0.0014678499893653078,0.43621319496874994,2,1
0.0009216890520987418,0.001237330977689914,0.00023070291335905118,5.165189846877659e-05,0.9975586251583834,4,4
0.0036987434288527623,0.0038669527602862327,9.926668036925153e-05,4.524483806635432e-05,0.9922897922924255,4,4
0.0034957007103893524,0.026802100642237116,0.0002380140747789011,0.0002297841745838425,0.9692344003980108,4,4
0.16274780251744195,0.799163076682186,0.0008351748213799746,0.005440227146488156,0.03181371883250399,0,1
0.009011169341117151,0.009370531972731045,0.00045141679324297576,0.05541301145975629,0.9257538704331526,4,4
0.2120642422110023,0.21074055471536812,0.0011181563571956528,0.23551857120194222,0.34055847551449164,4,4
0.01399467957685861,0.00983615531136734,0.00011653935208085877,0.11540279524265207,0.860649830517041,4,4
0.0006657897449930739,0.0015713030471138393,8.950078191120953e-05,8.573666224549395e-05,0.9975876697637364,4,4
0.001255074865693425,0.010593626282085256,0.00012845327853431285,5.869041127605132e-05,0.987964155162411,4,4
0.5151008002006552,0.2861107171284974,0.0015276526923817073,0.0006956419810381996,0.19656518799742748,4,0
0.0006817089585751746,0.0012321712092368828,9.074809951247016e-05,4.14410790394329e-05,0.9979539306536359,4,4
0.0006817089585751746,0.0012321712092368828,9.074809951247016e-05,4.14410790394329e-05,0.9979539306536359,4,4
0.12085190070261348,0.0859193080254208,0.0014159806732230913,0.0008000387900890454,0.7910127718086536,0,4
0.10506721541955821,0.1367769636733451,0.001206288061111231,0.0008895030634262445,0.7560600297825593,4,4
0.0006514726847708123,0.0017074956839780299,9.070595556959614e-05,4.131207006963819e-05,0.997509013605612,4,4
0.014651649458359797,0.004449830269074384,0.00016234345487481746,7.278817314154725e-05,0.9806633886445494,4,4
0.001358886207580226,0.0009741712884473446,0.00040135358206506684,5.201963595988003e-05,0.9972135692859474,4,4
0.001107494809009485,0.0013784748415412566,0.00038905509478886677,4.1304234956705895e-05,0.9970836710197036,4,4
0.007925959269060626,0.004073433353682062,0.00013787168444043192,6.291099627841786e-05,0.9877998246965384,4,4
0.008553391951064405,0.0062314104851969665,9.134088491759625e-05,7.699939060233776e-05,0.9850468572882186,4,4
0.6130121768765542,0.12805785677330356,0.0014728561862137422,0.0031361536001651147,0.25432095656376325,0,0
0.03397540989689112,0.9267781547371594,0.0012583285366389407,0.008850192326875395,0.029137914502435202,1,1
0.0027968636849483412,0.01971257954139294,0.0002790595578722784,0.00012733544446973295,0.9770841617713166,4,4
0.8060061979617842,0.15955984499308706,0.0010977308576409996,0.011571762575758803,0.02176446361172886,0,0
0.005770913862668507,0.0084585380687217,8.965481493313529e-05,4.883121048754495e-05,0.9856320620431891,4,4
0.005158415305319505,0.0044717690653024895,8.803916981145095e-05,4.0147196593085466e-05,0.9902416292629735,4,4
0.7526834820640252,0.04287839024962768,0.00123367307307098,0.0017284488440974413,0.2014760057691785,0,0
0.5128056536730763,0.0757936016558603,0.0006638533438536795,0.37719372908421217,0.0335431622429975,4,0
0.10821752829386072,0.8417080892744958,0.0022796080970206634,0.0002115446390833137,0.047583229695539596,1,1
0.0008424930039140337,0.0010406256562754354,9.074966548927371e-05,5.498002415961952e-05,0.9979711516501616,4,4
0.0007276115375103896,0.0010407453056805924,9.076009973469954e-05,5.498634567124721e-05,0.9980858967114031,4,4
0.0012989502800234446,0.00138402492371154,0.00034512024604372953,0.0002092128907883846,0.9967626916594329,4,4
0.0006209208040969232,0.0010540198605049592,0.0003958468609389649,4.143098334538713e-05,0.9978877814911138,4,4
0.0009775867127642382,0.0021350465867260113,0.000456919012046318,0.00033195544704599174,0.9960984922414173,4,4
0.013899493198723396,0.003404326168720057,0.0010391696729604562,5.9726782008598024e-05,0.9815972841775875,4,4
0.001224670159820337,0.0010741426655724038,0.00021856371410256933,4.127467501414434e-05,0.9974413487854906,4,4
0.0012346511502753892,0.0010758041779982297,0.00022777141154397342,5.18715406672519e-05,0.9974099017195152,4,4
0.07666785147375284,0.11996037561823247,0.013196191335514706,0.0009822562792896575,0.7891933252932103,3,4
0.0018465466059159358,0.0033631932519063265,0.0025304695434906484,6.454543570953411e-05,0.9921952451629776,4,4
0.006344799648691286,0.0196988134500435,0.00532886067276168,0.00015938012511220142,0.9684681461033914,4,4
0.00120402312754214,0.0017038679275229065,0.00017655268676352036,6.442888746318948e-05,0.9968511273707081,4,4
0.11408252426719069,0.09312602216396342,0.0018337047136320831,0.0020254592448581844,0.7889322896103557,4,4
0.060294571507243,0.06714325040135807,0.001545736274458143,0.001719783584286409,0.8692966582326545,4,4
0.0013193064047044907,0.0010251823464448285,9.067477018408622e-05,4.134381936317922e-05,0.9975234926593033,4,4
0.8838293516527246,0.08631947979875751,0.0010063654718807092,0.0011163111486486193,0.027728491927988586,0,0
0.0009638137098607362,0.0010805494584741448,9.06935844512193e-05,4.139175121703398e-05,0.9978235514959968,4,4
0.41712999044518706,0.5147184550114252,0.0016631764337003033,0.015878437825225175,0.050609940284462286,1,1
0.0006814262913895553,0.001207368329686588,9.073920526236658e-05,4.867421540796862e-05,0.9979717919582535,4,4
0.0011258012473660986,0.0016110527652835219,0.00013028205046920245,4.226364603160949e-05,0.9970906002908495,4,4
0.10925497584568357,0.8283950894324651,0.006366550753550291,0.0005496703304843228,0.055433713637816795,1,1
0.0005887109341867743,0.0013347818165799724,0.0002513512433214295,4.144203059683035e-05,0.9977837139753151,4,4
0.06616831363674802,0.8764514770600301,0.020699778629082965,0.0005718634231348849,0.03610856725100411,1,1
0.01110215594170978,0.6270847086020217,0.0023129358489109952,0.0004964664304824771,0.35900373317687495,1,1
0.0006635841754182028,0.0013284656454936232,0.00031009062393009716,4.1438572779753097e-05,0.9976564209823783,4,4
0.0012506484855089905,0.001472231669740186,0.0001626769869581851,4.581814174923367e-05,0.9970686247160434,4,4
0.02589227055201614,0.08480890789242479,0.000560436587153779,0.00025641052570071445,0.8884819744427045,4,4
0.011941638022661665,0.9036877762437695,0.0004461621114498994,0.0008481391960789814,0.08307628442603973,1,1
0.0005805151318208963,0.0016345018677795347,9.066526961687871e-05,4.1192997851412516e-05,0.9976531247329313,4,4
0.029716741840327496,0.002197114575327234,7.409768919454107e-05,5.813075631737735e-05,0.9679539151388333,4,4
0.0019596839264652524,0.0027407593677940033,8.746065729651841e-05,4.4206312073591635e-05,0.9951678897363705,4,4
0.7388533209422999,0.21304723469452927,0.0015237463166765663,0.004347290219358282,0.04222840782713585,1,0
0.7791239840462516,0.185792241840862,0.0008837196770208692,0.0012716889346088482,0.03292836550125672,0,0
0.0007406932292336925,0.0010659014367956719,9.075786740738314e-05,4.1299586836803996e-05,0.9980613478797264,4,4
0.0007875154646560602,0.0011307360748313315,9.074239462101237e-05,4.1451056821880026e-05,0.9979495550090698,4,4
0.010473438079304802,0.005372801821616994,0.0001270983102374172,5.8062519339708724e-05,0.983968599269501,4,4
0.0007947521231365397,0.0010303575075022212,9.07561694220279e-05,4.145901053408326e-05,0.9980426751894051,4,4
0.0008088680505115867,0.0012092209502088667,0.00020166222694662457,4.137986608014579e-05,0.9977388689062527,4,4
0.0178914584893121,0.020762508119865592,0.0004359894505101093,0.00019867756263796247,0.9607113663776743,4,4
0.0010536818192118963,0.0009562762343245407,9.069844644025532e-05,4.084509354554697e-05,0.9978584984064777,4,4
0.001053716954399863,0.0009227530838751381,9.070147079438754e-05,4.1056334003310925e-05,0.9978917721569274,4,4
0.007023489562512067,0.004267247729928656,0.00027256960152750073,0.00020454861427079605,0.9882321444917611,4,4
0.0014916335378244523,0.0014178885349837344,0.0004677142453361214,9.28221497072391e-05,0.9965299415321486,4,4
0.0012042704808211955,0.002371187698524756,8.842077872980861e-05,5.6292379901126104e-05,0.996279828662023,4,4
0.008852222872917929,0.8336780650046831,0.0013487807301283483,0.0001887313751743377,0.15593220001709626,1,1
0.0035193328521583456,0.001329316995938743,0.0002891886023589607,4.6273470765385864e-05,0.9948158880787785,4,4
0.5940447727366687,0.277514219739299,0.021753959941035468,0.0014809274317839878,0.10520612015121288,0,0
0.8504995846992415,0.07621519942980212,0.0006766373198742262,0.006401021866513975,0.0662075566845681,0,0
0.0009626485139052549,0.0009475430266714688,9.065884734895764e-05,4.137962759936803e-05,0.997957769984475,4,4
0.0021464226318820587,0.0022397906699848443,0.0001190813167287804,5.4394980081094286e-05,0.9954403104013233,4,4
0.6330891712742107,0.07425017288828437,0.0039030586914364294,0.0016964323517367078,0.2870611647943318,0,0
0.0031688713588558654,0.0012873207634224908,0.00013781440021529414,3.973324371269731e-05,0.9953662602337936,4,4
0.0007571963656227365,0.0015132087278015589,0.00016561745479050241,4.141687710521987e-05,0.99752256057468,4,4
0.0006683806875094581,0.0012343026568757507,0.00031203922111358237,4.141489160205665e-05,0.9977438625428993,4,4
0.0026852412800998614,0.002154925234448363,8.81438312219791e-05,4.028448990847342e-05,0.9950314051643212,4,4
0.27238370981708204,0.5455458308509046,0.0023279109681537177,0.0012763042942335082,0.17846624406962605,4,1
0.000581231297349371,0.0014307492516953976,0.0001166943946450944,4.12132175441605e-05,0.997830111838766,4,4
0.34227697323759176,0.4723974350980678,0.009428007054510398,0.004918176286472202,0.17097940832335787,0,1
0.0006148667784507991,0.001417718298897983,9.072666447480706e-05,4.146714618538751e-05,0.9978352211119911,4,4
0.001144785656333621,0.0011798253564582176,0.0001341280304225839,8.666272015220793e-05,0.9974545982366333,4,4
0.0013576055292129437,0.0016885570903101461,0.0003216763991593213,4.635112572766269e-05,0.9965858098555899,4,4
0.7552018543951701,0.08581260951079163,0.0011342562205209248,0.006305209805618167,0.1515460700678993,0,0
0.0008490773893874461,0.0016642133929039005,9.06931015040033e-05,4.689679219962444e-05,0.9973491193240049,4,4
0.0008110168324322796,0.0009730034083620861,9.0734554418956e-05,4.120549066889261e-05,0.9980840397141179,4,4
0.0008992176975464862,0.0012482271450408632,9.052798713339974e-05,4.137263311230532e-05,0.997720654537167,4,4
0.5646210717950496,0.34076333466697667,0.0019331334613982068,0.005499199063757632,0.08718326101281797,1,0
0.0018453874020966149,0.0026999743567223374,8.852695218421677e-05,4.017307633150558e-05,0.9953259382126652,4,4
0.000614148984913829,0.0009661000020162482,9.077846440925928e-05,4.1120101980056547e-05,0.9982878524466806,4,4
0.010636799440536726,0.9636786090893097,0.0005426879345840059,0.008136307062513452,0.017005596473056127,1,1
0.0013229466082985268,0.0036841940483655134,8.742274142029333e-05,4.510065753732975e-05,0.9948603359443783,4,4
0.0009116232721058817,0.0033980190230684945,8.638236860456872e-05,4.985405860676506e-05,0.9955541212776144,4,4
0.01710793074555102,0.9629231750806296,0.000907825337909063,0.0013208514447900217,0.01774021739112035,1,1
0.21538501833522503,0.7066402499420026,0.0016424048437203669,0.009059736642771179,0.0672725902362808,1,1
0.001169911300314951,0.004838683377066545,9.138655815744495e-05,7.994118007771711e-05,0.9938200775843833,4,4
0.003919558834443184,0.0015595076430422487,9.094952394467705e-05,9.163653237118068e-05,0.9943383474661986,4,4
0.0005935442091939705,0.0009639431337917838,9.07805171216837e-05,4.13060807237076e-05,0.998310426059169,4,4
0.0009476795127875582,0.0010815590474731677,9.073595527777553e-05,4.109992183896018e-05,0.9978389255626227,4,4
0.795003977451234,0.09745214734786808,0.0015525596074887594,0.003082993856273973,0.10290832173713535,0,0
0.0006728972383741652,0.0016126592653733101,9.066935552250341e-05,4.1328704211655347e-05,0.9975824454365183,4,4
0.0007328519143190525,0.001006457807406443,9.07633202402946e-05,4.8614450217315156e-05,0.9981213125078169,4,4
0.1515774220365205,0.19539603284807935,0.001149132178416486,0.0006250364253129779,0.6512523765116707,4,4
0.0034291553456753158,0.003736591323501227,9.769549672165573e-05,4.458184258023006e-05,0.9926919759915215,4,4
0.0015958603195189345,0.0019616573652328387,8.826604249268259e-05,4.017562863635593e-05,0.9963140406441192,4,4
0.3993646002261741,0.537272594601902,0.0011062859892301598,0.0026160410120155816,0.059640478170678184,1,1
0.48211079011250413,0.4501287326326634,0.0013305789643404296,0.0022586199928486803,0.06417127829764342,1,0
0.029049231787418698,0.023348100431248527,0.0005218405406813958,0.0012325354077002922,0.945848291832951,4,4
0.0720625323057282,0.7893186267716846,0.0008494981628761447,0.00038709418938620777,0.1373822485703249,1,1
0.0049253855948495255,0.0025957836853137393,0.00010115229079422695,4.567366585191943e-05,0.9923320047631905,4,4
0.25874175647053566,0.6604203953838865,0.0013562260232031387,0.0009102552060183355,0.07857136691635636,0,1
0.007258168841027349,0.010044581938312879,0.0002582124313955419,0.0003351627377158096,0.9821038740515484,4,4
0.0006855929618419886,0.0014116939821803083,0.00016464744529547573,5.489390916920563e-05,0.9976831717015129,4,4
0.031646810927871666,0.9073881509074085,0.009580813710723914,0.002255896928467892,0.04912832752552775,1,1
0.019881016297798322,0.6574767205428672,0.0014740330434605225,0.002141829302156213,0.31902640081371786,1,1
0.003017292252681975,0.002990591249121361,0.0001972630798957198,6.604150220252457e-05,0.9937288119160983,4,4
0.8061378059103657,0.16062612537229143,0.0009045068257787946,0.0004081224024843738,0.031923439489079754,0,0
0.013052370493947642,0.010228166118445584,0.0014206854454190652,0.005562034799518568,0.9697367431426691,4,4
0.0006805470970221572,0.0011625435338682613,0.0007082313978303727,4.1392109777229996e-05,0.9974072858615018,4,4
0.1471785192326276,0.17991721931371088,0.031134491869168977,0.0013951449782200777,0.6403746246062725,4,4
0.002951715720266994,0.002447001478672367,0.0007013949229503408,4.8173132931137826e-05,0.9938517147451792,4,4
0.0091907343407,0.7824388663286813,0.0006478400182718761,0.00022236122062052537,0.2075001980917262,1,1
0.0007455293157126218,0.0013406098655796026,0.00012421910125285474,4.143048653969693e-05,0.9977482112309152,4,4
0.4149318080964557,0.24909250025158378,0.0012100375398106154,0.0011242832744918527,0.3336413708376581,4,0
0.0008989184334331135,0.0014208649707558388,0.00011791055429124863,6.174816692042574e-05,0.9975005578745992,4,4
0.0005803850489872293,0.0013443640047504806,0.0004283853105387694,0.0002267534003468308,0.9974201122353766,4,4
0.012922727375860919,0.8347638592750345,0.0019941764567885214,0.00020426401905846147,0.15011497287325767,1,1
0.0022155262847660686,0.014899006572585603,0.0005237207021100513,7.916387480441538e-05,0.982282582565734,4,4
0.033901031652184326,0.9345111192549579,0.0020771594201040465,0.00037610918150826644,0.029134580491245378,1,1
0.035597242592717945,0.2325520685890957,0.00406373726862429,0.0007069974309810799,0.7270799541185811,4,4
0.747559596426206,0.13524568252377478,0.002120803211532487,0.001824151137976726,0.1132497667005102,3,0
0.106134242556316,0.2568744020640338,0.004036449152894885,0.002155962082197462,0.6307989441445578,4,4
0.45450801328698953,0.5337456055700707,0.0023350923172918525,0.00029614374597211813,0.009115145079675821,1,1
0.039753307550418865,0.9342699505392765,0.013528414717207556,0.0003205727144914364,0.012127754478605441,1,1
0.0006692664707418886,0.0015470807408783027,0.00038215636709942115,4.1421467297811485e-05,0.9973600749539827,4,4
0.020794199274267348,0.9255539366837058,0.003719116102437422,0.00020600170244858629,0.049726746237140754,1,1
0.09214883608512912,0.7658431754429753,0.00608295711494925,0.00044714475019921553,0.13547788660674703,4,1
0.0830217426386755,0.7443862133194545,0.030007247170063946,0.0003704809531384017,0.1422143159186675,1,1
0.0008411409168522036,0.001467879342415198,0.0006535423878116367,4.136781662238377e-05,0.9969960695362985,4,4
0.06282773393196459,0.09230685553452833,0.16250348305939558,0.0011367848448045133,0.681225142629307,0,4
0.7043324505757569,0.02362665382884556,0.000687772918360655,0.0028766020800722984,0.2684765205969645,0,0
0.001330962019352245,0.0017039362561714294,0.0002448290972298869,4.6551796688981796e-05,0.9966737208305574,4,4
0.003254077752588621,0.0021953162060417623,0.0001300695379583561,8.739799516084113e-05,0.9943331385082503,4,4
0.09016727232765652,0.6967589641709496,0.093168289765225,0.000719119684011314,0.11918635405215774,4,1
0.24689012992221007,0.6460645486856686,0.012140141687820145,0.001401178667660385,0.09350400103664083,1,1
0.01937540308106022,0.9072765104368353,0.000677557117031992,0.0028294611834807433,0.06984106818159151,1,1
0.49798349813841625,0.062048734767821016,0.4246340665871729,0.0003006096839270409,0.015033090822662807,0,0
0.11914852077523111,0.2187817687983614,0.5571213751947055,0.0009460224560067464,0.10400231277569524,0,2
0.09657704756333992,0.8837746644920177,0.002580167282089823,0.0002736024554348167,0.01679451820711761,1,1
0.005046083422500949,0.9684126065726268,0.0012872486175629103,0.00017285804492953879,0.02508120334237957,1,1
0.10984209551129451,0.7643972271073312,0.0007162054207760944,0.0003286780065918668,0.12471579395400628,1,1
0.01820932349394206,0.92633804203883,0.004029276930739641,0.0001459847695173716,0.05127737276697086,2,1
0.019081560585683877,0.9514712209943555,0.00840199337077781,0.00013065988120281472,0.02091456516798007,1,1
0.008041920791617736,0.9307374052667619,0.0021139256409452947,0.0001171349192953743,0.05898961338137987,1,1
0.41000177753571043,0.1038129916802157,0.30587501604943784,0.0034490432532327886,0.1768611714814032,2,0
0.11494710853683002,0.12462670970352813,0.47335991257422555,0.0015467939493050316,0.28551947523611143,4,2
0.012064704916953106,0.9366973961150802,0.0036115527301457317,0.0006098707897319174,0.04701647544808905,1,1
0.014417148797295191,0.8004622371243071,0.07762035573441443,0.00029599117985076796,0.1072042671641325,1,1
0.005865355364207144,0.8773756001268663,0.014552247948245172,0.00021688400917641896,0.10198991255150501,1,1
0.15150688354418126,0.051459274695803574,0.005413790041311495,0.0007425555408127023,0.790877496177891,0,4
0.0906483949280074,0.819728767528776,0.017375689751572387,0.01019561418621547,0.06205153360542862,1,1
0.02438882825426985,0.3127501912173047,0.005503606184075992,0.0008850540757703177,0.6564723202685792,4,4
0.0014042416521219047,0.002581230669697463,0.00034334825490044986,0.00015071493328432925,0.9955204644899959,4,4
0.1311135690841601,0.5840740596603274,0.006734328101305321,0.0014263857859474127,0.27665165736825975,0,1
0.0018261858947723898,0.0016651243954729394,0.0007244648385264443,8.565103501058063e-05,0.9956985738362177,4,4
0.03667580632031035,0.9097525210933628,0.02134495923097163,0.0007108592340819616,0.03151585412127317,4,1
0.001001808401003968,0.00178867749663692,0.00014013187942582493,0.00014089588423817166,0.9969284863386951,4,4
0.0012691996738815783,0.0017365436095439157,0.0001401092198181101,8.686650628569733e-05,0.9967672809904707,4,4
0.0012255921733361089,0.0015403774752731569,0.00014014292264780405,8.683722137605155e-05,0.9970070502073669,4,4
0.0011185975561679867,0.001530026152287802,0.00014015951050987328,8.615693665942871e-05,0.9971250598443748,4,4
0.0240871751080976,0.8456429291235789,0.01790293746903072,0.00110180145580931,0.11126515684348354,1,1
0.017998935878591683,0.8628731141757378,0.031020947174825775,0.00458453963354058,0.08352246313730437,1,1
0.5735089486668716,0.1631678441311318,0.002142108956763947,0.12137014579926866,0.13981095244596392,0,0
0.0009676330333849229,0.001732329408056621,0.000700542369900461,0.000503103789265604,0.9960963913993925,4,4
0.8127492578463178,0.06858700790656652,0.05192429112490241,0.020660995080004147,0.046078448042209244,0,0
0.0015520273519212798,0.0015177965323900358,0.00038947656660320656,0.0001645100809874498,0.996376189468098,4,4
0.34919059770361266,0.5776767473506061,0.011459741130048912,0.0013969179607475192,0.06027599585498479,1,1
0.11294582809704758,0.2682351300123405,0.0025706596257875874,0.0016020342959330567,0.6146463479688913,0,4
0.0019184333675155195,0.007208690052383193,0.0001758754678012365,0.0001090823032352596,0.9905879188090649,4,4
0.0010885818794502979,0.0015190994268485588,0.0001401607692990368,0.00011814278177130647,0.9971340151426308,4,4
0.0009935037929424233,0.0017693202915580095,0.00015302171500327968,8.615212985573125e-05,0.9969980020706406,4,4
0.0008971844140236363,0.0017857452325629117,0.00016385719192726428,8.692692810870583e-05,0.9970662862333775,4,4
0.0011891620419258134,0.0015143671546267575,0.0001387641069629822,8.69827236838392e-05,0.9970707239728007,4,4
0.6636133054567175,0.13353809302435668,0.001840874870156239,0.0013137739867174546,0.19969395266205203,0,0
0.001519328090788719,0.001534079598962124,0.00014006394849584158,0.000263909272764496,0.9965426190889888,4,4
0.0018841954043583387,0.0024334129675819844,0.0014510759384907972,0.00014044516722509673,0.9940908705223438,4,4
0.000896131158771429,0.001717807273906751,0.00013978928917103702,9.960469219951767e-05,0.9971466675859513,4,4
0.025457541827352822,0.9049918653911883,0.001086492869159319,0.0005050201616789693,0.06795907975062081,4,1
0.001256240821710192,0.0018060824768714157,0.0001730079282003624,8.677729664349118e-05,0.9966778914765746,4,4
0.0012007787076128743,0.0017900481404169637,0.0001623224966398348,0.000356361153035774,0.9964904895022946,4,4
0.0011218831710602857,0.001519097857777743,0.00014016062452762242,8.587313914468747e-05,0.9971329852074897,4,4
0.0013807517840845323,0.01307490900829557,0.00024401785390989168,0.00010354556071059624,0.9851967757929994,4,4
0.0009890164527764445,0.001532421330476079,0.001406646205424463,0.00015068141179929614,0.9959212345995238,4,4
0.02749187727954232,0.023327042461746474,0.0038826963885594725,0.11522732114895992,0.8300710627211919,4,4
0.3420209527583146,0.18960509080636562,0.1513236498496392,0.0018420204913873611,0.3152082860942932,4,0
0.028531026701537312,0.9171219597578143,0.012199857822844398,0.0005975124732290632,0.041549643244575024,1,1
0.001388910502491379,0.0015154788847430178,0.00035900410306228446,0.000136328748592616,0.9966002777611107,4,4
0.10391482339381537,0.06784615259087874,0.21146002661844834,0.4681592970047868,0.14861970039207079,4,3
0.5931761964805025,0.3657142718620281,0.0009160663213394644,0.0007813346891941335,0.03941213064693581,0,0
0.0010970389988853055,0.0015298388906829414,0.0001401326601186006,0.000103957312178475,0.9971290321381346,4,4
0.45081490032650173,0.2748731145455878,0.029135263779558402,0.028089533970690285,0.21708718737766172,1,0
0.0010852887977415928,0.0015190035484429919,0.0001401519230110021,8.700573887695429e-05,0.9971685499919275,4,4
0.04211166710022078,0.7985107080968441,0.0010391275352499441,0.0006458340758284413,0.1576926631918566,1,1
0.0011810204460188513,0.0017884264966166522,0.0001401122151181774,0.00010185063952158075,0.9967885902027248,4,4
0.13023496908088125,0.8259490155737436,0.0012734481726336306,0.0010745030857343494,0.041468064087007254,1,1
0.002355365490170482,0.0020417242911369062,0.00013759979596844176,8.500555471276952e-05,0.9953803048680114,4,4
0.0023278556490196694,0.0024882494970850655,0.0001682543588343652,0.00020991098337241204,0.9948057295116884,4,4
0.158365899609365,0.7224569173161891,0.009363229520170805,0.001872377123361414,0.10794157643091372,0,1
0.003808908578133531,0.0032305029779552217,0.00015411686978099537,9.527180691611446e-05,0.9927111997672142,4,4
0.014662670301065935,0.9321993068001012,0.011232964965600056,0.0004190396780305985,0.04148601825520242,1,1
0.3707625403286771,0.5242420968218169,0.026939795025890403,0.003650360780609159,0.0744052070430066,0,1
0.0020834482518219126,0.00811468287367695,0.00015330732436924757,9.459240359384043e-05,0.9895539691465381,4,4
0.002213490608464465,0.0033888288821554077,0.00013269012420637533,8.187212031496276e-05,0.9941831182648588,4,4
0.10473198148231673,0.7680634717454023,0.0015193910938739402,0.0009373522487331639,0.124747803429674,1,1
0.0744200688137687,0.7951886646316023,0.005555882076075207,0.001597784605813112,0.12323759987274073,2,1
0.007408090832559151,0.009120685362128312,0.00019834345288687613,0.0003360404779195301,0.9829368398745062,4,4
0.029996056180579943,0.004659018986375681,0.00023185789646693256,0.0003308533920358728,0.9647822135445415,4,4
0.8411991833832942,0.10428431462293657,0.0028841413136770867,0.0005421516919922301,0.05109020898809965,0,0
0.002237390814104625,0.008930747814280125,0.0001966575302529533,0.00012202828540638524,0.988513175555956,4,4
0.0027280126055882923,0.00343887656074271,0.00019867450008951657,0.00012322282541627928,0.9935112135081632,4,4
0.13229561562612308,0.33601759868373715,0.028509085458460637,0.00513816873393703,0.4980395314977422,0,4
0.0035578238742503595,0.0052709743672202936,0.00015591620626347055,0.00013239394617994306,0.9908828916060859,4,4
0.019566509036638664,0.9138644462229324,0.0009773216883192457,0.0007166845241703308,0.06487503852793947,1,1
0.0012122873511805153,0.0017364469807713767,0.0001401014235371195,0.00010191354769853951,0.9968092506968125,4,4
0.7657491851767038,0.08988244373539918,0.0015243528114494004,0.0031095860725612657,0.13973443220388634,0,0
0.019797588622041753,0.006576134068171172,0.0005037019914103191,0.000885816203056569,0.9722367591153201,4,4
0.062421639152152146,0.8555472372757528,0.0009997472524475113,0.0006873197002446238,0.08034405661940296,1,1
0.0033324741127683,0.004045889255588987,0.0001363885163527593,8.461978567446437e-05,0.9924006283296156,4,4
0.03387805719033758,0.3661082062421107,0.0013599336891782368,0.0016586344658720124,0.5969951684125014,1,4
0.0012378304684322692,0.0015298450212996933,0.00014014291783229484,8.51656436422566e-05,0.9970070159487934,4,4
0.13931739605223314,0.6909828372124815,0.007737608869989263,0.0016392196034460203,0.16032293826185012,0,1
0.0013438604845689404,0.001517888322427524,0.0006149728470976045,8.683217947460423e-05,0.9964364461664315,4,4
0.07799964405313586,0.019456076288213338,0.0014464990593362336,0.0008878497784240625,0.9002099308208905,4,4
0.001026776552272661,0.0017854149829630841,0.00021906412022299675,8.685213110894685e-05,0.9968818922134323,4,4
0.01929542152099157,0.0025415411589737222,0.0002169616231208192,0.0005391623357325186,0.9774069133611814,4,4
0.0008880957158024545,0.0015261012278063619,0.00013979996404507323,0.0027531308592054736,0.9946928722331405,4,4
0.0012822763096981733,0.0015891020755845117,0.00016677213274841855,0.00010110777619074302,0.9968607417057781,4,4
0.0010329912189378024,0.0015925205213055621,0.0001401608729039772,9.957517627679167e-05,0.9971347522105758,4,4
0.025477977890363886,0.03804599192694992,0.0008354167055221036,0.0005197773246859265,0.9351208361524782,4,4
0.41478526721405623,0.36515614815028213,0.0016806965820650853,0.005811414441850261,0.21256647361174635,0,0
0.0011218697072494423,0.0015300199511489312,0.0001401589424486101,8.693286541761652e-05,0.9971210185337355,4,4
0.01412085777159322,0.02185250778119511,0.0008069433287873193,0.001037671739399574,0.9621820193790248,4,4
0.0009639746476951745,0.0016445229223577525,0.00014014733324479344,8.691093323109324e-05,0.9971644441634712,4,4
0.111068058006334,0.4885544677133911,0.0031302542473993443,0.0024636833453557136,0.39478353668751986,4,1
0.001587209509856266,0.010859642278270812,0.00016366919331882798,0.00015850166395258095,0.9872309773546014,4,4
0.0392294372543477,0.03130625753565471,0.0012620752408666707,0.0003296362607660399,0.927872593708365,4,4
0.0038737871102211465,0.0029035638562786587,0.00013701065728624783,9.643810348482644e-05,0.9929892002727291,4,4
0.4657939265577906,0.4399292071886289,0.001550772080690061,0.0014603484796008603,0.09126574569328953,1,0
0.0011709819789488941,0.0015998795165379084,0.00014014221960184455,8.694769849668052e-05,0.9970020485864147,4,4
0.05413754860801039,0.5956067548830156,0.0023514551680477247,0.0015128774182912364,0.3463913639226351,0,1
0.0008888505615330794,0.0015145404712920603,0.00028970605296496036,8.663134187428235e-05,0.9972202715723356,4,4
0.03015416514485854,0.9211016601149278,0.005399030423780795,0.0011419304635982082,0.04220321385283482,1,1
0.10369467127169983,0.020983730633759645,0.0008146689390182913,0.0006844940706855061,0.8738224350848366,4,4
0.06145912701208288,0.009368305230918925,0.0008667742296414754,0.0009496122554659784,0.9273561812718907,4,4
0.045685894460050495,0.8971535498712926,0.0010732119837558876,0.001367552361976055,0.05471979132292498,1,1
0.0010072526513578055,0.0017887394617426317,0.00014013673401070035,0.00010084824784297795,0.9969630229050459,4,4
0.000999009878875327,0.0015860195470303996,0.00014016832820796336,8.701139093796874e-05,0.9971877908549484,4,4
0.4708040412234826,0.3336098147465979,0.003456263173356411,0.0045515257453565645,0.18757835511120652,1,0
0.0011590837444798534,0.0015299629498685156,0.00014015372079174526,8.692904696794324e-05,0.997083870537892,4,4
0.8051331770322117,0.12443156580814498,0.0009232947038554461,0.0008592940837649991,0.06865266837202302,0,0
0.004276567748302261,0.002345063183464399,0.00014023803851792937,8.660572648018053e-05,0.9931515253032352,4,4
0.005427144523326944,0.0024539868682942915,0.00013713561095166017,8.465267592179271e-05,0.9918970803215054,4,4
0.8174329933584144,0.03828174397914525,0.0007952703047152702,0.0029835030938301726,0.14050648926389492,0,0
0.0009660772152672041,0.0015859450415002722,0.0001401617436008444,0.00016686946330058037,0.9971409465363311,4,4
0.0012921802114260446,0.0027202644223719248,0.00013767030073176862,8.541225497653655e-05,0.9957644728104939,4,4
0.044779300501908544,0.9274747471898159,0.0006841824865636084,0.005766713072766693,0.021295056748945353,1,1
0.07388099854331093,0.8848780854183436,0.001128820338135427,0.015439406609345374,0.02467268909086474,0,1
0.002526462509426625,0.00841100286196901,0.00015163595399749985,0.00032029433342298035,0.9885906043411838,4,4
0.0018372363853196288,0.0042234862939086095,0.0001373872244845351,8.489788686260021e-05,0.9937169922094247,4,4
0.0008978841442480352,0.0015353504787957734,0.0001401702831641783,0.0001558974958882976,0.9972706975979038,4,4
0.0011694060046717014,0.009574582675208297,0.00014530421875660185,9.002974688944511e-05,0.989020677354474,4,4
0.0027123255087832254,0.008294314399734213,0.0002648920869162591,0.0005297524054433613,0.9881987155991229,4,4
0.20290400647373852,0.01924366757834244,0.0015885904092875444,0.0014340716291182025,0.7748296639095134,4,4
0.0236617930299432,0.0014165649911377664,0.00019946108679362115,0.0006145650242180008,0.9741076158679075,4,4
0.34910999766635153,0.598788999880209,0.0013891578071927163,0.005465690473964987,0.045246154172281935,3,1
0.002019832643875252,0.002249214724395604,0.00013763276529303467,0.00010033957222173079,0.9954929802942144,4,4
0.0020046847757079107,0.0037228605855516564,0.00013606264136119424,8.425992407297006e-05,0.9940521320733063,4,4
0.00361309002748756,0.001778501407560453,0.00013746232877106612,8.506247083214943e-05,0.9943858837653486,4,4
0.009377746828660877,0.0069496214206868434,0.0002474715509430199,0.0005645708934428319,0.9828605893062665,4,4
0.056940927270842094,0.8192133558887664,0.0010955030004750803,0.020306669142858627,0.10244354469705767,1,1
0.0847576857250106,0.7795054292398638,0.001326486109864347,0.04470535695799898,0.08970504196726214,1,1
0.0009800596114853,0.0015302372932421238,0.00014017885227913786,8.686287043633176e-05,0.9972626613725571,4,4
0.0009914637597940765,0.001530195271225392,0.00014017500281206374,0.00010289053462007977,0.9972352754315483,4,4
0.024369522118999787,0.9453281205677208,0.0006666424650244263,0.0009969215291978442,0.028638793319057103,1,1
0.07658379014198811,0.6626747691922545,0.0009323030933733107,0.0006636482460290502,0.2591454893263549,1,1
0.09778979594222771,0.8438329011087912,0.002133050726149709,0.0016663643522643833,0.05457788787056716,1,1
0.825248723094589,0.14052566107104553,0.0008424333112511478,0.010799830163795083,0.022583352359319523,0,0
0.010179127994568908,0.00643646086526356,0.00044743661112812516,0.09094693876596284,0.8919900357630766,4,4
0.001627337016064348,0.002453330052899959,0.00015178669206159716,9.421661592430919e-05,0.9956733296230498,4,4
0.1592117705727456,0.06841047993783628,0.0015878421761599591,0.004381417202149673,0.7664084901111085,4,4
0.41397093764010506,0.5389353505743057,0.0010374576970338958,0.002725782700135387,0.043330471388419944,0,1
0.0009846966386506464,0.0015302303205499428,0.00014017821353899505,8.677759017314111e-05,0.9972581172370873,4,4
0.7435604144720194,0.202376288078669,0.0014948145111973142,0.012914345212650157,0.039654137725464174,1,0
0.02370196853951443,0.030253319286092425,0.0017249698122556627,0.0004779915860236561,0.9438417507761138,4,4
0.00668458462670361,0.00567151810187933,0.0003609837093674928,0.00010875092106908414,0.9871741626409806,4,4
0.009144479726295096,0.0034860277810313148,0.00014500833974549882,8.808588456742982e-05,0.9871363982683606,4,4
0.001831964864792714,0.002492798091924423,0.0003500575770431238,0.0001259885835818721,0.9951991908826578,4,4
0.0010049387509345855,0.0015155829340958533,0.00014001003504045574,0.00013656209251785043,0.9972029061874113,4,4
0.001765709153875466,0.0025124415335077022,0.0012866729817446441,0.0001257835199820344,0.9943093928108901,4,4
0.2059401033809294,0.30682444020649063,0.004825685407279058,0.0031790187296347836,0.4792307522756661,4,4
0.0010085640541360676,0.0015472022113839495,0.0003003601399027657,8.68062770905802e-05,0.9970570673174866,4,4
0.001008568365770397,0.0015472088257086837,0.00030036142394921283,8.253162538684039e-05,0.9970613297591849,4,4
0.0019190563681051541,0.0060104681983489516,0.0002849084635858937,7.645512493082148e-05,0.9917091118450291,4,4
0.1340099386322191,0.3358431810685965,0.03665400071485817,0.0017996852122132278,0.49169319437211284,3,4
0.0021211671065609963,0.010538478207243525,0.0007066166546784317,8.665552346812077e-05,0.986547082508049,4,4
0.0011595293036653622,0.0017822421227314496,0.0013187481547077252,0.00025715451605838954,0.9954823259028371,4,4
0.0010893892073974725,0.0017886173177443152,0.00014012716477975913,8.692098278815628e-05,0.9968949453272904,4,4
0.01757824011502035,0.17629580097095948,0.021818722920472548,0.0006225055122990145,0.7836847304812485,4,4
0.0015727515837041224,0.0024926548648849,0.0006665942971233315,0.00012598886864132058,0.9951420103856463,4,4
0.003314471876373361,0.970268868858646,0.001538448665112263,0.00021673196926822784,0.024661478630600208,1,1
0.000888566187939705,0.001708701514955949,0.00021715230604332024,7.569005424047476e-05,0.9971098899368206,4,4
0.0008949177140095443,0.001599260658103277,0.00016423748943190697,8.67175142249886e-05,0.9972548666242302,4,4
0.491491531941722,0.4298423709464555,0.0013194090720192603,0.0012291161303951059,0.07611757190940804,1,0
0.01636012999996171,0.9598580051672134,0.009833732373614172,0.0004147426173083094,0.013533389841902251,4,1
0.0010287397217597556,0.0017010901079520747,0.00018380057176956463,8.479334281213042e-05,0.9970015762557065,4,4
0.06595074109640409,0.9027327246121307,0.0017294299915822943,0.0004172447523358164,0.029169859547546945,1,1
0.0010663576158112843,0.0017446393125422875,0.0004986116054480976,8.682868217801415e-05,0.9966035627840203,4,4
0.008031206606236588,0.9716018113796107,0.005657184555719829,0.00034155845506894834,0.014368239003363951,1,1
0.006541530597461326,0.024011981896032757,0.0009819229516015977,0.000717130433529558,0.9677474341213748,4,4
0.046731161755060015,0.9147675354476531,0.008806053218488694,0.006627645089143746,0.02306760448965453,1,1
0.7940467499547339,0.11809391648049501,0.0016443219329453835,0.005869951160366586,0.08034506047145919,4,0
0.18247585932316535,0.04884282353278847,0.6285569795235056,0.08011676796980242,0.060007569650738134,1,2
0.10649214070058038,0.012056441803838126,0.8516612916582382,0.0010534137910144302,0.02873671204632887,2,2
0.02748453545466369,0.8291862982270075,0.002005729340455054,0.004351380760153435,0.13697205621772046,1,1
0.0012031734948549195,0.0017096244586831723,0.00020935534093804994,0.00010348072674117625,0.9967743659787826,4,4
0.7514072741073299,0.0592664923315953,0.14882336264649232,0.0028157212880060424,0.037687149626576474,2,0
0.006849827302659766,0.9751961755193448,0.004182927313369636,0.0002689924826857766,0.013502077381940146,1,1
0.007384391193646349,0.9766372949921939,0.004438357715256478,0.002513689634837283,0.009026266464066067,1,1
0.02925092208156524,0.9341817521392544,0.001536771456076484,0.001779755344065916,0.03325079897903777,1,1
0.05318849149850277,0.8785018778358453,0.00510030738775288,0.003013822861241645,0.06019550041665739,0,1
0.0020349927401106128,0.9368320869313738,0.0001934680343297257,0.0001244300533820356,0.060815022240804,1,1
0.9215722117852094,0.04881368567627199,0.001924796428203131,0.0005112592982836623,0.027178046812031807,4,0
0.08094136318098351,0.054489831032543144,0.0019926052142083587,0.0019301516766669817,0.860646048895598,0,4
0.0020245392498616783,0.003427414533986654,0.0003417931670448593,0.00020856974745995559,0.9939976833016467,4,4
0.19402598754818787,0.2813288928464341,0.34191030571793324,0.02784027845193695,0.15489453543550777,1,2
0.20257874450032587,0.26768588098918716,0.23393972610280228,0.003648901794794448,0.2921467466128903,2,4
0.6642637538775743,0.05714932567239706,0.002678946638396487,0.0033498276168674825,0.27255814619476476,0,0
0.006200210268797475,0.0074652136964785155,0.00034230757871443816,0.00020843604457106835,0.9857838324114384,4,4
0.0895929910285439,0.42166097864913654,0.016175945134714965,0.0023263308260310957,0.4702437543615734,4,4
0.002024171394853759,0.0034266403203309787,0.00040333894683279136,0.00020722559356852342,0.993938623744414,4,4
0.002024539276194153,0.0034274145785658373,0.0003417801648400493,0.00020856975017274941,0.9939976962302273,4,4
0.0020245392575172837,0.0034274145469471006,0.00034178882015495755,0.0002085703150249224,0.9939976870603559,4,4
0.002024539333969252,0.0034274146763753587,0.0003417888330618093,0.00020853256025055747,0.9939977245963431,4,4
0.002305662950991808,0.02075078868169851,0.000339048266487036,0.00020689662016206374,0.9763976034806606,4,4
0.0020245392498616783,0.003427414533986654,0.0003417931670448593,0.00020856974745995559,0.9939976833016467,4,4
0.0020245398493628254,0.003427415548903477,0.000341780261601661,0.00020828669855039824,0.9939979776415817,4,4
0.544529476834939,0.3117156912912963,0.0027557618742952445,0.0015907359093057457,0.13940833409016373,0,0
0.8266023081326076,0.14187862304673934,0.0011159571015597926,0.0020600954293488656,0.028343016289744546,0,0
0.47567401649007,0.287227381503318,0.002928098660359118,0.01927123150567004,0.21489927184058272,0,0
0.749074087558901,0.13745129464574396,0.002404584421728053,0.007153656605328135,0.1039163767682988,0,0
0.005710537582881464,0.005182917902838799,0.0003318129877589828,0.0002022660897318338,0.988572465436789,4,4
0.00202350062922713,0.003425654071849926,0.0006421688425586431,0.0002561260567687473,0.9936525503995954,4,4
0.002023020720055321,0.0034248416170452275,0.0005214167736402903,0.000613832868829969,0.993416888020429,4,4
0.002462288363588532,0.004028628610814911,0.0003986248573170791,0.0005241402728944245,0.992586317895385,4,4
0.0020245396072567866,0.0034274151390335495,0.0003417932273821463,0.00020839325270138724,0.9939978587736261,4,4
0.002228876935200504,0.0032978000434284284,0.0015210390779951443,0.0011836557593226142,0.9917686281840534,4,4
0.06915577564532621,0.32638721096742757,0.49532574254974004,0.005295919010785862,0.10383535182672042,1,2
0.055153130515098174,0.8769463397226978,0.001199294732925465,0.0015538562570767637,0.06514737877220175,0,1
0.002022979558691982,0.0034246198901472717,0.00034151013123732944,0.0010236925364989111,0.9931871978834245,4,4
0.0020222591081472245,0.0034234002686959124,0.00034139285117017426,0.0013794570007701508,0.9928334907712164,4,4
0.0043292331319713315,0.016726015167465486,0.0005608421108800115,0.00047937729081131694,0.977904532298872,4,4
0.013511889136453983,0.0042808830514903615,0.0003294984737184602,0.00020090974947234924,0.9816768195888649,4,4
0.15576878647978118,0.46065101802829334,0.03895629417102682,0.003458898882654636,0.3411650024382441,0,1
0.35839396370185145,0.4553831430009501,0.05171692248923427,0.0032213382677261124,0.13128463254023814,0,1
0.002023263491051292,0.0034252547565020346,0.0003415777868568895,0.0008385860466157485,0.993371317918974,4,4
0.0020241319282286365,0.00342672496470061,0.00034171139687074457,0.00040973305179000915,0.9937976986584101,4,4
0.09662367777951139,0.4838322424866213,0.011655857390125032,0.009148656033589105,0.39873956631015306,4,1
0.002024539983399587,0.0034274157758190805,0.00034164074187204707,0.00020836004866001267,0.9939980434502493,4,4
0.002023982155400809,0.0034263199642873532,0.0004959163979290564,0.00020808089749034097,0.9938457005848925,4,4
0.002022862094358853,0.0034245752177587603,0.00034151002099522027,0.00103681039482727,0.9931742422720599,4,4
0.047197191737729266,0.012460651570286155,0.0007619880390027845,0.0009388479089028937,0.9386413207440788,4,4
0.21166809244585177,0.24138497523748384,0.009725232009600524,0.0052030369205553675,0.5320186633865084,4,4
0.06755644424197474,0.848865388584717,0.010519957083014278,0.005155481612455512,0.06790272847783835,0,1
0.004028326256017549,0.012583120828501718,0.00033823976792857517,0.00020615766759963128,0.9828441554799524,4,4
0.002024539333969252,0.0034274146763753587,0.0003417888330618093,0.00020853256025055747,0.9939977245963431,4,4
0.5516215353373988,0.1794670980563201,0.16709340147381402,0.008114781070627068,0.09370318406183999,0,0
0.00201817674776436,0.003416641089127034,0.003319218648059659,0.00020773817031022437,0.9910382253447387,4,4
0.002024170511703809,0.0034254082093185677,0.00040373765387487643,0.00020849353805950258,0.9939381900870432,4,4
0.002023155797829931,0.0034249210559841427,0.0009037512893633959,0.00020824160778587815,0.9934399302490368,4,4
0.5333096303082964,0.38132453790885323,0.015290552791993334,0.001970402846007622,0.06810487614484936,0,0
0.08649808133321789,0.7124256771848769,0.008373741427691043,0.0019343545599778639,0.19076814549423624,1,1
0.0020238674475437832,0.0034262750712417338,0.0005086792155033891,0.00020849945369447886,0.9938326788120165,4,4
0.0030516383438003894,0.004157720538474605,0.0003445479884565722,0.00021028641428941827,0.9922358067149791,4,4
0.023868553357501016,0.5241332548265767,0.00581938135869367,0.0017583841586968376,0.44442042629853185,4,1
0.04297175863713108,0.04033872906475233,0.0009277539491181967,0.000566161100055809,0.9151955972489426,4,4
0.25470939628879813,0.04409490765337017,0.002020771328953615,0.0014720245547529842,0.6977029001741252,4,4
0.45944138663291656,0.058165187250257544,0.001229893352741102,0.0019428658361422193,0.47922066692794263,4,4
0.049083300729363455,0.01642634390758147,0.0006103745572533562,0.0009603316496723997,0.9329196491561293,4,4
0.21073509425236753,0.1724156642700609,0.18138569539806865,0.0030669734811388885,0.4323965725983641,0,4
0.021696051479607906,0.04290212091203605,0.0014300656890544451,0.0008764817021591411,0.9330952802171424,4,4
0.04566519176499523,0.8373673878473971,0.0016870490587460817,0.0014899392811667123,0.11379043204769476,1,1
0.04269478898878894,0.014018436168845853,0.0009698003337647067,0.0007045112692489044,0.9416124632393515,4,4
0.0020232773626077897,0.0034252760960822863,0.0007507120566535686,0.00025782054502650653,0.9935429139396299,4,4
0.005786467059695412,0.007119644334602981,0.00030352732152221927,0.00031004948770109247,0.9864803117964782,4,4
0.006579320600594422,0.0064038310728105315,0.0003747316862947739,0.0003215403551843505,0.9863205762851159,4,4
0.054306483392380964,0.812850587216188,0.021520109268672268,0.0025740001232947966,0.10874881999946394,1,1
0.0035635885398937156,0.015504196612280568,0.0003219097088087559,0.00028003972122265006,0.9803302654177943,4,4
0.016364078020732278,0.08132099747000694,0.0013549939128587785,0.001232647268813319,0.8997272833275887,4,4
0.0022475648403947625,0.0038498070073259734,0.0004763523301644447,0.00031123804058085094,0.9931150377815339,4,4
0.6440560044692598,0.1532146631404804,0.0019023474202267,0.002613491258603248,0.19821349371142988,0,0
0.002024539308596545,0.003427414633421,0.0003417931769607827,0.00020854074203756776,0.9939977121389842,4,4
0.006342687497326008,0.0032305830362648353,0.0005648580060714385,0.00024831428294674754,0.9896135571773909,4,4
0.525655073330397,0.2593348974644641,0.0032966087048234456,0.001918226777182451,0.2097951937231332,0,0
0.0020206680985509593,0.0034211029190473977,0.0019997973771016865,0.0002968129849239081,0.9922616186203762,4,4
0.09502501297939063,0.024142559463720414,0.0011714888876391354,0.0008311746004840136,0.8788297640687658,4,4
0.05553543181398313,0.021197896053884946,0.0012132613116479485,0.0008599269849100502,0.921193483835574,4,4
0.764034482284971,0.09050298891584733,0.0024933303496918937,0.003569795138575002,0.13939940331091477,1,0
0.7910928969621448,0.10175711118273446,0.001914552699173099,0.008243517441481118,0.09699192171446641,1,0
0.14478806809038497,0.10202313555242636,0.0014012027096386053,0.6801909105910067,0.07159668305654335,3,3
0.0020236205370450446,0.003425857067934411,0.00037201160975593406,0.00046707890702614744,0.9937114318782384,4,4
0.03659998677725386,0.05459372531904639,0.0016859733111209184,0.0010277932218333496,0.9060925213707455,4,4
0.0020235907660074576,0.003424576350409143,0.0005619074864261539,0.0002931127718110864,0.9936968126253461,4,4
0.08306161525485999,0.7735091055124829,0.015658875431594704,0.002168328710124741,0.12560207509093754,1,1
0.779199620429234,0.13533102644262662,0.0041682097638104055,0.004241209814616916,0.0770599335497122,0,0
0.055125654550372376,0.014467737407369119,0.0011494076679956244,0.001005179505545263,0.9282520208687177,4,4
0.0025156681965397823,0.008678305690248618,0.0003431652383322772,0.00020912409219361457,0.9882537367826858,4,4
0.0023907421057283535,0.003455393130281039,0.0003447722367379448,0.00021054146515707113,0.9935985510620955,4,4
0.23338321453869987,0.6680754690249664,0.00296177785374698,0.004503788417078757,0.09107575016550784,0,1
0.0059138811200529825,0.00682015703026284,0.0003311189276324401,0.00020198467798463298,0.9867328582440671,4,4
0.5461524775557423,0.3930600647547114,0.0028193400039565404,0.00269746669608868,0.05527065098950117,1,0
0.002024367781572677,0.0034271242492189555,0.00034175987106909784,0.0002932513994635502,0.9939134966986757,4,4
0.8725271911239115,0.035535071019436454,0.0022315970630050136,0.003302896184281423,0.08640324460936552,1,0
0.002024294705429958,0.0034270005360167253,0.0003417518817915323,0.0003293347201157384,0.993877618156646,4,4
0.002024539620561365,0.0034274151615573435,0.00034179322962829393,0.00020838668241462293,0.9939978653058383,4,4
0.5434500682922028,0.052706469699097154,0.0023237077249675174,0.02396196303998815,0.3775577912437444,4,0
0.0020245395833040445,0.0034274150984831,0.0003417932233383208,0.00020840508144041354,0.9939978470134342,4,4
0.004448155284705209,0.007059837043979441,0.0003053765868481347,0.0001860834622092517,0.9880005476222581,4,4
0.08117265982611203,0.10308920580663268,0.0024271074623359343,0.0019730902513749645,0.8113379366535444,4,4
0.32751563788662724,0.5869745280552292,0.002989291565198531,0.002658546406157944,0.07986199608678725,1,1
0.003378389320834959,0.01077989804890631,0.000327100587730814,0.00019902135176250288,0.9853155906907654,4,4
0.3579164727722695,0.4024462430999829,0.0029719390548584956,0.11233683587518041,0.12432850919770859,0,1
0.0020237400721056444,0.003426061577526829,0.0003416582457306465,0.0006032329142945903,0.9936053071903423,4,4
0.7147138146448201,0.23612443849878165,0.0020206683922240937,0.008644233974584654,0.038496844489589344,1,0
0.08496376944413445,0.8546590808676044,0.0014721994478509243,0.008063798125834798,0.05084115211457541,1,1
0.06315462515646729,0.8052544379201322,0.0046651874930667084,0.006932884269547584,0.1199928651607861,1,1
0.012878905467807455,0.07064406761224931,0.0015042740887595402,0.0007053734732399337,0.9142673793579438,4,4
0.010321968308893687,0.003984703846015397,0.00032918980454209416,0.0002006074955867223,0.9851635305449621,4,4
0.0020245393355141778,0.0034274146789908177,0.0003417931815051563,0.00020852744912744754,0.9939977253548624,4,4
0.004617088279268469,0.031539304989522815,0.0005852012100585947,0.0003570553048476696,0.9629013502163025,4,4
0.14194197151135468,0.7243585657747774,0.0012779228329646323,0.002584197482822805,0.12983734239808056,1,1
0.00202454224650317,0.003427419607107663,0.00034179367295334486,0.0002070898964356892,0.9939991545770002,4,4
0.024350495984120715,0.008053227886414696,0.0002954931475594447,0.0001787743433303631,0.9671220086385748,4,4
0.3022674522391695,0.34393990657617507,0.003878210471908714,0.01245489921610352,0.33745953149664315,4,1
0.0020227262967052978,0.003424345321079055,0.0003414870949343454,0.0011038722363214118,0.9931075690509599,4,4
0.002024556644274364,0.003427443981606824,0.0003417961036594007,0.00019997975112447293,0.994006223519335,4,4
0.002024280197575269,0.0034268216888606925,0.0004258169409093127,0.00029733116822641486,0.9938257500044283,4,4
0.005118624914279631,0.008965855419424353,0.0003289460240979668,0.0002476196765064321,0.9853389539656916,4,4
0.017469126898315642,0.005642868835177536,0.0003002937564355556,0.00041986939339544465,0.9761678411166759,4,4
0.0032531924490679627,0.01145972091461503,0.0003288936817521253,0.000680866566643206,0.9842773263879216,4,4
0.005538145692973141,0.005368526755209875,0.00033029661700580127,0.00028715213558405927,0.9884758787992272,4,4
0.8871860646916572,0.08679002864808696,0.0011581669145666628,0.0020650792346950967,0.022800660510994084,0,0
0.0020245397467532314,0.003427415375192044,0.00034179325093265623,0.0002083243642618363,0.9939979272628603,4,4
0.002834995911452941,0.005625483305390476,0.0003257020635618043,0.00024546600013028333,0.9909683527194645,4,4
0.15655254489090192,0.36876248392700595,0.004892613861349871,0.014404086191918446,0.4553882711288238,4,4
0.002939948570713666,0.007047347680263358,0.0003284852839387405,0.0001975476441810856,0.9894866708209031,4,4
0.35178110177637123,0.3501546019856097,0.003185850655566677,0.003233122569891353,0.291645323012561,1,0
0.0035729466118106295,0.012789566186274012,0.0003281866028656524,0.00024514939080110513,0.9830641512082486,4,4
0.5133412343559198,0.20022187781296835,0.0025483920115877265,0.0022757080729915533,0.2816127877465325,0,0
0.0030397400762166484,0.011086219985386135,0.00033222310246038185,0.00020074739957906554,0.9853410694363577,4,4
0.0020237165869968067,0.003426019674213649,0.0005833575294160059,0.00020830840582960398,0.9937585978035439,4,4
0.04322624076734277,0.6430055461764215,0.004919379515391655,0.007329740908518925,0.30151909263232507,1,1
0.002014574097290401,0.00329667228235659,0.0003198367024257655,0.00020058632835848569,0.9941683305895689,4,4
0.0020142875571019293,0.003296438624581598,0.00040633454815942286,0.0002560128519229945,0.9940269264182341,4,4
0.11740342786256218,0.14540011944048073,0.0034492410094701404,0.0105161619598076,0.7232310497276795,4,4
0.03524487930060136,0.9082367563997115,0.019556597099572085,0.0013942317997598652,0.035567535400355205,1,1
0.00815421827752007,0.008278493617004752,0.0011635054505926966,0.00020384332257223178,0.9821999393323102,4,4
0.049171588167796515,0.040752549211222525,0.008766514596007347,0.001282848723954954,0.9000264993010187,4,4
0.046854840910129245,0.14600551096365078,0.7469159602820425,0.0019350271381538798,0.05828866070602345,2,2
0.0020091579127200455,0.003400003096703373,0.007691840230209367,0.0003325174182878091,0.9865664813420795,4,4
0.09053283902178817,0.6419520175483824,0.04404695003840424,0.003467582102158641,0.22000061128926646,1,1
0.0067673802203244045,0.010913717086720768,0.0004384694236672121,0.00025864162584578074,0.9816217916434419,4,4
0.0034437416849241744,0.004463885592326063,0.0005397568716895887,0.000702111446296719,0.9908505044047634,4,4
0.0029341396603627464,0.0042677135904722625,0.0007406843000289129,0.00047577383679864787,0.9915816886123374,4,4
0.0017791956713425574,0.011636162335245608,0.00032254373789291783,0.00028923678691997114,0.9859728614685991,4,4
0.06877049021506294,0.6957123309124368,0.047290027585135834,0.0024134154549077065,0.18581373583245672,1,1
0.011183244155255434,0.9582193137428803,0.005038461037373405,0.0007487361851113989,0.02481024487937925,1,1
0.03692061761084448,0.8654111454690182,0.00632886029189578,0.00396096852753937,0.0873784081007024,4,1
0.017156043163769695,0.6135135932517155,0.0025837251045155107,0.0027798304782460565,0.36396680800175313,1,1
0.0026058284654806477,0.004491484106494215,0.00044478112264351367,0.0002707030547198367,0.9921872032506618,4,4
0.06064360200675737,0.750486831419776,0.03449571940620863,0.0555843877543037,0.09878945941295442,4,1
0.002022841529758543,0.0034233083980237085,0.0010169498099086875,0.0002080047499269005,0.9933288955123821,4,4
0.002023310998078512,0.003425333038731859,0.0007842862649689404,0.0002076388518082811,0.9935594308464124,4,4
0.011477861951462694,0.019167512821794692,0.006879670950805278,0.0001994254373695515,0.9622755288385678,4,4
0.009714838175549858,0.01066240883394088,0.0010824962346617961,0.00020861928205453988,0.9783316374737928,4,4
0.10081775404505092,0.2560585757489341,0.03850642097032696,0.022328649055260774,0.5822886001804273,4,4
0.0793338626592583,0.39547713545056384,0.008089899463322742,0.023067266498139612,0.49403183592871563,4,4
0.22997726905584837,0.23032546951099245,0.006286979595598168,0.0038352150237491306,0.529575066813812,0,4
0.054735096874311426,0.8744599208448989,0.0028900751185801286,0.002033311983781075,0.06588159517842844,1,1
0.18499540648476248,0.7753336603859378,0.0024877639746339504,0.0029016024408983375,0.03428156671376747,1,1
0.0024561128227160883,0.003304027363138143,0.00032650088443917096,0.0002010356868666719,0.9937123232428399,4,4
0.31238615263706604,0.1277030238064356,0.006200456592306549,0.34869350027155016,0.2050168666926416,3,3
0.0020173459752545033,0.003415085835339516,0.0034202042925442,0.00056025879370989,0.9905871051031518,4,4
0.018929166825086965,0.9252964128929343,0.00920917632757351,0.0007333845329142619,0.04583185942149127,1,1
0.002023477422970453,0.003425614785176856,0.0007012936954732978,0.00020845927324167032,0.9936411548231379,4,4
0.0389895737507418,0.8505331106633338,0.0014120409060245135,0.00408323772156366,0.10498203695833637,1,1
0.05528087253544027,0.777088325824408,0.11105997323449919,0.0018581712952784526,0.05471265711037412,1,1
0.006441051426151888,0.7698044375541342,0.004306039422734899,0.0007976348232389745,0.21865083677374036,1,1
0.13732458342178896,0.7272866332822048,0.0026125525231633553,0.0035169142389781115,0.12925931653386483,1,1
0.023646218473733722,0.9595711048519484,0.0017914951318116106,0.0004966635531839826,0.014494517989322216,1,1
0.028336207559198422,0.90961082667055,0.0028701997382191914,0.0009667371918691916,0.05821602884016309,1,1
0.5763177035350096,0.060160674189095736,0.002049233486230746,0.0012546330718671954,0.36021775571779674,0,0
0.014424647341851072,0.9464289062924798,0.0016109617293440653,0.0009052398985539716,0.03663024473777104,1,1
0.07199110328675415,0.0899440973405115,0.01571103908920869,0.002662382842028913,0.8196913774414968,2,4
0.018614611069091277,0.943559238198655,0.007066273383975377,0.0013310534136367455,0.02942882393464162,1,1
0.007599783747190643,0.9239807657999861,0.0019944581022225496,0.0004523847058205462,0.06597260764478012,1,1
0.23463859595911538,0.6539820439977571,0.008687754757322667,0.002027323890461858,0.10066428139534304,1,1
0.0066733424430152465,0.27840808720571086,0.0007550522652030487,0.00025021920944623627,0.7139132988766246,4,4
0.0007887752134723456,0.0015037964943110087,9.117540005570462e-05,6.803360798653192e-05,0.9975482192841745,4,4
0.7230794951970743,0.08153415442648357,0.0012577685204161067,0.003941418243181638,0.1901871636128444,0,0
0.2649419061590557,0.6081147149936644,0.001945404763673692,0.0053788904928975595,0.11961908359070862,1,1
0.0009397678355979654,0.0013551732903137965,9.11751602264182e-05,6.828839708916412e-05,0.9975455953167726,4,4
0.0007996911333203558,0.0017525595354022613,9.114869478993457e-05,0.00010056312829794688,0.9972560375081894,4,4
0.011668766296682145,0.936282528874986,0.0007528758183972921,0.001146164278826392,0.05014966473110823,1,1
0.7378455985918563,0.11620813289055718,0.0019273366646295434,0.0010650100753953745,0.1429539217775615,4,0
0.0009271604075069185,0.0016748690450224927,8.880204095247056e-05,6.749997277480624e-05,0.9972416685337432,4,4
0.022282023397606203,0.9122610650789619,0.0009360134444786333,0.0006935195352522366,0.06382737854370087,1,1
0.0008050636708413134,0.0014567949318928005,9.117820767569786e-05,6.8025791505813e-05,0.9975789373980843,4,4
0.8953486997759318,0.06904645098297194,0.00046522040759675883,0.0023417873317223455,0.03279784150177702,0,0
0.0007932435419484115,0.0012763582104930926,9.119448170256078e-05,8.221256699007816e-05,0.9977569911988657,4,4
0.0775085899164949,0.8396881625309849,0.0005710414402205071,0.057300409492917675,0.02493179661938193,1,1
0.06256174304146522,0.027446187876732427,0.0004560043013819545,0.0009310825553140921,0.9086049822251063,4,4
0.004243004404364921,0.0020523649589921826,0.00010922072247328508,6.596983369383243e-05,0.9935294400804757,4,4
0.0009268168200017887,0.0013734255543168621,0.0003133539763407748,0.00015852373429590735,0.9972278799150447,4,4
0.5666763065062494,0.1769219008380008,0.0015775915482146789,0.0014456305394828632,0.25337857056805224,0,0
0.0007963844598801509,0.0016763786178461539,0.00019418977468391358,0.00010536066492441393,0.9972276864826652,4,4
0.004894212548773957,0.005203503617295903,0.0001376323169419322,0.0001039117641637167,0.9896607397528244,4,4
0.0008028749062426657,0.0014421355177864942,0.0001359947280923272,0.0007247494280667398,0.9968942454198118,4,4
0.009932670170397449,0.0364472452579785,0.0004978644830499667,0.00037350716124100603,0.9527487129273331,4,4
0.8795860824993972,0.09130025687929336,0.0004181157838962121,0.016962548250818475,0.011732996586594803,0,0
0.0008538797121559635,0.0013844644167147117,0.00013746350716485554,6.8247336774085e-05,0.9975559450271904,4,4
0.8806595172507499,0.09368869684071465,0.0004957233332700732,0.001594457285809269,0.0235616052894561,4,0
0.05026817487511775,0.03405726734275133,0.0007230099511669153,0.0005423222254944392,0.9144092256054696,4,4
0.0008035053028894882,0.001359977078105364,9.115533619819795e-05,6.838124046817544e-05,0.9976769810423388,4,4
0.0007964609935750958,0.0012750272751878144,9.11943780621542e-05,8.146008191445219e-05,0.9977558572712606,4,4
0.0014992592301275134,0.0018778565657878033,8.86498080579534e-05,6.689041036682164e-05,0.99646734398566,4,4
0.6805929513107749,0.19398349826719286,0.0008074823132925993,0.0009091567276317709,0.12370691138110777,0,0
0.4551530346380101,0.44761205199917753,0.003511504596269026,0.010548839024241263,0.08317456974230221,1,0
0.11009112455554611,0.7289077831117017,0.0034537644260364507,0.0021092150160394994,0.15543811289067627,1,1
0.8476718720628192,0.0322788928307337,0.0009045796991008343,0.03462625034616443,0.08451840506118194,0,0
0.03459922114478087,0.010340842216574093,0.00036465832269826776,0.00026101075406556015,0.9544342675618811,4,4
0.004231950179877805,0.00496975421290055,9.770005322208385e-05,0.00011652603609917053,0.9905840695179003,4,4
0.19781225454847215,0.713741117093723,0.0026249127780490654,0.0004806898627871528,0.08534102571696855,2,1
0.0035749972863672002,0.0013590963023127833,0.00020005477067842528,6.10544447235563e-05,0.9948047971959182,4,4
0.001120282680891679,0.0023488306907027776,0.011597366752443505,0.062116262037683764,0.9228172578382783,4,4
0.0009275962076039735,0.0013822371410904695,0.000559980097760306,0.0007690244583918594,0.9963611620951534,4,4
0.0013040259497980038,0.001594608223479893,0.00034185873604332086,0.00044650993004776866,0.9963129971606309,4,4
0.0008051025852066609,0.0013854165451767481,9.118427844539531e-05,7.293902385614062e-05,0.997645357567315,4,4
0.003229368395077115,0.017073394094635885,9.815346540972711e-05,7.364799137906481e-05,0.9795254360534983,4,4
0.0027110335684627502,0.007234189617964251,9.000950459292221e-05,7.88119963802357e-05,0.9898859553125998,4,4
0.7706407148949564,0.07253356636642337,0.0007624808698197603,0.004612402692989616,0.15145083517581082,0,0
0.0015241288843861642,0.0012959222321579156,0.0002379764022788603,0.00014217608401162436,0.9967997963971654,4,4
0.0007887833808313179,0.001493099435166278,9.117634412976903e-05,6.839246033629502e-05,0.9975585483795363,4,4
0.0019989238452618736,0.004518776775490672,8.874292662009475e-05,6.656072603119534e-05,0.9933269957265961,4,4
0.01575777828059705,0.02641043255334976,0.00042728412263695555,0.0003201800469056602,0.9570843249965106,4,4
0.9084823323607615,0.050484229723121665,0.000402886333125455,0.00033636115808143897,0.04029419042490991,0,0
0.0009427533192751287,0.0013856063481947815,9.075627822697227e-05,7.893363108446234e-05,0.9975019504232188,4,4
0.0009517463000533369,0.001291852781602277,0.00025004011519350993,6.808750804475454e-05,0.9974382732951061,4,4
0.0007854664114025071,0.0013864083510173651,9.117646508864413e-05,6.838985546670388e-05,0.9976685589170248,4,4
0.6501043262103476,0.3036086817684499,0.0010851885485274138,0.005993606775615683,0.0392081966970593,0,0
0.0007886676776525397,0.001513910843906233,9.116296987125707e-05,0.00019403762257599066,0.9974122208859941,4,4
0.24694906152644333,0.6135374377444851,0.0013066520430885095,0.0013621545861938998,0.13684469409978914,4,1
0.0011067633825337,0.0014457052244884858,0.0002485228328892748,6.803827059213166e-05,0.9971309702894963,4,4
0.0031980833635190057,0.001820584662943537,0.001335758486785254,0.00016844354095420905,0.993477129945798,4,4
0.8237095211933387,0.08462491284437597,0.0011440596159511228,0.005072943899164086,0.08544856244717004,1,0
0.7760389581834851,0.12085680325015039,0.0014608719111544443,0.0058097070623198185,0.09583365959289017,1,0
0.005785232732250603,0.0028891708397923003,0.00011379543387653635,0.00020048588308148524,0.991011315110999,4,4
0.11952409762565391,0.0270863908943654,0.0010544267301380605,0.0013200280370640317,0.8510150567127786,4,4
0.15926945569833884,0.027225526403182394,0.0008024077454151639,0.0013288697327710922,0.8113737404202926,4,4
0.0008536095124934792,0.0019790316622442998,0.0001643879480002931,6.83377749802475e-05,0.9969346331022818,4,4
0.6243119452189146,0.1382331587999039,0.0012332556583419594,0.007444042441595719,0.22877759788124385,4,0
0.015957299065114082,0.017001456312727408,0.00021361285370362796,0.00018985450169679786,0.966637777266758,4,4
0.0108483885475644,0.005063374569125032,7.80308904718446e-05,7.796446388883881e-05,0.9839322415289498,4,4
0.9419759992282644,0.03479708248692106,0.0003222145648608312,0.00032180642650207465,0.02258289729345189,0,0
0.009081563341988957,0.005101865347236018,0.00010918456086944937,8.149061502242788e-05,0.9856258961348832,4,4
0.018771488671258323,0.8899771976854441,0.0014161645995877368,0.0018343754386075334,0.08800077360510236,1,1
0.0010145087001992156,0.0015823921910521229,0.0010467276356884343,8.651509511248217e-05,0.9962698563779478,4,4
0.0007942173825898426,0.001382638335604842,0.002193210283405587,7.928155834458239e-05,0.995550652440055,4,4
0.11704947771281887,0.7965063008543999,0.002013345204598577,0.0012293919105015453,0.0832014843176811,1,1
0.0017257789777674947,0.0024559166389853657,0.0001436323847641861,0.00010144286898109195,0.9955732291295017,4,4
0.0015593330047140937,0.0026588763016203174,0.00014850559072730212,0.00010627395677761362,0.9955270111461606,4,4
0.03744731139037207,0.7960883603530918,0.0009566873523769989,0.000832468418837688,0.16467517248532143,1,1
0.0008503653126704261,0.0013093981405296186,9.11875413874725e-05,6.799165441963283e-05,0.9976810573509929,4,4
0.0009439853360375041,0.0017205894690507334,0.0003607467369551722,7.792624739079491e-05,0.9968967522105658,4,4
0.0032968705779286038,0.002140553744333775,8.802511268601458e-05,6.569493352055385e-05,0.9944088556315311,4,4
0.8510199762466842,0.08563339235504881,0.024618175298152536,0.0007059637790921557,0.03802249232102209,0,0
0.001279125069512534,0.0014910060767958657,0.00011609426528480079,6.807382118326315e-05,0.9970457007672234,4,4
0.0012787855158732317,0.0013698217656967248,0.00011457278594117077,0.00010005553099559986,0.9971367644014933,4,4
0.0043738004221003934,0.004568370651071191,0.00012937973802316254,0.0003216929622778326,0.9906067562265275,4,4
0.37316634308771185,0.4540029360922012,0.0016444462948045561,0.0020277574336718166,0.16915851709161042,3,1
0.0008050188784059636,0.0014797508399403648,9.11632021649986e-05,0.00010063335357104024,0.9975234337259176,4,4
0.2139076165648324,0.724891325033179,0.010109966322829761,0.0012409882428901843,0.049850103836268714,0,1
0.0008402284430385976,0.0013853578455173764,9.106811026903378e-05,6.785248724989329e-05,0.9976154931139251,4,4
0.04128796667605031,0.008268690648733869,0.0002831044832350845,0.000438667882201594,0.9497215703097791,4,4
0.011344545379427348,0.005534248524182325,0.00012462756288806487,7.480035995761926e-05,0.9829217781735446,4,4
0.009396684686289108,0.0037568848374502904,0.0001097239616451222,6.594980573196073e-05,0.9866707567088834,4,4
0.0008020908504841458,0.001355348758111539,9.118696558348072e-05,7.661593472789876e-05,0.997674757491093,4,4
0.0007811427297281846,0.0018688840884578165,0.00049504674494876,7.998398417760468e-05,0.9967749424526877,4,4
0.0007903529871755917,0.002036935163134472,0.0001223608522116972,6.83410225653485e-05,0.9969820099749129,4,4
0.0007876640346875527,0.001836175195577303,0.00013624779975669697,6.837183264046446e-05,0.997171541137338,4,4
0.8065270565835779,0.0747851257470498,0.013654174386347324,0.0029830744081676967,0.1020505688748572,0,0
0.06812159184888665,0.7960575610384286,0.0015398277092200047,0.0039384367250114875,0.13034258267845322,1,1
0.0008051943785516497,0.0012763609127022224,9.119467477262452e-05,6.814645942121283e-05,0.9977591035745522,4,4
0.004535914908561199,0.0018067312846663844,0.00016122802361050818,9.168460937677258e-05,0.993404441173785,4,4
0.11063888947949194,0.8219542083114516,0.0016102386132024783,0.0027234206046456455,0.06307324299120823,1,1
0.0007818395370821527,0.0014969308155911498,9.114547269968725e-05,6.830261661293843e-05,0.9975617815580141,4,4
0.0029159400534626775,0.0018336943000613847,9.780824481546369e-05,7.264718499894453e-05,0.9950799102166615,4,4
0.0008029375916834894,0.0012838328380902115,0.00013602005629939835,0.00041278085187014464,0.9973644286620568,4,4
0.5088447771966184,0.4386737620416514,0.001010160366680579,0.001187400404843933,0.05028389999020564,0,0
0.9160360735744352,0.06083720029697127,0.00043543320514606045,0.0012331218771928258,0.02145817104625484,0,0
0.04208168998766796,0.016773916172443296,0.00023232216948741998,0.0003533554107236301,0.9405587162596777,4,4
0.4872077948275875,0.4702382519183728,0.0009409816990188192,0.000827944777904109,0.040785026777116616,4,0
0.0008033450719654857,0.001563124535028257,9.114446338511756e-05,0.00011897884592465015,0.9974234070836965,4,4
0.003602808409483276,0.0030660630568559205,0.00010332575466884722,0.00024209210654295026,0.9929857106724489,4,4
0.0008050424274329766,0.0014839368771055867,9.117580173444472e-05,6.72308505312211e-05,0.9975526140431957,4,4
0.0022621699252397738,0.030370859894376354,0.00010402225376361617,5.945956813511824e-05,0.967203488358485,4,4
0.18078899238483853,0.7332037811184163,0.00125963027748771,0.003959572140598994,0.08078802407865847,1,1
0.008695909950397367,0.03412150639109146,0.00029062591578225903,0.0002659329968597388,0.9566260247458692,4,4
0.06383087393868206,0.779672669264979,0.002523142640514518,0.0028971164017118395,0.15107619775411252,1,1
0.022768886815747808,0.9380260437875446,0.0008048020068846646,0.0010739326822353506,0.037326334707587526,1,1
0.27869489298440514,0.5687466571532992,0.0009421562739894565,0.12433794905163968,0.027278344536666648,1,1
0.0008044559188578163,0.001359970742758995,9.109126022071444e-05,0.0005082665000887556,0.9972362155780736,4,4
0.0009484581801113986,0.0013777940166862254,9.117163484466521e-05,7.555198248053509e-05,0.9975070241858771,4,4
0.027832320618994974,0.7758049822366881,0.0011931082448001628,0.0037673889686796296,0.19140219993083699,4,1
0.22294877601101232,0.22357201566926488,0.0023262506391247798,0.41629190089879464,0.13486105678180346,4,3
0.14140879945999774,0.4863576979060335,0.0024807103450123816,0.015719227124281667,0.3540335651646746,0,1
0.006832758591783429,0.010080472584630457,0.0002547866585116956,0.0016694511947863652,0.9811625309702879,4,4
0.0014309307208188887,0.00641410218310972,8.740411416749546e-05,7.23304834298627e-05,0.991995232498474,4,4
0.0035478185288648494,0.00288162440349993,8.864794520597422e-05,0.000282547125072748,0.9931993619973566,4,4
0.10321882938544037,0.8255422109193495,0.0007389695345933827,0.013559340608416267,0.056940649552200406,1,1
0.2935366983769677,0.5180054433622823,0.0012347820268968988,0.004015263012995187,0.1832078132208579,1,1
0.633618836739665,0.3334604171703793,0.0009487003302675066,0.002397580610988359,0.02957446514869982,0,0
0.0008422771649082151,0.0013853715623720192,9.118131780182142e-05,6.820472943273829e-05,0.9976129652254851,4,4
0.04271065538269189,0.9273317088762358,0.0007260136161653942,0.001346527431929027,0.027885094692977692,1,1
0.0007818900783693673,0.001276190985789154,9.118253366941604e-05,0.00022446839377442777,0.9976262680083977,4,4
0.0024668631291604,0.0019994116647232864,8.717224504408191e-05,7.226724235424747e-05,0.995374285718718,4,4
0.0027993339642319553,0.06140755420820207,8.102705406637007e-05,9.520489099172539e-05,0.935616879882508,4,4
0.0027831289068184885,0.04450491545961486,8.278059107014407e-05,9.703909917330579e-05,0.9525321359433232,4,4
0.0031673105621328424,0.052498852979327035,8.893701502436338e-05,0.00010449890987753761,0.9441404005336383,4,4
0.14132501558544186,0.8010472376835358,0.0007018735739918995,0.0034518471471774856,0.05347402600985288,1,1
0.011566078986824062,0.9673952245929226,0.00047555741534243193,0.0009772125737376196,0.01958592643117314,1,1
0.0007962068711339661,0.0015664533628462055,9.116528117209003e-05,0.00010866570289989445,0.9974375087819478,4,4
0.001419586959140844,0.011449832934082978,9.296533344152186e-05,0.00014328974070739728,0.9868943250326273,4,4
0.05942490869646624,0.7254688903110615,0.005411725366577546,0.004274753259856448,0.20541972236603812,1,1
0.006845229887281842,0.01361974944204913,0.00024870471510401223,7.332865427880035e-05,0.9792129873012863,4,4
0.015305699014767023,0.8339703475678107,0.002085792702635462,0.0007097604610364082,0.14792840025375034,2,1
0.0007832935447505222,0.0018010497814013586,0.00032896588280218874,0.00012099394171750077,0.9969656968493286,4,4
0.1419267473614204,0.16358494099194135,0.00468393301338839,0.0017623964298842637,0.6880419822033655,4,4
0.0017180372532840922,0.006630965326439481,0.0006815325263167921,7.159068215135496e-05,0.9908978742118083,4,4
0.00092862975959592,0.001393471041688654,0.00015119572907181693,6.801643478792922e-05,0.9974586870348556,4,4
0.0011878875636818702,0.001744912301588618,9.108507147581588e-05,6.816739870321134e-05,0.9969079476645505,4,4
0.02414119146120517,0.41175882893202737,0.006255794707737696,0.0018109814281396007,0.5560332034708901,4,4
0.001134418957304685,0.0016011437277806248,0.00024854718629518805,0.0003312395327037668,0.9966846505959158,4,4
0.05760451142873662,0.5279377296673594,0.004988373551834585,0.0035680810132987266,0.40590130433877064,4,1
0.002021537856080646,0.036931943112962336,0.0001645662376062419,6.324610656557514e-05,0.9608187066867853,4,4
0.0023265135956046005,0.016634202723824924,0.00032312081890051975,7.696242233389309e-05,0.9806392004393361,4,4
0.009656846729857664,0.7054003440241374,0.0011073315721183252,0.0006969910541073772,0.2831384866197791,4,1
0.002026259705959868,0.0014908331172380793,0.0004233299519373117,6.647521040312806e-05,0.9959931020144617,4,4
0.01871378855109087,0.9623540171348326,0.00184239156443404,0.0018522836043994067,0.015237519145243095,1,1
0.11285841786782475,0.36068981801801714,0.013548877327405288,0.007764619455985057,0.5051382673307677,0,4
0.030944618082205222,0.9190296312830613,0.0054653239601258,0.00048410058555516534,0.044076326089052625,1,1
0.020839011605117513,0.8174756832540422,0.034575099163816264,0.0004158094184867995,0.12669439655853734,1,1
0.059250122396892375,0.8964373814322995,0.0013967649944977214,0.0005035352897672411,0.04241219588654331,1,1
0.03549811096540318,0.7778156047989875,0.003568975314687172,0.0007530579336942788,0.18236425098722772,1,1
0.17593370041189885,0.1461801227666213,0.2815879054440518,0.002632092514391108,0.39366617886303706,4,4
0.4061172852083377,0.05636002493246733,0.014469244214322868,0.005315060182327461,0.5177383854625446,4,4
0.0007955247506804359,0.0020360036080060697,0.00040997873152345685,8.604110305182406e-05,0.9966724518067384,4,4
0.009946069430428679,0.9580030432192509,0.0007931979959292351,0.00027447257072947713,0.030983216783661612,1,1
0.042737253249324945,0.9256974227810428,0.002928252664410553,0.0003651335053104524,0.02827193779991109,1,1
0.001019892464970913,0.006150763375567469,8.657444313513396e-05,6.465447864212513e-05,0.9926781152376845,4,4
0.0030020551797925138,0.9860479188142851,0.0003255794354644064,0.0004976772906157838,0.010126769279842393,1,1
0.015185790822890219,0.8290189514618272,0.0013053989542284616,0.0004336036838570214,0.15405625507719706,1,1
0.03194260556638606,0.9468492409113706,0.004382011716310037,0.0003739881992471384,0.016452153606686035,1,1
0.06448024373798254,0.46886491524014495,0.01032436841410378,0.0007845696450627907,0.4555459029627059,1,1
0.048504721870133494,0.7088672819818465,0.003275803199287337,0.0005544704884879713,0.2387977224602446,1,1
0.4936545629232081,0.3232904930331128,0.021819803656912114,0.002371755035365641,0.15886338535140138,2,0
0.9033584940499975,0.05684029474886969,0.002748260945288377,0.0005451432333709482,0.0365078070224735,0,0
0.9201628085699755,0.04703459794231589,0.011582039380973793,0.0007366350035189404,0.02048391910321597,0,0
0.650359257855135,0.31102808679899996,0.0011195888865009054,0.0005971929962008423,0.03689587346316333,0,0
0.0019156920537336593,0.002313484683949098,0.00026890656168389673,6.427343900620818e-05,0.9954376432616271,4,4
0.5439195340090571,0.2891050466945191,0.013633558490773414,0.0010340787258006079,0.15230778207984966,1,0
0.0007026733266597225,0.0008808450590614084,0.00026997937182270825,5.11539560395525e-05,0.9980953482864167,4,4
0.0007295186997771571,0.0008457594210666946,6.581396310213456e-05,3.2339379319980296e-05,0.9983265685367341,4,4
0.013409888788444265,0.964606778066081,0.000420843048423108,0.00025019374872310376,0.021312296348328385,1,1
0.0010298080278155453,0.0013394365008674942,0.0001234453478889019,3.907020856255611e-05,0.9974682399148654,4,4
0.0006840098916534061,0.0012246869691791818,0.00020450967446164592,3.259890525758003e-05,0.9978541945594482,4,4
0.06350997290646078,0.8814119570765232,0.0008897260338407128,0.00692344403270766,0.047264899950467586,1,1
0.8653787140175061,0.08196949784114153,0.000621833994828917,0.0005993036922088854,0.05143065045431448,0,0
0.0006442436170131094,0.0008273024097224881,6.582077735019466e-05,3.269989337132799e-05,0.9984299333025428,4,4
0.0005744528922335256,0.0008554303793831869,6.582350744298102e-05,3.294736649027479e-05,0.9984713458544501,4,4
0.00977058338555197,0.9653682442989323,0.00024174189678090102,0.00030977927695234435,0.02430965114178245,1,1
0.940488378217596,0.041811306519811936,0.0003870857429169115,0.0003447040285140251,0.01696852549116132,1,0
0.0006021117723983106,0.00114771718470422,6.578810355490845e-05,3.5934997957981476e-05,0.9981484479413846,4,4
0.10071493844579524,0.8331656139389387,0.000633499237815349,0.020555178138062312,0.044930770239388296,1,1
0.0005250443505405187,0.0008122627498298946,6.582548766612089e-05,9.353906854080357e-05,0.9985033283434227,4,4
0.0005288982108586699,0.0011275058488847663,0.0002158056767067607,3.298903048066785e-05,0.998094801233069,4,4
0.02678436519335549,0.003371707959290725,0.00018313501109387637,0.0001262334524595351,0.9695345583838003,4,4
0.0006644584899976425,0.0008866802702088039,6.57999636824662e-05,5.466943492595613e-05,0.9983283918411852,4,4
0.000631373814180485,0.0007792949108348441,6.579769590725682e-05,5.402963105033619e-05,0.9984695039480271,4,4
0.0004820721986903615,0.0015039053964833343,0.00015649618980964947,4.380629314647043e-05,0.9978137199218703,4,4
0.0004567504590243373,0.0011124554625094277,0.0001958812153453844,4.3798113924075695e-05,0.9981911147491969,4,4
0.0005690002564740755,0.0010332671741371939,0.00011688252020661102,3.2960458507059065e-05,0.9982478895906751,4,4
0.05354864293979224,0.3789249844491485,0.0011341550969217896,0.004822173082646817,0.5615700444314906,4,4
0.0005115296397488896,0.0008106174270029286,6.583054690802033e-05,3.293477456249413e-05,0.9985790876117777,4,4
0.001051246889876488,0.0017896330287293014,0.00012781542720902289,0.00020832295950902824,0.9968229816946761,4,4
0.0006670921787616458,0.0008566845036700176,6.544196729884513e-05,5.427227741590092e-05,0.9983565090728534,4,4
0.09626840437296914,0.7385279578185945,0.0012410458063721464,0.0005074530859455798,0.1634551389161186,1,1
0.0036678262448172024,0.022739882636404148,9.131998900198787e-05,3.7672285748574645e-05,0.9734632988440282,4,4
0.004597968868177915,0.002721303345430604,6.587789975984735e-05,3.305752000666833e-05,0.992581792366625,4,4
0.00351613304018206,0.004169502524238389,0.0030639060599678162,0.0002876325506522059,0.9889628258249594,4,4
0.0005553130012860514,0.001173101146023709,0.0007661203734145271,3.757896179393081e-05,0.9974678865174819,4,4
0.0005481717855842921,0.0012541047215987946,0.00014563766423604055,3.263099855208063e-05,0.9980194548300287,4,4
0.6786937065823524,0.0901280442822657,0.04735524985432031,0.00694490243562219,0.1768780968454393,0,0
0.051188890112177615,0.8031220224334098,0.0025293296323368247,0.00040590608752181026,0.14275385173455393,4,1
0.7493117156153966,0.09339317107310452,0.0012893767926325933,0.0011685368672551153,0.15483719965161136,1,0
0.000790567477777954,0.0006956211488797496,6.545988522095094e-05,3.273777442629713e-05,0.998415613713695,4,4
0.000638030505737551,0.000752679850016296,6.560512520799379e-05,3.2877057258267826e-05,0.99851080746178,4,4
0.08213188043510834,0.7556072393177546,0.0012662853345998227,0.0007661113687235381,0.1602284835438137,1,1
0.05977578925503259,0.8683169906663684,0.0009587514515017021,0.0013349581645982413,0.06961351046249922,1,1
0.07065042594837431,0.5390873570322094,0.005706842498989391,0.0020347090361604583,0.3825206654842664,4,1
0.0005195023287484514,0.0008991662102309011,0.00010518699095882875,3.493743968817034e-05,0.9984412070303735,4,4
0.0004429908590031974,0.0010745031434136782,6.581692104656135e-05,4.3307330490179105e-05,0.9983733817460464,4,4
0.0005102025011444819,0.0008999814452718068,6.582396345103389e-05,4.3784484458164814e-05,0.9984802076056745,4,4
0.0004430629955858313,0.0009004790373279385,6.582763866672731e-05,5.4673570974742384e-05,0.9985359567574448,4,4
0.0006202062205245499,0.0006698630072890187,6.581860241536079e-05,3.2930260092704296e-05,0.9986111819096783,4,4
0.6444974883735493,0.1730311516465538,0.0014044662671977106,0.005740006236094911,0.17532688747660438,0,0
0.6276722804672427,0.3107553785169112,0.0011599150219444231,0.006766603117685684,0.05364582287621593,0,0
0.0015805953614409093,0.0017535373487174175,6.330342687677766e-05,3.178219440559655e-05,0.9965707816685593,4,4
0.14611778013993193,0.040301379883060456,0.0016894034428633162,0.0008260353703941787,0.8110654011637501,4,4
0.0006652920139594079,0.0009896958434701703,6.775518904863377e-05,3.303552834362248e-05,0.9982442214251781,4,4
0.07388894925354994,0.008556830071802196,0.0005418153610974319,0.0012255640852627298,0.9157868412282877,4,4
0.04172835619216749,0.9217870292293253,0.00443243005573364,0.0026961630299482298,0.029356021492825336,1,1
0.00044435240965081367,0.0009847487595209556,9.583761919482922e-05,9.718762331280708e-05,0.9983778735883206,4,4
0.0016787440417597704,0.0025460070375952193,0.00034807843970509637,6.72613944033459e-05,0.9953599090865365,4,4
0.19715272774119774,0.03329980660510391,0.0009357057905618923,0.0007382981326381659,0.7678734617304982,4,4
0.5630868170881955,0.04393643061312031,0.0008790291343311863,0.0005629045694221295,0.39153481859493083,1,0
0.02200984835204645,0.9412984109515552,0.00040073439525543876,0.0006343384661636768,0.035656667834979346,1,1
0.00041551336899565034,0.0007872598609026191,6.547845801716816e-05,3.285622613125912e-05,0.9986988920859533,4,4
0.05322221151427345,0.8598720264160952,0.006375488846292924,0.0009130635842628497,0.07961720963907558,1,1
0.002090192593090191,0.004824014788131629,0.0004173687827906467,3.9373229779219365e-05,0.9926290506062084,4,4
0.9031869058594262,0.06143265592924438,0.00113961614321567,0.0009692537102324601,0.03327156835788118,4,0
0.0005857967351673504,0.000843415629932229,6.582354730445459e-05,3.301357774670733e-05,0.9984719505098492,4,4
0.0012372241772301141,0.0012929189504855606,0.00028940940615542523,4.183147139823349e-05,0.9971386159947306,4,4
0.001935046349359937,0.002420751333959844,0.0005952243182589902,6.488057832558927e-05,0.9949840974200956,4,4
0.012232498103920143,0.0024526134005321996,9.032465685517175e-05,0.0002419895349765541,0.9849825743037159,4,4
0.6417429843736853,0.33545221182526874,0.000607709122767357,0.0010915931573370833,0.02110550152094162,0,0
0.0999238549903323,0.48586186856120356,0.3012084220311693,0.002805401068126582,0.11020045334916824,2,1
0.00476511529140544,0.001511976410113422,6.796698240422129e-05,7.793525636673952e-05,0.9935770060597101,4,4
0.000462783620951266,0.0006852046304697502,6.584195651903578e-05,3.302629294988838e-05,0.9987531434991102,4,4
0.007878720451993585,0.0030095194384162395,0.00010052986246208477,5.655148831987673e-05,0.9889546787588082,4,4
0.0006681722431704801,0.0010935519635936232,6.580151244003293e-05,3.282486927933882e-05,0.9981396494115166,4,4
0.10636201368290357,0.23433814002706235,0.001595169135982982,0.5981512319323108,0.05955344522174036,0,3
0.002586213957106939,0.00219337195933804,8.725305425359612e-05,0.0016151459162301826,0.9935180151130713,4,4
0.0008596868671567494,0.0007509740899135151,6.579708008989636e-05,3.8900485208876506e-05,0.998284641477631,4,4
0.11743519502130041,0.044628922519569715,0.0007930611059287305,0.0008035477074557971,0.8363392736457453,0,4
0.0026238472618535773,0.002155169913259102,0.0004863646423527817,0.00010550849907937424,0.9946291096834552,4,4
0.002301814681196786,0.1345634658146476,0.00044225663382457673,0.0001081198446821232,0.8625843430256489,4,4
0.0037283745689899415,0.35712206431904275,0.0017573454769908524,0.00017623627740857354,0.6372159793575678,4,4
0.0023757766614767293,0.010796354535133924,0.00019069080134750355,0.00029498961509073535,0.9863421883869512,4,4
0.0005070380249877927,0.0008593413825939604,6.582754704861953e-05,3.322603813864443e-05,0.9985345670072311,4,4
0.004863348538030832,0.9589713594217198,0.006826533808045803,0.001229751096911956,0.0281090071352914,1,1
0.0011435518883627293,0.002957706206589759,0.000329860654739458,9.46577472145318e-05,0.9954742235030936,4,4
0.0006891572394766322,0.0009947825187960411,9.220823494654979e-05,3.269975097566753e-05,0.998191152255805,4,4
0.8901586518666089,0.0757143530186295,0.0003459537417181485,0.0002607045295288615,0.03352033684351434,0,0
0.0005773815812045681,0.0010903850768032555,6.579354439825125e-05,3.5442443098800175e-05,0.9982309973544952,4,4
0.09689042747003099,0.5282915509561723,0.0016937622161211294,0.17898356202842436,0.1941406973292512,0,1
0.007753542991555281,0.014030397341689939,0.0006440353575232545,0.0020256653930528497,0.9755463589161787,4,4
0.0019226919885364131,0.002871997704070669,0.00012468672414778963,0.0008037022371441411,0.9942769213461011,4,4
0.7890360124169175,0.06594684266782097,0.0007618250597135793,0.001417664238669627,0.14283765561687833,0,0
0.8471792229170264,0.13395241912249234,0.00081663311776638,0.0009576690035925897,0.017094055839122588,0,0
0.0003959787443908932,0.0011472849063065775,0.00010609292589956888,3.27537119063169e-05,0.9983178897114966,4,4
0.0011686511413903458,0.005387960003270056,6.367851985712653e-05,3.1823009334410364e-05,0.993347887326148,4,4
0.0030761242599655833,0.0909024106929936,0.0001762781624102264,0.0001588596306912726,0.9056863272539394,4,4
0.0005916642855302583,0.00099536956292959,0.00042769406948126785,5.108506047771966e-05,0.9979341870215811,4,4
0.0006263946843015826,0.0006367240854629223,6.49658813673759e-05,3.272616239247091e-05,0.9986391891864757,4,4
0.000985600344023043,0.0033000949165867804,6.631215991775194e-05,4.639229883523606e-05,0.995601600280637,4,4
0.920030041152294,0.04505749276957634,0.0007197245600966957,0.0005026106933990885,0.033690130824633735,0,0
0.7991079405609695,0.10034324230565385,0.0013730356891347604,0.0010804450661978024,0.09809533637804418,0,0
0.03335046499713217,0.8959818806825425,0.0004405708504802386,0.0004994965063080882,0.06972758696353686,1,1
0.8479788386939808,0.09633951848428732,0.0009414186475018429,0.0006065257873744688,0.054133698386855555,0,0
0.009193233420030781,0.001198055740540797,6.622414828046233e-05,3.321947432519624e-05,0.9895092672168226,4,4
0.0005140074461195173,0.0009276617738944873,6.582259722063825e-05,3.3024853445625884e-05,0.9984594833293198,4,4
0.0006343798615846785,0.0009280106388384122,6.581463923611191e-05,3.302577588554966e-05,0.9983387690844553,4,4
0.17342936971741793,0.05051132683997454,0.001200132262202711,0.0007881258324328418,0.774071045347972,4,4
0.02453419074011001,0.005180507097492051,0.00014168890999025034,9.291200074566902e-05,0.9700507012516619,4,4
0.009950705105617874,0.019955254481816943,9.539859742412562e-05,5.764227738980711e-05,0.9699409995377513,4,4
0.0005442874458481021,0.0007838550344820026,6.501914228665447e-05,4.303494761217864e-05,0.998563803429771,4,4
0.0013523523168855803,0.004505552031197026,6.482430127882617e-05,4.271855597806154e-05,0.9940345527946605,4,4
0.001210127932803943,0.01620016073292529,7.569914896448283e-05,0.0005172585739900152,0.9819967536113163,4,4
0.0014021049793385878,0.0014495268014249672,6.36982813593171e-05,5.311289207241992e-05,0.9970315570458047,4,4
0.6976701646129938,0.2301619575765135,0.001471176228469169,0.0005793997963025363,0.07011730178572087,0,0
0.0012011668971780198,0.0014542564472451007,6.372571387097351e-05,3.196004067677236e-05,0.9972488909010291,4,4
0.0005504347559357036,0.0009441813692325357,6.581910603980797e-05,3.303897616854835e-05,0.9984065257926235,4,4
0.0012712981940552314,0.0069389614847425,6.150648742578943e-05,0.00011200595971865243,0.9916162278740579,4,4
0.0013001596550304946,0.004466088149337388,6.224640484552326e-05,5.170567071323899e-05,0.9941198001200734,4,4
0.0007310538733528794,0.0049033569865492895,7.317496361263301e-05,4.8206957780128034e-05,0.994244207218705,4,4
0.0014502840312398937,0.0041054164017714865,6.971898278766891e-05,5.2255104434223815e-05,0.9943223254797668,4,4
0.0004231080497893169,0.0008023586407562697,6.547697109508162e-05,3.284327517818821e-05,0.9986762130631812,4,4
0.0005952073091025912,0.0008436673870763589,6.580879494962057e-05,3.293516005237413e-05,0.9984623813488192,4,4
0.0005951366243099238,0.0009577989261776969,6.580097972128656e-05,3.7456112474654504e-05,0.9983438073573164,4,4
0.6036383468793013,0.06442708646664605,0.004899124446694065,0.003296448800057131,0.32373899340730145,3,0
0.0007607771633966502,0.0008436156849482372,6.573151278230908e-05,3.740301783430299e-05,0.9982924726210385,4,4
0.0007607806258267245,0.0008436195243909272,6.573181193793263e-05,3.285201297316691e-05,0.9982970160248713,4,4
0.025305072681924664,0.9526560015908749,0.0015338499567417686,0.0003907867192589457,0.020114289051199493,1,1
0.0006173822272905693,0.0008956534359603408,0.0001665532305847352,3.248936949844144e-05,0.9982879217366658,4,4
0.0004286296535608904,0.0009228996512762374,7.77296196423637e-05,3.295351332857754e-05,0.9985377875621919,4,4
0.0007164470686772134,0.0008054688785480096,6.581744601596198e-05,3.286603794600131e-05,0.9983794005688127,4,4
0.8052215057062619,0.1143698865357319,0.0018684930439494755,0.0070586998955494105,0.07148141481850728,1,0
0.8172823293169212,0.13900744050610492,0.0013547967336220179,0.004936227924184593,0.037419205519167255,1,0
0.015316329906483647,0.7676974634064666,0.0009255686387874375,0.0011409080796299872,0.21491972996863223,1,1
0.017164412084852077,0.7557293866695003,0.001254908498387039,0.0016874449678574621,0.22416384777940326,1,1
0.5337494990745265,0.274359020776438,0.0028563540876365683,0.0034316763757104513,0.18560344968568843,4,0
0.0005415357591493477,0.0008091510006547517,6.560590449103526e-05,5.90944872822635e-05,0.9985246128484226,4,4
0.0013082982987495373,0.0014045611353104203,6.645011719442229e-05,3.329617626424314e-05,0.9971873942724814,4,4
0.2742393426849201,0.448949172016636,0.0036447062029159867,0.0075573054618239596,0.26560947363370385,0,1
0.002056110841236918,0.006448378792947987,7.839998186006533e-05,3.9366347459538174e-05,0.9913777440364954,4,4
0.0006840546467745616,0.0008816892092871157,0.0002908118716273275,3.277427774706209e-05,0.9981106699945639,4,4
0.0014746596526937423,0.0013711350845015922,6.0998646332586635e-05,4.27155394428503e-05,0.9970504910770293,4,4
0.6908151511182927,0.20953879077932444,0.007825778619209616,0.0024930065475859816,0.08932727293558726,0,0
0.07978542456727208,0.24986551597425538,0.01948766072748147,0.003567253832018794,0.6472941448989723,1,4
0.0006549800823484075,0.0010026610118195108,0.0012088473703598366,3.701814169324237e-05,0.997096493393779,4,4
0.00043011788300218487,0.001230402199144751,6.58083003844976e-05,3.300037669789378e-05,0.9982406712407706,4,4
0.0005584205760693103,0.0012340044569665828,0.00020470939611831504,4.358787055849286e-05,0.9979592777002873,4,4
0.029397962445050222,0.8384590096535782,0.03762347023535207,0.0011279205728105877,0.0933916370932089,4,1
0.05269034196221655,0.8109315767022816,0.07256176168702005,0.0024137782397860384,0.06140254140869563,0,1
0.09010314129652416,0.8254756930521109,0.007625346704909812,0.0014572908283105547,0.07533852811814462,4,1
0.0016611518356070645,0.16162001599955064,0.0012851071253730773,6.234107843957724e-05,0.8353713839610296,4,4
0.020631744682153817,0.9008702542616313,0.00256302492968812,0.00046187666574499923,0.07547309946078175,1,1
0.0030204225728757833,0.0013170714906402127,0.00043079826373326003,6.303777000074193e-05,0.99516866990275,4,4
0.00858039171851941,0.965354793774516,0.0017701991276480012,0.000184913167457034,0.02410970221185943,1,1
0.6276787083106606,0.08647104943618866,0.0007678092117431517,0.0005965064154835397,0.2844859266259241,4,0
0.013446623158122067,0.005112518369313174,8.117307484659599e-05,4.058817766480773e-05,0.9813190972200534,4,4
0.0011831023540835113,0.0022515595762950423,0.0003505358038728296,6.899448441924895e-05,0.9961458077813293,4,4
0.0006487801061338292,0.001379920567203968,0.00013126522365302032,3.251187421635797e-05,0.9978075222287928,4,4
0.00353170798468668,0.9806314186823077,0.000727411729046979,0.00019796202974824677,0.01491149957421051,1,1
0.23719552257093204,0.1848091720192959,0.2787485638915089,0.003054307663774839,0.2961924338544883,2,4
0.010707768133050988,0.9490482059503823,0.008255090296631958,0.00019188986710730115,0.03179704575282759,1,1
0.01010833906192561,0.9549436775874133,0.00039455333215871873,0.0006809630210461779,0.03387246699745611,1,1
0.011539972259443945,0.9606347342310038,0.0003534697964013332,0.0013253550981715881,0.026146468614979382,1,1
0.3024738634946299,0.06361644192192706,0.41435253641218034,0.0006006739993569956,0.21895648417190572,0,2
0.023573944744531682,0.6972590839769677,0.24133916863020885,0.0004182928640552096,0.037409509784236517,1,1
0.009444816973797518,0.9688782079749128,0.006083337488376235,0.0002681786820426504,0.015325458880870755,1,1
0.015258446272155382,0.964367707359511,0.006308430496660655,0.00037035434433250564,0.013695061527340284,1,1
0.038738714865860016,0.8538408565268788,0.04377766526357979,0.0032648678865369266,0.060377895457144566,1,1
0.20838206936115944,0.08199697806949185,0.31591741321502564,0.005880401351140329,0.3878231380031828,2,4
0.4202801620986393,0.08317548785387971,0.021508690461694766,0.0008494895797693891,0.47418617000601676,0,4
0.09686064912771652,0.8078864382878908,0.007932006547913246,0.0013260604495892898,0.08599484558689001,1,1
0.002564173709648311,0.7380006856556858,0.007611558340092575,0.00019337310388136515,0.25163020919069184,1,1
0.9317307176077568,0.03826424951441833,0.0011631335033042125,0.0011485180312158412,0.02769338134330468,0,0
0.13674071246547626,0.6939051136488386,0.033149556573129645,0.034059589330987995,0.1021450279815675,1,1
0.07078868406134557,0.1769906580081149,0.0028993529467042215,0.0005650218861676833,0.7487562830976677,0,4
