prob_class_1,prob_class_2,prob_class_3,prob_class_4,prob_class_5,true_label,pred_label
0.0,0.06666666666666667,0.0,0.0,0.9333333333333333,5,5
0.016666666666666666,0.0,0.0,0.0,0.9833333333333333,5,5
0.6333333333333333,0.18333333333333332,0.0,0.0,0.18333333333333332,1,1
0.5,0.18333333333333332,0.0,0.05,0.26666666666666666,1,1
0.3,0.3,0.0,0.06666666666666667,0.3333333333333333,2,5
0.0,0.016666666666666666,0.0,0.0,0.9833333333333333,5,5
0.0,0.0,0.0,0.0,1.0,5,5
0.07333333333333333,0.11666666666666667,0.0,0.0,0.81,5,5
0.0,0.11666666666666667,0.0,0.0,0.8833333333333333,5,5
0.06666666666666667,0.1,0.0,0.0,0.8333333333333334,5,5
0.03333333333333333,0.03333333333333333,0.0,0.0,0.9333333333333333,5,5
0.0,0.08333333333333333,0.0,0.0,0.9166666666666666,5,5
0.0,0.1,0.0,0.0,0.9,5,5
0.4,0.25,0.0,0.016666666666666666,0.3333333333333333,1,1
0.18333333333333332,0.11666666666666667,0.0,0.0,0.7,5,5
0.21666666666666667,0.48333333333333334,0.0,0.0,0.3,2,2
0.13333333333333333,0.03333333333333333,0.0,0.016666666666666666,0.8166666666666667,5,5
0.016666666666666666,0.03333333333333333,0.016666666666666666,0.0,0.9333333333333333,5,5
0.36666666666666664,0.2833333333333333,0.0,0.03333333333333333,0.31666666666666665,2,1
0.03333333333333333,0.05,0.0,0.0,0.9166666666666666,5,5
0.31666666666666665,0.2,0.0,0.0,0.48333333333333334,2,5
0.016666666666666666,0.21666666666666667,0.05,0.0,0.7166666666666667,5,5
0.06666666666666667,0.48333333333333334,0.05,0.05,0.35,2,2
0.1,0.06666666666666667,0.0,0.0,0.8333333333333334,5,5
0.05,0.0,0.0,0.0,0.95,5,5
0.3333333333333333,0.03333333333333333,0.0,0.0,0.6333333333333333,5,5
0.0,0.11666666666666667,0.016666666666666666,0.0,0.8666666666666667,5,5
0.06666666666666667,0.43333333333333335,0.03333333333333333,0.016666666666666666,0.45,4,5
0.016666666666666666,0.16666666666666666,0.016666666666666666,0.0,0.8,5,5
0.06666666666666667,0.38333333333333336,0.03333333333333333,0.0,0.5166666666666667,2,5
0.0,0.21666666666666667,0.0,0.0,0.7833333333333333,5,5
0.03333333333333333,0.08333333333333333,0.13333333333333333,0.0,0.75,5,5
0.05,0.03333333333333333,0.11666666666666667,0.0,0.8,5,5
0.48333333333333334,0.3,0.0,0.08333333333333333,0.13333333333333333,1,1
0.31666666666666665,0.3,0.0,0.03333333333333333,0.35,1,5
0.23333333333333334,0.13333333333333333,0.1,0.0,0.5333333333333333,1,5
0.125,0.45416666666666666,0.2375,0.0,0.18333333333333332,2,2
0.03333333333333333,0.016666666666666666,0.06666666666666667,0.0,0.8833333333333333,5,5
0.0,0.06666666666666667,0.08333333333333333,0.016666666666666666,0.8333333333333334,5,5
0.0,0.03333333333333333,0.0,0.0,0.9666666666666667,5,5
0.016666666666666666,0.0,0.0,0.0,0.9833333333333333,5,5
0.0,0.06666666666666667,0.0,0.0,0.9333333333333333,5,5
0.05,0.05,0.05,0.0,0.85,5,5
0.23333333333333334,0.5333333333333333,0.0,0.016666666666666666,0.21666666666666667,2,2
0.0,0.05,0.0,0.0,0.95,5,5
0.0,0.06666666666666667,0.0,0.0,0.9333333333333333,5,5
0.6833333333333333,0.1,0.0,0.0,0.21666666666666667,1,1
0.11666666666666667,0.03333333333333333,0.0,0.016666666666666666,0.8333333333333334,5,5
0.5566666666666666,0.05,0.0,0.05,0.3433333333333334,1,1
0.0,0.1,0.0,0.0,0.9,5,5
0.15,0.03333333333333333,0.0,0.0,0.8166666666666667,5,5
0.18333333333333332,0.016666666666666666,0.0,0.0,0.8,5,5
0.016666666666666666,0.05,0.0,0.0,0.9333333333333333,5,5
0.13333333333333333,0.4666666666666667,0.016666666666666666,0.016666666666666666,0.36666666666666664,2,2
0.43333333333333335,0.2,0.03333333333333333,0.0,0.3333333333333333,2,1
0.0,0.016666666666666666,0.0,0.0,0.9833333333333333,5,5
0.6,0.11666666666666667,0.0,0.03333333333333333,0.25,1,1
0.44,0.2033333333333333,0.0,0.016666666666666666,0.33999999999999997,1,1
0.35,0.23333333333333334,0.016666666666666666,0.0,0.4,1,5
0.4,0.3,0.0,0.0,0.3,1,1
0.03333333333333333,0.0,0.0,0.0,0.9666666666666667,5,5
0.0,0.0,0.0,0.0,1.0,5,5
0.13333333333333333,0.5166666666666667,0.08333333333333333,0.03333333333333333,0.23333333333333334,1,2
0.0,0.13333333333333333,0.0,0.0,0.8666666666666667,5,5
0.03333333333333333,0.1,0.0,0.0,0.8666666666666667,5,5
0.016666666666666666,0.1,0.0,0.0,0.8833333333333333,5,5
0.21666666666666667,0.45,0.0,0.0,0.3333333333333333,2,2
0.03333333333333333,0.1,0.0,0.0,0.8666666666666667,5,5
0.1,0.3,0.18333333333333332,0.03333333333333333,0.38333333333333336,2,5
0.016666666666666666,0.016666666666666666,0.0,0.0,0.9666666666666667,5,5
0.0,0.16666666666666666,0.0,0.0,0.8333333333333334,5,5
0.15,0.05,0.0,0.0,0.8,5,5
0.43333333333333335,0.21666666666666667,0.13333333333333333,0.016666666666666666,0.2,1,1
0.15,0.03333333333333333,0.0,0.0,0.8166666666666667,5,5
0.26666666666666666,0.31666666666666665,0.0,0.0,0.4166666666666667,2,5
0.16666666666666666,0.0,0.0,0.0,0.8333333333333334,5,5
0.016666666666666666,0.11666666666666667,0.0,0.0,0.8666666666666667,5,5
0.08333333333333333,0.4666666666666667,0.06666666666666667,0.016666666666666666,0.36666666666666664,2,2
0.016666666666666666,0.03333333333333333,0.0,0.0,0.95,5,5
0.21666666666666667,0.5333333333333333,0.0,0.016666666666666666,0.23333333333333334,2,2
0.016666666666666666,0.03333333333333333,0.0,0.0,0.95,5,5
0.0,0.13333333333333333,0.0,0.0,0.8666666666666667,5,5
0.0,0.016666666666666666,0.0,0.016666666666666666,0.9666666666666667,5,5
0.03333333333333333,0.0,0.0,0.0,0.9666666666666667,5,5
0.016666666666666666,0.03333333333333333,0.0,0.0,0.95,5,5
0.0,0.06666666666666667,0.0,0.0,0.9333333333333333,5,5
0.23333333333333334,0.05,0.016666666666666666,0.0,0.7,5,5
0.13333333333333333,0.016666666666666666,0.0,0.0,0.85,5,5
0.016666666666666666,0.11666666666666667,0.0,0.0,0.8666666666666667,5,5
0.016666666666666666,0.13333333333333333,0.016666666666666666,0.0,0.8333333333333334,5,5
0.1,0.5166666666666667,0.11666666666666667,0.0,0.26666666666666666,2,2
0.0,0.05,0.0,0.0,0.95,5,5
0.05,0.016666666666666666,0.0,0.0,0.9333333333333333,5,5
0.18333333333333332,0.6833333333333333,0.0,0.05,0.08333333333333333,2,2
0.016666666666666666,0.1,0.0,0.0,0.8833333333333333,5,5
0.016666666666666666,0.03333333333333333,0.0,0.0,0.95,5,5
0.0,0.06666666666666667,0.0,0.0,0.9333333333333333,5,5
0.0,0.0,0.0,0.0,1.0,5,5
0.06666666666666667,0.016666666666666666,0.0,0.0,0.9166666666666666,5,5
0.05,0.0,0.0,0.0,0.95,5,5
0.03333333333333333,0.016666666666666666,0.0,0.0,0.95,5,5
0.016666666666666666,0.05,0.0,0.0,0.9333333333333333,5,5
0.03333333333333333,0.08333333333333333,0.0,0.0,0.8833333333333333,5,5
0.3,0.35,0.0,0.016666666666666666,0.3333333333333333,5,2
0.03333333333333333,0.0,0.0,0.016666666666666666,0.95,5,5
0.0,0.0,0.0,0.0,1.0,5,5
0.0,0.13333333333333333,0.0,0.0,0.8666666666666667,5,5
0.0,0.06666666666666667,0.0,0.0,0.9333333333333333,5,5
0.0,0.08333333333333333,0.0,0.0,0.9166666666666666,5,5
0.11666666666666667,0.6666666666666666,0.0,0.0,0.21666666666666667,2,2
0.05,0.36666666666666664,0.0,0.0,0.5833333333333334,5,5
0.0,0.06666666666666667,0.0,0.0,0.9333333333333333,5,5
0.0,0.08333333333333333,0.0,0.0,0.9166666666666666,5,5
0.016666666666666666,0.016666666666666666,0.0,0.03333333333333333,0.9333333333333333,5,5
0.23333333333333334,0.36666666666666664,0.0,0.03333333333333333,0.36666666666666664,2,2
0.0,0.016666666666666666,0.0,0.0,0.9833333333333333,5,5
0.03333333333333333,0.0,0.0,0.016666666666666666,0.95,5,5
0.016666666666666666,0.03333333333333333,0.0,0.0,0.95,5,5
0.0,0.0,0.0,0.0,1.0,5,5
0.21666666666666667,0.3,0.0,0.03333333333333333,0.45,1,5
0.016666666666666666,0.03333333333333333,0.0,0.0,0.95,5,5
0.11666666666666667,0.4666666666666667,0.0,0.016666666666666666,0.4,2,2
0.3333333333333333,0.21666666666666667,0.0,0.21666666666666667,0.23333333333333334,4,1
0.0,0.016666666666666666,0.0,0.03333333333333333,0.95,5,5
0.11666666666666667,0.5833333333333334,0.0,0.016666666666666666,0.2833333333333333,5,2
0.03333333333333333,0.03333333333333333,0.0,0.0,0.9333333333333333,5,5
0.17333333333333334,0.016666666666666666,0.0,0.0,0.81,5,5
0.0,0.0,0.0,0.0,1.0,5,5
0.0,0.016666666666666666,0.0,0.0,0.9833333333333333,5,5
0.21666666666666667,0.26666666666666666,0.0,0.0,0.5166666666666667,5,5
0.016666666666666666,0.03333333333333333,0.0,0.0,0.95,5,5
0.08333333333333333,0.03333333333333333,0.0,0.0,0.8833333333333333,5,5
0.11666666666666667,0.6166666666666667,0.0,0.016666666666666666,0.25,2,2
0.0,0.26666666666666666,0.0,0.0,0.7333333333333333,5,5
0.11666666666666667,0.16666666666666666,0.0,0.0,0.7166666666666667,5,5
0.03333333333333333,0.15,0.0,0.0,0.8166666666666667,5,5
0.0,0.11666666666666667,0.0,0.0,0.8833333333333333,5,5
0.35,0.25,0.0,0.0,0.4,1,5
0.11666666666666667,0.016666666666666666,0.0,0.0,0.8666666666666667,5,5
0.05,0.21666666666666667,0.3333333333333333,0.0,0.4,3,5
0.016666666666666666,0.03333333333333333,0.016666666666666666,0.0,0.9333333333333333,5,5
0.1,0.05,0.016666666666666666,0.0,0.8333333333333334,5,5
0.016666666666666666,0.18333333333333332,0.0,0.0,0.8,5,5
0.13333333333333333,0.4,0.0,0.0,0.4666666666666667,1,5
0.05,0.03333333333333333,0.0,0.0,0.9166666666666666,5,5
0.36666666666666664,0.2,0.0,0.016666666666666666,0.4166666666666667,2,5
0.23333333333333334,0.38333333333333336,0.0,0.03333333333333333,0.35,2,2
0.016666666666666666,0.2833333333333333,0.06666666666666667,0.03333333333333333,0.6,2,5
0.08333333333333333,0.08333333333333333,0.016666666666666666,0.0,0.8166666666666667,5,5
0.0,0.6333333333333333,0.016666666666666666,0.016666666666666666,0.3333333333333333,5,2
0.06666666666666667,0.55,0.016666666666666666,0.0,0.36666666666666664,3,2
0.125,0.6375,0.07083333333333333,0.0,0.16666666666666666,2,2
0.03333333333333333,0.6,0.05,0.0,0.31666666666666665,2,2
0.0,0.6666666666666666,0.03333333333333333,0.0,0.3,2,2
0.1,0.6333333333333333,0.05,0.016666666666666666,0.2,1,2
0.03333333333333333,0.6666666666666666,0.0,0.0,0.3,2,2
0.06666666666666667,0.6,0.06666666666666667,0.0,0.26666666666666666,1,2
0.03333333333333333,0.7333333333333333,0.0,0.0,0.23333333333333334,2,2
0.1,0.2,0.21666666666666667,0.016666666666666666,0.4666666666666667,1,5
0.06666666666666667,0.31666666666666665,0.06666666666666667,0.11666666666666667,0.43333333333333335,5,5
0.03333333333333333,0.1,0.03333333333333333,0.0,0.8333333333333334,5,5
0.08333333333333333,0.7,0.06666666666666667,0.0,0.15,2,2
0.03333333333333333,0.6666666666666666,0.05,0.0,0.25,2,2
0.0,0.13333333333333333,0.06666666666666667,0.0,0.8,5,5
0.016666666666666666,0.7,0.016666666666666666,0.0,0.26666666666666666,2,2
0.08333333333333333,0.65,0.0,0.0,0.26666666666666666,2,2
0.03333333333333333,0.7166666666666667,0.016666666666666666,0.0,0.23333333333333334,2,2
0.6,0.05,0.0,0.0,0.35,1,1
0.05,0.5166666666666667,0.0,0.0,0.43333333333333335,2,2
0.18333333333333332,0.15,0.016666666666666666,0.0,0.65,1,5
0.4666666666666667,0.2,0.016666666666666666,0.0,0.31666666666666665,5,1
0.03333333333333333,0.7666666666666667,0.11666666666666667,0.016666666666666666,0.06666666666666667,2,2
0.26666666666666666,0.5833333333333334,0.03333333333333333,0.0,0.11666666666666667,5,2
0.02666666666666667,0.6006944444444444,0.08472222222222223,0.017777777777777778,0.2701388888888889,2,2
0.026984126984126985,0.27579365079365076,0.01111111111111111,0.005555555555555555,0.6805555555555555,5,5
0.018055555555555554,0.15839285714285714,0.10781746031746033,0.0,0.715734126984127,5,5
0.07666666666666666,0.1701984126984127,0.056984126984126984,0.005555555555555555,0.6905952380952382,5,5
0.3302777777777777,0.39952380952380956,0.008333333333333333,0.005555555555555555,0.2563095238095238,2,2
0.018333333333333333,0.11505411255411253,0.0,0.008333333333333333,0.8582792207792207,5,5
0.1605952380952381,0.0736111111111111,0.02333333333333333,0.0,0.7424603174603174,5,5
0.4242989417989419,0.2706216931216931,0.0,0.01944444444444444,0.28563492063492063,2,1
0.0125,0.010416666666666666,0.07333333333333333,0.01111111111111111,0.892638888888889,5,5
0.03888888888888888,0.06583333333333334,0.0,0.02777777777777778,0.8674999999999999,5,5
0.2875,0.2812698412698413,0.01111111111111111,0.0,0.4201190476190477,1,5
0.05138888888888889,0.03305555555555555,0.0,0.0,0.9155555555555556,5,5
0.11115079365079365,0.08964285714285715,0.016666666666666666,0.0,0.7825396825396826,5,5
0.04722222222222223,0.01875,0.0,0.008333333333333333,0.9256944444444445,5,5
0.10702380952380951,0.42047619047619045,0.01738095238095238,0.013888888888888888,0.4412301587301587,5,5
0.4521560846560847,0.2846031746031746,0.0,0.029166666666666667,0.2340740740740741,1,1
0.09652777777777778,0.02986111111111111,0.0,0.0,0.8736111111111111,5,5
0.30230158730158724,0.38865079365079375,0.016666666666666666,0.0,0.29238095238095235,1,2
0.07361111111111111,0.043055555555555555,0.01111111111111111,0.0,0.8722222222222222,5,5
0.05111111111111111,0.041666666666666664,0.0,0.0,0.9072222222222222,5,5
0.11944444444444445,0.035694444444444445,0.0,0.0,0.8448611111111112,5,5
0.085,0.008333333333333333,0.0,0.0,0.9066666666666667,5,5
0.13279761904761905,0.558287037037037,0.059107142857142844,0.0,0.2498082010582011,2,2
0.007037037037037037,0.05824074074074074,0.02,0.0,0.9147222222222222,5,5
0.008333333333333333,0.08944444444444445,0.0033333333333333335,0.0,0.898888888888889,5,5
0.0,0.14277777777777778,0.0,0.005555555555555555,0.8516666666666666,5,5
0.3543055555555555,0.24819444444444444,0.158015873015873,0.022500000000000003,0.21698412698412697,3,1
0.3940277777777778,0.29440476190476184,0.0,0.0,0.31156746031746035,1,1
0.3011507936507936,0.30027777777777775,0.17857142857142855,0.004166666666666667,0.21583333333333332,2,1
0.04759259259259259,0.0125,0.0,0.0,0.9399074074074075,5,5
0.015277777777777777,0.01944444444444444,0.024365079365079364,0.0,0.9409126984126984,5,5
0.030000000000000002,0.07777777777777777,0.020833333333333332,0.0,0.8713888888888888,5,5
0.03888888888888888,0.6711111111111111,0.07333333333333333,0.025555555555555554,0.19111111111111115,2,2
0.026111111111111106,0.041944444444444444,0.01111111111111111,0.0,0.9208333333333333,5,5
0.14138888888888887,0.02972222222222222,0.02,0.008333333333333333,0.8005555555555556,5,5
0.08722222222222223,0.12537037037037038,0.016666666666666666,0.0,0.7707407407407408,5,5
0.18458333333333332,0.2914219576719577,0.02333333333333333,0.008333333333333333,0.4923280423280423,5,5
0.10203703703703702,0.01574074074074074,0.005555555555555555,0.0,0.8766666666666667,5,5
0.04083333333333334,0.14638888888888887,0.01,0.004166666666666667,0.7986111111111113,5,5
0.031746031746031744,0.08293650793650793,0.0,0.0,0.8853174603174604,5,5
0.016666666666666666,0.058333333333333334,0.0,0.0,0.925,5,5
0.005555555555555555,0.041666666666666664,0.0,0.0,0.9527777777777777,5,5
0.030833333333333334,0.09574074074074074,0.0,0.0,0.8734259259259259,5,5
0.18228174603174604,0.447037037037037,0.07168650793650794,0.027777777777777776,0.2712169312169312,2,2
0.04092592592592592,0.582962962962963,0.030555555555555555,0.008333333333333333,0.3372222222222222,2,2
0.3883730158730159,0.33063492063492067,0.011666666666666665,0.02103174603174603,0.2482936507936508,1,1
0.03666666666666667,0.023611111111111107,0.014444444444444446,0.0,0.9252777777777778,5,5
0.0175,0.0,0.0,0.0,0.9825,5,5
0.004166666666666667,0.09361111111111112,0.0,0.0,0.9022222222222223,5,5
0.0,0.07527777777777778,0.0,0.0,0.9247222222222222,5,5
0.37369047619047624,0.05555555555555556,0.0,0.005555555555555555,0.5651984126984128,5,5
0.048888888888888885,0.011666666666666665,0.0,0.008333333333333333,0.931111111111111,5,5
0.013333333333333334,0.1719246031746032,0.0,0.0,0.8147420634920636,5,5
0.021428571428571425,0.2039484126984127,0.009027777777777777,0.01111111111111111,0.7544841269841268,5,5
0.005555555555555555,0.05238095238095238,0.0,0.0,0.942063492063492,5,5
0.29510101010101014,0.37367965367965367,0.0,0.04444444444444444,0.2867748917748918,1,2
0.17797138047138045,0.1497643097643098,0.0,0.030555555555555555,0.6417087542087542,5,5
0.3742592592592592,0.36296296296296293,0.0,0.04444444444444444,0.21833333333333335,2,1
0.060555555555555564,0.02222222222222222,0.0,0.0,0.9172222222222224,5,5
0.04583333333333333,0.0375,0.0,0.0,0.9166666666666666,5,5
0.0037037037037037034,0.06296296296296297,0.13555555555555554,0.0,0.7977777777777778,5,5
0.015476190476190477,0.016666666666666666,0.0,0.0,0.9678571428571429,5,5
0.008333333333333333,0.013055555555555555,0.0,0.0,0.978611111111111,5,5
0.2817063492063492,0.5451851851851851,0.0,0.05509259259259259,0.11801587301587303,1,2
0.005555555555555555,0.005555555555555555,0.0,0.0,0.9888888888888889,5,5
0.38639730639730635,0.1921717171717172,0.0,0.03888888888888888,0.38254208754208746,1,1
0.007037037037037037,0.03962962962962962,0.0,0.0,0.9533333333333333,5,5
0.2166666666666667,0.24722222222222223,0.02638888888888889,0.02222222222222222,0.4875000000000001,1,5
0.2751984126984127,0.3358333333333333,0.005555555555555555,0.05722222222222222,0.32619047619047614,1,2
0.10726190476190477,0.06279761904761905,0.0,0.004166666666666667,0.8257738095238095,5,5
0.0813888888888889,0.12916666666666668,0.0,0.008333333333333333,0.781111111111111,5,5
0.0037037037037037034,0.12481481481481481,0.0,0.0,0.8714814814814814,5,5
0.0,0.10138888888888889,0.0,0.0,0.898611111111111,5,5
0.4606691919191919,0.16666666666666663,0.0,0.02222222222222222,0.35044191919191925,1,1
0.30084656084656086,0.5031216931216931,0.07,0.016666666666666666,0.10936507936507936,2,2
0.4636904761904762,0.15398629148629148,0.0,0.0,0.38232323232323234,1,1
0.057499999999999996,0.07444444444444445,0.0,0.0,0.8680555555555556,5,5
0.017129629629629627,0.0,0.0,0.0,0.9828703703703704,5,5
0.13462301587301587,0.08233225108225109,0.025,0.01111111111111111,0.7469336219336219,5,5
0.06865079365079364,0.06497113997113997,0.0,0.01944444444444444,0.846933621933622,5,5
0.4538888888888889,0.2230555555555556,0.008333333333333333,0.01111111111111111,0.3036111111111111,1,1
0.14349206349206348,0.019047619047619046,0.0,0.0,0.8374603174603175,5,5
0.3722685185185186,0.19025252525252523,0.12986111111111112,0.008333333333333333,0.29928451178451176,1,1
0.06041666666666667,0.03224206349206349,0.0,0.008333333333333333,0.8990079365079365,5,5
0.305450937950938,0.22819444444444445,0.008333333333333333,0.013055555555555555,0.44496572871572876,5,5
0.2562842712842713,0.19393518518518518,0.008333333333333333,0.06805555555555556,0.47339165464165467,2,5
0.13694444444444445,0.04583333333333333,0.025,0.0,0.7922222222222223,5,5
0.013888888888888888,0.0,0.0,0.0,0.9861111111111112,5,5
0.11944444444444446,0.4747222222222221,0.014814814814814814,0.0,0.3910185185185186,2,2
0.0,0.10305555555555555,0.0033333333333333335,0.0,0.8936111111111111,5,5
0.20583333333333334,0.5481746031746032,0.016666666666666666,0.0125,0.21682539682539684,1,2
0.0636111111111111,0.04567460317460317,0.0,0.0,0.8907142857142857,5,5
0.01369047619047619,0.043452380952380944,0.0,0.0,0.9428571428571428,5,5
0.2150793650793651,0.051111111111111114,0.0,0.008333333333333333,0.7254761904761904,5,5
0.13273809523809524,0.05071428571428571,0.0,0.0,0.8165476190476191,5,5
0.11361111111111111,0.04305555555555555,0.0,0.005555555555555555,0.8377777777777777,5,5
0.30898809523809523,0.4070833333333334,0.0,0.032023809523809524,0.2519047619047619,1,2
0.025,0.05555555555555556,0.0,0.0,0.9194444444444443,5,5
0.26686507936507936,0.5036111111111111,0.0,0.0501984126984127,0.1793253968253968,1,2
0.030833333333333334,0.035,0.0,0.0,0.9341666666666666,5,5
0.4913095238095238,0.3356349206349206,0.0,0.013055555555555553,0.16,1,1
0.44428571428571434,0.3494841269841269,0.004166666666666667,0.036944444444444446,0.1651190476190476,1,1
0.32670634920634917,0.4768650793650793,0.0,0.016666666666666666,0.17976190476190473,2,2
0.0,0.02666666666666667,0.0,0.0,0.9733333333333333,5,5
0.1409259259259259,0.5167592592592594,0.0,0.04944444444444444,0.2928703703703704,2,2
0.013333333333333334,0.06777777777777777,0.0,0.0,0.9188888888888889,5,5
0.13015873015873017,0.4990201465201464,0.0,0.012222222222222223,0.35859890109890113,2,2
0.17921957671957675,0.4416137566137566,0.0,0.0125,0.36666666666666675,2,2
0.1257010582010582,0.03194444444444444,0.0,0.0,0.8423544973544973,5,5
0.03333333333333333,0.06706349206349206,0.0,0.008333333333333333,0.8912698412698412,5,5
0.004166666666666667,0.018333333333333333,0.0,0.0,0.9774999999999999,5,5
0.005555555555555555,0.0407936507936508,0.0,0.0,0.9536507936507935,5,5
0.0,0.01944444444444444,0.0,0.0,0.9805555555555556,5,5
0.16940476190476192,0.6519841269841269,0.0,0.0125,0.16611111111111107,2,2
0.013888888888888888,0.019444444444444445,0.0,0.0,0.9666666666666667,5,5
0.6391203703703705,0.17166666666666666,0.0,0.01944444444444444,0.16976851851851854,4,1
0.025,0.0,0.0,0.0,0.975,5,5
0.030000000000000002,0.0,0.0,0.0,0.9700000000000001,5,5
0.05805555555555556,0.10326719576719576,0.0,0.0,0.8386772486772488,5,5
0.005555555555555555,0.013888888888888888,0.0,0.0,0.9805555555555556,5,5
0.03611111111111111,0.005555555555555555,0.0,0.0,0.9583333333333334,5,5
0.03333333333333333,0.03194444444444444,0.0,0.0,0.9347222222222222,5,5
0.020833333333333332,0.036309523809523805,0.0,0.0,0.9428571428571428,5,5
0.025,0.016666666666666666,0.0,0.05726190476190476,0.9010714285714286,5,5
0.07103174603174603,0.008333333333333333,0.0,0.0,0.9206349206349206,5,5
0.016666666666666666,0.03333333333333333,0.0,0.0,0.95,5,5
0.05430555555555556,0.1448611111111111,0.0,0.01583333333333333,0.785,5,5
0.013888888888888888,0.03194444444444444,0.0,0.0,0.9541666666666668,5,5
0.07083333333333333,0.0,0.0,0.0,0.9291666666666667,5,5
0.008333333333333333,0.01944444444444444,0.01111111111111111,0.0,0.961111111111111,5,5
0.2163888888888889,0.37523809523809526,0.0023809523809523807,0.14805555555555555,0.2579365079365079,4,2
0.23699074074074072,0.42166666666666663,0.0,0.07078703703703702,0.27055555555555555,5,2
0.047222222222222214,0.016666666666666666,0.0,0.0,0.9361111111111111,5,5
0.04555555555555556,0.02222222222222222,0.0,0.0,0.9322222222222223,5,5
0.018253968253968255,0.042222222222222223,0.0,0.0,0.9395238095238095,5,5
0.0375,0.21944444444444447,0.0,0.0,0.7430555555555556,5,5
0.015000000000000001,0.01888888888888889,0.0,0.0,0.9661111111111111,5,5
0.007500000000000001,0.03472222222222222,0.0,0.0,0.9577777777777777,5,5
0.008333333333333333,0.1565079365079365,0.008333333333333333,0.005555555555555555,0.8212698412698413,5,5
0.0,0.056666666666666664,0.008333333333333333,0.0,0.935,5,5
0.1338888888888889,0.5804365079365079,0.06964285714285713,0.019166666666666665,0.19686507936507938,2,2
0.09361111111111112,0.0625,0.014444444444444446,0.0,0.8294444444444445,5,5
0.006666666666666667,0.046527777777777786,0.01111111111111111,0.03777777777777778,0.8979166666666667,5,5
0.004166666666666667,0.03333333333333333,0.07797619047619048,0.0,0.8845238095238095,5,5
0.08738095238095238,0.4841666666666667,0.023611111111111107,0.0,0.40484126984126984,2,2
0.48049603174603167,0.18222222222222223,0.0,0.0,0.337281746031746,2,1
0.22584656084656085,0.0634920634920635,0.0,0.0,0.7106613756613757,5,5
0.01722222222222222,0.134021164021164,0.014166666666666666,0.008333333333333333,0.8262566137566137,5,5
0.04666666666666666,0.02333333333333333,0.0,0.0,0.9299999999999999,5,5
0.08555555555555557,0.4993055555555556,0.020833333333333332,0.0,0.3943055555555555,2,2
0.007539682539682539,0.25997354497354497,0.09924603174603175,0.0,0.6332407407407407,5,5
0.09571428571428571,0.4708333333333334,0.01888888888888889,0.0,0.4145634920634921,2,2
0.03194444444444444,0.19055555555555556,0.02222222222222222,0.0,0.7552777777777777,5,5
0.01875,0.19214285714285714,0.016666666666666666,0.0,0.7724404761904762,5,5
0.06174603174603175,0.7237193362193363,0.05207070707070707,0.0125,0.149963924963925,2,2
0.19863095238095238,0.4981349206349206,0.06811507936507936,0.0027777777777777775,0.23234126984126985,2,2
0.4383531746031746,0.29236111111111107,0.032539682539682535,0.023611111111111107,0.21313492063492065,3,1
0.12012566137566137,0.6705489417989418,0.03630952380952381,0.0,0.17301587301587304,2,2
0.06194444444444444,0.6064682539682541,0.02976190476190476,0.03944444444444444,0.26238095238095244,2,2
0.15564153439153441,0.6249933862433862,0.01865079365079365,0.013888888888888888,0.18682539682539678,2,2
0.006666666666666667,0.18305555555555558,0.005555555555555555,0.0,0.8047222222222222,5,5
0.13753968253968255,0.6903571428571429,0.0570436507936508,0.0,0.1150595238095238,3,2
0.09861111111111112,0.6628571428571429,0.01944444444444444,0.0,0.21908730158730155,2,2
0.02638888888888889,0.5621362433862435,0.007857142857142858,0.0,0.4036177248677249,2,2
0.24809523809523812,0.6736640211640211,0.0,0.0,0.07824074074074075,2,2
0.12666666666666668,0.6372222222222222,0.04444444444444444,0.005555555555555555,0.18611111111111117,2,2
0.053769841269841266,0.3560515873015873,0.00625,0.0,0.5839285714285715,2,5
0.22738095238095238,0.6426587301587302,0.013492063492063493,0.030555555555555555,0.0859126984126984,2,2
0.03666666666666666,0.7083333333333335,0.11055555555555555,0.0,0.14444444444444443,2,2
0.12879629629629627,0.7498653198653198,0.013888888888888888,0.0,0.10744949494949498,2,2
0.557638888888889,0.10855158730158729,0.019722222222222217,0.008333333333333333,0.30575396825396833,1,1
0.6679100529100529,0.13515873015873017,0.024490740740740743,0.0,0.17244047619047617,2,1
0.4688822751322752,0.21126984126984125,0.01851851851851852,0.0,0.3013293650793651,1,1
0.5239616402116403,0.18432539682539684,0.016666666666666666,0.0,0.2750462962962963,1,1
0.056984126984126984,0.1273809523809524,0.08638888888888889,0.0,0.7292460317460316,5,5
0.05138888888888889,0.2586111111111112,0.23480158730158726,0.004166666666666667,0.451031746031746,5,5
0.025,0.03611111111111111,0.0,0.0,0.9388888888888888,5,5
0.03615079365079365,0.10865079365079365,0.0,0.008888888888888889,0.8463095238095238,5,5
0.052976190476190475,0.07388888888888889,0.0,0.013888888888888888,0.8592460317460318,5,5
0.0125,0.02388888888888889,0.0,0.005555555555555555,0.9580555555555554,5,5
0.03805555555555555,0.0325,0.10222222222222223,0.0,0.8272222222222223,5,5
0.5255555555555556,0.22444444444444445,0.0,0.004166666666666667,0.24583333333333332,2,1
0.018055555555555554,0.03333333333333333,0.0,0.004166666666666667,0.9444444444444444,5,5
0.0190359477124183,0.01584967320261438,0.0,0.0,0.9651143790849674,5,5
0.04638888888888889,0.030555555555555555,0.0,0.0,0.9230555555555555,5,5
0.049999999999999996,0.08944444444444445,0.03305555555555555,0.005555555555555555,0.8219444444444445,5,5
0.06714285714285714,0.058888888888888886,0.035416666666666666,0.0,0.8385515873015873,5,5
0.03888888888888889,0.05138888888888889,0.0,0.0,0.9097222222222221,5,5
0.08194444444444444,0.006666666666666667,0.0,0.0125,0.898888888888889,5,5
0.09712301587301586,0.05337301587301587,0.0,0.0,0.8495039682539683,5,5
0.013888888888888888,0.008333333333333333,0.0,0.008333333333333333,0.9694444444444444,5,5
0.4657142857142859,0.2796825396825397,0.0,0.0125,0.2421031746031746,1,1
0.03888888888888888,0.10416666666666666,0.0,0.008333333333333333,0.8486111111111111,5,5
0.023611111111111107,0.07499999999999998,0.0,0.0,0.9013888888888888,5,5
0.03444444444444444,0.10277777777777779,0.023611111111111107,0.0,0.8391666666666667,5,5
0.05416666666666667,0.14388888888888887,0.016666666666666666,0.0,0.7852777777777779,5,5
0.06472222222222222,0.07472222222222222,0.0,0.015000000000000001,0.8455555555555556,5,5
0.29048340548340545,0.4068181818181819,0.0,0.014444444444444446,0.28825396825396815,2,2
0.03888888888888888,0.11753968253968256,0.0,0.0,0.8435714285714286,5,5
0.07555555555555556,0.004166666666666667,0.0,0.0,0.9202777777777779,5,5
0.05035714285714286,0.016865079365079364,0.0047619047619047615,0.0,0.928015873015873,5,5
0.11472222222222224,0.4832936507936508,0.03916666666666667,0.01111111111111111,0.3517063492063492,2,2
0.3116666666666667,0.5300396825396825,0.0,0.030555555555555555,0.12773809523809523,2,2
0.5248412698412699,0.13412698412698412,0.0,0.041666666666666664,0.29936507936507945,1,1
0.05564814814814815,0.22333333333333333,0.007638888888888889,0.0,0.7133796296296296,5,5
0.2033080808080808,0.288560606060606,0.1736868686868687,0.0,0.33444444444444443,3,5
0.09107142857142855,0.005555555555555555,0.0,0.006666666666666667,0.8967063492063491,5,5
0.07777777777777778,0.06448412698412699,0.0,0.0,0.8577380952380954,5,5
0.12111111111111113,0.2661111111111111,0.09083333333333334,0.011666666666666665,0.5102777777777777,1,5
0.18940476190476194,0.34218253968253964,0.0725,0.01111111111111111,0.3848015873015873,4,5
0.1001851851851852,0.041666666666666664,0.016666666666666666,0.0,0.8414814814814815,5,5
0.24295634920634918,0.3811111111111111,0.052936507936507934,0.033373015873015874,0.28962301587301587,3,2
0.11518518518518518,0.11638888888888888,0.0,0.016666666666666666,0.7517592592592592,5,5
0.04916666666666667,0.11805555555555555,0.01,0.0,0.8227777777777778,5,5
0.24611111111111106,0.345,0.0,0.0125,0.3963888888888889,1,5
0.22146825396825395,0.3905952380952381,0.0,0.008333333333333333,0.3796031746031746,2,2
0.14438492063492064,0.4404166666666666,0.016666666666666666,0.027777777777777776,0.3707539682539683,2,2
0.02722222222222222,0.09222222222222222,0.0,0.0,0.8805555555555554,5,5
0.005555555555555555,0.09166666666666666,0.01111111111111111,0.0,0.8916666666666667,5,5
0.055317460317460314,0.6257936507936507,0.05638888888888889,0.0,0.26249999999999996,2,2
0.05349206349206349,0.5633333333333334,0.13055555555555556,0.0,0.2526190476190476,2,2
0.14583333333333337,0.39419312169312176,0.07814814814814815,0.01865079365079365,0.3631746031746032,2,2
0.007142857142857143,0.10166666666666666,0.008333333333333333,0.0,0.8828571428571428,5,5
0.03444444444444444,0.7079166666666666,0.05982142857142858,0.005555555555555555,0.19226190476190474,2,2
0.005555555555555555,0.10555555555555556,0.02857142857142857,0.0,0.8603174603174604,5,5
0.019166666666666665,0.06333333333333332,0.0,0.0,0.9175000000000001,5,5
0.07638888888888888,0.08055555555555555,0.0,0.0,0.8430555555555556,5,5
0.008333333333333333,0.07761904761904762,0.0,0.0033333333333333335,0.9107142857142858,5,5
0.1063888888888889,0.6211111111111111,0.016666666666666666,0.005555555555555555,0.25027777777777777,2,2
0.20146825396825394,0.3883134920634922,0.05736111111111111,0.015277777777777777,0.33757936507936503,1,2
0.050555555555555555,0.03611111111111111,0.0,0.0,0.9133333333333334,5,5
0.07333333333333333,0.0,0.0,0.016666666666666666,0.9099999999999999,5,5
0.21662698412698408,0.03738095238095238,0.0,0.0,0.7459920634920636,5,5
0.018055555555555554,0.020833333333333332,0.042499999999999996,0.0,0.9186111111111112,5,5
0.005555555555555555,0.0125,0.059166666666666666,0.0,0.9227777777777778,5,5
0.11175925925925927,0.0,0.020833333333333332,0.0,0.8674074074074075,5,5
0.13054945054945055,0.0027777777777777775,0.0,0.0,0.8666727716727716,5,5
0.06964285714285715,0.018055555555555554,0.0,0.0,0.9123015873015873,5,5
0.05333333333333333,0.14388888888888884,0.0,0.008333333333333333,0.7944444444444443,5,5
0.0375,0.1602777777777778,0.016666666666666666,0.0,0.7855555555555555,5,5
0.026111111111111106,0.08944444444444444,0.0,0.0033333333333333335,0.8811111111111111,5,5
0.03444444444444445,0.026944444444444444,0.0,0.008333333333333333,0.9302777777777779,5,5
0.10944444444444446,0.014444444444444446,0.0,0.011666666666666665,0.8644444444444445,5,5
0.01111111111111111,0.1125,0.006666666666666667,0.008333333333333333,0.861388888888889,5,5
0.016203703703703703,0.10921296296296297,0.0125,0.0,0.8620833333333333,5,5
0.008333333333333333,0.10962962962962965,0.0,0.0,0.8820370370370371,5,5
0.07023809523809524,0.09481481481481481,0.0,0.0,0.8349470899470898,5,5
0.27428571428571424,0.43567460317460316,0.0,0.01111111111111111,0.2789285714285714,2,2
0.03333333333333333,0.17396825396825397,0.007142857142857143,0.0,0.7855555555555557,5,5
0.2559126984126984,0.3075,0.006666666666666667,0.0,0.4299206349206349,5,5
0.2921825396825397,0.21908730158730164,0.0,0.017777777777777778,0.470952380952381,5,5
0.00972222222222222,0.13458333333333336,0.034722222222222224,0.004166666666666667,0.8168055555555556,5,5
0.5151388888888889,0.15166666666666667,0.0,0.04027777777777777,0.29291666666666666,1,1
0.04583333333333333,0.07305555555555555,0.0,0.0,0.8811111111111111,5,5
0.06666666666666667,0.018055555555555554,0.0,0.0,0.9152777777777779,5,5
0.1261111111111111,0.02277777777777778,0.0125,0.0,0.8386111111111111,5,5
0.2371825396825397,0.4592063492063492,0.0661111111111111,0.027777777777777776,0.2097222222222222,1,2
0.007936507936507936,0.02412698412698413,0.0,0.0,0.9679365079365081,5,5
0.0862962962962963,0.0736111111111111,0.01111111111111111,0.0,0.8289814814814814,5,5
0.025,0.019166666666666665,0.0,0.027638888888888886,0.9281944444444444,5,5
0.05972222222222222,0.14333333333333334,0.0,0.0,0.7969444444444445,5,5
0.01111111111111111,0.10138888888888889,0.0,0.0,0.8875,5,5
0.33271164021164024,0.16503968253968254,0.01111111111111111,0.0,0.49113756613756615,5,5
0.3527116402116402,0.22265873015873014,0.0,0.05694444444444444,0.36768518518518517,1,5
0.21,0.35000000000000003,0.024444444444444446,0.005555555555555555,0.41000000000000003,2,5
0.047222222222222214,0.027777777777777776,0.0,0.005555555555555555,0.9194444444444444,5,5
0.18281746031746032,0.4727380952380953,0.08472222222222221,0.0,0.25972222222222224,2,2
0.01765873015873016,0.04444444444444444,0.020833333333333332,0.0,0.9170634920634921,5,5
0.476111111111111,0.27472222222222226,0.0,0.0373015873015873,0.2118650793650793,1,1
0.09775132275132276,0.046613756613756614,0.0,0.0,0.8556349206349206,5,5
0.04861111111111111,0.07,0.0,0.0,0.881388888888889,5,5
0.24845779220779224,0.43378968253968253,0.052023809523809514,0.0125,0.2532287157287157,1,2
0.0,0.016666666666666666,0.0,0.0,0.9833333333333332,5,5
0.22861111111111104,0.58,0.0,0.013055555555555553,0.17833333333333332,2,2
0.5826388888888889,0.1789285714285714,0.0,0.06027777777777778,0.17815476190476193,1,1
0.3156679894179894,0.40030423280423283,0.0,0.01111111111111111,0.27291666666666664,2,2
0.036944444444444446,0.0125,0.0,0.0,0.9505555555555556,5,5
0.03472222222222222,0.020833333333333332,0.0,0.0,0.9444444444444445,5,5
0.0023809523809523807,0.03785714285714285,0.00625,0.0,0.9535119047619047,5,5
0.08849206349206348,0.016666666666666666,0.0,0.01,0.8848412698412698,5,5
0.12200396825396825,0.042222222222222223,0.0,0.0,0.8357738095238094,5,5
0.02333333333333333,0.0023809523809523807,0.0,0.0,0.9742857142857144,5,5
0.3672222222222221,0.4327777777777779,0.0,0.021944444444444444,0.17805555555555555,2,2
0.1388888888888889,0.4182539682539683,0.0,0.02222222222222222,0.42063492063492064,2,5
0.020555555555555556,0.06722222222222222,0.0,0.0,0.9122222222222222,5,5
0.22138888888888886,0.6754166666666666,0.0,0.008888888888888889,0.09430555555555555,2,2
0.03333333333333333,0.08652777777777777,0.0,0.005555555555555555,0.8745833333333335,5,5
0.027777777777777776,0.05736111111111111,0.0,0.012222222222222223,0.9026388888888889,5,5
0.016666666666666666,0.12083333333333333,0.0,0.0,0.8624999999999999,5,5
0.025555555555555554,0.1175,0.0,0.0,0.8569444444444443,5,5
0.01111111111111111,0.027777777777777776,0.0,0.0,0.961111111111111,5,5
0.07194444444444444,0.019166666666666665,0.0,0.0,0.9088888888888889,5,5
0.20055555555555554,0.49232142857142863,0.0,0.04888888888888889,0.258234126984127,2,2
0.010714285714285713,0.14015873015873012,0.0,0.0,0.8491269841269842,5,5
0.013333333333333334,0.06083333333333333,0.0,0.0,0.9258333333333334,5,5
0.3290013227513227,0.21046296296296294,0.0,0.13974206349206347,0.3207936507936508,4,1
0.0027777777777777775,0.02666666666666667,0.0,0.042777777777777776,0.9277777777777777,5,5
0.0,0.042777777777777776,0.0,0.0,0.9572222222222223,5,5
0.008333333333333333,0.03305555555555555,0.0,0.0,0.9586111111111111,5,5
0.0,0.04666666666666666,0.0,0.0,0.9533333333333334,5,5
0.0,0.06111111111111111,0.0,0.0,0.9388888888888889,5,5
0.00972222222222222,0.03444444444444445,0.0,0.057499999999999996,0.8983333333333334,5,5
0.0,0.02277777777777778,0.0,0.0,0.9772222222222222,5,5
0.0,0.029166666666666667,0.0,0.0,0.9708333333333333,5,5
0.013571428571428571,0.08559523809523809,0.0,0.0,0.9008333333333333,5,5
0.24845238095238095,0.37238095238095237,0.0,0.011666666666666665,0.3675,2,2
0.024444444444444446,0.03666666666666667,0.0,0.0,0.9388888888888889,5,5
0.20583333333333334,0.49000000000000005,0.0,0.01944444444444444,0.28472222222222227,2,2
0.05666666666666667,0.6072222222222222,0.005555555555555555,0.005555555555555555,0.3249999999999999,2,2
0.0,0.08305555555555556,0.0,0.0,0.9169444444444445,5,5
0.03444444444444444,0.07416666666666666,0.0,0.005555555555555555,0.8858333333333335,5,5
0.03166666666666666,0.2544444444444444,0.011666666666666665,0.0,0.7022222222222222,5,5
0.004166666666666667,0.21261904761904762,0.0,0.0,0.7832142857142856,5,5
0.008333333333333333,0.21289682539682542,0.008333333333333333,0.0,0.7704365079365079,5,5
0.13996031746031745,0.4609920634920634,0.061388888888888896,0.013888888888888888,0.32376984126984126,2,2
0.01944444444444444,0.03277777777777778,0.0,0.0,0.9477777777777778,5,5
0.1292063492063492,0.4497420634920634,0.10680555555555557,0.01111111111111111,0.30313492063492065,1,2
0.05083333333333333,0.07708333333333334,0.04541666666666667,0.0,0.8266666666666667,5,5
0.01944444444444444,0.12206349206349205,0.008333333333333333,0.0,0.8501587301587302,5,5
0.022638888888888885,0.65625,0.05486111111111111,0.0,0.26625,2,2
0.016666666666666666,0.2468320105820106,0.09552910052910055,0.0,0.6409722222222222,5,5
0.056666666666666664,0.584642857142857,0.029444444444444443,0.0,0.3292460317460317,2,2
0.1738131313131313,0.4597979797979798,0.09,0.008333333333333333,0.26805555555555555,2,2
0.14654761904761904,0.4841666666666667,0.1063888888888889,0.010317460317460317,0.2525793650793651,2,2
0.013888888888888888,0.29178571428571426,0.020555555555555556,0.0,0.6737698412698413,5,5
0.35194444444444445,0.20706349206349206,0.0,0.0,0.4409920634920634,1,5
0.2530555555555556,0.07388888888888889,0.0,0.0,0.6730555555555555,5,5
0.11757275132275131,0.024166666666666666,0.0,0.08664021164021164,0.7716203703703702,5,5
0.010416666666666666,0.502063492063492,0.0,0.0,0.4875198412698413,5,2
0.45661033411033414,0.2701934176934177,0.15851370851370852,0.0,0.11468253968253969,3,1
0.5803008103008104,0.136760878010878,0.142521645021645,0.019166666666666665,0.12125,1,1
0.0967063492063492,0.7260978835978835,0.07469576719576719,0.0,0.1025,2,2
0.31547619047619047,0.5920238095238094,0.008333333333333333,0.0,0.08416666666666667,2,2
0.027976190476190477,0.7234126984126984,0.02333333333333333,0.0,0.22527777777777777,2,2
0.0,0.6768055555555555,0.005555555555555555,0.0,0.3176388888888889,2,2
0.4479166666666667,0.05003968253968254,0.0,0.016666666666666666,0.4853769841269841,1,5
0.6214484126984128,0.038968253968253964,0.0,0.02222222222222222,0.3173611111111111,1,1
0.11285714285714285,0.14670634920634923,0.365489417989418,0.005555555555555555,0.3693915343915345,1,5
0.2656547619047619,0.18472222222222223,0.02222222222222222,0.0,0.5274007936507936,5,5
0.2456547619047619,0.1633333333333333,0.05333333333333334,0.0,0.5376785714285715,1,5
0.07767094017094017,0.5599216524216524,0.023611111111111107,0.016666666666666666,0.32212962962962954,2,2
0.21402014652014648,0.5357020757020758,0.09444444444444443,0.0,0.15583333333333332,2,2
0.12560744810744812,0.596178266178266,0.03611111111111111,0.01,0.2321031746031746,1,2
0.4843765031265032,0.1241420153920154,0.009523809523809523,0.008333333333333333,0.3736243386243386,2,1
0.45914502164502174,0.1352994227994228,0.0,0.0,0.40555555555555556,1,1
0.17652777777777778,0.3111111111111111,0.03361111111111111,0.0,0.47874999999999995,2,5
0.1,0.0,0.0,0.0,0.9,5,5
0.0,0.05,0.1,0.0,0.85,5,5
0.0,0.0,0.05,0.0,0.95,5,5
0.15,0.6,0.0,0.05,0.2,2,2
0.1,0.25,0.25,0.0,0.4,3,5
0.05,0.15,0.15,0.05,0.6,5,5
0.0,0.1,0.0,0.0,0.9,5,5
0.25,0.05,0.1,0.0,0.6,2,5
0.1,0.35,0.2,0.05,0.3,1,2
0.0,0.25,0.0,0.0,0.75,5,5
0.1,0.0,0.0,0.0,0.9,5,5
0.2,0.35,0.0,0.0,0.45,5,5
0.0,0.05,0.0,0.0,0.95,5,5
0.15,0.0,0.0,0.0,0.85,5,5
0.05,0.15,0.0,0.0,0.8,5,5
0.05,0.15,0.0,0.0,0.8,5,5
0.25,0.25,0.0,0.0,0.5,2,5
0.5,0.2,0.0,0.1,0.2,1,1
0.05,0.0,0.0,0.0,0.95,5,5
0.15,0.0,0.0,0.0,0.85,5,5
0.15,0.05,0.0,0.0,0.8,5,5
0.3,0.1,0.15,0.0,0.45,3,5
0.05,0.1,0.0,0.05,0.8,5,5
0.55,0.15,0.0,0.05,0.25,1,1
0.1,0.4,0.1,0.0,0.4,2,2
0.5,0.25,0.0,0.0,0.25,1,1
0.15,0.0,0.0,0.0,0.85,5,5
0.25,0.0,0.0,0.0,0.75,5,5
0.1,0.75,0.0,0.0,0.15,1,2
0.0,0.2,0.0,0.0,0.8,5,5
0.0,0.2,0.05,0.0,0.75,5,5
0.0,0.25,0.0,0.0,0.75,5,5
0.0,0.05,0.1,0.0,0.85,5,5
0.1,0.05,0.0,0.0,0.85,5,5
0.0,0.05,0.1,0.0,0.85,5,5
0.0,0.15,0.1,0.0,0.75,5,5
0.05,0.0,0.0,0.0,0.95,5,5
0.05,0.2,0.05,0.15,0.55,3,5
0.05,0.05,0.0,0.0,0.9,5,5
0.3,0.15,0.0,0.1,0.45,5,5
0.2,0.05,0.0,0.2,0.55,5,5
0.1,0.1,0.0,0.0,0.8,5,5
0.05,0.25,0.0,0.0,0.7,1,5
0.0,0.1,0.0,0.0,0.9,5,5
0.0,0.15,0.0,0.0,0.85,5,5
0.2,0.05,0.0,0.0,0.75,5,5
0.0,0.05,0.0,0.0,0.95,5,5
0.2,0.05,0.0,0.0,0.75,5,5
0.0,0.05,0.05,0.0,0.9,5,5
0.35,0.35,0.0,0.0,0.3,1,1
0.0,0.0,0.0,0.0,1.0,5,5
0.05,0.0,0.0,0.0,0.95,5,5
0.05,0.2,0.0,0.0,0.75,5,5
0.35,0.2,0.0,0.0,0.45,1,5
0.0,0.15,0.0,0.0,0.85,5,5
0.05,0.0,0.0,0.0,0.95,5,5
0.5,0.0,0.0,0.0,0.5,1,1
0.4,0.35,0.0,0.0,0.25,1,1
0.4,0.15,0.0,0.05,0.4,1,1
0.15,0.45,0.0,0.0,0.4,2,2
0.05,0.05,0.0,0.0,0.9,5,5
0.5,0.15,0.0,0.0,0.35,5,1
0.0,0.0,0.0,0.0,1.0,5,5
0.25,0.2,0.0,0.2,0.35,5,5
0.0,0.2,0.0,0.0,0.8,5,5
0.1,0.45,0.0,0.0,0.45,2,2
0.1,0.5,0.0,0.0,0.4,2,2
0.05,0.0,0.0,0.0,0.95,5,5
0.25,0.5,0.0,0.0,0.25,2,2
0.1,0.64,0.0,0.0,0.26,2,2
0.0,0.0,0.0,0.0,1.0,5,5
0.0,0.3,0.0,0.0,0.7,5,5
0.15,0.65,0.0,0.05,0.15,2,2
0.0,0.0,0.0,0.0,1.0,5,5
0.0,0.0,0.0,0.0,1.0,5,5
0.0,0.2,0.0,0.0,0.8,5,5
0.3,0.4,0.0,0.0,0.3,2,2
0.05,0.0,0.0,0.0,0.95,5,5
0.05,0.0,0.05,0.0,0.9,5,5
0.4,0.35,0.0,0.0,0.25,1,1
0.05,0.15,0.0,0.0,0.8,5,5
0.0,0.15,0.0,0.0,0.85,5,5
0.25,0.0,0.0,0.0,0.75,5,5
0.05,0.35,0.15,0.05,0.4,2,5
0.3,0.4,0.0,0.05,0.25,2,2
0.2,0.55,0.0,0.1,0.15,2,2
0.15,0.1,0.0,0.05,0.7,5,5
0.1,0.0,0.0,0.0,0.9,5,5
0.0,0.05,0.0,0.0,0.95,5,5
0.25,0.15,0.1,0.0,0.5,5,5
0.0,0.05,0.0,0.0,0.95,5,5
0.05,0.75,0.05,0.0,0.15,2,2
0.0,0.25,0.0,0.0,0.75,5,5
0.5,0.3,0.0,0.0,0.2,1,1
0.15,0.0,0.0,0.0,0.85,5,5
0.15,0.0,0.0,0.0,0.85,5,5
0.15,0.1,0.0,0.0,0.75,5,5
0.15,0.1,0.0,0.0,0.75,5,5
0.1,0.1,0.0,0.0,0.8,5,5
0.05,0.0,0.0,0.0,0.95,5,5
0.3,0.65,0.0,0.0,0.05,1,2
0.0,0.25,0.0,0.0,0.75,5,5
0.05,0.0,0.0,0.0,0.95,5,5
0.05,0.0,0.0,0.0,0.95,5,5
0.2,0.6,0.0,0.0,0.2,2,2
0.0,0.0,0.0,0.0,1.0,5,5
0.15,0.65,0.0,0.0,0.2,2,2
0.05,0.05,0.0,0.0,0.9,5,5
0.3,0.05,0.05,0.05,0.55,1,5
0.15,0.8,0.0,0.05,0.0,2,2
0.05,0.1,0.0,0.0,0.85,5,5
0.0,0.05,0.0,0.0,0.95,5,5
0.1,0.5,0.0,0.1,0.3,5,2
0.0,0.2,0.0,0.0,0.8,5,5
0.0,0.0,0.0,0.15,0.85,5,5
0.1,0.55,0.0,0.05,0.3,2,2
0.0,0.1,0.0,0.0,0.9,5,5
0.3,0.2,0.0,0.05,0.45,2,5
0.05,0.05,0.0,0.0,0.9,5,5
0.0,0.1,0.0,0.0,0.9,5,5
0.0,0.05,0.0,0.0,0.95,5,5
0.05,0.7,0.05,0.0,0.2,2,2
0.65,0.2,0.0,0.1,0.05,1,1
0.3,0.2,0.0,0.05,0.45,1,5
0.15,0.15,0.0,0.05,0.65,4,5
0.15,0.0,0.0,0.0,0.85,5,5
0.15,0.0,0.0,0.0,0.85,5,5
0.0,0.2,0.0,0.0,0.8,5,5
0.0,0.15,0.0,0.0,0.85,5,5
0.05,0.0,0.0,0.0,0.95,5,5
0.55,0.25,0.0,0.1,0.1,2,1
0.25,0.05,0.0,0.0,0.7,5,5
0.15,0.45,0.0,0.0,0.4,1,2
0.25,0.45,0.0,0.0,0.3,2,2
0.0,0.0,0.0,0.0,1.0,5,5
0.05,0.25,0.0,0.0,0.7,5,5
0.25,0.45,0.0,0.15,0.15,2,2
0.0,0.0,0.0,0.0,1.0,5,5
0.0,0.1,0.0,0.0,0.9,5,5
0.05,0.5,0.05,0.05,0.35,2,2
0.0,0.25,0.0,0.0,0.75,5,5
0.05,0.3,0.05,0.0,0.6,5,5
0.35,0.0,0.0,0.0,0.65,5,5
0.15,0.0,0.0,0.0,0.85,5,5
0.1,0.0,0.0,0.0,0.9,5,5
0.1,0.0,0.25,0.0,0.65,5,5
0.0,0.15,0.0,0.0,0.85,5,5
0.05,0.05,0.0,0.0,0.9,5,5
0.0,0.35,0.0,0.0,0.65,5,5
0.05,0.25,0.05,0.0,0.65,5,5
0.05,0.6,0.05,0.0,0.3,2,2
0.1,0.0,0.1,0.0,0.8,5,5
0.05,0.25,0.0,0.0,0.7,5,5
0.1,0.05,0.0,0.0,0.85,5,5
0.45,0.2,0.0,0.0,0.35,2,1
0.0,0.0,0.0,0.0,1.0,5,5
0.0,0.05,0.0,0.0,0.95,5,5
0.05,0.4,0.15,0.0,0.4,2,2
0.15,0.7,0.0,0.0,0.15,2,2
0.0,0.8,0.05,0.0,0.15,2,2
0.05500000000000001,0.5900000000000001,0.05,0.0,0.305,5,2
0.0,0.95,0.0,0.0,0.05,2,2
0.0,0.8,0.0,0.0,0.2,2,2
0.0,0.2,0.05,0.0,0.75,5,5
0.05,0.7,0.0,0.0,0.25,2,2
0.2,0.15,0.0,0.2,0.45,1,5
0.3,0.05,0.0,0.35,0.3,4,4
0.05,0.85,0.05,0.0,0.05,2,2
0.5,0.25,0.0,0.05,0.2,1,1
0.65,0.1,0.0,0.0,0.25,1,1
0.3,0.05,0.2,0.0,0.45,5,5
0.2,0.55,0.05,0.0,0.2,2,2
0.05,0.5900000000000001,0.36,0.0,0.0,2,2
0.0,0.15,0.0,0.0,0.85,5,5
0.0,0.15,0.0,0.0,0.85,5,5
0.1,0.0,0.0,0.0,0.9,5,5
0.25,0.15,0.1,0.0,0.5,3,5
0.15,0.15,0.15,0.0,0.55,5,5
0.25,0.45,0.0,0.0,0.3,4,2
0.3,0.25,0.0,0.05,0.4,2,5
0.0,0.0,0.0,0.0,1.0,5,5
0.05,0.1,0.0,0.0,0.85,5,5
0.15,0.1,0.0,0.05,0.7,2,5
0.0,0.0,0.0,0.05,0.95,5,5
0.1,0.05,0.0,0.0,0.85,5,5
0.0,0.22916666666666669,0.0,0.0,0.7708333333333333,5,5
0.05,0.05,0.0,0.0,0.9,5,5
0.05,0.0,0.0,0.0,0.95,5,5
0.4269230769230769,0.11153846153846154,0.0,0.05,0.4115384615384615,2,1
0.0,0.0,0.0,0.0,1.0,5,5
0.05,0.45,0.2,0.0,0.3,3,2
0.0,0.1,0.0,0.0,0.9,5,5
0.05,0.25,0.0,0.0,0.7,5,5
0.0,0.05238095238095238,0.0,0.0,0.9476190476190476,5,5
0.05,0.4113636363636363,0.2,0.0,0.3386363636363636,2,2
0.458,0.05600000000000001,0.0,0.0,0.48600000000000004,1,5
0.1,0.3,0.0,0.0,0.6,1,5
0.2,0.1,0.2,0.05,0.45,2,5
0.05,0.0,0.0,0.0,0.95,5,5
0.17777777777777776,0.41666666666666663,0.0,0.0,0.40555555555555556,2,2
0.1,0.0,0.0,0.0,0.9,5,5
0.25,0.05,0.0,0.05,0.65,5,5
0.0,0.0,0.0,0.0,1.0,5,5
0.0,0.25,0.0,0.0,0.75,5,5
0.4,0.15,0.1,0.05,0.3,1,1
0.15,0.25625,0.05,0.0,0.54375,4,5
0.0,0.0,0.0,0.0,1.0,5,5
0.3,0.15,0.0,0.0,0.55,5,5
0.3,0.10238095238095238,0.0,0.0,0.5976190476190476,1,5
0.05,0.0023809523809523807,0.0,0.0,0.9476190476190476,5,5
0.0,0.3,0.0,0.0,0.7,5,5
0.15,0.2642857142857143,0.0,0.0,0.5857142857142856,5,5
0.5,0.3,0.0,0.05,0.15,1,1
0.0,0.1,0.0,0.0,0.9,5,5
0.0,0.0,0.0,0.0,1.0,5,5
0.05,0.1,0.0,0.0,0.85,5,5
0.05,0.05,0.0,0.0,0.9,5,5
0.0,0.15,0.0,0.0,0.85,5,5
0.0,0.1,0.0,0.0,0.9,5,5
0.05,0.8,0.0,0.05,0.1,2,2
0.05,0.15,0.0,0.0,0.8,5,5
0.25,0.05,0.0,0.0,0.7,5,5
0.05,0.0,0.0,0.0,0.95,5,5
0.35,0.5,0.0,0.1,0.05,1,2
0.55,0.2,0.0,0.0,0.25,1,1
0.15,0.05,0.0,0.0,0.8,5,5
0.05,0.0,0.2,0.0,0.75,5,5
0.15,0.0,0.0,0.0,0.85,5,5
0.05,0.0,0.0,0.0,0.95,5,5
0.4,0.35,0.0,0.05,0.2,1,1
0.1,0.1,0.0,0.0,0.8,5,5
0.2,0.05,0.0,0.0,0.75,5,5
0.4,0.1,0.05,0.0,0.45,1,5
0.25,0.05,0.0,0.0,0.7,5,5
0.05,0.1,0.0,0.0,0.85,5,5
0.25,0.0,0.0,0.0,0.75,5,5
0.1,0.75,0.0,0.0,0.15,2,2
0.4,0.1,0.0,0.05,0.45,5,5
0.0,0.15,0.0,0.05,0.8,5,5
0.0,0.2642857142857143,0.0,0.0,0.7357142857142857,5,5
0.35,0.3,0.0,0.0,0.35,2,1
0.0,0.05,0.0,0.0,0.95,5,5
0.2,0.45,0.0,0.0,0.35,3,2
0.0,0.05,0.0,0.0,0.95,5,5
0.0,0.05,0.0,0.0,0.95,5,5
0.0,0.05,0.0,0.0,0.95,5,5
0.75,0.05,0.0,0.05,0.15,1,1
0.0,0.0,0.0,0.0,1.0,5,5
0.05,0.05,0.0,0.0,0.9,5,5
0.55,0.25,0.05,0.0,0.15,1,1
0.15,0.05,0.0,0.0,0.8,5,5
0.35,0.25,0.0,0.0,0.4,2,5
0.05,0.0,0.0,0.3,0.65,5,5
0.25,0.3613636363636364,0.0,0.0,0.3886363636363636,2,5
0.05,0.0,0.05,0.0,0.9,5,5
0.05,0.0,0.0,0.0,0.95,5,5
0.3,0.3,0.0,0.0,0.4,1,5
0.0,0.05,0.0,0.0,0.95,5,5
0.0,0.25,0.0,0.0,0.75,5,5
0.15,0.6,0.0,0.0,0.25,2,2
0.05,0.45,0.05,0.0,0.45,2,2
0.4,0.35,0.0,0.05,0.2,1,1
0.15,0.4113636363636363,0.0,0.1,0.3386363636363636,2,2
0.0,0.011363636363636364,0.05,0.0,0.9386363636363637,5,5
0.05,0.05,0.0,0.0,0.9,5,5
0.25,0.0,0.0,0.0,0.75,5,5
0.15,0.0,0.0,0.0,0.85,5,5
0.05,0.1,0.0,0.0,0.85,5,5
0.0,0.0,0.0,0.0,1.0,5,5
0.6,0.1,0.0,0.0,0.3,1,1
0.35,0.35,0.0,0.0,0.3,5,1
0.05,0.0,0.0,0.0,0.95,5,5
0.15,0.75,0.0,0.05,0.05,2,2
0.2,0.2,0.0,0.05,0.55,5,5
0.1,0.1,0.0,0.0,0.8,5,5
0.0,0.0,0.0,0.0,1.0,5,5
0.1,0.0,0.0,0.0,0.9,5,5
0.0,0.15,0.0,0.0,0.85,5,5
0.2,0.65,0.0,0.05,0.1,2,2
0.0,0.15,0.0,0.0,0.85,5,5
0.55,0.25,0.0,0.0,0.2,1,1
0.05,0.1,0.0,0.0,0.85,5,5
0.45,0.1,0.0,0.2,0.25,2,1
0.0,0.0,0.0,0.0,1.0,5,5
0.1,0.65,0.0,0.05,0.2,2,2
0.0,0.05,0.0,0.0,0.95,5,5
0.5,0.25,0.0,0.05,0.2,1,1
0.25,0.3,0.0,0.05,0.4,2,5
0.0,0.0,0.0,0.0,1.0,5,5
0.0,0.05,0.0,0.25,0.7,5,5
0.45,0.25,0.0,0.15,0.15,1,1
0.05,0.0,0.0,0.0,0.95,5,5
0.0,0.05,0.0,0.0,0.95,5,5
0.2,0.55,0.0,0.0,0.25,2,2
0.0,0.0,0.0,0.0,1.0,5,5
0.0,0.0,0.0,0.0,1.0,5,5
0.3,0.5,0.0,0.05,0.15,1,2
0.1,0.05,0.0,0.0,0.85,5,5
0.0,0.0,0.0,0.15,0.85,5,5
0.0,0.05,0.0,0.0,0.95,5,5
0.0,0.0,0.0,0.0,1.0,5,5
0.15,0.5,0.0,0.05,0.3,2,2
0.0,0.0,0.0,0.0,1.0,5,5
0.35,0.45,0.0,0.0,0.2,2,2
0.0,0.0,0.0,0.0,1.0,5,5
0.0,0.1,0.0,0.0,0.9,5,5
0.0,0.0,0.0,0.0,1.0,5,5
0.05,0.05,0.0,0.0,0.9,5,5
0.05,0.0,0.0,0.0,0.95,5,5
0.0,0.05,0.0,0.0,0.95,5,5
0.0,0.1,0.0,0.0,0.9,5,5
0.0,0.05,0.0,0.0,0.95,5,5
0.0,0.1,0.0,0.0,0.9,5,5
0.05,0.2,0.0,0.0,0.75,5,5
0.0,0.1,0.0,0.0,0.9,5,5
0.1,0.2,0.05,0.05,0.6,5,5
0.05,0.1,0.0,0.0,0.85,5,5
0.05,0.35,0.2,0.0,0.4,1,5
0.05,0.15,0.0,0.0,0.8,5,5
0.3,0.35,0.0,0.05,0.3,2,2
0.0,0.05,0.0,0.0,0.95,5,5
0.0,0.45,0.0,0.0,0.55,2,5
0.05,0.6,0.0,0.0,0.35,5,2
0.0,0.2,0.0,0.0,0.8,5,5
0.15,0.65,0.0,0.05,0.15,2,2
0.0,0.05,0.1,0.05,0.8,5,5
0.2,0.16136363636363635,0.0,0.0,0.6386363636363637,5,5
0.0,0.0,0.0,0.0,1.0,5,5
0.0,0.45,0.05,0.0,0.5,5,5
0.0,0.75,0.05,0.05,0.15,2,2
0.05,0.4,0.05,0.0,0.5,5,5
0.2,0.4,0.0,0.0,0.4,5,2
0.0,0.8,0.0,0.0,0.2,2,2
0.15,0.7,0.0,0.0,0.15,2,2
0.0,0.6,0.05,0.0,0.35,2,2
0.0,0.15,0.0,0.0,0.85,5,5
0.0,0.75,0.25,0.0,0.0,2,2
0.2,0.75,0.0,0.0,0.05,1,2
0.05,0.85,0.0,0.0,0.1,2,2
0.15,0.45,0.0,0.0,0.4,2,2
0.05,0.45,0.3,0.0,0.2,2,2
0.05,0.75,0.0,0.0,0.2,2,2
0.0,0.8,0.1,0.0,0.1,2,2
0.45,0.15,0.0,0.05,0.35,5,1
0.15,0.65,0.05,0.0,0.15,2,2
0.2,0.65,0.0,0.0,0.15,1,2
0.6386904761904761,0.23630952380952377,0.0,0.0,0.125,1,1
0.10500000000000001,0.04583333333333333,0.0,0.0,0.8491666666666667,5,5
0.0,0.056845238095238095,0.1594047619047619,0.0,0.7837500000000001,5,5
0.19083333333333333,0.5283333333333334,0.016666666666666666,0.0,0.26416666666666666,2,2
0.15595238095238095,0.15416666666666665,0.0225,0.02142857142857143,0.6459523809523811,5,5
0.01,0.39375000000000004,0.08541666666666667,0.0,0.5108333333333334,3,5
0.016346153846153847,0.11403846153846153,0.02,0.0,0.8496153846153846,5,5
0.18249999999999997,0.04722222222222222,0.0,0.0,0.7702777777777778,5,5
0.06333333333333332,0.13666666666666666,0.0,0.0,0.8,5,5
0.32404761904761903,0.39678571428571424,0.0,0.0,0.2791666666666667,1,2
0.02777777777777778,0.15555555555555556,0.0,0.02777777777777778,0.7888888888888889,5,5
0.08958333333333333,0.2770833333333333,0.0,0.06166666666666666,0.5716666666666667,5,5
0.04916666666666667,0.11750000000000001,0.0,0.07083333333333333,0.7625,5,5
0.0,0.06190476190476191,0.0,0.0,0.9380952380952381,5,5
0.025,0.17738095238095236,0.0,0.0,0.7976190476190477,5,5
0.3025,0.2641666666666666,0.03333333333333333,0.0,0.39999999999999997,5,5
0.03,0.04583333333333333,0.0,0.0125,0.9116666666666665,5,5
0.03,0.04583333333333333,0.0,0.0125,0.9116666666666665,5,5
0.14339285714285716,0.19166666666666665,0.0,0.0,0.6649404761904762,1,5
0.18083333333333335,0.13958333333333334,0.0,0.0,0.6795833333333334,5,5
0.065,0.1,0.0,0.0,0.835,5,5
0.23295454545454547,0.025,0.0,0.0,0.7420454545454545,5,5
0.10500000000000001,0.0,0.0,0.0125,0.8825,5,5
0.0,0.10178571428571428,0.0,0.0,0.8982142857142857,5,5
0.14880952380952378,0.10416666666666666,0.03571428571428571,0.0,0.7113095238095238,5,5
0.045,0.01,0.0,0.0,0.945,5,5
0.2188888888888889,0.2777777777777778,0.0,0.029166666666666664,0.4741666666666666,1,5
0.13999999999999999,0.4175,0.0,0.07083333333333333,0.37166666666666665,2,2
0.02142857142857143,0.2342857142857143,0.0,0.0,0.7442857142857144,5,5
0.4576190476190476,0.3130952380952381,0.0,0.05095238095238095,0.17833333333333334,1,1
0.10166666666666666,0.06388888888888888,0.0,0.02,0.8144444444444444,5,5
0.03333333333333333,0.0,0.0,0.0,0.9666666666666666,5,5
0.3058333333333333,0.16291666666666665,0.0,0.0,0.5312500000000001,1,5
0.3508333333333334,0.2808333333333334,0.0,0.07916666666666666,0.2891666666666667,5,1
0.16619047619047617,0.4705952380952382,0.05178571428571428,0.0,0.3114285714285714,2,2
0.0125,0.04166666666666667,0.0,0.0,0.9458333333333332,5,5
0.05833333333333333,0.016666666666666666,0.0,0.0,0.925,5,5
0.14559523809523808,0.12297619047619046,0.07416666666666666,0.0375,0.6197619047619047,5,5
0.0,0.33916666666666667,0.041666666666666664,0.025,0.5941666666666666,5,5
0.025,0.13916666666666666,0.025,0.0,0.8108333333333334,5,5
0.0375,0.1504166666666667,0.026250000000000002,0.045,0.7408333333333333,5,5
0.008333333333333333,0.04583333333333333,0.0,0.0,0.9458333333333334,5,5
0.025,0.0,0.01,0.0,0.9650000000000001,5,5
0.0625,0.3952564102564103,0.0488095238095238,0.0,0.4934340659340658,4,5
0.17916666666666667,0.11358974358974358,0.03333333333333333,0.045,0.6289102564102563,5,5
0.13,0.1719230769230769,0.08416666666666667,0.0,0.6139102564102564,5,5
0.0,0.04583333333333332,0.05,0.05416666666666666,0.85,5,5
0.2569047619047619,0.07166666666666667,0.0,0.0,0.6714285714285715,5,5
0.03,0.026666666666666665,0.0,0.0,0.9433333333333334,5,5
0.09583333333333333,0.029166666666666664,0.0,0.0,0.875,5,5
0.3466666666666666,0.1738095238095238,0.0,0.15916666666666668,0.3203571428571429,1,1
0.08785714285714286,0.025,0.0,0.016666666666666666,0.8704761904761904,5,5
0.2863888888888889,0.4765277777777778,0.0,0.01,0.2270833333333333,2,2
0.0,0.075,0.0,0.0,0.925,5,5
0.0,0.05,0.025,0.0,0.925,5,5
0.0875,0.5109848484848485,0.025,0.0,0.3765151515151515,2,2
0.0125,0.14583333333333331,0.0,0.0,0.8416666666666668,5,5
0.1025,0.35750000000000004,0.1875,0.0,0.35250000000000004,2,2
0.08214285714285714,0.49000000000000005,0.03333333333333333,0.0,0.3945238095238095,2,2
0.025,0.08833333333333333,0.0,0.0,0.8866666666666667,5,5
0.0,0.17583333333333334,0.0,0.0,0.8241666666666667,5,5
0.10857142857142857,0.06964285714285715,0.025,0.0,0.7967857142857142,5,5
0.11075396825396826,0.4871212121212121,0.0,0.08083333333333333,0.3212914862914863,2,2
0.01825396825396825,0.016666666666666666,0.0,0.0,0.9650793650793652,5,5
0.23119047619047617,0.020833333333333332,0.0,0.008333333333333333,0.7396428571428573,5,5
0.0,0.05500000000000001,0.0,0.0,0.945,5,5
0.4349404761904762,0.3888888888888889,0.0,0.023809523809523808,0.1523611111111111,2,1
0.37373015873015875,0.38067460317460317,0.0,0.016666666666666666,0.22892857142857143,1,2
0.0375,0.0,0.0,0.0,0.9625,5,5
0.075,0.0,0.0,0.0,0.925,5,5
0.0375,0.0125,0.0,0.016666666666666666,0.9333333333333333,5,5
0.0375,0.12083333333333335,0.0,0.0,0.8416666666666668,5,5
0.09333333333333332,0.07499999999999998,0.0,0.0,0.8316666666666667,5,5
0.14166666666666666,0.05833333333333333,0.016666666666666666,0.01,0.7733333333333332,5,5
0.06666666666666667,0.007142857142857143,0.0,0.025,0.9011904761904761,5,5
0.0630952380952381,0.02142857142857143,0.0,0.0,0.9154761904761906,5,5
0.2001190476190476,0.030952380952380953,0.0,0.0,0.7689285714285715,5,5
0.07083333333333333,0.016666666666666666,0.025,0.0,0.8875,5,5
0.016666666666666666,0.11666666666666665,0.0,0.0,0.8666666666666668,5,5
0.0625,0.3071428571428571,0.0975,0.0,0.5328571428571427,2,5
0.155,0.04523809523809523,0.0625,0.0,0.7372619047619048,5,5
0.16555555555555554,0.41634920634920636,0.041666666666666664,0.0,0.37642857142857145,1,2
0.3281746031746032,0.32777777777777783,0.0,0.034999999999999996,0.309047619047619,1,1
0.09242424242424242,0.0,0.0,0.0,0.9075757575757576,5,5
0.04083333333333333,0.01,0.0,0.0,0.9491666666666667,5,5
0.27749999999999997,0.17625000000000002,0.0125,0.0,0.5337500000000001,1,5
0.04,0.02,0.0,0.0,0.9400000000000001,5,5
0.0,0.12833333333333333,0.016666666666666666,0.0,0.8550000000000001,5,5
0.020512820512820513,0.13987179487179485,0.0,0.0,0.8396153846153845,5,5
0.03,0.0,0.0,0.0,0.97,5,5
0.19464285714285717,0.21130952380952378,0.0,0.0,0.594047619047619,5,5
0.01888888888888889,0.07444444444444445,0.0,0.0,0.9066666666666666,5,5
0.08928571428571427,0.35523809523809524,0.0,0.08601190476190476,0.4694642857142856,1,5
0.08,0.11642857142857144,0.0,0.0,0.8035714285714285,5,5
0.049166666666666664,0.025,0.0,0.0,0.9258333333333333,5,5
0.015476190476190477,0.11166666666666666,0.0,0.0,0.8728571428571428,5,5
0.24523809523809526,0.16720238095238096,0.0,0.016666666666666666,0.5708928571428571,1,5
0.06666666666666668,0.0,0.0,0.0,0.9333333333333333,5,5
0.016666666666666666,0.04583333333333333,0.0,0.0,0.9375,5,5
0.0,0.07222222222222223,0.0,0.01111111111111111,0.9166666666666666,5,5
0.40726495726495726,0.25083333333333335,0.0,0.0,0.3419017094017094,2,1
0.0,0.06458333333333333,0.0,0.0,0.9354166666666668,5,5
0.0,0.0,0.025,0.0125,0.9625,5,5
0.17928571428571427,0.6223214285714286,0.0,0.0375,0.16089285714285714,2,2
0.02,0.15666666666666668,0.0,0.0,0.8233333333333335,5,5
0.0,0.10333333333333332,0.0,0.0,0.8966666666666667,5,5
0.14166666666666666,0.7110119047619048,0.0,0.06041666666666666,0.0869047619047619,2,2
0.46782051282051285,0.28041666666666665,0.0,0.0125,0.2392628205128205,2,1
0.025,0.06875,0.0,0.0,0.90625,5,5
0.05178571428571428,0.0,0.03333333333333333,0.15833333333333333,0.756547619047619,5,5
0.0,0.05,0.0,0.0,0.95,5,5
0.0625,0.0,0.0,0.0,0.9375,5,5
0.3166666666666667,0.2208333333333333,0.0,0.16523809523809524,0.2972619047619048,1,1
0.025,0.09095238095238094,0.0,0.0,0.8840476190476192,5,5
0.02142857142857143,0.0,0.0,0.0,0.9785714285714284,5,5
0.11000000000000001,0.33249999999999996,0.0,0.01,0.5475,5,5
0.01,0.0225,0.0,0.0,0.9675,5,5
0.0,0.0,0.0,0.0,1.0,5,5
0.1961111111111111,0.5005555555555556,0.0,0.0125,0.29083333333333333,2,2
0.3361111111111111,0.19055555555555556,0.0,0.12277777777777779,0.35055555555555556,2,5
0.0475,0.06166666666666667,0.0,0.0125,0.8783333333333333,5,5
0.1125,0.6052777777777778,0.0,0.16666666666666666,0.11555555555555556,2,2
0.0375,0.04444444444444444,0.0,0.0,0.9180555555555555,5,5
0.43000000000000005,0.32083333333333336,0.0,0.12666666666666668,0.12250000000000001,1,1
0.175,0.03125,0.0,0.0,0.7937500000000001,5,5
0.0,0.1268939393939394,0.025,0.0,0.8481060606060605,5,5
0.034999999999999996,0.4041666666666667,0.11083333333333334,0.0,0.45,2,5
0.10583333333333333,0.43380952380952387,0.0125,0.0,0.4478571428571428,2,5
0.0,0.03,0.0,0.0,0.97,5,5
0.3495238095238095,0.3526190476190476,0.0,0.0225,0.27535714285714286,1,2
0.01888888888888889,0.12361111111111112,0.008333333333333333,0.05,0.7991666666666666,5,5
0.0,0.039285714285714285,0.0,0.0,0.9607142857142857,5,5
0.19125,0.22055555555555556,0.05833333333333333,0.0,0.5298611111111111,5,5
0.11083333333333334,0.14499999999999996,0.057499999999999996,0.025,0.6616666666666667,5,5
0.048888888888888885,0.684861111111111,0.00625,0.0,0.26000000000000006,2,2
0.014285714285714285,0.20083333333333334,0.016666666666666666,0.0,0.7682142857142857,5,5
0.19999999999999998,0.2783333333333333,0.0125,0.0,0.5091666666666667,5,5
0.21541666666666667,0.18928571428571428,0.0,0.0,0.5952976190476191,5,5
0.0,0.2863095238095238,0.0,0.0,0.7136904761904761,5,5
0.0,0.7125,0.0,0.0,0.2875,2,2
0.025,0.3895238095238095,0.0,0.0,0.5854761904761905,5,5
0.26,0.4235714285714286,0.01,0.0,0.30642857142857144,2,2
0.06,0.5678571428571428,0.016666666666666666,0.0,0.35547619047619045,5,2
0.19285714285714287,0.495,0.02,0.0125,0.2796428571428572,4,2
0.18571428571428572,0.22107142857142859,0.01,0.01,0.5732142857142857,5,5
0.14583333333333331,0.6025,0.01,0.0125,0.22916666666666666,2,2
0.034999999999999996,0.6474999999999999,0.07833333333333334,0.0,0.23916666666666667,2,2
0.0,0.22166666666666668,0.0,0.0,0.7783333333333334,5,5
0.14285714285714285,0.7134523809523811,0.014285714285714285,0.0,0.12940476190476188,2,2
0.062142857142857146,0.41166666666666674,0.0,0.0,0.5261904761904762,5,5
0.16930555555555554,0.42972222222222217,0.10527777777777778,0.0,0.2956944444444445,2,2
0.12333333333333334,0.15833333333333333,0.08333333333333333,0.03333333333333333,0.6016666666666667,5,5
0.12,0.48166666666666663,0.12583333333333332,0.0,0.2725,1,2
0.25375000000000003,0.1625,0.0,0.0,0.5837499999999999,1,5
0.0,0.25,0.0,0.0,0.75,5,5
0.02,0.0,0.0,0.0925,0.8875,5,5
0.09964285714285714,0.4880357142857143,0.1281547619047619,0.0,0.2841666666666667,5,2
0.11666666666666665,0.7305555555555556,0.02361111111111111,0.016666666666666666,0.1125,2,2
0.15333333333333332,0.6180952380952381,0.0,0.02142857142857143,0.20714285714285713,2,2
0.40404761904761904,0.17666666666666667,0.18988095238095237,0.0,0.22940476190476194,1,1
0.21892857142857142,0.42214285714285715,0.2655952380952381,0.025,0.06833333333333333,1,2
0.12708333333333333,0.5867261904761905,0.16785714285714287,0.0,0.11833333333333333,2,2
0.039285714285714285,0.9083333333333334,0.015476190476190477,0.0,0.0369047619047619,2,2
0.17785714285714285,0.5911904761904763,0.0,0.0,0.23095238095238094,2,2
0.06166666666666667,0.2833333333333333,0.06666666666666667,0.0,0.5883333333333333,3,5
0.1813095238095238,0.46642857142857147,0.06666666666666667,0.0,0.2855952380952381,2,2
0.06999999999999999,0.6051190476190477,0.0,0.0,0.3248809523809524,2,2
0.08916666666666666,0.15041666666666667,0.11041666666666668,0.0,0.65,3,5
0.10023809523809524,0.3906547619047619,0.20279761904761906,0.0,0.3063095238095238,5,2
0.11000000000000001,0.6823809523809523,0.0,0.025,0.18261904761904763,2,2
0.095,0.5811904761904763,0.16797619047619047,0.0,0.15583333333333332,2,2
0.0,0.8119047619047619,0.05976190476190476,0.0125,0.11583333333333332,2,2
0.3794444444444444,0.06583333333333333,0.01,0.0,0.5447222222222223,1,5
0.08333333333333333,0.7,0.06666666666666667,0.05,0.1,2,2
0.016666666666666666,0.3222222222222222,0.1,0.0,0.5611111111111111,5,5
0.0,0.05,0.0,0.0,0.95,5,5
0.31666666666666665,0.36666666666666664,0.06666666666666667,0.0,0.25,1,2
0.05,0.2,0.0,0.0,0.75,5,5
0.16666666666666666,0.2833333333333333,0.08333333333333333,0.016666666666666666,0.45,5,5
0.0,0.15,0.0,0.0,0.85,5,5
0.06666666666666667,0.0,0.0,0.0,0.9333333333333333,5,5
0.15,0.016666666666666666,0.0,0.0,0.8333333333333334,5,5
0.03333333333333333,0.0,0.0,0.0,0.9666666666666667,5,5
0.06666666666666667,0.4666666666666667,0.0,0.0,0.4666666666666667,2,2
0.05,0.4666666666666667,0.06666666666666667,0.03333333333333333,0.38333333333333336,2,2
0.5,0.25,0.0,0.03333333333333333,0.21666666666666667,1,1
0.016666666666666666,0.016666666666666666,0.13333333333333333,0.0,0.8333333333333334,5,5
0.45,0.25,0.05,0.0,0.25,1,1
0.06666666666666667,0.03333333333333333,0.0,0.0,0.9,5,5
0.21666666666666667,0.4666666666666667,0.05,0.0,0.26666666666666666,2,2
0.15,0.4,0.0,0.0,0.45,1,5
0.016666666666666666,0.0,0.0,0.0,0.9833333333333333,5,5
0.016666666666666666,0.06666666666666667,0.0,0.0,0.9166666666666666,5,5
0.0,0.1,0.0,0.0,0.9,5,5
0.0,0.1,0.016666666666666666,0.0,0.8833333333333333,5,5
0.0,0.05,0.016666666666666666,0.0,0.9333333333333333,5,5
0.5166666666666667,0.2,0.0,0.016666666666666666,0.26666666666666666,1,1
0.06666666666666667,0.016666666666666666,0.0,0.0,0.9166666666666666,5,5
0.05,0.21666666666666667,0.0,0.0,0.7333333333333333,5,5
0.05,0.0,0.0,0.0,0.95,5,5
0.03333333333333333,0.6333333333333333,0.016666666666666666,0.0,0.31666666666666665,5,2
0.0,0.05,0.0,0.0,0.95,5,5
0.0,0.1,0.0,0.0,0.9,5,5
0.16666666666666666,0.03333333333333333,0.0,0.0,0.8,5,5
0.016666666666666666,0.11666666666666667,0.0,0.016666666666666666,0.85,5,5
0.03333333333333333,0.0,0.08333333333333333,0.0,0.8833333333333333,5,5
0.1,0.05,0.05,0.18333333333333332,0.6166666666666667,5,5
0.3,0.31666666666666665,0.03333333333333333,0.0,0.35,5,5
0.06666666666666667,0.6666666666666666,0.016666666666666666,0.0,0.25,2,2
0.13333333333333333,0.05,0.016666666666666666,0.0,0.8,5,5
0.03333333333333333,0.13333333333333333,0.23333333333333334,0.11666666666666667,0.48333333333333334,5,5
0.2833333333333333,0.38333333333333336,0.0,0.016666666666666666,0.31666666666666665,1,2
0.0,0.03333333333333333,0.0,0.0,0.9666666666666667,5,5
0.25,0.3,0.03333333333333333,0.05,0.36666666666666664,2,5
0.11666666666666667,0.03333333333333333,0.0,0.0,0.85,5,5
0.15,0.38333333333333336,0.0,0.0,0.4666666666666667,2,5
0.016666666666666666,0.03333333333333333,0.0,0.0,0.95,5,5
0.25,0.5166666666666667,0.0,0.0,0.23333333333333334,2,2
0.03333333333333333,0.0,0.0,0.0,0.9666666666666667,5,5
0.05,0.0,0.0,0.0,0.95,5,5
0.15,0.4666666666666667,0.016666666666666666,0.0,0.36666666666666664,1,2
0.11666666666666667,0.016666666666666666,0.0,0.0,0.8666666666666667,5,5
0.13333333333333333,0.65,0.05,0.0,0.16666666666666666,2,2
0.3333333333333333,0.48333333333333334,0.016666666666666666,0.016666666666666666,0.15,1,2
0.016666666666666666,0.08333333333333333,0.0,0.0,0.9,5,5
0.0,0.03333333333333333,0.0,0.0,0.9666666666666667,5,5
0.2833333333333333,0.5333333333333333,0.0,0.05,0.13333333333333333,2,2
0.1,0.43333333333333335,0.2,0.0,0.26666666666666666,3,2
0.08333333333333333,0.0,0.0,0.0,0.9166666666666666,5,5
0.06666666666666667,0.0,0.0,0.0,0.9333333333333333,5,5
0.43333333333333335,0.26666666666666666,0.03333333333333333,0.03333333333333333,0.23333333333333334,1,1
0.0,0.016666666666666666,0.0,0.0,0.9833333333333333,5,5
0.016666666666666666,0.0,0.0,0.0,0.9833333333333333,5,5
0.13333333333333333,0.4,0.13333333333333333,0.03333333333333333,0.3,1,2
0.0,0.03333333333333333,0.0,0.0,0.9666666666666667,5,5
0.16666666666666666,0.6333333333333333,0.0,0.0,0.2,2,2
0.03333333333333333,0.06666666666666667,0.0,0.0,0.9,5,5
0.5,0.1,0.0,0.0,0.4,1,1
0.26666666666666666,0.016666666666666666,0.0,0.0,0.7166666666666667,5,5
0.26666666666666666,0.6166666666666667,0.0,0.0,0.11666666666666667,2,2
0.016666666666666666,0.11666666666666667,0.0,0.0,0.8666666666666667,5,5
0.18333333333333332,0.26666666666666666,0.0,0.0,0.55,2,5
0.03333333333333333,0.016666666666666666,0.0,0.0,0.95,5,5
0.26666666666666666,0.5,0.03333333333333333,0.0,0.2,1,2
0.08333333333333333,0.05,0.0,0.0,0.8666666666666667,5,5
0.03333333333333333,0.016666666666666666,0.0,0.0,0.95,5,5
0.08333333333333333,0.03333333333333333,0.0,0.0,0.8833333333333333,5,5
0.06666666666666667,0.05,0.0,0.0,0.8833333333333333,5,5
0.016666666666666666,0.016666666666666666,0.0,0.2,0.7666666666666667,5,5
0.16666666666666666,0.0,0.0,0.0,0.8333333333333334,5,5
0.03333333333333333,0.0,0.0,0.0,0.9666666666666667,5,5
0.058333333333333334,0.03333333333333333,0.0,0.0,0.9083333333333333,5,5
0.3333333333333333,0.16666666666666666,0.0,0.1,0.4,1,5
0.016666666666666666,0.0,0.0,0.0,0.9833333333333333,5,5
0.03333333333333333,0.1,0.0,0.016666666666666666,0.85,5,5
0.03333333333333333,0.016666666666666666,0.0,0.0,0.95,5,5
0.1,0.4166666666666667,0.0,0.0,0.48333333333333334,5,5
0.0,0.03333333333333333,0.0,0.0,0.9666666666666667,5,5
0.13333333333333333,0.11666666666666667,0.016666666666666666,0.0,0.7333333333333333,5,5
0.05,0.016666666666666666,0.0,0.0,0.9333333333333333,5,5
0.4,0.4166666666666667,0.0,0.016666666666666666,0.16666666666666666,2,2
0.03333333333333333,0.1,0.0,0.0,0.8666666666666667,5,5
0.11666666666666667,0.4,0.13333333333333333,0.016666666666666666,0.3333333333333333,1,2
0.0,0.016666666666666666,0.0,0.0,0.9833333333333333,5,5
0.15,0.6666666666666666,0.016666666666666666,0.0,0.16666666666666666,2,2
0.21666666666666667,0.11666666666666667,0.0,0.0,0.6666666666666666,5,5
0.18333333333333332,0.0,0.0,0.0,0.8166666666666667,5,5
0.23333333333333334,0.5833333333333334,0.0,0.016666666666666666,0.16666666666666666,2,2
0.0,0.0,0.0,0.0,1.0,5,5
0.0,0.06666666666666667,0.0,0.0,0.9333333333333333,5,5
0.3333333333333333,0.4166666666666667,0.0,0.05,0.2,2,2
0.03333333333333333,0.03333333333333333,0.0,0.0,0.9333333333333333,5,5
0.4,0.4166666666666667,0.0,0.0,0.18333333333333332,1,2
0.1,0.0,0.0,0.0,0.9,5,5
0.05,0.0,0.0,0.0,0.95,5,5
0.31666666666666665,0.25,0.0,0.0,0.43333333333333335,1,5
0.05,0.016666666666666666,0.0,0.0,0.9333333333333333,5,5
0.0,0.0,0.0,0.0,1.0,5,5
0.3,0.5,0.0,0.0,0.2,2,2
0.2833333333333333,0.45,0.0,0.016666666666666666,0.25,1,2
0.05,0.016666666666666666,0.0,0.0,0.9333333333333333,5,5
0.03333333333333333,0.03333333333333333,0.0,0.0,0.9333333333333333,5,5
0.0,0.03333333333333333,0.0,0.0,0.9666666666666667,5,5
0.03333333333333333,0.1,0.0,0.0,0.8666666666666667,5,5
0.0,0.1,0.0,0.0,0.9,5,5
0.36666666666666664,0.06666666666666667,0.0,0.0,0.5666666666666667,5,5
0.1,0.03333333333333333,0.0,0.0,0.8666666666666667,5,5
0.43333333333333335,0.4138888888888889,0.0,0.016666666666666666,0.13611111111111113,4,1
0.016666666666666666,0.016666666666666666,0.0,0.0,0.9666666666666667,5,5
0.0,0.0,0.0,0.0,1.0,5,5
0.016666666666666666,0.0,0.0,0.0,0.9833333333333333,5,5
0.016666666666666666,0.18333333333333332,0.0,0.016666666666666666,0.7833333333333333,5,5
0.3,0.3333333333333333,0.0,0.06666666666666667,0.3,2,2
0.13333333333333333,0.38333333333333336,0.0,0.11666666666666667,0.36666666666666664,2,2
0.016666666666666666,0.05,0.0,0.0,0.9333333333333333,5,5
0.0,0.0,0.0,0.0,1.0,5,5
0.21666666666666667,0.6166666666666667,0.016666666666666666,0.0,0.15,2,2
0.18333333333333332,0.5333333333333333,0.0,0.03333333333333333,0.25,2,2
0.2,0.65,0.0,0.016666666666666666,0.13333333333333333,2,2
0.6,0.23333333333333334,0.0,0.016666666666666666,0.15,1,1
0.11666666666666667,0.016666666666666666,0.0,0.03333333333333333,0.8333333333333334,5,5
0.0,0.0,0.0,0.0,1.0,5,5
0.18333333333333332,0.2638888888888889,0.0,0.016666666666666666,0.5361111111111112,5,5
0.3,0.45,0.0,0.03333333333333333,0.21666666666666667,1,2
0.016666666666666666,0.0,0.0,0.0,0.9833333333333333,5,5
0.18333333333333332,0.6,0.0,0.0,0.21666666666666667,2,2
0.1,0.05,0.0,0.0,0.85,5,5
0.016666666666666666,0.05,0.0,0.0,0.9333333333333333,5,5
0.15,0.0,0.0,0.0,0.85,5,5
0.016666666666666666,0.06666666666666667,0.0,0.0,0.9166666666666666,5,5
0.016666666666666666,0.03333333333333333,0.0,0.0,0.95,5,5
0.016666666666666666,0.13333333333333333,0.03333333333333333,0.0,0.8166666666666667,5,5
0.15,0.2833333333333333,0.05,0.0,0.5166666666666667,5,5
0.03333333333333333,0.11666666666666667,0.0,0.0,0.85,5,5
0.03333333333333333,0.11666666666666667,0.0,0.0,0.85,5,5
0.08333333333333333,0.16666666666666666,0.03333333333333333,0.0,0.7166666666666667,5,5
0.21666666666666667,0.26666666666666666,0.1,0.0,0.4166666666666667,4,5
0.0,0.05,0.016666666666666666,0.0,0.9333333333333333,5,5
0.03333333333333333,0.08333333333333333,0.08333333333333333,0.0,0.8,5,5
0.016666666666666666,0.03333333333333333,0.0,0.0,0.95,5,5
0.016666666666666666,0.25,0.0,0.0,0.7333333333333333,5,5
0.016666666666666666,0.11666666666666667,0.05,0.0,0.8166666666666667,5,5
0.03333333333333333,0.7333333333333333,0.0,0.0,0.23333333333333334,2,2
0.05,0.25,0.0,0.0,0.7,5,5
0.05,0.23333333333333334,0.0,0.0,0.7166666666666667,5,5
0.31666666666666665,0.35,0.0,0.016666666666666666,0.31666666666666665,2,2
0.041666666666666664,0.5833333333333334,0.125,0.0,0.25,5,2
0.0,0.25,0.0,0.0,0.75,5,5
0.125,0.7166666666666667,0.008333333333333333,0.0,0.15,2,2
0.03333333333333333,0.23333333333333334,0.0,0.0,0.7333333333333333,5,5
0.016666666666666666,0.8,0.016666666666666666,0.0,0.16666666666666666,2,2
0.06666666666666667,0.08333333333333333,0.016666666666666666,0.0,0.8333333333333334,5,5
0.11666666666666667,0.6333333333333333,0.016666666666666666,0.06666666666666667,0.16666666666666666,2,2
0.5166666666666667,0.08333333333333333,0.016666666666666666,0.06666666666666667,0.31666666666666665,5,1
0.21666666666666667,0.2,0.36666666666666664,0.016666666666666666,0.2,2,3
0.3,0.25,0.21666666666666667,0.0,0.23333333333333334,3,1
0.03333333333333333,0.7166666666666667,0.016666666666666666,0.06666666666666667,0.16666666666666666,2,2
0.016666666666666666,0.3333333333333333,0.016666666666666666,0.0,0.6333333333333333,5,5
0.5666666666666667,0.1,0.2,0.0,0.13333333333333333,3,1
0.03333333333333333,0.8166666666666667,0.016666666666666666,0.0,0.13333333333333333,2,2
0.0,0.8833333333333333,0.03333333333333333,0.03333333333333333,0.05,2,2
0.05,0.7833333333333333,0.0,0.05,0.11666666666666667,2,2
0.06666666666666667,0.5333333333333333,0.05,0.03333333333333333,0.31666666666666665,1,2
0.05,0.5833333333333334,0.0,0.0,0.36666666666666664,2,2
0.65,0.23333333333333334,0.016666666666666666,0.0,0.1,5,1
0.11666666666666667,0.36666666666666664,0.0,0.0,0.5166666666666667,1,5
0.09105258614048153,0.018426019547608787,0.0007882468408784198,0.0002331002331002331,0.889500047237931,5,5
0.14036923671365,0.3751854867320628,0.019866189963627476,0.07629526887527328,0.3882838177153866,2,5
0.22511372423916612,0.3029690220660087,0.03265153090195525,0.059851110044015284,0.3794146127488549,3,5
0.47876946654040714,0.1488794533760035,0.0176644536019536,0.004312122736418511,0.35037450374521717,1,1
0.0833108276290821,0.05393087156993806,0.017267628205128206,0.0008374183006535948,0.844653254295198,5,5
0.15805870817216325,0.4520415194254134,0.03442997448162229,0.006613227115563563,0.3488565708052375,5,2
0.02232267732267732,0.042955605183866055,0.05383489332018744,0.001034151034151034,0.8798526731391182,5,5
0.09710517592395282,0.04871260495904763,0.0016811039837355624,0.000666000666000666,0.8518351144672635,5,5
0.19330075025752583,0.04046215983050026,0.0016811039837355624,0.000666000666000666,0.7638899852622376,5,5
0.14785018748173667,0.04837771395676436,0.0012425074925074926,0.000666000666000666,0.8018635904029908,5,5
0.034760736722880645,0.054498306679715974,0.0007770007770007771,0.0002331002331002331,0.9097308555873024,5,5
0.01801092111414874,0.11310694317452792,0.0004166666666666667,0.00043290043290043295,0.8680325686117564,5,5
0.04571090494654855,0.02314195599759383,0.0006944444444444444,0.0016170253740208633,0.9288356692373922,5,5
0.49854569075110505,0.13979312210802838,0.0,0.06163603139176662,0.3000251557490999,1,1
0.4450236327812769,0.17490788705043486,0.0025106837606837604,0.009613714433269905,0.36794408197433465,1,1
0.4866165406992765,0.24617352256433228,0.0009098744392862041,0.015178068950827624,0.25112199334627733,1,1
0.5845253044559482,0.15179397660523866,0.0012366718249071191,0.03734680684827376,0.22509724026563221,1,1
0.012376714140616822,0.004398772087451332,0.0,0.001091893780573026,0.9821326199913588,5,5
0.03250765858182737,0.1282094454281155,0.0076256913021618905,0.0011904761904761904,0.8304667284974189,5,5
0.009604620914048794,0.14243622949706752,0.0030530417295123176,0.017009132420091326,0.82789697543928,5,5
0.04238095238095238,0.18681225779051866,0.004722222222222222,0.0,0.7660845676063067,5,5
0.04618216621332422,0.0565316688866138,0.006831131831131831,0.007733880160433831,0.8827211529084962,5,5
0.04751477541371159,0.03889350011690438,0.05077127659574468,0.0,0.8628204478736393,5,5
0.11889676278614515,0.31352485184399403,0.13027705360979758,0.0373295958337062,0.39997173592635693,2,5
0.28488381875576996,0.40534747377735175,0.0010822510822510823,0.00574009324009324,0.3029463631445338,1,2
0.11206235758146468,0.022330991691726802,0.00034965034965034965,0.002431629644864939,0.8628253707322933,5,5
0.0719438850252189,0.023117427521654577,0.001182983682983683,0.0008997668997668997,0.9028559368703758,5,5
0.029796903010351393,0.0625801422957727,0.004745635570103655,0.0011541540651129692,0.9017231650586595,5,5
0.013475529100529099,0.02554563492063492,0.0,0.0,0.9609788359788359,5,5
0.22482875395938604,0.3783936999703583,0.03551538138772181,0.003857364857364857,0.35740479982516893,1,2
0.16478814252426954,0.3308033476539126,0.13430525275186986,0.02794154075771723,0.34216171631223063,1,5
0.10582236987148054,0.015130155215002506,0.00042735042735042735,0.00020833333333333335,0.8784117911528332,5,5
0.08005000839271241,0.02063328162205871,0.0012572857425798601,0.0032414843928001823,0.894817939849849,5,5
0.15829554026448686,0.3714308666913348,0.010172606972684814,0.0016687244680202427,0.4584322616034733,5,5
0.024761290545386186,0.0674166772582894,0.001990788790866632,0.0018533549783549786,0.903977888427103,5,5
0.0055180578687484255,0.09625828904157124,0.008511815042804868,0.0036796536796536794,0.8860321843672219,5,5
0.1104205802461313,0.016825772459291087,0.00042735042735042735,0.0017401960784313724,0.8705861007887957,5,5
0.2587530260164543,0.01903432370604997,0.0010016835016835018,0.02602586423238597,0.6951851025434265,5,5
0.1272800937517288,0.28367354304026626,0.028999703386579215,0.001443001443001443,0.5586036583784242,5,5
0.13328673992016102,0.36355698715646495,0.04999913900941047,0.002902212166918049,0.4502549217470454,1,5
0.058844059205901314,0.1812218256381053,0.0004166666666666667,0.0,0.7595174484893267,5,5
0.09481724432740683,0.025921376485561174,0.0004166666666666667,0.0004901960784313725,0.8783545164419342,5,5
0.2215613509892601,0.33326307216814244,0.1268176933513213,0.01286899596783106,0.3054888875234452,1,2
0.018084867668157926,0.12168853654793173,0.0067997835497835505,0.002966716502675407,0.8504600957314513,5,5
0.021194665288091132,0.06828042256728827,0.0010732981261436546,0.0004065040650406504,0.9090451099534362,5,5
0.023966438678181372,0.147260169365623,0.007576167984737812,0.0037691188023993385,0.8174281051690585,5,5
0.18125065676045865,0.5434158614975539,0.06011864455086065,0.004403372808545222,0.21081146438258147,1,2
0.07639952589812289,0.6222002971031403,0.04147888770794024,0.00526163752867986,0.25465965176211647,2,2
0.0009916440148998288,0.03774791100372496,0.017924783549783548,0.001149891774891775,0.9421857696566999,5,5
0.03509755437604919,0.05331717457933107,0.0006127450980392157,0.0008326618318560301,0.9101398641147244,5,5
0.028139830585651015,0.24810150225747044,0.01946166862407272,0.0035569985569985567,0.7007399999758073,5,5
0.09496699789871316,0.07731177636538598,0.017748917748917747,0.0011708336390539782,0.8088014743479292,5,5
0.18976791931878625,0.09377122476861592,0.002288987129874304,0.013078694131218132,0.7010931746515053,5,5
0.25331122381412613,0.06614070644641827,0.0001736111111111111,0.008400612399692491,0.6719738462286521,5,5
0.1484370687646263,0.018062133858636874,0.0001736111111111111,0.006865656728631749,0.8264615295369939,5,5
0.16801148166080168,0.34080039802464784,0.08046891361266667,0.004353126105462554,0.4063660805964213,1,5
0.03942108970349422,0.1392820667833558,0.0,0.004052838227745195,0.8172440052854048,5,5
0.22642847208418407,0.33163977065337735,0.0062834712016955,0.00558644800285862,0.43006183805788445,2,5
0.18884028395544974,0.0620429539729637,0.0,0.0023570176037894836,0.746759744467797,5,5
0.04303996432682273,0.12258193073772954,0.002193133701031913,0.0054910396069985665,0.8266939316274173,5,5
0.011115257343445739,0.019024622427587387,0.0,0.001091893780573026,0.9687682264483938,5,5
0.07347696182137883,0.020001207814268094,0.000750122970978849,0.004694858648194778,0.9010768487451795,5,5
0.05119941611316717,0.5463379899454269,0.08097888959681637,0.007196679437126024,0.31428702490746335,2,2
0.015927059401063242,0.17053287951359117,0.0029427889183986744,0.0015196608946608943,0.8090776112722858,5,5
0.07450233902964616,0.11945883487574606,0.0,0.0008186562296151336,0.8052201698649928,5,5
0.002385800474035768,0.09441176470588235,0.0004166666666666667,0.0,0.902785768153415,5,5
0.40768444318383185,0.26872713109187957,0.00034965034965034965,0.012114668363514835,0.31112410701112336,1,1
0.06593324536639085,0.03881595753733031,0.0,0.0002824858757062147,0.8949683112205726,5,5
0.09728476568131741,0.1030194556401453,0.0009614536166260304,0.0011264367816091955,0.797607888280302,5,5
0.3566822618903369,0.19901506576497552,0.004367987791671098,0.0034933099828039684,0.4364413745702126,1,5
0.07383958671187774,0.07946100750241618,0.004258456599013875,0.0009259259259259259,0.8415150232607664,5,5
0.14843309520018516,0.05188188351005311,0.0013484709305142742,0.0008060566884096296,0.7975304936708378,5,5
0.14746032387439503,0.016787715494612047,0.00034965034965034965,0.0002331002331002331,0.8351692100482423,5,5
0.41963784962202705,0.20055872249648224,0.004297810033104151,0.01260141855424813,0.36290419929413825,2,1
0.3478929658424231,0.2119034224513586,0.0004341736694677871,0.013022170188235059,0.4267472678485155,2,5
0.270240393828274,0.24003865908885508,0.0012366718249071191,0.1467058515768526,0.3417784236811113,4,5
0.0709246809835045,0.01099818563789152,0.019546451914098976,0.016666666666666666,0.8818640147978384,5,5
0.17645944367855745,0.060189631900511915,0.000326797385620915,0.0034311821948112163,0.7595929448404984,5,5
0.020744705993571564,0.12429126263854,0.005849787069299265,0.0011009485094850948,0.848013295789104,5,5
0.13507314914114052,0.39511042304871696,0.034460840997592355,0.013163808021766811,0.42219177879078335,2,5
0.34862635405243764,0.35592882092824035,0.0005602240896358543,0.049204811596355716,0.24567978933333035,1,2
0.11237099853158804,0.03308629137158808,0.0012755762755762754,0.007283251009017372,0.8459838828122304,5,5
0.05545507062405928,0.0994213992253208,0.0012425074925074926,0.001605130526699154,0.8422758921314134,5,5
0.055178406437717216,0.044652396253887214,0.0029264132553606234,0.0016034306657053592,0.8956393533873296,5,5
0.26483037404290494,0.26334510365925284,0.0005602240896358543,0.004233623273870951,0.46703067493433537,1,5
0.048344893830911465,0.01464226665633315,0.0,0.0010854341736694676,0.9359274053390859,5,5
0.33722421556682836,0.3369862011210503,0.003993830243830244,0.02145746504187356,0.3003382880264175,2,1
0.0194132490325681,0.1419540064276273,0.0015847767173323907,0.029764427081500254,0.807283540740972,5,5
0.46697931800433273,0.22222399741216511,0.0008333333333333334,0.02028660259570229,0.2896767486544664,2,1
0.15517009793803055,0.030574869320453217,0.0008333333333333334,0.0020483635373341256,0.8113733358708488,5,5
0.006782172230285437,0.002712264150943396,0.0,0.0006289308176100629,0.9898766328011611,5,5
0.4014779042167533,0.19884155597531217,0.0032910159013100192,0.030441718179639064,0.3659478057269853,5,1
0.03624184754696084,0.19684621020129917,0.0011750881316098707,0.0007246376811594203,0.7650122164389707,5,5
0.02081876456876457,0.014545454545454545,0.0,0.0,0.964635780885781,5,5
0.055600553926229125,0.08277257912120567,0.0,0.0008777239709443098,0.8607491429816209,5,5
0.3600005416037251,0.3400267121165941,0.0,0.030339781746031746,0.2696329645336491,2,1
0.005546069973640068,0.08267433501078361,0.0,0.0,0.9117795950155763,5,5
0.452726028906517,0.40302002687201804,0.0,0.03195755792738551,0.11229638629407934,1,1
0.039698508511385774,0.013443944087807268,0.0,0.01388888888888889,0.932968658511918,5,5
0.46889887103563815,0.3226174803615642,0.0005602240896358543,0.035904262961911314,0.17201916155125058,2,1
0.11137939400906255,0.6716240456883025,0.00045045045045045046,0.051105447718350946,0.16544066213383365,2,2
0.24626371976818245,0.42596830265474667,0.0003115264797507788,0.00954644896672807,0.31791000213059206,2,2
0.1321493348622399,0.29004071694406197,0.0003115264797507788,0.005201631000942363,0.5722967907130051,5,5
0.11050511229052094,0.01240920274967757,0.00034965034965034965,0.0002331002331002331,0.876502934377051,5,5
0.03361044760815898,0.15547616311939325,0.0012379228964927238,0.0026194351527156893,0.8070560312232394,5,5
0.031545534477914555,0.15396018626286526,0.0021399433899433897,0.004561988936988936,0.807792346932288,5,5
0.19126368497846846,0.42199704579734687,0.0001736111111111111,0.0034695416595184997,0.38309611645355485,2,2
0.012022385555428323,0.01695712781658333,0.0001736111111111111,0.000810185185185185,0.9700366903316922,5,5
0.11914977760565997,0.002433315668609786,0.000326797385620915,0.008144796380090498,0.8699453129600189,5,5
0.19830823342856438,0.47605709713915495,0.0005376344086021505,0.0033699871852856927,0.3217270478383928,5,2
0.0008167057902973395,0.061380682468796514,0.0,0.0003472222222222222,0.9374553895186839,5,5
0.013255214398144645,0.10123963784933537,0.000641025641025641,0.0009737788847377888,0.8838903432267565,5,5
0.018672388754675955,0.17113791184845153,0.000641025641025641,0.002199074074074074,0.8073495996817729,5,5
0.10916452616474352,0.03905265773114283,0.019183873044167164,0.0043007990867579915,0.8282981439731886,5,5
0.05540168374236923,0.008611558121518805,0.0,0.0002824858757062147,0.9357042722604058,5,5
0.032550990675990675,0.09582264957264956,0.0,0.00020833333333333335,0.8714180264180263,5,5
0.03307792043149548,0.046346771467207566,0.0,0.0005208333333333333,0.9200544747679636,5,5
0.5056743888033992,0.26582045434957147,0.0010453616804977442,0.027251591202992347,0.2002082039635392,1,1
0.07451294384850828,0.02139560769529448,0.0001736111111111111,0.006139843516022761,0.8977779938290633,5,5
0.00551930708180708,0.016558060841597427,0.0008466880341880342,0.0003472222222222222,0.9767287218201853,5,5
0.25010779940234157,0.2994005065334698,0.0005602240896358543,0.008121983258646544,0.4418094867159062,5,5
0.01844382197323374,0.04593370681605976,0.0,0.0002645502645502645,0.9353579209461562,5,5
0.2002595350916246,0.6027576307427053,0.0,0.0322809832511325,0.16470185091453748,2,2
0.05475001743910244,0.05853883859745972,0.0019044612794612795,0.0007748538011695907,0.8840318288828068,5,5
0.27999712949552935,0.28552725912318705,0.005076541105952871,0.010256446731717293,0.4191426235436135,1,5
0.016378677379464107,0.07745125742019927,0.0010339506172839506,0.00034246575342465754,0.9047936488296281,5,5
0.043899170816561396,0.08311642145374341,0.022635501355013545,0.0007489698184653079,0.8495999365562165,5,5
0.08922394987710004,0.43195669039750667,0.03640580917424686,0.005219400285445733,0.43719415026570074,2,5
0.022721468093629574,0.10664740466990258,0.0009157842904688995,0.0008662741799831792,0.8688490687660158,5,5
0.022751730041282104,0.11150915559026393,0.0023496574348683594,0.0012087399334078366,0.8621807170001776,5,5
0.1596973462549793,0.12185912247343116,0.005078312890812891,0.0045712905686137355,0.708793927812163,5,5
0.08381833350271536,0.611259571747217,0.017479813335149065,0.03669593374667531,0.2507463476682433,2,2
0.11205207475220275,0.10070151487178768,0.009587288157686369,0.007090245956204916,0.7705688762621183,5,5
0.05723256705108297,0.19356354538032855,0.022559581966601402,0.12058849640220541,0.6060558091997816,5,5
0.20778474469450847,0.32030677679836317,0.08190935404743291,0.024174729701113378,0.3658243947585822,3,5
0.12299894940421456,0.04871478392229434,0.018692936736161035,0.01884396586753352,0.7907493640697966,5,5
0.12685849897389684,0.495496634558702,0.05699345322319361,0.008784340998703734,0.3118670722455036,2,2
0.11249294945275516,0.06664902790529992,0.0008333333333333334,0.006007845210631589,0.81401684409798,5,5
0.11088556505223172,0.10945301209793963,0.001353276353276353,0.0,0.7783081464965522,5,5
0.025172956742505616,0.22129727728411938,0.0015901360544217688,0.0,0.7519396299189531,5,5
0.03565222853829191,0.21049718860731467,0.004562774083893431,0.0037092907329281544,0.7455785180375718,5,5
0.09454904842372823,0.4945774112110685,0.05938466886792982,0.007705421760821104,0.3437834497364523,2,2
0.07495007921821416,0.7123582114783826,0.03794531031040441,0.03151546557758463,0.14323093341541399,2,2
0.07362105444296585,0.5197496113512255,0.113746025936394,0.01628548472310486,0.27659782354630974,5,2
0.03031887928823941,0.5906465883457007,0.006789810538009579,0.0019472107872355758,0.37029751104081493,2,2
0.005592267928715122,0.21879243355406192,0.005224174313144636,0.0016599249736339726,0.7687311992304444,5,5
0.0552474985681227,0.3732949380161473,0.030092916365782874,0.1508736910642258,0.3904909559857212,5,5
0.00732164258664426,0.2804861784449082,0.03866768421090851,0.0010903426791277258,0.6724341520784114,5,5
0.06624963924963924,0.2676338413621695,0.006061288843022589,0.0009259259259259259,0.6591293046192427,5,5
0.3107836096607216,0.09706758685775173,0.03536514311619398,0.009077256100893523,0.5477064042644391,5,5
0.2344629194813358,0.20502491938030165,0.02768876152676892,0.019771700545337965,0.5130516990662557,5,5
0.04305451462213324,0.23428683904446293,0.033691107627564075,0.016333992461328908,0.6726335462445108,5,5
0.08956516390317011,0.27573909046704187,0.0032046640457855406,0.03546728971962617,0.5960237918643762,5,5
0.3231143648092969,0.31830033675950464,0.020840108235012148,0.009297839506172838,0.3284473506900134,1,5
0.07300708891294062,0.7239402031337827,0.02366533051640808,0.006860234940986271,0.17252714249588236,2,2
0.1552672588397878,0.623161327989433,0.0636755129876976,0.00325763282134182,0.15463826736173972,2,2
0.002503913791221818,0.2970118674429019,0.0011786940481521764,0.0004597701149425287,0.6988457546027814,5,5
0.363817477376922,0.24434466665439503,0.003996529995505405,0.1706131841991626,0.21722814177401503,4,1
0.03380839002267574,0.03273960695389267,0.09744444444444444,0.0,0.8360075585789873,5,5
0.05016398705925778,0.6466430707418691,0.03915938432960147,0.0010008956560680698,0.26303266221320354,2,2
0.0069246031746031745,0.35124387255852774,0.004067801567801568,0.00010822510822510824,0.6376554975908424,5,5
0.12737257978827327,0.6427880912225882,0.0021471283548880546,0.001075268817204301,0.22661693181704617,2,2
0.04400656325802622,0.5435332068142045,0.18077938637599503,0.0036609542570922447,0.22801988929468206,2,2
0.02272923624343503,0.6222221283149276,0.005203655042650985,0.0026819923371647508,0.34716298806182166,2,2
0.11321072270881942,0.49130020774843974,0.0042277308393998975,0.008053060632443128,0.3832082780708978,2,2
0.043968493271370805,0.6358756530747774,0.026264839921249596,0.005438929716184745,0.2884520840164173,2,2
0.03240131748419254,0.700441359239981,0.051373153011960986,0.0018486590038314175,0.21393551126003416,2,2
0.5326935433135233,0.06543386360470924,0.0028782038771792864,0.002949223801560076,0.39604516540302814,1,1
0.047001337180266986,0.503490946187333,0.0278158915081184,0.006973795354464529,0.4147180297698171,2,2
0.13447010316575536,0.09720629611933959,0.15946886446886446,0.0002380952380952381,0.6086166410079453,3,5
0.04357711273620073,0.7348790460175534,0.033257271455561746,0.03554661223240385,0.15273995755828015,2,2
0.041875152760968586,0.7054716076517935,0.009108603075144639,0.00342135619316509,0.24012328031892805,2,2
0.2139995659001844,0.5560742452228021,0.008141632332148947,0.020627705627705623,0.2011568509171589,2,2
0.033412698412698415,0.2887698412698413,0.008888888888888889,0.0,0.6689285714285714,5,5
0.07944444444444444,0.0033333333333333335,0.0,0.0033333333333333335,0.9138888888888889,5,5
0.3062169312169313,0.2216005291005291,0.005555555555555555,0.0,0.4666269841269841,1,5
0.3902579365079365,0.38817460317460317,0.0,0.01583333333333333,0.20573412698412696,2,1
0.025,0.03194444444444444,0.0,0.004166666666666667,0.9388888888888888,5,5
0.08468434343434343,0.09414862914862915,0.0,0.0,0.8211670274170274,5,5
0.07555555555555556,0.5527777777777778,0.07907407407407407,0.017592592592592594,0.27499999999999997,2,2
0.42799603174603174,0.15434523809523812,0.01111111111111111,0.0,0.4065476190476191,5,1
0.021957671957671957,0.12374338624338624,0.021428571428571425,0.0023809523809523807,0.830489417989418,5,5
0.33166005291005296,0.3941931216931217,0.005555555555555555,0.017777777777777778,0.25081349206349207,2,2
0.036428571428571435,0.08777777777777779,0.005555555555555555,0.0,0.8702380952380951,5,5
0.4983068783068783,0.22494708994708995,0.005555555555555555,0.024880952380952382,0.24630952380952378,1,1
0.09067460317460316,0.009523809523809523,0.0,0.022500000000000003,0.8773015873015874,5,5
0.1721031746031746,0.4473809523809523,0.008333333333333333,0.024404761904761908,0.3477777777777778,2,2
0.07726190476190477,0.12041666666666666,0.0,0.011666666666666665,0.7906547619047619,5,5
0.07,0.01111111111111111,0.0,0.0,0.9188888888888888,5,5
0.06797619047619047,0.13158730158730159,0.01833333333333333,0.006666666666666667,0.7754365079365079,5,5
0.4579100529100529,0.13909391534391535,0.0,0.01702380952380952,0.3859722222222222,1,1
0.13652116402116402,0.052936507936507934,0.02182539682539682,0.0047619047619047615,0.7839550264550266,5,5
0.035,0.06624999999999999,0.0,0.0,0.8987499999999999,5,5
0.06777777777777777,0.022500000000000003,0.0,0.0,0.9097222222222221,5,5
0.03944444444444444,0.10388888888888889,0.0,0.0,0.8566666666666667,5,5
0.49119708994709005,0.2855952380952382,0.0,0.06841269841269841,0.1547949735449735,1,1
0.033888888888888885,0.14337301587301585,0.006666666666666667,0.011666666666666665,0.804404761904762,5,5
0.47083333333333327,0.13519841269841268,0.0,0.015000000000000001,0.378968253968254,5,1
0.12805555555555556,0.0,0.006666666666666667,0.0,0.8652777777777777,5,5
0.07027777777777779,0.008333333333333333,0.0,0.0,0.9213888888888889,5,5
0.02896825396825397,0.052936507936507934,0.0,0.009523809523809523,0.9085714285714286,5,5
0.01944444444444444,0.14752164502164505,0.008333333333333333,0.07273809523809523,0.7519624819624819,5,5
0.43744912494912497,0.2736299348799349,0.016666666666666666,0.0,0.27225427350427345,1,1
0.10638125763125764,0.39474664224664224,0.12871031746031744,0.03805555555555555,0.3321062271062271,2,2
0.08405982905982906,0.42927045177045176,0.11593253968253969,0.01944444444444444,0.3512927350427351,2,2
0.49797619047619046,0.13658730158730154,0.0,0.08511904761904762,0.28031746031746035,1,1
0.04777777777777778,0.05777777777777779,0.0,0.012916666666666667,0.8815277777777777,5,5
0.07490079365079365,0.010833333333333334,0.0,0.008333333333333333,0.9059325396825396,5,5
0.18256132756132754,0.3973394660894662,0.06234126984126984,0.016944444444444443,0.3408134920634921,3,2
0.12999999999999998,0.04444444444444444,0.008333333333333333,0.0,0.8172222222222221,5,5
0.022519841269841266,0.11632936507936507,0.17726851851851855,0.061064814814814815,0.6228174603174603,5,5
0.05911375661375662,0.04400793650793651,0.010000000000000002,0.06867063492063492,0.818207671957672,5,5
0.10892857142857143,0.02996031746031746,0.0,0.025595238095238095,0.835515873015873,5,5
0.01875,0.0,0.0,0.0,0.98125,5,5
0.02638888888888889,0.1750919913419913,0.0,0.0,0.7985191197691198,5,5
0.016666666666666666,0.0375,0.0,0.0,0.9458333333333333,5,5
0.4322817460317461,0.09964285714285714,0.010416666666666666,0.015000000000000001,0.44265873015873003,1,5
0.06087301587301588,0.05765873015873015,0.00972222222222222,0.0,0.8717460317460316,5,5
0.0,0.020833333333333332,0.0,0.0,0.9791666666666666,5,5
0.035416666666666666,0.07708333333333334,0.0,0.004166666666666667,0.8833333333333333,5,5
0.20089285714285718,0.041944444444444444,0.0,0.0,0.7571626984126983,5,5
0.33869047619047615,0.3327843915343916,0.015277777777777777,0.011666666666666665,0.3015806878306878,1,1
0.01111111111111111,0.0,0.0,0.0,0.9888888888888888,5,5
0.1309920634920635,0.061924603174603174,0.010714285714285713,0.0,0.7963690476190476,5,5
0.11652777777777777,0.0125,0.0,0.0,0.8709722222222223,5,5
0.6022871572871573,0.2382683982683983,0.0,0.048888888888888885,0.11055555555555556,1,1
0.0,0.005555555555555555,0.0,0.0,0.9944444444444444,5,5
0.309186507936508,0.3212896825396825,0.0,0.03611111111111111,0.33341269841269844,5,5
0.06093915343915343,0.0351010101010101,0.013888888888888888,0.0,0.8900709475709476,5,5
0.09611111111111109,0.04341269841269842,0.01111111111111111,0.0,0.8493650793650792,5,5
0.47103174603174597,0.27025793650793656,0.0,0.041984126984126985,0.2167261904761905,2,1
0.2541053391053391,0.3457876382876383,0.0,0.06305555555555556,0.337051467051467,2,2
0.09027777777777776,0.04694444444444444,0.0,0.02222222222222222,0.8405555555555555,5,5
0.21966931216931215,0.04142857142857143,0.017777777777777778,0.0,0.7211243386243387,5,5
0.20972883597883596,0.07666666666666667,0.006666666666666667,0.035,0.6719378306878306,5,5
0.03194444444444444,0.1315740740740741,0.0,0.0,0.8364814814814815,5,5
0.37704365079365076,0.10916666666666668,0.0,0.06435185185185185,0.4494378306878308,5,5
0.06972222222222223,0.06333333333333334,0.0,0.006666666666666667,0.8602777777777779,5,5
0.02,0.05,0.0,0.0,0.93,5,5
0.49817460317460316,0.20186507936507933,0.011666666666666665,0.025555555555555554,0.2627380952380952,1,1
0.09069444444444444,0.02380952380952381,0.0,0.0,0.8854960317460316,5,5
0.07175925925925926,0.544047619047619,0.050793650793650794,0.0,0.33339947089947086,2,2
0.0033333333333333335,0.14914682539682542,0.02875,0.004166666666666667,0.8146031746031747,5,5
0.020595238095238097,0.08492063492063491,0.041666666666666664,0.014444444444444446,0.8383730158730158,5,5
0.23581349206349203,0.5608399470899471,0.0,0.02277777777777778,0.18056878306878307,2,2
0.04583333333333333,0.0761111111111111,0.0,0.005555555555555555,0.8725,5,5
0.0125,0.06321428571428571,0.0,0.0,0.9242857142857142,5,5
0.2721825396825397,0.2652380952380952,0.005555555555555555,0.02035714285714286,0.43666666666666665,2,5
0.013333333333333334,0.03611111111111111,0.0,0.008333333333333333,0.9422222222222222,5,5
0.025,0.2636309523809524,0.023571428571428573,0.0,0.687797619047619,5,5
0.04226190476190476,0.00972222222222222,0.0,0.0,0.948015873015873,5,5
0.31313492063492065,0.30301587301587296,0.13384920634920633,0.01825396825396825,0.23174603174603173,1,1
0.0688095238095238,0.06597222222222222,0.0,0.014999999999999998,0.850218253968254,5,5
0.15974867724867722,0.11812169312169311,0.013425925925925924,0.014999999999999998,0.6937037037037038,5,5
0.045992063492063494,0.08511904761904761,0.0,0.0125,0.856388888888889,5,5
0.2243055555555556,0.39219576719576715,0.0,0.0660515873015873,0.31744708994709,4,2
0.03680555555555556,0.05277777777777778,0.0,0.021666666666666667,0.88875,5,5
0.3653102453102453,0.34593253968253973,0.04583333333333333,0.0,0.24292388167388168,1,1
0.10432539682539682,0.015277777777777776,0.0,0.006666666666666667,0.8737301587301587,5,5
0.13958333333333334,0.05333333333333334,0.013888888888888888,0.01944444444444444,0.7737499999999998,5,5
0.1338888888888889,0.016666666666666666,0.0,0.0,0.8494444444444444,5,5
0.1525,0.05138888888888889,0.0,0.0,0.7961111111111111,5,5
0.055656565656565654,0.027777777777777776,0.0,0.024444444444444446,0.8921212121212122,5,5
0.01944444444444444,0.14716269841269844,0.04055555555555555,0.0,0.7928373015873016,5,5
0.04301587301587302,0.02222222222222222,0.0033333333333333335,0.0,0.9314285714285714,5,5
0.02587301587301587,0.15813492063492063,0.0,0.0023809523809523807,0.8136111111111112,5,5
0.3070634920634921,0.26339285714285715,0.12910714285714284,0.007142857142857143,0.29329365079365083,1,1
0.2709722222222222,0.4080224867724868,0.0,0.0047619047619047615,0.31624338624338627,2,2
0.03184523809523809,0.07777777777777777,0.0,0.0,0.8903769841269842,5,5
0.08861111111111113,0.030833333333333334,0.0,0.0,0.8805555555555553,5,5
0.2608333333333333,0.43333333333333346,0.005555555555555555,0.044722222222222226,0.2555555555555556,2,2
0.0539484126984127,0.07513888888888888,0.0,0.0,0.8709126984126985,5,5
0.0033333333333333335,0.006666666666666667,0.0,0.0,0.99,5,5
0.0275,0.0,0.0,0.0,0.9725,5,5
0.2850198412698413,0.29474206349206344,0.0,0.008333333333333333,0.4119047619047619,1,5
0.5890873015873016,0.20543650793650794,0.0,0.018333333333333333,0.18714285714285714,1,1
0.06333333333333332,0.06194444444444445,0.0,0.005555555555555555,0.8691666666666665,5,5
0.2984992784992785,0.41693722943722944,0.0,0.014444444444444446,0.2701190476190476,5,2
0.03833333333333334,0.06392857142857143,0.0,0.0047619047619047615,0.8929761904761905,5,5
0.09930555555555556,0.06916666666666667,0.0,0.004166666666666667,0.8273611111111112,5,5
0.028703703703703707,0.04887566137566137,0.0,0.0,0.9224206349206349,5,5
0.012777777777777777,0.10785714285714286,0.0,0.0,0.8793650793650793,5,5
0.34015873015873016,0.40928571428571436,0.0,0.042777777777777776,0.20777777777777776,2,2
0.0980952380952381,0.08111111111111112,0.0027777777777777775,0.0033333333333333335,0.8146825396825397,5,5
0.21804894179894183,0.44355820105820104,0.0,0.020496031746031748,0.31789682539682546,2,2
0.27816017316017316,0.38517316017316017,0.0,0.018055555555555554,0.3186111111111111,2,2
0.4099074074074075,0.37677248677248676,0.0,0.032539682539682535,0.18078042328042326,2,1
0.016666666666666666,0.10841269841269842,0.0,0.0,0.874920634920635,5,5
0.013095238095238096,0.11833333333333333,0.0,0.010714285714285713,0.8578571428571428,5,5
0.16658730158730156,0.40287698412698414,0.0,0.025357142857142856,0.40517857142857144,5,5
0.33878968253968256,0.2015873015873016,0.0,0.1538293650793651,0.30579365079365073,5,1
0.3601984126984128,0.31640933140933136,0.0,0.030277777777777775,0.29311447811447805,1,1
0.10935185185185185,0.07224266474266473,0.0,0.006666666666666667,0.811738816738817,5,5
0.01369047619047619,0.1511111111111111,0.0,0.0,0.8351984126984127,5,5
0.02222222222222222,0.0,0.0,0.0020833333333333333,0.9756944444444444,5,5
0.2557936507936508,0.5221031746031746,0.0,0.059444444444444446,0.16265873015873017,2,2
0.20160714285714282,0.3096031746031746,0.0,0.08115079365079365,0.4076388888888889,2,5
0.4694444444444444,0.34932539682539676,0.0,0.01726190476190476,0.16396825396825399,1,1
0.015000000000000001,0.0,0.0,0.0,0.985,5,5
0.23813492063492064,0.43950396825396826,0.0,0.027857142857142855,0.29450396825396824,2,2
0.02333333333333333,0.05625,0.0027777777777777775,0.029166666666666664,0.8884722222222223,5,5
0.0640873015873016,0.04666666666666666,0.0,0.009523809523809523,0.8797222222222222,5,5
0.025555555555555557,0.1275,0.005555555555555555,0.005555555555555555,0.8358333333333333,5,5
0.029166666666666667,0.12178571428571429,0.0,0.0,0.849047619047619,5,5
0.007500000000000001,0.03345238095238095,0.0,0.008333333333333333,0.9507142857142858,5,5
0.3153860028860029,0.4317568542568543,0.0,0.02833333333333333,0.22452380952380951,2,2
0.2319336219336219,0.4658044733044734,0.0,0.051388888888888894,0.2508730158730159,2,2
0.010416666666666666,0.08944444444444444,0.0027777777777777775,0.0,0.897361111111111,5,5
0.024603174603174603,0.28443722943722943,0.005555555555555555,0.0,0.6854040404040405,5,5
0.09208333333333334,0.5469841269841268,0.03071428571428571,0.0,0.330218253968254,2,2
0.07396825396825397,0.12067460317460316,0.013333333333333334,0.0,0.7920238095238095,5,5
0.07833333333333332,0.5039484126984126,0.1275793650793651,0.014444444444444446,0.2756944444444445,3,2
0.040138888888888884,0.0846031746031746,0.07291666666666667,0.0,0.8023412698412697,5,5
0.11972222222222222,0.348968253968254,0.018571428571428572,0.016944444444444443,0.4957936507936508,5,5
0.07888888888888888,0.11212301587301589,0.008333333333333333,0.0,0.8006547619047619,5,5
0.04268518518518519,0.1643939393939394,0.0033333333333333335,0.004166666666666667,0.7854208754208754,5,5
0.03907407407407407,0.13039682539682537,0.005555555555555555,0.0,0.824973544973545,5,5
0.07587301587301587,0.4916269841269841,0.05238095238095238,0.0,0.3801190476190476,5,2
0.03818681318681318,0.1341117216117216,0.0,0.008928571428571428,0.8187728937728938,5,5
0.0444017094017094,0.3492806267806268,0.00845959595959596,0.014444444444444446,0.5834136234136234,5,5
0.016269841269841268,0.3867929292929293,0.02333333333333333,0.0,0.5736038961038962,5,5
0.04196428571428571,0.38816017316017315,0.029484126984126984,0.0,0.5403914141414141,5,5
0.049801587301587305,0.669047619047619,0.05093253968253968,0.0,0.23021825396825393,5,2
0.07166666666666667,0.22597222222222219,0.005555555555555555,0.0,0.6968055555555555,5,5
0.07281746031746031,0.6903373015873016,0.025992063492063493,0.013703703703703702,0.19714947089947088,2,2
0.046746031746031744,0.4350066137566138,0.0125,0.009920634920634918,0.4958267195767196,1,5
0.04046296296296296,0.6260185185185185,0.029325396825396824,0.008333333333333333,0.2958597883597884,2,2
0.09074074074074075,0.5956746031746031,0.07376984126984126,0.01111111111111111,0.2287037037037037,2,2
0.11103294853294852,0.612922077922078,0.02708333333333333,0.0,0.24896164021164024,2,2
0.19242063492063494,0.6290079365079364,0.04853174603174604,0.0,0.13003968253968254,2,2
0.24003663003663,0.3715954415954415,0.04904761904761904,0.010833333333333334,0.328486975986976,5,2
0.1065079365079365,0.1933730158730159,0.08730158730158728,0.013492063492063493,0.5993253968253968,5,5
0.0,0.20333333333333334,0.02277777777777778,0.01388888888888889,0.76,5,5
0.033922558922558924,0.7771272246272246,0.03194444444444444,0.004166666666666667,0.15283910533910533,2,2
0.13694444444444445,0.6252579365079366,0.06359126984126982,0.009325396825396825,0.16488095238095238,2,2
0.0,0.23369047619047617,0.0,0.0,0.7663095238095238,5,5
0.02242063492063492,0.8347619047619047,0.01,0.0,0.1328174603174603,2,2
0.21646825396825398,0.6162301587301585,0.020595238095238097,0.008333333333333333,0.13837301587301587,2,2
0.10111111111111111,0.7002777777777778,0.09749999999999999,0.008333333333333333,0.09277777777777778,2,2
0.04531440781440781,0.3555835368335369,0.016792929292929294,0.0,0.582309126059126,2,5
0.023928571428571424,0.39191798941798944,0.008888888888888889,0.0,0.5752645502645504,2,5
0.0898148148148148,0.6136111111111112,0.029444444444444443,0.028055555555555556,0.23907407407407405,3,2
0.5884854497354498,0.14779761904761907,0.06438492063492064,0.00972222222222222,0.18960978835978837,1,1
0.5126124338624338,0.14009920634920636,0.03224206349206349,0.005555555555555555,0.30949074074074073,1,1
0.40132275132275136,0.36391534391534386,0.0023809523809523807,0.009444444444444445,0.22293650793650788,1,1
0.03333333333333333,0.2,0.0,0.0,0.7666666666666667,5,5
0.25,0.25,0.25,0.016666666666666666,0.23333333333333334,2,1
0.0,0.0,0.2,0.016666666666666666,0.7833333333333333,5,5
0.18333333333333332,0.0,0.016666666666666666,0.0,0.8,5,5
0.06666666666666667,0.75,0.0,0.0,0.18333333333333332,2,2
0.0,0.03333333333333333,0.0,0.0,0.9666666666666667,5,5
0.06666666666666667,0.016666666666666666,0.03333333333333333,0.0,0.8833333333333333,5,5
0.21666666666666667,0.43333333333333335,0.0,0.0,0.35,2,2
0.5166666666666667,0.21666666666666667,0.0,0.0,0.26666666666666666,1,1
0.2,0.0,0.0,0.0,0.8,5,5
0.03333333333333333,0.0,0.0,0.0,0.9666666666666667,5,5
0.08333333333333333,0.4666666666666667,0.016666666666666666,0.0,0.43333333333333335,2,2
0.5,0.2,0.0,0.016666666666666666,0.2833333333333333,2,1
0.0,0.15,0.0,0.0,0.85,5,5
0.13333333333333333,0.4666666666666667,0.0,0.016666666666666666,0.38333333333333336,2,2
0.05,0.06666666666666667,0.0,0.0,0.8833333333333333,5,5
0.0,0.11666666666666667,0.0,0.0,0.8833333333333333,5,5
0.23333333333333334,0.05,0.0,0.0,0.7166666666666667,5,5
0.08333333333333333,0.0,0.0,0.0,0.9166666666666666,5,5
0.016666666666666666,0.016666666666666666,0.0,0.016666666666666666,0.95,5,5
0.03333333333333333,0.18333333333333332,0.0,0.0,0.7833333333333333,5,5
0.016666666666666666,0.05,0.016666666666666666,0.0,0.9166666666666666,5,5
0.0,0.0,0.0,0.0,1.0,5,5
0.23333333333333334,0.25,0.0,0.0,0.5166666666666667,5,5
0.016666666666666666,0.03333333333333333,0.0,0.0,0.95,5,5
0.016666666666666666,0.2833333333333333,0.0,0.0,0.7,5,5
0.06666666666666667,0.0,0.0,0.0,0.9333333333333333,5,5
0.1,0.5166666666666667,0.0,0.0,0.38333333333333336,2,2
0.016666666666666666,0.2,0.0,0.0,0.7833333333333333,5,5
0.16666666666666666,0.0,0.0,0.0,0.8333333333333334,5,5
0.06666666666666667,0.05,0.03333333333333333,0.03333333333333333,0.8166666666666667,5,5
0.03333333333333333,0.11666666666666667,0.11666666666666667,0.0,0.7333333333333333,5,5
0.0,0.06666666666666667,0.0,0.0,0.9333333333333333,5,5
0.4166666666666667,0.26666666666666666,0.016666666666666666,0.03333333333333333,0.26666666666666666,1,1
0.08333333333333333,0.4166666666666667,0.0,0.11666666666666667,0.38333333333333336,5,2
0.5,0.23333333333333334,0.0,0.03333333333333333,0.23333333333333334,2,1
0.06666666666666667,0.0,0.0,0.0,0.9333333333333333,5,5
0.11666666666666667,0.05,0.0,0.0,0.8333333333333334,5,5
0.08333333333333333,0.35,0.0,0.05,0.5166666666666667,2,5
0.18333333333333332,0.48333333333333334,0.0,0.05,0.2833333333333333,2,2
0.11666666666666667,0.36666666666666664,0.06666666666666667,0.0,0.45,5,5
0.0,0.016666666666666666,0.0,0.0,0.9833333333333333,5,5
0.0,0.25,0.0,0.0,0.75,5,5
0.0,0.08333333333333333,0.0,0.0,0.9166666666666666,5,5
0.016666666666666666,0.16666666666666666,0.0,0.0,0.8166666666666667,5,5
0.06666666666666667,0.0,0.016666666666666666,0.016666666666666666,0.9,5,5
0.23333333333333334,0.25,0.0,0.06666666666666667,0.45,1,5
0.31666666666666665,0.3333333333333333,0.0,0.03333333333333333,0.31666666666666665,1,2
0.0,0.03333333333333333,0.0,0.0,0.9666666666666667,5,5
0.11666666666666667,0.03333333333333333,0.0,0.0,0.85,5,5
0.05,0.03333333333333333,0.0,0.0,0.9166666666666666,5,5
0.26666666666666666,0.016666666666666666,0.0,0.0,0.7166666666666667,5,5
0.1,0.5666666666666667,0.05,0.05,0.23333333333333334,2,2
0.06666666666666667,0.08333333333333333,0.0,0.0,0.85,5,5
0.0,0.11666666666666667,0.0,0.0,0.8833333333333333,5,5
0.3,0.08333333333333333,0.016666666666666666,0.0,0.6,5,5
0.21666666666666667,0.18333333333333332,0.0,0.0,0.6,2,5
0.3,0.36666666666666664,0.0,0.03333333333333333,0.3,2,2
0.0,0.15,0.0,0.0,0.85,5,5
0.05,0.5333333333333333,0.03333333333333333,0.0,0.38333333333333336,2,2
0.016666666666666666,0.06666666666666667,0.0,0.0,0.9166666666666666,5,5
0.31666666666666665,0.06666666666666667,0.0,0.0,0.6166666666666667,5,5
0.0,0.016666666666666666,0.0,0.0,0.9833333333333333,5,5
0.11666666666666667,0.06666666666666667,0.03333333333333333,0.0,0.7833333333333333,5,5
0.08333333333333333,0.11666666666666667,0.06666666666666667,0.0,0.7333333333333333,5,5
0.06666666666666667,0.0,0.0,0.0,0.9333333333333333,5,5
0.36666666666666664,0.21666666666666667,0.0,0.0,0.4166666666666667,1,5
0.05,0.5333333333333333,0.16666666666666666,0.0,0.25,3,2
0.16666666666666666,0.016666666666666666,0.0,0.0,0.8166666666666667,5,5
0.03333333333333333,0.0,0.0,0.0,0.9666666666666667,5,5
0.06666666666666667,0.016666666666666666,0.0,0.0,0.9166666666666666,5,5
0.016666666666666666,0.0,0.0,0.0,0.9833333333333333,5,5
0.44583333333333336,0.2375,0.0,0.05,0.26666666666666666,1,1
0.03333333333333333,0.016666666666666666,0.0,0.0,0.95,5,5
0.13333333333333333,0.0,0.0,0.0,0.8666666666666667,5,5
0.16666666666666666,0.08333333333333333,0.0,0.05,0.7,1,5
0.11666666666666667,0.016666666666666666,0.016666666666666666,0.0,0.85,5,5
0.016666666666666666,0.21666666666666667,0.016666666666666666,0.0,0.75,5,5
0.0,0.26666666666666666,0.0,0.0,0.7333333333333333,5,5
0.03333333333333333,0.18333333333333332,0.0,0.0,0.7833333333333333,5,5
0.0,0.016666666666666666,0.0,0.0,0.9833333333333333,5,5
0.03333333333333333,0.65,0.05,0.0,0.26666666666666666,2,2
0.0,0.16666666666666666,0.016666666666666666,0.0,0.8166666666666667,5,5
0.03333333333333333,0.0,0.0,0.0,0.9666666666666667,5,5
0.36666666666666664,0.4,0.0,0.06666666666666667,0.16666666666666666,1,2
0.03333333333333333,0.03333333333333333,0.0,0.0,0.9333333333333333,5,5
0.15,0.4666666666666667,0.0,0.16666666666666666,0.21666666666666667,1,2
0.03333333333333333,0.15,0.0,0.0,0.8166666666666667,5,5
0.016666666666666666,0.03333333333333333,0.0,0.0,0.95,5,5
0.5,0.21666666666666667,0.0,0.03333333333333333,0.25,1,1
0.5833333333333334,0.16666666666666666,0.0,0.0,0.25,1,1
0.0,0.08333333333333333,0.0,0.0,0.9166666666666666,5,5
0.03333333333333333,0.0,0.0,0.0,0.9666666666666667,5,5
0.05,0.13333333333333333,0.0,0.0,0.8166666666666667,5,5
0.03333333333333333,0.15,0.0,0.0,0.8166666666666667,5,5
0.1,0.05,0.0,0.0,0.85,5,5
0.0,0.05,0.0,0.0,0.95,5,5
0.48333333333333334,0.2833333333333333,0.0,0.016666666666666666,0.21666666666666667,1,1
0.3,0.25,0.0,0.05,0.4,1,5
0.2,0.5833333333333334,0.0,0.05,0.16666666666666666,2,2
0.31666666666666665,0.3,0.0,0.03333333333333333,0.35,1,5
0.05,0.016666666666666666,0.0,0.0,0.9333333333333333,5,5
0.05,0.0,0.0,0.0,0.95,5,5
0.06666666666666667,0.0,0.0,0.0,0.9333333333333333,5,5
0.11666666666666667,0.15,0.0,0.03333333333333333,0.7,5,5
0.06666666666666667,0.05,0.0,0.0,0.8833333333333333,5,5
0.05,0.08333333333333333,0.0,0.016666666666666666,0.85,5,5
0.016666666666666666,0.16666666666666666,0.0,0.0,0.8166666666666667,5,5
0.0,0.03333333333333333,0.0,0.0,0.9666666666666667,5,5
0.0,0.11666666666666667,0.0,0.016666666666666666,0.8666666666666667,5,5
0.0,0.0,0.0,0.0,1.0,5,5
0.42916666666666664,0.30416666666666664,0.0,0.03333333333333333,0.23333333333333334,1,1
0.016666666666666666,0.0,0.0,0.0,0.9833333333333333,5,5
0.016666666666666666,0.16666666666666666,0.0,0.0,0.8166666666666667,5,5
0.016666666666666666,0.1,0.0,0.016666666666666666,0.8666666666666667,5,5
0.016666666666666666,0.08333333333333333,0.0,0.016666666666666666,0.8833333333333333,5,5
0.03333333333333333,0.08333333333333333,0.0,0.0,0.8833333333333333,5,5
0.03333333333333333,0.016666666666666666,0.0,0.0,0.95,5,5
0.0,0.2,0.0,0.0,0.8,5,5
0.016666666666666666,0.2,0.0,0.0,0.7833333333333333,5,5
0.0,0.11666666666666667,0.0,0.0,0.8833333333333333,5,5
0.2857142857142857,0.13095238095238096,0.016666666666666666,0.18333333333333332,0.38333333333333336,4,5
0.016666666666666666,0.1,0.0,0.016666666666666666,0.8666666666666667,5,5
0.016666666666666666,0.016666666666666666,0.0,0.0,0.9666666666666667,5,5
0.13333333333333333,0.5166666666666667,0.0,0.0,0.35,2,2
0.0,0.0,0.0,0.0,1.0,5,5
0.0,0.05,0.0,0.0,0.95,5,5
0.1,0.0,0.0,0.0,0.9,5,5
0.3,0.2833333333333333,0.0,0.06666666666666667,0.35,2,5
0.3333333333333333,0.38333333333333336,0.0,0.06666666666666667,0.21666666666666667,2,2
0.18333333333333332,0.5666666666666667,0.016666666666666666,0.05,0.18333333333333332,2,2
0.16666666666666666,0.35,0.0,0.03333333333333333,0.45,2,5
0.3,0.21666666666666667,0.016666666666666666,0.05,0.4166666666666667,5,5
0.0,0.15,0.0,0.0,0.85,5,5
0.0,0.0,0.0,0.0,1.0,5,5
0.45,0.1,0.0,0.13333333333333333,0.31666666666666665,1,1
0.0,0.20454545454545456,0.0,0.0,0.7954545454545454,5,5
0.0,0.08333333333333333,0.0,0.0,0.9166666666666666,5,5
0.0,0.03333333333333333,0.0,0.0,0.9666666666666667,5,5
0.3333333333333333,0.25,0.05,0.0,0.36666666666666664,1,5
0.05,0.26666666666666666,0.05,0.016666666666666666,0.6166666666666667,2,5
0.03333333333333333,0.016666666666666666,0.1,0.0,0.85,5,5
0.0,0.13333333333333333,0.0,0.0,0.8666666666666667,5,5
0.0,0.06666666666666667,0.0,0.0,0.9333333333333333,5,5
0.05,0.4166666666666667,0.06666666666666667,0.03333333333333333,0.43333333333333335,5,5
0.06666666666666667,0.43333333333333335,0.05,0.03333333333333333,0.4166666666666667,1,2
0.03333333333333333,0.47121212121212125,0.0,0.0,0.4954545454545454,5,5
0.016666666666666666,0.31666666666666665,0.0,0.0,0.6666666666666666,5,5
0.05,0.7166666666666667,0.016666666666666666,0.0,0.21666666666666667,2,2
0.1,0.03333333333333333,0.0,0.016666666666666666,0.85,5,5
0.016666666666666666,0.7045454545454546,0.016666666666666666,0.016666666666666666,0.24545454545454545,2,2
0.38333333333333336,0.11666666666666667,0.0,0.0,0.5,5,5
0.3,0.0,0.0,0.0,0.7,5,5
0.03333333333333333,0.4,0.0,0.0,0.5666666666666667,5,5
0.0,0.3333333333333333,0.03333333333333333,0.0,0.6333333333333333,5,5
0.016666666666666666,0.7166666666666667,0.0,0.03333333333333333,0.23333333333333334,2,2
0.1,0.48333333333333334,0.13333333333333333,0.0,0.2833333333333333,3,2
0.03333333333333333,0.75,0.03333333333333333,0.0,0.18333333333333332,2,2
0.08333333333333333,0.6833333333333333,0.0,0.03333333333333333,0.2,2,2
0.13333333333333333,0.7666666666666667,0.0,0.0,0.1,2,2
0.2,0.08333333333333333,0.35,0.0,0.36666666666666664,1,5
0.1,0.45,0.2833333333333333,0.0,0.16666666666666666,2,2
0.08333333333333333,0.7333333333333333,0.016666666666666666,0.0,0.16666666666666666,2,2
0.08333333333333333,0.7,0.05,0.016666666666666666,0.15,2,2
0.06666666666666667,0.5878787878787879,0.3,0.0,0.045454545454545456,2,2
0.4666666666666667,0.03333333333333333,0.15,0.0,0.35,3,1
0.4666666666666667,0.18333333333333332,0.0,0.0,0.35,1,1
0.25,0.48333333333333334,0.016666666666666666,0.0,0.25,2,2
0.06666666666666667,0.6,0.05,0.0,0.2833333333333333,2,2
0.5666666666666667,0.1,0.016666666666666666,0.016666666666666666,0.3,1,1
0.13333333333333333,0.6333333333333333,0.1,0.03333333333333333,0.1,2,2
0.15,0.36666666666666664,0.03333333333333333,0.0,0.45,1,5
