prob_class_0,prob_class_1,prob_class_2,prob_class_3,prob_class_4,true_label,pred_label
0.05462712238830574,0.26586232228742673,0.031609827035121905,0.0110765856543378,0.6368241426348078,4,4
0.07920377735043768,0.14502025102236096,0.015572770679001953,0.021107851122029817,0.7390953498261696,4,4
0.14699790328406487,0.12948862151434185,0.034343326024572275,0.017503117252196793,0.6716670319248242,0,4
0.17150142145668706,0.13761128031351677,0.0340240285011722,0.017669055277485596,0.6391942144511383,0,4
0.30506251759716035,0.11074498191257054,0.013456318113111869,0.01965088690413936,0.5510852954730179,1,4
0.29344950958274396,0.10997050591433997,0.010928862210941026,0.018273468656410212,0.5673776536355649,4,4
0.07540861621741345,0.12062150249327878,0.02226038002447051,0.00987089871655893,0.7718386025482784,4,4
0.09533924542779727,0.0886347595802677,0.00987198191870989,0.01275809995070388,0.7933959131225213,4,4
0.08994243261658397,0.23715975468464798,0.04011657209019061,0.026851753042695974,0.6059294875658815,4,4
0.08345622567455234,0.12877482006995664,0.0036987691376426904,0.0025304554251564322,0.7815397296926919,4,4
0.09290141602221257,0.09061286175661909,0.005241806359108805,0.011945019593199503,0.7992988962688601,4,4
0.04239838492321903,0.09225107955217522,0.0026859975573123858,0.0012392830716363504,0.8614252548956569,4,4
0.03604075714947527,0.08851424190340978,0.002903927568309572,0.0010358184595577072,0.8715052549192477,4,4
0.1363154349276371,0.15945222428650177,0.10579424291998335,0.056690489087197045,0.5417476087786808,0,4
0.0601990508869412,0.1394018752854141,0.008055305625586885,0.010245660691324786,0.782098107510733,4,4
0.06030963480358437,0.16057630404840018,0.022859858893347244,0.018163732370790713,0.7380904698838774,1,4
0.15743850471773943,0.21458035121428162,0.04513513616162419,0.019155826417027764,0.5636901814893269,4,4
0.02410551173280207,0.07729461972496307,0.02326191386641342,0.003986202645436763,0.8713517520303847,4,4
0.0846503206144257,0.07680839746114432,0.004905814368403047,0.021208607644378905,0.812426859911648,1,4
0.0692893080664359,0.06054177925658416,0.002578603953775179,0.015507075264435571,0.8520832334587691,4,4
0.11236974567160622,0.18439217065894237,0.009193306802431458,0.0199375014292104,0.6741072754378096,1,4
0.07466956032427687,0.2102581594485452,0.015319113362472565,0.010120772131921914,0.6896323947327836,4,4
0.0739385328520482,0.12712782791123056,0.05472062635279321,0.02232669787001647,0.7218863150139115,1,4
0.06320019302473963,0.11641189234182477,0.03417315396474076,0.01328899503129376,0.7729257656374011,4,4
0.05302700834533563,0.11762944686676707,0.027474267055025602,0.010093036948180282,0.7917762407846914,4,4
0.069532305455951,0.1234266431840695,0.026140346520452926,0.010884602314858783,0.7700161025246678,4,4
0.08684914569782964,0.216216386764674,0.010177684629762119,0.002309707409556081,0.6844470754981782,4,4
0.08245870980103033,0.2920182537398019,0.01980772097336062,0.034198615319528794,0.5715167001662784,3,4
0.07900736553210908,0.18931026656129032,0.017177812150990242,0.02907699767558485,0.6854275580800255,4,4
0.06702961345776717,0.1573814917779887,0.015552539097672331,0.02026674842814388,0.7397696072384278,1,4
0.10303228720123586,0.2613246056993223,0.05547581737060943,0.018199941727236373,0.5619673480015961,4,4
0.13870326959307064,0.2596558792750485,0.17162858778330303,0.02811492003003851,0.40189734331853927,4,4
0.1557398107585402,0.28830591336637473,0.19172765434920275,0.032190017235326975,0.3320366042905553,4,4
0.11751853524727088,0.30101095485625834,0.0010104113857725755,0.005434345151671545,0.5750257533590266,0,4
0.1451441594828128,0.21444897842826452,0.014458467130487514,0.023890261094218032,0.602058133864217,0,4
0.02600351356681582,0.18240460425607083,0.013507547558635776,0.014966754452859717,0.763117580165618,0,4
0.06427021673478166,0.07770014951284683,0.01768760203279036,0.006881488505854182,0.833460543213727,1,4
0.03258980435072279,0.058362034109277296,0.027893550254652913,0.00942337334762024,0.8717312379377268,4,4
0.04712474633590936,0.07049139890011899,0.016160769962515694,0.007262346772161248,0.8589607380292946,4,4
0.10946500323915202,0.33517837388885735,0.013651059597878294,0.020505162491281485,0.5212004007828308,4,4
0.21994288589483268,0.0784635113359608,0.005330050181662807,0.004595624348246082,0.6916679282392977,4,4
0.03361948984494606,0.15929594837870276,0.0010339660411102097,0.0034361283304346585,0.8026144674048064,4,4
0.11808568014581101,0.15986887762080498,0.061825511367378794,0.019280542547085482,0.6409393883189198,4,4
0.1223920825008676,0.3481566363844919,0.027204178069710774,0.008832964731834241,0.49341413831309555,1,4
0.09592030897207299,0.16806899647302936,0.02728335026055838,0.007669346909289818,0.7010579973850495,4,4
0.1003101994008486,0.20088491265330194,0.04076124508052454,0.012944336052807006,0.6450993068125179,4,4
0.20734709459064968,0.14239626054936194,0.0012822851343308025,0.0018812618728261648,0.6470930978528315,0,4
0.20389903832951084,0.10622424597074649,0.0009260075261752122,0.0015602780503818918,0.6873904301231856,4,4
0.16215611356983278,0.09541927991974872,0.017374221042296537,0.009092368325106674,0.7159580171430152,0,4
0.2138700215598626,0.21380305570087793,0.01861899315197842,0.004884428706724836,0.5488235008805563,4,4
0.17121560715321438,0.2572684370868328,0.06341850381270142,0.0126355293688525,0.49546192257839883,4,4
0.15313359223828305,0.251833565445137,0.05439620067393816,0.010009427105369346,0.5306272145372725,4,4
0.05924695791250223,0.08137691861293596,0.0017082978625187356,0.0037694918973425755,0.8538983337147005,4,4
0.2891629623064394,0.1638814254881361,0.038420074806889554,0.024309050654115618,0.48422648674441926,1,4
0.19851475868215288,0.24268940380582102,0.038386107441757814,0.01832939458817449,0.5020803354820937,1,4
0.03932645644894122,0.08857771278639204,0.0021957455723153854,0.003973397663279813,0.8659266875290715,4,4
0.21084866257822474,0.12169344324991782,0.033153780083863445,0.024371138820757976,0.6099329752672361,0,4
0.09699845352463204,0.14927922141867106,0.029913903803863686,0.03200061992704122,0.691807801325792,0,4
0.1430322052852498,0.08251235230988531,0.03349774560429277,0.019075777776649976,0.7218819190239223,0,4
0.14623256324407688,0.1277083263084626,0.04583773139756096,0.023566110891434892,0.6566552681584648,0,4
0.13487158311244513,0.08231001899751668,0.0239444601683549,0.014983909570997832,0.7438900281506855,4,4
0.0941905380618646,0.06213623298958197,0.008858417743222076,0.00638037365176742,0.8284344375535639,4,4
0.06868746942515508,0.22516925528948567,0.026177741257209737,0.013141179007012374,0.6668243550211371,0,4
0.1634564079382882,0.14601159625391844,0.031665756789007606,0.01107367494490261,0.6477925640738831,4,4
0.1553443673919563,0.129999138468124,0.025109457216892565,0.009802397630715921,0.6797446392923112,4,4
0.10912324861496511,0.5199412465454598,0.04533650527180324,0.0380965508942245,0.28750244867354735,4,1
0.04891104086010635,0.0889029589304864,0.009764440103335697,0.01575190764713116,0.8366696524589404,1,4
0.05648696056599337,0.08058835492433294,0.010766757122950676,0.013006986553023138,0.8391509408336999,4,4
0.10474548662000381,0.3044471935989765,0.01256542149022593,0.01434677768286868,0.563895120607925,1,4
0.02862394686540268,0.05553194948068745,0.01211673937760582,0.013029899136313014,0.890697465139991,4,4
0.08113147939575453,0.2507410450238662,0.025203254442968778,0.016025751936096885,0.6268984692013135,4,4
0.15721034254646238,0.2293108682601139,0.028542312936213406,0.021774201318274514,0.5631622749389358,4,4
0.0720391163567568,0.25638172937962966,0.02958562100492094,0.013185197325173566,0.628808335933519,0,4
0.07715929908898067,0.2219167151105294,0.02527546151692266,0.012994669327778579,0.6626538549557888,4,4
0.08068768553419992,0.13318253592390927,0.010482289212430851,0.010392482316080911,0.765255007013379,1,4
0.19846229631245185,0.15056476218270654,0.04905051994417295,0.031845452834374996,0.5700769687262937,4,4
0.04893348861922897,0.06295314557845275,0.006202977517408407,0.005465695167813832,0.876444693117096,4,4
0.12263387411519955,0.22440964792553222,0.025237276544168102,0.020844689612219833,0.6068745118028803,1,4
0.052698761358578476,0.09291755261152569,0.030347983209577663,0.012507779982706609,0.8115279228376117,4,4
0.12321002458579604,0.2643000457231523,0.009483506495553677,0.017750532165456127,0.5852558910300418,1,4
0.09828777178796842,0.18762372318817896,0.008148746936999027,0.011481317640408103,0.6944584404464456,4,4
0.1030687278130394,0.1251603946399599,0.0049349884584104645,0.007891526329238376,0.758944362759352,4,4
0.020649453600742013,0.06993067279658226,0.009007838027319352,0.007579228126968286,0.8928328074483881,4,4
0.06894934339227111,0.14896719569262193,0.003684471804348301,0.0102723867489073,0.7681266023618514,4,4
0.06282597616975652,0.33805558756319226,0.03095617448583308,0.01205926516789194,0.5561029966133263,4,4
0.05602155629796313,0.34512469310653887,0.030417408466198406,0.010539014094028895,0.5578973280352707,4,4
0.19804635285539113,0.1987474985596886,0.007551671960250507,0.01728438506865459,0.5783700915560152,4,4
0.24187705366422815,0.10270110584630185,0.007511314118626282,0.01454278989497895,0.6333677364758648,4,4
0.16389606528341294,0.12827208149387212,0.01232618598127701,0.02090584478824285,0.674599822453195,4,4
0.057862036795037805,0.16376240887330556,0.026896225521632188,0.014967962373896755,0.7365113664361277,4,4
0.08496772938265038,0.30612411526532274,0.041811844471032096,0.019588518371732633,0.5475077925092622,1,4
0.0506506062848653,0.1652645474330042,0.048458194479627056,0.019282301880993374,0.7163443499215101,4,4
0.06708705851470381,0.046532222172906756,0.023907003623824287,0.021540015491739086,0.840933700196826,4,4
0.24300805830721234,0.12717477063007349,0.015915236629082858,0.020553127967202114,0.5933488064664293,1,4
0.15756834005217085,0.0917829422524593,0.0038563350029010724,0.010304374969443026,0.7364880077230257,4,4
0.12746718557219794,0.07662233618098616,0.005765339446338357,0.004836583550360079,0.7853085552501174,4,4
0.08117683847630223,0.2281169695025339,0.006856468381545988,0.020152732939635553,0.6636969906999823,4,4
0.06742280545965972,0.07426372237273024,0.009558259254952316,0.009208468964081756,0.839546743948576,4,4
0.06697624582306,0.05406019878932989,5.501927102288025e-05,0.00010524920237331272,0.8788032869142138,4,4
0.08451756398388278,0.13424488405651497,0.012136086583609752,0.00993333626635115,0.7591681291096413,4,4
0.21619608632068782,0.11253556745965743,0.005068843454442458,0.005674715858683214,0.660524786906529,4,4
0.1324525820923966,0.07501555200124667,0.0033247865035733455,0.003370372859789334,0.7858367065429941,4,4
0.1552453526311801,0.10722812096898446,0.005034848634910007,0.005378048118920594,0.7271136296460049,4,4
0.1300500983149132,0.12002172430250264,0.029829969438637065,0.034983593280263986,0.6851146146636831,4,4
0.11523425596563988,0.08317064640499154,0.01993792537500524,0.02141525993985267,0.7602419123145105,4,4
0.11182510995873415,0.08727441928751563,0.015582293990880696,0.021731853221434616,0.763586323541435,4,4
0.10896496927861828,0.07250486562312938,0.01151682733057357,0.014394120417827502,0.7926192173498513,4,4
0.040830944969719424,0.1160305073260276,0.002275270429485214,0.008097701033192423,0.8327655762415752,4,4
0.14672745179999339,0.059687757699561084,0.014712375762891637,0.01099187006132736,0.7678805446762265,4,4
0.14485016266234338,0.4970617878954957,0.019896559962379504,0.035357990435784865,0.30283349904399653,1,1
0.11222262204895952,0.3970457350676702,0.012043072877331721,0.023595027887263566,0.45509354211877495,4,4
0.07583480055207338,0.07466154787374436,0.048776372562289644,0.02494344507622675,0.775783833935666,4,4
0.07581077528963477,0.1876284280186557,0.020361879918233204,0.02083418437122747,0.6953647324022489,4,4
0.2099192244242673,0.1453218422842335,0.04720156923353018,0.025623615446018884,0.57193374861195,4,4
0.041553362935492714,0.2700466750704993,0.010784991519446613,0.01207411414454585,0.6655408563300156,1,4
0.11624244240472935,0.18751229411610268,0.005818217028433788,0.01026515088198764,0.6801618955687466,4,4
0.052057664159786174,0.04858115614811093,0.008219420995161597,0.007277837010192701,0.8838639216867485,4,4
0.05028652032795689,0.10770721648699073,0.016446802336939452,0.006525413028972565,0.8190340478191404,4,4
0.08632168059827698,0.1688070822978167,0.0010941009696391563,0.0015031266831587694,0.7422740094511084,4,4
0.05605633241551911,0.21910249745900107,0.0012438737096236063,0.0010873548413801934,0.7225099415744759,0,4
0.13943416066752623,0.32545689321316335,0.04011904552470543,0.04097756280175769,0.4540123377928474,4,4
0.10188019725358366,0.12781443958310643,0.024636052987027885,0.020138837201266944,0.725530472975015,1,4
0.09427501727488431,0.2645155432741918,0.014112275121315845,0.01390997899385767,0.6131871853357505,3,4
0.05134346386413978,0.0960047595643643,0.010354093292461581,0.008909261977010785,0.8333884213020236,4,4
0.14386998508854235,0.19072996971555276,0.016151276491493265,0.016610751653613066,0.6326380170507985,4,4
0.12079489516706828,0.06231528857819743,0.010677751594537616,0.007198936357002783,0.7990131283031939,4,4
0.10407376163658473,0.14438989684072953,0.019708192588468128,0.02385108053571751,0.7079770683985,4,4
0.08909255200282507,0.0965525436285385,0.015452008051395742,0.02169600122659782,0.7772068950906429,4,4
0.10532488593795118,0.12817351185274703,0.016737800679801434,0.013399782812702618,0.7363640187167977,4,4
0.17445830037013293,0.1442754570142755,0.011731338855145155,0.006857005413881792,0.6626778983465647,4,4
0.07731667241103997,0.13530810880346836,0.010357620675457094,0.02212944065058456,0.7548881574594499,4,4
0.050490721469513083,0.08599764069287165,0.007179121044463685,0.011859739286167086,0.8444727775069845,4,4
0.10377388412243074,0.3749176491533771,0.04041508362795154,0.019027746266533994,0.4618656368297067,1,4
0.03114465790203111,0.18063300729299386,0.0015680460749202213,0.0010667393043535692,0.7855875494257012,4,4
0.15652357034792833,0.23466460511221957,0.004187083178799806,0.001789942268519992,0.6028347990925322,4,4
0.05692497413995834,0.3021093902247173,0.02145608833018125,0.006948259272179834,0.6125612880329633,4,4
0.05270983934015842,0.30570434894347787,0.019024788917105934,0.005729016487502695,0.616832006311755,4,4
0.11639737582306557,0.13832725166152918,0.07494347448901083,0.02556267340133032,0.644769224625064,0,4
0.1673245391122036,0.17888343119142217,0.03241918950969646,0.02009126304347743,0.6012815771432003,4,4
0.08638023290829001,0.5086974632606933,0.016947456096111736,0.008431673718753273,0.3795431740161518,2,1
0.1402804318883078,0.162167975170325,0.005441684540391006,0.007778357467097678,0.6843315509338784,4,4
0.09446570868123948,0.15517245620943865,0.006483695791058148,0.0037602186621225925,0.7401179206561411,4,4
0.05389541136325233,0.26574408129792976,0.00432861723057964,0.0010428850120811838,0.6749890050961571,4,4
0.2002563104681417,0.1463870475849623,0.019230611421689015,0.0218207800713518,0.6123052504538552,0,4
0.18027597460822523,0.10119224980299052,0.012303123135734553,0.01622391780825747,0.6900047346447923,4,4
0.10960029338866967,0.15694108655947797,0.02150358336248955,0.020519547735118226,0.6914354889542447,1,4
0.1447464583894597,0.2240251099061518,0.02486959763161289,0.02821572802631323,0.5781431060464622,1,4
0.07727105104791561,0.32386776048272026,0.06260320389909017,0.007231967275559103,0.5290260172947149,1,4
0.06078253461594582,0.14510278580029362,0.056601247414761476,0.011041506988428491,0.7264719251805706,4,4
0.11624337795386094,0.5608312250555769,0.003356242376090315,0.010618211109033953,0.3089509435054378,4,1
0.12397935622896944,0.337906917395637,0.04494071632389572,0.009665983359896605,0.48350702669160134,2,4
0.09821709251925609,0.5286524726977652,0.005172335010924878,0.0011540080144967592,0.3668040917575571,1,1
0.08945524153146986,0.19013198155547842,0.018939150822798675,0.01140483795626864,0.6900687881339844,1,4
0.2122875496730052,0.15933428222879092,0.019252201653588638,0.01385300453693696,0.5952729619076782,1,4
0.12403804033166778,0.2335037836811384,0.03391431188132732,0.019919476751293193,0.5886243873545735,0,4
0.14935291021192146,0.45419610147083156,0.042467758136755414,0.023821523296228764,0.3301617068842627,1,1
0.112551634500992,0.37802446504731835,0.007853052056315136,0.007362899649546361,0.4942079487458281,0,4
0.15603515496254303,0.39901255434536526,0.005937784201618086,0.009159803854024364,0.4298547026364493,1,4
0.1295328087893448,0.47107171770659456,0.023496241407830028,0.02994066013790918,0.3459585719583213,0,1
0.1551797961876808,0.2486623122004457,0.012838215325161082,0.021077680228901642,0.5622419960578107,4,4
0.14988331405207805,0.22264317176665135,0.007600026006756509,0.018394166515663942,0.6014793216588501,4,4
0.20533944226717296,0.4217323107604833,0.039812011889710494,0.05693720566074486,0.2761790294218882,1,1
0.19801267378991785,0.45369062773790464,0.03546395047524636,0.05008340776969534,0.2627493402272358,1,1
0.05489719485233677,0.05328905767900557,0.008752305000718334,0.0015392127481304182,0.8815222297198089,4,4
0.14541595930522141,0.5379252013143279,0.01695690684712618,0.020085105114414765,0.27961682741890986,1,1
0.23352866631446528,0.18430123292671519,0.018035694307871063,0.028555592902353273,0.5355788135485953,1,4
0.14520076833988685,0.39323757710867224,0.07731190033406775,0.019705290286949312,0.364544463930424,1,1
0.1496298110665755,0.1335221071943057,0.03976387859406001,0.027169496465265827,0.649914706679793,0,4
0.05506836377009988,0.5620785362163533,0.03568349598051707,0.018531592659715036,0.3286380113733146,1,1
0.11482512193761554,0.3552331303217075,0.00467210962534158,0.0009893372936178022,0.5242803008217175,0,4
0.11910394525082398,0.333971957733199,0.002565819841833836,0.0010312918888096833,0.5433269852853335,4,4
0.14454524509022793,0.33466360951221474,0.0260945575792754,0.03351014710828874,0.46118644070999304,1,4
0.11227015257256355,0.5414473227542436,0.021085437157579025,0.01898740558071422,0.30620968193489956,4,1
0.09811523476256954,0.19675695461519177,0.07476719983857173,0.030619743383450606,0.5997408674002164,1,4
0.06419471167772645,0.18504772006968334,0.13385014964957176,0.039302764968034386,0.577604653634984,4,4
0.041958002963594324,0.017393200641578586,0.04519796446189618,0.009803210358447117,0.8856476215744837,4,4
0.03960162414990395,0.01707718868082116,0.035216767718737704,0.008315917432905705,0.8997885020176314,4,4
0.11137690977859228,0.17883833902672092,0.04766489495953103,0.03323838414544533,0.6288814720897105,1,4
0.08699297748500077,0.1272903049750292,0.04929014396721811,0.02779359932106337,0.7086329742516885,4,4
0.12647286636772698,0.24952777845069138,0.08080690132916193,0.07818639069661254,0.46500606315580717,4,4
0.2110709351614795,0.10224589048582662,0.05809973186559167,0.0682019259942088,0.5603815164928934,1,4
0.025350829260228563,0.05220976013220424,0.014511011800647818,0.0020057973498185775,0.9059226014571008,4,4
0.07886432142122707,0.18601393616409231,0.07462057063810905,0.09475791131090158,0.5657432604656699,4,4
0.07309338632453619,0.0770369050348776,0.035803411862596085,0.038046896330007234,0.7760194004479829,0,4
0.05643434430280509,0.043183998209889315,0.030292562362802374,0.025690655386869904,0.8443984397376333,4,4
0.14171093235074442,0.1563967136094858,0.12996831294007288,0.0386584375464353,0.5332656035532615,4,4
0.0914141148480591,0.050880986849579896,0.09904115327837659,0.03399338552891621,0.7246703594950682,4,4
0.07609099744029811,0.07169219822491872,0.022268680516180032,0.008786114921908363,0.8211620088966947,4,4
0.10759995571217773,0.16204691378462754,0.13987778350024643,0.02687400844021729,0.563601338562731,0,4
0.08402633862734808,0.15257826411832134,0.2212316420844224,0.17606980239120937,0.3660939527786987,4,4
0.05107775859608105,0.10268898437522886,0.15348849296558506,0.053216746158320935,0.6395280179047842,0,4
0.03909110374271506,0.1106719385837778,0.21439596265596958,0.05671469163171534,0.5791263033858223,4,4
0.07663012681221998,0.12449191635510276,0.050440917632529184,0.13843581200899663,0.6100012271911515,4,4
0.13039189238727614,0.2920648865954789,0.10878371171699175,0.0589317526974905,0.40982775660276266,4,4
0.06080306180448193,0.14419214290657592,0.037291199566387406,0.055966538387633775,0.7017470573349208,4,4
0.10464669717659003,0.07467843162570043,0.12241812174696119,0.05031425417497856,0.6479424952757699,1,4
0.07277899792022471,0.06758763478044817,0.1091908991414801,0.04316049538914495,0.7072819727687021,4,4
0.05403955024713244,0.06876096604320832,0.11298785650379041,0.052256546675705846,0.711955080530163,4,4
0.06720404587036054,0.0872284388672984,0.09598194603802256,0.0767329410723794,0.6728526281519391,4,4
0.12853642280722893,0.1744868237093808,0.27492497264438426,0.06108766733854018,0.36096411350046587,2,4
0.12544247732487968,0.2501652514847215,0.06549943309576216,0.0662985141211035,0.49259432397353314,0,4
0.07630831041352162,0.24647716346956666,0.10177728216500134,0.09090000186429781,0.4845372420876125,1,4
0.08377919938820672,0.1815873131589852,0.1835763340067047,0.09227435806826358,0.4587827953778399,4,4
0.06283084438285355,0.247968124926502,0.14436786372458585,0.0759835616095476,0.4688496053565108,4,4
0.025647721546837317,0.046544121666156166,0.036660210847867865,0.01171774894949208,0.8794301969896466,4,4
0.15163337663383147,0.08096376797798933,0.05123818155039423,0.07517001218339522,0.6409946616543898,1,4
0.14711360190616077,0.07937049965015518,0.06443312348945052,0.06918064060808612,0.6399021343461474,4,4
0.08867268694634035,0.09239097759787261,0.015072330102616337,0.03631309027693895,0.7675509150762317,4,4
0.04881625108788949,0.19645669333433344,0.009496534060585832,0.020344411242002196,0.7248861102751891,4,4
0.03345873571706188,0.21528166263264545,0.013935454846071364,0.02280975597483865,0.7145143908293825,4,4
0.11698201065069462,0.20614568551857793,0.06421860528947818,0.11708756286490005,0.49556613567634916,4,4
0.10421695981566222,0.07867035274308434,0.05318326502992426,0.07543548864537102,0.6884939337659581,4,4
0.10380960722149035,0.08582888893210312,0.04858652607377755,0.06628381845391852,0.6954911593187105,4,4
0.07217401289614139,0.059487656428360486,0.09462110366563481,0.019109706612293137,0.7546075203975702,4,4
0.07267415586565905,0.059772688752333644,0.09589546863352501,0.023137108556963618,0.7485205781915187,4,4
0.13832065826866854,0.12880897193443663,0.05592888498080951,0.06536714887620458,0.6115743359398808,4,4
0.06667688593393167,0.0450169603566762,0.06259047131480579,0.016508242758659922,0.8092074396359265,1,4
0.07241497053779937,0.04126644866885284,0.036238153316099656,0.01183580284531256,0.8382446246319356,1,4
0.07605973963999287,0.1534100569958912,0.06699945766067056,0.07886127255698898,0.6246694731464564,0,4
0.056493381655469466,0.1252613693236342,0.07298829860028004,0.09691437773859615,0.6483425726820202,4,4
0.12870965358671688,0.13277193328544992,0.03479847425221777,0.05360659248829121,0.6501133463873242,4,4
0.06641132618727845,0.11816688592878113,0.3967340472751415,0.03749938200795386,0.38118835860084505,4,2
0.07495613897909424,0.13662551445740084,0.3849174497969938,0.03655400460822311,0.3669468921582881,4,2
0.15408392746469518,0.09283198736295037,0.01088153217683693,0.012593152573528209,0.7296094004219893,4,4
0.11701586508574895,0.16077151797245345,0.09209022075154756,0.043849493193817306,0.5862729029964328,4,4
0.04701564720854225,0.11441088719350088,0.022403611304046972,0.06740851564028177,0.7487613386536282,4,4
0.06981432099899723,0.1527224631153489,0.10778286827973069,0.05329840393923029,0.6163819436666929,4,4
0.23428875743173327,0.1023824242711794,0.10017103608137841,0.06997974784944018,0.4931780343662687,4,4
0.04784826654772296,0.13614027260139053,0.06410096926515667,0.05032916918060024,0.7015813224051296,0,4
0.05482341611444001,0.14754497733352354,0.06252235864919531,0.052755246169515164,0.6823540017333259,4,4
0.06267858058170034,0.2301890045709671,0.08748413441471146,0.09166206096704203,0.5279862194655791,1,4
0.12639695417169255,0.11567908234512814,0.09267132454840303,0.03413978146027994,0.6311128574744963,4,4
0.050301990625484426,0.1644414457957135,0.05510311076408288,0.05381362194021672,0.6763398308745026,4,4
0.08662330392599903,0.17121159200680092,0.08023386729419986,0.027553815475986572,0.6343774212970138,4,4
0.041915154589019316,0.0922374573994804,0.018861252657159863,0.02826137422196039,0.8187247611323801,4,4
0.055417789126028225,0.10451045389775213,0.06409943358644749,0.07582118117976062,0.7001511422100116,4,4
0.12045220418763836,0.25657004331626476,0.06583038951589015,0.044262759501592856,0.5128846034786139,0,4
0.1263510314852848,0.206726833664192,0.06031259645272721,0.03203004312769224,0.5745794952701038,4,4
0.10213815790785488,0.12189675726996362,0.15565542224596582,0.06377194993386598,0.5565377126423497,0,4
0.11467237919303717,0.29782562666043344,0.08740680252783499,0.10395702736963404,0.39613816424906034,4,4
0.062239662679640054,0.2171875851017712,0.08639213221626725,0.03306637200854628,0.6011142479937752,0,4
0.06834303559778723,0.19923195281889508,0.0827125181000666,0.029315067775390825,0.6203974257078603,0,4
0.23982163743365603,0.11990385735880285,0.013403540099825167,0.065807342560831,0.5610636225468849,4,4
0.1766677834516029,0.12508546931937223,0.046784770919419016,0.11675208691884306,0.5347098893907629,4,4
0.17154100052941193,0.21227911746054695,0.038079333108782115,0.04663987935992579,0.5314606695413332,4,4
0.16751718902212723,0.2186439024450146,0.03529210097432401,0.04889695407718854,0.5296498534813456,4,4
0.1868323567734174,0.2236228322006701,0.12394380669037781,0.09757070625625328,0.3680302980792814,0,4
0.1493096618796132,0.2383376864079305,0.10796928421156249,0.12907258857555562,0.3753107789253382,1,4
0.06638432247512246,0.2670625914917983,0.1948298863529976,0.08381317993162803,0.38791001974845374,0,4
0.038315972898100244,0.051151801532048013,0.044474341278147124,0.044903564616909954,0.8211543196747947,4,4
0.08517453682210607,0.31231552904923776,0.0788111886646835,0.090262843418244,0.4334359020457287,4,4
0.11470795225554531,0.13498491196481568,0.08719130672939172,0.033130226687705905,0.6299856023625414,4,4
0.07287347999315749,0.12381207630082618,0.08346680294450756,0.02522986786892913,0.6946177728925796,4,4
0.13582388556729852,0.17489298746466778,0.301917067111189,0.07862226909761057,0.3087437907592342,0,4
0.04754862143897227,0.19748482730463734,0.12326122073837349,0.03873212908225507,0.5929732014357619,4,4
0.02878688178807217,0.07021643855797464,0.018228223316692556,0.02023750014706946,0.862530956190191,0,4
0.022307008289712434,0.08668037914872144,0.06226278181800985,0.06541635598737869,0.7633334747561776,4,4
0.0308332620449223,0.06802370803399287,0.10030771300695955,0.049525255210835006,0.7513100617032902,4,4
0.0411173265866679,0.09051538004422785,0.11007027562293004,0.048677141875580254,0.709619875870594,1,4
0.1700618556251835,0.07076759613897558,0.023011275114377897,0.03984971564167605,0.6963095574797868,4,4
0.24987711433356577,0.08835754637221384,0.0298035225004888,0.06258263330500745,0.5693791834887243,4,4
0.03612692968626588,0.06351848498878997,0.11220448345372258,0.045039681475337004,0.7431104203958846,1,4
0.04442833011405259,0.06887721254244039,0.10004153935196165,0.030827909799267573,0.7558250081922777,4,4
0.050752152371068615,0.06999027631084997,0.07683267816234231,0.05660669210441195,0.7458182010513271,0,4
0.05954204590455114,0.050106324981773254,0.0887902937016307,0.07267663490436045,0.7288847005076845,4,4
0.17876446926775189,0.11434339766555673,0.0525992114802454,0.09253030763522145,0.5617626139512245,4,4
0.07830993314784941,0.1078904412065355,0.08120902326093636,0.037143760532754345,0.6954468418519244,4,4
0.09548259140429975,0.14158840297719322,0.062077346247192584,0.04779641591832793,0.6530552434529865,4,4
0.09818190489416438,0.2087776725022771,0.13177862861132827,0.049407893328481695,0.5118539006637486,4,4
0.06197749261945864,0.09380196381585464,0.0040120602928088315,0.004078539549492762,0.8361299437223851,0,4
0.13146069214022268,0.08884708361410393,0.008200445839078635,0.03237474071297532,0.7391170376936194,4,4
0.2122226427455578,0.1624329979969055,0.06868374768568514,0.09515408319729012,0.4615065283745614,0,4
0.28144601007316566,0.13780766642083073,0.08244779074218835,0.09311768233049555,0.4051808504333197,4,4
0.1057755906889165,0.28113720333516873,0.18347362731733682,0.03240442841005115,0.3972091502485268,0,4
0.043014766057981366,0.09933103924595395,0.11331075423132622,0.06819714760394932,0.6761462928607891,0,4
0.14087795672218922,0.22459808511387674,0.0975542463835239,0.07841105178580038,0.45855865999460965,1,4
0.10694997860819354,0.1374387457738909,0.11620000540563331,0.07418996465437593,0.5652213055579063,4,4
0.1419110395753121,0.08017701412698662,0.07936201841434526,0.03723491175362739,0.6613150161297287,1,4
0.1750984929706047,0.043025452118490605,0.07218865237858069,0.04916702911934872,0.6605203734129754,4,4
0.16636479411804522,0.26572013692466956,0.052951358271751785,0.09585423930405078,0.4191094713814825,1,4
0.14141526678099378,0.14678573010434479,0.03188539311828884,0.04231347890291287,0.6376001310934597,1,4
0.0460584309838607,0.09326638566479524,0.038184855273875606,0.011442398339782233,0.8110479297376862,4,4
0.05429351590139037,0.09101116142965529,0.12057919173976474,0.05742344348177576,0.6766926874474138,4,4
0.07342656802090719,0.07521113577283413,0.13093246093505664,0.06647623700003334,0.6539535982711687,4,4
0.09411936801700271,0.10508110654409891,0.05813711389946811,0.06313559111791184,0.6795268204215185,4,4
0.13886162987534018,0.08228912620694295,0.011430121618952571,0.049702383836630705,0.7177167384621337,4,4
0.1684811316783947,0.12016008426293481,0.06700536821273134,0.05321265018158464,0.5911407656643546,1,4
0.10272565865106992,0.11092029185608633,0.0938051243530684,0.04526069447349754,0.6472882306662778,4,4
0.20350879605547367,0.19032104764448873,0.16843181514773023,0.07150409123856384,0.3662342499137435,3,4
0.19250910485569664,0.16922326249502262,0.1476068537599895,0.09617123671598708,0.3944895421733042,4,4
0.19757056547886803,0.15052495626105655,0.12714364919475826,0.07034883983143284,0.4544119892338842,4,4
0.07506444406867366,0.07619708674430341,0.02860548694771148,0.022124585879559254,0.7980083963597521,4,4
0.023914666655329275,0.043917164677222044,0.017240062816548055,0.018407846626953956,0.8965202592239466,4,4
0.050308305199976346,0.07720105742680475,0.04249450987535453,0.030724850858699485,0.7992712766391649,4,4
0.05583741618418591,0.08690576805474769,0.0815174092765154,0.018581215590503974,0.757158190894047,4,4
0.06861084479419498,0.08696101181305588,0.08479720955853667,0.022342109583173002,0.7372888242510395,4,4
0.047938014767829946,0.08746980663591948,0.07317470657717004,0.02124904201255814,0.7701684300065224,4,4
0.03912773257532314,0.1165035182490386,0.06370413743707623,0.07126506171217752,0.7093995500263846,4,4
0.04931391704447844,0.22224049059752832,0.014555280901169336,0.013276880436459467,0.7006134310203644,4,4
0.09144863634647253,0.20538736603426075,0.06836393708680583,0.0711720003283915,0.5636280602040694,4,4
0.08133004201667547,0.23617031659919255,0.09866711520071615,0.08523325331349721,0.4985992728699186,4,4
0.04793287393531567,0.14669149138258247,0.046794574319426185,0.03112472733734882,0.7274563330253269,4,4
0.11323168459552746,0.08962942566054005,0.07906498966467011,0.0574858737006117,0.6605880263786506,4,4
0.07110124536431078,0.2107215444254479,0.05496764969168621,0.031832342891038534,0.6313772176275166,3,4
0.07494261835518731,0.07183342573813524,0.03841921392043733,0.0520975333516546,0.7627072086345855,4,4
0.08256077315440952,0.07180904272229167,0.045906574625105195,0.040124428430966294,0.7595991810672273,4,4
0.10996982728605467,0.07890107391668573,0.05065517225341186,0.041734253181630855,0.7187396733622169,4,4
0.14564792693880685,0.12753587098698665,0.07634976085802395,0.05576833800997009,0.5946981032062125,4,4
0.044155460677653434,0.2771780909992671,0.06212828140055643,0.023640297823051486,0.5928978690994716,4,4
0.048451689735433,0.08129787859378317,0.024578661198179405,0.016013144986386115,0.8296586254862183,4,4
0.0448524189806153,0.07408450703127445,0.029670844781391603,0.057369206228263143,0.7940230229784556,4,4
0.09078583209309153,0.12284990818705989,0.03971534945504652,0.011328407863991152,0.7353205024008109,4,4
0.08397203009742114,0.058399241947860614,0.02558973325539051,0.009203090381816565,0.8228359043175112,4,4
0.0731791528297601,0.10505184826554244,0.039005470291049456,0.018465551738812015,0.7642979768748359,1,4
0.12368298178674918,0.11436518794726871,0.01608393974179097,0.022824143707598978,0.7230437468165922,4,4
0.16228631649008077,0.13757466535623597,0.14744911678458805,0.0443282847456443,0.5083616166234508,4,4
0.08672342061770323,0.12610840649732005,0.04911188997392417,0.021617474456434582,0.716438808454618,4,4
0.008008447250765618,0.004874733919020686,0.0031422323347666736,0.0009416798444600786,0.983032906650987,1,4
0.14538680308688542,0.06140695683182785,0.07017015387955874,0.05505803695032485,0.6679780492514031,1,4
0.12988525162247697,0.053308340722156476,0.045351381525527486,0.049259317018902696,0.7221957091109363,4,4
0.047961509010819706,0.10444449822599274,0.03567633992264818,0.032811651633779,0.7791060012067604,4,4
0.020341306451746734,0.09831877586418075,0.062182047538703086,0.013382614358118062,0.8057752557872514,4,4
0.18647686637471003,0.1732701993134896,0.09992892349181266,0.07720832261243266,0.463115688207555,1,4
0.15431706488474578,0.10206114633248627,0.16038958857442803,0.03578252319146088,0.547449677016879,4,4
0.04568011470976231,0.06844344061118397,0.11484112015615316,0.03897609629920912,0.7320592282236914,1,4
0.23746954929471775,0.13847049577181042,0.0627195348249013,0.07490662147846841,0.486433798630102,4,4
0.13949040298898321,0.06428262066303048,0.02564310641103156,0.021453548390050852,0.749130321546904,4,4
0.18425679590455613,0.1855524383106754,0.1103884906923435,0.05757681469445771,0.4622254603979672,1,4
0.09611839866015905,0.12897931139697907,0.17595176753422925,0.0615650515882045,0.5373854708204281,1,4
0.1464950820474587,0.17511021744302765,0.0393756525597949,0.0689397474105524,0.5700793005391664,2,4
0.17469058330313705,0.14817642542536466,0.14163743930249767,0.06881841470617471,0.46667713726282595,1,4
0.21858843263171474,0.17999022887787075,0.07664375413209644,0.14406835993722147,0.38070922442109667,1,4
0.2849567027695647,0.07639849654874155,0.0266787743017343,0.09599513305462197,0.5159708933253375,1,4
0.30192642252225904,0.07459806480432078,0.029697783062992197,0.11580953139933525,0.47796819821109265,4,4
0.2151459449380935,0.15852216164252725,0.08809241104261027,0.053905109085682724,0.48433437329108636,2,4
0.15838302246306812,0.15472293844534282,0.11455955000799505,0.05063291750377421,0.5217015715798198,1,4
0.16542639792672034,0.15903584806074877,0.0449018042481422,0.07116004801930696,0.5594759017450818,1,4
0.23511762840945022,0.10686234247037163,0.09184095687362176,0.09702486055840566,0.4691542116881506,1,4
0.136243459966842,0.13230927398649672,0.06900251103616731,0.037336680267647186,0.6251080747428468,1,4
0.0903995885987651,0.14089170992551706,0.056407890937610235,0.04902600775609564,0.663274802782012,1,4
0.08817130927167205,0.16123073479629357,0.030873147099943356,0.03812490725529828,0.6815999015767928,1,4
0.054684172264400095,0.07964979481536842,0.08058572393418426,0.0614523267650951,0.7236279822209523,1,4
0.07322623818242588,0.18827479016574566,0.06472313680740713,0.048583517059205564,0.6251923177852157,1,4
0.11631684264210845,0.10417568541804852,0.05077811592694902,0.025938017215287264,0.7027913387976068,0,4
0.03874096247283493,0.049630436552717476,0.08723285914513064,0.029995351642724325,0.7944003901865927,1,4
0.05010636419266957,0.04856755131401578,0.07140921452735927,0.023478510678282924,0.8064383592876725,0,4
0.08364719227818453,0.1563375716349431,0.04491466548477846,0.016150355332581846,0.6989502152695121,0,4
0.09276179113973854,0.08616136279573344,0.019292136571215954,0.00389261664217148,0.7978920928511405,4,4
0.06256583259072009,0.12136578096417658,0.038011694362836315,0.006397458524749707,0.7716592335575172,4,4
0.08331394570359828,0.16951688941671375,0.01460412639172518,0.025122663012870566,0.7074423754750923,4,4
0.2640052463608239,0.10229524811467047,0.012070093718965365,0.018017703151872205,0.6036117086536682,4,4
0.06873811896229409,0.1407289893497931,0.0400807575585522,0.01401154739257991,0.7364405867367807,4,4
0.0805641167131617,0.19101345115052937,0.04827044705172259,0.0167874070885654,0.663364577996021,4,4
0.07240937768876528,0.19576175107356172,0.008288466176101057,0.001092756091432629,0.7224476489701394,4,4
0.17427613643454587,0.19840925930158587,0.021387910766289996,0.02421577957271899,0.5817109139248593,1,4
0.12125202928515105,0.12962918517867852,0.021871976010326075,0.02043527382218564,0.7068115357036587,4,4
0.11998941776807694,0.1354200983735931,0.01631401220002582,0.017180280529719778,0.7110961911285844,4,4
0.07702372321975091,0.10465771883480374,0.0077693401357070155,0.009194304096286349,0.801354913713452,4,4
0.12347680362248338,0.31287203384749207,0.06793883579864837,0.013146389118104404,0.48256593761327166,4,4
0.06675157590334699,0.1169416608254829,0.004101393925012228,0.002816857599856807,0.8093885117463011,4,4
0.04117906143173065,0.10034284881784845,0.002823289691283886,0.0010947460082759923,0.854560054050861,4,4
0.15161187070775226,0.22487498257285496,0.061228681640206534,0.07174781860474425,0.490536646474442,4,4
0.05921553317400747,0.19167154433997116,0.015116717839200496,0.018408860472551043,0.7155873441742698,4,4
0.09047910347053406,0.09498879745221507,0.020174498020892297,0.015497726467488053,0.7788598745888706,4,4
0.08958300757382347,0.10569410787714227,0.00950492901575554,0.008874578176659978,0.7863433773566187,0,4
0.05885776704747887,0.16458309554913636,0.026120129023869947,0.022646983697630345,0.7277920246818844,4,4
0.08584341559425307,0.16920370466138496,0.024721907878560677,0.020174684977491798,0.7000562868883095,4,4
0.014143176387641492,0.3186097504095035,0.00019145206045810713,0.00019711587496963755,0.6668585052674272,4,4
0.014797237672663534,0.4207310390334408,0.0002860997828953654,0.00034572801104772497,0.5638398954999525,4,4
0.08206020879819761,0.08746350807025244,0.0033330775745932396,0.02298266620162438,0.8041605393553324,4,4
0.11708993500787993,0.12092924962748686,0.02619895297844288,0.019172296876967216,0.7166095655092231,1,4
0.08925641022400772,0.22476294780983042,0.008648594298138008,0.01959991484990261,0.6577321328181213,4,4
0.11482173969066783,0.17942439693155535,0.0077788181632889326,0.01781566580320953,0.6801593794112782,4,4
0.10034923608716309,0.1801879989488557,0.017674003487500152,0.018059219882189864,0.6837295415942912,4,4
0.06082981751229063,0.1943252218756511,0.004860287387982633,0.0018557327786016483,0.738128940445474,1,4
0.2724732019310589,0.2518397076818406,0.01787213782807641,0.013936521678164532,0.44387843088085954,1,4
0.025508192962011254,0.12175059999772836,0.007136910422250193,0.00815604099747411,0.8374482556205362,0,4
0.1359986756210893,0.3020887447650792,0.03762971864656595,0.04443065538123084,0.4798522055860347,4,4
0.1379927865913346,0.2881180460718875,0.10672454909686807,0.025748012792493453,0.4414166054474165,2,4
0.036895833065998015,0.11753496619323328,0.001033677551133977,0.0037170760748315964,0.840818447114803,4,4
0.10022745217585013,0.1650028235200495,0.012236906723369455,0.019283427086151866,0.7032493904945791,4,4
0.1205599670016183,0.24535994205386297,0.0058653416380564415,0.019818559369253377,0.6083961899372091,0,4
0.11243533253317506,0.22430511085366073,0.004180333025841793,0.014333292433004961,0.6447459311543174,3,4
0.033840665836179604,0.2067587958761302,0.014590317758143621,0.022138503338459257,0.7226717171910874,4,4
0.030372059434571413,0.07175215134837414,0.025218345444563472,0.01002527025160617,0.8626321735208848,2,4
0.06091680319116129,0.1324516641594116,0.00046740265800567616,0.0028660620225481317,0.8032980679688733,4,4
0.044584801648287306,0.38804516887547613,0.003706136903874309,0.004029400969939434,0.5596344916024228,4,4
0.12244444497832893,0.3100349866717748,0.025616543926822864,0.03839003235306953,0.5035139920700038,0,4
0.12619538943976935,0.21195955139660408,0.019814723296480506,0.02142452027158173,0.6206058155955644,1,4
0.13737886257232612,0.18800650592916648,0.01519157382507567,0.024614445323554706,0.634808612349877,1,4
0.1051912697874394,0.1323510709470884,0.00919002945760953,0.011022959037357989,0.7422446707705047,4,4
0.06549797151510427,0.1236142023166882,0.022608157334153004,0.006681611008185635,0.7815980578258689,4,4
0.14953258860317728,0.22661232040075868,0.11945157849895308,0.014934012549106658,0.48946949994800437,1,4
0.13156216646121177,0.2784831941318465,0.03897580945296089,0.012676680445353224,0.5383021495086276,1,4
0.11617373031545923,0.312320650503459,0.031474821028844094,0.014389702646926239,0.5256410955053116,1,4
0.11977091264687488,0.2749185592858297,0.026360586722096225,0.014960096623299252,0.5639898447219,4,4
0.08613188828261611,0.08843992094310014,0.011192678061664038,0.004662656551612954,0.8095728561610067,1,4
0.08158172162490895,0.07643185139770228,0.01026488446301284,0.0050778805133714165,0.8266436620010045,4,4
0.15707685597373824,0.4587558953665378,0.013731139081420731,0.013136456904471584,0.3572996526738315,4,1
0.09911198478098555,0.17365003251491687,0.003341682626698213,0.007520570634926385,0.716375729442473,4,4
0.05348409055363182,0.1777284928986111,0.006148382682970519,0.018957113937447943,0.7436819199273386,4,4
0.07676996244738124,0.37637465687333715,0.02908786809869154,0.015529702737544686,0.5022378098430453,1,4
0.16441188567695067,0.22570032588852368,0.06333798077207403,0.026276596960226238,0.5202732107022254,0,4
0.19042284963572428,0.1273255716940055,0.033110135248718434,0.023585151296231788,0.62555629212532,4,4
0.19156221125353382,0.1202419476241617,0.02076431641865105,0.020466822200258427,0.646964702503395,4,4
0.20030469585184177,0.19448737808289385,0.018828244994917146,0.007669166036705354,0.5787105150336419,4,4
0.10687971823864126,0.2060263978123175,0.03062114671671569,0.008362761742718506,0.648109975489607,4,4
0.09803099025860025,0.19757797951624123,0.034904426485723006,0.010366712324460589,0.6591198914149748,4,4
0.1527311668873903,0.10332169550667064,0.04079424139749577,0.023935604871791177,0.6792172913366521,4,4
0.12312864366441276,0.17697500020175774,0.057656223194119574,0.02994609286273505,0.612294040076975,4,4
0.060696494196647764,0.22208513233017177,0.02038649530122823,0.018658386562337113,0.6781734916096153,4,4
0.12436674085002683,0.14344659777331442,0.029033921835054932,0.011145596987149817,0.6920071425544541,4,4
0.12075593052677824,0.15432058084206196,0.022568960666658117,0.009071719039410148,0.6932828089250915,4,4
0.10449884906003808,0.4688990797138344,0.04800771076419744,0.04411927509134129,0.3344750853705888,4,1
0.0848955042343048,0.15991223977039962,0.03077824134062928,0.01724836108543239,0.7071656535692339,4,4
0.08309303703069354,0.17452882885504903,0.03322146368567745,0.020065957073705468,0.6890907133548745,4,4
0.11610232462891783,0.1261960296542295,0.03982271621994124,0.016205829762669655,0.7016730997342419,4,4
0.0962727342201346,0.12462720364907458,0.01567724193179295,0.018077082016776914,0.7453457381822209,4,4
0.1019287888680034,0.10674001783012797,0.022125149965087958,0.018488522161766375,0.7507175211750143,4,4
0.06030677542101719,0.1633052286692241,0.01124793505465935,0.02100287923259689,0.7441371816225024,4,4
0.2782943413316958,0.2945763475087863,0.013734269092963007,0.008326810698533969,0.4050682313680211,1,4
0.09068069260609087,0.20598270105568642,0.007079518696103367,0.007721513992635648,0.6885355736494837,4,4
0.042199605653456713,0.08944767760464992,0.02398222656230102,0.015040372283943702,0.8293301178956487,4,4
0.03110944948937125,0.060125912282780074,0.0158218033379499,0.013772745779659111,0.8791700891102397,4,4
0.07301851537901226,0.1944633463090746,0.03538274469409844,0.030062921615470972,0.6670724720023437,4,4
0.12631618899297625,0.2951643991450584,0.01728093568764176,0.025792643065734165,0.5354458331085895,0,4
0.0848730526408284,0.18027605713648404,0.01546315889010484,0.006356957162840989,0.7130307741697418,4,4
0.21948549386396368,0.1805838164905319,0.07298451653708023,0.04415867240577852,0.48278750070264564,4,4
0.1976840866205329,0.23670975089498245,0.09038134436106345,0.049898552344124034,0.4253262657792971,4,4
0.150511598659615,0.13237345739706585,0.02113665067185812,0.027329884876839763,0.6686484083946214,0,4
0.07351788050975704,0.17702385842735305,0.0369113762228466,0.02030600697407124,0.6922408778659721,4,4
0.07548234879696983,0.24671400218715075,0.028238280500962845,0.01399130447438339,0.6355740640405332,4,4
0.06759791737110062,0.11434933316064928,0.006114512435563665,0.014719852682363832,0.7972183843503226,4,4
0.11226026130490666,0.16026983627718946,0.010248555675004262,0.011155604652752267,0.7060657420901474,4,4
0.08571042318442697,0.11174465674697848,0.007047860172943622,0.006863615408461693,0.7886334444871893,4,4
0.17700882062231368,0.150124947035736,0.09037709840454165,0.04320638754957172,0.5392827463878369,4,4
0.07130241770826466,0.2243454711638102,0.02705412359018507,0.03812800507463879,0.6391699824631014,0,4
0.037319536121432885,0.06876329762071029,0.006047325837249245,0.005492294583771661,0.882377545836836,1,4
0.032885807595383815,0.08849143537517104,0.006581716445443861,0.0059968024641405045,0.8660442381198609,4,4
0.08652598988649035,0.15839727867493156,0.028598219469291843,0.018805660429332394,0.7076728515399539,1,4
0.053410412501222866,0.12258790573214812,0.05141440447907892,0.015548301229458553,0.7570389760580915,4,4
0.1762336229685217,0.23135292750755962,0.00456888847169089,0.012081555698950858,0.575763005353277,0,4
0.0872986984685131,0.1769658326073346,0.0036434398167946246,0.01069982196998499,0.7213922071373726,4,4
0.10614366422374541,0.15243077954048276,0.0037039057868623534,0.013905562854286225,0.7238160875946232,4,4
0.07759970002986795,0.11826753114441363,0.034007643049773974,0.011226617191423047,0.7588985085845213,0,4
0.058577724438495536,0.1820858530336834,0.039637002625297804,0.017302205315515136,0.7023972145870081,4,4
0.1818177028358019,0.18507695163137766,0.018503259669301247,0.02510073386240973,0.5895013520011095,1,4
0.11289034845464657,0.08545847899463999,0.009031626087387253,0.00598070583842252,0.7866388406249037,0,4
0.12605143592183396,0.2863024935049305,0.009439343652419954,0.028907381065039178,0.5492993458557763,1,4
0.10515179792454395,0.20289293103341766,0.021962927733498627,0.014459316553557403,0.6555330267549825,4,4
0.09701488788185869,0.1601369540500088,0.019751197750449444,0.011023862855876204,0.7120730974618069,4,4
0.14652819308538875,0.1435750462883065,0.0012733084400300368,0.006462073150105729,0.7021613790361689,4,4
0.06818220662691732,0.1430349170953486,0.027890379241752656,0.014134486901750518,0.7467580101342308,4,4
0.19482982448139402,0.1690154134484212,0.009459945260319179,0.011337554358561333,0.6153572624513043,4,4
0.1213377212066446,0.1166746094422297,0.019582263475802136,0.004451433391469617,0.7379539724838541,4,4
0.043561958356384135,0.12386215028465829,0.0020186356300742354,0.0027608208318361744,0.8277964348970472,1,4
0.07309074192135581,0.21308182050462768,0.004682132899519114,0.018011835994400274,0.6911334686800972,1,4
0.066606986365058,0.12473131571840695,0.006085391809022914,0.013633181952789205,0.7889431241547229,4,4
0.1613624780533091,0.20758461618782684,0.05739365197088623,0.039723030152915347,0.5339362236350625,1,4
0.10804619394098702,0.13581761682007595,0.029374447285439108,0.02293780038570124,0.7038239415677967,4,4
0.08294883912158521,0.13193277101178744,0.029572003546032476,0.01958047931686911,0.7359659070037258,4,4
0.1202158548304605,0.39811504502233697,0.012043699944481723,0.021117517558766345,0.4485078826439545,4,4
0.14296318973414004,0.456134579370094,0.02110654771475529,0.04048879800180723,0.3393068851792034,4,1
0.06455427487171601,0.054378332249860765,0.0010666686833208732,0.0008675406567636971,0.8791331835383386,4,4
0.14478672869510206,0.11798652599990063,0.0236531425370183,0.01788231873442816,0.695691284033551,4,4
0.07711632497994517,0.23509741907669593,0.03649237123151663,0.031027644300901915,0.6202662404109404,1,4
0.11323530296308422,0.11039563835183955,0.004413551092290197,0.008925773503710835,0.7630297340890752,4,4
0.09672961722077693,0.2391339947376019,0.0267975324656697,0.029019560424194235,0.6083192951517572,4,4
0.07785426258776783,0.07627270372383824,0.01787959759329849,0.009115471637053518,0.8188779644580418,3,4
0.03246361594486964,0.03099040217558863,0.0056915247712352535,0.0051317859476909975,0.9257226711606155,4,4
0.07726342067019382,0.10122820700181537,0.007716572859270766,0.0066227206605837564,0.8071690788081363,4,4
0.06682311773040904,0.25872526437985255,0.0015270271029917913,0.0027039409869470733,0.6702206497997996,4,4
0.0204163410534237,0.15505999277280924,0.0014467983140249861,0.003984370040947174,0.8190924978187949,4,4
0.02646172086800002,0.1854311802790411,0.0017367732563850925,0.004035697078878442,0.7823346285176953,4,4
0.03633577052660456,0.1341623881994614,0.014852872766169709,0.010899557015391083,0.8037494114923733,4,4
0.11859849206986661,0.11365866259175621,0.01900102756936541,0.015771549745686887,0.7329702680233248,4,4
0.08113293638474946,0.0888801398231548,0.013165477426362345,0.012997486420012479,0.803823959945721,4,4
0.07061681634693005,0.22985329910553132,0.013807103926873282,0.03853630812644402,0.6471864724942213,4,4
0.16241299906081197,0.2318828652989454,0.02646002526923889,0.01779030092700473,0.5614538094439989,1,4
0.1335886873985641,0.20588678722800377,0.016743215165864255,0.014659950881270641,0.6291213593262972,4,4
0.09765941222608296,0.3426498500297123,0.0467870314806716,0.023296662700614684,0.4896070435629185,1,4
0.04169998842625567,0.11829775805245524,0.001243393207858968,0.0005647477825151369,0.8381941125309149,1,4
0.02879575888794911,0.10353071695156293,0.0010195611375970462,0.0005699882699610158,0.86608397475293,4,4
0.06243937603147924,0.235038891138458,0.009774658355986223,0.013305967703437126,0.6794411067706395,4,4
0.019861536063102,0.1902270813093601,0.0011990541662886078,9.99000358584582e-05,0.7886124284253909,4,4
0.03632914620263157,0.06301138219000506,0.000652215453813077,0.0002710320181641854,0.899736224135386,4,4
0.03751672423324807,0.06769047044002618,0.0006189792813890312,0.000287609670507791,0.8938862163748289,4,4
0.06961391821870393,0.2547939656743462,0.004337306080104735,0.001263619994452724,0.6699911900323925,1,4
0.04547322563220474,0.20838250876985623,0.0036366153265137333,0.0012570224968614955,0.7412506277745639,4,4
0.06846724133685783,0.2118653126228638,0.0044119513207406475,0.016411751980514394,0.6988437427390234,0,4
0.07240945569123712,0.16814227916453212,0.0053749329962320905,0.019547653562689518,0.7345256785853091,4,4
0.12557198395545224,0.21626169693353137,0.024230343894132388,0.005846556230263136,0.6280894189866209,4,4
0.12675789252149836,0.4688362016082693,0.003967181647477506,0.011035851612706305,0.3894028726100486,1,1
0.15057981565841327,0.3136789793119056,0.0415000835035422,0.01213819372117244,0.48210292780496655,4,4
0.05861339980555604,0.1880410965866168,0.0424268247585766,0.022820858493191782,0.6880978203560588,1,4
0.20320890280742324,0.39535161096036997,0.023206058720698357,0.024982639085823485,0.3532507884256849,1,1
0.11666532898852448,0.1937055528092772,0.010627485413085041,0.007234205109239456,0.6717674276798739,1,4
0.22282797790357334,0.3625074961009451,0.006904664035790748,0.010791752555061835,0.3969681094046289,4,4
0.16164232014120056,0.31715931640579226,0.0062451583324579975,0.01864500442094208,0.4963082006996072,0,4
0.18044141842352482,0.26034135011538656,0.005233591808701844,0.015611515661207364,0.5383721239911794,4,4
0.04711089964519812,0.09299715823248764,0.006136359492322382,0.008030709744089072,0.8457248728859027,4,4
0.23175337552195427,0.285332917057377,0.01692486623713352,0.0460532463862103,0.4199355947973248,4,4
0.10894147637346852,0.21556541191665807,0.02438154333299349,0.01203723561199923,0.6390743327648807,2,4
0.11342405675774457,0.2747453411486489,0.022605109168847462,0.012325024536602927,0.5769004683881562,0,4
0.15008226117117543,0.5007756177446541,0.023894625909030777,0.026813144338783592,0.2984343508363562,1,1
0.23508060544456386,0.20056435780504236,0.02662144147232291,0.03217585728789478,0.505557737990176,1,4
0.11096612839583939,0.3296437757564577,0.07421761488579118,0.023167312299110333,0.4620051686628013,1,4
0.11936744807251715,0.31940071479902055,0.05970309898702568,0.021712422518658056,0.4798163156227785,1,4
0.06301283464839821,0.11708454568255684,0.0371486623998042,0.026938951066621752,0.755815006202619,0,4
0.1678358179769817,0.20370700763958932,0.04761353742086538,0.036314099541875665,0.544529537420688,0,4
0.11347112581238084,0.1389221141567301,0.02451285413491287,0.043329877985921264,0.6797640279100549,0,4
0.08491085688923428,0.4686803957568203,0.002820468683624214,0.0009329898291796919,0.4426552888411414,4,1
0.09281155191904251,0.3917912831992324,0.005080604292421703,0.0013626465073838551,0.5089539140819195,0,4
0.12497294410043423,0.44197733412741014,0.03579615170173791,0.011743295013997214,0.3855102750564206,1,1
0.09924876173191827,0.3977791869648501,0.03649183549643261,0.010484015589282476,0.45599620021751663,1,4
0.12303372548791379,0.43854618775193505,0.029098592391348613,0.014167364238534501,0.395154130130268,0,1
0.1414308194199833,0.12736222187391563,0.048947949606969,0.01579856822981704,0.666460440869315,1,4
0.1333717170911023,0.12179245799720076,0.04011614299695252,0.012658751080576337,0.6920609308341682,0,4
0.1061416345396269,0.45129690020666097,0.022056325958638347,0.01790632978025886,0.40259880951481497,1,1
0.14334475106835876,0.19263340288980224,0.033491795413915365,0.01871729545907539,0.6118127551688483,4,4
0.0502500557067296,0.08622090545318305,0.021920430960386036,0.003543426086075013,0.8380651817936262,4,4
0.08706962238192599,0.15359558616556346,0.013044897466938652,0.02476368125356833,0.7215262127320035,4,4
0.10115559109182562,0.24426354749351406,0.0709082147024647,0.02121539872985825,0.5624572479823373,1,4
0.08574083157305243,0.15502009142425488,0.005484494015973517,0.0007807512149652941,0.7529738317717539,2,4
0.05427063608515357,0.18440213426384477,0.007532856252130792,0.0007854770259913688,0.7530088963728795,4,4
0.10864380375724011,0.31956888278684564,0.02375419510796156,0.009354056493387001,0.5386790618545657,4,4
0.1433117689959673,0.30357534446086204,0.07515791963880769,0.016381094664253103,0.4615738722401098,1,4
0.09492969523948076,0.17230472917083953,0.004019049812999821,0.0025784110729378095,0.726168114703742,0,4
0.07189742557531958,0.11902698946775407,0.006256510339257715,0.0026962458956527103,0.8001228287220159,4,4
0.12419250831859725,0.0770656070899394,0.022448214796087745,0.010981816160717363,0.7653118536346581,4,4
0.17611308220537164,0.15848337647841051,0.011904582365830177,0.028481118770298186,0.6250178401800895,4,4
0.05573053202524905,0.11568112500003727,0.003317057603136489,0.0012138613776539135,0.8240574239939232,4,4
0.1191565798815241,0.10909125298493737,0.02702271023015074,0.00596148012898052,0.7387679767744072,4,4
0.1422642818453585,0.22422468809284554,0.02994622665080381,0.047642627981763754,0.5559221754292284,4,4
0.12670261256042034,0.2528050316347769,0.03382853310255,0.0605564506605782,0.5261073720416746,4,4
0.07538522681504901,0.22412127834741258,0.012292600281315517,0.016587956082643966,0.671612938473579,1,4
0.1438117100408852,0.20782757205378433,0.03197127620414437,0.020911716346102654,0.5954777253550835,0,4
0.08950383927148706,0.11683454224075147,0.02819094552826435,0.017846888509561856,0.7476237844499352,4,4
0.06156207598653583,0.06904199665726884,0.004525587525500336,0.0034304593990879153,0.8614398804316071,4,4
0.14532811986738367,0.24957749211859864,0.04378335664977539,0.018614096630961557,0.5426969347332808,4,4
0.0431797551220779,0.14123756034402474,0.026658291140891847,0.004103222596313467,0.7848211707966921,2,4
0.1395279474965438,0.08642482692335018,0.004345375608979554,0.019500627200431487,0.7502012227706949,4,4
0.19836043132386938,0.29392632684330394,0.04675644119825197,0.024691720067837503,0.4362650805667371,0,4
0.06288729973020454,0.18976171492763355,0.01773210530697656,0.007924923268200155,0.7216939567669852,1,4
0.23939888010052252,0.2353895612361306,0.016068849016476896,0.004635889819487371,0.5045068198273827,0,4
0.062015711202318816,0.12189290134496218,0.03541180396868202,0.009897202370179502,0.7707823811138576,4,4
0.08882677789209063,0.20754260171058553,0.014479597332890054,0.011218545111630224,0.6779324779528036,4,4
0.23545892294664833,0.1945350453862485,0.014265687486043746,0.012786698474057263,0.5429536457070021,0,4
0.2550913112093182,0.1421120601853207,0.007456493691566192,0.0080647857217672,0.5872753491920277,4,4
0.1099152291820924,0.21205388913862563,0.055475336223081255,0.03538862333138174,0.587166922124819,4,4
0.10634001272507387,0.2631619951370936,0.02323518022748148,0.009663627686009462,0.5975991842243416,4,4
0.14252923176581916,0.30149190416956145,0.09100372217071322,0.022365161149170438,0.44260998074473573,4,4
0.16197814974958963,0.2306399973745305,0.01534974628374413,0.02257318627724187,0.5694589203148939,4,4
0.1405127781204534,0.21837485118967376,0.0797324239682673,0.046385271890967285,0.5149946748306382,4,4
0.05213151347481029,0.07930728063352593,0.027620613278440186,0.010632171330738857,0.8303084212824847,4,4
0.12629111865090697,0.17657256152437684,0.005396782581948254,0.012643259419878938,0.6790962778228891,4,4
0.074303135817838,0.2131012743108883,0.030170338305422467,0.00856469876878216,0.6738605527970691,2,4
0.11634428407327156,0.2632589526031514,0.010557775359234817,0.012007961874721366,0.5978310260896209,4,4
0.16348624145229868,0.24402751229712424,0.0059573625145341105,0.021834377305363622,0.5646945064306793,4,4
0.16948329967939374,0.19639361183550794,0.008498427777728483,0.023693366322712264,0.6019312943846575,4,4
0.12754994504317477,0.18856796222993713,0.00516541060561735,0.017263469106484707,0.6614532130147861,4,4
0.05335964637554187,0.21887589290590895,0.0006853151328797025,0.003670666834705231,0.7234084787509643,0,4
0.044914344610933715,0.2349250577596471,0.002018223172758443,0.006644288392662821,0.711498086063998,4,4
0.12451778458173565,0.1792211005899502,0.010161782113337197,0.013941242569377475,0.6721580901455996,4,4
0.05569168535241859,0.09531768362948406,0.01056694336729457,0.01578753734799625,0.8226361503028067,4,4
0.1200762737489632,0.23532693030714885,0.11433454839026133,0.01470991865794064,0.515552328895686,4,4
0.09567721300048604,0.2519620720845768,0.026521100651968853,0.01188895334646378,0.6139506609165046,4,4
0.09696283763708699,0.23413040455948345,0.04758702278692779,0.015324851987481656,0.60599488302902,4,4
0.22859628590983283,0.26510856960880463,0.02709953283605653,0.015335484802057599,0.46386012684324845,0,4
0.12025114498836242,0.06370024868223907,0.005856778997342334,0.003100918990841586,0.8070909083412147,4,4
0.17616146825505083,0.2535264169190726,0.04561338749540465,0.012024145334026279,0.5126745819964457,4,4
0.11206569690097284,0.3252839625817277,0.04149832627440926,0.022260266054104194,0.498891748188786,4,4
0.12060638283161496,0.28239708413105913,0.013341030573716035,0.016658205346340736,0.5669972971172691,0,4
0.052111323765591265,0.15148166886911227,0.006545604609994672,0.0072414931236698555,0.7826199096316319,4,4
0.04396656668838151,0.14133363882808925,0.004790583543556006,0.006014570604235085,0.8038946403357382,4,4
0.06844771753466103,0.14295779098855468,0.004985460757916853,0.007374398458832217,0.7762346322600352,0,4
0.09578482907092528,0.20038620113378394,0.006494537444758806,0.011344100223466286,0.6859903321270657,0,4
0.09267317011007574,0.0971250546842719,0.00811583026538466,0.01046207696144594,0.7916238679788218,0,4
0.055041627062298544,0.07108682756996326,0.01027700525219938,0.012043209561160007,0.8515513305543787,1,4
0.19471433938361676,0.09895422718277547,0.025101709841491113,0.01886789452794971,0.6623618290641671,4,4
0.07715582728925247,0.24395635674022947,0.03577162781413777,0.031582908723539194,0.6115332794328411,4,4
0.07046338923001094,0.2500111676228346,0.03574358269490584,0.02704770995269864,0.6167341504995499,4,4
0.29913271220297966,0.12805554058544677,0.0018892749373594854,0.010747129722930198,0.5601753425512839,4,4
0.15327627678781042,0.18775436096027862,0.008910550159726397,0.009265161387688433,0.6407936507044961,4,4
0.11887009176513381,0.14792412983513029,0.028932888635693505,0.009613698332915215,0.6946591914311272,1,4
0.15210064238622348,0.39673955949537565,0.030724987089855094,0.038211710841806766,0.382223100186739,1,1
0.04352977362649348,0.07575734965967235,0.004446907466230605,0.004593453260333985,0.8716725159872695,4,4
0.10504381073622823,0.09456829158182262,0.038986194881948544,0.012088365492129225,0.7493133373078714,1,4
0.09589249572316402,0.09936701076796041,0.011942681414711151,0.012275047487701836,0.7805227646064625,1,4
0.0925896135893799,0.14383121849736222,0.03608281553367246,0.01859457804325856,0.708901774336327,4,4
0.06374512471473166,0.16539236616566488,0.012236362254758278,0.02149128301671256,0.7371348638481326,4,4
0.12561289451750957,0.3427729396131572,0.024233036105480412,0.020174401357730656,0.4872067284061222,1,4
0.06580105183918351,0.1957932313737875,0.014786755263509649,0.010049760503183815,0.7135692010203354,4,4
0.08162164202387683,0.17375230661789537,0.00828029989995615,0.007600008162473699,0.7287457432957979,4,4
0.0980231015966856,0.2580205075078033,0.004553515892581803,0.007152500427471847,0.6322503745754575,4,4
0.2155617296520666,0.22153779176609337,0.02355546942799983,0.01074328824284225,0.5286017209109979,1,4
0.19072130092117903,0.20616750382565632,0.06311057305292724,0.031946121650703596,0.5080545005495337,4,4
0.2074476105251982,0.109838707748928,0.025224632737452082,0.025841602722006893,0.6316474462664148,4,4
0.06129641917156004,0.199555395563909,0.02565528621829024,0.01019889526967901,0.7032940037765617,0,4
0.10871330457995107,0.13636108048568638,0.009236011128012587,0.006934701973199063,0.738754901833151,4,4
0.11155138741654709,0.13211767102473881,0.007725418972385807,0.005921408003784013,0.7426841145825444,4,4
0.13132782482120398,0.11848952711204679,0.005946224182514682,0.014356153679341233,0.7298802702048933,4,4
0.053366204390135834,0.07936959420468034,0.004139799488841567,0.003910008294217872,0.8592143936221245,1,4
0.07243500347877242,0.16559415289438695,0.035737399475073005,0.020233319245896428,0.7060001249058713,1,4
0.13395814252617877,0.2995469902450533,0.00784238262685168,0.015744566499008475,0.5429079181029077,1,4
0.08605697413158381,0.11300528529533702,0.005655775617815584,0.006935617755421181,0.7883463471998424,4,4
0.0532254724880217,0.11500983416453325,0.0021184385394047702,0.0056045862658279585,0.8240416685422123,4,4
0.051200408203858794,0.2289273896617139,0.030977057997813758,0.008736511404446179,0.6801586327321673,4,4
0.2250752115574072,0.15414923795746205,0.008373107547245368,0.014963660573115361,0.5974387823647701,4,4
0.1448760127499076,0.13715321648751239,0.01109126017632112,0.020509097535029722,0.6863704130512291,4,4
0.0774986551125037,0.19691134722512577,0.024738087895961824,0.015582051268842951,0.6852698584975658,1,4
0.03331643216258951,0.07144516466685338,0.022728303747435244,0.010789334729616388,0.8617207646935056,4,4
0.08602398505012769,0.17285723462102298,0.07881644882973929,0.047264024280117715,0.6150383072189923,0,4
0.06002492421367755,0.1227269477888358,0.060228655791193006,0.03315708948966226,0.7238623827166314,4,4
0.06668798653059549,0.08532147734343491,0.019648342822074977,0.015448624447334174,0.8128935688565604,4,4
0.09521438682860721,0.10004862776956733,8.344274323464213e-05,0.00012550510520165317,0.8045280375533892,4,4
0.09806214749203594,0.1358477036057126,0.02731528891639196,0.0138511150581948,0.7249237449276646,4,4
0.10008770172014994,0.16228832771360244,0.019736369426687585,0.014410608495370979,0.703476992644189,4,4
0.23532230087694145,0.1899456426762938,0.01215647171211787,0.015151819946750439,0.5474237647878966,4,4
0.16776012141135638,0.1788624177958489,0.005638262029819406,0.008436239475000619,0.6393029592879746,0,4
0.021737327627570035,0.09228002298366957,0.0008679443195498024,0.001233718101010589,0.8838809869682002,4,4
0.059015377802203305,0.05676166032171084,0.012638106844366144,0.008620431482290407,0.8629644235494293,4,4
0.05637578695920604,0.061596550066615595,0.015095901721830216,0.011642138618236281,0.8552896226341119,4,4
0.06620380437642434,0.24997732407834064,0.008447632254884027,0.018768097815476503,0.6566031414748744,1,4
0.10202370723010121,0.09001714990230683,0.01834389206398551,0.014186610635350708,0.7754286401682559,4,4
0.12040059066808499,0.14861836761873806,0.0024883727520723774,0.00162908642431948,0.726863582536785,1,4
0.06281195868111354,0.053902015654257146,0.0012366290859690586,0.000857970422194705,0.8811914261564655,4,4
0.11060310373018702,0.2105999178391954,0.013132125336726762,0.004495605436825798,0.661169247657065,0,4
0.1350027241062607,0.12783726326232217,0.045309392118966035,0.03442603259172478,0.6574245879207263,1,4
0.11769226108402431,0.18650026914843784,0.003963816987578337,0.006464330062059954,0.6853793227178996,4,4
0.10360664968784368,0.13559976414186517,0.0014601546748447215,0.0048234000657551256,0.7545100314296913,4,4
0.1544960853003648,0.24379765176168658,0.003832058675551112,0.012445217763213796,0.5854289864991837,4,4
0.06048046187205582,0.21917571365583613,0.0025636119507593644,0.006508293021047209,0.7112719195003016,4,4
0.03470664834297799,0.04441217691204947,0.014065479040597397,0.00792262288912387,0.8988930728152513,4,4
0.10982126140986484,0.14773096102687774,0.011848212202068595,0.008868278173923558,0.7217312871872652,1,4
0.10212812345313153,0.14532656101651184,0.004759454645017039,0.003626003371049795,0.7441598575142898,4,4
0.08971807669603396,0.3267642393780213,0.005423110546861668,0.0054842373057264505,0.5726103360733565,1,4
0.08247522473844172,0.17560207938162564,0.007978058236255149,0.008310761119506817,0.7256338765241707,4,4
0.10576305397391277,0.23010398108773053,0.0064775824263965,0.008423288001475286,0.6492320945104849,4,4
0.11027359625328119,0.2303776620691051,0.006870083698414941,0.009857560257904324,0.6426210977212945,4,4
0.06432583714671897,0.3668156581919793,0.017283377626306544,0.007281951321296122,0.544293175713699,1,4
0.10739612590915783,0.15025470430590135,0.019487728846343092,0.016249864275511235,0.7066115766630865,0,4
0.1260938276976048,0.19558922001828968,0.03434297091209092,0.00948261188756322,0.6344913694844515,0,4
0.07573744258766554,0.13100946738091424,0.021617223947425903,0.005660544006572119,0.7659753220774222,3,4
0.08636511659801974,0.11504860168994092,0.011014547335038096,0.01530565671107438,0.7722660776659268,4,4
0.04410114310089702,0.12485212589408655,0.0008037191314060403,0.0005592741352159826,0.8296837377383944,4,4
0.0926946843299249,0.08946425787018064,0.0031501061714256182,0.0042045414543918636,0.810486410174077,4,4
0.07046199010019827,0.05045645005224244,0.00112012993754574,0.0026225539088857996,0.8753388760011277,4,4
0.05705619937411947,0.07887869066215769,0.006711958715577225,0.004747740145038571,0.852605411103107,4,4
0.1782732249608187,0.15022808132801835,0.016608943586145,0.011722835207906616,0.6431669149171112,1,4
0.16174962266684692,0.07453880645326388,0.010120097961293808,0.007730313655723211,0.7458611592628722,4,4
0.1838520394140317,0.2531685987318298,0.028085726929313094,0.043379612032751334,0.49151402289207413,0,4
0.164455527531908,0.3098348056101418,0.044722948209365496,0.026127561590475336,0.4548591570581092,1,4
0.04044040197290283,0.03350602840370709,0.0029508594947124673,0.0014841158306162813,0.9216185942980614,4,4
0.06880228025722422,0.1255290364799075,0.0046622535309451246,0.0033100711955674827,0.7976963585363556,4,4
0.10435953811499468,0.2860599332259674,0.026652611985264026,0.043369660528778595,0.5395582561449953,1,4
0.13258554889214003,0.27925037546030657,0.02038736277975069,0.011571032655941482,0.5562056802118612,4,4
0.06904603266471239,0.21937343261771586,0.04079399250063949,0.01377288653917415,0.657013655677758,4,4
0.07228705055689708,0.31184500499321566,0.0070050665298042785,0.016243518753265563,0.5926193591668173,1,4
0.0881987375187944,0.3460635963941757,0.010416069431928967,0.021998086494610086,0.5333235101604908,4,4
0.01804390184997989,0.13985779457460012,0.0007364896719417079,5.12406784618761e-05,0.8413105732250165,4,4
0.15142792610966055,0.19463781474231373,0.07233636002519467,0.02315089836035617,0.5584470007624749,4,4
0.13687059661473278,0.18782877623077324,0.05746267987900837,0.025494898321853636,0.5923430489536319,4,4
0.1320364200090067,0.18211029739069678,0.05102654314258201,0.020589226316961223,0.6142375131407533,4,4
0.1000730595654687,0.4789283191507349,0.02180365127112787,0.009672819232250515,0.38952215078041813,4,1
0.05781498028414237,0.2949502969426728,0.0039972261274339475,0.0012602233635705528,0.6419772732821802,4,4
0.060889609102375626,0.12595123813201178,0.004105168693258167,0.011861452818777478,0.797192531253577,4,4
0.12192052506870305,0.16747074088625133,0.025247272209238072,0.025854724926413445,0.659506736909394,4,4
0.060432687246488315,0.25051688394664706,0.07320923137628393,0.007103523545350892,0.6087376738852297,4,4
0.12444900605487581,0.34594506970567773,0.014436358987913114,0.017619896001054278,0.497549669250479,1,4
0.12142552570833111,0.2761025232060441,0.03003892057064038,0.007635054861050425,0.564797975653934,4,4
0.25170409961493895,0.29440036990335383,0.027337401610819826,0.015611478500697487,0.4109466503701899,4,4
0.058015776005837405,0.09697195636023072,0.042974618335450424,0.006689631410122777,0.7953480178883586,4,4
0.028392720412568972,0.07782635769909743,0.01847273169914268,0.004372775702593157,0.8709354144865977,1,4
0.028393116331691882,0.11425923498937672,0.011772192934625518,0.002464123662581031,0.8431113320817248,4,4
0.023192350808880158,0.06326538798133968,0.011126399586361113,0.0032535204978697756,0.8991623411255493,4,4
0.15489180199985123,0.38447932119180267,0.041035642698335845,0.009437904751994467,0.41015532935801574,1,4
0.0715432480549189,0.46090851090975216,0.0016206329181640625,0.0006695989791047056,0.46525800913806015,1,4
0.1684269467057897,0.25899060160223053,0.024533106075425606,0.013747861524783472,0.5343014840917707,1,4
0.17977836382017376,0.44890221256727425,0.06273019077105063,0.03545417979156629,0.2731350530499351,4,1
0.2049567611159913,0.3821577623826018,0.038218222362704855,0.03267880547791899,0.34198844866078315,1,1
0.19358148920262147,0.38884703055937,0.03636312211837319,0.027945948135621634,0.35326240998401376,1,1
0.19060462712298643,0.3465782263555137,0.046874427210293924,0.025147803787025438,0.3907949155241805,4,4
0.18067093500512765,0.43801193845668357,0.046796973529717394,0.0501573784682263,0.284362774540245,1,1
0.01918205662840156,0.04605521435914189,0.0026611658403250986,0.0025530939202152237,0.9295484692519163,0,4
0.028332967474987248,0.05246331437921408,0.002677852206119823,0.0026508985531034615,0.9138749673865754,3,4
0.08606587571811451,0.6410577684549452,0.009166213418850213,0.015719380471274896,0.24799076193681507,1,1
0.17719889372913156,0.20058880109650284,0.04832625553838408,0.025851234188766562,0.548034815447215,0,4
0.19683359538130835,0.18934076938367167,0.03932541827334467,0.023179640415991284,0.551320576545684,0,4
0.11330950172986426,0.12085983692599388,0.07080431286239935,0.05222488667866065,0.6428014618030817,4,4
0.1788933403090132,0.3269013410693356,0.04369049596921263,0.013788488919974324,0.43672633373246417,1,4
0.13254827345412862,0.3794416148929898,0.025823251244755038,0.030800727872082483,0.43138613253604413,1,4
0.030092695819333794,0.21486100036419117,0.016889026423956906,0.0031606582947553323,0.7349966190977627,4,4
0.06725058517071553,0.12815382928447724,0.012259884461735435,0.003293802533921941,0.7890418985491497,4,4
0.18354702591990055,0.08278814541128095,0.006719779687361748,0.0075335325071345365,0.7194115164743221,4,4
0.13414990674541405,0.1725506707096754,0.018732411081379092,0.0013748918752339867,0.6731921195882974,2,4
0.11789767331253198,0.16884948339798828,0.01502844709828811,0.0010885155717310756,0.6971358806194604,4,4
0.21415242513440966,0.4405435879804063,0.006038074326687432,0.014515067839141388,0.3247508447193552,3,1
0.1291831304090857,0.2400707535373475,0.0034207449471311056,0.010652953703668266,0.6166724174027675,1,4
0.04676369379544625,0.05377976184870213,0.0018538184163592463,0.0022904487985429705,0.8953122771409493,4,4
0.09442355030217546,0.1203493078579105,0.004121470320901526,0.003942874875157918,0.7771627966438547,4,4
0.03438184466200324,0.03990361220007998,0.002394442567695042,0.0008614503648980483,0.9224586502053237,1,4
0.15798584532608678,0.029498609210573828,0.0063921863543549675,0.006857069033185815,0.7992662900757985,4,4
0.03482438520700196,0.006176548905320763,0.0013065660348207668,0.00043962618175683087,0.9572528736710997,4,4
0.1126054724832362,0.33926639877738324,0.026647686031735094,0.052513878864136575,0.468966563843509,4,4
0.04747522170391963,0.03763444394383001,0.0047313038048570275,0.00535249244767127,0.904806538099722,4,4
0.13585777542724833,0.022882602581398657,0.0011796892653560321,0.0013110842148015322,0.8387688485111954,4,4
0.06346728594733496,0.15393011840819296,0.017604808674706533,0.01710289950298397,0.7478948874667816,1,4
0.2191060206915067,0.08899048119467974,0.02413549078781871,0.016920342604101,0.6508476647218938,4,4
0.027593074944382828,0.06715769592251611,0.009078236058681003,0.0015554924405172805,0.8946155006339028,2,4
0.018895534623854987,0.040345606300305085,0.005996254283066098,0.0009831593285932767,0.9337794454641806,4,4
0.0118585240678239,0.2527492939719523,0.00021736637034891276,0.0001145801524310793,0.7350602354374438,4,4
0.053721059019623305,0.19578509260114765,0.003489233190949137,0.00883561020265328,0.7381690049856267,4,4
0.08689641633816407,0.34932821807138487,0.013479246349177808,0.007679322637614546,0.5426167966036587,1,4
0.20447447726800613,0.344454356397012,0.011378799232817392,0.01370774315151534,0.42598462395064907,0,4
0.03517838352142778,0.057762910087270615,0.003758646518418465,0.004348088264834933,0.8989519716080482,0,4
0.04338267715861219,0.061708924316251954,0.011801698935364542,0.017916921016599193,0.8651897785731721,1,4
0.03874606815054803,0.030477339891194864,0.0019299242987249057,0.0019055054504290216,0.9269411622091033,4,4
0.0963500986437037,0.3444253079354938,0.03092484845121598,0.006913377584010566,0.521386367385576,1,4
0.1797867093434835,0.07559942590405608,0.00047442787557467687,0.003978532929384402,0.7401609039475013,4,4
0.2650340557885325,0.15185571875384618,0.01828784550562972,0.04277133158129495,0.5220510483706966,4,4
0.1095260124448274,0.2948295096106085,0.022728293109694753,0.015924579415541675,0.5569916054193276,4,4
0.05031492596875492,0.17214391525465297,0.013036785178216156,0.008876381346335383,0.7556279922520405,4,4
0.13468375414835684,0.09178745601543391,0.00528092228849199,0.011154224671218413,0.7570936428764988,0,4
0.044666444166110875,0.20144772906082642,0.0042183809492679775,0.006647026286860931,0.7430204195369338,3,4
0.027121867786457192,0.07120801653219394,0.0009980778481356344,0.002680604643632841,0.8979914331895803,4,4
0.05246088062281815,0.22455212699090318,0.0012985798392687146,0.003199290931239833,0.7184891216157699,4,4
0.05772714484058938,0.05848721815868231,0.005874637214545178,0.00796476916819546,0.8699462306179876,0,4
0.030670914292436957,0.021230732483731047,0.0028019533761196092,0.0030712107012590335,0.9422251891464534,4,4
0.015327618285817862,0.10540690191860055,0.0003832480473963196,0.0016806491912862687,0.877201582556899,4,4
0.04506129211762797,0.0739478840246169,0.0268400343010245,0.005273682336108375,0.8488771072206224,4,4
0.08980884585853849,0.11193867398816743,0.014292678573007627,0.025300414664561056,0.7586593869157254,0,4
0.1280457567555034,0.04535394035636167,0.0008635792566723587,0.003355483992555818,0.8223812396389069,4,4
0.10608636829781276,0.3123086883096447,0.08458233514753703,0.013542304212547398,0.4834803040324581,4,4
0.06664511127842909,0.2460531661582905,0.031754999386870215,0.008057998084207022,0.6474887250922031,4,4
0.05962152870632144,0.36144843408285127,0.019443697523039677,0.004516527229588409,0.5549698124581992,4,4
0.09462901006361883,0.4261667600271042,0.024242139354001723,0.009447081964061035,0.44551500859121423,4,4
0.1093697982787999,0.17704298557561587,0.015656231029038944,0.00283010639971566,0.6951008787168296,4,4
0.3423101968269952,0.5716857896788899,0.012701205495446649,0.018578846529301137,0.054723961469367144,1,1
0.11491063966330246,0.10034923516005839,0.007139672200130723,0.008336188204972471,0.769264264771536,4,4
0.2614112753084799,0.15281049894680798,0.00868616126537586,0.012579049049890668,0.5645130154294455,4,4
0.09634951360430428,0.0880413564288003,0.016789220311731187,0.004575591310523722,0.7942443183446405,4,4
0.09029601357077334,0.4756318188585645,0.004079392662811162,0.009513502012865445,0.42047927289498555,0,1
0.35681365807649523,0.16076607808098287,0.018955518566403366,0.01020614590285703,0.4532585993732614,0,4
0.08556380180116897,0.021135048297339077,0.0020911898416158168,0.0011018116161750776,0.8901081484437011,4,4
0.1661333762643368,0.10747406390500928,0.05607086050206427,0.007533446167693738,0.662788253160896,4,4
0.3233753154366251,0.04315729103130359,0.02369332163439004,0.013410278209456802,0.5963637936882245,4,4
0.03680486130131834,0.016726739795451674,0.0016568008690455332,0.0007809568194623414,0.9440306412147221,4,4
0.136167956469584,0.17580215836191354,0.05010445317900815,0.01881533084432935,0.619110101145165,0,4
0.04374863494927259,0.049928233067336,0.010820497650340814,0.004645749886418573,0.890856884446632,4,4
0.15721572141096976,0.1294656682684982,0.013266329922079382,0.007111668991036741,0.6929406114074159,4,4
0.05570146692328568,0.078158123773559,0.033646736993676124,0.01747793997278418,0.8150157323366949,0,4
0.04063752236115006,0.05032940261332601,0.022261968328606413,0.010617262432341405,0.876153844264576,4,4
0.051233772102668385,0.08077764571265857,0.028073343483246506,0.01653389955440444,0.8233813391470222,4,4
0.1304818987741724,0.1419694373281529,0.02178248889416145,0.009819323217219162,0.6959468517862941,4,4
0.24381276770539415,0.39877817353614853,0.012163259885103542,0.011822952242506714,0.333422846630847,1,1
0.16513732111827273,0.2060773630854411,0.004788221098945396,0.010198787787087587,0.613798306910253,4,4
0.07913455676946135,0.09569014770996255,0.017931023329222688,0.0078023984562987855,0.7994418737350547,4,4
0.05936897978500968,0.15698828393557807,0.0170294809055006,0.011685185022829012,0.7549280703510827,4,4
0.10164089142215478,0.18798688761095045,0.022732542089316417,0.023502342615294887,0.6641373362622836,1,4
0.07299892560486065,0.10492451960852513,0.010296148187382793,0.011351895170353557,0.8004285114288778,4,4
0.03607593063633801,0.6140029775162466,0.006903372243637631,0.006190540809038084,0.33682717879473967,2,1
0.043048568947628874,0.3644399140030641,0.009544362152926563,0.005613468210332996,0.5773536866860474,4,4
0.03861127769832045,0.5002195272190618,0.00744623582972589,0.006899025543200851,0.44682393370969115,4,1
0.0533363927527436,0.026056405481922,0.0006163469149864325,0.0011444486517412343,0.9188464061986068,4,4
0.43994292791541273,0.12912675735239443,0.01901074678603702,0.02847347861434912,0.3834460893318067,0,0
0.10104927017842175,0.024668168886893944,0.0032923370943834704,0.004229153348412162,0.8667610704918888,4,4
0.12886441792466777,0.10501061671857187,0.010775613749041091,0.007740647542034462,0.7476087040656848,4,4
0.16344944583934812,0.23091816683098337,0.016638946369311555,0.011958099967488232,0.5770353409928687,0,4
0.1297677921061293,0.09070137946711455,0.0312758407922324,0.009202531188724494,0.7390524564457992,4,4
0.5194678087293415,0.24491555364263987,0.0067531860187443555,0.016778008789899677,0.21208544281937453,1,0
0.03236179142118821,0.04691922286598393,0.002152155515982658,0.010392685313957341,0.9081741448828878,4,4
0.3331069170063411,0.30227665703935436,0.006700574448819525,0.009222817467711752,0.34869303403777324,1,4
0.17204358565043168,0.017613210103050524,0.0024540806736899038,0.0033654964943295096,0.8045236270784983,4,4
0.08897432437716267,0.08636992179823252,0.008862795089400419,0.010351715583625715,0.8054412431515787,4,4
0.343774521938687,0.1878390293311071,0.04226019372237815,0.03217919862265347,0.3939470563851743,0,4
0.026033704745029137,0.01800779564290031,0.002670407614770299,0.0048338619685287165,0.9484542300287716,4,4
0.061472441671989515,0.35467153758932,0.025493793696568814,0.009769527373915428,0.5485926996682063,4,4
0.027482967823678806,0.2349682172544069,0.01415002164759474,0.003975124182894182,0.7194236690914254,1,4
0.027703187772743894,0.18995290198547626,0.011672885641565028,0.0032247398639883833,0.7674462847362264,1,4
0.4598395481776531,0.355252682773774,0.0056503608176491065,0.018541332987457183,0.16071607524346676,0,0
0.1961135324142249,0.301084715983874,0.01848055004888561,0.014373538873236183,0.46994766267977933,1,4
0.04770396090458455,0.043078650196440395,0.004218273534455838,0.002677065632644974,0.9023220497318744,4,4
0.21746471123611674,0.0803633259694772,0.015451352849450067,0.008668017472040492,0.6780525924729155,4,4
0.12185071306110207,0.03524650087495126,0.013638279959590396,0.004429516874530135,0.8248349892298261,4,4
0.05622870298276454,0.07089321089821256,0.019862564502017142,0.017119499222397652,0.835896022394608,4,4
0.04083270160470133,0.03869948698305548,0.0006358889484486493,0.002028733665373264,0.9178031887984213,4,4
0.013998699623539806,0.03554994549492363,0.0002948856984381305,0.0009415373918205715,0.9492149317912779,4,4
0.18530091127726406,0.09538872669677274,0.015072255065060297,0.010821283666639793,0.693416823294263,0,4
0.08157405312247784,0.04148671428605482,0.007945691104056518,0.005064140212071678,0.8639294012753391,4,4
0.017701594517647513,0.007941365696830762,0.0014227551252440475,0.0008507873905712857,0.9720834972697064,4,4
0.20036537041647687,0.385790255903664,0.0013269290368220419,0.007770713839169247,0.40474673080386764,1,4
0.3345341935791787,0.16460305657612376,0.004120861930222448,0.008288692744197378,0.48845319517027774,4,4
0.4270815386776323,0.209233745256006,0.006667053271396858,0.011548055351658133,0.3454696074433067,4,0
0.025741800374244412,0.02913555659250993,0.001284602575234191,0.0024428304844323926,0.9413952099735791,4,4
0.12491479491749485,0.03223568738353827,0.00786708037874905,0.010494691488060752,0.8244877458321571,4,4
0.05298800478269756,0.41531529047440197,0.005611220003312417,0.009092985132941524,0.5169924996066466,4,4
0.23285322187097288,0.2210437999080393,0.0021144246271482263,0.001958329771878725,0.5420302238219609,1,4
0.11584555777319357,0.2606734497276422,0.0030480829262015327,0.007129419805511926,0.6133034897674507,4,4
0.27012523759162765,0.4633233044879352,0.010817031977172702,0.0061993802253777165,0.2495350457178867,0,1
0.15677306347788447,0.08039007929324696,0.004676117405011958,0.002043500322603213,0.7561172395012534,4,4
0.34196657769638045,0.33553708051803177,0.027272799192591082,0.04310401643833594,0.2521195261546607,1,0
0.04914940375919843,0.02259001178025655,0.0031141096583306577,0.004495092958167531,0.9206513818440467,4,4
0.1438123803024279,0.24410441100795882,0.05072250843857955,0.06238295537484695,0.49897774487618674,1,4
0.013373899005462264,0.01087763490077221,0.0030319023511691037,0.0023440223313119873,0.9703725414112845,4,4
0.39112726717714713,0.1691913949569868,0.01369162883409264,0.016416930418454614,0.4095727786133188,0,4
0.3828193147077269,0.2700845302518783,0.0018189214694113135,0.00795269854057273,0.33732453503041077,1,0
0.006637885387312976,0.007496250192359905,2.880182789844062e-05,0.00023113424651152856,0.9856059283459172,4,4
0.036435949511303495,0.019061678896310517,0.01040366800174032,0.014182392923858356,0.9199163106667874,4,4
0.4328725213287188,0.34158279387979273,0.0384879693423278,0.05334836839031417,0.13370834705884652,0,0
0.003195826883861688,0.015458544638961423,0.0002866153184259938,0.00027044317022556296,0.9807885699885253,4,4
0.002153340614958506,0.01336914881156577,0.0001689131237774219,0.00015719901350738622,0.9841513984361909,4,4
0.25566054679841044,0.27951272158238466,0.004949661910473553,0.009606212587496667,0.4502708571212347,1,4
0.015880072313504676,0.1734558241276609,0.0015184582631005102,0.0018092610966780954,0.8073363841990558,4,4
0.012964792429913581,0.12115137260135012,0.0012833242050283684,0.0012645535719383357,0.8633359571917696,4,4
0.31482775979064076,0.5019719679945261,0.05008392554708494,0.025695184569494597,0.10742116209825368,0,1
0.03855908385985813,0.02990003758990651,0.011687450200541086,0.0028930575387234414,0.9169603708109709,4,4
0.03506990444553845,0.05051728726288143,0.014095516830079745,0.005348579889183926,0.8949687115723164,4,4
0.008100788568691421,0.1497595408772877,0.00034102261073600936,0.0008248530316127642,0.840973794911672,4,4
0.007274589106250316,0.005329400708862663,7.066717251847275e-05,5.934069081823669e-05,0.9872660023215504,4,4
0.026399732858938554,0.01254144702433774,0.0005388604206322796,0.0008842631153934221,0.9596356965806981,1,4
0.004194906505616912,0.001175656589004432,2.1210479347360215e-05,7.069522356765992e-05,0.9945375312024637,4,4
0.20035924012822953,0.5963233994876803,0.02632342870193923,0.04335299793746146,0.13364093374468952,1,1
0.056478465052206224,0.05386711728069793,0.008145534774440688,0.009179439198769462,0.8723294436938858,4,4
0.04279208846422561,0.030266817100671663,0.001953656225616655,0.0021141201264735063,0.9228733180830127,4,4
0.007496847927246106,0.006825607531011088,0.0011454407085659095,0.0010677072569849795,0.9834643965761919,4,4
0.03802113869800623,0.19235426162588473,0.0029025544013885772,0.00153339774569168,0.7651886475290288,4,4
0.0420932463539225,0.3117671511687089,0.0051244929255288875,0.002885263886545277,0.6381298456652945,4,4
0.008859823202105514,0.0050068962777902295,0.000581474400359965,0.00031337908229356684,0.9852384270374508,4,4
0.044164651315452545,0.056538720113642325,0.004597906510791808,0.011195442322345924,0.8835032797377674,4,4
0.032620456809045954,0.07391074609498204,0.0010716887694441593,0.002403007791534044,0.8899941005349937,4,4
0.02291424976307233,0.1397756578950914,0.002074896374602822,0.002872708301313301,0.8323624876659201,4,4
0.01684313175030444,0.15349325392875632,0.020858426383010897,0.0022319769724316735,0.8065732109654967,4,4
0.16011583067912508,0.07256742753040957,0.00288152142466743,0.0024444695203450664,0.7619907508454529,4,4
0.1679926113616232,0.24269741311155946,0.07937007285523978,0.027457451883866058,0.48248245078771157,4,4
0.15216616369147937,0.15567271617620815,0.06891613047176015,0.01719602806616224,0.60604896159439,4,4
0.08108911847427483,0.11102591020267055,0.03647537999473584,0.006961402025592919,0.7644481893027258,0,4
0.0850595176894601,0.23652118059014315,0.0012615907489094808,0.00046135929233038196,0.6766963516791569,4,4
0.0901973384957428,0.11313391951426068,0.002204624261646886,0.007658640269510963,0.7868054774588386,1,4
0.01582749203520019,0.09784808485584262,0.045339754785567704,0.0019298258058411196,0.8390548425175485,4,4
0.062333252007218905,0.10359789409112057,0.020512722728242262,0.008861143633602426,0.8046949875398158,1,4
0.056177602181286715,0.2007647533781263,0.01944972292308032,0.002941453007825362,0.7206664685096812,4,4
0.051918447345261916,0.2381943054229958,0.02481631561962945,0.004014768840745313,0.6810561627713675,4,4
0.09450377470833454,0.6586680851519843,0.012633993972518298,0.006619422198235371,0.22757472396892753,1,1
0.09044938382809033,0.14227529787537727,0.039802450442094024,0.007044248663415022,0.7204286191910234,4,4
0.09288722690057785,0.18796895340278294,0.06256454507473728,0.010935070455124086,0.6456442041667778,4,4
0.014770169150499645,0.028899059528992396,0.0018246023672866926,0.0008370332320625679,0.9536691357211587,4,4
0.18859336438321297,0.3146082273214242,0.10235057422210535,0.02274360478796948,0.371704229285288,4,4
0.06147016382779072,0.7500458169144697,0.0017975581861840592,0.0032096954963437866,0.18347676557521178,1,1
0.08761218134397708,0.5754741055271598,0.0272634976947104,0.007362753561951224,0.3022874618722014,4,1
0.11564471937329684,0.048786975551320534,0.013814843303925291,0.024463218107476547,0.7972902436639808,4,4
0.09496463556850743,0.5707951868851823,0.013182593250625704,0.00638188786050393,0.31467569643518073,1,1
0.08505938954290533,0.5792601117092777,0.022939734255689254,0.005421953728525538,0.30731881076360207,1,1
0.058403168264752406,0.33828596678754524,0.004887866186514559,0.008948396681635707,0.589474602079552,1,4
0.07492256591074012,0.2041766530237512,0.0022338769570163907,0.004743803108837897,0.7139231009996544,4,4
0.10839548493599534,0.7192609665239632,0.06193038397822828,0.010979128780397291,0.09943403578141588,1,1
0.1662068132911857,0.3334338988603578,0.023185691823727053,0.023127236015726714,0.4540463600090028,0,4
0.021556600858731536,0.9415904737029509,0.00629535521993585,0.0042439385978900596,0.026313631620491582,1,1
0.04088536898732576,0.35050694810254474,0.014087707235655365,0.008407659251151492,0.5861123164233226,1,4
0.04002196487213282,0.8028710483363971,0.05280406723466846,0.011364154774925085,0.09293876478187645,1,1
0.0332035175132507,0.7930859965512422,0.011715335780787232,0.005525999400718885,0.15646915075400106,1,1
0.06156330686999902,0.6698688995661535,0.04866359227745329,0.03212470640650083,0.18777949487989334,1,1
0.643988452660229,0.1253241794858485,0.0026163643909766577,0.0006464671748675881,0.22742453628807832,4,0
0.23392119331044056,0.44729414885196095,0.04661921942359443,0.013666158417208142,0.258499279996796,1,1
0.08154215086344835,0.6371840744719268,0.04318413380803209,0.010279439587745893,0.22781020126884677,0,1
0.0756434678044494,0.1889027238576021,0.18394438916884437,0.064796048444008,0.4867133707250962,0,4
0.060993842859681596,0.20655949167164087,0.15162173745578802,0.055464570488513165,0.5253603575243764,4,4
0.051383974779498805,0.013836739124052085,0.034273617966278154,0.009499181607624127,0.8910064865225468,4,4
0.11177540625734166,0.15719620836271495,0.04545785716833669,0.0316002857107253,0.6539702425008813,1,4
0.09997801286861734,0.15345787340290395,0.04070476965376197,0.02869248653077134,0.6771668575439455,4,4
0.028123449489798724,0.0369109097656975,0.025436324784899152,0.006033883536034759,0.9034954324235699,2,4
0.024091117118030865,0.03991172881467193,0.05169598476391513,0.009568600863749445,0.8747325684396327,4,4
0.12852744888808226,0.2578198957650007,0.056367269949364834,0.07156143950894049,0.48572394588861173,4,4
0.21491842332321104,0.09392173843306659,0.05778671552226818,0.06672488756470396,0.5666482351567502,4,4
0.17159529330429232,0.11229090726081939,0.06613294688516118,0.06796510987964557,0.5820157426700816,0,4
0.11753138209790917,0.17581619434910245,0.05047216077992851,0.09004880794931144,0.5661314548237483,4,4
0.0989336939679134,0.20382893930957546,0.10146733089943102,0.08507810230419015,0.51069193351889,4,4
0.1221122008427917,0.158137907171264,0.043465818245316035,0.09231499608058494,0.5839690776600434,4,4
0.12890180043735056,0.16864215633970717,0.07456852795449762,0.028302980507518807,0.5995845347609259,4,4
0.08883530818598223,0.25980711227626374,0.09742647703576904,0.07005535592697795,0.4838757465750071,4,4
0.14821557792792284,0.07268819798902108,0.03661446341642259,0.10356596424030638,0.6389157964263271,4,4
0.147267732547671,0.05662010334031062,0.02674255636002046,0.05996716470014396,0.709402443051854,4,4
0.14482457605813387,0.056835864490016035,0.025079115866437816,0.04972686138325044,0.7235335822021618,4,4
0.036830735037423984,0.10916151795616855,0.04598811127017739,0.04096957832759878,0.7670500574086313,0,4
0.06474117488540528,0.1659890899588246,0.054206803050422525,0.0565270869080389,0.6585358451973087,4,4
0.06105486791387666,0.1519218236986093,0.10702370358090463,0.05598931003935289,0.6240102947672566,4,4
0.07818819801424712,0.20741105340347057,0.15106042674071013,0.05633727230486077,0.5070030495367114,4,4
0.0477353922386195,0.1024530656504693,0.25110671395144885,0.05812232317847996,0.5405825049809825,4,4
0.008571399959716597,0.08796819532033219,0.0018371221585354652,0.0015416216433607774,0.9000816609180549,4,4
0.0658775038800683,0.09316539478014751,0.040669684880393395,0.10339643770256612,0.6968909787568247,4,4
0.048500348679986115,0.06984247480909989,0.01358592122107902,0.048109867461444286,0.8199613878283907,4,4
0.09658127868982073,0.28667666954180565,0.0967869157335652,0.05163741507674926,0.46831772095805907,0,4
0.12130537341858164,0.11465163268427402,0.04809582444866296,0.05361745115862951,0.6623297182898519,1,4
0.13211827590410335,0.10368959760270295,0.052577132983725725,0.04674697961704051,0.6648680138924274,4,4
0.05172466603904722,0.18605539039446012,0.03349962444351028,0.051817676390482216,0.6769026427325001,0,4
0.07230844707694878,0.13763840769821697,0.03412392643940638,0.04162238221000999,0.7143068365754178,4,4
0.0720386335265024,0.12723411902479836,0.03393584212525106,0.04802588753411045,0.7187655177893377,4,4
0.06921200442680611,0.18055817117569786,0.08843244258991674,0.05437395959145224,0.6074234222161271,0,4
0.082792736074299,0.20770856203394197,0.05711461787562582,0.05799728135621308,0.5943868026599202,4,4
0.03618077877281628,0.06618146896723982,0.0223735905187857,0.0071378748332450994,0.868126286907913,1,4
0.3231480411793945,0.2207076809519536,0.08234054155375527,0.07742240652506992,0.29638132978982673,4,0
0.30869765297986973,0.17693599785112712,0.06908291067708786,0.09674374555982429,0.34853969293209097,4,4
0.062176249794371606,0.10922454929173941,0.03863097921216464,0.06531359882250122,0.7246546228792231,4,4
0.0616952654128853,0.08355751380932412,0.039441442187619975,0.043951780158259096,0.7713539984319114,4,4
0.07567356141237037,0.08213987283353225,0.08929651037453065,0.05777316056318407,0.6951168948163826,4,4
0.11049009341853926,0.11163930931194256,0.014526488178278554,0.04576069746331469,0.7175834116279249,4,4
0.029506861660195494,0.10480986639969232,0.03660450053054981,0.06342890359499342,0.7656498678145689,4,4
0.023938257153720232,0.10684605478820265,0.044037756322903535,0.05790050439520703,0.7672774273399664,4,4
0.09224799282498175,0.1675192911692283,0.09886600548614602,0.03587515056442372,0.6054915599552203,3,4
0.06458601555013274,0.13127879647465218,0.12269065354745311,0.022971435091109795,0.6584730993366521,4,4
0.06804710261947286,0.14076997386271042,0.1161564947152495,0.022827519029162233,0.652198909773405,4,4
0.16134944564969658,0.1533448464319341,0.03250217943226816,0.037262619884771114,0.61554090860133,4,4
0.17465534987602033,0.13536671094639394,0.03448682051936338,0.0726576435532889,0.5828334751049334,4,4
0.15064726785487237,0.11762385879488967,0.025872729706494155,0.07295220301590793,0.6329039406278358,4,4
0.06279296829669892,0.07696529671635939,0.004865389521234719,0.017923143970604388,0.8374532014951026,4,4
0.2211095655820891,0.10933032148671622,0.053702926847135846,0.03692992419261269,0.5789272618914462,0,4
0.23297369055867218,0.093717233969034,0.05071277414255931,0.039203383767649494,0.583392917562085,4,4
0.10510424569118844,0.1393450659134836,0.10597267404847807,0.02180884705773807,0.6277691672891117,1,4
0.11011912895296654,0.08601464638649943,0.0407323172894295,0.04705533113339232,0.7160785762377122,4,4
0.08280207646319235,0.04614991532390994,0.06431283326933473,0.02076324055433227,0.7859719343892307,4,4
0.07405275602539443,0.13168185780793,0.38477931723764774,0.03862696652657103,0.3708591024024568,1,2
0.1015794632446758,0.16868508592560885,0.11494068173282732,0.04205977265361151,0.5727349964432765,4,4
0.15814212520247406,0.09622866637411254,0.08376644340429135,0.019112144538584907,0.6427506204805371,1,4
0.16492462712400005,0.3180737631605329,0.06296938116493533,0.04862394397367649,0.4054082845768552,1,4
0.17117209438054146,0.3454228866877036,0.10913882075836799,0.06178491398620318,0.3124812841871838,4,1
0.21790852617605178,0.31325726579902397,0.08680111927525233,0.06902287087135059,0.3130102178783213,4,1
0.08698806160667044,0.1604962158195583,0.018591428811910296,0.03963519545144455,0.6942890983104164,4,4
0.032046417223150624,0.11088938785499912,0.03473246395904797,0.06053506455285282,0.7617966664099494,1,4
0.030196018954046826,0.09609793534152399,0.01787991820893262,0.05640157296634005,0.7994245545291564,4,4
0.059397610639161054,0.18667863861247136,0.05254531831797563,0.060032648171366734,0.6413457842590252,4,4
0.05733122044133894,0.1596616573681667,0.08417476031937447,0.07739273746401756,0.6214396244071022,4,4
0.07070593739195263,0.18605101392161189,0.05810102947685812,0.058411963265327965,0.6267300559442494,1,4
0.14860508035954914,0.16345266745842085,0.10071809404629019,0.060661417499735984,0.5265627406360038,0,4
0.2236498045928064,0.13002798748744604,0.0878683585499365,0.07196928296778349,0.48648456640202753,4,4
0.02529340960760353,0.06885985058035445,0.029146588644584547,0.02387386704547351,0.8528262841219839,4,4
0.08453233016180144,0.19509425821995002,0.09518732446676847,0.07153863805033793,0.5536474491011422,4,4
0.05465073512318097,0.0937048684750211,0.06914423533072873,0.07004415796111921,0.7124560031099499,4,4
0.09852362489454733,0.09782963375686207,0.11898742607622294,0.06145354392769951,0.6232057713446681,4,4
0.08208848334607684,0.10528493212964563,0.17058232251999447,0.07367399437641076,0.5683702676278722,4,4
0.07927699609390486,0.22262897785747515,0.09362711252918349,0.03574105303705746,0.568725860482379,4,4
0.07640365877196814,0.2013332857116344,0.0719574194279093,0.03507450503077701,0.6152311310577111,4,4
0.21467973296901055,0.12701531776970923,0.01064395635184027,0.04105847141308028,0.6066025214963596,4,4
0.03051656137497681,0.10273934147880125,0.07154293219489573,0.052373536229495914,0.7428276287218303,4,4
0.12207328649187463,0.16766110621359762,0.04924918271793545,0.04309681964973944,0.6179196049268529,4,4
0.07286921706062219,0.06771642402357086,0.10109070942726417,0.06676371843863428,0.6915599310499085,1,4
0.13667640244265783,0.05966280631351824,0.07065205603183265,0.07932482597555097,0.6536839092364404,4,4
0.15104871909517914,0.14570750660969956,0.09263547263584034,0.05814711385961378,0.5524611877996672,0,4
0.014772118779950421,0.07641653668568246,0.09406890767165334,0.0383224851035793,0.7764199517591345,0,4
0.024048116650875695,0.10185960338505255,0.07188229231403157,0.04745435995768137,0.7547556276923588,4,4
0.21702526921994494,0.11960855876235932,0.16398328890159253,0.06796903237166736,0.43141385074443583,4,4
0.10247855313847494,0.15658428579968886,0.160314886458891,0.0985780479077035,0.4820442266952418,0,4
0.11473702147286079,0.16478970890867484,0.115284860979506,0.07114744126353025,0.5340409673754282,4,4
0.030287760127623208,0.0492796279960082,0.015048174976734706,0.012758598793122572,0.8926258381065114,4,4
0.01966521810187726,0.04599224548542237,0.016345374203432197,0.013449420058596595,0.9045477421506716,4,4
0.05911903152368269,0.21036796768023766,0.014873408614759755,0.04117355313734234,0.6744660390439776,4,4
0.11089911106714016,0.13558327954779886,0.021238545461879598,0.0526207866852163,0.679658277237965,4,4
0.0628103813275577,0.1824580631862396,0.0675388275800008,0.024839666732898905,0.6623530611733031,4,4
0.17527600830206272,0.06840670113938893,0.016324228781071173,0.036215529244121566,0.7037775325333555,0,4
0.17450645627600336,0.17604086700901822,0.07509585553932073,0.16395494481685075,0.4104018763588069,4,4
0.07468661463433773,0.06678965461826099,0.0919109929427417,0.02968963297797846,0.7369231048266811,4,4
0.037235528860677464,0.0655717766022968,0.1192272672724253,0.042585347065986726,0.7353800801986137,4,4
0.048862410014838646,0.10442400619684053,0.1846026021989953,0.07269631607864167,0.5894146655106839,0,4
0.11513584813470738,0.1712866923045617,0.024066760832371224,0.04867652239366044,0.6408341763346993,4,4
0.03671587431985293,0.08848197893966117,0.0035794934151688516,0.004104944345147314,0.8671177089801698,4,4
0.07741544825787541,0.06489521981895859,0.006243125785627036,0.023835748596372476,0.8276104575411666,4,4
0.10916222125907363,0.1290209798277919,0.034545781940110445,0.03190353559630309,0.695367481376721,1,4
0.01139605016717391,0.03980167830763188,0.004703102241185431,0.005199858620588642,0.9388993106634201,4,4
0.0751928967517694,0.21050318619284658,0.05874940492683684,0.08847185215500618,0.567082659973541,4,4
0.142829073413647,0.07497275022098683,0.090130513290219,0.03719981534975247,0.6548678477253947,1,4
0.09507018905624198,0.06462020956448186,0.011496379281714113,0.007889457581391307,0.8209237645161708,4,4
0.18834180661654107,0.09063990059369174,0.030304426792128965,0.03358587751185947,0.6571279884857786,4,4
0.10771260830487545,0.1051978024441068,0.055301549078727176,0.057460708463228635,0.6743273317090619,1,4
0.04988669345685872,0.19238437694842583,0.10819391916511958,0.07568258324461916,0.5738524271849768,1,4
0.05448371327111857,0.1641419191313383,0.12084690656999006,0.06754037993973187,0.5929870810878212,4,4
0.030260938025809307,0.04560213663522208,0.057798334620279425,0.03022939218917524,0.8361091985295139,4,4
0.08143015181673875,0.2812131376542158,0.051314753042600816,0.031475174751066946,0.5545667827353777,4,4
0.060954878176671425,0.1031072017054323,0.05612797994017395,0.040496900386961736,0.7393130397907606,4,4
0.031998715724346725,0.13837082222605718,0.026982682908795706,0.04250058005987918,0.7601471990809212,0,4
0.07876753100892918,0.0474762731042424,0.02147860922987018,0.0278276179049547,0.8244499687520036,4,4
0.13307828258086604,0.06591884238627596,0.055485465386217035,0.045055702836605205,0.7004617068100357,4,4
0.10896058810515623,0.09516959989935675,0.07603895042809923,0.05675626097938666,0.6630746005880013,4,4
0.1271296428611748,0.05563851479044192,0.03543355651031393,0.04632913034973769,0.7354691554883317,4,4
0.1298071124184127,0.1592628581956771,0.10610151472176318,0.12116999082215335,0.4836585238419936,4,4
0.058242450442189134,0.32916289757691,0.06916555250399624,0.02612757352648187,0.5173015259504227,1,4
0.03501812488180604,0.2247525077760897,0.06543996499609567,0.023277007425182857,0.6515123949208258,1,4
0.0511217048222389,0.27212843156989747,0.07241916457808051,0.02630619549492921,0.5780245035348539,4,4
0.10414170797583212,0.14796647508590102,0.045855085626869053,0.023217647690910885,0.6788190836204869,1,4
0.13909120705929315,0.2068395689127902,0.053903424094327065,0.032696786340091766,0.5674690135934979,4,4
0.04518120495956221,0.06618466676633297,0.04117674016401185,0.0504487855950701,0.7970086025150229,0,4
0.05537928505550209,0.06603578068409784,0.03565455029334953,0.049897969410486596,0.793032414556564,4,4
0.006219193256868488,0.02039011185551281,0.003604424035941669,0.0012579353353812466,0.9685283355162958,4,4
0.10413225965178148,0.12137141112031792,0.039970110836072846,0.012110290943070041,0.7224159274487578,1,4
0.060098124171767735,0.1253942072179759,0.016313991306207733,0.041994832254287254,0.7561988450497613,1,4
0.1010451239979669,0.05333991269308654,0.021678953721054484,0.00887966312687974,0.8150563464610124,4,4
0.07884274282941514,0.1122819848405387,0.22427662423180528,0.0807315612203228,0.503867086877918,0,4
0.17760666926812496,0.1336274390411532,0.15043512608311055,0.051451743255623725,0.4868790223519876,4,4
0.09150993740729615,0.12578848367510873,0.06998290659284473,0.022113520027336096,0.6906051522974143,4,4
0.11959046419154629,0.10900240701693416,0.02982598094978964,0.02696571792326042,0.7146154299184695,4,4
0.16026521756524517,0.11331865796792258,0.024513480801371723,0.027587792459862554,0.674314851205598,4,4
0.03166594880626152,0.05891677263021287,0.006911358417807513,0.0022764486796924845,0.9002294714660255,1,4
0.01617532323902415,0.05806872099453702,0.008269838741617425,0.0025010800179419974,0.9149850370068794,4,4
0.1141720533722495,0.05361799746746055,0.04415297047732356,0.049884855858146525,0.7381721228248199,4,4
0.021781077276496898,0.040556659305737076,0.007927356728777321,0.029587298412009605,0.9001476082769791,4,4
0.04772396914761013,0.09531470218772362,0.04652840703831309,0.03293139435468524,0.777501527271668,4,4
0.16808364630575423,0.12854281952626265,0.01262460351149048,0.03944371041220739,0.6513052202442852,1,4
0.05719665202100711,0.0802929010023647,0.0697451150529008,0.04173796944718272,0.7510273624765447,4,4
0.05847819082990871,0.06297629909867779,0.024620673821089477,0.004151261557077047,0.849773574693247,1,4
0.08142762648149925,0.032859158094020624,0.040721206549760705,0.03118294034289756,0.8138090685318219,4,4
0.12455382940308497,0.0951073814873017,0.047305013440380114,0.06495363790503617,0.6680801377641971,3,4
0.12528482030939023,0.09697540221423327,0.07602981175977445,0.09387873764107882,0.6078312280755231,4,4
0.14101300539049577,0.08372350961625107,0.06374590309802448,0.046745385857470095,0.6647721960377586,1,4
0.1395213667205986,0.04254260391059442,0.019330759594296212,0.016735907681660285,0.7818693620928505,1,4
0.1477415983972814,0.04379014851609545,0.01871601614264769,0.017147203720724553,0.7726050332232509,4,4
0.1624605025330803,0.13710065642709607,0.1281958048649525,0.07525853358002377,0.49698450259484733,1,4
0.1423270995296097,0.1282870644354594,0.17924170035239353,0.07360196653981149,0.47654216914272596,4,4
0.07149272630577164,0.07746940060559983,0.015194079847657997,0.015685839986129997,0.8201579532548404,1,4
0.07220066863582711,0.06147188351317198,0.015077625994771086,0.014996411650359462,0.8362534102058704,4,4
0.14299071742345212,0.15624414784348334,0.045009853718584646,0.06827564013497725,0.5874796408795027,0,4
0.09564604259626813,0.11747285872041308,0.014117436965387973,0.03878494387376176,0.7339787178441691,0,4
0.06881679497017176,0.07991889582945487,0.11310814986013336,0.020763401541310258,0.7173927577989296,4,4
0.0267908664594888,0.07124444698335171,0.033520600407502106,0.02485682480758671,0.8435872613420706,4,4
0.007820842055052171,0.006100944285288718,0.004909813914622755,0.0009607996597132228,0.9802076000853233,4,4
0.18231718600419466,0.09802965507394856,0.021687376202315832,0.046609009209777785,0.6513567735097632,1,4
0.10245555333737151,0.09007142292385488,0.019469883473011516,0.03133623459268764,0.7566669056730744,1,4
0.040729268491241866,0.07776678892928753,0.033675106200053824,0.015121848089747644,0.8327069882896692,0,4
0.050497697975101105,0.09358396586019802,0.0276929438146862,0.017383930666065847,0.8108414616839488,0,4
0.2131977915076855,0.15128706981013268,0.09380451793568857,0.05242417417916226,0.48928644656733106,1,4
0.17940295299113193,0.14031789124885846,0.03701675726038516,0.05742737965755842,0.585835018842066,1,4
0.24261192928414194,0.10315754492679771,0.08201792887293217,0.09739386473567842,0.47481873218044973,1,4
0.08977162223281979,0.07024949690335519,0.08792955542690313,0.06311467255680943,0.6889346528801126,2,4
0.04038146925326659,0.062414609184648875,0.07510860749478261,0.04726335948526905,0.7748319545820328,1,4
0.0601441912006351,0.06477567812586585,0.09133700756493522,0.05774642006202813,0.7259967030465356,1,4
0.07166807113779293,0.03662597520384284,0.04244016874577218,0.06861296771395375,0.7806528171986383,2,4
0.08807523553499783,0.032784615533095224,0.043649522317875056,0.06924952245930528,0.7662411041547266,4,4
0.06987017640953841,0.07296485049212227,0.03977644411232637,0.06432281329357142,0.7530657156924414,1,4
0.06701459222408407,0.06669728545607986,0.01739906661484527,0.03839507286703371,0.8104939828379571,1,4
0.0753016010585765,0.05889212390831983,0.015614202768576335,0.03775986958505358,0.8124322026794737,1,4
0.14225056160846872,0.10097842529295363,0.06563254158509242,0.033917812899125516,0.6572206586143597,0,4
0.050148993744972274,0.45200230793707963,0.020339296648352722,0.004761734167058889,0.47274766750253644,1,4
0.05480664660552723,0.1470621498845227,0.007902390349169853,0.009477491186950475,0.7807513219738297,4,4
0.06716769942043599,0.3337614436493958,0.025199598400299398,0.006073562799928585,0.5677976957299401,4,4
0.09521016537645986,0.2794412817352878,0.08121888857701007,0.011161085484974107,0.5329685788262681,0,4
0.06640984858813534,0.09476566217998124,0.0036399475807964315,0.00208224138509779,0.8331023002659891,4,4
0.02332299297817451,0.06213584210861027,0.0019838531041225485,0.0006810223495171328,0.9118762894595754,4,4
0.06602695988427104,0.12958013105841115,0.010677985304147158,0.02588178664368935,0.7678331371094812,4,4
0.2596176491238849,0.14588604659889348,0.024658612827606476,0.04462574268727368,0.5252119487623413,4,4
0.22218497383573266,0.12910421287838758,0.030022987893888846,0.040642199527582606,0.5780456258644083,4,4
0.05745177102563677,0.039041172613225365,0.007472839519670502,0.004841030322949166,0.8911931865185182,4,4
0.10386453481010707,0.1753185544263273,0.03784779871212529,0.009610921826048674,0.6733581902253917,1,4
0.13668009049567256,0.26197086654456203,0.04992411432415411,0.012207408172681893,0.5392175204629294,1,4
0.27274186874906736,0.327598017802298,0.04559741837631071,0.035210744445573726,0.31885195062675004,0,1
0.016112093791192692,0.0375937920091764,0.01409077837141605,0.0016818529396512931,0.9305214828885636,4,4
0.19997416726683798,0.15547717275859638,0.037296871135523595,0.014993043966512373,0.5922587448725297,0,4
0.1264064762578722,0.09975313638082474,0.023311410124155572,0.009075686764718802,0.7414532904724286,4,4
0.025618815915875857,0.21503925308999133,0.00016027100663681284,0.00013172165305988612,0.759049938334436,1,4
0.061674399495147164,0.12547902399270364,0.008073186058325056,0.016015456181907015,0.7887579342719171,0,4
0.04634259226560149,0.12989176812358938,0.0038424739354669113,0.010956053620193062,0.8089671120551492,4,4
0.07149484362781827,0.23794263850840328,0.005616220490005565,0.010994364987315566,0.6739519323864573,4,4
0.07216816923842745,0.2924525828275011,0.011015921036447225,0.007601166358890744,0.6167621605387336,4,4
0.06258450512397584,0.26153742484784825,0.008944106064905777,0.0052697102988179196,0.6616642536644523,4,4
0.024645573636023824,0.06605856197144104,0.017963925932771907,0.006937665555133941,0.8843942729046294,4,4
0.3744884540086204,0.24077498216425372,0.017273204053626548,0.007137158920475937,0.3603262008530234,0,0
0.05579883498476014,0.06281761570716589,0.0035803057521696224,0.005217484127416017,0.8725857594284883,4,4
0.038016603179251,0.49896982306547855,0.008419584917774375,0.0017402541970854763,0.4528537346404107,4,1
0.032134678702853,0.1046355746946429,0.005250584083741996,0.004328719141632822,0.8536504433771294,4,4
0.13033604968183685,0.2817877892134545,0.029153785903833787,0.024582584187496207,0.5341397910133787,4,4
0.11575702530735814,0.2514598289940374,0.024424394299570846,0.0225709912073383,0.5857877601916953,4,4
0.11858212900789857,0.23555742788806644,0.02184212478939123,0.022109857666606874,0.6019084606480369,4,4
0.04501162703000158,0.07935680838306199,0.002916169442669279,0.0038329066208882415,0.868882488523379,4,4
0.0798558184579814,0.26924626052487755,0.021809015343813656,0.007137086799611831,0.6219518188737155,4,4
0.18557442220468284,0.20129678948603788,0.2178579101338979,0.021565541733854415,0.373705336441527,4,4
0.22406012257320737,0.12305425606766095,0.009453986485577364,0.030345358502621874,0.6130862763709325,4,4
0.03329053711753925,0.12691052588549392,0.014178263541779985,0.013809891089717431,0.8118107823654694,4,4
0.06783364210713734,0.24082603639343134,0.022629192525819318,0.013324483081674164,0.655386645891938,1,4
0.25644610776540144,0.15194511863189447,0.011475725850099145,0.022032503113291763,0.5581005446393131,4,4
0.0987503156687744,0.12755600088113586,0.05637847964763699,0.01643684045455909,0.7008783633478937,4,4
0.5024480454429624,0.115674135522393,0.005586533435226386,0.005131697830780038,0.3711595877686383,0,0
0.19462768552138435,0.052882154773517875,0.0020576978276118925,0.002426243794180152,0.7480062180833057,4,4
0.07383895617550568,0.30834077359576223,0.0014749355453319893,0.0045814896433188585,0.6117638450400812,1,4
0.13715186881661331,0.12526543685405422,0.01133750817157465,0.01701326384630201,0.7092319223114558,4,4
0.05982543547199582,0.15439703012664832,0.010050356948916987,0.012836171389730602,0.7628910060627083,1,4
0.03566394617339079,0.08399921837249168,0.003685481712895529,0.000948488136781793,0.8757028656044403,4,4
0.21661779147926719,0.35269056974623614,0.014185625019185867,0.03148652984030647,0.3850194839150043,1,4
0.24467108131243692,0.08085114869303076,0.0023759934014431906,0.0062748962850719,0.6658268803080173,4,4
0.24242600338448694,0.04954426820642512,0.00044386348521022244,0.0008480252099430619,0.7067378397139347,4,4
0.044276273136655185,0.1499710698365962,0.030730854568634954,0.005531326871942101,0.7694904755861716,0,4
0.11499196315245683,0.021611193853749988,0.004654524550409104,0.0020234158292351968,0.856718902614149,4,4
0.10924782195886894,0.17209693346583227,0.016856030712992572,0.005396261717591962,0.6964029521447143,1,4
0.14915012334708172,0.23529064573884156,0.04513156482744104,0.0069636416201965074,0.5634640244664393,0,4
0.23275387374909068,0.16434297394512667,0.016599518172209705,0.023825123489024973,0.562478510644548,4,4
0.19831597197686826,0.15118520092455304,0.01021810632068893,0.01752562987136413,0.6227550909065256,4,4
0.23832080616653803,0.5106607576616871,0.021391631560749035,0.04154481586656734,0.18808198874445842,1,1
0.17448084983386183,0.29502468905026913,0.0415742503995757,0.0107073848336858,0.4782128258826075,2,4
0.0839133542308711,0.08617773070502979,0.01242902771960779,0.014929751224092343,0.802550136120399,4,4
0.116583873947975,0.08431831582217983,0.009173939205168593,0.009089717621986161,0.7808341534026904,4,4
0.16593888088854386,0.06523228660733076,0.017674143570537718,0.013057519425306072,0.7380971695082815,0,4
0.07268471732008368,0.2241866578646778,0.011606821467717255,0.011955926816269079,0.6795658765312522,4,4
0.07295632938053413,0.1447114256323834,0.012436579467889002,0.012200725388801974,0.7576949401303914,4,4
0.09353111259770386,0.18560034725910238,0.013357247101919531,0.008577730296837446,0.6989335627444369,0,4
0.07921752584472386,0.05199957760184155,0.003711807473558636,0.008087281742450063,0.856983807337426,4,4
0.21632955938813517,0.4006108211516572,0.00695658241134108,0.00873927338390106,0.3673637636649656,1,1
0.1164608086515018,0.10803830527435868,0.0028602896577851825,0.003359947903766274,0.7692806485125881,4,4
0.25133182558985145,0.340967461620904,0.04357029004284923,0.031154180065994005,0.33297624268040127,0,1
0.25655245162060636,0.2923089885114487,0.028036049786206562,0.027865661147798322,0.39523684893393995,4,4
0.24335287314990794,0.4653157004897624,0.018790963095683327,0.031524418367518445,0.24101604489712786,1,1
0.043893579501210145,0.10150373032231347,0.0056929652122972305,0.005812663640585487,0.8430970613235937,4,4
0.12520842244163516,0.36283378544739064,0.0050628043724905356,0.007266750236305828,0.4996282375021777,1,4
0.08318408738265128,0.07835523680067547,0.0026574889609951805,0.004565729130620218,0.8312374577250579,4,4
0.15181653951138468,0.20009740513149069,0.014038665691565278,0.007700639366511386,0.626346750299048,0,4
0.2618148947970226,0.08409865400213531,0.024577798480356766,0.02106121882899069,0.6084474338914947,4,4
0.07028480575732161,0.033761103352988035,0.003830840720872785,0.005512068598186485,0.8866111815706311,4,4
0.12011871381200452,0.2599068155739736,0.027296813619623262,0.020663185334949697,0.5720144716594489,4,4
0.1688482918859875,0.08625643904436592,0.0042884818720457475,0.00888832510634891,0.7317184620912519,4,4
0.029151669754330065,0.05739383927635351,0.0024506215351887163,0.008888198376866248,0.9021156710572615,4,4
0.14841876852737043,0.06434060874694114,0.005501569943603596,0.008269003748597894,0.7734700490334869,4,4
0.03413870011661477,0.05042334280733147,0.00462139737836411,0.006377862292269343,0.9044386974054203,4,4
0.18215704455875126,0.08682138813222731,0.041970035999188395,0.02274825168788604,0.666303279621947,4,4
0.0443622383249029,0.07075831585392234,0.01659452678809068,0.022584419612393044,0.845700499420691,0,4
0.019155498499438466,0.04332723134567513,0.0042860199165709375,0.007717005185508538,0.9255142450528069,4,4
0.0549275521237607,0.10331400426636811,0.002894261511949274,0.005339648246511097,0.8335245338514109,4,4
0.012472695736218035,0.022430319500436474,0.011099801723710005,0.006819145031291099,0.9471780380083443,4,4
0.12847894542323215,0.19649684293806,0.004548290767128784,0.010225222698457244,0.6602506981731218,4,4
0.050084280300517474,0.08580561563648001,0.0015184355377962364,0.00546978768253328,0.857121880842673,4,4
0.13801820943314402,0.10890814336162588,0.0064253349732071785,0.00707391162998896,0.7395744006020339,4,4
0.18724451197954348,0.05507998626082239,0.002606854979257777,0.006271152358668107,0.7487974944217083,4,4
0.3914939269628973,0.1960977896296237,0.01153002550868456,0.036580651819775156,0.36429760607901934,1,0
0.1205999755531448,0.06650459370955661,0.00596711332378765,0.01689218345074555,0.7900361339627654,4,4
0.1306081187393349,0.10989139674519519,0.013218742316657973,0.008317107502897656,0.7379646346959143,0,4
0.040274447341305544,0.09141380790836158,0.014160324271842342,0.006730476312655035,0.8474209441658356,4,4
0.06390339314641418,0.33980781764276713,0.04011103285677162,0.018257993193608758,0.5379197631604383,1,4
0.12313424921140677,0.16178773270604133,0.04698101051178233,0.03882709383943085,0.6292699137313388,4,4
0.07352844790742893,0.09885345530822122,0.02515601183384366,0.018920357824353057,0.7835417271261532,4,4
0.21303087977839036,0.12719322961529972,0.0068914248765844805,0.013043379468541843,0.6398410862611836,1,4
0.10087249558949118,0.07400071530507776,0.0013566149765083576,0.006145411979584732,0.817624762149338,4,4
0.030055726064354065,0.03175350174116201,0.00276520205129113,0.002674617565968895,0.9327509525772238,4,4
0.10984397272745329,0.26678148685217146,0.005182677746710923,0.012618260849241529,0.6055736018244228,1,4
0.04058990911857636,0.12493142272032262,0.0018981943554625344,0.005857706757240979,0.8267227670483976,4,4
0.33061625950571105,0.2463551052251647,0.02920224044805738,0.053337585223242744,0.3404888095978241,0,4
0.05960174250173685,0.041164163708499596,0.011632718350936832,0.011176874799597296,0.8764245006392295,4,4
0.07081240224428259,0.052061914801739835,0.012458896717527526,0.012098757237353729,0.8525680289990963,4,4
0.10986010590759163,0.14099992363309494,0.030651959489990603,0.012787387009408367,0.7057006239599145,0,4
0.05765023824795546,0.044888414772393775,0.00909334429062086,0.0021820601119579234,0.886185942577072,4,4
0.03451895855087933,0.03204000186538762,0.0026382617793092116,0.004072078256871356,0.9267306995475526,4,4
0.1916377135696015,0.5278480992843686,0.007301361922203667,0.029760672147217768,0.24345215307660845,1,1
0.12235418952832057,0.46830329697304823,0.005428759957072763,0.022282099479467347,0.3816316540620912,0,1
0.029407616834848247,0.08730092750037835,0.004229714372033847,0.006810522586572584,0.872251218706167,4,4
0.02001953035676059,0.048980437897761485,0.00052637304501658,0.0007620741270571777,0.9297115845734041,4,4
0.06846845058387652,0.024550351046250706,0.002038960609202754,0.004293348219184018,0.9006488895414859,4,4
0.03135695028095538,0.032572950178109024,0.00045698299124214835,0.0003541016393397556,0.9352590149103538,4,4
0.07377744106406162,0.12545542549345856,0.002715794678956208,0.003474544908623595,0.7945767938549001,4,4
0.2028209556179314,0.09584860264195788,0.005784446650378898,0.00240984409687235,0.6931361509928594,4,4
0.23785639471892758,0.23913079424667605,0.006735570844474927,0.004119886186009056,0.5121573540039125,4,4
0.1891463083504387,0.29942582393538025,0.027235297735111644,0.021758305868833802,0.4624342641102355,3,4
0.09480567537183973,0.10565152359908997,0.016647279850744448,0.013786499034942194,0.7691090221433837,4,4
0.045035698366597626,0.03715185346106177,0.018055150824146736,0.010448745460363005,0.8893085518878309,4,4
0.0587168580207085,0.023519541175672128,0.0037254778581317406,0.002718130233374591,0.9113199927121131,4,4
0.1156946385780709,0.15004988299047178,0.001456042166360775,0.005841611802537846,0.7269578244625587,4,4
0.1148797575150837,0.5888371432338798,0.005319031132732656,0.02387030852090858,0.2670937595973953,1,1
0.08337309754797775,0.44794564662815844,0.0037415121217479865,0.014106018553468254,0.45083372514864756,1,4
0.03030233856249727,0.06446249546484369,0.002095619019705961,0.0025827456379272805,0.9005568013150258,4,4
0.02647923776287579,0.07605987223538731,0.0018017921784797568,0.002770006430683149,0.8928890913925741,4,4
0.40862089131693075,0.2718603135236126,0.0034640188285428226,0.006600506694782112,0.3094542696361317,1,0
0.25777272579868943,0.5623166209632953,0.004718340760649373,0.012898722091975248,0.16229359038539073,1,1
0.06546713790395246,0.5465515718827243,0.014388602306213878,0.010230904803599944,0.3633617831035095,1,1
0.35864625956680174,0.37051122452166874,0.021820682764413245,0.03471156116716302,0.21431027197995314,0,1
0.09528162135196351,0.15931635844087896,0.01404223506453874,0.006363831882047168,0.7249959532605715,4,4
0.029692183990370664,0.013348758445875361,0.001015255118821094,0.0021420841114124602,0.9538017183335205,4,4
0.22463591870011165,0.2669417509761914,0.011833323551631296,0.03809912053590561,0.45848988623616016,4,4
0.3817933685902816,0.19044066782740035,0.012134492992198376,0.016471925777910675,0.3991595448122089,0,4
0.11792797232937603,0.04219469428224442,0.0046192418350079695,0.004992261649602522,0.830265829903769,4,4
0.25857459797044297,0.49045154581179284,0.033618755842295414,0.033189677083554386,0.18416542329191443,1,1
0.025071209557383393,0.03213399466080196,0.0008521163195339222,0.0008789244096224524,0.9410637550526583,4,4
0.03727964576686981,0.03735493423510154,0.0008233339615318778,0.0006404255953394349,0.9239016604411574,4,4
0.06003357853487482,0.08714830862591624,0.005986319657745439,0.014284023423070266,0.8325477697583933,4,4
0.039541935122631336,0.2135790824314945,0.005222618673109156,0.006255883686877456,0.7354004800858877,4,4
0.027634588652417916,0.0276142414422752,0.00027846161165945006,0.00012338873731816807,0.9443493195563294,4,4
0.02938002873644281,0.18394949688717271,0.02355954410142518,0.003163615990948413,0.759947314284011,4,4
0.15173702001940803,0.1400690835600275,0.00363699623398032,0.0032934717292676294,0.7012634284573165,4,4
0.005462602476762088,0.17585660418926527,0.0002747795245523565,6.183403868368695e-06,0.818399830405552,4,4
0.005057033327200587,0.1724362046458262,0.0002246809729048297,6.843914002774737e-06,0.8222752371400656,4,4
0.009213608218792016,0.3148903495531141,0.00044236862150954284,1.3369440867890165e-05,0.6754403041657164,4,4
0.14151329874046253,0.19756188425809784,0.07231177258723044,0.014515105684961943,0.5740979387292472,3,4
0.04503962416179524,0.061102991947647164,0.0017944040402222347,0.0017982796297050436,0.8902647002206303,4,4
0.3005321037181195,0.2295751946166311,0.0342744205046793,0.0153653021223418,0.4202529790382281,4,4
0.06177288928648596,0.12623020022592707,0.006934475663121936,0.010876055049262135,0.7941863797752028,4,4
0.03431838995435915,0.24294035244782763,0.049641082189040925,0.0036652902373836187,0.6694348851713886,4,4
0.03661908182985746,0.2267919879445175,0.05787411373180227,0.003271611782957004,0.6754432047108658,4,4
0.10639343994339266,0.45321662012337105,0.007218406118097498,0.008271596106166406,0.42489993770897233,1,1
0.12266785774030874,0.27968137968446666,0.009861268045760613,0.008549071365119117,0.5792404231643448,4,4
0.14370356584279806,0.41801323345939684,0.013562515404917676,0.01329119935070129,0.4114294859421861,4,1
0.03944203021948541,0.15213056919475354,0.023935936630723364,0.0051513845526785585,0.7793400794023592,1,4
0.08438351892767018,0.5643402373276308,0.027149109561236687,0.005187054175664211,0.31894008000779794,4,1
0.05433058100295891,0.7409227064163532,0.0031814577909116087,0.0005304485979834471,0.20103480619179284,4,1
0.13250270667742078,0.32725739657730424,0.02183833172261727,0.01407005329373411,0.5043315117289235,1,4
0.11392577086867473,0.1696717580454714,0.02286134254621324,0.009979469476191171,0.6835616590634493,4,4
0.1276917746467886,0.29234233565504636,0.010793778703136135,0.0062770354178171405,0.5628950755772117,1,4
0.08462704059114179,0.12145609267363405,0.003926861997040488,0.009038166812683683,0.7809518379254999,4,4
0.07939558820421333,0.6733186200590984,0.023988992343981642,0.007319326812913765,0.21597747257979294,1,1
0.1614957135189312,0.08657066490549692,0.025257403965106163,0.07032940244725816,0.6563468151632075,4,4
0.09017931112210224,0.09138048973021956,0.015467648191214524,0.002422987310118802,0.8005495636463449,1,4
0.045919127017364426,0.03920757407644619,0.009379328462454605,0.0012332541420460356,0.9042607163016888,2,4
0.06332351909736578,0.6507656223406405,0.004454796050641966,0.008594177780475581,0.2728618847308763,1,1
0.06687113405189826,0.5414970380196801,0.005483988020084096,0.008503212183805653,0.3776446277245319,4,1
0.38588529343159467,0.30223902511488615,0.039056309111367524,0.020894574121510346,0.2519247982206414,2,0
0.0861383201370587,0.6667104752308576,0.018029781590610135,0.013172993383524652,0.2159484296579488,1,1
0.06422032973074016,0.8112208078204574,0.026766248444480424,0.00809752412636093,0.08969508987796117,1,1
0.029568357282887255,0.6710113790180329,0.009371401860591022,0.007952343094422791,0.2820965187440661,1,1
0.030703342657809874,0.669855047841434,0.009325776935177684,0.007886210968442997,0.2822296215971353,0,1
0.03452701455920277,0.6223128772657489,0.020265012091336274,0.007997328011962882,0.31489776807174924,1,1
0.5546334346841016,0.14754510119358188,0.03776177588704189,0.02244875573221074,0.23761093250306398,4,0
0.3775098069644203,0.17556091754993702,0.05179974567210203,0.017983943830534494,0.3771455859830061,0,0
0.13730573776907118,0.12660504703057063,0.04323535453459072,0.017411906444213025,0.6754419542215545,4,4
0.09641848425675653,0.11432057270548751,0.014868426243797075,0.0044312381249930165,0.7699612786689658,1,4
0.07997976781417976,0.07561935018220911,0.025090147206532742,0.005060185042630975,0.8142505497544474,2,4
0.15498159021780128,0.22664032484885016,0.02416742891595845,0.022352928538955624,0.5718577274784346,0,4
0.10822553419082641,0.17920670449498494,0.012684837792167189,0.012299342969646423,0.687583580552375,4,4
0.11098305201640535,0.22263851454078304,0.015183756372601316,0.026617140897441913,0.6245775361727683,4,4
0.0888200433989228,0.18507796223293568,0.019029072255716796,0.025035658116915955,0.6820372639955087,4,4
0.13363678946757881,0.1057941864162672,0.02578066691726516,0.017633251231792418,0.7171551059670964,4,4
0.19201073332029883,0.11732440983895856,0.0334495483986466,0.016664757869431737,0.6405505505726642,4,4
0.17046367625284786,0.11306092156695288,0.026820544527490893,0.012574936761690332,0.6770799208910181,4,4
0.2794162760052598,0.12330661537057769,0.011494598463178102,0.018896660770647417,0.5668858493903369,4,4
0.08056382222522275,0.22587866423994502,0.032896188431569474,0.030571020319296736,0.630090304783966,4,4
0.15866173285433197,0.08526038126923928,0.004204386465164618,0.012599100879372596,0.7392743985318916,4,4
0.2665933768423818,0.16596053407932349,0.028980428504537643,0.00745090445010458,0.5310147561236525,0,4
0.22613904810475255,0.2664252798316113,0.05164766229707622,0.07618484855072803,0.3796031612158319,0,4
0.08614508867633784,0.11131350921242678,0.030644242428010622,0.017959649548942167,0.7539375101342827,0,4
0.10802365316671399,0.08741491249689211,0.004380856795246254,0.003951009771802556,0.7962295677693451,0,4
0.06365140417761163,0.05272962379296939,0.002219389020771341,0.0020505332169135334,0.879349049791734,4,4
0.19389973004201133,0.2499505742895961,0.0512127653321603,0.017687415307866945,0.48724951502836533,4,4
0.16872429648691836,0.25910723069983616,0.047085983217467035,0.01492157838818931,0.510160911207589,4,4
0.21109628888566986,0.26869714072804385,0.057045008302006595,0.020536913939305627,0.4426246481449741,4,4
0.10174491753894963,0.2198372172852918,0.02580927787875604,0.021130571811746164,0.6314780154852564,4,4
0.02661647413041687,0.11619842306918356,0.027017432743202778,0.0036310319318097425,0.8265366381253871,4,4
0.01750287281180218,0.09783355591464848,0.00012304382024334875,0.00011181241162567817,0.8844287150416803,1,4
0.12352448969123565,0.12429356560647004,0.0037410144993518238,0.018807221666979866,0.7296337085359627,0,4
0.19829082945295545,0.20851001913943337,0.03544692380206136,0.02221324191759172,0.5355389856879581,4,4
0.1673648250907274,0.20466745647158585,0.029324734024858478,0.020004928526069766,0.5786380558867585,4,4
0.1085552152270629,0.11202124997402735,0.009457676014421296,0.009185425782412689,0.7607804330020758,4,4
0.2916352499744051,0.11271341138292586,0.010457027198084971,0.004484665757759619,0.5807096456868244,4,4
0.06053005337805088,0.1444591228108513,0.022161897606668486,0.009677693564524635,0.7631712326399046,0,4
0.05508302299687796,0.11901599815091904,0.018379425825183166,0.009090080149086837,0.798431472877933,0,4
0.09283670663390454,0.1394850870373323,0.009945916858910943,0.007146335078594915,0.7505859543912573,4,4
0.09388095377429662,0.11177004116724684,0.010148399474906604,0.010592487694226205,0.7736081178893237,4,4
0.06629214306042162,0.17823643608054734,0.012567563004032545,0.010071385587564296,0.7328324722674343,4,4
0.052782228467198065,0.14181975443924894,0.007067680874619194,0.006831522418459804,0.7914988138004739,4,4
0.08463851419432111,0.20487195952536993,0.02320512294334896,0.01966825190117856,0.6676161514357813,4,4
0.017834696354572032,0.0645530809062051,0.0061699154555069895,0.0040027652747781865,0.9074395420089377,4,4
0.1455557108599648,0.11915254379818575,0.0011406679178298928,0.00504358512497483,0.7291074922990448,4,4
0.044397370597743846,0.18965448019270567,0.016137397962620453,0.025014979778345416,0.7247957714685846,4,4
0.03141577009823114,0.41492180795260936,0.0023036120981494348,0.004239806426436906,0.5471190034245731,0,4
0.08969866487532523,0.19632749952073458,0.017146550577420323,0.02012756933130324,0.6766997156952167,4,4
0.0514671966272554,0.08805479235250487,0.012773291896977389,0.015352411941530515,0.8323523071817318,4,4
0.06654535507692742,0.3078879188484081,0.030993222696666684,0.010775230513524928,0.5837982728644728,0,4
0.16148499390897,0.21424172138974046,0.014410459136807744,0.004954763840746201,0.6049080617237355,4,4
0.11224307737437561,0.12886529726102397,0.020409135382798198,0.009137817389388101,0.729344672592414,4,4
0.1230742257085124,0.16708254703183992,0.021624845666124184,0.006698142559844598,0.6815202390336789,4,4
0.15270796430664857,0.24092219815677635,0.05963536913722007,0.009996192370227459,0.5367382760291276,0,4
0.21931729381648427,0.43760910514481605,0.013160041573294498,0.012527388466807957,0.3173861709985971,1,1
0.21310252047576922,0.4337987778781754,0.019202996838304655,0.014168613022472581,0.31972709178527825,4,1
0.07374964701688061,0.10076604958251846,0.0018840860411808115,0.003623498928592065,0.819976718430828,4,4
0.07133371542028556,0.2967737947685538,0.04560417859813419,0.023275188708245666,0.5630131225047807,4,4
0.19226457209427647,0.1502099906802081,0.015423796645050973,0.01115932975844649,0.630942310822018,4,4
0.19817076299768172,0.12630919215548025,0.009975794523002356,0.007249467861380773,0.6582947824624549,4,4
0.22149337595746343,0.09297344154076881,0.001186275901298264,0.005976414121387839,0.6783704924790815,4,4
0.18401089953308175,0.07465735238575641,0.00114666064112719,0.004443744006150202,0.7357413434338844,4,4
0.1334072049221503,0.13865929261019697,0.035194340144565975,0.03867101867942662,0.6540681436436602,0,4
0.13412615172094788,0.07961022301251168,0.007864924497110926,0.01615516065634588,0.7622435401130836,4,4
0.11250171114137016,0.12327356000067788,0.0229912702767474,0.010727695627520465,0.7305057629536841,1,4
0.2683948751596846,0.2611149271920309,0.030881540541866804,0.033480169124033815,0.4061284879823838,4,4
0.1122460589990382,0.3135333760725499,0.040540718782658,0.033763774566156396,0.4999160715795974,4,4
0.032488546356607126,0.05585095639342186,0.0030613650760428364,0.0033563107453206146,0.9052428214286076,4,4
0.08251117421593401,0.18471621754910614,0.029864860441915986,0.022589585236010217,0.6803181625570336,4,4
0.10666687783887875,0.12116258712043897,0.017710125949235437,0.012761170886027075,0.7416992382054197,1,4
0.05501549271542771,0.14247898217616442,0.015772106910059452,0.010344485789992284,0.7763889324083562,4,4
0.06460052682676695,0.13223778883795087,0.0033311790332912813,0.00395009387095488,0.795880411431036,4,4
0.049702815999937894,0.16346954286222917,0.05389466635947272,0.022301086578566696,0.7106318881997935,4,4
0.20541019058623006,0.348870050992837,0.021377580009176174,0.03586308709883175,0.3884790913129249,0,4
0.0760713382178438,0.1377476153843563,0.011088983621557415,0.012769618374391677,0.7623224444018508,4,4
0.13614016906561155,0.24433808737001864,0.017720662229760136,0.00988579572459873,0.5919152856100109,4,4
0.2684843388066276,0.16950117432089046,0.07538241550843663,0.04674694303282152,0.4398851283312238,0,4
0.24603737374133158,0.10585072200186064,0.031161217999711128,0.03283512683974156,0.5841155594173552,4,4
0.13702019093627374,0.12184549266726594,0.019700987029804707,0.023636349732983033,0.6977969796336726,4,4
0.16236684107074043,0.13279052909959183,0.015790360226210273,0.0231599240870206,0.665892345516437,4,4
0.11366712685052109,0.27525897470282734,0.035134412709491615,0.020823507382016736,0.5551159783551433,1,4
0.12572621091625655,0.30230348104531835,0.02961260993433851,0.019783119409820114,0.5225745786942665,1,4
0.05659512029977808,0.11555811554053111,0.006918423457588756,0.014747942888885571,0.8061803978132165,3,4
0.10913772576314648,0.11844067739601265,0.007814489993424168,0.007981588580475058,0.7566255182669417,4,4
0.1984650147121563,0.12837748066590005,0.06853059267915008,0.0334332044926825,0.571193707450111,4,4
0.057876138088487454,0.14081129403123172,0.030082734773167003,0.016578162278362646,0.7546516708287512,4,4
0.0634397836098894,0.1326053727657319,0.01849522731863826,0.01287080415856285,0.7725888121471776,1,4
0.21827678160774397,0.16613053381095627,0.004443017196439281,0.012500674540954226,0.5986489928439063,0,4
0.06627805935794778,0.08697041116499395,0.0013846684253851055,0.004858484822804782,0.8405083762288684,4,4
0.047040837079647804,0.11615757450472028,0.013114726346202515,0.013187706560002416,0.8104991555094271,4,4
0.08904065703908966,0.13417440249222667,0.0047731255638083165,0.010287204980525405,0.76172460992435,4,4
0.2964324647543618,0.16217780236730295,0.01458493580860178,0.02749865012062552,0.499306146949108,0,4
0.22860361228988407,0.10275336667117332,0.007326451610725385,0.01699676073174683,0.6443198086964703,4,4
0.2903703359123289,0.15428773963103368,0.014127252837770084,0.028161983727452686,0.5130526878914146,1,4
0.16580708077441855,0.20351734605516492,0.02095668722242979,0.020558476374882187,0.5891604095731046,4,4
0.12716617540589442,0.10665504796164023,0.031858820854186384,0.03041976715789858,0.7039001886203804,1,4
0.05896792778319772,0.042454946757759945,0.01699367302329158,0.014588821496032649,0.8669946309397182,4,4
0.05813197071727132,0.0670290042917036,0.004028915842073737,0.005140998212395179,0.8656691109365563,4,4
0.16849119328059697,0.10055932790023157,9.76373548226227e-05,0.00018144930389567645,0.7306703921604532,4,4
0.06213576216189267,0.06008772066412335,0.0006822809177931277,0.001970087729878814,0.8751241485263119,4,4
0.10747446973604678,0.04435570279997638,0.0013677377926846232,0.0015638970092155383,0.8452381926620767,4,4
0.306274580860999,0.28978076051443735,0.02024608298835756,0.025954519017831024,0.3577440566183751,4,4
0.042353731653055164,0.1261917299513539,0.001055913891071373,0.0016535006647302995,0.8287451238397893,1,4
0.029610090085257633,0.07585673957591321,0.0008436093885940578,0.0011879150422974035,0.8925016459079377,4,4
0.1309409836687475,0.2014371011457921,0.034154495397803644,0.03993490669332785,0.593532513094329,0,4
0.04320384599303399,0.05070810252908525,0.008538940523880285,0.008609443229993328,0.8889396677240071,4,4
0.1786472620761917,0.1928557305638394,0.02103806442343836,0.03197956543067127,0.5754793775058593,1,4
0.19713613101062533,0.21017832364776334,0.04307012889671246,0.033192739430297206,0.5164226770146015,1,4
0.20188748341515106,0.3028225561175261,0.009214207090018769,0.022590276935247823,0.46348547644205645,1,4
0.15004277431347343,0.14859636807586143,0.006181117192630974,0.009687097282935615,0.6854926431350986,4,4
0.07071376300118917,0.046988569810555075,0.008834705343263785,0.007529392493435764,0.8659335693515562,4,4
0.05970582939319582,0.1785451986874163,0.0223333584326935,0.022465707262841264,0.7169499062238531,4,4
0.12145205547048285,0.11374207532441859,0.00491245628556007,0.008479149537787284,0.7514142633817513,4,4
0.18009345737345964,0.22764208242927753,0.0031169423906046998,0.012150485510904101,0.576997032295754,1,4
0.09356950344611649,0.11599906753814415,0.0019822369916028077,0.008775725458261835,0.7796734665658748,4,4
0.20740615454825992,0.18473507214327106,0.06171584612444047,0.0320028976894377,0.5141400294945908,4,4
0.022973182209393095,0.18834242103985974,0.008294089320754856,0.008762224251915205,0.7716280831780772,4,4
0.026608655245848448,0.12093232445433628,0.0035870210261354494,0.004405360270862435,0.8444666390028174,4,4
0.11761000913468704,0.048666954690542316,0.0018469407919272762,0.0026489191419962776,0.8292271762408471,4,4
0.0524116667016462,0.31075714728544346,0.008886741645835161,0.008835325095748555,0.6191091192713265,4,4
0.14288663296932533,0.14283853642200883,0.04133043143369626,0.009042319377801332,0.6639020797971682,4,4
0.08390858663172719,0.08607591100056207,0.008032423628409321,0.013908749003266422,0.808074329736035,4,4
0.0561683947974846,0.13196457535642755,0.0008032640344791117,0.0009041395722933365,0.8101596262393154,4,4
0.029419347443849345,0.04520800097450657,0.00021414356841926725,0.00024584710605679447,0.924912660907168,4,4
0.18700785163218117,0.2415389585921791,0.017661836673688206,0.015585470149868963,0.5382058829520825,0,4
0.057402783194636355,0.08950508092293963,0.00865988841109872,0.006378244109018473,0.8380540033623067,4,4
0.08771164749580944,0.0730056016917076,0.009005045003218548,0.011135628331795537,0.8191420774774688,4,4
0.2827825829033883,0.1630837019287226,0.01742417783067343,0.01228968220878782,0.5244198551284279,4,4
0.06266897209429222,0.04410656617714302,0.004653759233560895,0.0019298759310784513,0.8866408265639254,4,4
0.17727861624379307,0.2835744234808463,0.010065082995953049,0.00916245259103399,0.5199194246883737,1,4
0.06338916014454533,0.12110953193066384,0.01774902769702638,0.028170146991204632,0.7695821332365598,4,4
0.05347575844753467,0.08249066813520047,0.012215044082071922,0.016473987814120475,0.8353445415210725,0,4
0.11277052464467639,0.25203880958470154,0.0405120090294496,0.01472884780273866,0.5799498089384338,4,4
0.03746723072700944,0.18687460049297508,0.0016355255383393803,0.0005115978949688104,0.7735110453467074,4,4
0.08834338857035438,0.2741966239195196,0.011951123880740546,0.0029363421347014616,0.622572521494684,1,4
0.08225377387335488,0.20536468208836528,0.011702718823515323,0.0027328344161342308,0.6979459907986303,4,4
0.08408597910576365,0.28273592308237605,0.013539381738999514,0.003077396832948946,0.6165613192399119,4,4
0.10783926480893606,0.20122281834279343,0.0027238845948616653,0.0010991514610144786,0.6871148807923945,4,4
0.05938471776915089,0.31320485057118924,0.02118743062151875,0.00602825331261868,0.6001947477255224,1,4
0.10097887079087729,0.1595546662604772,0.0043092312004329196,0.004247269891812563,0.7309099618564001,4,4
0.19128727675686916,0.3117401547112473,0.07813085275855243,0.033304762185050026,0.3855369535882811,4,4
0.0925945842543767,0.11070260881500611,0.0028382232422834185,0.003195031626229188,0.7906695520621047,2,4
0.08896645135324498,0.09641851146410374,0.0031362827627651768,0.002965644497631008,0.808513109922255,4,4
0.04948806631696692,0.0623053711887686,0.0006106848443773502,0.00030380369658877826,0.8872920739532983,1,4
0.21671426000559274,0.14290842601920695,0.015104725411480568,0.023432425901560836,0.6018401626621589,4,4
0.07904391402452624,0.15060374953939112,0.0053930551712177205,0.013510078151225768,0.7514492031136392,4,4
0.0921089085087264,0.28653079535433396,0.013632386751797681,0.010940773783670822,0.5967871356014712,4,4
0.08191128852753277,0.20592038562061404,0.018441701791563233,0.0035273670005706286,0.6901992570597193,4,4
0.22051524658217908,0.34210721615916845,0.04900091565661752,0.030760848536402926,0.357615773065632,1,4
0.11780472222263985,0.5915240587744526,0.00363177490314163,0.007950404422230382,0.2790890396775357,1,1
0.06045256633724902,0.2180306929886295,0.042085869192457485,0.019255090337583818,0.6601757811440802,4,4
0.0692913837316249,0.20303277799260175,0.038213441944249596,0.017148978593232684,0.672313417738291,1,4
0.04982466175976285,0.1331888953127282,0.045777422790477064,0.015898631806486416,0.7553103883305455,4,4
0.13583140793772414,0.14134908779074679,0.01967268494469277,0.03691008203053976,0.6662367372962966,4,4
0.17206975130470453,0.4129035134382614,0.01800465241552741,0.01682086988406884,0.38020121295743786,4,1
0.1529329367186842,0.31263133798516707,0.02434077863331637,0.01967162456709359,0.49042332209573886,4,4
0.17109645318513442,0.47757298272724896,0.02323538574858022,0.03588756405893648,0.29220761428009995,4,1
0.14674045537782796,0.40140555384727783,0.027729578266355383,0.028863179687655574,0.3952612328208832,4,1
0.18635076762946146,0.26612490043375436,0.00793201591851993,0.024240418915087093,0.5153518971031771,4,4
0.18289927441252773,0.26079226454780174,0.007131983626478852,0.019866519177371523,0.52930995823582,4,4
0.13232522267506158,0.27198278222929934,0.004917611606771446,0.013100393967082763,0.5776739895217848,0,4
0.08430831993866364,0.31913068031165825,0.032163105859115325,0.008199211534882483,0.5561986823556803,1,4
0.05109245995225993,0.2782057513530719,0.03901815182074608,0.007627389969435172,0.6240562469044869,1,4
0.16968408563822016,0.4846728117062779,0.04062201063291005,0.04433886390936658,0.2606822281132253,4,1
0.08165672867939675,0.10679883937018983,0.01308933489534091,0.014375145240936934,0.7840799518141356,3,4
0.047331189520289293,0.049928157229303716,0.01003713660499791,0.0017567329703172502,0.8909467836750917,4,4
0.12711471852930775,0.39375439164581016,0.00824824111868061,0.01256671560863087,0.4583159330975707,1,4
0.09978128914033839,0.4159232887460411,0.006631376124832371,0.013374347150992115,0.4642896988377961,4,4
0.129538796464989,0.304604370030458,0.004132709993684355,0.010230933877131355,0.5514931896337373,1,4
0.18447646445186847,0.5212941049466766,0.049359054888917,0.021855304804723058,0.22301507090781497,1,1
0.14372965317791797,0.4711704842590269,0.016415840133352212,0.022209074027866732,0.3464749484018362,1,1
0.2406898259746649,0.21790203884023035,0.018647430041693214,0.02393146188322046,0.49882924326019096,1,4
0.10119498423253802,0.4635488061113428,0.07420494502041018,0.02062962754173072,0.3404216370939784,1,1
0.0684499460122838,0.6382904279217182,0.01333065213125023,0.010103158151249899,0.26982581578349785,1,1
0.15483256662199366,0.11573113747050051,0.03748965562083604,0.023034536964174696,0.6689121033224951,0,4
0.06633025713149734,0.47453966729125624,0.01780125378177609,0.009870990453886501,0.4314578313415839,1,1
0.13686256145646694,0.17015616693721813,0.07249832678985864,0.0648700292714401,0.5556129155450162,2,4
0.07537169334550003,0.3494726250077433,0.029020730030116283,0.04053175097700323,0.5056032006396372,1,4
0.0650978280650199,0.1996881289277816,0.0261001671784707,0.031898248951400976,0.6772156268773268,1,4
0.10389449192085665,0.530856762912249,0.027487305078193837,0.01633398259051643,0.32142745749818424,1,1
0.07432394559258619,0.25921151715903445,0.0718613179131314,0.03442375937651635,0.5601794599587316,4,4
0.09642986521076123,0.2512374310020051,0.10238834391161389,0.048578829299699505,0.5013655305759203,4,4
0.15656837080068564,0.2671935812450211,0.04469965825121007,0.05694078352827328,0.47459760617481,0,4
0.03965789836016168,0.1844686669072898,0.1414256003331523,0.04517850035162567,0.5892693340477705,1,4
0.04474022723230255,0.21058897922478487,0.11177303092188692,0.0396731761481612,0.5932245864728645,4,4
0.1595478744199625,0.14924635717259427,0.03672177298174529,0.05234340332177548,0.6021405921039225,4,4
0.12461458915767709,0.2729110413299824,0.04168865611362009,0.020055611067748,0.5407301023309724,1,4
0.0618233353803942,0.08300447959397764,0.019180797940314586,0.01798548255922727,0.8180059045260862,4,4
0.10662892995619878,0.2811030309794901,0.09174290877161875,0.022078508397834536,0.4984466218948579,4,4
0.07459512217058974,0.2881764580449051,0.08067731321135854,0.06430688454353621,0.49224422202961043,1,4
0.06983352827681671,0.29111678820904724,0.07102063808016723,0.051925609331540674,0.5161034361024281,4,4
0.11306508028360707,0.10689121462841908,0.06533215316725972,0.052792444209798214,0.6619191077109159,0,4
0.11570187945895435,0.0844348293420244,0.05247633841267517,0.029596914811181305,0.7177900379751647,4,4
0.16740500825924143,0.26256384405377337,0.06675047496549744,0.08310958621197637,0.42017108650951135,1,4
0.05605362061606943,0.18644264695158486,0.023848763413249076,0.03438857147050221,0.6992663975485944,4,4
0.06807297343873464,0.0913797333221715,0.01027602951522892,0.009752322559375606,0.8205189411644893,4,4
0.22453697492996338,0.21383608942427415,0.06534566777642822,0.0312257070433178,0.4650555608260164,4,4
0.07186431563814154,0.2748424845736247,0.09233986962205246,0.04368236732711924,0.5172709628390622,0,4
0.055912695295858905,0.17944867466199227,0.08453562616809786,0.03713197830161537,0.6429710255724357,4,4
0.06618475228004456,0.16724839160067437,0.022400754621795346,0.07036535749834702,0.6738007439991387,4,4
0.12804841267741598,0.3453447366978908,0.06068122352725091,0.03817922534947355,0.4277464017479687,4,4
0.11316505539880473,0.1622713813400091,0.035029973978622106,0.027443137532231522,0.6620904517503325,4,4
0.0836362029676448,0.2215971229059285,0.022559974433188402,0.028901443824272618,0.6433052558689656,0,4
0.10990891547722355,0.11917096814865287,0.0810691172046254,0.03773394713907468,0.6521170520304235,4,4
0.1361513124592441,0.22674521630557484,0.04080159044657046,0.010254848176552082,0.5860470326120585,4,4
0.05993191396087452,0.24411044242042723,0.04235142902898475,0.03974604103925343,0.6138601735504601,4,4
0.06085636592120694,0.20361523165104317,0.02220185155071643,0.021528704300515688,0.6917978465765178,4,4
0.06731022960462045,0.18420086479343242,0.024051458771883326,0.02008190771167948,0.7043555391183843,4,4
0.06753140615142836,0.16404453796549281,0.029787607929736223,0.054395001961634305,0.6842414459917082,4,4
0.009292164998221986,0.08091867908354826,0.015105696894831195,0.013328088278940834,0.8813553707444578,0,4
0.10641491149669975,0.22416214273815746,0.03885107705653328,0.05705142992932939,0.57352043877928,1,4
0.11951394698439223,0.20162825258601824,0.04154682675528274,0.0563635287675823,0.5809474449067246,1,4
0.03472323888394485,0.18214207920752729,0.002342502715859801,0.011275450313683195,0.7695167288789849,0,4
0.02110704835755624,0.13326995563394273,0.0023601193288116727,0.009740907806516853,0.8335219688731724,4,4
0.11957611466105768,0.2411785154893171,0.019236836887929622,0.05312182790027546,0.5668867050614202,4,4
0.07289534539413192,0.34279901368853605,0.05918227402663731,0.06593907030046894,0.4591842965902258,2,4
0.11298024111022102,0.19858282445169184,0.013143571947640627,0.040832476251030723,0.6344608862394158,4,4
0.07123883033430614,0.2858852263433005,0.06950722989923148,0.02394585721526595,0.549422856207896,4,4
0.14127496955594573,0.3143853458779492,0.019158187331982775,0.03885428836256175,0.48632720887156056,4,4
0.06902243076018068,0.22937322061340393,0.00229910820924276,0.012408744948688663,0.6868964954684839,4,4
0.1986807486148826,0.1528112356297501,0.019971277286211814,0.019241266425002335,0.6092954720441531,4,4
0.12640572762709532,0.12278278962492627,0.033296380064853914,0.039715255694561004,0.6777998469885635,4,4
0.04543702292175019,0.23785040344509586,0.0032062967287542787,0.015234874207288824,0.698271402697111,4,4
0.1851085695206443,0.18599792179689045,0.005530153468775473,0.007095307360304217,0.6162680478533855,0,4
0.13640865360624563,0.25398030326693377,0.08596714711646844,0.02270684852394114,0.5009370474864111,4,4
0.05518197010024079,0.19144085103891761,0.03899413960929014,0.044298086636951214,0.6700849526146002,4,4
0.0566882563649318,0.17608336414661352,0.039992101852633015,0.04214658720856245,0.6850896904272593,4,4
0.21290300520647315,0.3331984036821083,0.05465238487488563,0.02785862510481288,0.37138758113172005,4,4
0.09166765911575386,0.2431184326668285,0.06586782181163424,0.06170799404542857,0.5376380923603548,0,4
0.09597706323537689,0.14955412995428227,0.02066291153712138,0.03549978694531733,0.6983061083279022,4,4
0.1330782814218248,0.13074902045711412,0.0564737538749306,0.044969977238322745,0.6347289670078077,4,4
0.10815218254753892,0.16932363373093254,0.08366685131644273,0.053520458279094726,0.5853368741259911,4,4
0.147009982369265,0.1572301392315832,0.07228530973618602,0.045371232336892844,0.5781033363260729,0,4
0.12148773429009097,0.12405242219550487,0.04862911387172267,0.03234398838979654,0.6734867412528851,4,4
0.10932001785405035,0.41491166770356236,0.05467443351942801,0.06993163644075504,0.35116224448220423,4,1
0.07103398283697067,0.12595881992369212,0.07496954054860389,0.05256024765753306,0.6754774090332003,4,4
0.0435294102875654,0.19434166789864718,0.05259954357691705,0.03889064705595882,0.6706387311809114,4,4
0.19534867491556146,0.15990668031630487,0.026447448532260217,0.04522217863958006,0.5730750175962934,1,4
0.11449187762553399,0.13695345409958262,0.019464762131596293,0.03929885239276953,0.6897910537505175,1,4
0.14003449607572308,0.11324941681909882,0.02237379042607531,0.041570053193589813,0.682772243485513,4,4
0.19556258420706019,0.26310308765680407,0.07467620452329653,0.06137074837556117,0.4052873752372782,4,4
0.2380225065810708,0.23922942072149503,0.07436672951599899,0.08259388263827515,0.3657874605431601,4,4
0.11988227075512253,0.24842908297635363,0.11999768198317988,0.08298016615057724,0.4287107981347667,4,4
0.024459741610589208,0.09930989343764786,0.010817229280747954,0.011708992892117027,0.853704142778898,4,4
0.016951047671971673,0.08267416317222966,0.011693035175886109,0.015011138126738564,0.873670615853174,4,4
0.024101448526423496,0.12090653372687357,0.012337732170750116,0.012466767679151922,0.8301875178968008,4,4
0.07753056065010218,0.26210375852597145,0.06827577141801049,0.04846709559219798,0.5436228138137179,0,4
0.06834091717386565,0.23519593450654325,0.07065962504592548,0.042142228156383084,0.5836612951172826,4,4
0.10698654224935773,0.13893324561999523,0.0300526265757947,0.03473156813357733,0.689296017421275,1,4
0.16229853940467776,0.28017109082193564,0.025266371984374827,0.04940309912289419,0.48286089866611753,4,4
0.15351802083002908,0.371879499486383,0.02548711348063643,0.045294999057066056,0.4038203671458855,4,4
0.1324512936920668,0.3549965470969517,0.037456195072094,0.01986717342101637,0.4552287907178712,1,4
0.12320972379624909,0.3119590735461722,0.01741373801563311,0.019614762725986723,0.5278027019159588,4,4
0.1264414917038987,0.314633221938816,0.034891266643250055,0.02379228050054365,0.5002417392134916,4,4
0.06401107189891703,0.21491601810016692,0.012561754862692846,0.016445574621361446,0.6920655805168617,1,4
0.025942607736554033,0.06089884847759925,0.028398586194826953,0.027392080198351747,0.8573678773926681,4,4
0.08002381356628602,0.12676646901198974,0.13473304408736425,0.0631165446093955,0.5953601287249645,4,4
0.08803848675301726,0.36285473192279516,0.036482799967132,0.05295939700686146,0.4596645843501941,4,4
0.11215648992905673,0.10062377110790172,0.04648393848936275,0.0487466438448348,0.6919891566288441,0,4
0.12105321198578667,0.22702333014902354,0.06814678452845237,0.04372378086161118,0.5400528924751262,4,4
0.1367405400182728,0.2729480756181631,0.044291927075114625,0.044193845295558504,0.5018256119928909,4,4
0.033911394822379336,0.12380519755807595,0.00958881452295807,0.011480653617608947,0.8212139394789777,4,4
0.03599393572551641,0.17623248674985906,0.017869604128032058,0.026170627839538572,0.7437333455570538,3,4
0.06709336214645512,0.16768764056922322,0.014742851875682422,0.03149893350048717,0.718977211908152,4,4
0.06107935716411279,0.11674255572610394,0.008241181684601593,0.019457679821700144,0.7944792256034815,0,4
0.021913802099994016,0.15315065144673667,0.03897089801468035,0.0269344005285347,0.7590302479100544,4,4
0.18869763906295164,0.18291631035496164,0.1279231886729095,0.072584978246004,0.42787788366317314,4,4
0.165374764044292,0.2300248096463631,0.08180142245616032,0.053893818546132684,0.468905185307052,4,4
0.1795041064869141,0.20104245801729764,0.07132253384674868,0.052945814868852074,0.4951850867801875,4,4
0.03088003074742055,0.12359131383459292,0.026992090918583934,0.04625923647142149,0.7722773280279811,4,4
0.11238199788038823,0.1443688049592161,0.036745517574790165,0.03789864325584968,0.6686050363297558,4,4
0.05917186111199077,0.1472266833766091,0.10478522608982042,0.041467480302442884,0.6473487491191369,4,4
0.05353660468570751,0.16442306854861957,0.06734636681091834,0.04060310450825189,0.6740908554465026,4,4
0.13177806156269917,0.12666702194284116,0.014779422310626834,0.02474364640279541,0.7020318477810376,0,4
0.15621578120703855,0.18585117405961604,0.05309625291394584,0.04306995584387256,0.5617668359755271,1,4
0.1671692222910278,0.16390825399292092,0.03518114743799631,0.03442251108087381,0.5993188651971811,4,4
0.07756986767232342,0.12714863880576696,0.051522836886298724,0.020300225134386035,0.7234584315012249,4,4
0.1393384972824951,0.13346092976958712,0.02454672921757333,0.030941842434612954,0.6717120012957315,1,4
0.10060796452688017,0.1258452916375907,0.02266401770743305,0.026849315542067244,0.7240334105860289,4,4
0.11705971729761627,0.15361646983603056,0.02729108617447356,0.024785291162927933,0.6772474355289516,4,4
0.03695367768470102,0.22510545480744484,0.0004513690690231993,0.0012806546116635666,0.7362088438271672,4,4
0.23180362787965864,0.2537401323385356,0.03148639504939474,0.05613482527086184,0.42683501946154934,0,4
0.1004816602838989,0.30870340424114434,0.0993392200804029,0.02579025480135393,0.4656854605931999,0,4
0.2519707010043476,0.34156508316619805,0.023771353797658604,0.05183099089385118,0.33086187113794463,4,1
0.1266383268660117,0.1664974458336547,0.03961520610139704,0.10078561352508154,0.5664634076738551,4,4
0.0540524520803087,0.14716476778461918,0.03009129079577636,0.0350735323786036,0.7336179569606922,4,4
0.12922679830034747,0.19722075992818,0.030176540163016873,0.05351994763552957,0.5898559539729261,4,4
0.09510904486834508,0.21794978128586814,0.04758687523316049,0.04696673062472751,0.5923875679878987,4,4
0.07007339012851667,0.19978939484519445,0.017125181682884277,0.04761112890669883,0.6654009044367057,4,4
0.10322404737867664,0.14088760636578582,0.01189996782353672,0.014487445416145555,0.7295009330158553,1,4
0.0822990633940686,0.16485708422311682,0.013918681587495318,0.018332545571613058,0.7205926252237062,4,4
0.14049213188077148,0.23200103981074607,0.025704628045495583,0.033294313643948206,0.5685078866190386,1,4
0.20861908820416525,0.30241580864277356,0.022391711898589496,0.048108503313124044,0.4184648879413477,1,4
0.11890497744647957,0.3334369753846531,0.07845774448422667,0.08082438385851559,0.38837591882612504,1,4
0.0510871565009746,0.3367737247897522,0.008836099429485017,0.025732133863925925,0.5775708854158623,4,4
0.11625474337942093,0.1624060487288731,0.04161738595135536,0.03515706443391275,0.6445647575064379,4,4
0.03896380665757077,0.16054931817774346,0.010253122253851403,0.009575626597351915,0.7806581263134824,4,4
0.0317789557013537,0.1435816829529979,0.06041479556842343,0.020161194503224428,0.7440633712740006,4,4
0.03149336827215331,0.19372316538501488,0.01931585767823243,0.026092666208338583,0.7293749424562609,0,4
0.028557501853979036,0.1457034438439386,0.027085129499455764,0.03148339824423406,0.7671705265583926,4,4
0.03258646681189324,0.19349635763160972,0.007450094928282074,0.01222606606297318,0.7542410145652418,4,4
0.03925428319207415,0.12689491317522164,0.0020617914678100493,0.0021062966837078396,0.8296827154811863,4,4
0.09831760629494914,0.12196847322532964,0.010047311802291925,0.015588447532027015,0.7540781611454023,1,4
0.10758819775583134,0.30206773658898023,0.048395002903591944,0.06387196286325635,0.4780770998883402,1,4
0.06131683577785507,0.24926335587229762,0.02276167875586754,0.016889538989455874,0.6497685906045239,0,4
0.058289758219324514,0.18647149832983542,0.027666869417525063,0.021260960322373255,0.7063109137109417,4,4
0.20070770293898513,0.18446776291751626,0.040030456163047505,0.05644521159442633,0.5183488663860247,1,4
0.04110310080243356,0.17382651344133207,0.025421628151508245,0.018095931411788495,0.7415528261929377,4,4
0.11703095591481562,0.21655554619976192,0.06406518503463234,0.060444170258492295,0.5419041425922978,4,4
0.13293124733085324,0.1748078307559367,0.06707916038545443,0.04818448470840886,0.5769972768193469,4,4
0.14375968009211518,0.19444482528980558,0.05373891556298382,0.04362756090739533,0.5644290181477001,4,4
0.15124438730461218,0.1956344122288432,0.04529422301389128,0.05174960671956481,0.5560773707330885,4,4
0.06057059428517169,0.3014064338754896,0.05689425883489592,0.08664483265307324,0.49448388035136953,1,4
0.14940371760047785,0.26918554822026697,0.05178057129951925,0.026775406956840813,0.502854755922895,1,4
0.1418993569900101,0.2525451290182602,0.06093629498216637,0.027995370435337417,0.5166238485742258,4,4
0.08994173438285986,0.30752772820655483,0.06694269962193802,0.03930385793193308,0.49628397985671424,4,4
0.009995282698103618,0.07091811076720131,0.0019396093372920245,0.001212126429431533,0.9159348707679715,1,4
0.09961997184045332,0.16692605943432004,0.014788759517192772,0.017402527453948487,0.7012626817540853,4,4
0.10992118652017974,0.27956630016081185,0.030026106744769365,0.021780966559255804,0.5587054400149831,2,4
0.1100081206171739,0.27056094949732346,0.03242314268765683,0.021735713332966405,0.5652720738648794,4,4
0.19260032467308835,0.24174519646482653,0.013633438204831441,0.020743819254482963,0.5312772214027707,4,4
0.1842685841836319,0.2317717878679457,0.01500601121193527,0.020908752979154056,0.5480448637573332,4,4
0.01573969281147302,0.020064243392674687,0.0014623091082914324,0.0005953321583494459,0.9621384225292116,4,4
0.13886224082813867,0.1599670992245005,0.04651210068469458,0.05045736968300147,0.6042011895796647,4,4
0.11567494396850514,0.268676949550199,0.11672449684502412,0.021910495696804155,0.4770131139394677,4,4
0.07307460023976473,0.20691592330427072,0.03333753878209138,0.027910535164600007,0.6587614025092733,4,4
0.12840596422306114,0.16853209559566443,0.0425815897560299,0.011591653342119326,0.6488886970831252,4,4
0.1696127705885999,0.20990143012253296,0.12419328055444762,0.05683464621284516,0.43945787252157437,4,4
0.16959163940978494,0.22189527942073814,0.0958304859437534,0.060169350316752857,0.45251324490897066,4,4
0.21649393294322267,0.23899278601091958,0.06467590809374071,0.02992748789332457,0.4499098850587926,4,4
0.07157664260640469,0.30584071342486974,0.008037037434578618,0.0038681661927158846,0.6106774403414311,4,4
0.1639572724298298,0.10551363083592595,0.029460100852374858,0.02736671336580656,0.6737022825160628,1,4
0.13075425654297804,0.15632561287687124,0.05406322381292356,0.0734370579466674,0.5854198488205599,0,4
0.23021108328599063,0.2277382350539304,0.03913172626856544,0.045472315842589914,0.4574466395489236,1,4
0.2519024601172929,0.25316208742768204,0.03734491959950652,0.051257316922201694,0.4063332159333168,1,4
0.16079586288598938,0.1620502644320319,0.03191278659408155,0.040955426382547164,0.6042856597053499,1,4
0.14400164937059878,0.16572103760194168,0.00912485858492867,0.016495189580709068,0.6646572648618219,1,4
0.15357428822427338,0.25977929033659275,0.040708022417458384,0.061577759894240344,0.4843606391274353,4,4
0.12487384636154644,0.180035039896783,0.0162143360395036,0.034493295806506986,0.64438348189566,4,4
0.14027010047095118,0.21844304476451018,0.07213055997958925,0.01840632538101554,0.5507499694039337,4,4
0.18493565109625063,0.22302733784554515,0.09806870247938157,0.04795429896998481,0.44601400960883786,1,4
0.2701150043331167,0.1419354142924208,0.026974824844220622,0.07526808876733375,0.48570666776290816,1,4
0.08479446355592338,0.1437674926445156,0.010340550574317304,0.01526669927778411,0.7458307939474597,4,4
0.09182098432873914,0.3798753215456791,0.025989124668462937,0.03168437151632038,0.47063019794079836,1,4
0.08912870820654788,0.3301501670513801,0.02040757740539575,0.03251253371223047,0.5278010136244459,1,4
0.05430877565258412,0.35205704177409264,0.05941087066355238,0.02768083926615895,0.5065424726436121,1,4
0.05127044066829447,0.12255528318225192,0.02655543113237306,0.05349349864074215,0.7461253463763384,1,4
0.06375969698536002,0.12333806960820656,0.03430274136788136,0.059302589765608094,0.7192969022729438,1,4
0.10001207628758856,0.1743918347696985,0.01956315184018461,0.04446334488597749,0.6615695922165508,2,4
0.16264985764985015,0.16396620236749368,0.03149021434017905,0.02704578134211846,0.6148479443003586,0,4
0.17056676301458623,0.17627487316734272,0.05067533439286876,0.03139679967336846,0.5710862297518338,0,4
0.0725417731959155,0.1140948645469062,0.08583823967736684,0.0309168772638957,0.6966082453159158,0,4
0.05271696143030339,0.2656894204556604,0.01941646173205928,0.017370403857451075,0.6448067525245259,4,4
0.1628326075764535,0.05848158357053568,0.05131200669392832,0.005164851462883574,0.722208950696199,1,4
0.10471811877459677,0.0526883624552212,0.028011125695765558,0.004392579808828261,0.8101898132655881,4,4
0.15785313381061333,0.0840248999174202,0.016146435165288794,0.015807504808217406,0.7261680262984602,4,4
0.1678853121580811,0.19086718902900862,0.12405520885329006,0.020343044686239885,0.49684924527338015,1,4
0.1462399028384478,0.15340587336043002,0.1129371937817117,0.01695068056054897,0.5704663494588615,4,4
0.19756719727572936,0.1392211766418304,0.04830175727949152,0.008330215553437258,0.6065796532495115,4,4
0.17949394260755616,0.07919791489728381,0.016783235777290656,0.006909013840392502,0.717615892877477,1,4
0.24285154971825548,0.22169235401981477,0.01478559544318735,0.012436516966523611,0.5082339838522189,0,4
0.24277623598168552,0.09799745064145002,0.008698286152970686,0.03392857110480866,0.6165994561190851,4,4
0.23296099288064595,0.07485320205758828,0.008416980346965308,0.01902032834656544,0.664748496368235,4,4
0.0471600512701106,0.176864113970585,0.02513951367644449,0.03646928688300176,0.7143670341998581,1,4
0.0835361135652211,0.22957927405306658,0.019537282737273468,0.027843455862863808,0.6395038737815751,1,4
0.03306296699004369,0.2057693648494051,0.02158993611312023,0.011609124411624764,0.7279686076358062,4,4
0.10221019781696031,0.3829051088097824,0.035214982484427226,0.028112483623015255,0.4515572272658148,1,4
0.05009729391970988,0.16008302003505628,0.013695895360519093,0.021764558874413118,0.7543592318103016,4,4
0.02912956867152691,0.27433247049834936,0.022225690861512267,0.015610127910250638,0.6587021420583608,4,4
0.22890785316953283,0.16792557582332954,0.013922536500945111,0.00840516704938101,0.5808388674568116,4,4
0.10679862852590982,0.04939028004612053,0.00735184097794977,0.004108752606779987,0.8323504978432399,4,4
0.053411430357975936,0.0839789807023792,0.03257536902780587,0.022171309180872286,0.8078629107309666,4,4
0.016856965139451372,0.4793821014628053,0.01345488657295479,0.009754728849702542,0.48055131797508593,4,4
0.009731796540861247,0.36300117697172335,0.007625087544845643,0.006330574854111175,0.6133113640884587,4,4
0.06410871998864714,0.0676835516341211,0.0019192581745410447,0.008360064491390371,0.8579284057113004,4,4
0.10447911354988564,0.12906490379976204,0.01743168075900211,0.008707056745997355,0.7403172451453528,4,4
0.09634017787814886,0.12639194388202493,0.020575099744563008,0.013732491770537298,0.7429602867247258,4,4
0.0676436438988392,0.20242959356677537,0.016866862337286046,0.03733582946941576,0.6757240707276837,4,4
0.12265904621577525,0.07262535712059934,0.01007229338523196,0.00468616634388569,0.7899571369345079,4,4
0.06892531953513777,0.18131945429287274,0.027354013679715693,0.016360240092767694,0.7060409723995061,1,4
0.08281615055852713,0.19028684544646274,0.040722760109022274,0.016469628315767943,0.66970461557022,4,4
0.16077291273882346,0.07390748440193062,0.002177477993629974,0.0024523210311940876,0.7606898038344219,4,4
0.13019924352019033,0.14552349346495067,0.05471430982007016,0.03215311247615696,0.6374098407186318,4,4
0.16413302359562235,0.11819303600681709,0.013025101405112314,0.02208443459008793,0.6825644044023603,4,4
0.12019024812353322,0.246897425486845,0.014368245131059904,0.0069503450018957875,0.611593736256666,4,4
0.06662160823451564,0.32222475787951593,0.08363973669975631,0.0021122498773963605,0.5254016473088158,0,4
0.04263755011098627,0.14967338107140812,0.0223642491177937,0.013508684603621538,0.7718161350961904,4,4
0.11633971998077763,0.302307184166558,0.007794372002917899,0.005940545528036329,0.5676181783217101,1,4
0.0388554222076525,0.08012386951020158,0.005650168627761285,0.0016939074675768177,0.8736766321868079,4,4
0.0913903196134048,0.0912390721893744,0.021743771045555232,0.015771642327306067,0.7798551948243595,4,4
0.09049611812423308,0.09195102580526272,0.016564976543976172,0.010937293993807086,0.7900505855327209,1,4
0.11534479471016565,0.14518115838164283,0.02011135049107124,0.01555397706779403,0.7038087193493263,1,4
0.10166388170452915,0.15861975297906608,0.058901784009473004,0.0932009258849188,0.5876136554220129,4,4
0.07158583147840084,0.14798166819730119,0.055575047336253014,0.054990673483163305,0.6698667795048816,4,4
0.14966067286642595,0.1998692902289212,0.014321330313894275,0.019198030218699966,0.6169506763720586,4,4
0.07660508636775672,0.15297095510160122,0.009401634521164243,0.022293989937508227,0.7387283340719697,4,4
0.10255350807142614,0.15665405763481483,0.014847619457787892,0.013911876313572413,0.7120329385223987,4,4
0.059249042956234635,0.07289943180312168,0.003956499748068578,0.01925683601464071,0.8446381894779345,4,4
0.06495038575186443,0.10879805195118902,0.0023492202739857845,0.007939761260451159,0.8159625807625095,0,4
0.14036073293613674,0.19715740037596743,0.0032400283175616036,0.013234383384481109,0.6460074549858531,0,4
0.0376977106790953,0.08250821428062372,0.0028408302387679498,0.008027425752218782,0.8689258190492942,4,4
0.04210536754641049,0.10110688425546555,0.026797144019912972,0.0018314988128017887,0.8281591053654093,4,4
0.08843483609454846,0.258107789001717,0.022436661252227263,0.02339717108126869,0.6076235425702387,4,4
0.21727085593203038,0.06104885469481706,0.005985419066203368,0.021464980625913205,0.6942298896810359,4,4
0.09306821559362095,0.30105431046540554,0.017652001428637785,0.012178182190106064,0.5760472903222296,1,4
0.07420416717011574,0.24189619133437815,0.012803741482025443,0.011279191776058673,0.659816708237422,4,4
0.08664549656335677,0.3354150204792589,0.017159374701139554,0.017023200343372884,0.5437569079128719,4,4
0.06922913658943576,0.059420934133958186,0.000920228344498305,0.012239483304089336,0.8581902176280183,4,4
0.14654834836800457,0.10406955400756004,0.0017248153354641358,0.015338029980616045,0.7323192523083553,1,4
0.11027552706716967,0.35747209711591554,0.002269289496460079,0.008965422982327458,0.5210176633381273,1,4
0.021351086589119692,0.0761896519589463,0.0016622414569223752,0.004134170889942196,0.8966628491050694,4,4
0.08524987657812207,0.2410661418039336,0.06167872952992739,0.029945165646688855,0.582060086441328,1,4
0.06339805545956816,0.2715540280432267,0.04346296785604172,0.016612152562690618,0.6049727960784728,4,4
0.2315933229117269,0.2837763063524448,0.03453050735703244,0.01424745285157709,0.4358524105272187,4,4
0.1813645947284626,0.1323325295451898,0.011132500535370415,0.036230765363179165,0.6389396098277981,4,4
0.1174525097252194,0.3193076365297236,0.041354537276773795,0.031294736551559725,0.49059057991672356,4,4
0.13892739818817298,0.2830223768350881,0.03129449238370932,0.022264022992275496,0.5244917096007541,4,4
0.061837737407556805,0.055707940285835165,0.005746307904123261,0.005075846074450238,0.8716321683280346,4,4
0.11163910795771208,0.44086608815752565,0.020557218770814276,0.018039203779749782,0.4088983813341982,0,1
0.08806807310835033,0.26094857233087093,0.014500678998004286,0.004691111961732939,0.6317915636010414,2,4
0.18166034146036666,0.05033225485218356,0.006263415480190624,0.014174327721248567,0.7475696604860106,4,4
0.11532899039205018,0.025997638108118733,0.005523789947677363,0.008740766949145502,0.8444088146030083,4,4
0.19444705970933276,0.18187464382498192,0.027524109089793018,0.023758045722646844,0.5723961416532455,4,4
0.0903870484345339,0.032267291948840725,0.007809771402679617,0.011720621315947567,0.8578152668979983,4,4
0.17910549471245135,0.11741584706386378,0.017122912111767394,0.060760029940721945,0.6255957161711955,0,4
0.13763766356655988,0.0649437270216344,0.013211164583454053,0.035674318011618716,0.748533126816733,4,4
0.09068099401841015,0.08449795216444878,0.009209795308080618,0.008453326979341662,0.8071579315297188,4,4
0.19514233250184343,0.08642476735610584,0.010440344758936567,0.0026570913018104892,0.7053354640813035,0,4
0.12974402333284454,0.09077528752734511,0.03433126645238349,0.025464591862734278,0.7196848308246925,4,4
0.05664980316722568,0.3515449382616517,0.026272311746464966,0.015084490587370453,0.5504484562372872,4,4
0.07930877392289051,0.2631578349872097,0.02574870224373864,0.009284690199874435,0.6224999986462868,4,4
0.05012412337931528,0.09923882680913203,0.011708009681856481,0.005152472643867569,0.8337765674858286,4,4
0.11009720025311492,0.10395741597701429,0.007557311226135839,0.007638040825575207,0.7707500317181598,4,4
0.09594317920702304,0.26711822957480136,0.037110244608888676,0.08669636923997043,0.5131319773693165,1,4
0.07487376107008498,0.2121239637746397,0.0392978265995565,0.06300643446642215,0.6106980140892966,4,4
0.24425180288890122,0.04887526410928023,0.013573436833581023,0.051161625676386886,0.6421378704918506,4,4
0.2500400244749067,0.31814434824151866,0.014932509603734422,0.033932425680463,0.3829506919993772,0,4
0.2350456564179165,0.05699823343516966,0.011977145401087548,0.007355977552079196,0.688622987193747,4,4
0.17974023621227242,0.1418805431576048,0.12171800711327166,0.015612829173599855,0.5410483843432513,0,4
0.09006846030217676,0.06278618519261499,0.11101736231369355,0.008283816390352992,0.7278441758011618,4,4
0.05968871932825436,0.05200515987991564,0.075605776007722,0.006559227481660742,0.8061411173024473,4,4
0.15499150676416054,0.05867724955623741,0.00818097561184656,0.018569502999757813,0.7595807650679977,0,4
0.2029686549415824,0.2100210396161952,0.023173549095538627,0.012821242644156223,0.5510155137025274,0,4
0.056335956498746564,0.37932302378672944,0.012480568003979108,0.0161066688982418,0.535753782812303,4,4
0.013801943847947279,0.025829740575273322,0.0075650632974535595,0.011638274768986314,0.9411649775103395,4,4
0.09403845734511442,0.21463209504783964,0.036161559245052766,0.02199950741359207,0.6331683809484012,4,4
0.07123140968914962,0.2641884600934144,0.010057240389755922,0.013798631484612835,0.6407242583430673,4,4
0.1334464923048928,0.08204046540580773,0.01332506131312342,0.022472652713517435,0.7487153282626586,4,4
0.027952191475284785,0.053914616124971226,0.019606691182948326,0.0034760395167686324,0.895050461700027,4,4
0.21784306603118642,0.4851763768299001,0.014228232507285964,0.00802908005183955,0.2747232445797879,0,1
0.101947085378535,0.08314672374550466,0.018020811246635692,0.034692764067206255,0.7621926155621184,0,4
0.23262872467218088,0.16687514864871003,0.0037819018060960673,0.01046610113970365,0.5862481237333094,1,4
0.09228345563487468,0.35053643683375724,0.030180895623745624,0.01916802145190903,0.5078311904557135,0,4
0.22005011979254635,0.0933472887925901,0.018460552617532534,0.012837151878869711,0.6553048869184613,4,4
0.14278758237177727,0.17088588473840688,0.00796217662831743,0.006542984853666931,0.6718213714078315,4,4
0.09089829443502155,0.10665971473857713,0.007204089405098893,0.006268880724450911,0.7889690206968515,4,4
0.15176391943932274,0.1772207518290309,0.04096651865426647,0.00528620282445414,0.6247626072529258,4,4
0.2604640933226529,0.2966882406530248,0.04832301859408535,0.003934465459484259,0.39059018197075257,4,4
0.08688473528792921,0.08225956249406845,0.025942085665975487,0.014196466979017806,0.7907171495730092,4,4
0.0517966193869667,0.15079462828302265,0.007572953400417362,0.005692522711033496,0.7841432762185598,4,4
0.1304842940273837,0.09599750926859807,0.031914695607582234,0.095619967564575,0.645983533531861,4,4
0.014103464656814743,0.04805149923036202,0.005802866786097172,0.02430045841780067,0.9077417109089254,4,4
0.06469748162656493,0.0439542461711148,0.008174997451498672,0.010556186411668665,0.8726170883391529,4,4
0.0889568600998478,0.040064952383895805,0.005156765121086159,0.010850758263128252,0.854970664132042,0,4
0.027202902480671743,0.009701909190700297,0.002896821283972241,0.0045718439063502595,0.9556265231383054,4,4
0.08965413411802449,0.222203505728559,0.017234427076376527,0.034723369549123875,0.6361845635279162,4,4
0.03366114723890243,0.09303054729798352,0.021263535519880843,0.0087019726184793,0.843342797324754,4,4
0.017923757659394243,0.046206641910778806,0.010225587674065124,0.004120108269211485,0.9215239044865504,4,4
0.0762717328408655,0.11666209490019971,0.019187263268883172,0.012553323913842982,0.7753255850762086,4,4
0.10963169345817202,0.1494932527016182,0.02293582030509999,0.01719230891876802,0.7007469246163418,4,4
0.08507860525316148,0.15854889552771573,0.004597094185001098,0.006238025020388746,0.7455373800137329,4,4
0.1271769081993012,0.20170972402859275,0.007246892471123531,0.0026472479222185872,0.6612192273787639,4,4
0.12568879081396736,0.17586783135293432,0.007030905344374967,0.0022273862980265197,0.6891850861906968,4,4
0.06816736362596162,0.12985136131321678,0.009973767912629656,0.008162368751652,0.7838451383965398,3,4
0.1244510003541863,0.02028770831991787,0.0023261178463206455,0.009020432564511129,0.8439147409150641,4,4
0.06505087125877146,0.009526539223112893,0.0013433918651519084,0.007742216146728972,0.9163369815062348,4,4
0.2591011827732968,0.2055977550733087,0.02408533716819618,0.06413614429309553,0.44707958069210285,1,4
0.21995859450846256,0.13232199065103212,0.019768845108666635,0.03478192617323257,0.5931686435586061,4,4
0.06584890654147856,0.04754814282951454,0.0020318570574839856,0.009423639513863567,0.8751474540576593,4,4
0.10441171272014671,0.0883929287688206,0.011798181509119323,0.016900957027754744,0.7784962199741587,4,4
0.11956122205722695,0.19789860566311457,0.001608791404496147,0.004185888898102187,0.6767454919770601,1,4
0.18605407016292244,0.3878619334959424,0.0013149440816785148,0.008101418004943248,0.41666763425451336,1,4
0.2121663599759632,0.431477914296859,0.004110148119783145,0.003608560600196645,0.348637017007198,1,1
0.1767812454314444,0.3181151729813924,0.005004246513806908,0.005846933527917515,0.49425240154543876,1,4
0.21800239899674617,0.2896227183467686,0.0015526304168789935,0.01691731637162807,0.47390493586797805,4,4
0.15597939365426583,0.10138356060134703,0.006232067477462273,0.015304954528865114,0.7211000237380598,4,4
0.046049793048395925,0.04107492260745167,0.0068446400187708294,0.008387878263013064,0.8976427660623685,4,4
0.12847613857055393,0.04820301379212372,0.020120177211493347,0.018904468204400567,0.7842962022214285,0,4
0.23132476489907877,0.21150905672433093,0.027624784635628726,0.04167745977436911,0.48786393396659244,4,4
0.054491011578074934,0.2629354587835182,0.0054566330632937485,0.011901368957253342,0.6652155276178597,4,4
0.03460451188182617,0.04908320320640126,0.004777410116170847,0.003305606359325946,0.9082292684362757,4,4
0.047925400671923,0.06970716298366743,0.037155967051922804,0.006227245521049125,0.8389842237714377,0,4
0.021225784978090852,0.28771986085749546,0.007297577411509552,0.00789859139854044,0.6758581853543637,1,4
0.06906951309730662,0.1615935441565699,0.033358283013480865,0.002118230097478877,0.7338604296351638,4,4
0.04224838118625923,0.10960117720024627,0.03475561192915163,0.040413829623259116,0.7729810000610837,4,4
0.06707674851695601,0.4511406699069741,0.019170955343210706,0.01088233101364054,0.45172929521921873,4,4
0.09413200890655245,0.20509178754124402,0.02987778315000958,0.010294995735079783,0.6606034246671141,4,4
0.1130852496535083,0.18166631293100463,0.04401675944695825,0.008827986804872784,0.6524036911636559,0,4
0.10869871941274951,0.40633724498158713,0.04938489062974176,0.018875470438759073,0.4167036745371625,4,4
0.02224466731552905,0.6378321347433227,0.039653293509239455,0.025877245607456963,0.2743926588244519,4,1
0.018620082436355767,0.2982863336129874,0.0028351185685011942,0.005096761188852187,0.6751617041933033,1,4
0.04730945255371426,0.10185408594228461,0.08793072731739489,0.008439303957017407,0.7544664302295888,4,4
0.021603257477713488,0.2950941495741629,0.08104677144607139,0.007299850621255133,0.594955970880797,1,4
0.2825078621515652,0.3727647277901988,0.027475404549603046,0.018116170435342513,0.2991358350732904,4,1
0.11934520934620893,0.12794825464601475,0.016165521271756893,0.012099925484628205,0.7244410892513913,4,4
0.06751111787160578,0.6554926501813435,0.024450985697755036,0.032507597613494824,0.22003764863580097,4,1
0.10458274359770556,0.5152435232461466,0.030429380256879048,0.017463845426589634,0.3322805074726792,4,1
0.07550957361225163,0.460758971900211,0.021064458584382037,0.013032309652190408,0.429634686250965,1,1
0.1405609647415076,0.20141759114402985,0.04196528055439173,0.041994098714683764,0.574062064845387,2,4
0.20725604434539013,0.4171241485677142,0.025289174378780994,0.004873938506313684,0.34545669420180103,1,1
0.23228213180238846,0.11127798248505748,0.03670121535933357,0.009242694464465908,0.6104959758887546,1,4
0.3785527205310103,0.23126938871007688,0.032944669492112263,0.012897937125540977,0.3443352841412596,1,0
0.1736797716228099,0.34611878497892323,0.12424175275713484,0.006242680565415277,0.34971701007571665,0,4
0.11125757054724993,0.5126359558807112,0.01915896801505461,0.008113751206374214,0.34883375435061004,1,1
0.03511931941953807,0.7125378343331562,0.015446542977402136,0.01779999416211532,0.21909630910778832,1,1
0.05109412649881773,0.7176212614488802,0.02519480408221971,0.01895006731161967,0.18713974065846267,1,1
0.02540843774836076,0.6611079858445787,0.018808308434601847,0.012586856639283892,0.2820884113331748,1,1
0.22254139533566086,0.38723059972449836,0.019224259176701865,0.0012784558229715188,0.36972528994016757,2,1
0.2071708150008209,0.04278990010628032,0.004285420285551585,0.009305724661029174,0.736448139946318,0,4
0.11189590408508064,0.5095449174773538,0.030251154923101344,0.006586307503439038,0.3417217160110253,1,1
0.020080058061913132,0.5532417756037462,0.02831018254922688,0.022841934046392596,0.3755260497387213,1,1
0.47572845397452385,0.12174776402416113,0.019384996432312455,0.005487400755197229,0.3776513848138053,0,0
0.12977891734134264,0.1276251895009162,0.02582307194377642,0.01710046909368104,0.6996723521202837,1,4
0.10568398168072919,0.1448285560193428,0.02197995544798787,0.016206775776156188,0.7113007310757838,0,4
