prob_class_0,prob_class_1,prob_class_2,prob_class_3,prob_class_4,true_label,pred_label
0.040532168,0.038271617,0.040443186,0.038119502,0.84263355,4,4
0.041322008,0.03796601,0.039917737,0.038121287,0.84267294,4,4
0.5095599,0.18783307,0.06486776,0.06859076,0.16914849,0,0
0.4606819,0.18149383,0.06276094,0.06636302,0.22870034,0,0
0.45446882,0.20740202,0.0719448,0.075926565,0.19025776,1,0
0.09507365,0.05934128,0.03210363,0.032052957,0.78142846,4,4
0.038439617,0.038118467,0.038116194,0.03833556,0.8469902,4,4
0.0383803,0.03744178,0.038295276,0.04889791,0.83698475,4,4
0.03856717,0.1343161,0.03513564,0.035080176,0.7569009,4,4
0.043684337,0.037863184,0.03996994,0.038091853,0.8403906,4,4
0.038510714,0.037902344,0.038235243,0.03805737,0.84729433,4,4
0.043714665,0.03772176,0.045336578,0.04295653,0.83027047,4,4
0.062379416,0.045074057,0.050540052,0.047944423,0.794062,4,4
0.35354263,0.14892684,0.06697479,0.06712776,0.36342794,0,4
0.18359359,0.10874866,0.054021373,0.054040823,0.59959555,4,4
0.40178844,0.1963322,0.08664139,0.08650463,0.22873335,1,0
0.044133138,0.07190588,0.037359446,0.04179489,0.8048067,4,4
0.042135064,0.03753613,0.05538981,0.038754348,0.82618463,4,4
0.2021153,0.48914695,0.06617687,0.074214175,0.16834667,1,1
0.09058821,0.24967982,0.052276406,0.052227583,0.555228,4,4
0.20020382,0.45809418,0.073507816,0.07350156,0.19469258,1,1
0.059819043,0.04369908,0.07520434,0.04148895,0.77978855,4,4
0.15918508,0.5154986,0.093140066,0.072735935,0.15944034,1,1
0.074996315,0.044495918,0.044761624,0.04221987,0.79352623,4,4
0.043696832,0.037874017,0.03976914,0.038028914,0.84063107,4,4
0.15000205,0.13037542,0.06482677,0.059523094,0.59527266,4,4
0.04152369,0.038688798,0.044030104,0.03843677,0.8373206,4,4
0.14743045,0.56295276,0.08704966,0.06309593,0.1394712,3,1
0.07288848,0.046142794,0.058973014,0.0443922,0.7776035,4,4
0.15104392,0.45278737,0.09757484,0.08234525,0.21624857,1,1
0.049944956,0.1963793,0.038944345,0.036536764,0.67819464,4,4
0.07235081,0.04319534,0.0770967,0.047801107,0.75955606,4,4
0.07256937,0.04257366,0.0849396,0.05083858,0.74907875,4,4
0.3638487,0.28965786,0.069712006,0.10622525,0.17055622,0,0
0.17888702,0.4970877,0.064764015,0.06834836,0.19091293,0,1
0.13645779,0.5240915,0.10485762,0.0643975,0.17019562,0,1
0.21648854,0.40924746,0.104027465,0.08294003,0.18729651,1,1
0.041199625,0.037881423,0.042564183,0.038069382,0.8402854,4,4
0.061642636,0.04508101,0.047180466,0.0428026,0.8032933,4,4
0.058230415,0.04410065,0.0520509,0.07297901,0.77263904,4,4
0.038520336,0.037900157,0.038230587,0.038117345,0.8472315,4,4
0.0396115,0.07666344,0.036487877,0.036430277,0.8108069,4,4
0.040508796,0.037893414,0.041331463,0.039204683,0.8410617,4,4
0.39564633,0.27964228,0.08331196,0.083784744,0.15761474,1,0
0.055262055,0.04592378,0.04794976,0.04415908,0.80670536,4,4
0.04082229,0.03824814,0.040586237,0.03826389,0.84207946,4,4
0.43002903,0.22192818,0.069690555,0.06923089,0.2091213,0,0
0.16421448,0.1245714,0.05565093,0.054917593,0.6006456,4,4
0.38978866,0.25602767,0.07361033,0.07673932,0.203834,0,0
0.0406064,0.037973084,0.04099652,0.038105257,0.8423187,4,4
0.04050202,0.03790787,0.0425939,0.03812411,0.8408721,4,4
0.04054498,0.037940595,0.041225314,0.038180187,0.8421089,4,4
0.1588715,0.15803273,0.067086965,0.06689382,0.54911494,4,4
0.15322912,0.5542958,0.0628867,0.070751555,0.15883687,1,1
0.22911021,0.3527484,0.10188782,0.08714836,0.22910517,1,1
0.038338214,0.03767107,0.038529795,0.043350484,0.8421104,4,4
0.47819677,0.20228383,0.0680885,0.07322807,0.17820278,0,0
0.43082726,0.19190855,0.083296396,0.08327519,0.21069263,0,0
0.2343136,0.35379896,0.09466084,0.08732315,0.22990346,0,1
0.49942726,0.19073321,0.06793783,0.07130889,0.17059278,0,0
0.038627505,0.037871785,0.038724493,0.03817893,0.84659725,4,4
0.038627505,0.037871785,0.038724493,0.03817893,0.84659725,4,4
0.35778978,0.28868803,0.09260063,0.09674604,0.16417551,0,0
0.03989914,0.03795436,0.038651746,0.038341586,0.84515315,4,4
0.039197866,0.037852373,0.038547885,0.03823856,0.84616333,4,4
0.04363005,0.03783648,0.04074418,0.037991226,0.83979803,4,4
0.25292692,0.27059028,0.107142515,0.08881883,0.28052148,1,4
0.050215907,0.087713405,0.045763317,0.037696358,0.778611,4,4
0.13325736,0.47494647,0.10738582,0.08566576,0.19874457,1,1
0.039986875,0.03796388,0.03826425,0.038311955,0.84547305,4,4
0.03844342,0.037904773,0.03819294,0.03811027,0.84734863,4,4
0.04834584,0.03846152,0.04198437,0.038522046,0.83268625,4,4
0.2511583,0.353054,0.09219088,0.083571285,0.22002554,0,1
0.052428007,0.037738357,0.04132814,0.037869725,0.8306358,4,4
0.15767251,0.5075059,0.07251885,0.07240438,0.18989839,1,1
0.058825135,0.066508316,0.04453446,0.03885047,0.7912816,4,4
0.06342106,0.04534783,0.045691032,0.0428176,0.80272245,4,4
0.13460825,0.51280004,0.08245233,0.06608417,0.2040552,1,1
0.04362117,0.037808433,0.04137582,0.0380191,0.83917546,4,4
0.38442367,0.25025576,0.07828006,0.092719816,0.1943207,1,0
0.08661325,0.07018671,0.034815047,0.034699023,0.77368593,4,4
0.084527545,0.06888776,0.03417072,0.034056854,0.77835715,4,4
0.03858415,0.037912726,0.038330704,0.038079504,0.8470929,4,4
0.039862897,0.07699703,0.036509324,0.036404204,0.81022656,4,4
0.063225396,0.045503546,0.046479445,0.04267683,0.8021148,4,4
0.057069913,0.045584273,0.04765539,0.04399378,0.8056966,4,4
0.05904264,0.07978879,0.042198487,0.039348923,0.7796212,4,4
0.17024085,0.11496827,0.058010284,0.057918712,0.5988619,4,4
0.04376658,0.037818383,0.038044788,0.038137395,0.8422328,4,4
0.057201814,0.045504753,0.047524285,0.04391702,0.8058521,4,4
0.16845602,0.51755893,0.10612932,0.06411825,0.14373744,1,1
0.040267807,0.037812866,0.04510368,0.03805088,0.8387648,4,4
0.038854785,0.03787074,0.03856659,0.03813392,0.84657395,4,4
0.1811057,0.5703711,0.055132262,0.075378075,0.11801289,1,1
0.03829432,0.03767778,0.038693372,0.043074086,0.8422604,4,4
0.07303214,0.06317667,0.032791134,0.032837264,0.7981628,4,4
0.03852627,0.037905995,0.03813293,0.038072735,0.84736204,4,4
0.041050985,0.06595404,0.036868375,0.036864508,0.8192621,4,4
0.038821436,0.038079992,0.038495056,0.045301236,0.8393023,4,4
0.042644985,0.061397243,0.03709746,0.03704562,0.8218147,4,4
0.17111823,0.115292,0.0566093,0.05651994,0.6004605,4,4
0.17084979,0.114457496,0.05619955,0.056110837,0.6023823,4,4
0.10660763,0.07672708,0.03493423,0.03487909,0.746852,4,4
0.3992629,0.2590385,0.073245145,0.0771982,0.19125523,4,0
0.041007455,0.08643217,0.036071956,0.035968095,0.80052036,4,4
0.041089024,0.076334596,0.03648602,0.03638097,0.80970937,4,4
0.038919207,0.03764864,0.037927408,0.043895707,0.84160906,4,4
0.03843178,0.037696164,0.04328272,0.037917864,0.84267145,4,4
0.050938446,0.1310131,0.031411026,0.03146894,0.7551685,4,4
0.12650597,0.5770194,0.065468095,0.069178335,0.1618282,1,1
0.13052318,0.50504816,0.06786098,0.07096344,0.22560427,4,1
0.037166193,0.1303163,0.03447534,0.034314945,0.76372725,4,4
0.038455322,0.037904844,0.03818151,0.038122058,0.8473363,4,4
0.042968143,0.062326003,0.03692311,0.03730442,0.8204783,4,4
0.19612911,0.4997737,0.0642489,0.07624987,0.16359837,1,1
0.05997208,0.062257715,0.03240464,0.032506466,0.8128591,4,4
0.038571216,0.037900016,0.038126912,0.038173463,0.84722835,4,4
0.1236837,0.1360496,0.058522586,0.07874763,0.60299647,4,4
0.040912826,0.067396015,0.036856264,0.036908906,0.817926,4,4
0.29252443,0.33714443,0.08048275,0.11206908,0.17777932,0,1
0.041870814,0.06508378,0.03709278,0.038541704,0.8174109,4,4
0.1870507,0.5087252,0.06628023,0.070535704,0.16740812,1,1
0.16050258,0.44385654,0.067807436,0.11790193,0.20993154,3,1
0.037842795,0.03719459,0.037417263,0.056086272,0.83145905,4,4
0.14868544,0.46163794,0.065306135,0.07221582,0.25215468,4,1
0.038571607,0.0379004,0.0381273,0.038163785,0.84723693,4,4
0.040480632,0.08536177,0.03609285,0.036035877,0.8020289,4,4
0.041042816,0.064265445,0.036940675,0.036882363,0.8208687,4,4
0.04432919,0.070925534,0.03653,0.036472335,0.8117429,4,4
0.2599609,0.35345677,0.085026845,0.09236172,0.20919375,4,1
0.040935915,0.07164335,0.0377106,0.03668763,0.81302243,4,4
0.12201052,0.1409073,0.06024819,0.06015309,0.61668086,4,4
0.15606667,0.5287503,0.08039717,0.075998664,0.15878718,1,1
0.061820075,0.045644898,0.045505207,0.04291134,0.80411845,4,4
0.19129847,0.3359599,0.0794545,0.07777606,0.3155111,4,1
0.042731605,0.037937127,0.04485392,0.0394666,0.8350107,4,4
0.040366754,0.0378093,0.0432717,0.0393575,0.8391947,4,4
0.37224492,0.1504402,0.07798913,0.06291502,0.33641067,0,0
0.05351363,0.06824189,0.046967525,0.037889425,0.79338753,4,4
0.122646905,0.55283445,0.10242354,0.062180724,0.15991436,2,1
0.05877729,0.0784838,0.044223323,0.039294966,0.77922064,4,4
0.061090313,0.044574272,0.06041552,0.044545796,0.78937405,4,4
0.06314146,0.04585151,0.0466075,0.04265702,0.80174255,4,4
0.3350552,0.25377965,0.09155184,0.07979613,0.23981714,0,0
0.05331703,0.07129118,0.04586382,0.037818514,0.7917094,4,4
0.3413714,0.1651752,0.06572617,0.06562242,0.36210486,1,4
0.45927724,0.21384339,0.06602496,0.071236044,0.18961836,1,0
0.14546718,0.4413565,0.09551995,0.0738184,0.24383792,1,1
0.060613222,0.044966817,0.049316764,0.04269257,0.80241066,4,4
0.044859305,0.24874495,0.03946448,0.03421838,0.6327129,4,4
0.157709,0.52585906,0.09279751,0.07235149,0.15128294,2,1
0.40769812,0.22738975,0.10665144,0.08385802,0.1744027,1,0
0.24110565,0.300458,0.13196677,0.09909115,0.22737844,1,1
0.14063823,0.45148998,0.08709204,0.08133648,0.23944326,1,1
0.26436833,0.2971046,0.1261282,0.09833844,0.21406046,0,1
0.11494447,0.5336452,0.07465687,0.06985977,0.20689367,1,1
0.21950755,0.34332627,0.12825698,0.092666574,0.21624264,0,1
0.13156618,0.4917252,0.079595014,0.07515619,0.22195737,1,1
0.13912578,0.44432405,0.12004013,0.065475374,0.2310347,0,1
0.15297538,0.40724182,0.08344124,0.1437805,0.21256103,4,1
0.04444,0.1520021,0.038611613,0.051562577,0.7133837,4,4
0.13536261,0.50921816,0.08374794,0.07478313,0.19688821,1,1
0.1265667,0.55939764,0.08494226,0.06602003,0.16307342,1,1
0.04222409,0.036172383,0.07014873,0.05179366,0.79966116,4,4
0.12580061,0.5622959,0.084804505,0.06630211,0.16079687,1,1
0.09946315,0.3583638,0.053251736,0.05316768,0.4357537,1,4
0.15669172,0.55047023,0.0762445,0.06652458,0.15006903,1,1
0.19469714,0.18031076,0.0627966,0.06269748,0.49949798,0,4
0.09103293,0.29840308,0.054983508,0.050693724,0.50488675,1,4
0.19861153,0.3259727,0.12328557,0.07938225,0.27274793,0,1
0.25511706,0.35628545,0.086231396,0.07984894,0.22251713,4,1
0.15344329,0.3343602,0.2757107,0.0699278,0.166558,1,1
0.15222219,0.4653098,0.093192436,0.08166572,0.20760989,4,1
0.060947116,0.81830084,0.0263269,0.0100344485,0.0843907,1,1
0.009808651,0.12406117,0.0037017018,0.0020089466,0.8604196,4,4
0.009869836,0.13044275,0.03970668,0.003856817,0.8161239,4,4
0.03947936,0.31366932,0.08374934,0.009274302,0.5538277,4,4
0.32255086,0.60253227,0.007710636,0.016822178,0.050384067,1,1
0.0014727197,0.0028547049,0.0006993984,0.00040604363,0.99456716,4,4
0.1935004,0.06856138,0.0040554143,0.005237946,0.72864485,4,4
0.44431728,0.38487732,0.007269706,0.020800179,0.14273551,1,0
0.0034193378,0.004154327,0.012159478,0.0014846751,0.97878224,4,4
0.031372897,0.07574644,0.0020330732,0.011348762,0.87949884,4,4
0.38286635,0.35163048,0.010227609,0.01825867,0.2370169,0,0
0.004726978,0.010357737,0.00035592058,0.00054112694,0.98401827,4,4
0.0038772358,0.0036935236,0.0023673202,0.0023219397,0.98774,4,4
0.0015815365,0.0013647921,0.00020604563,0.0003305039,0.99651706,4,4
0.08342823,0.6828663,0.036758613,0.012033,0.1849139,4,1
0.6642923,0.27830908,0.0031318225,0.00884424,0.045422554,0,0
0.0021293382,0.0012963146,0.00019296398,0.00040427397,0.9959771,4,4
0.5807406,0.08241093,0.08283168,0.021642834,0.23237397,0,0
0.0014339859,0.000507466,0.002187432,0.00069487974,0.9951762,4,4
0.0031095485,0.00921352,0.00021849391,0.00033197884,0.9871265,4,4
0.001845396,0.00073847343,0.00025039027,0.00076306006,0.99640274,4,4
0.0068725594,0.005549938,0.0002576157,0.00044964402,0.9868702,4,4
0.10671847,0.7109167,0.015692525,0.009395383,0.15727691,1,1
0.00057097443,0.0019858435,0.0005604541,0.00031177356,0.99657094,4,4
0.001199872,0.0041501736,0.0009370622,0.00069424795,0.99301857,4,4
0.00056400103,0.002317758,0.0022802355,0.00033800054,0.99450004,4,4
0.5740909,0.093911074,0.23246807,0.05586613,0.043663766,2,0
0.1784156,0.6780058,0.006314438,0.012677468,0.12458672,0,1
0.599068,0.1659722,0.16313344,0.006549699,0.06527668,1,0
0.0032639261,0.0013924675,0.0070161344,0.00046555206,0.9878619,4,4
0.002594571,0.001158635,0.0070805578,0.00046479958,0.98870146,4,4
0.0025520201,0.0025656272,0.0016880544,0.00062904163,0.9925653,4,4
0.024462346,0.7829037,0.09849663,0.007292285,0.086845025,1,1
0.0006038128,0.0029396436,0.0021821246,0.0005059022,0.9937686,4,4
0.0013973969,0.00071277295,0.0012626873,0.0003445279,0.99628264,4,4
0.001775816,0.0016340093,0.0007819006,0.00087100343,0.9949373,4,4
0.3133408,0.095063075,0.012440234,0.011276319,0.56787956,4,4
0.0012844211,0.0004663756,0.0001607,0.000326015,0.99776244,4,4
0.005983855,0.051901054,0.00037334452,0.00067356037,0.9410681,4,4
0.0047120145,0.025261924,0.00027764388,0.0005009046,0.9692476,4,4
0.00057577,0.0011948142,0.00082973123,0.00046077458,0.99693894,4,4
0.0005269292,0.0013028645,0.0010775168,0.00046063273,0.99663204,4,4
0.0008681914,0.0020796524,0.00019667277,0.00035439845,0.9965011,4,4
0.10727234,0.6907533,0.12353633,0.010017817,0.068420224,1,1
0.039700363,0.763461,0.04580493,0.009793791,0.1412399,1,1
0.24771267,0.67309284,0.0050801146,0.01989355,0.05422079,0,1
0.0010838872,0.001498497,0.00019522745,0.00037843158,0.99684393,4,4
0.0035387261,0.004371488,0.00017392368,0.0002592607,0.99165666,4,4
0.001075856,0.0021740631,0.0018473271,0.00041366403,0.9944891,4,4
0.0033224665,0.00557337,0.004725705,0.0010604578,0.98531795,4,4
0.22268945,0.06163312,0.0029875818,0.0065592774,0.70613056,4,4
0.0064520393,0.0070507685,0.00028516274,0.0003802995,0.98583174,4,4
0.0006774126,0.0020397676,0.00021760093,0.0002879768,0.99677724,4,4
0.030467037,0.20630336,0.01056734,0.004015342,0.748647,4,4
0.0014893189,0.01625233,0.00021179453,0.00039160065,0.981655,4,4
0.5146378,0.31149068,0.006853479,0.020945372,0.14607266,0,0
0.37541577,0.17621867,0.0057201358,0.017481687,0.4251637,4,4
0.47745883,0.34349474,0.008078904,0.027051909,0.14391556,1,0
0.0013334675,0.0017672618,0.001166043,0.00045174448,0.9952815,4,4
0.00044359275,0.0006840999,0.00010670753,0.00028143064,0.9984842,4,4
0.000736011,0.00145663,0.00880425,0.00040246546,0.9886007,4,4
0.0049761473,0.0037784341,0.00027308817,0.00036236556,0.99060994,4,4
0.00035523856,0.0004098644,0.00011637182,0.0001675914,0.99895096,4,4
0.31234264,0.5941455,0.0051584276,0.016274549,0.07207888,0,1
0.0022614219,0.002823473,0.00011182152,0.00019547174,0.9946078,4,4
0.43050557,0.3213731,0.008591705,0.02338407,0.21614552,0,0
0.0029639811,0.0036544409,0.00023965458,0.00043236712,0.9927095,4,4
0.2176108,0.43560448,0.009272593,0.041259274,0.29625282,0,1
0.23114945,0.39010233,0.007925666,0.17830837,0.19251423,0,1
0.0464563,0.0063589015,0.00056954304,0.0013767513,0.94523853,4,4
0.07750998,0.06788661,0.00134284,0.0037546551,0.84950596,4,4
0.00048317332,0.0012839348,0.00016890014,0.000283454,0.9977805,4,4
0.00061108347,0.0014622896,0.00019236263,0.00032282952,0.99741143,4,4
0.50952625,0.2781842,0.0064768023,0.017215045,0.18859774,0,0
0.31607896,0.4200582,0.15113474,0.010624157,0.102103986,1,1
0.69586325,0.10848803,0.0038463003,0.007263966,0.18453845,0,0
0.000874239,0.00094709964,0.0001644711,0.0002970324,0.99771714,4,4
0.00042611017,0.0003411981,8.096718e-05,0.00013053023,0.9990212,4,4
0.0015169451,0.0017902384,0.0006387631,0.00038092374,0.9956731,4,4
0.0015614323,0.0017294585,0.0005701471,0.00039209504,0.9957469,4,4
0.69437075,0.22702429,0.004529314,0.025070459,0.049005244,0,0
0.00930407,0.002368319,0.0034902375,0.0013127518,0.98352456,4,4
0.7884909,0.10548832,0.03466904,0.007967289,0.06338449,0,0
0.0007238767,0.00039269569,0.00016156348,0.0002453046,0.99847656,4,4
0.51142865,0.24588314,0.008409567,0.022100238,0.2121784,4,0
0.3508746,0.26435462,0.007882397,0.020714842,0.35617357,1,4
0.023656745,0.033822037,0.0024133858,0.001467018,0.93864083,4,4
0.0016386299,0.0024216734,9.138128e-05,0.00020055233,0.9956477,4,4
0.1733384,0.553792,0.048127588,0.010690148,0.2140519,1,1
0.0005748726,0.0022062226,0.0018550329,0.0005486759,0.9948152,4,4
0.40829083,0.47136799,0.007557569,0.017429834,0.095353805,0,1
0.0015220777,0.0017304224,0.0002676995,0.00041775146,0.996062,4,4
0.00041000106,0.00061944453,8.82788e-05,0.00023462075,0.99864763,4,4
0.22274579,0.08834622,0.0024750142,0.0046410947,0.6817919,4,4
0.1185553,0.03700806,0.0012296386,0.0023057924,0.84090114,4,4
0.0011401895,0.0005844719,0.00021030115,0.0008568761,0.9972082,4,4
0.30142385,0.29372483,0.01147929,0.08876434,0.30460766,0,4
0.0007429123,0.0013858909,0.00020474024,0.0002578445,0.99740857,4,4
0.20907901,0.69009423,0.0061766207,0.019897431,0.07475269,0,1
0.003467843,0.010322888,0.00019858037,0.00039333806,0.98561734,4,4
0.5221819,0.35719135,0.0037071314,0.0075525614,0.10936702,0,0
0.31597096,0.51633817,0.0079222,0.06902978,0.09073892,0,1
0.5370885,0.32257494,0.0054364027,0.0267776,0.108122535,1,0
0.0017357416,0.008739681,0.00018504391,0.00027616753,0.9890633,4,4
0.06825511,0.8340271,0.0046746545,0.018886412,0.07415674,1,1
0.003277141,0.013439192,0.00027640886,0.00111674,0.98189056,4,4
0.061642412,0.81859654,0.0039764387,0.013592697,0.10219196,1,1
0.12537487,0.71116775,0.0101807,0.031404972,0.12187166,1,1
0.06756165,0.019159041,0.0008254147,0.0024726077,0.9099813,4,4
0.004680697,0.0073003634,0.0002847681,0.0005242062,0.9872099,4,4
0.0016651233,0.006848077,0.00021816006,0.0002695125,0.9909991,4,4
0.0016614421,0.008087989,0.00023571633,0.000308009,0.9897069,4,4
0.0003816756,0.0003509226,9.2743016e-05,0.00014045509,0.99903417,4,4
0.04793906,0.89618134,0.0040054414,0.014106342,0.037767805,1,1
0.00030394038,0.0009300585,0.00012827091,0.00018377305,0.998454,4,4
0.7264004,0.15565552,0.004009219,0.013895175,0.10003971,3,0
0.0026804833,0.0019885001,0.00010734916,0.0002061437,0.9950176,4,4
0.0029345853,0.0023583262,0.00011435147,0.00021959032,0.9943731,4,4
0.00090260705,0.0018187264,0.00024666623,0.0003056799,0.9967263,4,4
0.0001888765,0.0004926469,9.3269635e-05,0.00012422609,0.99910104,4,4
0.002581382,0.0030689316,0.00015253818,0.00026519666,0.993932,4,4
0.0038690637,0.0041468516,0.00022619814,0.00035238574,0.9914055,4,4
0.0030319039,0.0037527508,0.00021180346,0.00032996063,0.9926736,4,4
0.008834955,0.011249806,0.00046472723,0.008766862,0.97068363,4,4
0.012669572,0.002570767,0.00026544658,0.0020578543,0.9824364,4,4
0.003434755,0.005823656,0.0002238078,0.00040459243,0.99011314,4,4
0.0007064956,0.00093335763,0.0001766032,0.00049046875,0.997693,4,4
0.0014445925,0.0034149394,0.00017495055,0.00048587896,0.99447966,4,4
0.0005581712,0.0004112069,0.000117938594,0.00016897001,0.9987437,4,4
0.0004303145,0.000981563,0.00010184685,0.00018706295,0.9982992,4,4
0.13140912,0.4169811,0.0104592405,0.28587312,0.1552774,3,1
0.2783039,0.37916738,0.007523386,0.025511676,0.30949372,4,1
0.003555584,0.0075493422,0.00027587035,0.00040525186,0.9882139,4,4
0.0027666804,0.0045391214,0.00019478072,0.00028613166,0.9922133,4,4
0.00062684674,0.00072090054,0.00015327765,0.00021341832,0.9982856,4,4
0.077521555,0.15201785,0.0023393203,0.0057528643,0.76236844,4,4
0.00042385535,0.00051170564,0.00012893959,0.00035675676,0.9985788,4,4
0.009045609,0.004572829,0.00023278772,0.0005311172,0.9856177,4,4
0.0008263207,0.0026000582,0.0011823558,0.0005151725,0.9948761,4,4
0.0035566946,0.007628249,0.0003197399,0.00054570916,0.9879496,4,4
0.034800667,0.81643116,0.010891537,0.010856501,0.12702012,1,1
0.030899365,0.051668976,0.0025119837,0.0015659091,0.91335374,4,4
0.0034164356,0.016729556,0.003419842,0.0033287879,0.9731054,4,4
0.0005095186,0.0019459017,0.00507163,0.00047227886,0.9920007,4,4
0.090122186,0.78324217,0.016301617,0.0076760147,0.10265807,1,1
0.6547342,0.16058081,0.004831295,0.011508907,0.16834478,1,0
0.13747402,0.036133606,0.0016729964,0.0039853416,0.8207341,4,4
0.0010860194,0.0029494013,0.006215896,0.00056381535,0.98918486,4,4
0.0010703714,0.0012443969,0.0002057999,0.0005500934,0.99692935,4,4
0.14821321,0.5802811,0.059279926,0.012309729,0.19991605,1,1
0.009677524,0.10656209,0.012928931,0.0015536867,0.8692778,4,4
0.10783866,0.47559723,0.041035138,0.012779412,0.36274955,1,1
0.0007027508,0.003295642,0.00078487967,0.00053504086,0.99468166,4,4
0.0011050572,0.0039610434,0.0017510994,0.00047991402,0.99270284,4,4
0.042767834,0.7989564,0.03541951,0.007997217,0.114859104,1,1
0.13427752,0.7092677,0.064189754,0.009651712,0.08261336,1,1
0.31635556,0.34573784,0.054745443,0.022229929,0.26093128,2,1
0.14045241,0.7561561,0.022861967,0.0096227415,0.07090677,1,1
0.06335303,0.8411094,0.019800503,0.016501108,0.059235986,1,1
0.04970485,0.837699,0.021518992,0.013934546,0.0771426,1,1
0.004360796,0.13742751,0.0024001333,0.0017118711,0.85409975,4,4
0.13386899,0.7782833,0.011513392,0.0076917307,0.06864257,2,1
0.117773116,0.7597512,0.02749751,0.0075085787,0.08746959,1,1
0.018203452,0.73268706,0.00897172,0.0028199877,0.23731783,1,1
0.13040228,0.7216942,0.0044639437,0.008464135,0.13497545,1,1
0.028627895,0.9094769,0.008852271,0.0052611036,0.04778188,1,1
0.016254203,0.35212123,0.0064237313,0.00540894,0.61979187,1,4
0.034588274,0.730542,0.013518878,0.008497929,0.21285287,1,1
0.035495576,0.83584565,0.0714686,0.004392717,0.052797418,1,1
0.05224308,0.8884909,0.0054226187,0.0033533005,0.05049008,1,1
0.69154567,0.17572431,0.0371393,0.010890352,0.08470035,0,0
0.6615642,0.1937452,0.0041071633,0.017375395,0.12320807,1,0
0.5396822,0.20165013,0.0041356636,0.017495966,0.23703597,0,0
0.6494985,0.27283168,0.0043949783,0.006898658,0.06637618,0,0
0.0035862855,0.0351738,0.01193924,0.0016192027,0.9476814,4,4
0.1413202,0.5138662,0.22773078,0.021452928,0.095629916,4,1
0.0020828422,0.0017595489,0.00064072036,0.000413129,0.9951037,4,4
0.02442717,0.03229836,0.0012146989,0.0036565545,0.93840325,4,4
0.00061410817,0.0010318073,0.000101398946,0.00019012358,0.99806255,4,4
0.00033332015,0.00037421353,5.4431755e-05,0.000102059836,0.99913603,4,4
0.0037173682,0.0021601617,0.007760187,0.0012083246,0.985154,4,4
0.60458505,0.27173302,0.004064027,0.046587314,0.07303059,1,0
0.001100192,0.0011524828,0.000114407754,0.0001892133,0.9974437,4,4
0.0012856848,0.0012248871,0.00012159537,0.00020110035,0.9971667,4,4
0.0035307917,0.0054325745,0.0002006789,0.0003255731,0.9905104,4,4
0.0013292601,0.0010881962,0.0012011417,0.00058083556,0.99580055,4,4
0.0007974109,0.0010978258,0.0012536966,0.00027030517,0.9965808,4,4
0.0030614627,0.002356174,0.0045447005,0.00072835415,0.9893093,4,4
0.0023115557,0.000859619,0.0001347839,0.00022522276,0.9964688,4,4
0.07951025,0.073310345,0.0033461347,0.008547152,0.8352861,4,4
0.00056846597,0.00025585567,5.7140973e-05,0.000108988665,0.9990095,4,4
0.7432115,0.13577645,0.004208474,0.0074567143,0.109346844,0,0
0.000688357,0.0011082947,0.00015602236,0.00030758113,0.9977398,4,4
0.0007899465,0.0011630186,0.00016372623,0.00032276846,0.9975605,4,4
0.003994364,0.0035047976,0.0052705724,0.0006820337,0.98654824,4,4
0.00074165175,0.0012987793,0.0012963917,0.00026116773,0.996402,4,4
0.04566064,0.11320031,0.0016801936,0.0038839977,0.8355748,4,4
0.1657083,0.70943373,0.006052154,0.030703003,0.0881028,1,1
0.0007287466,0.0011559429,0.000118324075,0.00022568712,0.9977714,4,4
0.0027271253,0.0020163213,0.00011883414,0.00022974402,0.9949079,4,4
0.0006909834,0.00053074054,9.97404e-05,0.00028473831,0.99839383,4,4
0.022902643,0.8242796,0.025751712,0.003942878,0.123123124,1,1
0.3231909,0.59622395,0.003866428,0.021639742,0.05507896,1,1
0.66653764,0.1664294,0.0052185752,0.014203059,0.14761138,0,0
0.0067938906,0.10628563,0.0077728527,0.0011090955,0.8780385,4,4
0.52881354,0.15703057,0.24286081,0.02111176,0.050183337,2,0
0.004223855,0.0017073937,0.00013134941,0.00052909186,0.9934083,4,4
0.006908526,0.007740994,0.00019056388,0.00029912192,0.9848608,4,4
0.283299,0.22375801,0.09084609,0.03572267,0.36637428,0,4
0.2387267,0.21317725,0.14855847,0.034033462,0.36550415,3,4
0.00093408296,0.0007998093,0.0014448524,0.00027177233,0.9965495,4,4
0.5633943,0.32740664,0.031321183,0.010951789,0.06692611,2,0
0.01782848,0.045864295,0.0011838253,0.0022562824,0.9328671,4,4
0.002651014,0.0014599682,0.00060533104,0.00067967194,0.99460405,4,4
0.25138015,0.28400376,0.010928344,0.023944944,0.4297428,0,4
0.14461468,0.7007855,0.0047295443,0.01634136,0.13352893,1,1
0.13041249,0.79336506,0.003596521,0.013316465,0.059309445,1,1
0.0006257547,0.001514346,0.0001126519,0.00021571496,0.99753153,4,4
0.00043109403,0.0022888028,0.0015809028,0.00035914022,0.9953401,4,4
0.09087097,0.66567546,0.05054038,0.00958638,0.1833268,1,1
0.1368686,0.6615933,0.031579863,0.009361691,0.16059649,1,1
0.27578166,0.5573131,0.032669034,0.010498579,0.12373767,1,1
0.0033939106,0.0028718032,0.0014432581,0.00060237787,0.99168867,4,4
0.05611217,0.7845685,0.03262292,0.010522522,0.116173916,1,1
0.00035412583,0.0013518495,0.00063710136,0.00026876215,0.9973882,4,4
0.0005052352,0.0015231598,0.0015200985,0.00027019682,0.99618137,4,4
0.15363276,0.105191894,0.0028240806,0.004432872,0.73391837,4,4
0.0004499222,0.00053712435,7.121705e-05,0.00013047716,0.99881124,4,4
0.079888,0.74211496,0.02561326,0.020969313,0.13141447,1,1
0.46615466,0.40532997,0.064522095,0.010241539,0.053751677,0,0
0.0053448346,0.0030509678,0.00016325265,0.0002562524,0.99118465,4,4
0.01550143,0.0054246173,0.00030953152,0.00048586208,0.97827864,4,4
0.011691001,0.024134438,0.00036750443,0.0009012515,0.96290576,4,4
0.00053501595,0.0010395251,0.0025488292,0.0002675933,0.995609,4,4
0.00040079697,0.0010405116,0.0017369295,0.00026784727,0.9965539,4,4
0.003996905,0.0010170046,0.001620372,0.00037126604,0.9929945,4,4
0.0058518806,0.0058417325,0.000304355,0.00050692825,0.9874951,4,4
0.002283521,0.001007248,0.0008559799,0.0004814196,0.9953719,4,4
0.0006894139,0.0015359677,0.00012028347,0.00024866758,0.9974057,4,4
0.00074782735,0.0016661088,0.00013047496,0.00026973695,0.9971859,4,4
0.007060262,0.003381842,0.0033309772,0.000769354,0.98545754,4,4
0.018199403,0.0053584273,0.00026952845,0.00042307048,0.9757496,4,4
0.014472201,0.0053787697,0.00027055168,0.00042467657,0.97945386,4,4
0.006189985,0.12811978,0.0051721237,0.001308463,0.85920966,4,4
0.00071817206,0.0013865597,0.00110884,0.00030722475,0.9964792,4,4
0.0011740115,0.0033308463,0.0019760053,0.0007380273,0.9927811,4,4
0.0006648795,0.0014021333,0.00013258551,0.00021510123,0.9975853,4,4
0.28410682,0.5258825,0.00719189,0.022622366,0.16019644,1,1
0.09174209,0.21557522,0.0041283364,0.006697641,0.6818567,4,4
0.16403642,0.51693946,0.0057558874,0.022924915,0.2903433,4,1
0.16278672,0.3072233,0.0056388387,0.00943272,0.51491845,4,4
0.0012600486,0.0029307515,0.0015251315,0.000285308,0.99399877,4,4
0.6162527,0.18661442,0.0036549286,0.009449834,0.18402809,0,0
0.0037056503,0.0028091534,0.0013199648,0.0006789421,0.9914863,4,4
0.0011122258,0.0005532197,0.00011365288,0.00024299789,0.9979779,4,4
0.0017739803,0.0006405308,0.0001315901,0.0002813487,0.99717253,4,4
0.5021679,0.33905786,0.07231867,0.02549042,0.060965177,0,0
0.0006731723,0.00083773845,0.000120423065,0.00023278859,0.9981358,4,4
0.002621853,0.00063476147,0.0012867681,0.00027113105,0.99518555,4,4
0.0003055257,0.00030862784,6.9178954e-05,0.0003111701,0.9990055,4,4
0.0005947542,0.0013241991,0.00011274085,0.00017552973,0.99779284,4,4
0.00054576516,0.0012151268,0.00010345455,0.0001610716,0.9979746,4,4
0.46498895,0.25453323,0.009298187,0.015254405,0.25592524,4,0
0.54555714,0.24165241,0.008497371,0.050384432,0.15390861,0,0
0.18355837,0.37982896,0.023177756,0.012590202,0.40084472,1,4
0.0021677148,0.0018755285,0.0010050993,0.0005492137,0.99440247,4,4
0.3507764,0.34360316,0.22542259,0.011774597,0.068423264,1,0
0.008615423,0.0025692573,0.0045734677,0.0008648919,0.983377,4,4
0.5372512,0.2793963,0.006566832,0.02743275,0.14935295,0,0
0.061644714,0.03580242,0.0018312675,0.002963875,0.89775777,4,4
0.043621253,0.0754155,0.0022637357,0.0031078835,0.8755916,4,4
0.7185224,0.18997408,0.022912038,0.012352755,0.05623865,0,0
0.002048738,0.003116231,0.002080726,0.00075060636,0.9920036,4,4
0.19049579,0.6709104,0.006377588,0.016564239,0.11565195,1,1
0.6060406,0.23933011,0.005559482,0.013889709,0.13518012,0,0
0.30831507,0.5166119,0.007484854,0.018336348,0.14925183,1,1
0.00032592294,0.00034235875,5.8037276e-05,0.00027645635,0.9989973,4,4
0.00069361826,0.00040512273,0.00010780892,0.00051353994,0.9982799,4,4
0.00022804124,0.0004943958,5.461373e-05,8.526001e-05,0.99913764,4,4
0.0044062347,0.0020138784,0.00015990422,0.00026223675,0.9931578,4,4
0.0043612313,0.010970974,0.00024623325,0.00041190186,0.9840097,4,4
0.00042827203,0.0003719971,6.523814e-05,8.95655e-05,0.99904495,4,4
0.55958074,0.35859793,0.0042334297,0.013654918,0.06393301,1,0
0.1343805,0.7884842,0.004604849,0.01164678,0.060883638,1,1
0.00044400984,0.00049340003,6.9928574e-05,0.00011565359,0.998877,4,4
0.12585261,0.8007505,0.004424075,0.024168214,0.044804573,1,1
0.0020014027,0.012728007,0.00020372667,0.00032972812,0.9847371,4,4
0.0016717083,0.008912951,0.00017878441,0.00028935948,0.98894715,4,4
0.021994242,0.12986927,0.0018735125,0.0068418575,0.8394211,4,4
0.014697851,0.078337155,0.0012519913,0.003930981,0.90178204,4,4
0.00138885,0.0045010676,0.00011698202,0.00022563113,0.9937675,4,4
0.007052415,0.0029363844,0.00021407363,0.00034061208,0.9894565,4,4
0.120083086,0.74917114,0.0053147697,0.021809308,0.103621684,1,1
0.00025081722,0.0006436175,8.154555e-05,0.00012799952,0.998896,4,4
0.0006906459,0.0029042566,7.058218e-05,0.00027571866,0.9960588,4,4
0.4890163,0.20043084,0.006511893,0.15389512,0.15014583,3,0
0.00020029044,0.00022259937,5.7115765e-05,0.00033100063,0.99918896,4,4
0.001234121,0.013257673,0.00016402568,0.00026547277,0.9850787,4,4
0.0020915442,0.0041631674,0.00012614972,0.0003572482,0.9932619,4,4
0.0005074497,0.0035797916,0.00010629979,0.00020275243,0.9956037,4,4
0.00046473017,0.002997872,8.902003e-05,0.00016979364,0.9962786,4,4
0.00029154387,0.0002891283,9.2246395e-05,0.0010597006,0.9982674,4,4
0.0007577513,0.002679994,8.4920306e-05,0.00014121464,0.9963361,4,4
0.0010784031,0.001226983,9.404102e-05,0.00017937049,0.99742126,4,4
0.0032005187,0.004208722,0.00021467869,0.00035206476,0.99202406,4,4
0.08068849,0.8147753,0.0037365705,0.019740384,0.08105926,1,1
0.00039754985,0.0011607505,0.000111660964,0.0003050838,0.99802494,4,4
0.11839778,0.69143605,0.005919035,0.011891019,0.17235608,1,1
0.053287677,0.7691979,0.019305449,0.009342456,0.14886655,1,1
0.0005425883,0.002635056,0.0007849744,0.00034244428,0.9956949,4,4
0.0008600201,0.0017720012,0.0004871902,0.00028834277,0.99659246,4,4
0.036626633,0.21030125,0.019059507,0.0073187803,0.72669387,4,4
0.000997118,0.0036933604,0.00055379246,0.00028350146,0.9944722,4,4
0.00060240075,0.0036037434,0.00045568295,0.00027662248,0.9950616,4,4
0.14503163,0.7094047,0.024811467,0.012897793,0.10785437,1,1
0.00062180555,0.0013779168,0.00066148804,0.00030085378,0.997038,4,4
0.3300431,0.47607726,0.08834671,0.02627775,0.079255156,0,1
0.0011732244,0.0017045125,0.0007871711,0.00027895678,0.9960561,4,4
0.0013728383,0.019660577,0.0013358478,0.0009552334,0.97667545,4,4
0.022183564,0.8906068,0.015945658,0.0037529233,0.06751103,1,1
0.0026292545,0.07149086,0.0033288405,0.0008470788,0.92170393,4,4
0.113584355,0.5683493,0.033353873,0.013207983,0.27150452,1,1
0.12241109,0.75082976,0.021983273,0.007881283,0.09689457,1,1
0.29520607,0.50254107,0.043108467,0.012630242,0.14651416,1,1
0.001358794,0.0029015236,0.0010446819,0.00025523413,0.99443984,4,4
0.2317594,0.3710028,0.006465752,0.016526656,0.37424543,0,4
0.03071063,0.040898535,0.0011556288,0.002953823,0.9242814,4,4
0.011727583,0.01634339,0.00080746785,0.008907617,0.96221393,4,4
0.004954094,0.20436747,0.0036116126,0.001191956,0.78587484,4,4
0.36349282,0.37336278,0.11340773,0.009871671,0.13986504,2,1
0.46074837,0.17119019,0.31051245,0.0076545207,0.049894445,0,0
0.03244684,0.8853365,0.025408527,0.0041167336,0.052691378,1,1
0.15088823,0.73959476,0.0035837288,0.01028021,0.09565304,1,1
0.029771095,0.88398486,0.012949442,0.0049164207,0.06837821,1,1
0.017414792,0.9270474,0.022104658,0.0045198803,0.028913248,1,1
0.39329138,0.20816389,0.0058369497,0.009162075,0.38354573,0,0
0.6967953,0.23655711,0.0041667544,0.008833201,0.053647585,0,0
0.16525915,0.21156903,0.38630316,0.011105983,0.22576267,0,2
0.3995699,0.051531676,0.17593768,0.015339613,0.35762116,4,0
0.14044158,0.031354327,0.031131305,0.0058275727,0.7912452,0,4
0.1949316,0.50084627,0.06224654,0.07707784,0.16489777,1,1
0.25682908,0.50944686,0.112297766,0.01162942,0.10979682,1,1
0.20766395,0.5183951,0.0938295,0.068256535,0.11185485,0,1
0.41107744,0.2570861,0.004617946,0.017858582,0.30935997,1,0
0.40526614,0.13411927,0.004180855,0.0102445595,0.4461891,0,4
0.077265866,0.24010818,0.019127494,0.009824936,0.6536735,1,4
0.003337555,0.0015615007,0.00029700232,0.00043728433,0.9943666,4,4
0.0010926038,0.0010382329,0.0031821749,0.00058106607,0.99410594,4,4
0.0019075582,0.0024665506,0.0009566828,0.0006051847,0.99406403,4,4
0.1428544,0.8084305,0.002857776,0.0077649043,0.038092375,1,1
0.2702437,0.29613605,0.23097412,0.036500353,0.16614576,2,1
0.023166973,0.021130554,0.017543517,0.0023697398,0.93578917,4,4
0.0013742715,0.0030784921,0.00091243203,0.0010573525,0.99357754,4,4
0.22331588,0.37999293,0.051619,0.06398997,0.28108218,1,1
0.15938424,0.62337476,0.07120239,0.03328969,0.11274887,0,1
0.0016218062,0.002348358,0.0018619742,0.0005934638,0.99357444,4,4
0.0022509126,0.0013862187,0.0003818041,0.00059878366,0.99538225,4,4
0.28916737,0.32480738,0.010667806,0.011934863,0.3634226,4,4
0.0012447314,0.0014354115,0.00097302947,0.0006258207,0.99572104,4,4
0.00093907124,0.0008666662,0.00018013443,0.00028515694,0.997729,4,4
0.0016077958,0.003145716,0.00035647722,0.0011894405,0.9937006,4,4
0.0013439931,0.002889666,0.0003127088,0.0009838464,0.99446976,4,4
0.3144731,0.12508328,0.0062032174,0.013880741,0.5403597,1,4
0.7421656,0.13260932,0.0046728,0.02344962,0.09710265,0,0
0.0008926695,0.00078941154,0.00016441346,0.00041215844,0.99774134,4,4
0.0075748116,0.0046265954,0.00064978603,0.00066535064,0.9864834,4,4
0.011854519,0.0037859303,0.00062366243,0.002297711,0.98143816,4,4
0.3623683,0.26243272,0.21322241,0.057149384,0.10482714,2,0
0.015948938,0.015851602,0.0007093218,0.0021157998,0.96537435,4,4
0.75547653,0.11592258,0.0053201267,0.04407622,0.07920452,0,0
0.04671348,0.80709445,0.11239285,0.008600189,0.025199005,1,1
0.61810154,0.26141816,0.0072275824,0.016063148,0.09718963,0,0
0.0029322878,0.0014377587,0.0009038747,0.000666204,0.9940599,4,4
0.003567615,0.0013283658,0.00028815234,0.00086938613,0.9939465,4,4
0.18980028,0.6867903,0.0064912895,0.014645657,0.10227254,0,1
0.0012382107,0.001279281,0.00028196824,0.0004630128,0.99673754,4,4
0.001472713,0.0025882449,0.0019974313,0.00054687535,0.9933948,4,4
0.007815632,0.039965846,0.004067169,0.0020281055,0.94612324,4,4
0.0017460367,0.0016007047,0.0031170954,0.0009132987,0.99262285,4,4
0.0021908735,0.0014319408,0.00032046906,0.00045384502,0.99560285,4,4
0.004291877,0.001854876,0.0053507057,0.00062777655,0.9878748,4,4
0.0018486156,0.0018460866,0.0019723398,0.00075051654,0.9935824,4,4
0.0020026856,0.0010540884,0.00073881826,0.00058153167,0.99562293,4,4
0.20726915,0.14905402,0.037659492,0.2049248,0.40109256,2,4
0.0013209705,0.0017467812,0.0015399016,0.0022199021,0.99317247,4,4
0.44919047,0.19627982,0.009564492,0.03415815,0.31080708,4,0
0.42253974,0.21178393,0.010319991,0.036856294,0.31850004,4,0
0.10260195,0.07126235,0.0037560698,0.010871222,0.8115084,4,4
0.08430803,0.3666468,0.008676889,0.045052733,0.49531552,0,4
0.010345728,0.026205089,0.0013659246,0.0026500677,0.95943314,4,4
0.0012176422,0.0027899859,0.00039540898,0.00079576194,0.99480116,4,4
0.0021623492,0.0012501143,0.00032732807,0.0006299385,0.99563026,4,4
0.001823759,0.002549171,0.0010024392,0.0009695305,0.9936551,4,4
0.0035520045,0.0011663124,0.0014570975,0.00039246993,0.9934321,4,4
0.0038950322,0.0015376279,0.0012893821,0.0005707554,0.9927072,4,4
0.6799774,0.21238765,0.007054306,0.020125499,0.08045514,0,0
0.0026525815,0.0026854842,0.00036244094,0.0006498878,0.99364966,4,4
0.0021678028,0.0014620024,0.0022168239,0.0004594662,0.9936939,4,4
0.022169095,0.0907315,0.008197858,0.0035660693,0.8753355,4,4
0.42465395,0.22025271,0.007869022,0.017032038,0.3301923,0,0
0.0014362836,0.0019160925,0.00026903505,0.00074361527,0.995635,4,4
0.0015274956,0.0017344634,0.00025361608,0.0008068277,0.99567765,4,4
0.6364049,0.19016291,0.007504752,0.01652836,0.14939912,0,0
0.5349156,0.3742612,0.0071562347,0.015653903,0.06801303,0,0
0.52144986,0.16281742,0.0077532954,0.01967734,0.28830206,0,0
0.42320743,0.22103964,0.008856915,0.022526495,0.3243695,1,0
0.0014399262,0.0010559153,0.00034816438,0.0003709532,0.99678504,4,4
0.6373407,0.101447634,0.00750678,0.011871518,0.24183336,4,0
0.005446716,0.005695331,0.00046932584,0.00076595467,0.9876226,4,4
0.8073217,0.08444662,0.0044896286,0.013092893,0.09064909,4,0
0.0011898571,0.0022176565,0.00037250775,0.00037561613,0.9958444,4,4
0.0778572,0.75971925,0.004535249,0.00861452,0.14927377,1,1
0.124445334,0.6845352,0.022051709,0.010269835,0.15869793,1,1
0.030396823,0.011936895,0.0014977881,0.0055221803,0.95064634,4,4
0.058906678,0.821478,0.06575891,0.007915272,0.04594116,1,1
0.029553244,0.7820692,0.013289882,0.0080051,0.16708261,1,1
0.00178197,0.0031410204,0.0018221303,0.00078151515,0.99247336,4,4
0.0013178663,0.0016725033,0.0004033303,0.0006148959,0.9959914,4,4
0.13125959,0.80742145,0.005741704,0.020862238,0.034715075,1,1
0.003834669,0.005895297,0.00042313026,0.0010815365,0.98876536,4,4
0.0023895984,0.003185062,0.00030792173,0.00078065024,0.9933368,4,4
0.012347293,0.04172418,0.0014519704,0.0023830533,0.94209355,4,4
0.35070378,0.447574,0.03047787,0.035930444,0.13531391,1,1
0.002483987,0.0014102133,0.00035197084,0.00063498464,0.99511886,4,4
0.0088829305,0.0019785871,0.0019449438,0.0008612329,0.9863323,4,4
0.46154281,0.24732272,0.028203262,0.014087259,0.24884397,0,0
0.0008665776,0.0025278395,0.0003292574,0.0005764649,0.9956999,4,4
0.00084086397,0.0021022682,0.00030773322,0.0004940908,0.99625504,4,4
0.009375593,0.0026148981,0.0016761567,0.0009335019,0.9853998,4,4
0.124357104,0.54037815,0.06066916,0.011688358,0.26290727,1,1
0.11297437,0.7576738,0.044726707,0.015621695,0.06900346,1,1
0.46220753,0.43074596,0.0063805375,0.019753467,0.08091246,1,0
0.022618238,0.016482066,0.001080357,0.001796005,0.9580233,4,4
0.02296571,0.011812894,0.0010684361,0.001908095,0.9622448,4,4
0.0019392128,0.0037232758,0.0008914821,0.00089331483,0.9925527,4,4
0.01774799,0.024800716,0.0033476816,0.0019131965,0.9521904,4,4
0.0012812375,0.0014202227,0.00034245683,0.0005037247,0.99645233,4,4
0.09769196,0.7519128,0.02803019,0.011446929,0.11091819,1,1
0.0015712213,0.0020095794,0.00090102665,0.00072065083,0.99479747,4,4
0.68720466,0.09572976,0.004626074,0.036721006,0.17571853,0,0
0.016278729,0.009213468,0.000811642,0.002723135,0.970973,4,4
0.005926118,0.0036640964,0.0003665646,0.00060548465,0.9894377,4,4
0.0016195566,0.0010064685,0.00033493055,0.0009457188,0.99609333,4,4
0.006165268,0.0042946506,0.00047400597,0.0006376842,0.9884284,4,4
0.0066473526,0.0038065908,0.0004621421,0.0007042774,0.9883796,4,4
0.0038324508,0.0053660953,0.00035304256,0.00047837774,0.98997,4,4
0.47347167,0.47934836,0.004402067,0.012766365,0.030011505,0,1
0.0033945525,0.006458688,0.00044609082,0.0008076541,0.988893,4,4
0.00094015565,0.00068167417,0.00020537843,0.0011803024,0.99699247,4,4
0.001417274,0.0011430476,0.00029721647,0.0016943496,0.99544805,4,4
0.09937949,0.8492774,0.009983388,0.009499371,0.031860415,1,1
0.0034785818,0.014131923,0.0005804112,0.0047194203,0.9770897,4,4
0.08416841,0.8418407,0.0071695014,0.021124953,0.045696504,1,1
0.001980655,0.0072970553,0.00044871002,0.0007503905,0.98952323,4,4
0.6351629,0.16519146,0.009027609,0.01838696,0.1722311,0,0
0.11493391,0.77946836,0.0056373538,0.012154067,0.0878063,1,1
0.007142854,0.011141207,0.00069873914,0.0017407413,0.9792764,4,4
0.0058936137,0.011653392,0.00067074836,0.0021971168,0.9795852,4,4
0.061783288,0.88360673,0.003091545,0.010443482,0.041074935,4,1
0.0005899681,0.0011782029,0.00024183259,0.0009668526,0.99702317,4,4
0.022310749,0.011903753,0.0019923325,0.06243518,0.901358,4,4
0.07177833,0.8751081,0.0030547623,0.007156965,0.042901818,1,1
0.0007329651,0.0014430978,0.00020695031,0.00026994475,0.997347,4,4
0.12584618,0.34308,0.009015477,0.026181225,0.4958771,1,4
0.008533704,0.032103464,0.00081189413,0.0014372068,0.95711374,4,4
0.0087118475,0.035388034,0.0008888088,0.0019681265,0.95304316,4,4
0.002947941,0.0057138824,0.00044814078,0.0011421527,0.9897479,4,4
0.124004915,0.81735903,0.0052402443,0.01095337,0.04244246,1,1
0.62824285,0.27413306,0.0052228896,0.060246836,0.032154404,0,0
0.48965934,0.2507677,0.014715783,0.061950814,0.18290636,0,0
0.2806291,0.30972788,0.008711275,0.02483607,0.37609565,3,4
0.018891456,0.0064649833,0.0009629476,0.004971973,0.96870863,4,4
0.013168494,0.0074990187,0.0011380612,0.0023837604,0.97581065,4,4
0.00091894664,0.0012091001,0.00020271308,0.00041937965,0.9972499,4,4
0.0007109073,0.00111142,0.00023588794,0.0005494967,0.9973923,4,4
0.00080597034,0.0006448113,0.00021515941,0.00041800333,0.99791604,4,4
0.6980889,0.23336364,0.0064428793,0.020678423,0.0414262,1,0
0.0014361603,0.0011255508,0.0003144945,0.0005541368,0.99656963,4,4
0.42785504,0.4164819,0.008740999,0.017850623,0.12907144,0,0
0.43921423,0.50685096,0.004817598,0.015085839,0.034031346,1,1
0.0014137897,0.0018340904,0.0002697831,0.0010462522,0.99543613,4,4
0.013349903,0.023763979,0.001271428,0.0033176246,0.95829713,4,4
0.46380413,0.45000222,0.009851246,0.02591063,0.05043175,1,0
0.00058431795,0.0012578052,0.00020154816,0.00041837987,0.997538,4,4
0.00441643,0.015584035,0.00063796225,0.0009773225,0.97838426,4,4
0.072841756,0.7929029,0.010126594,0.010027614,0.11410112,1,1
0.001355656,0.0026361465,0.00064791896,0.0008976756,0.99446255,4,4
0.112297356,0.5909368,0.049943596,0.01264927,0.23417298,4,1
0.021675706,0.007838002,0.00076464814,0.001169987,0.9685516,4,4
0.021437975,0.018867668,0.0011045192,0.0016554664,0.95693433,4,4
0.013897189,0.013062238,0.0007925923,0.0011879466,0.97106004,4,4
0.0013823227,0.0015903922,0.0081685325,0.0017458623,0.98711294,4,4
0.0026403733,0.0048243375,0.0012491846,0.0007498729,0.9905363,4,4
0.006698219,0.0052055353,0.0014390321,0.00086372526,0.98579353,4,4
0.0014833628,0.0035060903,0.00028369066,0.00040853542,0.9943183,4,4
0.0059785848,0.027236167,0.0057613333,0.0014653242,0.9595586,4,4
0.04911294,0.7377072,0.03850717,0.0077359797,0.16693668,1,1
0.017383272,0.0617173,0.006580291,0.0046580024,0.9096612,4,4
0.0027509364,0.0067119603,0.0012089665,0.0008464963,0.98848164,4,4
0.0065760617,0.0033747985,0.0028472242,0.0015763624,0.98562557,4,4
0.58436316,0.26162875,0.0063107247,0.018684592,0.12901278,1,0
0.002823568,0.0020558387,0.0003104832,0.0009629454,0.9938472,4,4
0.0015555095,0.0016088787,0.00027613653,0.0007655165,0.99579394,4,4
0.08698458,0.6928638,0.1116361,0.02946716,0.07904839,1,1
0.09357184,0.83764875,0.021779688,0.009428821,0.037570894,1,1
0.023153823,0.8753877,0.0213909,0.003448933,0.07661864,1,1
0.010731439,0.10255321,0.009902897,0.0026459983,0.8741665,4,4
0.031872917,0.90584916,0.007991689,0.0069223214,0.04736392,1,1
0.021337906,0.85106647,0.006192685,0.0065951287,0.11480783,1,1
0.0011760879,0.0034067016,0.0006690059,0.0009810481,0.99376714,4,4
0.042296287,0.8708847,0.0083139315,0.0036853112,0.074819766,1,1
0.37162763,0.24743234,0.01368634,0.13053587,0.23671785,0,0
0.21981822,0.43513364,0.009005516,0.23109931,0.10494331,3,1
0.014808854,0.89378905,0.005384799,0.00329274,0.082724564,1,1
0.7608016,0.19008197,0.0032808287,0.007600456,0.03823514,0,0
0.7611305,0.1609371,0.0033423726,0.007692216,0.066897854,0,0
0.06661919,0.036893606,0.067801125,0.005673871,0.82301223,4,4
0.21310683,0.6245369,0.04837997,0.013917285,0.10005906,1,1
0.090540014,0.7395163,0.11127684,0.012912469,0.045754343,1,1
0.0037448353,0.069483384,0.0019935982,0.001145478,0.92363274,4,4
0.0011736128,0.0019678164,0.0010074849,0.0003529734,0.9954982,4,4
0.007232933,0.008974513,0.00038218193,0.0004812941,0.9829291,4,4
0.15738657,0.611011,0.0803987,0.008260059,0.1429437,2,1
0.012541963,0.0414604,0.011796508,0.0011326305,0.9330685,4,4
0.26424083,0.33031866,0.009507021,0.012463311,0.38347018,3,4
0.29835856,0.3896895,0.010660253,0.013975147,0.28731653,1,1
0.0049266494,0.0049983826,0.000308473,0.00042444174,0.9893421,4,4
0.00081820966,0.00042414936,0.00013576889,0.00018681046,0.9984351,4,4
0.29370642,0.29921478,0.056703933,0.016236655,0.3341382,1,4
0.0015633847,0.0007038039,0.00017026038,0.0002758801,0.9972867,4,4
0.00032778518,0.00023361543,5.1413877e-05,0.00010570309,0.99928147,4,4
0.000674833,0.0014266984,0.00014146503,0.0004991889,0.9972579,4,4
0.00094125024,0.0004825805,0.00013507085,0.00026598512,0.99817514,4,4
0.0019300735,0.001339631,9.5817115e-05,0.0001249108,0.9965096,4,4
0.4943171,0.10009223,0.0046676816,0.013697029,0.38722596,1,0
0.012619611,0.006781875,0.00045767182,0.001197686,0.97894317,4,4
0.1387554,0.48199543,0.19924314,0.040167376,0.1398386,2,1
0.0010048234,0.0009216355,0.0016588925,0.000701151,0.9957135,4,4
0.0013509683,0.0030888398,0.0025315178,0.00062434585,0.9924043,4,4
0.00049074343,0.0013524628,0.00013275578,0.00026191535,0.9977621,4,4
0.024404963,0.71880645,0.20354335,0.0070394413,0.046205755,1,1
0.61369574,0.21082106,0.0047320086,0.035687037,0.13506415,0,0
0.35043007,0.26999074,0.0071235313,0.03206656,0.34038907,0,0
0.18955064,0.38859066,0.032372892,0.03690371,0.3525821,1,1
0.0012625623,0.00047086386,0.00014217365,0.0004181985,0.9977062,4,4
0.15249924,0.69595605,0.06461013,0.015217981,0.071716644,1,1
0.012799417,0.004632895,0.00028305897,0.0013525236,0.9809321,4,4
0.010905974,0.0088758385,0.005958592,0.010136003,0.9641236,4,4
0.0016059522,0.0041032936,0.0019462233,0.0006642279,0.9916803,4,4
0.00036498133,0.0018859328,0.0008325955,0.00027840066,0.99663806,4,4
0.42970335,0.14128646,0.12063347,0.014396945,0.29397973,0,0
0.18605849,0.48146582,0.12993741,0.025378907,0.17715943,3,1
0.023566764,0.023004973,0.0012089444,0.002485446,0.94973385,4,4
0.04497479,0.041991625,0.0031383429,0.003263547,0.9066317,4,4
0.21387435,0.16687727,0.00740744,0.01092549,0.6009155,0,4
0.00082224247,0.00046097566,0.00015034052,0.00022174245,0.99834466,4,4
0.032543078,0.10813648,0.0019841364,0.0034932273,0.8538431,4,4
0.073713765,0.68921876,0.03063309,0.009552611,0.19688173,4,1
0.1795983,0.72399765,0.0057930085,0.019648256,0.07096284,0,1
0.001891053,0.0035152624,0.000115686256,0.00020844289,0.9942695,4,4
0.0007634671,0.0019701703,0.0017752548,0.00044367785,0.99504745,4,4
0.0016920064,0.0013817473,0.00087509194,0.00034254763,0.9957086,4,4
0.0020119702,0.0043392126,0.0017474748,0.00073401735,0.99116737,4,4
0.0005966394,0.0019297668,0.0009972111,0.00036259295,0.9961138,4,4
0.0026440916,0.004113307,0.0026477,0.0010041387,0.9895908,4,4
0.051364835,0.8685082,0.0036747605,0.033992816,0.042459425,1,1
0.0017019287,0.012882977,0.00020096295,0.00063309143,0.98458105,4,4
0.38786384,0.16677202,0.004918821,0.008928317,0.43151698,4,4
0.0015823019,0.001449705,0.0012037077,0.00043877593,0.99532545,4,4
0.4593687,0.43062726,0.0048602545,0.044465065,0.06067875,0,0
0.3141193,0.562114,0.00639079,0.013668019,0.10370789,0,1
0.007908441,0.016447144,0.00054436474,0.0010761917,0.9740239,4,4
0.002083936,0.0030732884,0.008096885,0.00071987486,0.986026,4,4
0.012930567,0.0028037922,0.004582566,0.0009430276,0.9787401,4,4
0.0027963435,0.003368609,0.00012166191,0.00033415624,0.99337924,4,4
0.6669666,0.21239215,0.004983282,0.01402824,0.10162974,0,0
0.0073933196,0.0076273647,0.00028833482,0.0004931026,0.9841979,4,4
0.00096246816,0.0005710658,0.00014525652,0.0005388502,0.9977824,4,4
0.25748712,0.372521,0.07725726,0.014415278,0.27831936,0,1
0.0039859675,0.0021707094,0.003392599,0.00089608395,0.98955464,4,4
0.0043649906,0.0021454657,0.003480489,0.0008856632,0.9891234,4,4
0.003241642,0.00092234614,0.0015896253,0.000595466,0.993651,4,4
0.06786448,0.824227,0.004139887,0.0072885957,0.09648008,1,1
0.5988508,0.2321705,0.008079305,0.0135578085,0.14734164,4,0
0.0045657936,0.08821349,0.0035084023,0.0011938879,0.9025184,4,4
0.00065238227,0.0017432019,0.0007622213,0.00041965835,0.99642247,4,4
0.18731236,0.24696426,0.006206149,0.009066429,0.5504508,1,4
0.0038988655,0.0079585025,0.00033744087,0.0004929598,0.98731226,4,4
0.05789705,0.74769723,0.014923556,0.011546143,0.16793606,2,1
0.00066495704,0.0017550371,0.0006824765,0.00044924492,0.9964483,4,4
0.0022864596,0.004046071,0.0023472835,0.0011811357,0.9901391,4,4
0.00083192997,0.0015766141,7.331929e-05,0.000111314286,0.9974068,4,4
0.7948686,0.07014625,0.004520375,0.012627592,0.117837206,0,0
0.012640907,0.0015738278,0.0002403698,0.00065777247,0.9848872,4,4
0.0009068149,0.0012991134,0.00016868782,0.00047170324,0.99715364,4,4
0.2919958,0.5214179,0.027532045,0.007924224,0.15113007,0,1
0.0028756736,0.0007132268,0.000995479,0.00034041287,0.99507517,4,4
0.6599242,0.09563594,0.0058403653,0.034214467,0.20438503,1,0
0.0005106541,0.00075070205,0.00014121547,0.001306858,0.99729055,4,4
0.12070688,0.66228825,0.0057479115,0.024002863,0.18725407,1,1
0.0030245918,0.0010755728,0.0011063565,0.00035510174,0.9944384,4,4
0.0019431673,0.0008033963,0.00016733656,0.0005421643,0.99654394,4,4
0.3808003,0.2955944,0.0084799975,0.034889422,0.28023592,0,0
0.00029129608,0.0002072904,5.9917686e-05,0.00016210935,0.99927944,4,4
0.00058308645,0.0012547192,0.0004040374,0.0002870461,0.9974711,4,4
0.081444085,0.7561406,0.029193673,0.0136509845,0.11957066,1,1
0.07007603,0.7068112,0.06359516,0.01942003,0.14009757,1,1
0.34518412,0.50193304,0.0065604057,0.035927564,0.110394895,0,1
0.098537564,0.7254319,0.005803438,0.012509118,0.15771793,1,1
0.00062489964,0.001053196,0.0001724163,0.00025187925,0.9978976,4,4
0.0021572455,0.0011675464,0.00065580383,0.0006139742,0.99540544,4,4
0.0074840705,0.0032264516,0.001403794,0.0016966845,0.98618895,4,4
0.024986371,0.01596124,0.0007346435,0.0019913767,0.95632637,4,4
0.00030226665,0.00050103164,7.7143115e-05,0.00030491495,0.9988147,4,4
0.00015893855,0.00023944411,5.1281702e-05,8.408647e-05,0.99946624,4,4
0.35654855,0.20006052,0.0048043313,0.023685135,0.4149015,0,4
0.38451046,0.2210771,0.0053090327,0.024202527,0.36490086,4,0
0.00054440217,0.00042587734,8.403026e-05,0.00019506698,0.99875057,4,4
0.18270755,0.67629486,0.0055590053,0.015620821,0.11981772,1,1
0.37182257,0.103665255,0.010035918,0.018398013,0.49607825,4,4
0.20594093,0.05792986,0.005424645,0.009944548,0.72076005,4,4
0.00036876195,0.0012409042,7.028209e-05,0.000101303354,0.9982187,4,4
0.0009882579,0.0005518506,0.00012949055,0.0005654405,0.99776495,4,4
0.019646334,0.2503162,0.0021654363,0.0052911993,0.7225808,4,4
0.09163601,0.7956251,0.0050868113,0.0149148945,0.09273719,1,1
0.012896539,0.046751734,0.001321868,0.0035224676,0.9355074,4,4
0.6731305,0.20530146,0.00456007,0.02896192,0.08804603,0,0
0.16213466,0.06260244,0.0020881887,0.011952121,0.76122254,4,4
0.6559023,0.18872605,0.0062294584,0.050210677,0.09893147,1,0
0.0016695716,0.0009816493,8.289299e-05,0.00028764264,0.9969783,4,4
0.1660656,0.6915706,0.0049870233,0.017378116,0.119998634,1,1
0.0013205993,0.0031152165,9.749169e-05,0.00017899174,0.99528766,4,4
0.7287804,0.17289163,0.004842909,0.008790527,0.0846945,0,0
0.50460654,0.3666155,0.007035803,0.01349398,0.10824818,1,0
0.00026898974,0.00019144922,5.2679574e-05,9.671817e-05,0.9993901,4,4
0.095990464,0.024212088,0.0019898769,0.21402732,0.6637803,4,4
0.5623427,0.25233886,0.006142357,0.07666135,0.1025147,0,0
0.0003571566,0.00048540533,9.5040916e-05,0.0001197842,0.9989427,4,4
0.0001592153,0.00024741227,5.1945026e-05,6.546858e-05,0.999476,4,4
0.28828952,0.34674805,0.006939044,0.012250297,0.34577304,1,1
0.0002574966,0.0002944874,4.940301e-05,7.500421e-05,0.9993236,4,4
0.0005324708,0.0006336292,0.00010215925,0.00015509933,0.99857664,4,4
0.5531492,0.38384625,0.0069512245,0.012205183,0.043848142,0,0
0.001569403,0.0017611128,9.969274e-05,0.00013938936,0.99643046,4,4
0.07247189,0.05309735,0.0021647604,0.028004931,0.8442611,4,4
0.0006947988,0.0057318914,9.886729e-05,0.00017813857,0.9932963,4,4
0.00084398285,0.00070257357,0.00014418285,0.00030635876,0.99800295,4,4
0.17443186,0.6225822,0.0054645734,0.037462275,0.16005911,1,1
0.00019370361,0.0001834927,4.751382e-05,0.00012855024,0.9994467,4,4
0.575503,0.31002688,0.0058614006,0.012094699,0.096514,1,0
0.0031551814,0.0028573317,0.00012877425,0.00026002346,0.9935987,4,4
0.0032063576,0.023772176,0.00023874937,0.00036247238,0.9724203,4,4
0.00014049982,0.00019116997,5.0613908e-05,0.0010178875,0.9985998,4,4
0.005415267,0.010662158,0.00030879572,0.00075916125,0.9828546,4,4
0.03009816,0.04994702,0.001175377,0.0028896148,0.9158898,4,4
0.00088268594,0.0026332766,0.00012242486,0.00026913328,0.9960925,4,4
0.0010002832,0.0010793945,6.775242e-05,9.591643e-05,0.99775666,4,4
0.00019374125,0.00031960232,5.425356e-05,0.00017759936,0.99925476,4,4
0.0004729334,0.0014292893,0.00040432546,0.00033905613,0.9973544,4,4
0.0018551552,0.004874314,0.0010925606,0.0011171689,0.9910608,4,4
0.008877947,0.022643525,0.0014839743,0.00090440526,0.96609014,4,4
0.09298447,0.39957088,0.044726137,0.09881856,0.36389992,4,1
0.0029956028,0.014838081,0.001796061,0.00458131,0.97578895,4,4
0.10332373,0.4056629,0.13225393,0.014817245,0.34394217,0,1
0.00094674167,0.0025469728,0.0012027192,0.0003196428,0.9949839,4,4
0.28653064,0.30357432,0.027920317,0.014857365,0.36711732,1,4
0.0058121327,0.03640903,0.0048115095,0.00073114055,0.95223624,4,4
0.114263445,0.5808635,0.12185916,0.011561878,0.17145203,1,1
0.05253904,0.74782574,0.012047709,0.008913576,0.17867397,4,1
0.0024361275,0.057883784,0.0011883227,0.0009824772,0.9375093,4,4
0.051091537,0.8684973,0.04589136,0.010162079,0.024357714,1,1
0.008881391,0.049788766,0.004592858,0.0014005254,0.9353365,4,4
0.007103415,0.047248468,0.0025247,0.0016172109,0.94150615,4,4
0.0008862653,0.0007116497,0.00013827863,0.0006563836,0.99760735,4,4
0.01542167,0.1497481,0.008252891,0.0019726322,0.8246047,4,4
0.012312306,0.88786775,0.025455412,0.0027903754,0.07157423,1,1
0.0058734925,0.070857584,0.00593204,0.0011662068,0.91617066,4,4
0.436602,0.22779612,0.01970478,0.049359497,0.2665376,4,0
0.09158416,0.7880382,0.021287056,0.006191009,0.092899576,1,1
0.047578286,0.8329423,0.012642833,0.00744645,0.099390075,1,1
0.034687124,0.77056926,0.024558967,0.0060614496,0.1641232,1,1
0.0006687687,0.0030390087,9.2934475e-05,0.00017655065,0.9960227,4,4
0.10598874,0.7152879,0.07377939,0.007047473,0.09789643,1,1
0.07741206,0.6023181,0.0040504476,0.00584293,0.31037647,0,1
0.03066007,0.9204445,0.023929972,0.0030988585,0.021866579,1,1
0.04645375,0.751112,0.014284375,0.0056961654,0.1824537,1,1
0.022753013,0.5365067,0.032425985,0.0027072818,0.40560696,1,1
0.02942301,0.9029583,0.0069882087,0.0024513332,0.05817912,1,1
0.054610096,0.8247114,0.035696074,0.0062807123,0.07870175,1,1
0.60377955,0.09001287,0.18985026,0.009156195,0.10720112,4,0
0.12375248,0.7147156,0.02061982,0.00817949,0.13273257,1,1
0.17756154,0.59777135,0.10426995,0.011299695,0.10909744,0,1
0.76660573,0.19008957,0.002440072,0.0042116055,0.03665303,0,0
0.0023828903,0.0011180852,0.00014180953,0.00017690237,0.9961803,4,4
0.0019087066,0.040133733,0.021975415,0.0007490848,0.935233,4,4
0.2163017,0.67643756,0.016336983,0.00886396,0.082059756,1,1
0.0012733114,0.0017949627,0.00061983906,0.00033630623,0.99597555,4,4
0.10642071,0.5229168,0.15021165,0.008390336,0.21206051,2,1
0.0024385164,0.0012382149,0.0018899537,0.00024035972,0.9941929,4,4
0.0035308716,0.0037308661,0.0002494162,0.00026037483,0.99222845,4,4
0.016478896,0.03717094,0.0012523761,0.004226911,0.9408709,4,4
0.46654552,0.45532948,0.003379646,0.020881837,0.05386356,0,0
0.008316668,0.022763792,0.0008713951,0.0051398054,0.9629083,4,4
0.19914852,0.36406964,0.009912756,0.06899516,0.35787392,4,1
0.029435625,0.038337465,0.0017290475,0.012034582,0.9184633,4,4
0.0006416582,0.0014924876,0.0005377903,0.00042272834,0.99690527,4,4
0.0021545382,0.015041122,0.00024292358,0.00061286124,0.98194855,4,4
0.29172462,0.39748347,0.006005511,0.009226538,0.2955598,4,1
0.0008476968,0.0013424183,0.00013054679,0.00017861284,0.9975007,4,4
0.0006985024,0.001233247,0.00011993009,0.00016408719,0.9977843,4,4
0.09214923,0.055767566,0.002791375,0.0051930314,0.84409875,0,4
0.060349505,0.034005497,0.0016122173,0.0047680624,0.8992647,4,4
0.00034784593,0.00038856748,7.106468e-05,0.00015540676,0.99903715,4,4
0.006273073,0.0048923306,0.00033416448,0.0005739907,0.9879265,4,4
0.002571516,0.00027165542,0.00086902006,0.00024203438,0.99604577,4,4
0.0014384345,0.0011947637,0.0011559033,0.0002325075,0.99597836,4,4
0.0032621943,0.0059540705,0.0001840749,0.0002464804,0.99035317,4,4
0.0095625,0.014925087,0.00033122828,0.0007883633,0.9743928,4,4
0.46271688,0.083707444,0.0071270275,0.012201828,0.43424684,0,0
0.1089464,0.7313067,0.0070482492,0.06083651,0.09186218,1,1
0.006238006,0.026679978,0.00045488816,0.0009968543,0.9656303,4,4
0.6956283,0.19989868,0.0062389974,0.034873065,0.063361,0,0
0.0029149868,0.0037740024,0.00015001216,0.00027648517,0.9928845,4,4
0.0012247467,0.00090732094,6.791079e-05,0.00012516533,0.9976749,4,4
0.50474626,0.1300065,0.0058053895,0.019534169,0.33990768,0,0
0.4624,0.14430344,0.004187173,0.2868844,0.10222499,4,0
0.06455167,0.85249746,0.03123373,0.004076458,0.04764073,1,1
0.001016209,0.00047980144,9.8511075e-05,0.00017183456,0.9982337,4,4
0.00065068377,0.00069377245,6.307717e-05,0.00011002658,0.9984824,4,4
0.0028299706,0.0010913974,0.0009328315,0.0014071472,0.99373865,4,4
0.0007456198,0.0009578611,0.0015228845,0.0002810448,0.99649256,4,4
0.0023485583,0.0045252144,0.0050422535,0.0004588647,0.98762506,4,4
0.0067867893,0.007769069,0.0021804816,0.0054415483,0.9778221,4,4
0.0011671904,0.000765985,0.0010313257,0.00017773519,0.99685776,4,4
0.0011312607,0.0007552473,0.0011838309,0.00018326082,0.9967464,4,4
0.04871716,0.1877263,0.093002595,0.020516383,0.6500376,3,4
0.0024584539,0.0073034125,0.006439964,0.0007142511,0.9830839,4,4
0.010565357,0.029503427,0.026015377,0.002885345,0.9310305,4,4
0.0026001444,0.0017017592,0.003905288,0.0013066824,0.9904861,4,4
0.31255707,0.11023399,0.0059109135,0.0142894415,0.55700856,4,4
0.32165635,0.11872314,0.006366115,0.0153898755,0.53786457,4,4
0.0003600844,0.00025434565,5.232611e-05,0.00014165962,0.9991916,4,4
0.702747,0.19146375,0.004281093,0.017556975,0.083951175,0,0
0.0009394361,0.0006635704,8.167502e-05,0.0001643969,0.9981509,4,4
0.3141429,0.6464343,0.0035759495,0.01060726,0.025239538,1,1
0.00028923686,0.0007310069,8.651168e-05,0.00017874035,0.99871457,4,4
0.0045222016,0.005380682,0.003708182,0.0006907766,0.98569816,4,4
0.13812546,0.675211,0.040374953,0.007334856,0.13895375,1,1
0.0010137691,0.0016786774,0.0010026222,0.00017413616,0.9961308,4,4
0.24914412,0.5676267,0.096985735,0.013910322,0.072333105,1,1
0.08215984,0.57888156,0.056211412,0.009295983,0.2734512,1,1
0.00092124136,0.0012643035,0.0012642673,0.0002335843,0.99631655,4,4
0.006532506,0.002994301,0.004900323,0.000679882,0.98489296,4,4
0.13097197,0.123670846,0.0023025733,0.003241445,0.73981315,4,4
0.058994178,0.8350905,0.0020030907,0.008502295,0.0954099,1,1
0.00042984536,0.0008189989,7.527564e-05,0.00011181199,0.99856406,4,4
0.13204257,0.04872368,0.0021325438,0.0039987336,0.8131024,4,4
0.0012891811,0.0031453518,0.000108743945,0.0003192455,0.9951375,4,4
0.6254039,0.28620675,0.004253719,0.023296803,0.06083882,1,0
0.76048124,0.17307124,0.0037202635,0.005641562,0.05708568,0,0
0.0006673137,0.0003080282,5.170832e-05,7.074682e-05,0.9989022,4,4
0.00058740773,0.00039623547,5.9161895e-05,7.9558886e-05,0.9988776,4,4
0.0064445594,0.0044457177,0.00018501384,0.00025313438,0.98867154,4,4
0.00037274475,0.0004755728,6.0634196e-05,8.153887e-05,0.9990095,4,4
0.002774503,0.0009902316,0.0014105175,0.00035101917,0.99447376,4,4
0.008128038,0.010305847,0.0004968337,0.00067111297,0.9803981,4,4
0.0011493457,0.0006849481,0.00014767371,0.00045190178,0.9975661,4,4
0.0008029733,0.00044558328,0.00010317001,0.00031571466,0.99833256,4,4
0.023097811,0.0062015327,0.0006742458,0.0010358746,0.9689905,4,4
0.005563238,0.0018839578,0.00398448,0.0008875607,0.9876808,4,4
0.00071970304,0.001608606,8.678697e-05,0.0001360025,0.99744886,4,4
0.011111552,0.89132184,0.011027127,0.002845189,0.08369426,1,1
0.014451916,0.0027267411,0.0036870153,0.00070712826,0.9784272,4,4
0.31694043,0.47010374,0.062140997,0.011395716,0.1394191,0,1
0.6320349,0.22209935,0.0030651274,0.0123028625,0.13049775,0,0
0.0011260536,0.0007001248,0.00010000454,0.00017564051,0.9978981,4,4
0.002016723,0.0042954464,0.00018585319,0.0003450764,0.99315685,4,4
0.77389497,0.108983725,0.0062185978,0.011224926,0.09967781,0,0
0.008816477,0.0043768417,0.00035078567,0.00047537716,0.9859805,4,4
0.0012929689,0.0010743615,0.00052586105,0.00025785225,0.996849,4,4
0.0012531197,0.001059261,0.0007220158,0.00026585857,0.99669975,4,4
0.0022810355,0.0015388167,0.000115453855,0.0002109453,0.9958538,4,4
0.3673976,0.51606065,0.0073418524,0.010201589,0.098998345,4,1
0.00047368408,0.0011663857,0.0005381247,0.0002965929,0.99752516,4,4
0.18099315,0.5303141,0.050753336,0.028545015,0.20939444,0,1
0.0004795997,0.0007549287,9.6323325e-05,0.00017599181,0.9984932,4,4
0.0018898231,0.0010154132,0.00044686615,0.00042244006,0.9962255,4,4
0.0012550411,0.0046978216,0.0022582079,0.0006162239,0.99117273,4,4
0.36742246,0.107417904,0.0040311865,0.016278876,0.5048496,0,4
0.0003796344,0.00046513003,5.5553555e-05,7.634769e-05,0.9990233,4,4
0.00033543803,0.00013286057,5.979524e-05,8.488775e-05,0.999387,4,4
0.0004218566,0.00055591075,6.7954395e-05,0.000106240645,0.99884796,4,4
0.720491,0.13426316,0.004267591,0.012477825,0.12850046,1,0
0.0011943156,0.0022371507,9.953584e-05,0.0001398492,0.9963291,4,4
0.0010560331,0.0005166961,9.966899e-05,0.00019750635,0.99813014,4,4
0.0290295,0.8473976,0.0037386864,0.04826379,0.07157037,1,1
0.0009203505,0.0018218666,8.722621e-05,0.00012255389,0.9970481,4,4
0.0041265674,0.011932917,0.000557746,0.0013765637,0.9820062,4,4
0.0691078,0.84008193,0.0050509935,0.024847662,0.060911566,1,1
0.6200217,0.18288724,0.006827475,0.086427376,0.103836246,1,0
0.002224547,0.0066214157,0.00014868478,0.00034987123,0.9906555,4,4
0.002626478,0.002889258,0.0002131215,0.0042692446,0.9900019,4,4
0.00052035245,0.0006963172,9.608705e-05,0.000107663,0.9985796,4,4
0.0006687736,0.0005880562,7.113896e-05,0.00014414139,0.9985279,4,4
0.46771145,0.32229653,0.00593619,0.052618165,0.1514377,0,0
0.00028345405,0.00074339076,5.650879e-05,0.00011253752,0.9988041,4,4
0.00064634555,0.00097197114,8.2699175e-05,0.000113148315,0.9981858,4,4
0.14675471,0.40031278,0.0052110236,0.008750831,0.43897066,4,4
0.0013409666,0.003846566,0.000102242244,0.00013988686,0.9945703,4,4
0.0009792686,0.00096477894,5.6524706e-05,7.768235e-05,0.99792176,4,4
0.2741106,0.54301345,0.005274767,0.025078151,0.15252304,1,1
0.40153822,0.422296,0.0060961703,0.028983392,0.14108624,1,1
0.06741929,0.09524276,0.0019338736,0.00931501,0.826089,4,4
0.27705753,0.5449335,0.0049163424,0.008413209,0.16467947,1,1
0.0069954153,0.0045387456,0.0002113202,0.00036637313,0.98788816,4,4
0.42782277,0.43991148,0.006315862,0.009620463,0.11632943,0,1
0.034577426,0.042711053,0.001111263,0.0017149184,0.91988534,4,4
0.00090179796,0.0020898858,0.0015249337,0.00021255374,0.9952708,4,4
0.07619861,0.6667473,0.09957357,0.01839523,0.13908535,1,1
0.042925652,0.6674639,0.013884367,0.011327062,0.26439905,1,1
0.0025271964,0.003376424,0.0002841132,0.00062404934,0.99318826,4,4
0.6326111,0.2820314,0.00593536,0.0159487,0.06347345,0,0
0.006938571,0.032449972,0.010613117,0.009644333,0.94035405,4,4
0.0008078973,0.001907216,0.0035613568,0.0004807524,0.9932428,4,4
0.3335268,0.19072102,0.042320255,0.01998235,0.41344956,4,4
0.0091595575,0.006111909,0.0038827488,0.0011816998,0.9796641,4,4
0.037712827,0.72412217,0.014213655,0.005063766,0.2188876,1,1
0.0007687688,0.0025893273,0.0006843436,0.00018308211,0.99577445,4,4
0.3550968,0.14644872,0.0034659428,0.005324886,0.4896637,4,4
0.0008012774,0.001258968,0.00046936038,0.00025925203,0.99721116,4,4
0.0004839942,0.0018848074,0.001622732,0.0001935171,0.995815,4,4
0.009190775,0.8866779,0.010702008,0.0024386758,0.09099067,1,1
0.0029246542,0.027871672,0.0028524997,0.0006590464,0.9656921,4,4
0.12500031,0.74664575,0.033758927,0.007800074,0.08679494,1,1
0.05414545,0.30614278,0.034092773,0.0045792805,0.60103965,4,4
0.41097182,0.26770505,0.0600538,0.018081086,0.24318822,3,0
0.17279685,0.30913365,0.06416386,0.02020583,0.4336998,4,4
0.30097267,0.58957094,0.04632842,0.006814175,0.056313828,1,1
0.15300697,0.74414366,0.041092735,0.005935626,0.055821046,1,1
0.0010618264,0.00229786,0.0012483364,0.00018212995,0.9952099,4,4
0.087152064,0.7918943,0.03674186,0.0065154578,0.07769631,1,1
0.15153793,0.5331142,0.03438215,0.0060970094,0.27486873,4,1
0.17896934,0.668396,0.02061173,0.0060960324,0.12592685,1,1
0.0019621567,0.002633597,0.001043796,0.00022230619,0.9941381,4,4
0.07523795,0.43186033,0.2203865,0.011166872,0.26134834,0,1
0.2065082,0.13878061,0.0036763223,0.0054841465,0.6455507,0,4
0.001817893,0.0070126574,0.0016844026,0.0005550392,0.98893005,4,4
0.00803537,0.015749183,0.00047169748,0.004255888,0.9714878,4,4
0.14078373,0.3998347,0.30391863,0.007887171,0.14757574,4,1
0.14700855,0.6777514,0.028656865,0.013632299,0.13295089,1,1
0.07008116,0.7241657,0.00590502,0.02385697,0.17599115,1,1
0.2861102,0.23735668,0.43165427,0.0058867303,0.038992092,0,2
0.0826824,0.2181614,0.6400714,0.0054106656,0.05367415,0,2
0.14587519,0.7343983,0.055637505,0.009663445,0.05442553,1,1
0.022528995,0.9193526,0.012645077,0.002613338,0.042859964,1,1
0.09911999,0.4089448,0.0025204637,0.0034167496,0.48599797,1,4
0.04070547,0.88658315,0.026048798,0.0023979044,0.044264693,2,1
0.04105862,0.8942749,0.026401522,0.0024187078,0.035846215,1,1
0.026262559,0.8987574,0.016911171,0.0024308315,0.055638015,1,1
0.48449156,0.22883844,0.14630982,0.010838278,0.12952185,2,0
0.3608596,0.2612153,0.22454213,0.010532028,0.14285094,4,0
0.03345539,0.8405013,0.03598228,0.0068585123,0.08320256,1,1
0.17455311,0.5508531,0.18156211,0.0064457343,0.08658596,1,1
0.06173284,0.58515716,0.12411838,0.0068471394,0.22214444,1,1
0.17269255,0.2605507,0.0267847,0.007478889,0.5324932,0,4
0.15074275,0.5058051,0.096699245,0.07140093,0.17535198,1,1
0.12589471,0.44912234,0.08267582,0.07659698,0.26571012,4,1
0.059113014,0.06476581,0.051242903,0.04679488,0.7780834,4,4
0.15793723,0.41869003,0.1204652,0.08622679,0.21668072,0,1
0.0796143,0.061265122,0.050850734,0.046137966,0.76213187,4,4
0.20738783,0.42794618,0.10190244,0.07464455,0.18811896,4,1
0.04635718,0.0590486,0.040572412,0.04722115,0.80680066,4,4
0.06359139,0.051896464,0.044672754,0.045661636,0.7941777,4,4
0.058050707,0.044983268,0.040640146,0.041539762,0.8147861,4,4
0.04344465,0.039002173,0.036157932,0.037619766,0.84377545,4,4
0.11475421,0.49052602,0.08612927,0.075756125,0.23283435,1,1
0.12210342,0.50043905,0.13060935,0.067903936,0.17894419,1,1
0.37317643,0.18979074,0.06737043,0.112418324,0.25724408,0,0
0.048169643,0.05583644,0.05811748,0.044220343,0.79365605,4,4
0.33904502,0.26003668,0.10758236,0.08212549,0.21121044,0,0
0.08267775,0.052427545,0.051213667,0.047504675,0.7661764,4,4
0.17741518,0.41538957,0.10909372,0.07512915,0.22297235,1,1
0.27053577,0.28170887,0.087110996,0.08700645,0.27363792,0,1
0.054067828,0.08147593,0.040281698,0.040233348,0.78394115,4,4
0.05020699,0.064086355,0.04475346,0.046208248,0.79474497,4,4
0.058242988,0.07070469,0.05545897,0.04629796,0.7692954,4,4
0.045834396,0.062992945,0.054924294,0.043202568,0.79304576,4,4
0.045949142,0.0650861,0.04677633,0.043471925,0.7987165,4,4
0.40184897,0.25572538,0.07769294,0.081153244,0.18357946,0,0
0.05747107,0.047745954,0.040639162,0.046697132,0.80744666,4,4
0.065857716,0.078890644,0.05433145,0.045900173,0.75501996,4,4
0.047583718,0.053711373,0.043650378,0.04294398,0.81211054,4,4
0.12405593,0.4715969,0.086061664,0.07589174,0.24239372,4,1
0.051639758,0.05784591,0.049337666,0.0435903,0.7975863,4,4
0.06100661,0.06689097,0.050695617,0.047339663,0.7740671,4,4
0.059243094,0.04645754,0.04307748,0.04202039,0.8092015,4,4
0.04293586,0.16991445,0.04220876,0.038478345,0.70646256,4,4
0.06266545,0.05327604,0.07882201,0.0517386,0.7534979,4,4
0.13427004,0.20977196,0.06290408,0.11259505,0.48045892,4,4
0.15378083,0.46455994,0.13691986,0.07504232,0.16969702,4,1
0.13412327,0.5138953,0.11052588,0.07215557,0.16929999,1,1
0.07644466,0.05451324,0.04955638,0.045506507,0.7739792,4,4
0.17395307,0.40137333,0.10181231,0.12831734,0.19454399,4,1
0.36108434,0.28576136,0.072696544,0.08062774,0.19983007,0,0
0.041240267,0.04033477,0.036234383,0.03663114,0.8455595,4,4
0.29597107,0.32098165,0.10729709,0.07804116,0.19770905,1,1
0.066253856,0.052680593,0.041232694,0.043072086,0.79676074,4,4
0.16458187,0.4752427,0.07339125,0.07019845,0.21658568,1,1
0.056455232,0.050272405,0.04053674,0.04085535,0.8118803,4,4
0.20622385,0.45659196,0.071021125,0.07405691,0.19210616,1,1
0.0409076,0.05753842,0.035561662,0.035970688,0.8300217,4,4
0.057496328,0.09681148,0.042869702,0.043150764,0.7596717,4,4
0.12347475,0.47800067,0.08624245,0.074339494,0.23794258,0,1
0.052748412,0.08618301,0.03632629,0.036409795,0.78833246,4,4
0.11580909,0.520424,0.082217716,0.07090337,0.21064582,1,1
0.17498866,0.48828197,0.09969697,0.06527865,0.17175378,0,1
0.039834876,0.11650979,0.036454145,0.03656825,0.770633,4,4
0.037257712,0.08469637,0.034973633,0.0350831,0.80798924,4,4
0.36995593,0.25434068,0.07610989,0.08406553,0.215528,1,0
0.121015295,0.47844017,0.10944847,0.073307596,0.21778852,2,1
0.058273833,0.07745603,0.039400984,0.039869938,0.7849992,4,4
0.06254941,0.06821872,0.0396016,0.04007294,0.7895573,4,4
0.21406136,0.36641845,0.09509329,0.08128732,0.24313961,0,1
0.059288308,0.07246943,0.039588876,0.03978756,0.7888658,4,4
0.055994146,0.07162855,0.039608985,0.039807767,0.7929605,4,4
0.15274443,0.38297942,0.0897068,0.096289836,0.27827957,0,1
0.08122669,0.062009376,0.034438003,0.037647087,0.7846789,4,4
0.15402682,0.46215358,0.07663232,0.07966293,0.22752438,1,1
0.045972325,0.052453246,0.041051414,0.041325387,0.8191976,4,4
0.443258,0.21352401,0.072046265,0.073262244,0.19790947,0,0
0.22587746,0.11972648,0.059789017,0.06069391,0.53391314,4,4
0.18139775,0.5040429,0.06386927,0.07244824,0.17824185,1,1
0.040030718,0.099447265,0.035270564,0.036314014,0.78893745,4,4
0.24522264,0.27187607,0.07949155,0.082464896,0.32094488,1,4
0.04748545,0.04641587,0.03851089,0.038786516,0.82880133,4,4
0.14743143,0.47777396,0.084858745,0.07444524,0.21549065,0,1
0.059398364,0.05682601,0.048552807,0.04524083,0.789982,4,4
0.15541676,0.08027207,0.04459767,0.045252025,0.6744615,4,4
0.066653386,0.05640609,0.050648596,0.04531557,0.7809764,4,4
0.078712896,0.058037672,0.03369494,0.047126573,0.78242797,4,4
0.04637083,0.04014084,0.036706783,0.048797313,0.8279842,4,4
0.07006665,0.05331882,0.050884414,0.043353878,0.7823762,4,4
0.05815727,0.048388064,0.04076021,0.041222464,0.811472,4,4
0.20971824,0.13261442,0.06000783,0.060337033,0.5373225,4,4
0.35232058,0.20976242,0.07752801,0.08590784,0.27448112,0,0
0.041095756,0.039689016,0.036322523,0.03666029,0.8462324,4,4
0.1480936,0.09933066,0.05040306,0.05127076,0.6509019,4,4
0.05678476,0.051945567,0.043340467,0.043452043,0.8044772,4,4
0.26896173,0.30157945,0.08575019,0.08630866,0.25739995,4,1
0.056351338,0.10845099,0.042601787,0.042468287,0.7501276,4,4
0.10578537,0.20489728,0.061176144,0.05455123,0.57359,4,4
0.052424308,0.07222601,0.036915746,0.036860246,0.8015737,4,4
0.41696784,0.19180359,0.06675161,0.06970594,0.25477105,1,0
0.059726063,0.049615942,0.041101594,0.041520037,0.8080364,4,4
0.15852557,0.3881619,0.090264946,0.08230891,0.28073865,0,1
0.054583877,0.055698782,0.047486957,0.043690354,0.79854006,4,4
0.12399413,0.4767432,0.09254437,0.077196606,0.22952172,1,1
0.06565404,0.06998254,0.04139884,0.043394558,0.77957,4,4
0.058436,0.06525811,0.03994649,0.041872192,0.79448724,4,4
0.18279791,0.47407794,0.061217643,0.075586386,0.20632018,1,1
0.04030102,0.043084245,0.036490332,0.04004996,0.8400745,4,4
0.041725654,0.04772189,0.037538193,0.03781664,0.8351976,4,4
0.29762718,0.2658362,0.07864666,0.081258446,0.27663147,1,0
0.042978216,0.045293644,0.03764634,0.037638906,0.8364429,4,4
0.3983029,0.26745442,0.06718354,0.07446453,0.19259457,0,0
0.050377447,0.08489578,0.036325593,0.0366429,0.7917583,4,4
0.04313541,0.07105803,0.03628351,0.036600456,0.81292266,4,4
0.3832088,0.18359256,0.069402725,0.07349523,0.29030064,0,0
0.055025607,0.04797069,0.03775048,0.037940368,0.8213129,4,4
0.041815825,0.058051053,0.03579998,0.035999607,0.8283335,4,4
0.1723194,0.47779813,0.061041847,0.11971504,0.16912562,1,1
0.17249863,0.4565778,0.065982334,0.12021376,0.18472748,0,1
0.04043365,0.1392586,0.035141703,0.053037584,0.7321285,4,4
0.04234874,0.0732222,0.036486603,0.036768667,0.8111738,4,4
0.04609408,0.048271753,0.0381702,0.042409156,0.8250548,4,4
0.04314711,0.1401283,0.035784908,0.035997782,0.7449419,4,4
0.096031755,0.11773898,0.05129825,0.05092495,0.6840061,4,4
0.20594539,0.12219753,0.053856518,0.05576026,0.56224024,4,4
0.09845857,0.060524743,0.033275325,0.03445156,0.77328986,4,4
0.41874927,0.2756779,0.06806666,0.0719363,0.16556995,3,0
0.043272413,0.06969693,0.036387734,0.03672569,0.8139172,4,4
0.038662113,0.09841601,0.034691576,0.03487579,0.79335445,4,4
0.043138795,0.055461373,0.035683878,0.03587336,0.82984257,4,4
0.120593295,0.106120564,0.0509593,0.05052247,0.67180437,4,4
0.14390488,0.48321018,0.061809294,0.14317572,0.16789997,1,1
0.14149594,0.46655756,0.06530068,0.15067354,0.17597222,1,1
0.03852907,0.043938205,0.036161672,0.03640301,0.8449681,4,4
0.047519576,0.0563247,0.039235994,0.040293902,0.8166258,4,4
0.14571181,0.54330766,0.069588155,0.06921595,0.17217644,1,1
0.31535894,0.27638453,0.07374649,0.07904663,0.25546345,1,0
0.18292321,0.51502585,0.06657978,0.06928435,0.16618678,1,1
0.41014624,0.22997826,0.07072987,0.09727691,0.19186868,0,0
0.131661,0.10735389,0.04814426,0.100080065,0.6127608,4,4
0.03877168,0.06856188,0.03549454,0.035704695,0.8214672,4,4
0.3175388,0.27141234,0.0726254,0.084524386,0.2538991,4,0
0.39823037,0.24911179,0.07537764,0.08308025,0.19419993,0,0
0.04343874,0.043637,0.037399862,0.03775272,0.8377717,4,4
0.36516976,0.27777243,0.07313835,0.08770119,0.19621833,1,0
0.09473665,0.13691999,0.05831452,0.04337058,0.6666582,4,4
0.071427144,0.080611035,0.044978335,0.03345198,0.76953155,4,4
0.08308519,0.08017373,0.035778712,0.035966467,0.76499593,4,4
0.058949437,0.06975999,0.051190574,0.04633815,0.7737618,4,4
0.057829477,0.05217323,0.04412557,0.044017952,0.8018538,4,4
0.060142826,0.07278651,0.05448163,0.04798772,0.7646013,4,4
0.17303696,0.3877615,0.09033917,0.078667074,0.27019525,4,1
0.058501754,0.06616622,0.052051015,0.045267764,0.7780132,4,4
0.058197625,0.06277828,0.050157838,0.044196237,0.78467,4,4
0.05532346,0.14244142,0.048428416,0.042015854,0.7117909,4,4
0.16609013,0.39820018,0.12626003,0.08199658,0.22745305,3,1
0.054940164,0.1390799,0.04451032,0.039133247,0.7223364,4,4
0.05555908,0.061550383,0.07610632,0.045056533,0.76172763,4,4
0.05869895,0.058226697,0.044634998,0.044932883,0.7935065,4,4
0.1491105,0.39784837,0.107281834,0.07535936,0.27039996,4,1
0.060513344,0.06530066,0.05405001,0.046262,0.773874,4,4
0.09594087,0.5323894,0.07586691,0.066933595,0.22886923,1,1
0.06211381,0.0776815,0.05102556,0.046985388,0.76219374,4,4
0.052419502,0.06997465,0.051568832,0.04531151,0.7807255,4,4
0.45856553,0.19195265,0.069421135,0.072466515,0.20759413,1,0
0.103647426,0.5671217,0.07749905,0.063998386,0.18773344,4,1
0.07788826,0.07356344,0.051942687,0.04643024,0.75017536,4,4
0.14219043,0.48122934,0.08644023,0.073211476,0.21692853,1,1
0.061016735,0.060897507,0.048103157,0.043034784,0.78694785,4,4
0.13637549,0.49439502,0.08634875,0.0713084,0.21157238,1,1
0.08803072,0.25378692,0.06677937,0.0734228,0.51798016,4,4
0.15691261,0.52675676,0.09227924,0.06667148,0.15737996,1,1
0.26841676,0.18587455,0.066942744,0.1911349,0.28763103,4,4
0.23417503,0.27230078,0.14615586,0.11063293,0.23673537,1,1
0.2444441,0.23082994,0.22276518,0.08545155,0.21650921,2,0
0.13717867,0.47587875,0.09900674,0.07180361,0.21613216,1,1
0.06863937,0.07635598,0.054429084,0.04624037,0.7543352,4,4
0.25212196,0.3051062,0.1951076,0.069077745,0.1785865,2,1
0.09599198,0.5858914,0.069901116,0.060653843,0.18756166,1,1
0.117595285,0.5841789,0.089943714,0.0605302,0.1477519,1,1
0.13010749,0.52887523,0.09336612,0.06653108,0.1811201,1,1
0.13947913,0.49836102,0.09752827,0.07014636,0.19448516,0,1
0.07031195,0.40213153,0.054521658,0.052354332,0.42068058,1,4
0.25683174,0.34158006,0.09562206,0.07869279,0.22727336,4,1
0.20300382,0.1270546,0.06402711,0.05877003,0.5471445,0,4
0.0022630221,0.00084500195,0.00015307467,7.9527315e-05,0.9966594,4,4
0.17131269,0.5956566,0.1038075,0.020635452,0.10858777,1,1
0.23921204,0.468976,0.12159443,0.029093288,0.14112425,2,1
0.634932,0.18060395,0.006659464,0.005461015,0.17234358,0,0
0.0033996468,0.003714567,0.0002954811,0.00019098737,0.9923994,4,4
0.17569281,0.5816259,0.025164971,0.006255948,0.2112604,4,1
0.0015046879,0.0018609994,0.00094764266,0.00025431643,0.9954324,4,4
0.0017090488,0.000585326,0.00014906935,0.00011756021,0.997439,4,4
0.0019179438,0.00055017887,0.00013134464,9.5670686e-05,0.9973048,4,4
0.0018124884,0.00049222074,0.0001241229,0.00011084947,0.99746025,4,4
0.0011271145,0.0035268331,8.755395e-05,0.00014963732,0.9951088,4,4
0.0004726644,0.0015808367,0.00012068301,0.0001638166,0.99766195,4,4
0.00084085704,0.0014161182,0.00012424246,0.00013707906,0.99748176,4,4
0.6137737,0.2954668,0.0022032,0.012548279,0.07600799,0,0
0.7582486,0.16155255,0.002612141,0.015146601,0.062440064,0,0
0.79932564,0.103919335,0.0025996463,0.008448904,0.08570647,0,0
0.8144144,0.11344841,0.0016300158,0.0043760524,0.0661312,0,0
0.0022908263,0.0015147555,6.818197e-05,7.898581e-05,0.9960472,4,4
0.000803628,0.0026804544,0.0023023472,0.00074707007,0.99346656,4,4
0.00035926924,0.001970286,0.001384547,0.0008161286,0.9954698,4,4
0.0025746434,0.006608071,0.0029733398,0.0015949708,0.986249,4,4
0.00067301095,0.000759663,0.000102409074,0.00016610147,0.9982988,4,4
0.006943143,0.0028917268,0.01452784,0.0021892379,0.9734481,4,4
0.17789102,0.2959381,0.31956497,0.006579792,0.2000261,1,2
0.09158269,0.8238767,0.0018226281,0.01885519,0.063862815,0,1
0.002581656,0.00046634293,0.00010404322,0.00023003115,0.996618,4,4
0.0028863086,0.00052641844,0.00011744633,0.00043866428,0.9960311,4,4
0.0061491635,0.034732066,0.00039337363,0.00074523187,0.95798016,4,4
0.00208261,0.001173675,8.660506e-05,8.113641e-05,0.9965759,4,4
0.3377103,0.38646066,0.030459905,0.0064060288,0.23896316,0,1
0.39471424,0.34552932,0.12487904,0.008474992,0.12640242,0,0
0.002218341,0.00097024214,0.0001418591,0.00058091275,0.9960886,4,4
0.0019148634,0.0010328125,0.00024278504,0.00047771275,0.9963319,4,4
0.052959412,0.73714274,0.0037623006,0.03451724,0.1716183,4,1
0.00029139296,0.0010722432,0.00011160347,0.0003342733,0.99819046,4,4
0.00086328865,0.0015890276,0.00047213837,0.00030000138,0.99677557,4,4
0.0023673845,0.00077217014,0.00020076885,0.00065620156,0.99600345,4,4
0.2214142,0.060401388,0.0015439177,0.018638847,0.6980016,4,4
0.15127602,0.57158333,0.030744659,0.004478588,0.24191745,4,1
0.25963184,0.48821855,0.018438552,0.025687763,0.20802335,0,1
0.0031441094,0.022214206,0.00023268818,0.00024300428,0.97416604,4,4
0.0013451866,0.0010866255,0.00013621133,0.00013941368,0.9972926,4,4
0.27414757,0.5674185,0.066949286,0.009319432,0.082165204,0,1
0.0010468838,0.00236331,0.000654045,0.0002644683,0.9956713,4,4
0.000521806,0.002237655,0.000928693,0.00011312495,0.9961987,4,4
0.00079265924,0.0026467522,0.0017150693,0.0002044997,0.99464095,4,4
0.3329567,0.51265895,0.06921099,0.005057381,0.08011599,0,1
0.14910847,0.67992836,0.020682463,0.003788186,0.14649254,1,1
0.0013179012,0.0018893335,0.00087680866,0.00018502276,0.99573094,4,4
0.004897533,0.0071926797,0.00013581385,0.00015548713,0.98761845,4,4
0.013054185,0.43890512,0.006685227,0.0013946664,0.5399608,4,4
0.014830889,0.04161216,0.00044223806,0.00034395384,0.9427707,4,4
0.13899505,0.14241213,0.0015057924,0.012789596,0.7042974,4,4
0.28854558,0.058910776,0.002276093,0.0064965934,0.643771,4,4
0.03131213,0.0067944448,0.0004650097,0.0013449806,0.9600834,4,4
0.14065309,0.4071206,0.13059025,0.012519795,0.30911633,0,1
0.06280255,0.048030514,0.0018485119,0.0029695912,0.88434887,4,4
0.06638668,0.6603015,0.0036386421,0.009011112,0.26066205,1,1
0.36154592,0.08317305,0.0023244305,0.006692422,0.5462642,4,4
0.0009712564,0.002231923,0.00058447785,0.00016315594,0.9960492,4,4
0.0032127635,0.0016456933,9.9413446e-05,0.00053953956,0.99450254,4,4
0.0060559255,0.0074146762,0.00012685981,0.00013133655,0.98627114,4,4
0.06263442,0.75462407,0.032454953,0.002731483,0.14755507,1,1
0.0028725078,0.02218686,0.000112269685,0.00037555746,0.9744528,4,4
0.03689622,0.16404095,0.00219707,0.0033936184,0.7934721,4,4
0.00411146,0.008553808,0.0025142438,0.0005643535,0.9842561,4,4
0.5875202,0.25706786,0.0070899418,0.005881828,0.14244014,0,0
0.00085071655,0.00043171115,0.00017818558,7.004577e-05,0.9984693,4,4
0.01135292,0.0053445078,0.0016572957,0.0008385009,0.98080677,4,4
0.739803,0.16161674,0.0035562157,0.007123883,0.087900124,0,0
0.0040553478,0.001427012,0.001976857,0.00022527807,0.99231553,4,4
0.18737544,0.022794886,0.0010170849,0.0042496272,0.784563,4,4
0.12247879,0.013027258,0.00074743567,0.002884445,0.860862,4,4
0.62037104,0.28665468,0.0031870513,0.016708901,0.07307835,1,0
0.6228885,0.27248,0.0031999843,0.028056623,0.0733749,1,0
0.32597858,0.32680163,0.0082657235,0.2074019,0.13155216,3,1
0.0033757044,0.0010022009,0.0012257209,0.00029282624,0.9941036,4,4
0.14911741,0.11252506,0.0020516422,0.004365889,0.73194003,4,4
0.00046254563,0.0017251798,0.0005104712,0.00016451556,0.9971373,4,4
0.17397757,0.49220377,0.0454229,0.011447114,0.27694863,1,1
0.48431954,0.3493805,0.0041230824,0.021845037,0.14033191,0,0
0.057698824,0.033060882,0.0010901734,0.002986574,0.9051636,4,4
0.0023373358,0.005135288,0.0001692371,0.00021777194,0.99214035,4,4
0.0031817148,0.009716868,0.00015451731,0.00016519037,0.9867818,4,4
0.4450919,0.42746082,0.00222108,0.015397478,0.109828696,0,0
0.0013332812,0.0018501712,4.801057e-05,0.00018402595,0.99658453,4,4
0.69021446,0.2090392,0.002526141,0.0106257275,0.08759442,1,0
0.0008008061,0.0018435244,0.000102583756,0.00011700024,0.9971361,4,4
0.79282707,0.14157733,0.0043772957,0.0070467293,0.054171614,1,0
0.00232074,0.0008804235,0.0002776484,0.00022539914,0.99629575,4,4
0.00013322485,0.00041717247,3.1490625e-05,3.575826e-05,0.9993824,4,4
0.65348524,0.114251755,0.005524145,0.03442374,0.19231518,4,0
0.00048117846,0.0011854393,9.780755e-05,0.00012884743,0.9981067,4,4
0.009977352,0.006640786,0.00020348243,0.0003718983,0.98280644,4,4
0.1664859,0.04034439,0.0027461955,0.0055074575,0.78491604,4,4
0.32301804,0.58438146,0.0032832297,0.008971148,0.08034612,1,1
0.00081720506,0.0035138673,5.0021867e-05,7.4899464e-05,0.995544,4,4
0.37499374,0.4689028,0.0038007572,0.08104031,0.07126237,0,1
0.00058211107,0.00017415917,5.8377806e-05,0.00026771554,0.9989177,4,4
0.6641359,0.2566505,0.003944525,0.01108365,0.06418546,1,0
0.12565812,0.8091185,0.0022603453,0.016128883,0.046834122,1,1
0.10375326,0.7866541,0.00449203,0.01664488,0.08845572,1,1
0.020659164,0.19042812,0.0016937451,0.0048991283,0.7823199,4,4
0.0063178074,0.0026094406,8.064774e-05,0.0001576579,0.9908345,4,4
0.00034982438,0.0010940236,7.4540105e-05,0.00010444638,0.9983772,4,4
0.0011246506,0.028239073,0.00015977444,0.00013217864,0.9703443,4,4
0.10233454,0.68993366,0.0021630449,0.010549221,0.19501953,1,1
0.00082243385,0.0009204623,0.00010523424,0.00013837926,0.9980135,4,4
0.019598568,0.010193156,0.00028281237,0.0015627121,0.96836275,4,4
0.14093824,0.60502815,0.003703554,0.007844945,0.24248512,4,1
0.00036196673,0.0002775245,4.9236274e-05,0.00010194553,0.9992093,4,4
0.0007474775,0.0010445524,0.00016934963,0.0001430581,0.9978955,4,4
0.0005902834,0.00080869294,8.579212e-05,7.698941e-05,0.9984383,4,4
0.005997048,0.007864046,0.00012543736,0.00012876176,0.9858847,4,4
0.012344735,0.0034340688,0.0002530144,0.0020471537,0.981921,4,4
0.0034142383,0.004982208,0.00016047349,0.00054701,0.99089605,4,4
0.00286124,0.0036824092,0.00020279884,0.00021774285,0.99303573,4,4
0.66006905,0.25319952,0.0025406533,0.008627053,0.075563714,0,0
0.000943413,0.00043628507,7.486514e-05,9.3551884e-05,0.9984518,4,4
0.00069720595,0.0025178592,4.8853955e-05,7.447499e-05,0.99666166,4,4
0.14844657,0.52304226,0.0050839754,0.024866097,0.2985611,4,1
0.00032642714,0.0023943698,5.597899e-05,0.00012210016,0.9971011,4,4
0.32759383,0.4523221,0.0018956711,0.0085865,0.2096019,1,1
0.0019426265,0.008003093,0.00022722274,0.00010882518,0.9897182,4,4
0.42435113,0.34010977,0.003123927,0.0075546927,0.2248605,0,0
0.003675162,0.017452633,0.00015608642,0.00016204157,0.97855407,4,4
0.0011579979,0.0029365642,0.0011691037,0.00025920192,0.9944772,4,4
0.07113053,0.7205316,0.01828068,0.018374365,0.1716829,1,1
0.0036786173,0.006686485,0.0018328134,0.0013756526,0.9864265,4,4
0.0069621587,0.0057542888,0.0043069897,0.0025302083,0.9804464,4,4
0.2743419,0.17732765,0.0029677302,0.014334665,0.5310281,4,4
0.064537816,0.85571784,0.010371184,0.012940172,0.056432985,1,1
0.013557565,0.03330927,0.00086169154,0.000272931,0.9519986,4,4
0.030426143,0.047925085,0.010357104,0.03242595,0.8788657,4,4
0.10076638,0.3899072,0.3508254,0.010884703,0.14761627,2,1
0.00243039,0.0012360072,0.0025311843,0.00024908347,0.9935534,4,4
0.11240649,0.7455771,0.062632866,0.003910199,0.07547332,1,1
0.007857261,0.011688269,0.0002504485,0.0001927236,0.98001134,4,4
0.011174617,0.0043029855,0.0017810293,0.00071051216,0.98203087,4,4
0.0048740604,0.005642791,0.0045062257,0.0009331192,0.9840438,4,4
0.0006481426,0.027396703,0.0005161612,0.00036241586,0.97107655,4,4
0.10465857,0.5515081,0.062498394,0.0029541377,0.27838078,1,1
0.018225232,0.92289096,0.023502065,0.0024969876,0.032884747,1,1
0.09581327,0.61119413,0.040112406,0.041866075,0.21101414,4,1
0.080256954,0.58560413,0.011948881,0.010248402,0.31194162,1,1
0.002267741,0.0048413775,0.0008157567,0.00042434543,0.99165076,4,4
0.16161016,0.28168753,0.07108513,0.08902194,0.39659524,4,4
0.0009546389,0.0031861365,0.0010505,0.00017354653,0.99463516,4,4
0.0024754219,0.0023914955,0.00076942117,0.00020377582,0.99415994,4,4
0.0125928195,0.025169672,0.013245656,0.00041774052,0.9485741,4,4
0.010998913,0.016313033,0.004209486,0.00032127334,0.96815735,4,4
0.089968175,0.39837298,0.044727843,0.03976953,0.4271615,4,4
0.066557705,0.38046587,0.017619455,0.033751022,0.5016059,4,4
0.34284866,0.268937,0.0029192048,0.007921502,0.3773737,0,4
0.106685236,0.82030404,0.0128041785,0.0023214985,0.057885084,1,1
0.17007057,0.771773,0.02441053,0.0019068284,0.031839125,1,1
0.001927255,0.008514922,0.0008829407,0.0003385673,0.98833627,4,4
0.41303614,0.13025421,0.0030760039,0.40383762,0.04979597,3,0
0.0008651673,0.0013440737,0.002933797,0.00020336456,0.9946536,4,4
0.10990202,0.6322702,0.026667612,0.0042045917,0.22695558,1,1
0.00052071596,0.0023123461,0.000573845,0.00023074722,0.9963624,4,4
0.04340073,0.83103895,0.0023023458,0.009022658,0.11423526,1,1
0.12346761,0.6474138,0.15140963,0.0035426326,0.07416635,1,1
0.0064490093,0.6884092,0.005632688,0.0007921825,0.29871693,1,1
0.22046317,0.6529251,0.002607764,0.0063736895,0.117630295,1,1
0.021307033,0.9244768,0.02916533,0.0018121698,0.023238711,1,1
0.042026702,0.88479173,0.008113221,0.0018379122,0.06323041,1,1
0.6553367,0.11711231,0.0022663644,0.0024023582,0.22288226,0,0
0.028171541,0.8862355,0.0075522712,0.015530016,0.062510654,1,1
0.13096571,0.13615511,0.050352704,0.003428089,0.67909837,2,4
0.042169027,0.8779423,0.028052066,0.004852359,0.046984248,1,1
0.04262385,0.86372966,0.013261383,0.0022347905,0.07815029,1,1
0.26316085,0.4992973,0.095850416,0.025060639,0.1166308,1,1
0.07798746,0.31981862,0.057013463,0.05603686,0.48914364,4,4
0.06386748,0.05129646,0.04367406,0.044877056,0.796285,4,4
0.4125257,0.20787711,0.07686917,0.079041876,0.22368616,0,0
0.22402309,0.4272803,0.06700896,0.07059262,0.21109498,1,1
0.04396151,0.042625386,0.03815867,0.039209746,0.83604467,4,4
0.060611017,0.056468483,0.044384986,0.045607567,0.792928,4,4
0.13165279,0.5122868,0.09059717,0.07567081,0.18979244,1,1
0.31871256,0.25960794,0.084120914,0.08643802,0.25112054,4,0
0.048816655,0.055199537,0.04610633,0.045349568,0.8045279,4,4
0.18109743,0.4600103,0.07402206,0.076153204,0.20871705,1,1
0.0522647,0.063028835,0.046822183,0.048111893,0.7897724,4,4
0.3610083,0.24964766,0.080758154,0.08863952,0.21994637,0,0
0.055047724,0.051175598,0.04293248,0.047065295,0.8037789,4,4
0.17298003,0.4773939,0.06459153,0.10297453,0.18205997,1,1
0.21768676,0.15633897,0.064535566,0.06639357,0.49504519,4,4
0.05244461,0.07506197,0.041713916,0.040483996,0.7902955,4,4
0.05062129,0.06655834,0.056007966,0.04826737,0.778545,4,4
0.32442653,0.16145812,0.07327395,0.08259939,0.358242,0,4
0.07491408,0.05609086,0.049659662,0.046950094,0.7723853,4,4
0.05372007,0.08054025,0.040267263,0.041376416,0.784096,4,4
0.05825467,0.046321016,0.041332833,0.049480036,0.80461144,4,4
0.04460954,0.12831905,0.039869364,0.04096756,0.74623454,4,4
0.47873378,0.23774631,0.06469591,0.07358015,0.14524385,0,0
0.051163375,0.06700116,0.0525065,0.048363443,0.7809655,4,4
0.3818555,0.20382334,0.06889493,0.070982434,0.27444378,4,0
0.06782266,0.08583102,0.041981205,0.04313757,0.76122755,4,4
0.05926988,0.04748926,0.041557323,0.042702015,0.80898154,4,4
0.051027473,0.060876258,0.04736488,0.048275374,0.79245603,4,4
0.053860627,0.06308788,0.05144275,0.046276215,0.78533256,4,4
0.3933886,0.20704433,0.08298907,0.08364551,0.2329325,0,0
0.15749933,0.5022567,0.12311518,0.064675406,0.1524534,1,1
0.13675569,0.5252891,0.10742009,0.066563696,0.16397141,1,1
0.3635307,0.21576113,0.07513029,0.104848824,0.2407291,0,0
0.11565303,0.08769415,0.044859856,0.049903594,0.70188934,4,4
0.045304578,0.118125714,0.037877083,0.0389204,0.75977224,4,4
0.20700769,0.36332557,0.081084,0.08255328,0.2660295,2,1
0.10453958,0.060922746,0.048292547,0.047255743,0.7389894,4,4
0.050467838,0.1495877,0.049077258,0.06788287,0.68298435,4,4
0.052074056,0.06464637,0.058624487,0.061421942,0.7632331,4,4
0.054433558,0.05533825,0.041826375,0.050461058,0.7979408,4,4
0.041896828,0.03878637,0.037429847,0.038460847,0.8434261,4,4
0.04709957,0.12034255,0.040213045,0.040111315,0.7522335,4,4
0.06305922,0.06427084,0.03579695,0.03682756,0.8000455,4,4
0.37454584,0.20225538,0.07018504,0.07419949,0.27881426,0,0
0.07299499,0.06832544,0.053420614,0.049107384,0.75615156,4,4
0.0425263,0.039045323,0.037238657,0.03826439,0.8429253,4,4
0.05313786,0.08056396,0.03922309,0.04030348,0.78677166,4,4
0.054743692,0.12406869,0.041381516,0.042521365,0.7372847,4,4
0.4675867,0.20091788,0.071427524,0.07348396,0.18658395,0,0
0.041837603,0.0393085,0.037411,0.038441483,0.8430014,4,4
0.07665476,0.05599818,0.049382012,0.04687157,0.7710935,4,4
0.059926,0.049755372,0.043428283,0.044601716,0.80228865,4,4
0.4674741,0.23374756,0.06952586,0.07163248,0.15762001,0,0
0.040845163,0.03866422,0.037301112,0.038328566,0.8448609,4,4
0.34139282,0.23701335,0.07626936,0.07916989,0.26615456,4,0
0.059823,0.055621877,0.052012336,0.04563217,0.7869106,4,4
0.10171571,0.05669875,0.053309698,0.05134592,0.7369299,4,4
0.39361498,0.2645402,0.07586982,0.07875515,0.18721983,1,0
0.37374526,0.27281484,0.07964688,0.08267586,0.19111715,1,0
0.096140765,0.08628196,0.040067367,0.041171014,0.73633885,4,4
0.30809766,0.20118582,0.08748064,0.08999927,0.31323662,4,4
0.2586163,0.15570247,0.06816201,0.07012443,0.44739482,4,4
0.06427997,0.058383174,0.04661995,0.04458625,0.78613067,4,4
0.40229964,0.21804973,0.0708506,0.07395033,0.23484966,4,0
0.19790645,0.14792703,0.06018428,0.061917026,0.5320652,4,4
0.088049896,0.060683813,0.035013244,0.036021285,0.7802318,4,4
0.48376092,0.19418365,0.06933644,0.07133267,0.18138632,0,0
0.06730162,0.09177602,0.04449342,0.045718983,0.75070995,4,4
0.13878255,0.50025153,0.09482047,0.07717658,0.18896891,1,1
0.06045673,0.06350585,0.05647956,0.049075704,0.7704821,4,4
0.05176633,0.062028237,0.06270724,0.048023418,0.7754748,4,4
0.29859683,0.33030728,0.08461636,0.08718023,0.19929928,1,1
0.05571905,0.09901115,0.039700236,0.040793777,0.76477575,4,4
0.043048527,0.07144563,0.036982987,0.038001675,0.8105212,4,4
0.2678125,0.2887099,0.086616985,0.089747384,0.2671132,1,1
0.048739564,0.05367772,0.0420167,0.043174043,0.81239194,4,4
0.050598927,0.070589334,0.049731903,0.04834892,0.7807309,4,4
0.04500866,0.056752548,0.036410343,0.03741326,0.82441515,4,4
0.3219134,0.2917931,0.11091924,0.083713956,0.19166034,0,0
0.059548695,0.05561554,0.045868628,0.044555806,0.79441136,4,4
0.06777298,0.059986826,0.05161882,0.047855653,0.77276576,4,4
0.061250553,0.06518323,0.03844396,0.04630672,0.7888155,4,4
0.35610524,0.2713631,0.08387797,0.088089816,0.20056388,3,0
0.058107015,0.051660363,0.04184339,0.042973995,0.8054152,4,4
0.24129179,0.35684958,0.09868584,0.08101689,0.22215588,0,1
0.060644243,0.051310256,0.04241165,0.043579873,0.802054,4,4
0.29811764,0.14940727,0.07629265,0.07848916,0.39769328,4,4
0.065468915,0.07056369,0.045617208,0.04127299,0.7770772,4,4
0.06474507,0.07222748,0.04743946,0.04242252,0.77316546,4,4
0.058505714,0.050427396,0.04186221,0.043015298,0.80618936,4,4
0.052673485,0.0655614,0.050788287,0.047617182,0.7833597,4,4
0.063331954,0.052907918,0.048572734,0.044826187,0.7903612,4,4
0.05605199,0.054228835,0.04489607,0.044866804,0.79995626,4,4
0.32391512,0.2674314,0.11107753,0.08690989,0.21066605,0,0
0.15028468,0.49016148,0.07661719,0.07882304,0.20411359,1,1
0.047702044,0.057992768,0.043601546,0.044802547,0.8059011,4,4
0.08329771,0.05248912,0.045717347,0.044821702,0.77367413,4,4
0.30006546,0.34667847,0.08349577,0.08631207,0.1834482,1,1
0.054899834,0.055739097,0.041782074,0.042932954,0.804646,4,4
0.07209143,0.05846529,0.03549854,0.03647634,0.79746836,4,4
0.040417615,0.03864663,0.03737399,0.043348413,0.84021336,4,4
0.28962132,0.3312827,0.08589958,0.0885023,0.20469409,0,1
0.44317085,0.26212406,0.06677063,0.06879376,0.1591407,0,0
0.1944408,0.21771725,0.07797872,0.08042936,0.42943385,4,4
0.35195723,0.3051337,0.081115924,0.083573714,0.17821944,4,0
0.04604662,0.050504733,0.03990477,0.051924914,0.811619,4,4
0.043688565,0.101795,0.0370123,0.047852367,0.7696517,4,4
0.055489216,0.04749372,0.040127143,0.043915715,0.8129742,4,4
0.043024745,0.15292391,0.03955631,0.036755573,0.72773945,4,4
0.35387456,0.29235083,0.084856585,0.0860426,0.18287545,1,0
0.1596626,0.14922126,0.06650745,0.06711479,0.55749387,4,4
0.16697845,0.44429338,0.075945266,0.07824639,0.23453656,1,1
0.16471246,0.49696022,0.07690314,0.07923329,0.18219092,1,1
0.4335429,0.2277484,0.070011094,0.10064022,0.16805741,1,0
0.045222707,0.051116675,0.03941818,0.04521834,0.81902415,4,4
0.04233785,0.051978573,0.03969512,0.04078852,0.82519996,4,4
0.22227201,0.35644612,0.0908745,0.09447224,0.23593512,4,1
0.33121583,0.22277789,0.074006446,0.14319943,0.2288004,4,0
0.37263647,0.26774734,0.07907884,0.09247889,0.18805848,0,0
0.120755486,0.0880365,0.044734705,0.05071045,0.6957629,4,4
0.0419079,0.10243089,0.03774315,0.038782783,0.77913535,4,4
0.042628825,0.05843194,0.03643874,0.03744244,0.8250581,4,4
0.17662074,0.52846354,0.06793999,0.071877405,0.15509832,1,1
0.34404278,0.22033201,0.08231649,0.08716241,0.2661463,1,0
0.4435693,0.23730338,0.07215733,0.074343674,0.17262635,0,0
0.04120023,0.038554497,0.03729117,0.03831835,0.8446357,4,4
0.180929,0.5068982,0.06999149,0.07252103,0.16966024,1,1
0.045455907,0.057812702,0.041079983,0.06452631,0.7911251,4,4
0.050588652,0.07140436,0.038728822,0.039795604,0.7994826,4,4
0.06557425,0.12111452,0.038199224,0.03925142,0.73586065,4,4
0.05997241,0.09102681,0.037638664,0.03867542,0.77268666,4,4
0.04733838,0.07203595,0.035844993,0.03683234,0.80794835,4,4
0.382249,0.28349525,0.07939443,0.08220879,0.17265256,1,0
0.15691085,0.56434286,0.066630445,0.06832006,0.14379579,1,1
0.044067815,0.05577622,0.040559627,0.041339304,0.81825703,4,4
0.050821766,0.13283436,0.041345455,0.042140238,0.7328582,4,4
0.16169126,0.4197563,0.0845557,0.08152903,0.25246772,1,1
0.0812795,0.15039527,0.046595536,0.04373003,0.6779997,4,4
0.11689244,0.5336443,0.0954122,0.06938317,0.1846679,2,1
0.050955288,0.066546634,0.05376735,0.047488473,0.7812423,4,4
0.19170243,0.37489516,0.08146142,0.082265854,0.2696752,4,1
0.07794005,0.16463213,0.049540672,0.045770038,0.6621171,4,4
0.058548264,0.060912404,0.05602575,0.04808263,0.77643096,4,4
0.056864265,0.05195199,0.04170593,0.04285471,0.80662316,4,4
0.14228146,0.42986438,0.09925065,0.07760031,0.25100327,4,1
0.0640786,0.06529105,0.051685747,0.04903898,0.76990557,4,4
0.12916143,0.4555866,0.08485343,0.08071872,0.24967979,4,1
0.048202,0.20513305,0.043597892,0.038869686,0.6641973,4,4
0.04937743,0.19604398,0.043630745,0.04166529,0.66928256,4,4
0.09367236,0.5639221,0.06522555,0.06564327,0.21153672,4,1
0.09126399,0.06841192,0.05208762,0.0480693,0.7401672,4,4
0.21955004,0.39993757,0.10720088,0.078992106,0.19431944,1,1
0.141917,0.46889693,0.07317818,0.09883669,0.21717124,0,1
0.11803891,0.51038194,0.075975284,0.07237256,0.2232313,1,1
0.11653633,0.5373391,0.07960394,0.070933625,0.19558702,1,1
0.19772594,0.42686284,0.09687896,0.07937609,0.19915615,1,1
0.15910868,0.45092824,0.08980678,0.07988566,0.2202707,1,1
0.14106518,0.42366672,0.09588443,0.08177792,0.2576058,4,1
0.17208432,0.38573453,0.103194565,0.089054264,0.24993236,4,1
0.052684497,0.069172,0.050616417,0.047419496,0.78010756,4,4
0.11196814,0.5311735,0.07266419,0.06978364,0.21441048,1,1
0.14347337,0.5223446,0.09693334,0.072681755,0.16456693,1,1
0.042332243,0.12337178,0.03680073,0.0378144,0.75968087,4,4
0.124585785,0.5677197,0.068897866,0.06398006,0.17481656,1,1
0.11453091,0.53695893,0.07836141,0.07189923,0.1982495,1,1
0.15764964,0.5525796,0.07829723,0.06242217,0.1490514,1,1
0.090738095,0.3098543,0.06251263,0.057044495,0.4798505,1,4
0.069313556,0.270519,0.04973284,0.047443416,0.5629912,1,4
0.23973238,0.3069797,0.14152476,0.08845861,0.22330451,2,1
0.30663544,0.32355043,0.0966563,0.076865956,0.19629183,0,1
0.35547835,0.24525625,0.09931214,0.08473362,0.21521962,0,0
0.34759703,0.2535522,0.0823707,0.08241859,0.23406146,0,0
0.0060117347,0.007473581,0.0024106582,0.0015507351,0.9825533,4,4
0.22512598,0.461063,0.15146858,0.010319646,0.15202278,1,1
0.001814426,0.0012764804,0.0036082002,0.00044509288,0.9928558,4,4
0.0024561596,0.0008353157,0.00020540075,0.00036894187,0.99613416,4,4
0.08997367,0.7522294,0.03133923,0.014363153,0.112094544,1,1
0.003364789,0.0058299215,0.0033142597,0.0019826002,0.9855084,4,4
0.0013651905,0.0022109107,0.0023176752,0.0011465853,0.99295956,4,4
0.10909129,0.7459881,0.005923746,0.014161003,0.12483594,1,1
0.5770704,0.3148877,0.0067295884,0.015170754,0.086141504,0,0
0.0021345338,0.0011533354,0.00016055905,0.0003361714,0.9962154,4,4
0.00062188896,0.00033557546,7.126933e-05,0.0001492207,0.99882203,4,4
0.09972379,0.80344886,0.002903728,0.012655524,0.08126805,1,1
0.5804223,0.23513542,0.007878125,0.023082836,0.15348133,1,0
0.00096214365,0.0019159309,0.00025525555,0.00050172117,0.99636495,4,4
0.1484078,0.66524076,0.0049347985,0.02207514,0.15934153,1,1
0.00076785736,0.0013969647,0.00018087412,0.0004628664,0.9971915,4,4
0.0006724265,0.0027226664,0.0008780748,0.00072668854,0.9950001,4,4
0.16460781,0.03946989,0.0018986277,0.003235705,0.790788,4,4
0.0006016469,0.0004702952,9.1198446e-05,0.00015542345,0.99868137,4,4
0.0014537264,0.00080499175,0.00022719621,0.00080593926,0.99670815,4,4
0.001627646,0.0039893747,0.00265634,0.0005353303,0.9911913,4,4
0.00096645637,0.0030695223,0.0014643361,0.00046836928,0.99403125,4,4
0.0005604066,0.00043720895,8.054063e-05,0.0001975135,0.9987243,4,4
0.059125416,0.46989107,0.005052233,0.017526455,0.44840482,4,1
0.00036604135,0.0008630683,0.00013276293,0.00046056125,0.9981775,4,4
0.0018524488,0.0025469873,0.0013834385,0.0017194485,0.9924976,4,4
0.0016541614,0.0008911655,0.00022748257,0.0007873483,0.9964399,4,4
0.16160843,0.62250215,0.045447405,0.010071766,0.16037028,1,1
0.014134463,0.08376946,0.006115812,0.0013553468,0.8946249,4,4
0.0087062735,0.011999902,0.00027075966,0.00048633965,0.9785367,4,4
0.013564009,0.01535731,0.009984504,0.011275897,0.9498183,4,4
0.00508662,0.0019808894,0.0062856013,0.0006208554,0.9860261,4,4
0.00093947555,0.0030108134,0.002298914,0.0005489547,0.9932019,4,4
0.26330262,0.17925583,0.1726799,0.02054382,0.36421782,0,4
0.11427558,0.5007619,0.04237019,0.042734943,0.29985732,4,1
0.24760887,0.21820608,0.009892786,0.08330003,0.44099224,1,4
0.00030837522,0.0002165831,8.044595e-05,0.00038976595,0.9990049,4,4
0.002454821,0.00076369464,0.00023496355,0.00041206367,0.9961345,4,4
0.16065395,0.5279829,0.011045111,0.027648004,0.27267003,1,1
0.16000016,0.65521735,0.011000161,0.027535489,0.14624684,1,1
0.105988264,0.6479537,0.06371835,0.01610333,0.16623637,4,1
0.002116953,0.0029751293,0.0022742164,0.0011021693,0.99153155,4,4
0.0017531768,0.0020786654,0.00023481865,0.0004633828,0.9954699,4,4
0.0012958335,0.0019343968,0.00019304961,0.0003809569,0.9961958,4,4
0.0015028503,0.0017122569,0.00020440691,0.00040336896,0.9961771,4,4
0.0012011467,0.00131663,0.0002275574,0.00048700726,0.99676764,4,4
0.35663083,0.38669387,0.006998813,0.021041173,0.22863536,0,1
0.36288458,0.49029028,0.007121541,0.021410149,0.11829342,0,1
0.0039618695,0.007678035,0.00023437149,0.00050779554,0.98761785,4,4
0.2359956,0.05478412,0.003135998,0.0061906273,0.69989365,4,4
0.0010203558,0.0013688258,0.00070568745,0.0004085004,0.9964966,4,4
0.16892466,0.124498196,0.0032084621,0.004898932,0.6984697,4,4
0.14990112,0.67738855,0.04354868,0.024541296,0.10462029,1,1
0.0009603407,0.0018926072,0.00096486375,0.00044965127,0.9957326,4,4
0.0031870871,0.007079046,0.0024120584,0.0014905047,0.98583126,4,4
0.34182554,0.20676674,0.0051780688,0.009567239,0.43666238,4,4
0.4548253,0.29425427,0.0057737567,0.013071957,0.23207466,1,0
0.098422766,0.7847752,0.0032520224,0.009235771,0.10431427,1,1
0.00081151625,0.0015108963,0.0001641844,0.00033603917,0.99717736,4,4
0.041351136,0.7539775,0.025339799,0.009237436,0.17009416,1,1
0.002229705,0.044925936,0.0015799897,0.0007682973,0.9504961,4,4
0.36066782,0.17443086,0.0049476256,0.011767905,0.44818574,4,4
0.0003416983,0.0004589539,7.433273e-05,0.0002774904,0.9988475,4,4
0.010145222,0.0052937623,0.0040997514,0.0016580275,0.9788032,4,4
0.007629977,0.0056429803,0.0037365558,0.0017025698,0.98128784,4,4
0.029565368,0.011684947,0.0004918882,0.0008184708,0.95743936,4,4
0.40672657,0.49382028,0.0052367197,0.012455512,0.08176096,0,1
0.11225023,0.5255246,0.21483298,0.009841233,0.13755094,2,1
0.011571178,0.014153459,0.0003806563,0.00068373646,0.97321105,4,4
0.0016861618,0.000849872,0.00019017865,0.00034159972,0.99693215,4,4
0.012773547,0.008570955,0.0003151303,0.00058971194,0.97775066,4,4
0.00024678063,0.0002765265,7.092218e-05,0.00012739078,0.99927837,4,4
0.36601725,0.34886461,0.006088216,0.05489009,0.22413987,0,0
0.008593149,0.0066603436,0.00029088935,0.0011029366,0.98335266,4,4
0.0017385575,0.00085196964,0.00025519216,0.0010367307,0.9961176,4,4
0.30162695,0.06513785,0.0063016554,0.014267139,0.6126664,0,4
0.0075067393,0.0024988947,0.010030868,0.0012291453,0.9787344,4,4
0.010342303,0.18785605,0.013142224,0.002337445,0.786322,4,4
0.020300107,0.29383624,0.018568983,0.0038927095,0.66340196,4,4
0.031882357,0.120055005,0.0023068383,0.0049572894,0.8407985,4,4
0.0009208366,0.0010028967,0.00017446058,0.00036141937,0.99754035,4,4
0.016575113,0.91681063,0.017956935,0.0035232948,0.045134056,1,1
0.0018235496,0.00805329,0.0024956446,0.0009431795,0.9866844,4,4
0.002719892,0.0013870846,0.00028453203,0.0005472539,0.9950612,4,4
0.7414325,0.10497478,0.004546142,0.01320779,0.13583882,0,0
0.0014288897,0.0016294281,0.00025516757,0.0006649379,0.99602157,4,4
0.18428853,0.20862833,0.009351754,0.13366394,0.46406746,0,4
0.01772237,0.01917408,0.0014399306,0.007398561,0.95426506,4,4
0.003127043,0.0034562263,0.00034809392,0.002084574,0.9909841,4,4
0.56865555,0.16415744,0.004102346,0.012581904,0.25050274,0,0
0.7881912,0.13654481,0.0041848803,0.011883548,0.05919552,0,0
0.00048247867,0.0017990508,0.0005559413,0.00042397974,0.9967385,4,4
0.0041889427,0.007402559,0.0003088033,0.0005994057,0.9875003,4,4
0.0076282187,0.11046775,0.00076807116,0.0013559698,0.87978,4,4
0.0012898796,0.0022617471,0.0013129483,0.0005292587,0.9946062,4,4
0.0015331247,0.0010156333,0.00021503959,0.00037413227,0.99686205,4,4
0.0018889959,0.009388327,0.0001967323,0.00034501628,0.988181,4,4
0.5576314,0.32847813,0.005456304,0.01550316,0.09293107,0,0
0.5095522,0.2810893,0.005730576,0.021567484,0.18206047,0,0
0.1548817,0.7331449,0.004242605,0.015957883,0.0917729,1,1
0.644361,0.1751791,0.0045115496,0.011429787,0.16451856,0,0
0.004874771,0.013308086,0.0002666542,0.0004907418,0.98105973,4,4
0.00054193585,0.00054082833,8.180548e-05,0.00014693929,0.9986885,4,4
0.00051868113,0.0005720468,8.6527565e-05,0.00015542126,0.99866736,4,4
0.27350897,0.07787812,0.010030994,0.020279873,0.61830205,4,4
0.04511785,0.01548104,0.0022855517,0.004620747,0.9324948,4,4
0.021160968,0.03526976,0.0007540891,0.004430452,0.9383848,4,4
0.0007815148,0.0018361913,0.00018189687,0.0003345578,0.9968658,4,4
0.0021929038,0.018167727,0.00020188205,0.0004874937,0.97895,4,4
0.004499472,0.040981002,0.00044796936,0.005173495,0.9488981,4,4
0.0021561012,0.0015418207,0.00012998552,0.00053209026,0.99564004,4,4
0.70937574,0.13443363,0.004203281,0.009997487,0.14198986,0,0
0.0025233298,0.0015541514,0.000114883886,0.00022299663,0.99558467,4,4
0.00058267056,0.0016045155,0.00014265535,0.00029152413,0.9973787,4,4
0.001578035,0.02342133,0.00021306002,0.00037365072,0.974414,4,4
0.0008018566,0.00767399,0.00010826343,0.00018986533,0.991226,4,4
0.005315748,0.011273477,0.00036862813,0.0012183369,0.98182374,4,4
0.006722618,0.009447598,0.00044887772,0.0019926694,0.9813882,4,4
0.0010875798,0.001571001,0.00022689665,0.00044010827,0.9966744,4,4
0.0006406547,0.0011857895,0.00018437362,0.0006067237,0.99738246,4,4
0.00029964754,0.00046653455,8.6235385e-05,0.00028377716,0.9988638,4,4
0.4406492,0.11701485,0.0063686217,0.20495275,0.23101458,3,0
0.00065575785,0.000529481,0.00014607752,0.00035135672,0.99831736,4,4
0.0006970074,0.0005475751,0.00015526633,0.00037345834,0.9982267,4,4
0.10008683,0.77619606,0.0047890698,0.010957028,0.10797103,1,1
0.0003466554,0.00047976105,8.6894295e-05,0.00014327528,0.9989434,4,4
0.00024112208,0.0005794675,8.634538e-05,0.00019901975,0.99889404,4,4
0.001154512,0.0008823934,0.00017876606,0.000549827,0.9972345,4,4
0.62329024,0.2784131,0.004708771,0.023364246,0.070223644,1,0
0.6179254,0.3088319,0.004786191,0.023748403,0.04470812,1,0
0.10127317,0.56681806,0.0076713953,0.030045895,0.2941915,1,1
0.09658395,0.6283133,0.008007721,0.03136314,0.23573188,1,1
0.44943354,0.41207206,0.006743693,0.026292643,0.10545809,4,0
0.0010420954,0.0024874678,0.00023484205,0.00043390505,0.99580175,4,4
0.0010308464,0.001183624,0.000105711384,0.00022903732,0.99745077,4,4
0.3780339,0.2709216,0.006463627,0.020470785,0.32411012,0,0
0.0031047668,0.032508556,0.00039301396,0.0006941106,0.9632996,4,4
0.0014697472,0.0028103462,0.0027423962,0.0010806425,0.9918969,4,4
0.002662162,0.002569666,0.00024236382,0.0004952839,0.99403054,4,4
0.49978277,0.34839332,0.026477389,0.024258543,0.101087995,0,0
0.15912145,0.31458935,0.1216838,0.034701765,0.36990362,1,4
0.00068997324,0.00091245177,0.0025585901,0.0007246024,0.9951143,4,4
0.0012984482,0.0018147717,0.00023120547,0.00047248142,0.9961831,4,4
0.0014883959,0.004045021,0.0021877221,0.0007068528,0.991572,4,4
0.07146604,0.71327734,0.081961006,0.011931188,0.121364444,4,1
0.14934522,0.6361459,0.11537372,0.013313159,0.08582205,0,1
0.10066556,0.6525883,0.057425648,0.011311871,0.17800857,4,1
0.004811711,0.2917615,0.005506851,0.0011597894,0.6967602,4,4
0.120930985,0.6785536,0.045186672,0.015283771,0.14004494,1,1
0.004819125,0.0015106105,0.0023991251,0.0045152465,0.98675585,4,4
0.034307603,0.8466515,0.017558336,0.0063967784,0.09508577,1,1
0.2718922,0.2861448,0.0072288495,0.016353872,0.41838032,4,4
0.005664001,0.008937107,0.00039641702,0.00091691385,0.98408556,4,4
0.0028496736,0.008340955,0.0028174235,0.0011733826,0.9848186,4,4
0.001198153,0.00392987,0.0012540774,0.00066592055,0.9929519,4,4
0.023394194,0.89006776,0.024777967,0.006053063,0.055706993,1,1
0.28490445,0.3703993,0.14648925,0.016054986,0.18215199,2,1
0.07143812,0.73293936,0.0381744,0.011067312,0.1463808,1,1
0.08190872,0.769784,0.0048634773,0.017228626,0.12621519,1,1
0.07462277,0.80280143,0.004430861,0.015696106,0.10244883,1,1
0.15359563,0.2040766,0.18459064,0.00845035,0.44928676,0,4
0.10195798,0.7077222,0.056360077,0.00754065,0.12641908,1,1
0.029409902,0.878949,0.029320922,0.006804114,0.05551614,1,1
0.03211057,0.90639025,0.017932592,0.0063419803,0.03722468,1,1
0.036256928,0.8479031,0.058863968,0.004427343,0.052548643,1,1
0.51716053,0.16492859,0.06242792,0.013340888,0.24214205,2,0
0.4656871,0.12066305,0.1346823,0.016019594,0.26294795,0,0
0.30736747,0.48948118,0.03461208,0.012292576,0.15624675,1,1
0.027899114,0.30423996,0.062598355,0.0064612688,0.5988013,1,4
0.5831062,0.2843591,0.027779285,0.008808949,0.095946446,0,0
0.11966205,0.56819606,0.10510624,0.070288256,0.13674742,1,1
0.05866674,0.25551313,0.047698304,0.013726307,0.62439555,0,4
