prob_class_0,prob_class_1,prob_class_2,prob_class_3,prob_class_4,true_label,pred_label
0.09978896,0.11310388,0.09943392,0.098775074,0.5888981,4,4
0.10335347,0.10254535,0.09822795,0.09766883,0.5982044,4,4
0.3860948,0.18135048,0.112735786,0.113637105,0.20618181,0,0
0.3651697,0.18912603,0.1170312,0.11796686,0.21070625,0,0
0.31597158,0.221378,0.13086869,0.13191499,0.19986674,1,0
0.10957461,0.105561584,0.093905166,0.09443896,0.59651965,4,4
0.09693828,0.09509598,0.09495507,0.095494844,0.6175158,4,4
0.11151385,0.102733746,0.09952957,0.100095354,0.5861275,4,4
0.10069352,0.14391261,0.09642883,0.09697697,0.56198806,4,4
0.107201844,0.10339889,0.098657615,0.09809606,0.5926456,4,4
0.11075473,0.10559422,0.09927979,0.09984414,0.5845271,4,4
0.105836056,0.10975167,0.10534925,0.09926312,0.57979995,4,4
0.10880724,0.10513603,0.10366916,0.099087104,0.5833004,4,4
0.3610205,0.13937773,0.11891267,0.11958863,0.26110047,0,0
0.20331535,0.11543544,0.10274666,0.103330724,0.4751718,4,4
0.32341573,0.16823858,0.12846667,0.12919694,0.2506821,1,0
0.1170121,0.1119285,0.09761292,0.098778196,0.5746683,4,4
0.09989609,0.09941007,0.10445139,0.09723504,0.5990074,4,4
0.23890963,0.33437178,0.12679541,0.1279571,0.17196606,1,1
0.11154475,0.15169403,0.08889514,0.08940046,0.5584656,4,4
0.18059394,0.33590797,0.119353175,0.12003164,0.24411328,1,1
0.10692215,0.11138065,0.11241249,0.0977427,0.57154197,4,4
0.15543757,0.43200725,0.12650606,0.12147403,0.16457509,1,1
0.14180589,0.09737439,0.09672483,0.09552087,0.568574,4,4
0.11429357,0.09881606,0.097335994,0.096781954,0.5927724,4,4
0.21514489,0.13992915,0.11720355,0.115827434,0.41189495,4,4
0.10145869,0.12102908,0.102892905,0.09885475,0.5757646,4,4
0.16703618,0.42049763,0.12241973,0.11759161,0.17245491,3,1
0.11643125,0.12009418,0.10167581,0.100175925,0.56162286,4,4
0.16168803,0.3069822,0.12623096,0.12406762,0.2810312,1,1
0.09865069,0.16051222,0.09199726,0.091408245,0.5574316,4,4
0.11990641,0.10147958,0.122829825,0.095392,0.5603922,4,4
0.123274036,0.1001204,0.12613527,0.09702626,0.553444,4,4
0.33403465,0.2789111,0.12299071,0.12488929,0.13917421,0,0
0.20722792,0.32984388,0.113770925,0.114680514,0.23447673,0,1
0.14657566,0.3286566,0.13577673,0.11905496,0.269936,0,1
0.20105617,0.35163575,0.14243898,0.12948373,0.17538539,1,1
0.11195736,0.10089168,0.09892541,0.097525775,0.5906998,4,4
0.12103871,0.10325407,0.09987087,0.0986995,0.5771368,4,4
0.10872466,0.11331833,0.104850076,0.10437922,0.56872773,4,4
0.096452355,0.09522775,0.09489647,0.09543591,0.6179875,4,4
0.09874968,0.101728685,0.0949935,0.09553349,0.6089946,4,4
0.10499894,0.115423076,0.10401315,0.10326435,0.5723005,4,4
0.24673755,0.28961322,0.13282,0.13376841,0.19706081,1,1
0.103979655,0.10422311,0.09834712,0.098062165,0.595388,4,4
0.10269075,0.113506675,0.10066973,0.10027553,0.5828573,4,4
0.32472324,0.19406077,0.12031136,0.121842645,0.23906201,0,0
0.16762091,0.11943292,0.107324265,0.10793434,0.4976876,4,4
0.36302328,0.19537255,0.11887669,0.1198271,0.20290036,0,0
0.099750705,0.11403829,0.09943561,0.09864611,0.5881293,4,4
0.11585891,0.10214893,0.09831314,0.09692216,0.5867568,4,4
0.1211724,0.108816795,0.102329366,0.1017469,0.56593454,4,4
0.17151526,0.13294056,0.11425922,0.11490873,0.46637622,4,4
0.14683175,0.4849364,0.11174465,0.11274111,0.14374612,1,1
0.25901043,0.2849491,0.140327,0.13824806,0.17746542,1,1
0.09424228,0.09518424,0.095207326,0.095748544,0.6196176,4,4
0.3815864,0.20481114,0.11700128,0.11793669,0.17866448,0,0
0.35005462,0.15439174,0.12335219,0.12405339,0.24814801,0,0
0.33045724,0.23611422,0.1293057,0.1276978,0.17642505,0,0
0.39070264,0.21553396,0.120598845,0.121563025,0.15160152,0,0
0.09929729,0.09596113,0.09533125,0.09587317,0.6135372,4,4
0.09439167,0.09462245,0.09525577,0.095797256,0.6199329,4,4
0.2568616,0.27964765,0.14233159,0.13898054,0.1821786,0,1
0.101711765,0.118297614,0.097979486,0.098536454,0.58347464,4,4
0.10242484,0.1181571,0.09905395,0.09961702,0.58074707,4,4
0.12480136,0.110459186,0.10162884,0.10105036,0.56206024,4,4
0.2461023,0.22608072,0.13040924,0.12898116,0.2684266,1,4
0.11076489,0.13534668,0.098418094,0.09734034,0.55812997,4,4
0.17167674,0.3257003,0.1487724,0.13996528,0.21388523,1,1
0.10067917,0.102961496,0.09845475,0.099014424,0.5988901,4,4
0.109958455,0.109295726,0.09844796,0.099007584,0.5832903,4,4
0.11289557,0.105844446,0.10227107,0.1007143,0.5782746,4,4
0.32829264,0.23520608,0.13131596,0.12954183,0.1756435,0,0
0.12526356,0.10773464,0.100332856,0.09880559,0.56786335,4,4
0.15610188,0.36372855,0.116987,0.11765201,0.24553058,1,1
0.12127969,0.10493018,0.10127584,0.09819972,0.5743146,4,4
0.11299663,0.10740554,0.09911105,0.09787861,0.58260816,4,4
0.1397908,0.39472345,0.12935504,0.12170788,0.21442288,1,1
0.10562424,0.09925108,0.098606445,0.09775936,0.5987589,4,4
0.28709468,0.25683615,0.13688481,0.13874465,0.18043968,1,0
0.104273096,0.103058875,0.0948677,0.09540697,0.6023933,4,4
0.105742134,0.10829516,0.09564961,0.09619333,0.5941198,4,4
0.105114035,0.10066026,0.097560436,0.09811503,0.59855026,4,4
0.10578707,0.11075541,0.099200785,0.09976469,0.584492,4,4
0.1083933,0.108856075,0.1007788,0.09959554,0.5823763,4,4
0.10339085,0.106525585,0.09793638,0.09765262,0.5944946,4,4
0.12712377,0.12559734,0.100835755,0.10026179,0.5461813,4,4
0.14681803,0.11052231,0.097295776,0.097848855,0.54751503,4,4
0.1087333,0.11309922,0.09828376,0.09884246,0.5810413,4,4
0.11434443,0.1062876,0.09831942,0.098034546,0.58301395,4,4
0.15903294,0.38368616,0.1494648,0.12376569,0.18405038,1,1
0.10038318,0.10470596,0.100690834,0.09837523,0.5958448,4,4
0.1118254,0.1022509,0.098332055,0.09889103,0.5887006,4,4
0.15857103,0.49462363,0.11174702,0.11264043,0.12241789,1,1
0.0969788,0.10627747,0.094663456,0.09520157,0.60687876,4,4
0.11203832,0.097906716,0.09452626,0.09506359,0.6004651,4,4
0.10184766,0.10124864,0.09623367,0.09678071,0.60388935,4,4
0.09570552,0.09710972,0.09480931,0.095348254,0.6170272,4,4
0.10103556,0.09957646,0.096064486,0.09887709,0.6044464,4,4
0.09412943,0.097778805,0.09491584,0.09545539,0.61772054,4,4
0.14057384,0.105514415,0.09457746,0.09511509,0.5642192,4,4
0.13341397,0.10373659,0.09390013,0.0944339,0.5745154,4,4
0.11977071,0.10614402,0.09423545,0.09477113,0.58507866,4,4
0.30030134,0.2705408,0.1267437,0.12775701,0.17465712,4,0
0.10175575,0.10800262,0.09594243,0.09648781,0.5978114,4,4
0.099992536,0.100576244,0.09470217,0.09524051,0.6094885,4,4
0.10137916,0.102346376,0.095160924,0.09629694,0.60481656,4,4
0.0961317,0.0968404,0.096411325,0.0951742,0.6154424,4,4
0.098794825,0.13501675,0.09179484,0.09231664,0.58207697,4,4
0.1433754,0.44329,0.12060872,0.12157298,0.17115295,1,1
0.13886403,0.32106972,0.12129907,0.122268856,0.2964983,4,1
0.096332125,0.1179194,0.09469388,0.09523217,0.59582245,4,4
0.09658977,0.09765034,0.09459593,0.09513366,0.61603034,4,4
0.10358182,0.099110216,0.094450645,0.09498756,0.60786974,4,4
0.18641125,0.32031086,0.13092415,0.13212366,0.23023006,1,1
0.101621464,0.10452996,0.09511149,0.09565215,0.603085,4,4
0.10265396,0.09849753,0.09627262,0.096819885,0.605756,4,4
0.12227303,0.10705224,0.09763087,0.101298094,0.57174575,4,4
0.09664653,0.09700952,0.09463558,0.095173545,0.61653477,4,4
0.19848253,0.34871036,0.1290868,0.13011886,0.19360143,0,1
0.10441842,0.11288774,0.09464382,0.09503756,0.59301245,4,4
0.17967598,0.41426885,0.122230805,0.12320804,0.16061631,1,1
0.15867445,0.3541518,0.13551547,0.14377692,0.20788135,3,1
0.096686855,0.09436648,0.09463489,0.09778151,0.61653024,4,4
0.15121713,0.3624979,0.11358029,0.114488356,0.25821632,4,1
0.10002693,0.09682945,0.09514195,0.095682785,0.6123189,4,4
0.103668,0.10480469,0.09428891,0.094824895,0.6024135,4,4
0.09627544,0.09684365,0.09482758,0.09536662,0.6166867,4,4
0.09473438,0.10503018,0.09434098,0.09487725,0.61101717,4,4
0.19976024,0.3176968,0.13171089,0.13256268,0.2182694,4,1
0.09661159,0.106755294,0.09444352,0.09498039,0.60720915,4,4
0.12688777,0.10898807,0.09817328,0.098731354,0.5672195,4,4
0.1586223,0.3777995,0.12548107,0.12637708,0.21172011,1,1
0.10844276,0.11684795,0.09884571,0.09761534,0.57824826,4,4
0.17912462,0.22001421,0.121329434,0.12229947,0.35723227,4,4
0.10296941,0.11887441,0.10201718,0.10029157,0.5758474,4,4
0.09744615,0.11935865,0.09706081,0.09634243,0.589792,4,4
0.4369077,0.12921473,0.11095947,0.11137829,0.21153982,0,0
0.12114023,0.10580098,0.098524496,0.09889637,0.57563794,4,4
0.15077122,0.3470592,0.15789793,0.12952475,0.21474689,2,1
0.11569371,0.12465269,0.09753263,0.09715071,0.56497025,4,4
0.12314134,0.10226326,0.10696462,0.097701415,0.56992936,4,4
0.11373479,0.10962991,0.10047626,0.09929655,0.5768625,4,4
0.21248637,0.25821576,0.1264646,0.12723356,0.27559972,0,4
0.11127053,0.107321136,0.0976804,0.09804909,0.5856789,4,4
0.32972664,0.13953261,0.120009504,0.12069172,0.2900395,1,0
0.34737986,0.17346667,0.12390586,0.1250036,0.23024401,1,0
0.15427223,0.2831141,0.13685213,0.13020657,0.29555497,1,4
0.11475691,0.11131833,0.103025235,0.09980776,0.5710918,4,4
0.09061593,0.23169224,0.09000408,0.08846581,0.499222,4,4
0.15893517,0.4483375,0.1255374,0.11832193,0.14886801,2,1
0.31280547,0.27513012,0.13216022,0.1241971,0.15570706,1,0
0.21796653,0.28765768,0.16072834,0.14527357,0.18837391,1,1
0.12864117,0.43358487,0.11099055,0.10916383,0.21761961,1,1
0.24531248,0.30688497,0.14066178,0.13668954,0.17045125,0,1
0.12029653,0.50723207,0.105981976,0.10362546,0.16286393,1,1
0.18929131,0.29999712,0.16307709,0.13501556,0.21261893,0,1
0.13226885,0.4632627,0.10931467,0.10866199,0.18649183,1,1
0.15313202,0.24893561,0.19025673,0.13285317,0.2748225,0,4
0.17661138,0.2331341,0.14238136,0.14187357,0.3059996,4,4
0.100676976,0.12185087,0.099201225,0.10094551,0.5773254,4,4
0.12836249,0.48400253,0.10810371,0.106554255,0.17297703,1,1
0.12489804,0.48791644,0.11713188,0.10984894,0.16020466,1,1
0.10254868,0.10399113,0.13319583,0.099927865,0.5603365,4,4
0.12247685,0.4584344,0.11148205,0.107484594,0.20012209,1,1
0.13498394,0.2888811,0.09709699,0.09764893,0.38138908,1,4
0.1360281,0.4344589,0.11965576,0.11286476,0.19699247,1,1
0.244649,0.13362862,0.10905173,0.10967163,0.40299904,0,4
0.12787157,0.30538014,0.11042623,0.10912969,0.34719238,1,4
0.18918616,0.18147399,0.13672754,0.118578516,0.37403384,0,4
0.33212528,0.2193072,0.12992112,0.12887605,0.18977039,4,0
0.12972698,0.43066543,0.19939856,0.09932957,0.14087944,1,1
0.17171401,0.3973633,0.12076354,0.117278315,0.19288081,4,1
0.15450788,0.49571767,0.096758574,0.06979821,0.18321764,1,1
0.0396619,0.21210833,0.041399546,0.038333625,0.6684966,4,4
0.050673064,0.17936833,0.0822224,0.042695288,0.6450409,4,4
0.10153932,0.22990423,0.08278602,0.05491959,0.5308508,4,4
0.35648498,0.33563578,0.07905215,0.06383912,0.16498798,1,0
0.060760405,0.053320646,0.04770763,0.043500036,0.79471135,4,4
0.28768378,0.1336908,0.05645344,0.05756797,0.46460405,4,4
0.45429274,0.2063812,0.07693942,0.07994707,0.18243954,1,0
0.083228074,0.059091855,0.0872088,0.04672177,0.7237495,4,4
0.11342571,0.11213571,0.05343731,0.056866936,0.6641343,4,4
0.31240743,0.27313668,0.084228,0.087492846,0.24273504,0,0
0.049740203,0.13113134,0.039447296,0.040197723,0.7394835,4,4
0.06538602,0.06402956,0.049262542,0.05248322,0.76883864,4,4
0.055626933,0.049154554,0.040016092,0.0416118,0.8135906,4,4
0.14016813,0.44588682,0.08006266,0.087518096,0.24636428,4,1
0.4619969,0.24992265,0.06553631,0.06809821,0.15444592,0,0
0.06096328,0.050672933,0.04279218,0.043606237,0.80196536,4,4
0.24599831,0.2984091,0.095717,0.08744383,0.27243173,0,1
0.06367462,0.054225165,0.050795093,0.047926,0.78337914,4,4
0.046752933,0.12687069,0.037305806,0.038015496,0.7510551,4,4
0.05520525,0.046882156,0.040047083,0.04882756,0.809038,4,4
0.049707267,0.09285689,0.03536836,0.03650034,0.78556716,4,4
0.13560177,0.46147776,0.08465942,0.07527342,0.24298765,1,1
0.048025507,0.067194864,0.049349986,0.044965826,0.7904638,4,4
0.059058975,0.06812485,0.04887817,0.047291774,0.77664626,4,4
0.046145953,0.06575031,0.055318773,0.04333895,0.789446,4,4
0.3736951,0.22368616,0.15305914,0.08321275,0.16634682,2,0
0.15104336,0.5351733,0.066683955,0.069600165,0.17749922,0,1
0.26347703,0.29516798,0.09893506,0.08098735,0.26143256,1,1
0.06489647,0.050679464,0.04623397,0.043238554,0.79495156,4,4
0.061270412,0.05136912,0.046533573,0.043560613,0.7972663,4,4
0.064978704,0.061753552,0.04955264,0.04586545,0.7778496,4,4
0.11350181,0.5064338,0.111813895,0.0703506,0.19789991,1,1
0.048375513,0.06725384,0.051366925,0.04644272,0.786561,4,4
0.059384268,0.058146436,0.049841568,0.04560857,0.78701913,4,4
0.06425944,0.05662987,0.049104672,0.047451325,0.7825547,4,4
0.18275945,0.14476837,0.0644849,0.06476079,0.5432265,4,4
0.06575496,0.05157172,0.039722137,0.040477794,0.80247337,4,4
0.039796337,0.21696918,0.03605246,0.03656954,0.6706125,4,4
0.040832825,0.1450658,0.0365873,0.03711205,0.740402,4,4
0.04533162,0.06275458,0.046589877,0.04531138,0.8000125,4,4
0.045244,0.062711015,0.048354935,0.0452238,0.7984662,4,4
0.047063865,0.0581162,0.043404967,0.043177854,0.8082371,4,4
0.12793757,0.4836972,0.11820795,0.07574423,0.19441308,1,1
0.121258914,0.45561823,0.084710024,0.07774797,0.26066488,1,1
0.20797725,0.43025643,0.06986891,0.073654436,0.21824296,0,1
0.04751626,0.056476727,0.04247705,0.043285113,0.8102449,4,4
0.040389035,0.084842056,0.03531261,0.035984382,0.80347186,4,4
0.048525184,0.060841218,0.047439944,0.043496665,0.799697,4,4
0.060894314,0.06732505,0.054447453,0.04785837,0.7694748,4,4
0.2513368,0.1401174,0.05751899,0.06128496,0.4897418,4,4
0.051872823,0.08471272,0.03607052,0.03675671,0.79058725,4,4
0.044838633,0.06899583,0.040697932,0.04094348,0.8045241,4,4
0.078093685,0.26554483,0.054322354,0.048430853,0.5536083,4,4
0.035502136,0.13300338,0.033565715,0.034204252,0.7637245,4,4
0.4043108,0.22170608,0.08571532,0.09150821,0.19675957,0,0
0.34515706,0.18207067,0.07290744,0.07783474,0.3220301,4,0
0.4001645,0.22381476,0.085259646,0.08859256,0.20216854,1,0
0.05832209,0.05259848,0.046404574,0.04365635,0.79901856,4,4
0.04005768,0.040934224,0.036765587,0.045942314,0.8363002,4,4
0.04737385,0.06214979,0.096432716,0.04273828,0.75130534,4,4
0.041277844,0.06282138,0.03542473,0.036098633,0.8243774,4,4
0.04101311,0.04294601,0.036988072,0.037691716,0.84136105,4,4
0.2725238,0.34737948,0.087689154,0.09111705,0.20129052,0,1
0.041125022,0.06207986,0.03542308,0.036096953,0.82527506,4,4
0.37524706,0.19086827,0.07387926,0.08001757,0.27998784,0,0
0.050988734,0.07634792,0.039261807,0.040008705,0.7933929,4,4
0.2562127,0.28034762,0.085740745,0.09928049,0.27841842,0,1
0.27908564,0.26760677,0.083772875,0.12025582,0.24927886,0,0
0.14884906,0.075690664,0.041832168,0.043705516,0.68992263,4,4
0.14501537,0.10102496,0.041912686,0.05147295,0.660574,4,4
0.04386814,0.051091008,0.040492896,0.041263215,0.82328475,4,4
0.044722658,0.050662674,0.04048692,0.04125712,0.8228706,4,4
0.38009658,0.1917205,0.073159665,0.076471485,0.2785518,0,0
0.31430656,0.3144091,0.112997904,0.070102006,0.18818441,1,1
0.39353472,0.14529547,0.064689,0.06596612,0.33051467,0,0
0.046611343,0.053455736,0.040498856,0.041269287,0.81816477,4,4
0.041709892,0.03729008,0.036388427,0.037080664,0.84753096,4,4
0.060935695,0.06605526,0.049126398,0.044344325,0.77953833,4,4
0.05930253,0.058289956,0.045820985,0.043155834,0.7934307,4,4
0.40809464,0.19431202,0.076496504,0.082151845,0.23894495,0,0
0.1087949,0.055176638,0.051593162,0.047320887,0.7371144,4,4
0.418025,0.17655477,0.14287658,0.07302196,0.18952169,0,0
0.05039212,0.043753017,0.037395086,0.038106475,0.8303533,4,4
0.4211727,0.19582957,0.07736941,0.0829829,0.22264542,4,0
0.3640304,0.19596279,0.074778505,0.08051291,0.2847154,1,0
0.06218403,0.10806412,0.047482952,0.043602694,0.7386662,4,4
0.038619976,0.058832515,0.035709996,0.036389325,0.8304482,4,4
0.17346533,0.38676852,0.087573044,0.07867692,0.27351618,1,1
0.044973925,0.061233006,0.053670116,0.04453506,0.7955879,4,4
0.26206124,0.2863743,0.08771274,0.091141544,0.2727102,0,1
0.061234735,0.0625353,0.044664532,0.04551421,0.7860512,4,4
0.039802425,0.039303657,0.036067728,0.04476482,0.8400614,4,4
0.19665729,0.179746,0.056124955,0.057881158,0.50959057,4,4
0.14767496,0.09853097,0.042367,0.0436927,0.6677344,4,4
0.057995707,0.05601557,0.03938551,0.049038794,0.79756445,4,4
0.28284243,0.3105747,0.08154589,0.14024019,0.1847968,0,1
0.04492926,0.049487285,0.04091197,0.040173776,0.8244977,4,4
0.2634848,0.35251927,0.08846264,0.0924672,0.20306604,0,1
0.05055774,0.088627174,0.037527062,0.038240958,0.78504705,4,4
0.4176659,0.25288227,0.070013754,0.07307559,0.18636248,0,0
0.14970092,0.5442511,0.068878435,0.074601255,0.16256827,0,1
0.39388514,0.21047238,0.081642024,0.09985509,0.21414536,1,0
0.03785337,0.12075571,0.033495698,0.034132905,0.77376235,4,4
0.116418116,0.5673503,0.0677135,0.07127733,0.17724073,1,1
0.051875986,0.10226655,0.031987064,0.03333686,0.78053355,4,4
0.113949925,0.5674601,0.06822795,0.0731643,0.17719772,1,1
0.2290708,0.34063992,0.09376766,0.09692609,0.23959556,1,1
0.18468232,0.070503734,0.038401198,0.04039191,0.6660209,4,4
0.04644383,0.111322224,0.034759913,0.035421167,0.7720529,4,4
0.037409276,0.12449421,0.033832226,0.034475833,0.76978844,4,4
0.03645945,0.090944864,0.03450323,0.0351596,0.80293286,4,4
0.0395282,0.038417954,0.035874646,0.036557112,0.84962213,4,4
0.12341882,0.57204336,0.070114255,0.07347627,0.16094728,1,1
0.039063353,0.045709524,0.036955215,0.03765823,0.84061366,4,4
0.43843102,0.17124029,0.072504066,0.07533834,0.24248622,3,0
0.03977502,0.056405134,0.035156243,0.035825036,0.83283854,4,4
0.040417872,0.056736916,0.035363033,0.036035765,0.83144635,4,4
0.043880355,0.05415766,0.03739909,0.03793548,0.8266274,4,4
0.038986225,0.038118538,0.036446895,0.03755556,0.84889275,4,4
0.038365595,0.05806761,0.0351464,0.035815008,0.8326054,4,4
0.050896537,0.08225837,0.037521664,0.036844652,0.79247874,4,4
0.042577844,0.09339231,0.03807742,0.03739037,0.78856206,4,4
0.08496846,0.08442981,0.033187814,0.07092272,0.7264912,4,4
0.10720227,0.054888006,0.031731177,0.038938954,0.7672396,4,4
0.040565334,0.08620057,0.035234243,0.03631114,0.80168873,4,4
0.058680426,0.052617993,0.039717454,0.047471724,0.8015124,4,4
0.03929617,0.0748734,0.035618603,0.042572644,0.8076392,4,4
0.042985998,0.043773584,0.038854238,0.039593384,0.8347928,4,4
0.04060436,0.044921905,0.036924794,0.037627235,0.8399217,4,4
0.13192736,0.4842465,0.07648371,0.11960111,0.18774128,3,1
0.27508837,0.31709194,0.08209085,0.08602717,0.23970161,4,1
0.04917447,0.12989175,0.036854792,0.0375559,0.74652314,4,4
0.049049415,0.087538265,0.03764029,0.038356338,0.7874157,4,4
0.05207061,0.04188681,0.037860956,0.038581207,0.8296004,4,4
0.15078105,0.20088015,0.058680456,0.061010674,0.5286477,4,4
0.050185893,0.04675605,0.039192047,0.047041737,0.81682426,4,4
0.08448238,0.057340447,0.0326989,0.034839813,0.7906385,4,4
0.052925166,0.057675526,0.04768235,0.044619553,0.7970974,4,4
0.047671106,0.15002096,0.038771305,0.04006412,0.72347254,4,4
0.12231418,0.553362,0.08436195,0.06848725,0.17147464,1,1
0.06386448,0.15206829,0.047323726,0.043050945,0.69369256,4,4
0.04425987,0.16223454,0.0423064,0.046813518,0.7043857,4,4
0.045014046,0.06497934,0.047974437,0.04477027,0.7972619,4,4
0.16358086,0.41750026,0.082955025,0.07505145,0.26091242,1,1
0.3881468,0.2270397,0.085013315,0.07707768,0.22272252,1,0
0.26217213,0.14000502,0.069300264,0.06272712,0.4657954,4,4
0.052456804,0.065640576,0.059826963,0.046039697,0.77603596,4,4
0.05579299,0.045148693,0.040172312,0.04240956,0.81647646,4,4
0.1495272,0.41736948,0.09276063,0.079882786,0.26045987,1,1
0.039876625,0.23421147,0.0408761,0.0364184,0.64861745,4,4
0.1532371,0.38022816,0.09327746,0.08273638,0.29052088,1,1
0.049211934,0.06860411,0.051425133,0.04631756,0.7844413,4,4
0.05992417,0.067115456,0.049303018,0.044332195,0.7793251,4,4
0.13290103,0.5130115,0.10555259,0.067227244,0.18130764,1,1
0.14542812,0.4881248,0.11138406,0.07094135,0.18412165,1,1
0.18234612,0.39355084,0.09881596,0.071110964,0.25417605,2,1
0.14934707,0.48625264,0.102795236,0.07317192,0.18843317,1,1
0.119516075,0.5140683,0.100081086,0.072065964,0.19426858,1,1
0.13747469,0.51464665,0.08917291,0.070001744,0.18870403,1,1
0.04050643,0.20659886,0.039747622,0.037480522,0.6756666,4,4
0.20150797,0.42445162,0.07695431,0.08072117,0.2163649,2,1
0.29620996,0.35674745,0.09117787,0.07405482,0.18180989,1,1
0.06822759,0.363124,0.048301637,0.042379662,0.47796708,1,4
0.1540459,0.48405883,0.07201487,0.07343662,0.21644373,1,1
0.11076839,0.55852824,0.06925032,0.06334893,0.19810411,1,1
0.08469859,0.31387815,0.058238275,0.05526799,0.48791698,1,4
0.13518684,0.49931988,0.09720552,0.06797492,0.20031281,1,1
0.10635775,0.5687292,0.10902998,0.05647922,0.1594038,1,1
0.122909255,0.5451249,0.06975083,0.06201771,0.20019734,1,1
0.4339928,0.17259483,0.107704245,0.07582205,0.20988604,0,0
0.3847629,0.21185248,0.09025452,0.08296284,0.23016725,1,0
0.33521622,0.1854304,0.08228266,0.07565901,0.3214117,0,0
0.42140278,0.24898975,0.0832411,0.084796876,0.16156949,0,0
0.048939697,0.10463116,0.0852959,0.040348742,0.72078454,4,4
0.18938498,0.44997197,0.16509864,0.067558885,0.12798557,4,1
0.058814876,0.04545077,0.04558859,0.044913873,0.8052319,4,4
0.1371964,0.11113132,0.054361925,0.055797875,0.6415125,4,4
0.038562916,0.037569102,0.038853,0.039579164,0.84543586,4,4
0.038562916,0.037569102,0.038853,0.039579164,0.84543586,4,4
0.05820977,0.04340313,0.088865995,0.04276764,0.76675344,4,4
0.48763657,0.20332626,0.06328761,0.075472504,0.17027713,1,0
0.038109925,0.037480067,0.038760927,0.042216763,0.8434323,4,4
0.038109925,0.037480067,0.038760927,0.042216763,0.8434323,4,4
0.040327,0.07202656,0.03732971,0.038027406,0.8122893,4,4
0.046603497,0.038957156,0.04589545,0.040717684,0.8278262,4,4
0.04365738,0.038541764,0.041462034,0.040398587,0.8359402,4,4
0.059697006,0.045989133,0.05204991,0.044595968,0.797668,4,4
0.04295688,0.03844787,0.039761808,0.040504955,0.8383285,4,4
0.18373038,0.14067593,0.058655035,0.06020437,0.55673426,4,4
0.03835539,0.037577208,0.038861386,0.039587706,0.8456183,4,4
0.5044506,0.19177718,0.07433395,0.06618937,0.1632489,0,0
0.039429087,0.03767655,0.038964123,0.039692365,0.8442379,4,4
0.03835539,0.037577208,0.038861386,0.039587706,0.8456183,4,4
0.053215303,0.03999144,0.04884093,0.040861152,0.8170912,4,4
0.041257314,0.0384372,0.046344195,0.040288985,0.8336723,4,4
0.07649551,0.24063165,0.051144976,0.052100874,0.579627,4,4
0.15275292,0.52425796,0.07555328,0.07775318,0.16968264,1,1
0.04045579,0.03840427,0.039716713,0.04045902,0.8409642,4,4
0.0426181,0.061595615,0.037583552,0.04038986,0.81781286,4,4
0.038846955,0.037597246,0.038882107,0.04221278,0.8424609,4,4
0.10709831,0.5606646,0.06770976,0.063727625,0.2007997,1,1
0.24100755,0.47862142,0.062231913,0.07069906,0.1474401,1,1
0.48523816,0.18970509,0.06821738,0.07100346,0.18583593,0,0
0.04598998,0.17825073,0.042494655,0.038871385,0.6943933,4,4
0.3391426,0.21304412,0.21372436,0.08482284,0.14926603,2,0
0.041515842,0.06805978,0.03734496,0.040458385,0.812621,4,4
0.037349295,0.12233546,0.035339214,0.035999704,0.76897633,4,4
0.2262977,0.36548087,0.08858143,0.08584587,0.23379414,0,1
0.27120048,0.315425,0.09599671,0.07832803,0.23904972,3,1
0.04211434,0.038374245,0.046981618,0.040222995,0.8323068,4,4
0.29569927,0.3027069,0.11438762,0.09983492,0.1873713,2,1
0.08422012,0.11466404,0.05184998,0.052819055,0.69644684,4,4
0.05474952,0.038805243,0.041382905,0.040464323,0.8245981,4,4
0.1844702,0.40906525,0.06997449,0.07211058,0.26437953,0,1
0.21607171,0.5090495,0.06939021,0.07197553,0.13351308,1,1
0.20645766,0.5248017,0.070720285,0.07010892,0.12791148,1,1
0.038198758,0.037736233,0.0397959,0.039554246,0.8447148,4,4
0.040874045,0.038661607,0.041400667,0.040524203,0.8385395,4,4
0.131354,0.4707135,0.07894363,0.07684803,0.24214081,1,1
0.16284789,0.5162614,0.09346002,0.07034985,0.1570808,1,1
0.18683209,0.4781806,0.09867192,0.074607685,0.1617077,1,1
0.058390066,0.04619336,0.047028083,0.044821035,0.80356747,4,4
0.15031886,0.5487486,0.09022086,0.0728547,0.13785698,1,1
0.040783785,0.038659647,0.04153745,0.040522147,0.838497,4,4
0.04062165,0.038884714,0.04160766,0.040516008,0.8383699,4,4
0.21480164,0.17620319,0.07872581,0.08019719,0.4500721,4,4
0.038198844,0.037545525,0.039795987,0.039554328,0.8449053,4,4
0.15868393,0.5425302,0.0859255,0.07312179,0.13973859,1,1
0.35977206,0.25631568,0.11497409,0.09452877,0.17440943,0,0
0.043323547,0.0660855,0.037453547,0.03815355,0.8149839,4,4
0.09323049,0.06564778,0.0344736,0.035117913,0.7715302,4,4
0.037509818,0.12835316,0.0352921,0.035951708,0.7628932,4,4
0.040359005,0.038114164,0.05491057,0.039950386,0.8266659,4,4
0.040395614,0.03814874,0.05405328,0.039986625,0.82741576,4,4
0.057852127,0.038671847,0.04138735,0.040325224,0.82176346,4,4
0.043001678,0.06633691,0.03745651,0.03815657,0.81504834,4,4
0.042772554,0.03847743,0.041019253,0.043185953,0.8345448,4,4
0.038595248,0.037758652,0.038851615,0.03957775,0.84521675,4,4
0.040678866,0.038395338,0.039707474,0.04044961,0.8407687,4,4
0.07274063,0.04648734,0.044905446,0.044159494,0.7917071,4,4
0.053962037,0.072243385,0.041682936,0.04246199,0.78964967,4,4
0.04330973,0.06499373,0.03750004,0.038200915,0.8159955,4,4
0.054141205,0.20252088,0.041553233,0.040697504,0.66108716,4,4
0.046945877,0.039114643,0.04197982,0.04078695,0.8311727,4,4
0.058301486,0.046120524,0.045966443,0.04488565,0.8047259,4,4
0.03918511,0.03741754,0.041952748,0.03941949,0.8420251,4,4
0.28540164,0.30378714,0.08584168,0.08854358,0.23642595,1,1
0.1937292,0.20517926,0.08327575,0.08483218,0.43298358,4,4
0.21171987,0.44962025,0.07676203,0.078997105,0.18290079,4,1
0.17135939,0.33931473,0.06767091,0.068935685,0.35271928,4,4
0.0451172,0.039414167,0.042050056,0.040855195,0.8325634,4,4
0.47154123,0.2035948,0.068864726,0.07096693,0.18503234,0,0
0.053531207,0.040745605,0.041831154,0.04114404,0.822748,4,4
0.03835539,0.037577208,0.038861386,0.039587706,0.8456183,4,4
0.0448127,0.038373318,0.039684705,0.04042641,0.8367029,4,4
0.2679389,0.40268847,0.094706714,0.081848934,0.15281697,0,1
0.03845887,0.037573162,0.038857203,0.039583445,0.8455273,4,4
0.04577497,0.03848004,0.04080971,0.040333886,0.8346014,4,4
0.039092157,0.037441798,0.038721345,0.042173654,0.8425711,4,4
0.040706087,0.038538296,0.03985532,0.040600214,0.8403001,4,4
0.038235832,0.03758188,0.03886622,0.039592627,0.84572345,4,4
0.38335443,0.23406827,0.09427909,0.096041165,0.19225705,4,0
0.4053274,0.24834576,0.07649108,0.07994909,0.18988664,0,0
0.17910035,0.41606528,0.08705978,0.08534487,0.23242971,1,1
0.05138366,0.040380035,0.04194722,0.0412582,0.82503086,4,4
0.29639745,0.32807478,0.15029784,0.0759708,0.1492591,1,1
0.060311634,0.040117804,0.044193085,0.040738523,0.814639,4,4
0.43427992,0.22974838,0.07150646,0.074683465,0.1897818,0,0
0.12085712,0.114810996,0.05682103,0.057883013,0.64962786,4,4
0.14574751,0.15426545,0.06777069,0.06903733,0.563179,4,4
0.39117336,0.25058034,0.101762116,0.09015131,0.16633284,0,0
0.048557103,0.040623147,0.044667486,0.041251685,0.82490057,4,4
0.28626582,0.3272793,0.08254747,0.08621503,0.21769239,1,1
0.44444016,0.22475052,0.07386563,0.07612048,0.1808232,0,0
0.30130154,0.3053586,0.087161876,0.08982262,0.21635537,1,1
0.037828144,0.037237864,0.038510446,0.048441682,0.8379818,4,4
0.037828144,0.037237864,0.038510446,0.048441682,0.8379818,4,4
0.038365513,0.037491895,0.040946234,0.03949783,0.8436985,4,4
0.0438249,0.06494982,0.037480224,0.038180728,0.8155644,4,4
0.039493687,0.07979609,0.037038013,0.037730254,0.80594194,4,4
0.038361598,0.037576966,0.038861137,0.03958745,0.8456128,4,4
0.40574145,0.2716512,0.07359237,0.07583889,0.17317608,1,0
0.16590552,0.53513235,0.079769865,0.065601274,0.15359099,1,1
0.038401417,0.037431587,0.042391483,0.03943429,0.84234124,4,4
0.20673516,0.5012913,0.06679547,0.07238017,0.15279795,1,1
0.03665798,0.12992203,0.035049237,0.035704307,0.76266646,4,4
0.037074722,0.11391781,0.03570476,0.036372084,0.7769306,4,4
0.10211724,0.32123363,0.057667397,0.059427783,0.45955396,4,4
0.101959676,0.31662717,0.05776273,0.059526026,0.4641244,4,4
0.038774773,0.089972645,0.036640275,0.03732508,0.7972872,4,4
0.04363108,0.06445323,0.03750926,0.038210306,0.8161962,4,4
0.18818511,0.52325875,0.065160856,0.06892799,0.1544673,1,1
0.038235832,0.03758188,0.03886622,0.039592627,0.84572345,4,4
0.04113488,0.06479869,0.03748447,0.040925097,0.81565684,4,4
0.46492487,0.21391666,0.070492625,0.07600152,0.1746643,3,0
0.038318973,0.03754153,0.039774,0.03955012,0.8448154,4,4
0.037048664,0.10863843,0.035927884,0.036599375,0.78178567,4,4
0.040631402,0.06322887,0.037686896,0.038391262,0.82006156,4,4
0.03786068,0.086490326,0.036825165,0.037513427,0.8013104,4,4
0.03786068,0.086490326,0.036825165,0.037513427,0.8013104,4,4
0.037592027,0.036949087,0.0382118,0.055763707,0.83148336,4,4
0.03883614,0.09707905,0.036338836,0.03701801,0.7907279,4,4
0.040640425,0.06605426,0.037567694,0.038269836,0.81746775,4,4
0.040443603,0.06927876,0.037440367,0.03814013,0.81469715,4,4
0.1672726,0.56659,0.06107378,0.061438806,0.14362481,1,1
0.03836439,0.037539065,0.039789136,0.03954752,0.84475994,4,4
0.15950386,0.4933993,0.08047954,0.07970018,0.18691719,1,1
0.13804647,0.43751818,0.08323105,0.08219996,0.25900427,1,1
0.041111335,0.03864645,0.041523267,0.04050831,0.8382107,4,4
0.046736173,0.03914016,0.041595116,0.04081356,0.8317149,4,4
0.08300437,0.2601295,0.057246033,0.05590003,0.54372007,4,4
0.04079397,0.038418923,0.047241427,0.040269826,0.83327585,4,4
0.040796857,0.03849806,0.045360018,0.040352777,0.8349923,4,4
0.22065096,0.4190886,0.09961039,0.08412384,0.17652622,1,1
0.04097777,0.038668778,0.041126717,0.040531717,0.838695,4,4
0.33617365,0.32492927,0.13416618,0.069332235,0.13539866,0,0
0.045525994,0.03815377,0.048803408,0.0399919,0.82752496,4,4
0.04549504,0.1570866,0.04167879,0.04006281,0.7156767,4,4
0.108487494,0.5847954,0.06766336,0.06420276,0.17485093,1,1
0.044135373,0.18300088,0.039710272,0.03886549,0.69428796,4,4
0.13676868,0.46516737,0.08768904,0.083357535,0.22701734,1,1
0.15716724,0.52541286,0.09022602,0.07106906,0.15612486,1,1
0.24419919,0.32064256,0.121494494,0.10028221,0.21338153,1,1
0.04650253,0.03910403,0.042670384,0.040775884,0.8309472,4,4
0.19864947,0.4334765,0.07548769,0.07742037,0.21496598,0,1
0.10111123,0.22367272,0.053217143,0.054361857,0.5676371,4,4
0.040199764,0.08399351,0.03599397,0.08246209,0.7573507,4,4
0.04243401,0.21578045,0.03867913,0.037272654,0.6658338,4,4
0.17414837,0.39867434,0.13373774,0.078809194,0.21463034,2,1
0.24092747,0.23445553,0.29340002,0.07957024,0.15164673,0,2
0.12908733,0.5901925,0.08239806,0.06171656,0.1366056,1,1
0.1494548,0.58536947,0.068887524,0.070828125,0.1254601,1,1
0.10890169,0.5787153,0.067458995,0.06577935,0.17914464,1,1
0.124623775,0.6323238,0.0729989,0.058546096,0.11150743,1,1
0.1919145,0.18510208,0.06555937,0.06678467,0.4906394,0,4
0.43514383,0.25292498,0.07127938,0.0734553,0.16719657,0,0
0.2901904,0.3111554,0.13290602,0.078447364,0.18730082,0,1
0.26672295,0.25830102,0.1610852,0.09256703,0.22132382,4,0
0.12105338,0.16861676,0.06539227,0.060124785,0.5848128,0,4
0.23819388,0.28803915,0.19731931,0.093436696,0.18301094,1,1
0.21731752,0.26352292,0.27188367,0.0840167,0.16325921,1,2
0.21765824,0.26907068,0.25598705,0.088397,0.16888703,0,1
0.36857772,0.22526571,0.08237285,0.0804626,0.24332106,1,0
0.27209863,0.16560853,0.07966251,0.077097595,0.40553275,0,4
0.07347131,0.22111234,0.05343338,0.050927326,0.6010557,1,4
0.05940209,0.04577695,0.04218593,0.04318148,0.8094536,4,4
0.045202542,0.04652963,0.061818503,0.04347482,0.8029745,4,4
0.058144603,0.051038492,0.046144098,0.044988807,0.799684,4,4
0.17045611,0.592893,0.06408576,0.0659015,0.10666367,1,1
0.25657687,0.26358813,0.22150359,0.08817857,0.17015284,2,1
0.05466587,0.094123706,0.08293163,0.040353876,0.7279249,4,4
0.049749754,0.06493533,0.048147745,0.047385644,0.7897815,4,4
0.21645232,0.3429479,0.12102719,0.112920426,0.20665215,1,1
0.21003821,0.43539688,0.09825155,0.08336919,0.17294417,0,1
0.05141167,0.055847675,0.046847343,0.043406364,0.80248696,4,4
0.052296657,0.044127718,0.040435906,0.04139015,0.82174957,4,4
0.2804212,0.26878518,0.081960976,0.08422343,0.2846092,4,4
0.045412704,0.04906315,0.04559686,0.04340939,0.81651795,4,4
0.041652467,0.040632527,0.03949702,0.040429104,0.8377888,4,4
0.04705076,0.07037632,0.044290416,0.04874034,0.78954214,4,4
0.04274363,0.06448824,0.040375546,0.044432133,0.80796045,4,4
0.26538807,0.19842684,0.07668345,0.078621715,0.38087988,1,4
0.5520118,0.1673925,0.06938748,0.07129733,0.1399109,0,0
0.042212304,0.040313467,0.03948666,0.040418502,0.8375691,4,4
0.046569604,0.04784719,0.04266639,0.040106174,0.82281065,4,4
0.055183522,0.052523375,0.041620973,0.04571379,0.80495834,4,4
0.26212606,0.34063044,0.11928914,0.084544584,0.19340974,2,1
0.07133743,0.07918501,0.037498213,0.038383137,0.7735962,4,4
0.56013876,0.16005841,0.06583785,0.08355526,0.13040972,0,0
0.115562744,0.5430982,0.17019482,0.067176335,0.103967905,1,1
0.43854564,0.25583845,0.08511773,0.08742756,0.13307068,0,0
0.06141132,0.04384882,0.044296604,0.042781003,0.80766225,4,4
0.057482123,0.04385849,0.042089324,0.043082595,0.81348747,4,4
0.16040424,0.53525734,0.07113132,0.07650736,0.15669972,0,1
0.042818666,0.04792303,0.040443484,0.042315003,0.8264998,4,4
0.046346415,0.059763435,0.049274847,0.04429706,0.8003183,4,4
0.048268415,0.124780566,0.04564829,0.044925753,0.736377,4,4
0.052419327,0.046778876,0.06478926,0.044792727,0.7912198,4,4
0.05310653,0.046167884,0.04046542,0.041420355,0.81883985,4,4
0.07060529,0.050414175,0.048838805,0.044491082,0.7856507,4,4
0.05663497,0.051812403,0.047180753,0.04532711,0.7990447,4,4
0.054409258,0.049175795,0.044976633,0.044045147,0.80739313,4,4
0.24059306,0.22929914,0.099434294,0.12000484,0.31066865,2,4
0.045445364,0.052795064,0.048861668,0.05486479,0.7980331,4,4
0.30391374,0.24600619,0.08844306,0.09160741,0.27002957,4,0
0.31215376,0.24653293,0.08850287,0.09161533,0.2611951,4,0
0.1821504,0.15211684,0.06594744,0.0680698,0.5317155,4,4
0.13766564,0.34375936,0.08315594,0.10726476,0.32815424,0,1
0.05819499,0.07151309,0.040999506,0.04199196,0.78730047,4,4
0.04385854,0.05860616,0.04205919,0.042995162,0.8124809,4,4
0.050851747,0.048886884,0.042139553,0.04313401,0.8149878,4,4
0.050580364,0.062800206,0.055288717,0.04792198,0.7834087,4,4
0.061542396,0.04976764,0.050006326,0.044554267,0.7941294,4,4
0.07407317,0.048821136,0.04736923,0.04558941,0.784147,4,4
0.40914443,0.28496733,0.07367687,0.07583308,0.15637824,0,0
0.041180376,0.04275839,0.039037537,0.03995878,0.83706486,4,4
0.059746776,0.057112075,0.046163328,0.04541232,0.7915655,4,4
0.06585416,0.18466541,0.05416893,0.052755505,0.642556,4,4
0.31673482,0.19947156,0.08212979,0.08450809,0.31715572,0,4
0.04637441,0.044974152,0.039781112,0.040850367,0.82802,4,4
0.043876234,0.04255518,0.039674073,0.040740453,0.833154,4,4
0.35787538,0.27815047,0.08590398,0.08808472,0.18998545,0,0
0.3069489,0.39784452,0.081703655,0.084020056,0.12948287,0,1
0.30726612,0.25832984,0.0884036,0.09432086,0.25167957,0,0
0.3082633,0.28596497,0.08679588,0.092605524,0.2263703,1,0
0.047268387,0.04419419,0.040816367,0.04177959,0.8259415,4,4
0.41769397,0.1553628,0.09220645,0.09438243,0.24035437,4,0
0.044734146,0.056217786,0.040249877,0.04119974,0.8175984,4,4
0.4532655,0.20611928,0.07478561,0.07660815,0.18922141,4,0
0.047105037,0.058750533,0.045401197,0.046472616,0.8022706,4,4
0.11410039,0.5630753,0.06775888,0.06935054,0.18571492,1,1
0.17456563,0.48323312,0.07671828,0.075522795,0.18996023,1,1
0.09204795,0.061041094,0.043368157,0.044417944,0.7591248,4,4
0.13398191,0.5645592,0.09224217,0.08203446,0.12718222,1,1
0.09545126,0.52368695,0.07462548,0.073714346,0.23252197,1,1
0.04759001,0.05151487,0.043399766,0.042899072,0.81459624,4,4
0.049962442,0.053783614,0.04259883,0.04321613,0.81043893,4,4
0.15246214,0.6031227,0.0747314,0.07692284,0.092760906,1,1
0.040754832,0.063983575,0.038884584,0.039802216,0.81657475,4,4
0.039932743,0.046915766,0.039025787,0.03994676,0.834179,4,4
0.07558928,0.09441272,0.048982006,0.049914375,0.73110163,4,4
0.25221607,0.36003375,0.10111679,0.094018936,0.1926144,1,1
0.059052885,0.04767548,0.044272065,0.045316834,0.80368274,4,4
0.06872435,0.048099145,0.04356385,0.043056667,0.79655606,4,4
0.3780188,0.27561805,0.08368674,0.08151497,0.18116151,0,0
0.04426608,0.054556135,0.0417145,0.042698916,0.81676435,4,4
0.042135403,0.05204267,0.04059466,0.041552663,0.8236746,4,4
0.09853971,0.045030594,0.04538876,0.042890508,0.7681504,4,4
0.21348454,0.40123418,0.10709108,0.08462614,0.19356407,1,1
0.17041574,0.46265036,0.10412235,0.09010225,0.17270933,1,1
0.35129914,0.30879015,0.08824124,0.09123586,0.16043366,1,0
0.08759019,0.063703746,0.04627475,0.047361735,0.7550696,4,4
0.08845829,0.053263273,0.042527676,0.04353129,0.7722194,4,4
0.051018365,0.057966445,0.045520797,0.044329107,0.80116534,4,4
0.063788086,0.10505701,0.04624866,0.04448769,0.74041855,4,4
0.051567134,0.047979273,0.04127339,0.042247396,0.81693286,4,4
0.12785625,0.5521665,0.08214146,0.07960731,0.15822847,1,1
0.047251713,0.05079798,0.043053795,0.042440783,0.8164557,4,4
0.49950108,0.18776879,0.07022958,0.07362887,0.16887166,0,0
0.058401644,0.060495358,0.04449843,0.045548555,0.79105604,4,4
0.046385877,0.052082617,0.03915691,0.040080972,0.82229364,4,4
0.047820535,0.044509646,0.04203863,0.04745464,0.81817657,4,4
0.05037874,0.04999044,0.039615605,0.040345732,0.8196695,4,4
0.051074423,0.047817666,0.040315926,0.041058965,0.81973296,4,4
0.044402756,0.048430383,0.039116826,0.04003995,0.8280101,4,4
0.47585884,0.31051782,0.06553091,0.067938834,0.08015359,0,0
0.04470535,0.05835211,0.04029546,0.041246388,0.81540066,4,4
0.044411156,0.038859237,0.03906602,0.039987933,0.83767563,4,4
0.04757366,0.04566605,0.040373094,0.041325852,0.8250613,4,4
0.1370039,0.63850874,0.07537466,0.064559,0.08455371,1,1
0.04513694,0.08607183,0.037561085,0.03867378,0.7925564,4,4
0.1587617,0.59125125,0.07432702,0.07669317,0.098966874,1,1
0.04178754,0.06095332,0.038971346,0.039891027,0.8183968,4,4
0.39992875,0.18328978,0.086121246,0.09005574,0.24060446,0,0
0.14134093,0.5818325,0.07198486,0.07442743,0.13041426,1,1
0.057019986,0.055507597,0.04123535,0.042356938,0.8038801,4,4
0.05375062,0.05692683,0.039230432,0.040297486,0.8097946,4,4
0.12771901,0.65334284,0.057100672,0.058846124,0.10299136,4,1
0.040381093,0.045655947,0.039437205,0.047449194,0.82707655,4,4
0.0894392,0.068792075,0.05134254,0.089854784,0.70057136,4,4
0.13345993,0.6131887,0.062252536,0.06440574,0.1266931,1,1
0.040289696,0.04279771,0.03946249,0.04039376,0.83705634,4,4
0.14516729,0.30342838,0.07414419,0.077484645,0.39977545,1,4
0.078142256,0.08796572,0.043091152,0.04413424,0.74666667,4,4
0.08021696,0.094966605,0.04342094,0.04447201,0.7369235,4,4
0.050199777,0.049687237,0.038938098,0.039880652,0.82129425,4,4
0.16129549,0.62626535,0.060178306,0.06183209,0.090428725,1,1
0.5830065,0.19976397,0.06686107,0.071997374,0.07837104,0,0
0.39507315,0.23972002,0.08267451,0.0799895,0.20254286,0,0
0.27014023,0.2599495,0.08846634,0.09397371,0.28747022,3,4
0.076499164,0.047217317,0.03861997,0.04047016,0.7971934,4,4
0.0765892,0.051722024,0.041664727,0.04287937,0.78714466,4,4
0.04155522,0.043882787,0.03936132,0.040290207,0.8349105,4,4
0.04112722,0.04637522,0.039681423,0.040617872,0.8321983,4,4
0.041109346,0.039274562,0.039302066,0.040229563,0.8400845,4,4
0.5553446,0.19384421,0.07206206,0.07704588,0.10170325,1,0
0.050045602,0.044799443,0.040314384,0.04126576,0.82357484,4,4
0.33216748,0.3321491,0.08523348,0.087922975,0.16252697,0,0
0.41974297,0.35382128,0.06501663,0.06722276,0.094196305,1,0
0.039423805,0.042380817,0.03909492,0.040805116,0.83829534,4,4
0.06407514,0.105313,0.04701273,0.04209116,0.74150795,4,4
0.39727205,0.3360532,0.0733239,0.07552916,0.11782169,1,0
0.040088948,0.044479296,0.039448377,0.040326234,0.8356571,4,4
0.041667085,0.10158455,0.040247202,0.041142836,0.7753583,4,4
0.09672827,0.6403741,0.062639825,0.060858946,0.13939883,1,1
0.04619311,0.06751998,0.04628739,0.04557627,0.7944232,4,4
0.13546991,0.5313512,0.09069818,0.08082191,0.16165878,4,1
0.07114853,0.065896265,0.04493493,0.04567328,0.772347,4,4
0.070482515,0.073045105,0.04742072,0.048199933,0.76085174,4,4
0.062365483,0.06716984,0.04418053,0.04490649,0.7813777,4,4
0.048768036,0.05672797,0.06386553,0.04775763,0.78288084,4,4
0.051231436,0.058014657,0.043983873,0.043476444,0.8032936,4,4
0.066897914,0.05741614,0.049529735,0.045614656,0.78054154,4,4
0.050017636,0.054678224,0.04324453,0.04426505,0.8077946,4,4
0.043387264,0.09951422,0.0434125,0.04175294,0.77193314,4,4
0.11487279,0.4791151,0.092742175,0.084951356,0.22831857,1,1
0.066899225,0.14678694,0.055979107,0.054551277,0.67578346,4,4
0.05302638,0.07245766,0.04772112,0.046960726,0.77983415,4,4
0.055578295,0.055441298,0.049524564,0.0474504,0.7920054,4,4
0.42144293,0.14436288,0.08545362,0.087470256,0.2612703,1,0
0.0582722,0.04633067,0.04207772,0.04307072,0.8102487,4,4
0.04751007,0.043952737,0.04084593,0.041809846,0.8258814,4,4
0.12319637,0.55361223,0.10213319,0.083858475,0.13719971,1,1
0.19123092,0.57112545,0.06779981,0.061142545,0.108701296,1,1
0.09458296,0.6092707,0.0687713,0.0629741,0.16440089,1,1
0.044796467,0.18583764,0.045799933,0.04286894,0.680697,4,4
0.07492533,0.7132829,0.060361892,0.055703335,0.095726624,1,1
0.06647534,0.67908096,0.05509599,0.05395227,0.1453954,1,1
0.047662936,0.0743149,0.04867779,0.04769255,0.7816518,4,4
0.09079566,0.62487787,0.064625256,0.06278118,0.15692,1,1
0.27590126,0.23310868,0.09970337,0.12879634,0.26249036,0,0
0.27251327,0.3312662,0.09255629,0.13957512,0.1640891,3,1
0.07612847,0.6260865,0.060037613,0.058644045,0.17910346,1,1
0.49424395,0.26308155,0.06155333,0.063115895,0.118005246,0,0
0.46658793,0.23635307,0.06168504,0.06320516,0.1721688,0,0
0.09910337,0.14098084,0.104217894,0.067988515,0.58770937,4,4
0.21555705,0.38033935,0.14276637,0.06686168,0.19447552,1,1
0.13072048,0.58390737,0.1393565,0.055522066,0.09049363,1,1
0.03740747,0.22393715,0.03780887,0.037134286,0.6637122,4,4
0.061440896,0.053814624,0.045913246,0.042839024,0.79599214,4,4
0.05764087,0.09717732,0.04236975,0.04278034,0.7600317,4,4
0.13875449,0.3752203,0.2158449,0.06705808,0.20312227,2,1
0.05873771,0.13734442,0.11069118,0.0386879,0.65453875,4,4
0.31070328,0.25885522,0.08256965,0.08768058,0.26019123,3,0
0.33467436,0.26143083,0.08644878,0.091799825,0.22564621,1,0
0.051984623,0.09081504,0.039955102,0.04034229,0.776903,4,4
0.05653283,0.051144447,0.041418817,0.041820195,0.8090837,4,4
0.20021635,0.30970386,0.1011808,0.088859156,0.30003983,1,1
0.059212476,0.05011557,0.04132081,0.04218201,0.80716914,4,4
0.04063243,0.038416434,0.03628843,0.03669884,0.84796387,4,4
0.048062403,0.05802875,0.04241688,0.049108516,0.8023834,4,4
0.05613791,0.04386045,0.039428882,0.040249515,0.8203232,4,4
0.039062303,0.058601044,0.040022425,0.03556948,0.8267448,4,4
0.32851025,0.12940758,0.060246907,0.06083074,0.42100453,1,4
0.057535913,0.075002335,0.039978627,0.04630322,0.7811799,4,4
0.17088345,0.45270488,0.118784085,0.06973341,0.1878942,2,1
0.05265518,0.062821195,0.049035434,0.04776167,0.78772646,4,4
0.078355215,0.05877569,0.07790502,0.045574836,0.73938924,4,4
0.046818722,0.060300834,0.04290007,0.043332286,0.80664814,4,4
0.09709,0.48843798,0.23050027,0.050933342,0.13303834,1,1
0.3945371,0.19722195,0.07044156,0.08248111,0.25531828,0,0
0.30047983,0.27838686,0.08301489,0.09540685,0.24271154,0,0
0.13363108,0.46881443,0.08100266,0.07592985,0.24062198,1,1
0.056270607,0.048265055,0.04174733,0.04220342,0.8115136,4,4
0.1499704,0.49914008,0.09691994,0.07208731,0.18188223,1,1
0.087290026,0.056204367,0.033640347,0.039594278,0.78327096,4,4
0.05255058,0.12815978,0.044445466,0.07726643,0.6975777,4,4
0.06719241,0.06768019,0.047930345,0.04689509,0.770302,4,4
0.04526634,0.060546633,0.046082124,0.0434256,0.80467933,4,4
0.20628779,0.31602538,0.11590569,0.08508109,0.27670002,0,1
0.147484,0.46067718,0.09420774,0.0779577,0.21967334,3,1
0.17707714,0.12851523,0.06115433,0.06022629,0.573027,4,4
0.06386572,0.11607348,0.04500546,0.04518492,0.72987044,4,4
0.13426667,0.27729222,0.05834603,0.055670854,0.47442418,0,4
0.049652744,0.056419924,0.044577714,0.042533815,0.80681586,4,4
0.15503609,0.16744745,0.05882203,0.060322694,0.5583717,4,4
0.10780042,0.51544666,0.074421026,0.07266415,0.22966775,4,1
0.18039626,0.45830142,0.06985761,0.072462216,0.21898249,0,1
0.041280303,0.084726766,0.037057247,0.037416358,0.79951936,4,4
0.04857854,0.066818655,0.050245084,0.045432873,0.7889249,4,4
0.054206904,0.06524125,0.0487071,0.045332074,0.78651273,4,4
0.061427847,0.0655662,0.04924248,0.04645139,0.77731204,4,4
0.048346765,0.06784416,0.04811695,0.04548916,0.790203,4,4
0.06830887,0.06808385,0.04784711,0.046795845,0.76896435,4,4
0.11938206,0.5714468,0.07134421,0.07583459,0.16199243,1,1
0.037727576,0.1268035,0.037336133,0.034941252,0.7631915,4,4
0.3477053,0.18577002,0.072828084,0.07927624,0.31442034,4,0
0.05689174,0.05414038,0.045814004,0.04315651,0.7999974,4,4
0.42063177,0.25688094,0.0728666,0.0851884,0.16443233,0,0
0.17036633,0.47728732,0.06718497,0.07137256,0.21378885,0,1
0.04232241,0.1323214,0.03877066,0.040596742,0.7459888,4,4
0.066471435,0.06233201,0.08455906,0.045671996,0.7409655,4,4
0.09708683,0.053206854,0.057788305,0.04465565,0.74726236,4,4
0.050076947,0.07687346,0.036227852,0.036578923,0.80024284,4,4
0.47113222,0.18614063,0.072385296,0.0783349,0.19200692,0,0
0.058034196,0.08125075,0.040716395,0.042634126,0.77736455,4,4
0.05371869,0.050723553,0.04186839,0.04806398,0.8056254,4,4
0.1598238,0.3848719,0.10539408,0.079950646,0.26995957,0,1
0.083322346,0.060482293,0.048439194,0.04689814,0.760858,4,4
0.07802488,0.058878973,0.058698945,0.045359343,0.75903785,4,4
0.06672751,0.053751018,0.049678504,0.050829493,0.77901345,4,4
0.12389147,0.4937099,0.07408472,0.076080725,0.23223317,1,1
0.41638798,0.24443743,0.07471381,0.08468091,0.17977992,4,0
0.038372453,0.2065986,0.03890103,0.036644533,0.67948335,4,4
0.048869725,0.06562764,0.04852873,0.045558933,0.791415,4,4
0.17044973,0.17397156,0.07009736,0.059365727,0.52611566,1,4
0.05514925,0.090243414,0.048703644,0.041247323,0.7646563,4,4
0.116866164,0.49696416,0.07813164,0.08371302,0.22432505,2,1
0.047152568,0.061392263,0.04715736,0.050441172,0.7938567,4,4
0.06714405,0.066434555,0.048136253,0.05360808,0.7646771,4,4
0.038304448,0.060639236,0.03549718,0.035841174,0.829718,4,4
0.4444502,0.19723415,0.071096584,0.07511837,0.21210064,0,0
0.09996026,0.053867295,0.033431895,0.034323074,0.77841747,4,4
0.057387263,0.055807926,0.04446447,0.044967346,0.797373,4,4
0.20991865,0.3840935,0.08375882,0.078938015,0.24329105,0,1
0.06397174,0.05379015,0.04516198,0.04575426,0.7913218,4,4
0.34668788,0.23132855,0.08766411,0.12720399,0.20711544,1,0
0.05313748,0.045296926,0.03924481,0.047066525,0.8152543,4,4
0.15225099,0.44114426,0.07133549,0.07671092,0.25855836,1,1
0.058641817,0.054672156,0.046354305,0.04306194,0.79726976,4,4
0.058687877,0.051021967,0.042540796,0.043021917,0.8047274,4,4
0.32089612,0.21390654,0.08519116,0.09426535,0.28574085,0,0
0.039844174,0.03943695,0.036861148,0.03726385,0.84659386,4,4
0.051264208,0.066995196,0.048030905,0.045317292,0.7883924,4,4
0.12273844,0.51181304,0.07487426,0.07308989,0.21748438,1,1
0.13777164,0.515963,0.09377727,0.070774585,0.18171352,1,1
0.30438662,0.29640925,0.09396767,0.09187574,0.2133607,0,0
0.12303498,0.45964643,0.07234894,0.077554844,0.26741487,1,1
0.046650235,0.056999285,0.042488586,0.04290033,0.81096154,4,4
0.0651199,0.055815272,0.047278244,0.04486942,0.7869172,4,4
0.10241999,0.054865725,0.046877544,0.046275884,0.7495609,4,4
0.05892138,0.09085441,0.042945825,0.044968557,0.7623098,4,4
0.041065216,0.04975994,0.038565807,0.042594496,0.82801455,4,4
0.039140657,0.0384572,0.038830042,0.037625372,0.8459467,4,4
0.30938354,0.2213174,0.06778041,0.10322255,0.29829606,0,0
0.318058,0.22525688,0.06862674,0.10377509,0.28428328,4,0
0.05092336,0.043118957,0.037365526,0.04346125,0.82513094,4,4
0.18637352,0.49700886,0.087416746,0.07062239,0.1585785,1,1
0.30039006,0.2678969,0.09877946,0.09787515,0.23505846,4,0
0.2350971,0.19757773,0.080788545,0.080048926,0.40648767,4,4
0.03931522,0.05880257,0.035529714,0.035874024,0.8304784,4,4
0.04806961,0.054356504,0.03915713,0.04124254,0.8171742,4,4
0.08737019,0.29787305,0.05333198,0.05913951,0.5022853,4,4
0.13456738,0.54699326,0.072904475,0.080260426,0.16527447,1,1
0.10924749,0.108047254,0.048073377,0.04567249,0.6889594,4,4
0.42562857,0.22283065,0.076279074,0.0918381,0.1834236,0,0
0.22124793,0.13294987,0.056472715,0.060706,0.5286235,4,4
0.41251448,0.24170697,0.07638029,0.08828783,0.18111047,1,0
0.03926655,0.057799257,0.035325777,0.03571171,0.83189666,4,4
0.19280122,0.5062536,0.067481,0.07193602,0.16152817,1,1
0.03858849,0.0862351,0.03447764,0.034811754,0.80588704,4,4
0.45428067,0.20435704,0.07594627,0.08267052,0.18274552,0,0
0.37961614,0.26235253,0.08072143,0.08590589,0.19140403,1,0
0.040054884,0.03886337,0.03629589,0.036647625,0.8481383,4,4
0.20435578,0.10740916,0.048870824,0.19076651,0.4485978,4,4
0.4350939,0.20986865,0.07660616,0.09046727,0.18796402,0,0
0.049683813,0.049644977,0.04250938,0.0397341,0.8184277,4,4
0.03861172,0.040189877,0.03895837,0.03641492,0.8458251,4,4
0.3467785,0.28478882,0.0826484,0.0869692,0.1988151,1,0
0.03867749,0.038965464,0.039007373,0.036460724,0.84688896,4,4
0.042973638,0.048934713,0.042187657,0.039433375,0.8264706,4,4
0.4040036,0.25224796,0.09550124,0.07758338,0.17066377,0,0
0.04044259,0.057911377,0.0383032,0.035749402,0.82759345,4,4
0.18203074,0.15341736,0.055266507,0.08466467,0.5246207,4,4
0.03765359,0.11132098,0.036690846,0.034295432,0.78003913,4,4
0.051413566,0.050760396,0.03924404,0.043343585,0.81523836,4,4
0.1826146,0.4612026,0.065935984,0.07757044,0.21267638,1,1
0.038516864,0.038084175,0.036136195,0.036530983,0.85073173,4,4
0.3931648,0.25003693,0.0785303,0.09309115,0.18517682,1,0
0.05016064,0.071277566,0.03625627,0.04143495,0.80087054,4,4
0.038946476,0.13927282,0.035179406,0.035533834,0.75106746,4,4
0.037607916,0.037438437,0.03552349,0.05312302,0.8363071,4,4
0.0652759,0.06334538,0.036965728,0.035184115,0.7992289,4,4
0.11446199,0.103225216,0.0473142,0.045033827,0.6899648,4,4
0.04862874,0.08480426,0.037162315,0.042454258,0.7869504,4,4
0.039503023,0.059259698,0.035355955,0.036135938,0.8297454,4,4
0.039857473,0.039356817,0.036230817,0.037937284,0.8466176,4,4
0.04519076,0.06420716,0.045674514,0.043373726,0.80155385,4,4
0.067543775,0.070957445,0.047583763,0.053061917,0.7608531,4,4
0.052178904,0.11042496,0.043085806,0.040729847,0.75358045,4,4
0.13245372,0.40380913,0.10289118,0.09850427,0.26234168,4,1
0.042887665,0.15984704,0.04168348,0.04660708,0.7089747,4,4
0.11697961,0.3988974,0.16059811,0.07573876,0.24778615,0,1
0.05562876,0.060311846,0.045674335,0.042776752,0.7956083,4,4
0.2121157,0.31382173,0.102560654,0.08597052,0.28553134,1,1
0.047735043,0.17129193,0.043849587,0.040703308,0.69642013,4,4
0.12835562,0.43659222,0.08409979,0.07999492,0.2709574,1,1
0.124196514,0.49159306,0.07852575,0.07589186,0.22979277,4,1
0.042498037,0.21691611,0.040858466,0.03905286,0.6606746,4,4
0.13071011,0.53509265,0.09746576,0.06743275,0.16929878,1,1
0.04274158,0.24927583,0.04200724,0.04020856,0.62576675,4,4
0.03946095,0.24052839,0.039742444,0.03832677,0.6419414,4,4
0.055555504,0.046913765,0.04140365,0.043423273,0.8127038,4,4
0.082615785,0.31961057,0.059507906,0.054274235,0.48399153,4,4
0.09558989,0.59017867,0.08714269,0.058735557,0.16835323,1,1
0.04680544,0.14772858,0.044821743,0.038936507,0.7217077,4,4
0.2056633,0.4323287,0.05952709,0.118776694,0.18370417,4,1
0.20677947,0.40568843,0.103304386,0.07672296,0.20750475,1,1
0.10626803,0.5286749,0.07246316,0.06896823,0.22362566,1,1
0.11063388,0.5009939,0.07480984,0.0703932,0.24316922,1,1
0.03709267,0.091246195,0.036853462,0.03444743,0.80036026,4,4
0.26747987,0.37496814,0.101989895,0.074626744,0.18093535,1,1
0.10274128,0.37785196,0.05840235,0.058968306,0.40203616,0,4
0.11252636,0.562652,0.09648362,0.0658297,0.16250838,1,1
0.114945956,0.5103981,0.09104712,0.068473876,0.21513498,1,1
0.058920044,0.34193864,0.057803687,0.041689232,0.49964845,1,4
0.10267766,0.57943916,0.0630947,0.060074456,0.19471401,1,1
0.15599255,0.50337946,0.08705913,0.06482066,0.18874821,1,1
0.27543008,0.32985047,0.123703234,0.070703514,0.2003127,4,1
0.14352648,0.44465473,0.12598033,0.06995868,0.21587981,1,1
0.13625638,0.45037585,0.11084983,0.07539804,0.22711985,0,1
0.47382858,0.25065383,0.061575826,0.061561894,0.15237987,0,0
0.03766459,0.03760986,0.03796149,0.0379529,0.84881115,4,4
0.055399954,0.1563083,0.074532546,0.030548412,0.68321085,4,4
0.23820713,0.42338046,0.08666621,0.07232541,0.17942083,1,1
0.03735258,0.037298303,0.04593094,0.0376385,0.84177965,4,4
0.15564035,0.52047,0.12018946,0.06957955,0.13412064,2,1
0.036176085,0.036123518,0.0759813,0.036453,0.8152661,4,4
0.044760842,0.07263751,0.036232233,0.036224037,0.8101454,4,4
0.15778424,0.14722389,0.05941589,0.059402436,0.5761736,4,4
0.44381484,0.25773814,0.06691175,0.07484872,0.15668663,0,0
0.097212665,0.12851483,0.05254164,0.052529752,0.66920114,4,4
0.23367807,0.26779637,0.084116556,0.10264516,0.31176382,4,4
0.18786183,0.14781858,0.06762419,0.08251997,0.5141755,4,4
0.039153013,0.037526466,0.038522664,0.037868746,0.8469291,4,4
0.037519906,0.13221014,0.034083933,0.03407622,0.7621098,4,4
0.38921273,0.29737583,0.08370849,0.08368955,0.14601341,4,0
0.03766459,0.03760986,0.03796149,0.0379529,0.84881115,4,4
0.03766459,0.03760986,0.03796149,0.0379529,0.84881115,4,4
0.24853235,0.14531697,0.059410978,0.05939754,0.48734218,0,4
0.25562447,0.12092773,0.06110633,0.06109251,0.50124896,4,4
0.03766459,0.03760986,0.03796149,0.0379529,0.84881115,4,4
0.043683484,0.07433195,0.03613635,0.03784679,0.80800146,4,4
0.045570537,0.037275832,0.038265374,0.037615824,0.8412725,4,4
0.037192702,0.03713866,0.05001455,0.0374774,0.83817667,4,4
0.04498732,0.088283464,0.035580646,0.035572596,0.795576,4,4
0.05750489,0.120924965,0.033178236,0.03317073,0.7552212,4,4
0.27910236,0.16478397,0.06650269,0.069247626,0.4203633,0,4
0.11655032,0.52753556,0.07720286,0.08230725,0.196404,1,1
0.037574437,0.13094887,0.03413347,0.03412575,0.76321745,4,4
0.45463407,0.21885741,0.06485967,0.09513979,0.16650903,0,0
0.042536136,0.10031813,0.03518723,0.03517927,0.7867792,4,4
0.04437618,0.06139933,0.036709372,0.036701065,0.8208141,4,4
0.27890146,0.1663475,0.06667063,0.06665554,0.42142484,0,4
0.34603375,0.24328016,0.060527347,0.19617723,0.15398152,4,0
0.119196676,0.5775342,0.07766613,0.0648146,0.1607884,1,1
0.03759671,0.03754208,0.037893075,0.03968666,0.8472814,4,4
0.03759671,0.03754208,0.037893075,0.03968666,0.8472814,4,4
0.04249053,0.036721703,0.045220885,0.046800435,0.8287664,4,4
0.03691075,0.036857117,0.057216227,0.03719329,0.8318226,4,4
0.049771294,0.047703646,0.066168904,0.04813874,0.7882174,4,4
0.043984476,0.12046967,0.032496974,0.088595934,0.714453,4,4
0.03868301,0.03707599,0.040226776,0.047251962,0.8367623,4,4
0.03643575,0.036382806,0.059694987,0.046368524,0.82111794,4,4
0.13397641,0.45515478,0.084588945,0.07929661,0.24698327,3,1
0.036536075,0.18479566,0.059135232,0.032194916,0.68733805,4,4
0.055141274,0.26770142,0.083210714,0.046638668,0.54730797,4,4
0.048322972,0.04631549,0.09111963,0.04896124,0.76528066,4,4
0.42391324,0.2075979,0.06520783,0.07957134,0.22370969,4,0
0.42391324,0.2075979,0.06520783,0.07957134,0.22370969,4,0
0.037219107,0.037165023,0.037512496,0.04933162,0.8387717,4,4
0.43880817,0.22250117,0.06558273,0.09620039,0.1769075,0,0
0.03766459,0.03760986,0.03796149,0.0379529,0.84881115,4,4
0.38766864,0.3327075,0.07534629,0.080327936,0.12394963,1,0
0.037583373,0.037528764,0.0400359,0.037871063,0.84698087,4,4
0.06456645,0.041677497,0.0503969,0.042057637,0.8013015,4,4
0.14732946,0.49232525,0.081495516,0.08011213,0.19873768,1,1
0.039067347,0.03744436,0.04062645,0.03778589,0.845076,4,4
0.17516355,0.51254886,0.09726092,0.07344841,0.14157821,1,1
0.12099177,0.4863366,0.07803773,0.073808506,0.24082543,1,1
0.039153013,0.037526466,0.038522664,0.037868746,0.8469291,4,4
0.06456645,0.041677497,0.0503969,0.042057637,0.8013015,4,4
0.18385777,0.16952863,0.055279955,0.05526744,0.5360662,4,4
0.15470684,0.57307684,0.055104036,0.07647631,0.14063595,1,1
0.037583373,0.037528764,0.0400359,0.037871063,0.84698087,4,4
0.31632102,0.13786617,0.060233414,0.06421585,0.42136362,4,4
0.04521904,0.07306835,0.03619574,0.036187552,0.80932933,4,4
0.45545003,0.22867692,0.06866593,0.08190799,0.16529909,1,0
0.49219123,0.21293592,0.063962124,0.06819108,0.16271959,0,0
0.03766459,0.03760986,0.03796149,0.0379529,0.84881115,4,4
0.03766459,0.03760986,0.03796149,0.0379529,0.84881115,4,4
0.046337098,0.07298278,0.036153354,0.036145173,0.80838156,4,4
0.03766459,0.03760986,0.03796149,0.0379529,0.84881115,4,4
0.03735258,0.037298303,0.04593094,0.0376385,0.84177965,4,4
0.046177387,0.07252981,0.036178507,0.036170322,0.80894405,4,4
0.03759671,0.03754208,0.037893075,0.03968666,0.8472814,4,4
0.03759671,0.03754208,0.037893075,0.03968666,0.8472814,4,4
0.108307816,0.124280415,0.05116336,0.06460181,0.65164655,4,4
0.048735756,0.04671113,0.08335579,0.04937948,0.77181786,4,4
0.043986436,0.061230436,0.036732305,0.036723997,0.82132685,4,4
0.11196076,0.5515027,0.06688171,0.06325708,0.20639777,1,1
0.07005397,0.041433003,0.050101258,0.041810915,0.7966008,4,4
0.3272216,0.35022098,0.08830041,0.08001709,0.15423994,0,1
0.4773714,0.26764366,0.068103455,0.06808805,0.11879343,0,0
0.03766459,0.03760986,0.03796149,0.0379529,0.84881115,4,4
0.04354722,0.0727298,0.036278266,0.03627006,0.8111747,4,4
0.41602015,0.22373916,0.09595238,0.090275116,0.17401315,0,0
0.045213677,0.07255574,0.03681402,0.036183257,0.8092333,4,4
0.039153013,0.037526466,0.038522664,0.037868746,0.8469291,4,4
0.03735258,0.037298303,0.04593094,0.0376385,0.84177965,4,4
0.041791856,0.059011243,0.036913496,0.036905143,0.82537824,4,4
0.32805988,0.33327818,0.083494484,0.08901488,0.16615254,4,1
0.037613556,0.037558902,0.039265007,0.037901476,0.847661,4,4
0.30779698,0.33983946,0.096459866,0.08741114,0.16849259,0,1
0.03766459,0.03760986,0.03796149,0.0379529,0.84881115,4,4
0.039153013,0.037526466,0.038522664,0.037868746,0.8469291,4,4
0.062324684,0.041913196,0.04763356,0.042295486,0.8058331,4,4
0.27489552,0.14540228,0.05985875,0.059845194,0.45999828,0,4
0.03766459,0.03760986,0.03796149,0.0379529,0.84881115,4,4
0.037605345,0.037550703,0.037901778,0.039466195,0.847476,4,4
0.03764001,0.037585314,0.038589314,0.03792813,0.8482572,4,4
0.50625795,0.18034495,0.06579015,0.07013997,0.17746702,1,0
0.043967735,0.061629504,0.03671669,0.036708385,0.8209777,4,4
0.03759671,0.03754208,0.037893075,0.03968666,0.8472814,4,4
0.108677864,0.56589854,0.068305,0.08335073,0.17376783,1,1
0.038010515,0.07387888,0.036458388,0.03645014,0.81520206,4,4
0.06994437,0.058914866,0.037097406,0.035091463,0.79895186,4,4
0.12683056,0.53519225,0.064423524,0.10816431,0.16538934,1,1
0.44773725,0.18052796,0.06463115,0.13276295,0.17434067,1,0
0.043683484,0.07433195,0.03613635,0.03784679,0.80800146,4,4
0.042019423,0.069685586,0.034759786,0.07631348,0.77722174,4,4
0.037583373,0.037528764,0.0400359,0.037871063,0.84698087,4,4
0.03766459,0.03760986,0.03796149,0.0379529,0.84881115,4,4
0.34537497,0.28782234,0.07034037,0.11751646,0.17894584,0,0
0.03766459,0.03760986,0.03796149,0.0379529,0.84881115,4,4
0.03766459,0.03760986,0.03796149,0.0379529,0.84881115,4,4
0.1688969,0.45139247,0.06769646,0.07217234,0.23984182,4,1
0.039005302,0.11692229,0.034650546,0.034642708,0.77477914,4,4
0.043986436,0.061230436,0.036732305,0.036723997,0.82132685,4,4
0.32114127,0.31953475,0.077551864,0.08267935,0.1990927,1,0
0.33674076,0.27588922,0.08131896,0.086695515,0.21935555,1,0
0.13040915,0.1412815,0.056547537,0.056534745,0.61522704,4,4
0.21821974,0.43963054,0.060999945,0.06503306,0.21611673,1,1
0.06956043,0.072561406,0.032081738,0.03207448,0.793722,4,4
0.34609163,0.30748174,0.075144894,0.08011323,0.19116855,0,0
0.12905356,0.18091254,0.058992025,0.058978666,0.5720632,4,4
0.03735258,0.037298303,0.04593094,0.0376385,0.84177965,4,4
0.21399316,0.40293482,0.105849385,0.08320661,0.19401602,1,1
0.13304026,0.46706146,0.07947391,0.07516685,0.24525748,1,1
0.042541843,0.1048283,0.034628145,0.04372349,0.7742782,4,4
0.46152437,0.26867414,0.08089749,0.06882493,0.120079055,0,0
0.09095821,0.30895644,0.059214335,0.057158038,0.48371294,4,4
0.039067347,0.03744436,0.04062645,0.03778589,0.845076,4,4
0.28180677,0.32837376,0.09199552,0.08556331,0.21226066,4,1
0.04797841,0.08594228,0.045308102,0.035128452,0.78564274,4,4
0.16773102,0.39801702,0.08630121,0.08162416,0.26632664,1,1
0.03735258,0.037298303,0.04593094,0.0376385,0.84177965,4,4
0.31877148,0.13689795,0.0665254,0.06525229,0.4125529,4,4
0.043045193,0.037201058,0.04262841,0.03754037,0.83958495,4,4
0.037502572,0.03744808,0.042099793,0.037789643,0.84515995,4,4
0.102903344,0.55935174,0.070149094,0.06277405,0.20482172,1,1
0.03869464,0.1588297,0.041980736,0.032548666,0.7279462,4,4
0.25687957,0.35600215,0.08755046,0.0860643,0.2135035,1,1
0.13392033,0.19740415,0.07515814,0.062721595,0.5307958,4,4
0.17766485,0.47905934,0.08460732,0.06654506,0.19212349,3,1
0.16916867,0.49245283,0.07247815,0.06840552,0.19749485,4,1
0.27341405,0.3881448,0.10540637,0.07959959,0.15343516,1,1
0.2500431,0.3926592,0.10161981,0.0767401,0.17893784,1,1
0.03735258,0.037298303,0.04593094,0.0376385,0.84177965,4,4
0.1444455,0.48804548,0.094117746,0.07854393,0.19484738,1,1
0.10155074,0.3097547,0.0661684,0.0552194,0.46730676,4,4
0.19053787,0.42106,0.08784084,0.08634974,0.2142116,1,1
0.03735258,0.037298303,0.04593094,0.0376385,0.84177965,4,4
0.1405578,0.45100823,0.12119527,0.08252222,0.2047165,0,1
0.14200749,0.3202915,0.052194513,0.052182693,0.43332386,0,4
0.06256346,0.042073768,0.043984964,0.042457525,0.8089203,4,4
0.038528733,0.101240665,0.032174673,0.10863688,0.7194191,4,4
0.13820733,0.2995583,0.3342408,0.067416415,0.16057712,4,2
0.15577327,0.4757577,0.102641486,0.07751164,0.18831594,1,1
0.11218188,0.551474,0.07060731,0.07527563,0.19046119,1,1
0.16866563,0.28313732,0.3716475,0.069885574,0.10666399,0,2
0.13356365,0.24205594,0.47344705,0.059745643,0.09118773,0,2
0.28614646,0.40496603,0.092244536,0.0823669,0.13427609,1,1
0.11088241,0.5800742,0.082448214,0.06509965,0.16149554,1,1
0.12365967,0.32741126,0.046928756,0.04691813,0.45508212,1,4
0.13739361,0.6306676,0.06537564,0.056894325,0.109668784,2,1
0.13270412,0.6091418,0.097275995,0.054952424,0.1059256,1,1
0.12818865,0.63524395,0.068795644,0.05730717,0.11046457,1,1
0.36199325,0.29210964,0.083049454,0.07664274,0.18620493,2,0
0.27291754,0.32638744,0.10261654,0.08563643,0.21244204,4,1
0.16662616,0.49550164,0.08127492,0.06968397,0.18691328,1,1
0.15496945,0.34245914,0.25811702,0.070230514,0.17422391,1,1
0.15411289,0.3538639,0.1826716,0.07256936,0.23678228,1,1
0.081655115,0.18893105,0.06918323,0.04966641,0.6105642,0,4
0.13974422,0.5016824,0.104315974,0.07357703,0.18068041,1,1
0.12304646,0.46254852,0.084151424,0.077760674,0.25249296,4,1
0.060462974,0.06523565,0.052296385,0.048411325,0.7735936,4,4
0.14036076,0.44411352,0.115360186,0.08990422,0.21026134,0,1
0.0704196,0.059222177,0.05215757,0.047304388,0.77089626,4,4
0.22606082,0.4141941,0.103781894,0.078451246,0.1775119,4,1
0.04549126,0.05508197,0.040338505,0.0472125,0.81187576,4,4
0.06368437,0.053239197,0.04425603,0.045313105,0.7935073,4,4
0.057796653,0.045508694,0.039254498,0.040192094,0.8172481,4,4
0.04056941,0.037253372,0.035429537,0.037233926,0.84951377,4,4
0.13638303,0.47176132,0.083862685,0.07307282,0.23492013,1,1
0.11233622,0.4692947,0.17434062,0.065654755,0.17837368,1,1
0.3639099,0.18274905,0.06851737,0.12968348,0.2551402,0,0
0.046687625,0.0582537,0.062337436,0.043465897,0.7892553,4,4
0.3543168,0.27161685,0.10451918,0.07464501,0.19490214,0,0
0.06414894,0.055507068,0.051726926,0.046235986,0.7823811,4,4
0.18204938,0.436179,0.09013991,0.07087897,0.22075275,1,1
0.28049347,0.28843102,0.088555254,0.090306744,0.2522135,0,1
0.049774773,0.09410576,0.03943498,0.04021495,0.7764695,4,4
0.04877903,0.06319304,0.044496067,0.045720737,0.7978111,4,4
0.05925107,0.067314856,0.056031875,0.04725822,0.7701439,4,4
0.04574615,0.06417317,0.059784282,0.0429644,0.78733206,4,4
0.046067804,0.06506956,0.04752272,0.04353585,0.79780406,4,4
0.38612688,0.24562624,0.08103832,0.08797666,0.19923188,0,0
0.057878084,0.04948296,0.04040878,0.04792999,0.8043002,4,4
0.06577482,0.070103236,0.051498003,0.04618519,0.7664388,4,4
0.04696054,0.05507424,0.042166647,0.043000646,0.81279796,4,4
0.14074995,0.4634958,0.082013376,0.07309075,0.24065015,4,1
0.04976869,0.05816825,0.05198028,0.043472264,0.7966105,4,4
0.06081286,0.06367861,0.053092856,0.047728438,0.77468723,4,4
0.060185738,0.04875295,0.041046325,0.042026732,0.8079883,4,4
0.039378412,0.199762,0.042086586,0.037184432,0.68158853,4,4
0.06137512,0.053841062,0.06984733,0.053059187,0.7618773,4,4
0.10892624,0.21319441,0.06552312,0.12717444,0.4851818,4,4
0.14146386,0.4700308,0.16117978,0.067264445,0.16006106,4,1
0.116881296,0.52460283,0.11006814,0.07209978,0.17634791,1,1
0.061990343,0.05499384,0.048735064,0.04454754,0.78973323,4,4
0.18988565,0.39809632,0.08604734,0.15319535,0.17277533,4,1
0.3944238,0.26475653,0.07121226,0.077569276,0.19203807,0,0
0.040580776,0.037792742,0.035450805,0.036151975,0.85002375,4,4
0.30342162,0.31073567,0.11557707,0.075085916,0.19517972,1,1
0.06277526,0.054372128,0.04055491,0.041357033,0.8009407,4,4
0.16451925,0.50543743,0.06758767,0.068924464,0.1935312,1,1
0.057785563,0.04835716,0.04022936,0.041227028,0.8124009,4,4
0.21546198,0.45661235,0.06718656,0.07163224,0.18910685,1,1
0.039509006,0.059314273,0.034650482,0.035478123,0.83104813,4,4
0.055222385,0.11454067,0.041606862,0.04242979,0.7462003,4,4
0.14103346,0.46811095,0.081681795,0.07250838,0.23666538,0,1
0.05046586,0.097708106,0.035346575,0.036045685,0.7804338,4,4
0.13525377,0.4905009,0.079775415,0.071351275,0.22311868,1,1
0.18608084,0.47715417,0.09830187,0.06738677,0.17107631,0,1
0.03945637,0.13961586,0.03530279,0.035992745,0.74963224,4,4
0.03634711,0.0861494,0.033753045,0.034412708,0.8093378,4,4
0.37172532,0.2432459,0.080870435,0.0873369,0.21682146,1,0
0.13904512,0.4735493,0.09289186,0.07136187,0.22315183,2,1
0.056045044,0.08648333,0.03868413,0.03944925,0.77933824,4,4
0.05800581,0.07816591,0.03939204,0.04017116,0.78426504,4,4
0.21080111,0.37084135,0.08899632,0.079805575,0.24955565,0,1
0.05514986,0.07799723,0.039529968,0.04031182,0.7870111,4,4
0.053644836,0.073965654,0.03818838,0.038943693,0.79525745,4,4
0.14072265,0.3816679,0.092280574,0.10920251,0.27612635,0,1
0.093850546,0.056621272,0.034515515,0.037877936,0.7771348,4,4
0.13181229,0.49507347,0.07499223,0.08071725,0.21740481,1,1
0.04519981,0.05457513,0.041061405,0.041873544,0.8172901,4,4
0.4477158,0.19297962,0.07295624,0.07784108,0.2085073,0,0
0.23825182,0.109225,0.05402388,0.057641078,0.5408582,4,4
0.203998,0.4885189,0.064058565,0.0717169,0.17170767,1,1
0.0383098,0.105074376,0.034468375,0.036215466,0.785932,4,4
0.25297922,0.26636478,0.08226778,0.08788337,0.31050482,1,4
0.04324235,0.044313148,0.03791895,0.038668934,0.8358567,4,4
0.16183513,0.48076314,0.075919345,0.06859608,0.21288632,0,1
0.06190804,0.058629118,0.04867509,0.044474002,0.7863137,4,4
0.17583604,0.0781571,0.040895462,0.04327077,0.6618406,4,4
0.0657634,0.056771923,0.049454384,0.044866014,0.78314424,4,4
0.084149964,0.0551074,0.03231925,0.04173973,0.7866836,4,4
0.04540831,0.04053914,0.038372207,0.046930093,0.8287502,4,4
0.06479626,0.05475278,0.051892266,0.043340124,0.7852186,4,4
0.05909005,0.049584333,0.040220853,0.04101637,0.8100884,4,4
0.21020637,0.12027301,0.05245805,0.053495586,0.563567,4,4
0.35055652,0.20522651,0.07886159,0.08533508,0.2800203,0,0
0.03942933,0.037340276,0.035520364,0.036214568,0.85149544,4,4
0.1673389,0.092196755,0.04780363,0.050423663,0.64223707,4,4
0.054714266,0.054030348,0.04289406,0.043732375,0.8046289,4,4
0.27604094,0.2826997,0.08456358,0.08919834,0.26749742,4,1
0.05588226,0.11932041,0.0413433,0.04215131,0.7413028,4,4
0.12259969,0.20487498,0.057414334,0.05279394,0.5623171,4,4
0.05302905,0.072700605,0.0357957,0.03650369,0.80197096,4,4
0.41144603,0.19097614,0.068606354,0.073499985,0.2554715,1,0
0.059265252,0.050500836,0.04027836,0.041240416,0.8087151,4,4
0.14326054,0.39863637,0.09377005,0.085784934,0.27854815,0,1
0.052805934,0.058141235,0.049188904,0.04345948,0.7964045,4,4
0.14090149,0.4676741,0.086783804,0.073815666,0.23082493,1,1
0.06091335,0.07832958,0.04077316,0.04204037,0.77794355,4,4
0.056649834,0.072318345,0.038475595,0.039671395,0.7928848,4,4
0.19151872,0.47151944,0.0598645,0.081537016,0.19556037,1,1
0.04013695,0.03808804,0.037783284,0.04255922,0.8414326,4,4
0.039977573,0.04186112,0.03699178,0.037723426,0.84344614,4,4
0.3069536,0.2565475,0.07740976,0.084160626,0.27492848,1,0
0.041857563,0.04180417,0.03691833,0.037648525,0.84177136,4,4
0.39779964,0.26513174,0.07053299,0.07664146,0.18989417,0,0
0.04938215,0.098850094,0.035344157,0.036043216,0.78038037,4,4
0.04079573,0.075524576,0.035594113,0.03629812,0.8117874,4,4
0.38321817,0.18330295,0.069673285,0.07508491,0.28872073,0,0
0.05439617,0.046961498,0.037306268,0.038035378,0.82330066,4,4
0.038863037,0.060002625,0.03491958,0.035610244,0.8306045,4,4
0.17118967,0.45494318,0.06241227,0.1441215,0.16733336,1,1
0.16915996,0.44986135,0.06398339,0.14445132,0.17254399,0,1
0.03866434,0.15543301,0.034156617,0.0589301,0.71281594,4,4
0.039677784,0.07532238,0.035647288,0.036352344,0.81300014,4,4
0.043237217,0.044645004,0.037660882,0.044288866,0.830168,4,4
0.040097397,0.1624523,0.034840167,0.035529256,0.7270809,4,4
0.09968401,0.11086589,0.04702489,0.05039066,0.6920346,4,4
0.21420078,0.10939849,0.047994588,0.051063076,0.57734305,4,4
0.108276665,0.052829944,0.031973246,0.034017425,0.77290267,4,4
0.4480447,0.2507656,0.06625079,0.07138302,0.16355595,3,0
0.04092739,0.072849266,0.03569657,0.0364026,0.8141241,4,4
0.037406206,0.12433137,0.03315979,0.033815645,0.77128696,4,4
0.039808985,0.057188235,0.03472618,0.035413016,0.8328636,4,4
0.13149717,0.10170402,0.045657698,0.049226597,0.6719145,4,4
0.14401697,0.4818616,0.066858724,0.14073455,0.16652818,1,1
0.1423648,0.47443292,0.06839138,0.1451736,0.16963734,1,1
0.03826615,0.03817201,0.035525247,0.036227893,0.8518087,4,4
0.046125583,0.054336715,0.03926049,0.041159596,0.8191176,4,4
0.16064188,0.5442061,0.06456317,0.069691695,0.16089715,1,1
0.3348881,0.27189982,0.0748925,0.080649264,0.23767035,1,0
0.18203491,0.52833796,0.06339331,0.06828844,0.15794535,1,1
0.41938367,0.22134462,0.07536292,0.08381063,0.20009816,0,0
0.15763342,0.09530588,0.04455686,0.103748836,0.59875494,4,4
0.037918344,0.07191634,0.03450216,0.035176463,0.82048666,4,4
0.33006966,0.27271166,0.07566169,0.0838275,0.23772949,4,0
0.40052,0.24130462,0.07829954,0.084746405,0.19512938,0,0
0.040026832,0.039973658,0.03705971,0.037944894,0.84499496,4,4
0.34603193,0.2864151,0.07703735,0.085971646,0.204544,1,0
0.11427694,0.14286013,0.058056034,0.041911718,0.64289516,4,4
0.08765566,0.077463284,0.04559836,0.03291829,0.75636435,4,4
0.08777732,0.06870252,0.033525243,0.03418046,0.7758145,4,4
0.061358135,0.06909238,0.052139368,0.048140716,0.7692694,4,4
0.054333013,0.053101312,0.040540013,0.04259015,0.8094355,4,4
0.06224756,0.07043527,0.05385753,0.048595965,0.76486367,4,4
0.1491478,0.40410525,0.09144554,0.083658375,0.2716431,4,1
0.05929463,0.06486769,0.050942034,0.044413526,0.7804821,4,4
0.05768252,0.060998358,0.049557008,0.04320599,0.7885561,4,4
0.051580403,0.15045546,0.048389617,0.04079508,0.70877945,4,4
0.1428296,0.43367502,0.122107685,0.078828014,0.22255966,3,1
0.052503742,0.15340397,0.042752013,0.038869247,0.71247107,4,4
0.049243137,0.06399448,0.068667255,0.044714607,0.7733805,4,4
0.056512356,0.056858733,0.044443216,0.045322243,0.79686344,4,4
0.14463532,0.40516838,0.11434601,0.07532849,0.2605218,4,1
0.062230136,0.06390713,0.056652296,0.04812896,0.7690815,4,4
0.09285494,0.5245618,0.07797973,0.071721174,0.23288235,1,1
0.06111988,0.07187254,0.05210079,0.047252893,0.76765394,4,4
0.05002001,0.069194734,0.050520007,0.0449882,0.785277,4,4
0.45362663,0.18362007,0.070522845,0.07602225,0.21620817,1,0
0.12511073,0.5349664,0.07243929,0.06481237,0.20267121,4,1
0.06920016,0.06847057,0.052401632,0.046964172,0.7629635,4,4
0.16789605,0.46454728,0.07832819,0.07008124,0.21914719,1,1
0.060794786,0.060295455,0.048557624,0.042805277,0.7875469,4,4
0.16646986,0.4688061,0.07788359,0.069502614,0.21733782,1,1
0.07830592,0.26226652,0.06976103,0.07524639,0.5144201,4,4
0.16882417,0.5047292,0.09794858,0.069035016,0.15946303,1,1
0.26299465,0.17216095,0.062079135,0.21416685,0.2885984,4,4
0.2451119,0.2977618,0.11688926,0.09500559,0.24523146,1,1
0.23787348,0.19922835,0.26764652,0.070716806,0.22453482,2,2
0.12630293,0.4639834,0.110036165,0.07625888,0.2234186,1,1
0.063795306,0.06738352,0.05272943,0.046382282,0.76970947,4,4
0.26811507,0.32796016,0.15533,0.06627178,0.18232292,2,1
0.113525726,0.5646217,0.067561366,0.059779968,0.19451125,1,1
0.11022392,0.58905905,0.09060914,0.060845226,0.14926268,1,1
0.14366584,0.50675964,0.099037156,0.068636194,0.18190117,1,1
0.14772257,0.49214837,0.100867234,0.0699045,0.18935731,0,1
0.06529172,0.39451057,0.05722658,0.05217832,0.4307928,1,4
0.25021678,0.34339324,0.08660346,0.07813445,0.24165206,4,1
0.18048038,0.113667354,0.056044284,0.05488459,0.5949234,0,4
0.03876933,0.037891883,0.039047733,0.039716166,0.84457487,4,4
0.24671258,0.37473637,0.14624272,0.081276014,0.15103231,1,1
0.2701366,0.2901806,0.17839228,0.09092556,0.17036495,2,1
0.48844147,0.19963193,0.07312359,0.07464492,0.16415806,0,0
0.0428989,0.06574478,0.03858103,0.03924147,0.81353384,4,4
0.15806408,0.42062742,0.09109746,0.08744342,0.24276759,4,1
0.040658582,0.03886327,0.043112308,0.040734325,0.83663154,4,4
0.039693434,0.037880175,0.039035667,0.039703894,0.8436869,4,4
0.041363638,0.038749695,0.039931715,0.04061528,0.83933973,4,4
0.04040237,0.038763326,0.03994576,0.040629566,0.840259,4,4
0.04028921,0.06256038,0.037940238,0.03858971,0.8206205,4,4
0.0386833,0.037895273,0.03905123,0.039719723,0.84465045,4,4
0.038875256,0.03788771,0.039043434,0.039711792,0.8444818,4,4
0.4394242,0.2506595,0.06706898,0.072216436,0.1706309,0,0
0.50468546,0.20253676,0.06572804,0.06784394,0.15920581,0,0
0.5087394,0.19595264,0.06745927,0.06916886,0.15867981,0,0
0.48748416,0.20415984,0.072985284,0.069383584,0.16598709,0,0
0.04061764,0.057561073,0.040205713,0.038697746,0.8229178,4,4
0.04022804,0.038649607,0.04857937,0.040511202,0.8320318,4,4
0.04013451,0.038699295,0.047501408,0.040563285,0.8331015,4,4
0.048614413,0.04108342,0.04232079,0.041280784,0.8267006,4,4
0.03876933,0.037891883,0.039047733,0.039716166,0.84457487,4,4
0.06064431,0.044268917,0.051961876,0.04426062,0.7988643,4,4
0.2190795,0.31517074,0.21736704,0.068351015,0.18003172,1,1
0.14040262,0.5677666,0.06784595,0.07011376,0.15387109,0,1
0.041099273,0.038501248,0.039675687,0.046145793,0.834578,4,4
0.03932265,0.03756401,0.038714815,0.047646385,0.8367522,4,4
0.046170875,0.12183551,0.04138303,0.04209144,0.7485191,4,4
0.04088988,0.058997598,0.038065504,0.03871712,0.8233299,4,4
0.19775303,0.3704336,0.09336887,0.08962374,0.2488208,0,1
0.35978907,0.30154625,0.0995587,0.07907918,0.16002682,0,0
0.03892924,0.038086377,0.039253183,0.039925132,0.8438061,4,4
0.040042132,0.03772057,0.03887119,0.042609785,0.84075636,4,4
0.16127805,0.49480593,0.080207,0.079959445,0.18374954,4,1
0.03866901,0.037881278,0.039406236,0.03970505,0.8443384,4,4
0.040395908,0.038675122,0.047810823,0.040537115,0.83258104,4,4
0.038952075,0.03806562,0.039732702,0.039903373,0.84334624,4,4
0.18147202,0.17618932,0.062431,0.07743823,0.5024694,4,4
0.1530072,0.5319856,0.09658491,0.06863067,0.14979161,4,1
0.19163086,0.3870752,0.09232026,0.08711708,0.24185665,0,1
0.046922646,0.12767686,0.04161014,0.04221184,0.7415785,4,4
0.039901394,0.03878356,0.039966613,0.040650778,0.84069765,4,4
0.15591462,0.5172262,0.12794079,0.0620633,0.13685504,0,1
0.04032648,0.038896445,0.04266233,0.040769093,0.8373456,4,4
0.04579956,0.039008573,0.042462777,0.04088662,0.8318425,4,4
0.04032648,0.038896445,0.04266233,0.040769093,0.8373456,4,4
0.16953836,0.52861446,0.09129862,0.06892824,0.14162035,0,1
0.131928,0.52219164,0.07463357,0.07182907,0.19941776,1,1
0.04090176,0.038858023,0.04299296,0.040728822,0.83651847,4,4
0.041370507,0.070430085,0.03844438,0.039102487,0.8106525,4,4
0.07490409,0.32938835,0.056944273,0.054945227,0.48381808,4,4
0.036953274,0.16463892,0.034142263,0.034726724,0.7295388,4,4
0.17027418,0.19833952,0.065993465,0.06712317,0.49826968,4,4
0.35521537,0.18654113,0.071440704,0.07325119,0.31355157,4,0
0.11586284,0.08196046,0.04533208,0.046275217,0.7105694,4,4
0.14083362,0.41526797,0.08780072,0.086958036,0.26913968,0,1
0.12297337,0.10575703,0.049949322,0.05080437,0.6705159,4,4
0.1326246,0.47792596,0.064084075,0.065181084,0.2601843,1,1
0.3153168,0.14290252,0.07361219,0.07514369,0.39302483,4,4
0.04153348,0.038908806,0.041163888,0.040782053,0.83761173,4,4
0.0891548,0.05780278,0.031305064,0.03195637,0.789781,4,4
0.040584754,0.08314652,0.037057158,0.03769151,0.80152005,4,4
0.12725624,0.514524,0.0774561,0.07434924,0.20641445,1,1
0.03578415,0.15075816,0.034400895,0.03498978,0.744067,4,4
0.20021568,0.18213633,0.07891141,0.080553174,0.45818347,4,4
0.048677463,0.040925153,0.04129109,0.041333474,0.8277728,4,4
0.42566574,0.24520788,0.06952178,0.07221697,0.18738768,0,0
0.03877009,0.037873004,0.0390485,0.039716944,0.84459144,4,4
0.06511006,0.0446599,0.04586447,0.044324886,0.80004066,4,4
0.42553422,0.23297216,0.08273192,0.084148146,0.17461354,0,0
0.048824362,0.038884915,0.04232817,0.040757008,0.8292055,4,4
0.21042527,0.13564138,0.057155743,0.058344863,0.5384327,4,4
0.14340656,0.083927155,0.044822752,0.0457553,0.6820882,4,4
0.44568896,0.23817578,0.07645745,0.07804815,0.16162963,1,0
0.43625268,0.25387946,0.07530571,0.07772993,0.1568322,1,0
0.40024483,0.24961014,0.08149369,0.08735111,0.1813002,3,0
0.041463125,0.03866166,0.04706093,0.040523004,0.8322913,4,4
0.2313863,0.16519222,0.064313196,0.06541414,0.4736941,4,4
0.044718586,0.039052762,0.042510882,0.040932935,0.83278483,4,4
0.16008885,0.3811047,0.09005427,0.0900482,0.27870393,1,1
0.39495492,0.25986043,0.07930079,0.08189629,0.18398762,0,0
0.13879086,0.093409814,0.0494795,0.050326504,0.6679933,4,4
0.041383386,0.06292973,0.037878346,0.03852676,0.81928176,4,4
0.051007897,0.0819627,0.04360026,0.044346627,0.7790825,4,4
0.31494582,0.30985725,0.08527557,0.087541185,0.20238024,0,0
0.042417426,0.061243836,0.03790591,0.038554795,0.819878,4,4
0.5024972,0.2211397,0.071786866,0.07360612,0.13097009,1,0
0.040234122,0.03879535,0.039978758,0.04066313,0.8403286,4,4
0.4004703,0.26334354,0.083566085,0.08530468,0.1673154,1,0
0.039199412,0.037895,0.039055943,0.039724518,0.8441251,4,4
0.0386587,0.037877392,0.039053027,0.03972155,0.8446893,4,4
0.40313694,0.23497684,0.07104748,0.11312254,0.17771624,4,0
0.039318167,0.03779524,0.04073817,0.039619938,0.8425285,4,4
0.0924908,0.055870872,0.031402163,0.03193972,0.78829646,4,4
0.22078592,0.2646833,0.07961213,0.08168426,0.3532344,4,4
0.37553918,0.28996667,0.07568217,0.0776929,0.18111901,1,0
0.039606478,0.07906542,0.037271112,0.03790913,0.8061478,4,4
0.1510666,0.5619649,0.066590235,0.07223762,0.14814065,0,1
0.03868406,0.037876394,0.039052,0.0397205,0.844667,4,4
0.40532368,0.26483715,0.07577478,0.089891866,0.1641725,1,0
0.16699614,0.5579667,0.06495008,0.06889693,0.14119014,1,1
0.26377046,0.36353904,0.09084373,0.09540197,0.1864448,1,1
0.13754976,0.20570068,0.066960886,0.06671772,0.523071,4,4
0.04093485,0.0620434,0.037934795,0.038584176,0.8205028,4,4
0.038683485,0.03789061,0.039051417,0.039719913,0.84465456,4,4
0.03550348,0.1543828,0.03425948,0.034845944,0.7410083,4,4
0.13101283,0.55985564,0.06279682,0.06446523,0.18186949,1,1
0.038858354,0.037869524,0.039044917,0.0397133,0.8445139,4,4
0.10938518,0.07725167,0.03471062,0.03530481,0.7433477,4,4
0.16066468,0.5258598,0.0691057,0.071330324,0.17303948,4,1
0.039380655,0.037848946,0.039023697,0.039691716,0.84405494,4,4
0.038680103,0.03787252,0.03915031,0.039716437,0.84458065,4,4
0.03883148,0.03784333,0.03970957,0.03968583,0.84392977,4,4
0.0396277,0.08863322,0.038752727,0.037411917,0.79557437,4,4
0.07788236,0.053912945,0.031729154,0.036433075,0.8000425,4,4
0.039445195,0.069457814,0.03768424,0.03832933,0.81508344,4,4
0.039784186,0.06750362,0.037752546,0.038398806,0.81656086,4,4
0.46540105,0.23534404,0.07249154,0.07437682,0.15238658,0,0
0.038769264,0.037872195,0.03906903,0.0397161,0.84457344,4,4
0.038433,0.083822235,0.03711958,0.037755005,0.8028702,4,4
0.27747178,0.33216533,0.08103889,0.084250145,0.22507389,4,1
0.038725816,0.0830021,0.037155498,0.037908897,0.8032077,4,4
0.21684185,0.3812007,0.07540441,0.06834874,0.25820428,1,1
0.039172195,0.08971719,0.036858324,0.037468776,0.79678357,4,4
0.3679426,0.27135524,0.083642915,0.08576262,0.19129658,0,0
0.045897692,0.12094544,0.04183512,0.042129304,0.7491924,4,4
0.040495817,0.0388598,0.04335696,0.040730685,0.83655673,4,4
0.12957007,0.4409423,0.08418103,0.08432286,0.2609837,1,1
0.057435032,0.044665646,0.047219433,0.04465636,0.80602354,4,4
0.06057134,0.044471066,0.047983576,0.04446182,0.8025122,4,4
0.2767308,0.27374315,0.0791647,0.08055647,0.2898049,4,4
0.12792352,0.5966208,0.08031592,0.062296707,0.132843,1,1
0.056834616,0.14277677,0.04214708,0.0418293,0.7164122,4,4
0.10139349,0.22930498,0.065414526,0.06178881,0.54209816,4,4
0.12153293,0.473989,0.20784076,0.058177102,0.13846025,2,1
0.04945714,0.03760431,0.07162585,0.039415557,0.8018971,4,4
0.2390196,0.37579662,0.14821877,0.076216765,0.16074826,1,1
0.046850964,0.07179842,0.037708886,0.038333423,0.8053083,4,4
0.056525502,0.040504202,0.041418232,0.040974203,0.82057786,4,4
0.05031868,0.041017108,0.04208464,0.041213304,0.8253662,4,4
0.04307281,0.20478621,0.040811192,0.03924212,0.6720876,4,4
0.17806634,0.4484522,0.096545376,0.07573264,0.20120344,1,1
0.1070738,0.63342434,0.07866717,0.059877567,0.12095711,1,1
0.1689299,0.44859198,0.10152936,0.08018831,0.2007604,4,1
0.122212395,0.44525668,0.085316435,0.084788784,0.26242575,1,1
0.055464793,0.045333784,0.046502743,0.044762332,0.8079363,4,4
0.14871228,0.53110206,0.07644462,0.104762495,0.13897857,4,1
0.044667352,0.039008018,0.043607954,0.040886037,0.8318307,4,4
0.042102866,0.038824446,0.04258336,0.04069363,0.8357957,4,4
0.058409132,0.16044043,0.058821082,0.041359264,0.6809701,4,4
0.047237724,0.15984666,0.04596904,0.041206203,0.7057404,4,4
0.17094456,0.41089392,0.100613266,0.102980636,0.21456762,4,1
0.1353307,0.40903842,0.08473476,0.10774493,0.2631512,4,1
0.19751926,0.41693905,0.08023511,0.08156564,0.22374095,0,1
0.123883195,0.53015435,0.07490844,0.071778,0.19927597,1,1
0.1816336,0.53967553,0.08519112,0.06718483,0.12631491,1,1
0.05530273,0.04513458,0.046222556,0.044796005,0.8085441,4,4
0.45934576,0.2269507,0.07196045,0.113516495,0.1282266,3,0
0.03924641,0.036668614,0.0911622,0.043537,0.7893858,4,4
0.14983888,0.45508444,0.084976345,0.08211791,0.22798246,1,1
0.042163607,0.038886152,0.041067947,0.040758304,0.837124,4,4
0.13631187,0.54414797,0.06787246,0.07050373,0.181164,1,1
0.30588666,0.36665276,0.09947279,0.07672072,0.15126711,1,1
0.06908767,0.3811043,0.05288059,0.050678644,0.44624883,1,4
0.17009325,0.51820034,0.069438264,0.07119799,0.17107017,1,1
0.13243745,0.62059706,0.075649396,0.058939062,0.11237701,1,1
0.11993856,0.5547635,0.070294,0.06752879,0.18747514,1,1
0.30203494,0.1659839,0.07529192,0.076580785,0.38010848,0,4
0.15096489,0.5767712,0.07505002,0.06314321,0.13407068,1,1
0.0927212,0.1593393,0.0524947,0.05201825,0.64342654,2,4
0.12814604,0.58376604,0.08566037,0.06616296,0.1362646,1,1
0.1260519,0.5859384,0.078060806,0.06616933,0.14377959,1,1
0.17602779,0.45326737,0.107320815,0.08014645,0.18323758,1,1
0.07631035,0.31255835,0.050452884,0.05077788,0.5099005,4,4
0.03928126,0.03810087,0.03796424,0.038382545,0.8462711,4,4
0.44045383,0.20975547,0.07133575,0.072685264,0.20576967,0,0
0.24796486,0.47172704,0.06001579,0.066200845,0.1540915,1,1
0.038586326,0.03814392,0.037834145,0.038335122,0.84710044,4,4
0.04143793,0.03802379,0.03954874,0.04143075,0.8395588,4,4
0.14224958,0.5465431,0.08478311,0.07077864,0.15564558,1,1
0.34742007,0.2863791,0.08545379,0.08630643,0.19444065,4,0
0.040871743,0.038162373,0.0405122,0.04160833,0.8388454,4,4
0.1825098,0.51734513,0.06559795,0.0668508,0.16769631,1,1
0.039038386,0.037969638,0.03782621,0.038242996,0.84692276,4,4
0.42577264,0.24489614,0.07591203,0.08243416,0.170985,0,0
0.038586427,0.03788349,0.03780541,0.04056104,0.8451636,4,4
0.1793765,0.51163566,0.05898213,0.13685295,0.11315278,1,1
0.19472125,0.1552717,0.058347847,0.059546933,0.5321123,4,4
0.04316114,0.07071677,0.040019814,0.036597405,0.8095049,4,4
0.03934044,0.037776534,0.05123829,0.039089035,0.8325557,4,4
0.3429092,0.17351662,0.069624946,0.07985854,0.33409068,0,0
0.056891117,0.03765491,0.04150423,0.04132612,0.8226236,4,4
0.041746724,0.069760025,0.036427364,0.036790833,0.8152751,4,4
0.038144883,0.037660304,0.037525255,0.04648518,0.84018445,4,4
0.03779987,0.11024928,0.035139892,0.036238644,0.7805723,4,4
0.4880781,0.2445448,0.063963786,0.07468088,0.12873238,0,0
0.039667767,0.038090844,0.044393517,0.03836508,0.8394828,4,4
0.42785683,0.24397655,0.07386935,0.07883118,0.1754661,4,0
0.047191884,0.07931706,0.03654488,0.036947552,0.79999864,4,4
0.038565703,0.037981305,0.037845105,0.0382621,0.84734577,4,4
0.03893527,0.03789121,0.038550213,0.039449878,0.8451734,4,4
0.0462147,0.038906954,0.051191844,0.045871083,0.81781536,4,4
0.4352948,0.22501239,0.08491786,0.08058034,0.1741946,0,0
0.15990841,0.5268407,0.13085684,0.05995186,0.12244217,1,1
0.14638004,0.55133474,0.10762247,0.063254625,0.13140808,1,1
0.40034053,0.2223294,0.072592914,0.13678296,0.16795422,0,0
0.12505068,0.09976914,0.04703129,0.053402245,0.67474663,4,4
0.0385362,0.10280672,0.035166692,0.035619345,0.78787106,4,4
0.22243206,0.37678063,0.083511524,0.084001,0.23327477,2,1
0.10224735,0.043719087,0.0420552,0.042628594,0.76934975,4,4
0.04393779,0.14709169,0.047169905,0.085594974,0.67620564,4,4
0.03976825,0.03685165,0.051958684,0.059249233,0.8121722,4,4
0.041712683,0.037423544,0.037862964,0.048098456,0.83490235,4,4
0.03853949,0.03798234,0.037846137,0.038263142,0.8473689,4,4
0.045697093,0.121287815,0.042456273,0.039702367,0.75085646,4,4
0.06203899,0.06744133,0.032642245,0.03326779,0.8046097,4,4
0.43930107,0.22141461,0.06572105,0.07697815,0.19658513,0,0
0.062326718,0.04577974,0.048957184,0.0425614,0.8003749,4,4
0.038583934,0.037977815,0.037841626,0.038328707,0.8472679,4,4
0.04222698,0.07384691,0.036201596,0.03666757,0.811057,4,4
0.04983251,0.12128286,0.040113583,0.041785404,0.7469857,4,4
0.5287024,0.19899613,0.068428345,0.07037797,0.1334952,0,0
0.038461834,0.03797323,0.037876047,0.038523227,0.84716564,4,4
0.0520127,0.03798705,0.041860063,0.03826053,0.8298797,4,4
0.040386748,0.038005598,0.03787603,0.03957658,0.844155,4,4
0.48671997,0.23095907,0.06751621,0.07187001,0.1429348,0,0
0.03873915,0.037974454,0.037838276,0.038255196,0.84719294,4,4
0.35869747,0.25183275,0.07632872,0.08039824,0.23274288,4,0
0.040034216,0.03785115,0.049027193,0.038887236,0.8342002,4,4
0.07992771,0.043740347,0.04845217,0.048774004,0.7791058,4,4
0.4116879,0.2584315,0.07628605,0.08445361,0.16914098,1,0
0.3990245,0.2708785,0.07794967,0.08629535,0.165852,1,0
0.091461495,0.08341283,0.037087772,0.037902027,0.75013584,4,4
0.29064006,0.19929087,0.0858983,0.087544456,0.33662626,4,4
0.2543033,0.16661564,0.06562457,0.0668822,0.44657424,4,4
0.04921243,0.038101338,0.041934222,0.03837564,0.8323764,4,4
0.4408264,0.2400595,0.065159805,0.0713215,0.18263277,4,0
0.19953619,0.18852268,0.059868075,0.06116234,0.49091068,4,4
0.09547219,0.06901133,0.031343795,0.0320801,0.77209264,4,4
0.5427852,0.18640707,0.06450254,0.065734446,0.14057069,0,0
0.04321646,0.07710141,0.036030516,0.036427516,0.8072241,4,4
0.14861791,0.54427594,0.08816365,0.07026782,0.14867467,1,1
0.05609679,0.044589255,0.053529065,0.046361066,0.7994238,4,4
0.039029676,0.03736947,0.058968976,0.04104746,0.82358444,4,4
0.2863642,0.3156524,0.08622293,0.09422596,0.21753454,1,1
0.041078378,0.0839051,0.036069904,0.03691797,0.80202866,4,4
0.041185047,0.075645655,0.036405977,0.037261948,0.8095014,4,4
0.2755558,0.33511242,0.08852737,0.0944303,0.20637408,1,1
0.038651876,0.03794092,0.037862718,0.039099734,0.8464448,4,4
0.039641246,0.03816338,0.04267588,0.038438138,0.8410813,4,4
0.04409579,0.05995321,0.036694083,0.037166394,0.82209057,4,4
0.3296337,0.2934656,0.12113587,0.08665275,0.16911203,0,0
0.042925984,0.038216773,0.040464554,0.03849192,0.8399008,4,4
0.042773485,0.03807722,0.04396419,0.03835136,0.8368337,4,4
0.047952157,0.06141064,0.036044214,0.047205217,0.80738777,4,4
0.37496585,0.25797445,0.079608805,0.09494583,0.19250502,3,0
0.03946639,0.037688605,0.039214604,0.042814627,0.8408158,4,4
0.24027546,0.367478,0.104914464,0.080077685,0.20725441,0,1
0.038524657,0.038209166,0.03795686,0.038330447,0.8469789,4,4
0.2933497,0.1454708,0.069518626,0.073238075,0.41842285,4,4
0.05557129,0.07131857,0.048581287,0.041408364,0.78312045,4,4
0.044550084,0.06285447,0.043518476,0.036661778,0.81241524,4,4
0.03847369,0.037984937,0.037848722,0.038265757,0.84742683,4,4
0.04270756,0.038339,0.042658173,0.038726743,0.8375685,4,4
0.04935485,0.03794494,0.044234704,0.039505817,0.8289597,4,4
0.041570675,0.038145587,0.03987973,0.03971473,0.8406893,4,4
0.35182622,0.26842985,0.11476595,0.08693805,0.17803998,0,0
0.15660231,0.52365285,0.07392311,0.07533496,0.17048672,1,1
0.03897936,0.03811284,0.037976168,0.038394608,0.84653705,4,4
0.060502496,0.0435742,0.046332356,0.04165835,0.80793256,4,4
0.28665912,0.36386225,0.08304099,0.08843483,0.17800279,1,1
0.03853949,0.03798234,0.037846137,0.038263142,0.8473689,4,4
0.07848727,0.06569368,0.034103002,0.034478765,0.7872372,4,4
0.03980304,0.038279086,0.03786828,0.04557554,0.83847404,4,4
0.28683248,0.34032074,0.08694081,0.09243083,0.19347517,0,1
0.44448617,0.273483,0.06272414,0.06676893,0.15253775,0,0
0.1871943,0.21994367,0.069157794,0.075467005,0.44823718,4,4
0.37196317,0.29671463,0.077711016,0.0828834,0.17072773,4,0
0.037994187,0.03738977,0.03725569,0.05321136,0.83414894,4,4
0.038315136,0.095159866,0.034798656,0.052100826,0.77962554,4,4
0.038455993,0.037786853,0.03765135,0.043098137,0.8430076,4,4
0.036812108,0.15105616,0.038101193,0.033421393,0.74060917,4,4
0.38780072,0.2792521,0.08304006,0.082633965,0.16727316,1,0
0.16163296,0.17449228,0.07027429,0.066923805,0.52667665,4,4
0.17725532,0.51721704,0.06997337,0.07395214,0.16160211,1,1
0.17803264,0.51136386,0.07212391,0.07667829,0.16180131,1,1
0.44885346,0.21547362,0.064736545,0.12691109,0.14402533,1,0
0.03940892,0.03739738,0.03932985,0.04954512,0.8343187,4,4
0.03874335,0.03797429,0.037838113,0.03825503,0.84718925,4,4
0.19784126,0.32209092,0.082986586,0.09152575,0.3055555,4,1
0.3588017,0.21639846,0.065968715,0.20425841,0.1545727,4,0
0.3865512,0.24664535,0.0681128,0.115557656,0.18313302,0,0
0.12433186,0.095189705,0.04435663,0.055077486,0.6810443,4,4
0.03817408,0.09165459,0.036200017,0.03631554,0.79765576,4,4
0.041366108,0.062692404,0.038946837,0.039028924,0.8179657,4,4
0.19249164,0.54166186,0.061757322,0.07291783,0.13117138,1,1
0.3887915,0.23364872,0.080207825,0.08753972,0.20981227,1,0
0.4857631,0.22341627,0.06794703,0.07223768,0.15063597,0,0
0.03858664,0.037980475,0.037844278,0.038261265,0.8473273,4,4
0.19231896,0.5129004,0.06677058,0.07185169,0.15615839,1,1
0.037454903,0.036793627,0.036661685,0.06824058,0.82084924,4,4
0.041539256,0.066763386,0.036468897,0.038182892,0.8170455,4,4
0.045026395,0.10741194,0.034726724,0.03735656,0.77547836,4,4
0.046362124,0.080862485,0.035756905,0.03853526,0.79848325,4,4
0.046269406,0.07693286,0.0359246,0.03864515,0.80222803,4,4
0.40818587,0.26591253,0.0743617,0.08346123,0.16807869,1,0
0.17212966,0.58076525,0.059722833,0.06409682,0.12328541,1,1
0.0386874,0.037893992,0.03856045,0.039460354,0.84539783,4,4
0.047188107,0.123681724,0.04072513,0.040317144,0.7480879,4,4
0.16021328,0.45417193,0.08776455,0.08500764,0.21284257,1,1
0.07475318,0.13839675,0.04613078,0.039860614,0.7008587,4,4
0.121707976,0.55071336,0.099362426,0.0710081,0.15720811,2,1
0.042362075,0.03812921,0.04832955,0.040386185,0.83079296,4,4
0.20845693,0.38512766,0.08566895,0.087188296,0.23355818,4,1
0.0655202,0.14040107,0.045761947,0.04171578,0.706601,4,4
0.03946657,0.037802108,0.050775144,0.03883685,0.83311933,4,4
0.042137507,0.038126234,0.03798951,0.038408093,0.84333867,4,4
0.15329672,0.45853975,0.09821031,0.076868206,0.21308504,4,1
0.05711617,0.046484586,0.045692302,0.043894384,0.8068125,4,4
0.12745804,0.5137828,0.08397209,0.07683356,0.19795348,4,1
0.04505685,0.19541056,0.045629166,0.037049405,0.676854,4,4
0.04555015,0.18051936,0.044019517,0.037880145,0.69203085,4,4
0.103712134,0.5772438,0.06647879,0.06686844,0.18569683,4,1
0.07860773,0.04532668,0.047515385,0.041835018,0.7867152,4,4
0.23483312,0.40462297,0.11321874,0.079814486,0.16751066,1,1
0.1426346,0.48062432,0.07220825,0.12893258,0.17560028,0,1
0.12652111,0.53782886,0.07817385,0.07175703,0.18571916,1,1
0.12506434,0.53579265,0.08463139,0.070930816,0.18358079,1,1
0.22276294,0.42136663,0.09995637,0.080967434,0.17494659,1,1
0.15091707,0.458025,0.09721924,0.082823075,0.21101564,1,1
0.13404593,0.48726454,0.09506068,0.07921042,0.20441836,4,1
0.1690898,0.4215674,0.09950916,0.096292436,0.21354118,4,1
0.042622533,0.038357373,0.042416744,0.038633518,0.8379699,4,4
0.12037032,0.55348635,0.07443691,0.06994143,0.181765,1,1
0.1453108,0.5582879,0.09363872,0.067538895,0.1352237,1,1
0.03830278,0.10977876,0.034941904,0.035337593,0.781639,4,4
0.12425327,0.6320062,0.06459494,0.059340626,0.11980492,1,1
0.118454665,0.5407676,0.084095806,0.07132396,0.18535796,1,1
0.16133897,0.58495986,0.07753848,0.057875473,0.118287176,1,1
0.08208993,0.2896572,0.059373334,0.050005507,0.51887405,1,4
0.06713775,0.27667952,0.052408542,0.045394357,0.5583798,1,4
0.25823814,0.31192407,0.14894108,0.091997236,0.18889946,2,1
0.33563226,0.3272401,0.102001645,0.0775751,0.1575509,0,0
0.3690882,0.2533067,0.12516694,0.084823236,0.16761497,0,0
0.3508381,0.25942177,0.09417869,0.08203279,0.21352862,0,0
0.0073146834,0.008982344,0.0021174015,0.0012504446,0.9803351,4,4
0.20618269,0.43646738,0.18608187,0.012234022,0.159034,1,1
0.001545998,0.0008221268,0.0029918323,0.00029084407,0.9943492,4,4
0.0012478611,0.0003480561,6.6958724e-05,0.00012955257,0.99820757,4,4
0.07945788,0.78527355,0.026851486,0.015243325,0.09317371,1,1
0.0031858133,0.0054283184,0.0021816818,0.001451395,0.9877528,4,4
0.0011476091,0.0016941391,0.001994727,0.00088511663,0.99427843,4,4
0.137161,0.73908013,0.0063326894,0.013268502,0.10415773,1,1
0.53892004,0.34502584,0.005316609,0.016226158,0.094511405,0,0
0.001049264,0.0007264124,7.8957346e-05,0.00016514972,0.9979803,4,4
0.00043502994,0.00021568614,3.3297933e-05,6.964708e-05,0.99924636,4,4
0.12705989,0.77586937,0.0029056098,0.012192763,0.081972405,1,1
0.62200636,0.18182203,0.006616675,0.024764625,0.16479032,1,0
0.0007974152,0.0013825727,0.00015152043,0.0002722142,0.99739623,4,4
0.1398732,0.7157211,0.0040431297,0.019600006,0.12076262,1,1
0.00042182763,0.00080879143,6.829168e-05,0.0002078335,0.9984932,4,4
0.0003224421,0.0024020455,0.00070679747,0.0004103336,0.9961584,4,4
0.15411797,0.04458512,0.0021468927,0.0037219855,0.79542804,4,4
0.00047184931,0.0002834954,5.309578e-05,9.2050126e-05,0.9990995,4,4
0.001324054,0.0005507495,0.00011569791,0.0003409627,0.99766856,4,4
0.0011505506,0.003123638,0.0015032793,0.00028669758,0.9939359,4,4
0.00045599084,0.0021342654,0.000757254,0.00020374052,0.99644876,4,4
0.00039038013,0.00028080374,4.273116e-05,0.000113589864,0.9991725,4,4
0.07398462,0.5065856,0.0052705784,0.020323321,0.39383584,4,1
0.0002804684,0.0006732215,6.716263e-05,0.0002589786,0.99872017,4,4
0.0015279759,0.002484039,0.0013285677,0.0016931292,0.9929663,4,4
0.001164677,0.0005640667,0.00010915489,0.00028652948,0.9978756,4,4
0.12833406,0.6475764,0.05117843,0.011753904,0.16115725,1,1
0.0070267357,0.06046985,0.0047789775,0.0010975641,0.9266269,4,4
0.0031689035,0.0038321237,0.00013079085,0.00025305597,0.9926151,4,4
0.012457295,0.011208818,0.0062352773,0.008521696,0.96157694,4,4
0.0042225127,0.0017096815,0.0036628407,0.00041126006,0.98999375,4,4
0.00057623547,0.00192144,0.0017301571,0.000313921,0.99545825,4,4
0.23370902,0.25872305,0.15988982,0.025901709,0.3217764,0,4
0.08961931,0.53822535,0.04173697,0.06768964,0.2627287,4,1
0.16521268,0.2412823,0.0057702293,0.08080257,0.5069322,1,4
0.00017234845,0.000114036666,3.743755e-05,0.0002735162,0.99940264,4,4
0.001765812,0.0005429258,0.0001467513,0.0002839365,0.9972606,4,4
0.15498509,0.5667703,0.009725585,0.023827255,0.24469176,1,1
0.1447309,0.70616823,0.009082118,0.022250788,0.11776793,1,1
0.063166976,0.71253884,0.04935853,0.02221821,0.15271741,4,1
0.0014387096,0.0030229555,0.0012429046,0.00091942895,0.99337596,4,4
0.00072777,0.00092251995,7.691993e-05,0.00016088833,0.99811196,4,4
0.000724239,0.0013350317,0.000112373236,0.00023504368,0.99759334,4,4
0.0005279088,0.0009189086,7.661885e-05,0.00016025844,0.9983163,4,4
0.00074501376,0.0008179668,9.384651e-05,0.00017588504,0.9981673,4,4
0.30719018,0.4086414,0.007345405,0.02826542,0.24855754,0,1
0.3026904,0.53723377,0.007237807,0.027851379,0.124986686,0,1
0.0017683812,0.0041544023,0.00014423377,0.000337268,0.9935958,4,4
0.25453302,0.049776815,0.0034759552,0.007847688,0.6843665,4,4
0.0007807292,0.0011110334,0.0006045062,0.00028007332,0.99722373,4,4
0.1721754,0.108766824,0.003303307,0.005346042,0.7104084,4,4
0.1650088,0.7008495,0.051659808,0.021543514,0.060938418,1,1
0.0015521047,0.0017871952,0.0011059325,0.0003947587,0.99516004,4,4
0.0023205425,0.004818094,0.0019161837,0.0008938948,0.9900513,4,4
0.35866642,0.17597426,0.004802964,0.009292841,0.4512635,4,4
0.4739584,0.27101585,0.00487156,0.012065499,0.23808867,1,0
0.08959672,0.7582762,0.0037514595,0.011030607,0.13734497,1,1
0.0005297471,0.000998062,9.352095e-05,0.00019804636,0.9981806,4,4
0.050628856,0.76178366,0.022934237,0.00941446,0.15523873,1,1
0.0018838326,0.029952431,0.0012463545,0.0005955383,0.9663218,4,4
0.3783707,0.15358755,0.0040988363,0.012213478,0.45172942,4,4
0.00023436545,0.00032412057,4.6597288e-05,0.00016487372,0.99923,4,4
0.007916047,0.0041948254,0.0030827825,0.00085650693,0.9839498,4,4
0.007617178,0.005112863,0.0031431664,0.00097019953,0.9831566,4,4
0.025099194,0.0063491752,0.00035765985,0.0006200612,0.9675739,4,4
0.3824004,0.55153936,0.003354878,0.009996673,0.05270874,0,1
0.1013262,0.525769,0.23223782,0.0111626005,0.1295044,2,1
0.0070417514,0.0077933935,0.00024985085,0.00048341497,0.98443156,4,4
0.0009099452,0.00057178707,8.000018e-05,0.00015478548,0.9982835,4,4
0.008575274,0.0053212247,0.00019193254,0.0003759762,0.9855356,4,4
0.0001977712,0.00014199299,3.6024507e-05,6.970073e-05,0.99955446,4,4
0.39375192,0.3596426,0.0053662034,0.07521515,0.16602413,0,0
0.006236219,0.0040423013,0.0001752187,0.00080688274,0.9887394,4,4
0.0008122894,0.0007087415,0.00015036078,0.0006403239,0.9976883,4,4
0.2861046,0.07011204,0.0054186857,0.013420578,0.6249441,0,4
0.005319735,0.001564255,0.005909306,0.00066309335,0.9865436,4,4
0.005838538,0.1173457,0.009965711,0.0016962127,0.86515385,4,4
0.013757358,0.24795493,0.018954327,0.0035841474,0.7157492,4,4
0.023758372,0.12931141,0.0023702157,0.005870367,0.8386896,4,4
0.0004716505,0.00054755923,9.2826034e-05,0.00018611642,0.9987018,4,4
0.016369501,0.91821426,0.018982666,0.0039533274,0.04248025,1,1
0.0011770013,0.005436488,0.0017820526,0.000568636,0.9910358,4,4
0.0017936522,0.00079251116,0.00015998597,0.00030504068,0.9969488,4,4
0.7182974,0.12809707,0.0040116995,0.015244071,0.1343497,0,0
0.0008377266,0.0015007755,0.0001562465,0.00041014425,0.9970951,4,4
0.15559664,0.29074067,0.006876457,0.1379396,0.40884662,0,4
0.012292282,0.013746269,0.0011306908,0.005975801,0.966855,4,4
0.0029038435,0.0027774095,0.00028941245,0.0020767276,0.9919526,4,4
0.5974885,0.10442123,0.0048795966,0.014295027,0.27891564,0,0
0.83859915,0.094537176,0.0040278463,0.012422677,0.050413128,0,0
0.00033335315,0.0011743419,0.00029908068,0.00018775523,0.99800545,4,4
0.00212728,0.003675381,0.00016789194,0.00035400913,0.9936754,4,4
0.005435637,0.08499541,0.0007097624,0.0012458048,0.9076134,4,4
0.00085000676,0.0016143975,0.0008900573,0.0003318367,0.99631375,4,4
0.0010602861,0.0008665063,0.00012523432,0.0002218328,0.99772614,4,4
0.0007609784,0.0036283068,9.563755e-05,0.00018504089,0.9953301,4,4
0.57685786,0.32967523,0.005394732,0.016638422,0.07143377,0,0
0.46800998,0.29749078,0.006056819,0.024699822,0.20374256,0,0
0.13859676,0.7742844,0.0042034267,0.017141648,0.06577379,1,1
0.5621007,0.18723944,0.0038142148,0.0096144965,0.2372312,0,0
0.0032470718,0.0077517675,0.00018147711,0.00034012037,0.98847955,4,4
0.000590772,0.00039971212,5.2010077e-05,0.000100629826,0.9988569,4,4
0.0004968226,0.00032621238,4.2446398e-05,8.212581e-05,0.99905235,4,4
0.25373262,0.075723715,0.007651803,0.018951394,0.64394045,4,4
0.031601362,0.008937315,0.0010382406,0.0025714329,0.9558517,4,4
0.0212697,0.030426772,0.00080676813,0.004431649,0.94306505,4,4
0.00047226867,0.0012757762,0.000101396225,0.00019003454,0.99796057,4,4
0.0012053163,0.010101874,0.00012364687,0.00026638684,0.98830277,4,4
0.0028339329,0.021851143,0.0002674536,0.003187454,0.97186005,4,4
0.0019840098,0.0013204567,0.0001225628,0.00038857473,0.9961844,4,4
0.69660544,0.1351474,0.0037079088,0.011048608,0.1534906,0,0
0.0016270343,0.0011321134,7.6777054e-05,0.00016188853,0.9970022,4,4
0.00035612614,0.0006770269,7.241043e-05,0.00015145597,0.998743,4,4
0.0006287578,0.00839219,0.00010113388,0.00019567527,0.99068224,4,4
0.0002774078,0.002521318,4.462024e-05,8.6331784e-05,0.9970703,4,4
0.0028438598,0.0073980675,0.00023065292,0.00092219206,0.9886052,4,4
0.004241526,0.0088555375,0.00031700695,0.001479568,0.98510635,4,4
0.0004604208,0.0007063072,0.00010686555,0.0002235236,0.99850285,4,4
0.0007148425,0.0011163733,0.00011490871,0.00032439028,0.9977295,4,4
0.0003706466,0.00040064816,5.958029e-05,0.00016819671,0.99900097,4,4
0.45121983,0.104772136,0.0055387826,0.20359473,0.23487456,3,0
0.00033745845,0.00028014078,5.8904217e-05,0.00012574876,0.9991978,4,4
0.00032136537,0.00027352772,6.334774e-05,0.00013523479,0.9992066,4,4
0.108147174,0.78390366,0.0048908247,0.014081323,0.08897702,1,1
0.00020274188,0.00030772842,4.2727628e-05,7.475469e-05,0.99937207,4,4
0.0001742269,0.00040471394,5.4954417e-05,0.00012669862,0.99923944,4,4
0.0006660433,0.0006280177,7.835647e-05,0.00023353245,0.9983941,4,4
0.63284224,0.27837655,0.005014986,0.026490495,0.057275757,1,0
0.6385814,0.2946356,0.005060466,0.026730733,0.034991853,1,0
0.07366398,0.5053808,0.006630845,0.039211426,0.37511295,1,1
0.08536749,0.5591958,0.00811431,0.047983907,0.29933843,1,1
0.48799524,0.40910834,0.0052238763,0.026120763,0.0715518,4,0
0.00057416793,0.0013811098,9.2117334e-05,0.00017822975,0.9977743,4,4
0.00070333446,0.00077270344,7.2946226e-05,0.00017057327,0.9982804,4,4
0.337135,0.31160715,0.006175231,0.020511813,0.32457086,0,0
0.0022718692,0.01931869,0.00022649652,0.00044368324,0.9777393,4,4
0.001128759,0.001582431,0.0019295079,0.0005842303,0.99477506,4,4
0.0013407992,0.001596508,0.0001505331,0.00038594363,0.9965262,4,4
0.5425364,0.34500313,0.022567807,0.018001642,0.07189105,0,0
0.17882907,0.24571165,0.13726002,0.039734017,0.39846525,1,4
0.00042775495,0.0006590938,0.0021820653,0.00043175626,0.9962993,4,4
0.0007490171,0.00096816197,7.984202e-05,0.00016700014,0.99803597,4,4
0.0015282014,0.004223276,0.0016324376,0.00043902703,0.99217707,4,4
0.06352543,0.6940335,0.08837873,0.012916446,0.14114594,4,1
0.15654658,0.59067863,0.13993941,0.015622896,0.09721247,0,1
0.11799645,0.60736984,0.04952811,0.011686623,0.21341896,4,1
0.0031409021,0.23209454,0.00428399,0.0008371682,0.7596434,4,4
0.13799904,0.66124916,0.043765128,0.015941888,0.14104478,1,1
0.003864809,0.00087606086,0.0020712682,0.002526378,0.99066144,4,4
0.027378328,0.87556225,0.015269638,0.006375165,0.07541465,1,1
0.23081982,0.2038145,0.0045031845,0.011351184,0.5495113,4,4
0.0031443336,0.005014587,0.00020949543,0.0007173922,0.9909142,4,4
0.003637189,0.007497419,0.002354642,0.0010024669,0.98550826,4,4
0.00090410415,0.0027881863,0.00097185565,0.0004213024,0.99491453,4,4
0.018928459,0.9110836,0.017311934,0.005705881,0.046970133,1,1
0.24072514,0.38626543,0.11739068,0.013609008,0.24200974,2,1
0.0456449,0.7922098,0.03502112,0.010377532,0.11674669,1,1
0.08420114,0.7413552,0.0055579687,0.023904748,0.14498094,1,1
0.078768186,0.7479249,0.0054623266,0.02349339,0.14435118,1,1
0.18223202,0.19734117,0.20546296,0.009919979,0.40504384,0,4
0.119527005,0.7416285,0.050993428,0.006856925,0.08099409,1,1
0.041899905,0.87349886,0.021579605,0.006633812,0.056387767,1,1
0.04086334,0.89497685,0.016837627,0.009233653,0.038088538,1,1
0.04391109,0.86495405,0.043259323,0.0032787162,0.044596866,1,1
0.5174827,0.16182375,0.056904476,0.011785255,0.25200385,2,0
0.45075276,0.107161075,0.13242301,0.01815201,0.29151115,0,0
0.39920363,0.41623947,0.032165904,0.010405173,0.1419858,1,1
0.026796281,0.24405937,0.052614678,0.008599391,0.6679303,1,4
0.59327114,0.2840413,0.02465176,0.008417834,0.08961797,0,0
0.1631607,0.5077897,0.13079055,0.07068107,0.12757802,1,1
0.056671526,0.20271844,0.05075912,0.015457783,0.6743931,0,4
