prob_class_0,prob_class_1,prob_class_2,prob_class_3,prob_class_4,true_label,pred_label
0.02342544909433094,0.16971776738009015,0.006223361113669147,0.0033865339935777897,0.797246888418332,4,4
0.04155944814981596,0.08760953673298015,0.016432720109367773,0.004185280058834453,0.8502130149490015,4,4
0.4488855387403546,0.043183141912891805,0.01753894202088644,0.017079802596611425,0.4733125747292557,0,4
0.3204662296223947,0.0472452424036004,0.01333621475370818,0.013672248055320817,0.6052800651649755,0,4
0.16087781698069797,0.14722241235925862,0.008440272885866679,0.013528355409916605,0.6699311423642598,1,4
0.07760643571840486,0.11113133288281375,0.007068839488503516,0.010955005137386323,0.7932383867728915,4,4
0.028218868892004093,0.057142106430395044,0.003091286381235906,0.005064384132989268,0.9064833541633756,4,4
0.08917086784035849,0.14119880301667226,0.011544431223862572,0.010696554744004674,0.7473893431751023,4,4
0.05257023110265765,0.09411413707382486,0.0073621606982129184,0.006651734499972983,0.8393017366253318,4,4
0.06686403234249659,0.1571466682950657,0.013263790328593114,0.006594723910380147,0.7561307851234644,4,4
0.026864804565666027,0.06120640008191855,0.01050297290706802,0.005062693128121821,0.8963631293172255,4,4
0.03204227696614596,0.11857332401226307,0.017892608926767355,0.005427149760205214,0.8260646403346183,4,4
0.02869955495449041,0.09068164588313642,0.014278864300622607,0.004262519207795811,0.8620774156539548,4,4
0.27713893429830516,0.05785375930735409,0.0101115357509463,0.010556409118913396,0.6443393615244811,0,4
0.09958996301405502,0.08228583297869502,0.007159665538730476,0.008924945430822067,0.8020395930376977,4,4
0.13894571210738182,0.0877409582208309,0.004512455889255499,0.005171390904076961,0.7636294828784549,1,4
0.1407529211145337,0.04599089048524689,0.007305906989977764,0.012872295925130279,0.7930779854851113,4,4
0.03894645753998689,0.04656877782785614,0.03176888757099159,0.00808361708957196,0.8746322599715934,4,4
0.18313512209956784,0.15361453790550117,0.008777728433538627,0.00863040776056499,0.6458422038008274,1,4
0.06356010107685586,0.09563177298166353,0.00543992291571353,0.005103987895652993,0.830264215130114,4,4
0.09076716583558729,0.15017546020025904,0.006991137528780063,0.006196371189744409,0.7458698652456294,1,4
0.0355430985795118,0.21212818104403924,0.020541377258772225,0.008225443273434,0.7235618998442427,4,4
0.06111956394119035,0.12264442287537905,0.010931096950695838,0.00790799130440343,0.7973969249283315,1,4
0.1947111078742012,0.03443762942031486,0.010514666491477,0.005524682930945654,0.7548119132830616,4,4
0.21704930723752047,0.03832544531507628,0.013123130530653409,0.006620994774142477,0.7248811221426075,4,4
0.31605008732751727,0.04181119745644979,0.014873511039210958,0.008682441417153654,0.6185827627596683,4,4
0.038985296667914664,0.3297157549641761,0.015532238759733481,0.005304276122210455,0.6104624334859655,4,4
0.08712297148501678,0.31012470958108074,0.01694206744443259,0.0067253846320619644,0.5790848668574078,3,4
0.06768757381876156,0.2045486271755669,0.013361252482922503,0.005432733955118399,0.7089698125676307,4,4
0.025258388642786126,0.16605097722618983,0.013045080259698619,0.010677233664559657,0.7849683202067659,1,4
0.04728388985094061,0.13277862395918394,0.00889751344305464,0.004003207515016535,0.8070367652318043,4,4
0.04962357225887398,0.06334720293531361,0.0458387894931776,0.007633588827249612,0.833556846485385,4,4
0.06664856204907017,0.08109332329694391,0.08060314667421418,0.013245171610971064,0.7584097963688008,4,4
0.7490141142153595,0.11629751430960805,0.013966665664741544,0.020754662192166446,0.09996704361812471,0,4
0.2494836129889989,0.25305378152296276,0.010587474273853415,0.007260349427676071,0.4796147817865089,0,4
0.05607358721324745,0.17441244099627776,0.038194879125320005,0.008863119533614868,0.7224559731315398,0,4
0.14308777553280855,0.11123934076885349,0.04373294027384346,0.013670222827717305,0.6882697205967773,1,4
0.07698418573381681,0.061190165600066515,0.0361390792294916,0.007763153330242695,0.8179234161063825,4,4
0.1042907679647828,0.0795464515614128,0.03692095161277877,0.011842750917117565,0.767399077943908,4,4
0.040291503776496415,0.06821706470831584,0.014097355917277133,0.03745624777493384,0.8399378278229763,4,4
0.14234496867271812,0.06116780675396081,0.009606317377065693,0.00750595590562372,0.7793749512906317,4,4
0.048360533285942364,0.14147783402099376,0.00499272936229592,0.0077722276876926654,0.7973966756430753,4,4
0.049156479090810994,0.11806889051792824,0.02019211541089215,0.009710431977630907,0.8028720830027376,4,4
0.16891622127399522,0.23771705899525394,0.005167430133629413,0.00934711611827206,0.5788521734788493,1,4
0.04720085946812531,0.19928098823647325,0.014188239392174522,0.0058526517383994565,0.7334772611648275,4,4
0.0523623721668824,0.21872662094385262,0.015349237227858399,0.007514793228813179,0.7060469764325932,4,4
0.19426338386920983,0.04980253804818735,0.01046030663659273,0.010800681267960901,0.7346730901780495,0,4
0.13158913764985675,0.04190855013593915,0.009824851711471549,0.010023729565102637,0.8066537309376295,4,4
0.3495644652552626,0.07839722405115684,0.011408306900719898,0.011153929409931373,0.5494760743829289,0,4
0.013060880334844328,0.09816529639205389,0.005722449475379795,0.0032267827668774505,0.8798245910308445,4,4
0.0898149076182119,0.10532993991544619,0.012844109622663058,0.0045162648116717705,0.787494778032007,4,4
0.0931560196468542,0.15821031340058997,0.01661477943483753,0.006710314523888505,0.7253085729938298,4,4
0.06750263305658621,0.09755230972846131,0.006033643139876488,0.005896093127678187,0.8230153209473978,4,4
0.1455645633982925,0.3243196071752228,0.0105722249961956,0.012111469432226605,0.5074321349980627,1,4
0.1372479080130682,0.12574696320966153,0.022065829583741602,0.011996808385620441,0.7029424908079079,1,4
0.04307954178099371,0.08892820410308509,0.0051265038559433354,0.005702171733373866,0.8571635785266036,4,4
0.4051458029559548,0.06082031603714375,0.007890287671015813,0.010261028600199515,0.515882564735686,0,4
0.1727653726015791,0.06141825604244053,0.00604196733976571,0.009445802542536087,0.7503286014736789,0,4
0.09220106654586799,0.048516092346186514,0.010093992471433087,0.0047793616809991245,0.8444094869555134,0,4
0.4617139230465379,0.06136270315762289,0.01553497624165129,0.009988128153252642,0.4514002694009349,0,4
0.04470433723985835,0.02037184870273041,0.005277673960060882,0.003380096072789989,0.9262660440245603,4,4
0.03572608858610219,0.022848334523008468,0.006826362493280005,0.004913088600215912,0.9296861257973934,4,4
0.18214762220523864,0.14162192902564405,0.04138357767654432,0.012805504960188504,0.6220413661323847,0,4
0.0652609991816643,0.24704730584265264,0.006836114629899697,0.005644035741743616,0.6752115446040398,4,4
0.06500945331994638,0.27625562459226277,0.008485820746628079,0.008370990955173076,0.6418781103859895,4,4
0.078521928655568,0.2785142216296783,0.01381713160516414,0.008408893418475345,0.6207378246911142,4,4
0.11382330713895987,0.1732495228462628,0.011328989262923207,0.005770414154082788,0.6958277665977712,1,4
0.09344124730239235,0.14257943382336263,0.009703580325046613,0.006382079771321028,0.7478936587778771,4,4
0.01624898089533008,0.09767001868761468,0.03836181677118737,0.005445816769970909,0.8422733668758968,1,4
0.03317183556244333,0.07390397404298307,0.004613759253102249,0.005558017055759718,0.8827524140857117,4,4
0.09844100540923396,0.10185125549600142,0.00869051525592846,0.009513008821097485,0.7815042150177387,4,4
0.10649765264973524,0.09737232688866604,0.010512985174253208,0.008272272220310755,0.777344763067035,4,4
0.12989500793694173,0.12866773786601107,0.022428967478893076,0.010294753593180678,0.7087135331249735,0,4
0.0882947885593313,0.11534359952145308,0.018867045677632865,0.00825219472857859,0.7692423715130042,4,4
0.09010014143299021,0.12820897367490805,0.0045208716952919266,0.004636094185149297,0.7725339190116604,1,4
0.28063332073699004,0.05602072740703873,0.01644936469559958,0.008054752772748785,0.6388418343876225,4,4
0.03207198223639344,0.11064410665547543,0.008101939742264886,0.004826945181496148,0.8443550261843702,4,4
0.02926456735271472,0.19002798433130821,0.01636745098694036,0.005507087228491861,0.7588329101005449,1,4
0.06570886820182191,0.09688920599398715,0.012495191656655778,0.005908866293538452,0.8189978678539966,4,4
0.5530602704606796,0.1490174442213727,0.009369850690526208,0.02929889644426473,0.25925353818315705,1,4
0.09657026746823096,0.08248286398161517,0.0074269638507938425,0.009726700063654841,0.8037932046357051,4,4
0.08744234460620849,0.09081873947000986,0.008147875164604008,0.012746480239686993,0.8008445605194908,4,4
0.01653951996151377,0.04397098304827767,0.008891410231494055,0.005064196224466141,0.9255338905342481,4,4
0.02164432010465288,0.10437409339145892,0.006881368764828735,0.005930804273313869,0.8611694134657456,4,4
0.04639511290388511,0.1917231932361663,0.012318008891057332,0.007476196414391512,0.7420874885544998,4,4
0.04522460832912485,0.15632498014875212,0.012413209237687177,0.006709941626828838,0.7793272606576068,4,4
0.10653202116660763,0.13338219058283068,0.017774167898914863,0.014615819047550122,0.7276958013040965,4,4
0.10448419550333636,0.09033218947579978,0.007478970278078989,0.004965076949574133,0.7927395677932108,4,4
0.07934558153631098,0.10767197582051138,0.007636089584387296,0.007705986512069183,0.797640366546721,4,4
0.057423884395774075,0.14806176162730098,0.011732839151238256,0.008271188782449647,0.7745103260432368,4,4
0.061358647467984924,0.3010775442315441,0.016618070365111873,0.011784717147586289,0.6091610207877732,1,4
0.03377338303921155,0.1174158450888043,0.009837409823856443,0.006839168862114286,0.8321341931860137,4,4
0.09835623851177551,0.09402331176150835,0.008330953080431653,0.006310856327395447,0.7929786403188891,4,4
0.47975977218088367,0.3273670972428019,0.015216653623804728,0.03084397245831647,0.146812504494193,1,4
0.05877308202350761,0.10396523023165452,0.006672295217578511,0.00900546033191161,0.8215839321953481,4,4
0.13271421216787888,0.03424542042545923,0.007765196147545049,0.007243956983535086,0.818031214275582,4,4
0.0448322457575383,0.13284506930130302,0.0045912428944489625,0.006067940325835576,0.8116635017208744,4,4
0.05899727258945811,0.03334275573020804,0.0046681142125206574,0.004726779757303518,0.8982650777105099,4,4
0.04010063326588776,0.04055059056785063,0.0067327942478168515,0.005787432299061174,0.9068285496193835,4,4
0.05090123272373808,0.04207442862553555,0.008110539078070928,0.0070328025005702705,0.8918809970720849,4,4
0.21242459793116686,0.1317922100538959,0.006215284000107749,0.012007397074980263,0.6375605109398492,4,4
0.11813515588358835,0.09279149771421237,0.004572520631139576,0.005902349719687081,0.7785984760513729,4,4
0.23770108642415577,0.12972914390896248,0.006251965263117359,0.009039918289177596,0.617277886114587,4,4
0.05715737942706789,0.07085194739376298,0.007502249589440292,0.004642108749352148,0.8598463148403762,4,4
0.018745546003588145,0.040144690809212256,0.005965007433299087,0.003404841163209105,0.9317399145906919,4,4
0.011736281551186592,0.03169679384877828,0.005409604322225465,0.0029200450598062914,0.9482372752180033,4,4
0.09433367445056276,0.093707723823783,0.011524027584755967,0.009008563102770076,0.7914260110381277,4,4
0.022045757829013246,0.11240108630697619,0.008138640102907524,0.004848791239990393,0.8525657245211127,4,4
0.011895438983244315,0.11361921460310401,0.0033760800873392383,0.0041644525894835365,0.8669448137368289,4,4
0.11610093706468087,0.3093350629282448,0.007324612089155497,0.014708292961676448,0.5525310949562424,1,4
0.027305624606628207,0.13570857834685726,0.003397714786611095,0.004715175509691466,0.8288729067502117,4,4
0.04644690609591003,0.1344289559639678,0.007463297260270987,0.0047654693014183205,0.8068953713784327,4,4
0.056998809601952936,0.17024148627773458,0.007848875927807766,0.006859895790366785,0.7580509324021375,4,4
0.04184619607763779,0.015257309644432119,0.002868843672191836,0.009249368931746563,0.9307782816739916,4,4
0.32111586815243826,0.18289976503912908,0.01032849694194443,0.02402242871582682,0.4616334411506609,1,4
0.03593075876352644,0.17107938611629808,0.004638735676920667,0.006189456699684688,0.7821616627435702,4,4
0.1185488331410594,0.03545011533777349,0.004500878211455146,0.009028750421337705,0.8324714228883745,4,4
0.02225196021078468,0.03764103067467935,0.00518876707398777,0.017625309180409405,0.9172929328601389,4,4
0.07649098545859793,0.1481671873713555,0.006741280750849532,0.010540054928285365,0.7580604914909119,4,4
0.12196038242624276,0.24459755203742514,0.013062222555697747,0.01943541203730804,0.6009444309433262,0,4
0.0965982154761445,0.09285528369565565,0.009434363777714783,0.011750021088884677,0.7893621159616008,4,4
0.13699940641814232,0.2723262705106603,0.007678398542709976,0.009609033455727525,0.5733868910727598,1,4
0.2331361258588546,0.14384648838305703,0.02580990365369272,0.15042278731580702,0.44678469478858845,3,4
0.030399601904085354,0.03570108828860492,0.00499411669056854,0.04571237815283597,0.883192814963905,4,4
0.17433217475330076,0.42907031169561155,0.013962201626342253,0.032223731313802524,0.350411580610943,4,4
0.033108208468383936,0.03982267990991599,0.004565640078398857,0.004421762946849776,0.9180817085964517,4,4
0.15615526653792972,0.03413970450269769,0.004173910509917575,0.008559428064275142,0.7969716903851798,4,4
0.03559186391638868,0.01591115198961198,0.0027923991416398215,0.003782819077854288,0.9419217658745055,4,4
0.040725061593703385,0.10116390918076448,0.008131856397789836,0.0040487255875839845,0.8459304472401583,4,4
0.04402524872500394,0.13075444042088635,0.009198612230812786,0.015038607967822077,0.8009830906554745,4,4
0.07097313383886313,0.11203337741410901,0.009291784122867955,0.00901374724819046,0.7986879573759698,4,4
0.07496828149370317,0.05448621027790392,0.005290806227067829,0.0067791748247795,0.8584755271765453,4,4
0.13334473091138602,0.2628267453085022,0.0181850769710554,0.011877678583898559,0.5737657682251582,1,4
0.02246920006682452,0.16698215879177783,0.008240351584197414,0.005299116800648999,0.7970091727565516,4,4
0.056174074300885744,0.13173554794356715,0.01324750028866968,0.00797334158464506,0.7908695358822325,4,4
0.04503545038881871,0.6085535003818985,0.016477195825883608,0.00840561468720936,0.3215282387161901,4,4
0.03714956925578715,0.5180727075666983,0.01570975301257562,0.007605882941557761,0.42146208722338113,4,4
0.19240184767867988,0.07962666405943661,0.014251639648121353,0.008618975928527053,0.7051008726852351,0,4
0.12021421791516555,0.08310731726378527,0.012932899648188933,0.009713652603392214,0.7740319125694679,4,4
0.06315981390135016,0.19404800182504398,0.0831633180350715,0.01097319707423365,0.6486556691643007,2,4
0.09092551032579495,0.1060530528620529,0.019197434664670766,0.009443871016194863,0.7743801311312861,4,4
0.10577043354274865,0.0674948669561587,0.03983320963083831,0.01020986983425963,0.7766916200359947,4,4
0.026566888052542936,0.19285958388289776,0.008184225397366693,0.0059133774138880124,0.7664759252533049,4,4
0.1343508248289708,0.16742674557499881,0.011349963413218884,0.005922844457494576,0.680949621725317,0,4
0.055142052586034815,0.09089710909335652,0.010635301947170637,0.004120979201044428,0.8392045571723936,4,4
0.15197950416127493,0.12789841890343417,0.006407175500559362,0.005834075807244908,0.7078808256274868,1,4
0.3443654598292456,0.20851677923256487,0.008523774170773626,0.010860056651310686,0.4277339301161052,1,4
0.05152562288737498,0.2226754006371388,0.039735873396850224,0.009848836488879667,0.6762142665897563,1,4
0.044472694073872956,0.13269042213724483,0.012049293452461007,0.010022763480889646,0.8007648268555316,4,4
0.024183432724132276,0.9422070097163484,0.014265140552548362,0.006673471301232132,0.012670945705739001,4,4
0.015929860475279,0.8319415579016199,0.009902376134731966,0.007785076132694721,0.13444112935567437,2,4
0.07713987851625392,0.6230571924562516,0.016177941844763892,0.009803230971761927,0.2738217562109688,1,4
0.043836106985777445,0.6268435401627925,0.025182240611896622,0.008609846808392267,0.2955282654311413,1,4
0.03706522467558999,0.7149111103864214,0.024230463913781496,0.00910189417163244,0.21469130685257465,1,4
0.0730627119007718,0.5009782461047181,0.012206200641153603,0.0043461974713867825,0.4094066438819696,0,4
0.03906835257365137,0.9147378426576753,0.017178827038740397,0.006359048885899794,0.022655928844032825,1,4
0.05743923661887391,0.4012087374897712,0.017837190879719664,0.006665004458650496,0.5168498305529845,0,4
0.04579310513617083,0.5323057132127568,0.018441506390272717,0.007182156767858196,0.3962775184929413,1,4
0.05739344700135159,0.11528663379772493,0.05128255751092682,0.0121550430642683,0.7638823186257285,0,4
0.08214512998384925,0.17086701006808563,0.020702457027083968,0.01630024611984295,0.7099851568011385,4,4
0.04306192116324854,0.1118721888270541,0.01255435545742838,0.007798395647116035,0.8247131389051532,4,4
0.06491988737727819,0.4616289041141751,0.020190650123999,0.005051031954236831,0.4482095264303105,1,4
0.05284179948694764,0.46839569140589093,0.019287667331219092,0.004566480856459348,0.454908360919483,1,4
0.04033621303565712,0.0858135439863352,0.0675969980643971,0.007775277527932657,0.7984779673856778,4,4
0.034858481398070774,0.9261893055644892,0.021398198763511983,0.008718017560790613,0.008835996713137508,1,4
0.08951578726966847,0.8348716703634028,0.005705635655673297,0.011219626384755765,0.05868728032649997,1,4
0.025184462598011003,0.9279580391391854,0.021651719012890994,0.008097864581666043,0.01710791466824664,1,4
0.8663786351939855,0.06525996826082603,0.024540162353618004,0.022624497611935933,0.021196736579634532,0,4
0.05131018873563966,0.8829068347965422,0.007137734291016339,0.011265260875341744,0.04737998130146006,1,4
0.13954926780885696,0.09781592039660392,0.016275027569591018,0.007176359436588161,0.73918342478836,0,4
0.09662678738247607,0.11522576975673456,0.019888213860222527,0.009257148153929163,0.7590020808466381,4,4
0.06290938634313956,0.865975534344192,0.048113812904922414,0.0074668869789215305,0.015534379428824146,1,4
0.09796536262837406,0.8532081041559011,0.018487805571537758,0.008840080779247377,0.021498646864939835,4,4
0.04455896273131192,0.31362189563132503,0.01436939435793306,0.006236700198986717,0.6212130470804436,1,4
0.049256775874075,0.17279332429883687,0.011828678610547691,0.005723344736203064,0.7603978764803374,4,4
0.05181047617351619,0.23511537560170492,0.03428419115909955,0.00805182711842895,0.6707381299472501,4,4
0.05394171944311466,0.2551504875895976,0.03125568310543988,0.008716335781964924,0.6509357740798828,4,4
0.1595111900721823,0.23777200369987306,0.014250432444740087,0.008318342193490575,0.580148031589714,1,4
0.05285416794735115,0.12476672081490676,0.009560008426010977,0.004444418445065597,0.8083746843666654,4,4
0.12536128154079404,0.0291007974024458,0.008912592377836384,0.005946949522578045,0.8306783791563455,4,4
0.534957561877985,0.1875548581437598,0.0076486519038410535,0.019076108950250165,0.250762819124164,1,4
0.044643265574720634,0.06739898751353961,0.04638930549126956,0.008622584247041636,0.8329458571734286,4,4
0.13804805115705082,0.1448011794585169,0.00492237633285254,0.01962198902201869,0.6926064040295613,4,4
0.13966941163192972,0.1709769940759959,0.010659723194871412,0.010371638737912336,0.6683222323592903,0,4
0.04126990387948667,0.08811739164762275,0.006599171051988745,0.004113727852853455,0.8598998055680479,4,4
0.09244693439841975,0.16675764839520968,0.012328513598247317,0.008419669100625714,0.7200472345074974,4,4
0.04291492859716337,0.043278741590408565,0.008655640105635437,0.005180534122888968,0.8999701555839037,4,4
0.028761047086344395,0.1393190656443079,0.018747759201167377,0.005812019429792559,0.8073601086383876,4,4
0.7606250833021028,0.06527893872826233,0.0087191778541397,0.020534408040134625,0.14484239207536048,0,4
0.1287741682860479,0.04203745836251639,0.0070875727868533215,0.0068646141060890375,0.8152361864584937,4,4
0.14153650819338728,0.08779599746576246,0.015970646792348005,0.014036908668506758,0.7406599388799958,0,4
0.13545903022872,0.08082907097459308,0.015423327772274146,0.011896429098574132,0.7563921419258388,4,4
0.08253135653155273,0.11919331581547461,0.008880482808627006,0.004581196961410583,0.7848136478829348,4,4
0.10235226869407679,0.028813750482310434,0.008088268283171343,0.00891293274880925,0.851832779791632,4,4
0.13777935226734317,0.051662743799485565,0.00581270370923252,0.0081879244413453,0.7965572757825935,4,4
0.06408528433997186,0.2135187920119868,0.013413096201939633,0.009555950764210147,0.6994268766818917,1,4
0.043507607982022974,0.2074380440113593,0.010990650959729124,0.006964564080482685,0.731099132966406,4,4
0.03501720854586383,0.16439904998374955,0.00914371746514957,0.004902617524363954,0.7865374064808734,4,4
0.029607738790089565,0.3171772785721186,0.017477295709317817,0.005241653961473044,0.6304960329670009,4,4
0.13956019059370067,0.16653983612956846,0.08744978510515582,0.018644557113487573,0.5878056310580877,2,4
0.35716110133514684,0.4803186573423258,0.01652144665226318,0.018081140210907527,0.12791765445935674,0,4
0.13899827786358554,0.05482760623437204,0.06326216554021959,0.012365241885601473,0.7305467084762214,1,4
0.08785255754137648,0.03503810451630639,0.04179651645803007,0.005667657141642937,0.8296451643426443,4,4
0.06469704724319292,0.04145268390586608,0.04426357942821409,0.0065261781484526465,0.8430605112742742,4,4
0.09620094112355379,0.11573539678290706,0.02966968271393348,0.011821815879864889,0.7465721634997409,4,4
0.026425809109672113,0.2729131865944603,0.017957749058269603,0.005972784705555248,0.6767304705320429,1,4
0.031689951291673985,0.19738297884594827,0.016918059676470608,0.005675069502592416,0.7483339406833147,4,4
0.11728040911838021,0.12099590118108479,0.017174311386631464,0.010257011941993044,0.7342923663719103,4,4
0.09475768923930146,0.32671729173810143,0.016126772225578054,0.011051633946679516,0.5513466128503391,4,4
0.13146605216065219,0.3025057555161807,0.014754476383142527,0.011115295456722801,0.5401584204833016,4,4
0.10486844083851288,0.14557517188995803,0.010215116129515405,0.006798381406524009,0.7325428897354896,4,4
0.02631509491724218,0.15986256291952652,0.009932988217592165,0.00409745223048197,0.7997919017151572,4,4
0.025287544659818445,0.17164044969452943,0.01096705815772634,0.006159614336191102,0.7859453331517345,4,4
0.034789165376460256,0.08715606721113615,0.017527072550537336,0.005746221974636393,0.8547814728872297,4,4
0.02593976270259631,0.07197339818497382,0.01433782849840609,0.004962553514219657,0.8827864570998043,4,4
0.03485788953106589,0.19065722293043952,0.009015920585557913,0.008018839907078029,0.7574501270458588,4,4
0.05842701950223006,0.1361265514572782,0.016279087937699138,0.006538500029019383,0.782628841073773,1,4
0.032065277132295796,0.20984874598968034,0.015339908867753261,0.0056219293508326445,0.7371241386594379,1,4
0.40129883429586233,0.2935807605398431,0.018076170531329854,0.023733338504121397,0.2633108961288436,0,4
0.1362128342376573,0.13316880100699727,0.008505278192730647,0.00867889319740213,0.7134341933652126,4,4
0.13012994040705808,0.09391775393436458,0.006449367770873997,0.007620580659391386,0.7618823572283119,4,4
0.05007619579358103,0.11626602089943683,0.014951887101615643,0.005917185412694891,0.8127887107926715,4,4
0.04584101634695111,0.1129743602558794,0.0160459856779892,0.006568395517175724,0.8185702422020044,4,4
0.17582796157961106,0.03552067243080405,0.010350459257404965,0.009538886857378059,0.7687620198748019,4,4
0.11764362009132197,0.05182897907877585,0.009403565302816308,0.008569442674595902,0.8125543928524901,4,4
0.02731560761539424,0.2427702255649102,0.010840809805022243,0.007802835395324139,0.711270521619349,4,4
0.026812575923804944,0.180551955700528,0.00789458153366583,0.004536770597003178,0.780204116244998,4,4
0.05336345403582259,0.2939655957775983,0.006713378193554236,0.006038306895019555,0.6399192650980052,4,4
0.5228498706914388,0.10048024560652195,0.006131784209259316,0.020224495553312988,0.35031360393946703,0,4
0.0910305557442546,0.08143838842761544,0.008124113332774154,0.011230744989632816,0.808176197505723,4,4
0.746142064065073,0.09819001523390107,0.006871541847860374,0.029401044356990307,0.1193953344961753,1,4
0.06961950594388214,0.09937204375743135,0.01327545617427203,0.005770424856278893,0.811962569268136,4,4
0.14179913677053368,0.10958128459293863,0.00494075323360435,0.007410273211654847,0.7362685521912685,4,4
0.050543361879343586,0.11857087005603652,0.07933276810293186,0.00990078203035242,0.741652217931336,4,4
0.11799363690400279,0.06096207960102166,0.008090874968217823,0.008017564892456946,0.8049358436343008,4,4
0.10731043058373577,0.06378965851533537,0.004316328996659728,0.006750737196360352,0.8178328447079086,4,4
0.5911231137125379,0.20128930502529138,0.010687998911742972,0.02102287128934514,0.1758767110610825,0,4
0.02303052699141042,0.03763444824072634,0.007431206400583394,0.004309818295351999,0.9275940000719279,4,4
0.3043095491196836,0.17367173015681578,0.011846943709857307,0.01767774085780786,0.49249403615583537,0,4
0.02848322914148014,0.05706365014198707,0.008767959093103036,0.006496539097659424,0.8991886225257703,4,4
0.05714290648569389,0.07129029859437144,0.013603557927766522,0.008321036463784298,0.849642200528384,0,4
0.10893158556572259,0.11603427944535592,0.02077667184516615,0.016703149349739172,0.7375543137940164,0,4
0.05691914965586426,0.03106726666007673,0.005846314182376311,0.005289024750608655,0.900878244751074,4,4
0.08821528078572594,0.18436365282713965,0.009908054354728139,0.008412505601480517,0.7091005064309255,4,4
0.01749713341012212,0.11822282276829144,0.006441213346688113,0.003729150805678083,0.8541096796692205,4,4
0.02686571793979045,0.18815773556332444,0.007268956072484207,0.004984240587242117,0.7727233498371591,4,4
0.25318451964532274,0.07651559144142418,0.012912639633602965,0.01279151651950549,0.6445957327601445,0,4
0.08686554332962584,0.2443305233344053,0.011192612879896757,0.00673042575977254,0.6508808946962998,1,4
0.24656989370721838,0.02609278275273814,0.005538941503544937,0.006423364279450412,0.715375017757048,0,4
0.03229398675609454,0.08342083705504552,0.007186688763384565,0.0077093468971764995,0.8693891405282986,4,4
0.04608273068930201,0.02734185272994166,0.0057687662822302884,0.0044162544642001745,0.9163903958343261,4,4
0.12471773209164665,0.13867593540163636,0.01049272452881681,0.0102446640162435,0.7158689439616565,4,4
0.08246000749293951,0.10277366346881527,0.00846349704807464,0.0065611810012142155,0.7997416509889563,4,4
0.5099671859995492,0.08111047116829816,0.010483027163050124,0.022752900827221156,0.3756864148418815,0,4
0.19254772447963056,0.06332923971737568,0.01302779309603429,0.008265968281758027,0.7228292744252013,4,4
0.15888333340989752,0.06944677849336939,0.01398781173119235,0.008847036659950222,0.7488350397055906,0,4
0.10265877568554464,0.037901676218241045,0.005602008364957561,0.005561812630814482,0.8482757271004423,4,4
0.349640369283381,0.08549495472883051,0.01708312768568133,0.02294686830563992,0.5248346799964676,4,4
0.2359264757378891,0.07706107637392515,0.013888316980104018,0.01855515588664127,0.6545689750214406,1,4
0.16367401875388027,0.1126683289023763,0.013538025111722403,0.011869288487150452,0.6982503387448703,4,4
0.04162453638116159,0.0658244658945647,0.007689341610955368,0.0050625837863991,0.8797990723269193,4,4
0.06199946450529442,0.13648964995284035,0.012226094312949768,0.0065390099512167696,0.7827457812776988,1,4
0.03393031118384944,0.171514637248678,0.010527551952318442,0.0063903153749896476,0.7776371842401646,4,4
0.42270921219777485,0.23170029408456835,0.010726811925345109,0.016338708399158103,0.3185249733931538,0,4
0.1130490432701758,0.13642926147822435,0.010665717939079776,0.009065436505547779,0.7307905408069726,4,4
0.03039210827590067,0.08376889039315379,0.005711404685026626,0.0052627789793155385,0.8748648176666034,4,4
0.43859030761212614,0.025614442696992267,0.0108865899283697,0.009604445539437024,0.5153042142230746,4,4
0.2582151831363697,0.029681805863724358,0.00990994383160032,0.00847163028873849,0.6937214368795669,4,4
0.10095439793669754,0.04702409563425048,0.006966172582315282,0.0075993392864648675,0.8374559945602718,4,4
0.2156757956135318,0.14000104364491672,0.013872205643517602,0.018668798584171836,0.6117821565138624,0,4
0.019953203679885543,0.1406231282082672,0.009200224962179695,0.005623972168378248,0.8245994709812896,4,4
0.2762144900695971,0.46430097055938524,0.01702121953805828,0.0251737707104562,0.21728954912250337,0,4
0.0545957587243038,0.15310240491599109,0.005580314072015229,0.0049882411416127,0.7817332811460773,4,4
0.864333147231555,0.06072985855811143,0.009318887030473065,0.01956886005719575,0.0460492471226648,0,4
0.32470380387801373,0.31951176409112164,0.03556614980100046,0.06337303634498298,0.2568452458848815,0,4
0.8187137122956789,0.09635836389767215,0.006916733177620235,0.023235879030879005,0.05477531159814949,1,4
0.021088477108714438,0.1127632337608811,0.004229833078619437,0.005298096161003665,0.856620359890781,4,4
0.13557182936729315,0.3653438345903524,0.009366779516486422,0.014729852081976646,0.4749877044438914,1,4
0.011835282694299567,0.11502380583929589,0.004860262490247185,0.005680808983873566,0.8625998399922841,4,4
0.1419502178472031,0.29323653701859803,0.012324428597705769,0.016909627568236798,0.5355791889682563,1,4
0.1167089420290804,0.26337368573626946,0.018196810646566218,0.01888653592821835,0.5828340256598654,1,4
0.045054847093573436,0.04548207688473662,0.007815138448795023,0.006033967425999618,0.8956139701468951,4,4
0.07921691465303768,0.07199701891869947,0.0073342130984717395,0.011962066042667526,0.8294897872871239,4,4
0.03597107073393369,0.1727050364498602,0.009323965891688196,0.005658710654051266,0.7763412162704667,4,4
0.02671161755289208,0.14395928567410313,0.007300106663988764,0.006583238379031355,0.8154457517299846,4,4
0.010638472915835143,0.12827052793636828,0.004874530992248234,0.004707802528818239,0.8515086656267301,4,4
0.15880366110628222,0.5668772844790291,0.018718108306029886,0.028504431449519984,0.22709651465913874,1,4
0.02337679605244158,0.1311439703787825,0.00616418082534283,0.005309540375303816,0.834005512368129,4,4
0.4477256474423608,0.0378030536932606,0.004855903828507477,0.013015166874267585,0.4966002281616035,3,4
0.07301130201105954,0.03087227562505014,0.005514628137197104,0.008290426118518447,0.8823113681081748,4,4
0.030241788093612366,0.022488087740703062,0.005198143000203695,0.005067328335715889,0.9370046528297649,4,4
0.03701451011786556,0.1608912929394848,0.007355186139768697,0.004422867319224528,0.7903161434836563,4,4
0.008336625441850279,0.09498970939395901,0.0071188956108826544,0.004765918784358975,0.8847888507689491,4,4
0.1471625357699533,0.054944362128211036,0.006559767024213978,0.01220311727634072,0.7791302178012808,4,4
0.1845125875015331,0.07054088140792439,0.013625388463126482,0.014210493968793852,0.7171106486586224,4,4
0.20200857015515375,0.07921858627751326,0.01267903407900888,0.01477693869221701,0.6913168707961073,4,4
0.04716008954307332,0.05984332626206538,0.007826534732688092,0.0392284672224568,0.845941582239716,4,4
0.06988466151115176,0.0594224665185955,0.009000045662399835,0.009267862689396444,0.8524249636184564,4,4
0.07635012694633898,0.16686576966691538,0.007866653669259677,0.008280591024389074,0.7406368586930969,4,4
0.112344139302002,0.13575369758080522,0.012599740367468202,0.012662487525932952,0.7266399352237919,4,4
0.13337540253539928,0.11965477121950382,0.009919336923325181,0.011532550720707382,0.7255179386010646,4,4
0.2896678911886257,0.021091479611953075,0.010035497510789327,0.014222224642169498,0.6649829070464627,4,4
0.0429031119050966,0.18972105667014144,0.005095385012348347,0.004519168524060553,0.757761277888353,4,4
0.2652460426099244,0.1464913907887115,0.026832164860046404,0.11645160321859649,0.4449787985227214,3,4
0.07799075794516364,0.10615409565735127,0.005703679010708481,0.009590251394771921,0.8005612159920051,4,4
0.006718438309693353,0.02573438103233895,0.004634273170630892,0.0036119483772642587,0.9593009591100725,4,4
0.006487471125057161,0.028694856037895188,0.004490466465567875,0.0035941253370150444,0.9567330810344644,4,4
0.06437022280778383,0.06616511431772328,0.009561499045345785,0.009272263034747347,0.8506309007944,4,4
0.08375936969754891,0.2736396038411237,0.007687700657173708,0.007484202042803108,0.6274291237613505,4,4
0.011733365908099919,0.05424701739841896,0.00899445901368347,0.007321657772908065,0.9177034999068892,4,4
0.03212016478389962,0.05759880551668944,0.006103365195834548,0.005099288160070714,0.8990783763435055,4,4
0.026751641709716206,0.13853156247442353,0.009881569563494778,0.0058501281253543385,0.818985098127011,4,4
0.031985104055189804,0.09785526013911214,0.01118433841280476,0.005662704610162681,0.8533125927827302,4,4
0.04592789888746284,0.23745442150640164,0.014761713430651146,0.007509304651548515,0.6943466615239359,1,4
0.13925394329347918,0.09676044913585478,0.01310581753634258,0.008160679399538524,0.7427191106347849,4,4
0.03440716996250884,0.08773565046956101,0.016441233364336373,0.02419250175905577,0.8372234444445381,4,4
0.028418952227587075,0.10088472387086538,0.04799695827107204,0.009470258894368618,0.8132291067361069,4,4
0.046843982277104255,0.17291043635971634,0.009080146737842461,0.005901050021986528,0.7652643846033506,1,4
0.3650730863754717,0.11457527561285477,0.01278702547093697,0.009262634535073292,0.4983019780056633,1,4
0.12765492029152284,0.09513045388116999,0.012589169458258102,0.008004071180985258,0.7566213851880635,4,4
0.058949057094903494,0.315596896227761,0.027033265038737958,0.010172311842307161,0.5882484697962903,4,4
0.048719555838392825,0.08516748734893063,0.010469380334344202,0.011286024223888623,0.8443575522544438,4,4
0.07330061442411424,0.2919947236922796,0.02478620527024498,0.006325189299925536,0.6035932673134357,1,4
0.013965441163034623,0.8337379282025933,0.040907994741920625,0.00804894813685486,0.10333968775559661,4,4
0.02986408522370292,0.137355541090643,0.009948095034726429,0.004908455662339373,0.8179238229885883,1,4
0.028729228741175138,0.8882649836589535,0.0222195357419887,0.010019887930650598,0.05076636392723201,4,4
0.046966956394812666,0.8629930628938766,0.015593292098972542,0.008908562790670727,0.06553812582166724,4,4
0.04411456065476985,0.8709739034032106,0.02511881109276019,0.008643421449426184,0.05114930339983306,1,4
0.060534942177397744,0.8095584786973651,0.02423548610636084,0.00907801431197215,0.09659307870690412,1,4
0.1743731267360794,0.2513107197174383,0.025408421247429536,0.017491293255908345,0.5314164390431445,2,4
0.025145309503531058,0.8947379221414757,0.00904534505458413,0.004696414852946274,0.0663750084474628,1,4
0.05149723153019843,0.7403177846155247,0.02786283181365982,0.009174238323657793,0.1711479137169592,1,4
0.01639678032543495,0.7853603118994997,0.010727648039930654,0.004222214271343745,0.18329304546379088,1,4
0.013734363164092904,0.68838792775172,0.01029013867941968,0.0032019885582339545,0.2843855818465336,4,4
0.13069573802179515,0.7605614547710768,0.03213521280030212,0.01502973597297,0.06157785843385608,2,4
0.11827274601873487,0.768943659794912,0.03082516872441502,0.013096684498941254,0.06886174096299726,1,4
0.03796111925028244,0.9115445300809633,0.029757614026250455,0.008734988026960733,0.012001748615542818,1,4
0.10393595886586557,0.8193274157628567,0.010984813476070929,0.009836092335802332,0.05591571955940409,1,4
0.028651288783340667,0.9160871621540734,0.025128250444948444,0.010168202791217818,0.01996509582641958,1,4
0.09245998743591621,0.793195765533019,0.01524590506417,0.007143848406179468,0.09195449356071547,1,4
0.08342032504403442,0.8472580858335685,0.015046133201935534,0.008172094702958103,0.046103361217503476,1,4
0.03992503568218596,0.8921692537312378,0.040819067746783025,0.006894776851032932,0.02019186598876041,1,4
0.04757967555275927,0.884069706063759,0.00999092079014248,0.01178962828885313,0.04657006930448628,1,4
0.8945031039288515,0.04762116804879627,0.024689231046244757,0.019932389724631575,0.013254107251475798,0,4
0.8355701424744222,0.1034088351236452,0.018778230359320115,0.019653834430362678,0.02258895761225029,1,4
0.8217615707091361,0.11459927556013613,0.019590461701314215,0.019382322662759,0.024666369366654433,0,4
0.2716566401680955,0.060475587896191715,0.012445299611476047,0.007700769027715459,0.6477217032965211,0,4
0.03267158045192502,0.1678436390396796,0.02086829602614861,0.00619244845780667,0.7724240360244403,4,4
0.05820390210315539,0.15147412167102062,0.03415076243020028,0.006936658487173329,0.7492345553084503,4,4
0.05789906806839774,0.11746552706719801,0.011916097268255784,0.005551764394626047,0.8071675432015223,4,4
0.041798375895738024,0.08367868860609042,0.005318284612571247,0.006727797236615217,0.8624768536489855,4,4
0.09618178338449633,0.15708313824916276,0.009441177938178122,0.014294110115918279,0.7229997903122449,4,4
0.07014625249026352,0.14336919085361713,0.009073250186332251,0.013129645177420298,0.764281661292367,4,4
0.049636347629848976,0.051687350290041546,0.04608724156509183,0.008434001816075542,0.8441550586989424,4,4
0.44033286602714433,0.16387748499527688,0.012099514885861912,0.02210913100294616,0.3615810030887702,1,4
0.05758100718801896,0.07599151185142616,0.008179271279351981,0.010530760851932835,0.84771744882927,4,4
0.03357870947095015,0.07074732375524002,0.009241857583009229,0.010320862775274863,0.8761112464155257,4,4
0.03754281652843387,0.08017558849767133,0.007180658777165912,0.0055077376887506455,0.8695931985079786,4,4
0.06715187391340532,0.13865694990433,0.011693256218425879,0.006602446156452489,0.7758954738073863,4,4
0.04173018302629127,0.13606933265396243,0.010612001607756017,0.006383330747328927,0.8052051519646612,4,4
0.04253866540261709,0.12011365022887129,0.015560962447829072,0.0061993105788638115,0.8155874113418186,4,4
0.1626429088080293,0.048592742474532935,0.007754125892568051,0.009329571907114758,0.7716806509177552,4,4
0.08175415696090042,0.08666993489096128,0.006272783204686438,0.006949433295223578,0.8183536916482284,4,4
0.03830553693824798,0.029690150603478727,0.005116445085104683,0.006897313798823826,0.9199905535743447,4,4
0.41588661311613523,0.04572319642834692,0.007286283289555124,0.009252585458496759,0.5218513217074657,0,4
0.06440938666240038,0.11811331803252767,0.005294968978455536,0.006186411236702568,0.8059959150899142,4,4
0.07882606542099105,0.133358330931077,0.006758681385802767,0.007175535449249337,0.77388138681288,4,4
0.0710712791675644,0.18006945515317735,0.015527980913298486,0.00792262900688936,0.72540865575907,4,4
0.0842776982207644,0.21539549456363247,0.0173269104683494,0.009220235506273274,0.6737796612409803,4,4
0.09533171030094677,0.1514300311953342,0.00851378762472864,0.008245241574173735,0.7364792293048164,4,4
0.23447926748767584,0.27555788248118246,0.0160426400432275,0.024100207580982427,0.4498200024069316,1,4
0.047781027363910905,0.141990120699234,0.00701781982077565,0.006754194846143919,0.7964568372699355,4,4
0.026429076813309926,0.049236900092918444,0.006030952229690445,0.008885389457371213,0.90941768140671,4,4
0.06580602774349005,0.03885711168845179,0.006110360268398517,0.015479800646831979,0.8737466996528277,4,4
0.0442562381719421,0.2504836893890262,0.021855516155538574,0.007534968382110529,0.6758695879013829,1,4
0.7103227069805291,0.17794897350846015,0.01174076183446209,0.02309069046779817,0.07689686720875008,1,4
0.5821960047961843,0.05333127503498777,0.010100182290200883,0.020323571035901614,0.3340489668427255,0,4
0.052563135071379115,0.3663836063841488,0.021890651580615827,0.008283776109169066,0.5508788308546869,4,4
0.11602541851780127,0.11944528366572665,0.06099508749102123,0.00955283595904927,0.6939813743664015,2,4
0.09271608688335092,0.04783193031545147,0.006671088835147662,0.008409931404314525,0.8443709625617353,4,4
0.048384315538450656,0.09446651335338117,0.005346811098787062,0.005377925421207674,0.8464244345881736,4,4
0.07542998971221922,0.1402104440489935,0.03410233566138551,0.012601997701867814,0.7376552328755339,0,4
0.0664824872890671,0.15728294876516555,0.03352688957593362,0.012375343413992747,0.730332330955841,3,4
0.06524140589287906,0.14206738585181705,0.017276183271169816,0.007144303453986475,0.7682707215301475,4,4
0.10887822834366746,0.09917635060218356,0.010855204271485517,0.008241143699358125,0.7728490730833054,2,4
0.058363901508287665,0.13469211035826123,0.009166123549767632,0.007335565375106313,0.7904422992085773,4,4
0.06040730132807328,0.12793045434600897,0.009112499883322151,0.006530478661818614,0.7960192657807773,4,4
0.24816222755140055,0.28152171587731545,0.013096816040157144,0.013818128539730154,0.4434011119913966,0,4
0.12191563985254858,0.25522694479326796,0.018399894028890768,0.011634861261105326,0.5928226600641874,1,4
0.1370347900609807,0.23487029385588448,0.012515406290264612,0.01384879548842877,0.6017307143044414,1,4
0.03427800495378094,0.12295074603602145,0.006927959866405095,0.006810746068804268,0.8290325430749879,4,4
0.016965842733725926,0.12195396102724343,0.010924847344551252,0.006349682128220056,0.8438056667662595,4,4
0.053266634868699064,0.1794948053576681,0.019994868722251848,0.008584194713323352,0.7386594963380578,1,4
0.05802749899221987,0.18587859596944037,0.029580292717976228,0.009331904256636837,0.7171817080637268,1,4
0.06626312258660541,0.13437897722544148,0.022661674087348028,0.007892073499926863,0.7688041526006784,1,4
0.0584714065617758,0.14095129287585653,0.02331216051470759,0.008783890403883176,0.768481249643777,4,4
0.022476029521059586,0.24765348814898125,0.013116871955414285,0.007354845152972734,0.7093987652215723,1,4
0.010766580447087212,0.13598908223125225,0.008501449584762979,0.005668056963561988,0.8390748307733353,4,4
0.025445308266549966,0.14893965106252763,0.010366483920225097,0.006108086760759171,0.809140469989938,4,4
0.0576344229302512,0.09216591403807334,0.007030639494828564,0.006111944995925245,0.8370570785409213,4,4
0.024944704348671885,0.19845688842237327,0.00908846516215428,0.007951046526515522,0.7595588955402852,4,4
0.04149543286286266,0.27145928818117526,0.011205212937016885,0.005453290955207007,0.6703867750637383,1,4
0.14194860078515445,0.1331022416469386,0.0168794270748602,0.007346218415151431,0.7007235120778954,0,4
0.10467053031613964,0.03290210174911281,0.004257640720351758,0.005509419373698141,0.8526603078406979,4,4
0.11967994538736285,0.037966185193276096,0.005736110493709758,0.006209471888709435,0.8304082870369414,4,4
0.15065250597130328,0.08376897942663514,0.009338309244483166,0.008140459028587121,0.7480997463289909,4,4
0.038644656035119775,0.07802947160476316,0.05110321394252316,0.006902665237804965,0.8253199931797889,4,4
0.0241723574824176,0.07483404084195529,0.042756069029025276,0.006152091175261125,0.8520854414713405,4,4
0.10668947956490688,0.04936912669893701,0.009924169702545293,0.006649821655393269,0.8273674023782174,4,4
0.12028105664457514,0.11469786401071287,0.010945869381666865,0.011599267367246318,0.7424759425957986,4,4
0.09460060206208286,0.07371054449742268,0.014362441721290545,0.006367646536470929,0.8109587651827327,4,4
0.07492376301545414,0.18224656583181134,0.008560817913543716,0.008858198926091241,0.7254106543130994,4,4
0.057876521517528215,0.1856141757611066,0.008378596251301128,0.007931512247419592,0.7401991942226446,4,4
0.06998608414609103,0.19668558143454618,0.01093825489656466,0.007740738943728967,0.7146493405790694,4,4
0.18921674829981125,0.024054990686735705,0.005294533123202437,0.0063736349454892255,0.7750600929447612,4,4
0.23765930178740016,0.02727690265419678,0.005790641921792612,0.007386688439758683,0.7218864651968514,4,4
0.028901033478218645,0.15336783423289202,0.010811529318524202,0.005095750577294297,0.8018238523930707,4,4
0.041936095631549014,0.27002559872730386,0.007812306616585886,0.008174423876802969,0.6720515751477583,4,4
0.03599451295033482,0.1877428442724478,0.00643111462260814,0.006287559703300156,0.763543968451309,4,4
0.05703364672650634,0.1528306825433377,0.010699853692501283,0.008535638646309959,0.7709001783913445,4,4
0.267077921071666,0.2836391894088606,0.013075303504220457,0.015713981612235778,0.42049360440301714,1,4
0.0530682887965651,0.18321085738353557,0.014445545677098267,0.008979816101769173,0.7402954920410321,4,4
0.17429417463823982,0.2028362291669543,0.009137331152643383,0.012752006621284688,0.6009802584208779,4,4
0.10286171666429379,0.14005851886030532,0.007613340686615006,0.008759332479738036,0.7407070913090483,4,4
0.025620830807308703,0.26125947116659654,0.016154220866441124,0.007669661474636452,0.6892958156850171,4,4
0.5300779000534007,0.05750180181479619,0.0069523011740347035,0.013479609671397287,0.391988387286371,0,4
0.11582982050210619,0.11593421190603644,0.010609742347884758,0.008995139324342987,0.7486310859196296,4,4
0.17904938448239097,0.04090801870491614,0.005630911814884505,0.007340080579018436,0.7670716044187897,4,4
0.3380753221084425,0.046904444376642374,0.006649976805342415,0.009886406135603194,0.5984838505739692,4,4
0.18744510473216,0.17094164041548135,0.017564624006337248,0.013593454660865622,0.6104551761851557,0,4
0.07035545235579213,0.0890184582895678,0.007152128831217853,0.007972721133065956,0.8255012393903564,4,4
0.08444156823754342,0.07081329050974698,0.012135254210893068,0.00704536888678738,0.8255645181550293,4,4
0.01849405940348062,0.045594269303316816,0.0076358588271244095,0.02237167377947837,0.9059041386865997,4,4
0.05540006144863939,0.19525341689707143,0.006372321431182238,0.00722422259267228,0.7357499776304347,4,4
0.025119725839793494,0.11800361030086232,0.005753463827355287,0.00575813220253624,0.8453650678294525,4,4
0.11753951170755703,0.07823352313769803,0.013027317901153773,0.010070787193081123,0.7811288600605101,4,4
0.6271325991478104,0.1601777941342052,0.012158791176923395,0.025538598924248784,0.1749922166168123,0,4
0.042852679147164376,0.10914089297363773,0.007662228941625037,0.006243247921807638,0.8341009510157652,1,4
0.04196861193990628,0.10019602622405163,0.009341097776907479,0.006950507454865823,0.8415437566042684,4,4
0.0996113292892935,0.11064499055414465,0.018879172183894455,0.008647020167983922,0.7622174878046835,1,4
0.1049654450188759,0.06419072419117577,0.015595589135416024,0.006771226211028075,0.808477015443504,4,4
0.7413426019258215,0.1554253686927576,0.011599219990728115,0.022405175027218935,0.06922763436347383,0,4
0.16156779179390435,0.0651035000068741,0.006045227496339926,0.008943308386556095,0.7583401723163254,4,4
0.02388155810241496,0.1130254425161827,0.007893643213260951,0.006216126259337171,0.8489832299088045,4,4
0.12073181883456716,0.06347603986158376,0.007712605648327902,0.00914972179627113,0.79892981385925,0,4
0.045628979491373206,0.17499097412851838,0.012659498323478088,0.008399391326852707,0.7583211567297776,4,4
0.19139236340136342,0.5485208970353878,0.022811021573394003,0.02644524344375559,0.21083047454609893,1,4
0.3704249042772433,0.04126284241542992,0.009395871859900052,0.00798902882151256,0.5709273526259144,0,4
0.3781263577440853,0.33378732970990843,0.011795098234258892,0.020706417153435002,0.25558479715831234,1,4
0.058173289580423004,0.04200506676067865,0.006629534587415843,0.011782215994511394,0.8814098930769713,4,4
0.050002674166592154,0.03745120844444569,0.0065839052441311495,0.010903796942136957,0.8950584152026941,4,4
0.022477815992223912,0.16729242434799438,0.00944198677678911,0.00762163038476635,0.7931661424982258,4,4
0.05032805900948902,0.03360186405431631,0.006436668988754482,0.007638413799514922,0.9019949941479254,4,4
0.12180131607246361,0.16933214842306965,0.005567602401544181,0.0058701424164065204,0.6974287906865159,4,4
0.03170240601581307,0.027614183864466627,0.006759708288807893,0.0054651067135629856,0.9284585951173495,4,4
0.29877394738239355,0.37577680053289947,0.03408179784658335,0.03386462920075131,0.25750282503737254,1,4
0.19415308562750222,0.34674760948518113,0.023267154125405618,0.02320972478676821,0.4126224259751424,1,4
0.0407135289074843,0.1348943864762851,0.00812591005785575,0.006471771004256942,0.8097944035541176,4,4
0.26959470658516854,0.48922417885068953,0.023427927936794896,0.0378573513187691,0.17989583530857803,1,4
0.08194951800371143,0.1795335548905361,0.006122305836507513,0.009775809056018419,0.7226188122132265,4,4
0.05764530939071642,0.15063984088443655,0.00580184027939902,0.009326386296023573,0.7765866231494245,4,4
0.01793881583227203,0.14610036664841441,0.005575729175128151,0.007167804243929699,0.8232172841002556,4,4
0.042960272306332085,0.21178267009219223,0.0064188964680791764,0.00950760238859719,0.7293305587447989,4,4
0.008386669693973732,0.09099829655406477,0.006822343781040222,0.006058342058572409,0.8877343479123488,4,4
0.15230884022493726,0.04243012725725517,0.00547237815085397,0.008896268833673946,0.79089238553328,4,4
0.138123340510814,0.25839723803702364,0.01610368418873658,0.016990140260192577,0.5703855970032331,1,4
0.009276933986554327,0.1253765720565089,0.005661479071699077,0.0062159128362862595,0.8534691020489512,4,4
0.08658843301006351,0.12937144130144676,0.007953576347574948,0.012119193428643727,0.763967355912271,4,4
0.4283058313761315,0.09007538843091213,0.025981834145556253,0.13415906851059442,0.3214778775368058,3,4
0.010290636764319336,0.017199991278120812,0.007602434549757226,0.015798490331509908,0.9491084470762926,4,4
0.012684942941122827,0.14255094655276992,0.006783563304311231,0.005416549436375149,0.832563997765421,4,4
0.035027930230483166,0.11551066038524452,0.006709581578057296,0.00789708024365761,0.8348547475625576,4,4
0.008367716963653307,0.12370308382100328,0.007674313035114397,0.005342864442971372,0.8549120217372577,4,4
0.01048345999579895,0.1484929467533134,0.008698389894054285,0.005756783638023602,0.8265684197188096,4,4
0.01204338323427749,0.02742962553268144,0.0045666710832386916,0.02263131970219835,0.933329000447604,4,4
0.003862365762783824,0.03518180240765723,0.004876368841178788,0.007296188636604669,0.9487832743517755,4,4
0.006385131358474844,0.027060611787874504,0.00449181803430832,0.005946439128093861,0.9561159996912484,4,4
0.07780100765921069,0.11917484808639713,0.009307912705292073,0.009114330364992844,0.7846019011841076,4,4
0.08619496157965087,0.2758943349532919,0.009450448893054375,0.013084752250054173,0.6153755023239489,1,4
0.02569427994581618,0.15177962870208325,0.0066276977918109875,0.008328343279042503,0.8075700502812473,4,4
0.22950184605479698,0.2920371919849758,0.024345607266267055,0.01845801719732451,0.4356573374966359,1,4
0.025931915939645486,0.20563965474255322,0.012255576899020557,0.007575656312256178,0.7485971961065245,1,4
0.018264835064041852,0.1473059554170612,0.009480741353347802,0.006580602652215151,0.8183678655133341,4,4
0.028882697236817335,0.1281265249307624,0.004359625495217396,0.0055099764322537595,0.8331211759049489,4,4
0.03139446676678308,0.11878624965160527,0.011874216612469563,0.006101081439127624,0.8318439855300148,4,4
0.055758853156369914,0.30363200754516595,0.008374437715431528,0.007351693385131143,0.6248830081979015,4,4
0.03731439838501482,0.3436428958410086,0.007578421936010979,0.006607056523112315,0.6048572273148531,4,4
0.048914274777621135,0.2400795630928481,0.013304755413670221,0.008517061365425,0.6891843453504354,1,4
0.03224426361307452,0.17210045066483762,0.01050792691258268,0.007302765011684419,0.7778445937978211,4,4
0.15945570389047298,0.23031157051401355,0.021177553048339848,0.007301306020396536,0.5817538665267772,0,4
0.12425529684806369,0.16535067823909594,0.01682387549228,0.006213890659095769,0.6873562587614644,4,4
0.031184434586121818,0.14776685926399089,0.014168887639745973,0.00760901360141452,0.7992708049087268,4,4
0.03169919630314116,0.853552183836975,0.025638596313818127,0.008007425535325026,0.08110259801074073,1,4
0.011703390764841172,0.856169691407956,0.03259390850179762,0.006874228297708499,0.09265878102769655,4,4
0.037352054893543686,0.18873631232467836,0.013706623888071583,0.00747018628233283,0.7527348226113738,1,4
0.04590140932144463,0.7346457844001837,0.02007939695285846,0.009698174293950416,0.18967523503156256,1,4
0.05599617766334901,0.6872026147664556,0.013497640058659551,0.007117550686761654,0.2361860168247745,1,4
0.055424869907906994,0.8051768709900571,0.019546316556281185,0.008731635715216715,0.11112030683053802,4,4
0.23897012230144402,0.26551256260511213,0.010165544520875293,0.01134954870396976,0.4740022218685987,0,4
0.10735130098610944,0.20113349322125432,0.008778459996870224,0.008113109655691083,0.6746236361400748,4,4
0.09286479283722711,0.05827790850480225,0.007534146012578938,0.03001767238050938,0.8113054802648823,4,4
0.01739822667027468,0.7624345091296146,0.009168878632592184,0.004502376139922166,0.20649600942759633,4,4
0.7260208445416658,0.15505523434721113,0.06388934021193395,0.014273405907309947,0.040761174991879125,2,4
0.7386017369420095,0.15012221737583537,0.059706571837893026,0.015064666669127738,0.0365048071751345,0,4
0.043842884340558566,0.9010057736159359,0.03230736495542958,0.00828646777709287,0.014557509310983425,1,4
0.102049045297922,0.8454290064246789,0.009696257943292475,0.012957623131097818,0.029868067203008858,1,4
0.024246967773736285,0.8947776310624799,0.02537858864518013,0.007133866931659187,0.04846294558694455,1,4
0.021020851768921857,0.9037519983408663,0.024892258393173564,0.0069893109727707185,0.043345580524267374,1,4
0.8160933015118927,0.11637278260583317,0.014147765813568606,0.019187303128513654,0.03419884694019197,0,4
0.8034125377309772,0.12926311600752335,0.013619644084250027,0.021051122876053634,0.03265357930119584,0,4
0.040523775238920305,0.07330505378302139,0.1851400732227999,0.01592119298213375,0.6851099047731245,0,4
0.1803254137788898,0.09355672850397093,0.016629015219619674,0.008727746322829072,0.7007610961746907,4,4
0.17175961158008507,0.08745089659666917,0.015105461189530595,0.008799785661130429,0.7168842449725847,0,4
0.08516647613464086,0.6574189848622235,0.02232443557298139,0.01010139492126053,0.22498870850889363,1,4
0.09919687971563881,0.6152477313699969,0.020604807912229548,0.010703961602711101,0.2542466193994241,1,4
0.09128204958939369,0.7110151168704495,0.023429765268812536,0.014034987413454299,0.16023808085788996,0,4
0.7786822873409898,0.157267281894093,0.016062112659854542,0.01358229887769064,0.03440601922737219,1,4
0.7774567864304756,0.15048420303931087,0.02020435107366349,0.015290857272155695,0.03656380218439424,0,4
0.12136333950168479,0.7255666313048312,0.01998393218670745,0.010590672810675068,0.12249542419610147,1,4
0.12497472459575154,0.07436932207968397,0.016266404655269184,0.009979026507976649,0.7744105221613186,4,4
0.019596944751671987,0.09324032790417677,0.023857374244663918,0.004811021456043999,0.8584943316434435,4,4
0.04748757649520558,0.10871080109350648,0.011753747063426044,0.0045824813953500056,0.8274653939525116,4,4
0.5879672860270544,0.13757282454640735,0.0066484078679146215,0.01679255223687462,0.25101892932174924,1,4
0.08075601397788629,0.08812917789294897,0.03770557872521444,0.010574740625081121,0.7828344887788692,2,4
0.09756540348525329,0.07109239222817047,0.03165822866512282,0.009540963154542162,0.7901430124669114,4,4
0.045658160274172854,0.18373078052134303,0.01038790919181988,0.009519433409110973,0.7507037166035533,4,4
0.0853344080053094,0.16271426723906587,0.022944571099658008,0.016600276003541675,0.7124064776524252,1,4
0.04793945463443937,0.21379426271778015,0.021124937681649483,0.010127589249487173,0.7070137557166438,0,4
0.035598735621658634,0.1576332422001348,0.017316970562639103,0.0078077041204630895,0.7816433474951044,4,4
0.10946560450438166,0.04954822641798781,0.008102723195089792,0.006410394331970746,0.8264730515505699,4,4
0.10298968462795348,0.15419103081307767,0.012176680160021894,0.006455184897600761,0.7241874195013461,4,4
0.03261912636607814,0.11263953841551422,0.01403995499142269,0.005401697567440574,0.8352996826595441,4,4
0.13065185166048127,0.06952660323359175,0.006619337701319629,0.009376662845357741,0.7838255445592496,4,4
0.037233679625175785,0.25709353184140454,0.008407115521108677,0.007956824239897785,0.6893088487724132,4,4
0.03405148951021212,0.19705282312900757,0.007134975700468808,0.006392041483012038,0.7553686701772997,4,4
0.19283409848060293,0.09375060322959479,0.00944727866851272,0.011557467973427873,0.6924105516478616,1,4
0.7353070230574241,0.0446277231868373,0.012617671438581946,0.0201512732267069,0.18729630909044953,0,4
0.1455580393393105,0.040183918263885676,0.0055750666334505325,0.008813978324897978,0.7998689974384553,4,4
0.08529072371564637,0.02763050570012203,0.006070561080722225,0.005525485032642593,0.8754827244708667,4,4
0.12520437314262486,0.055589957304451286,0.008024772152793718,0.014958686173763128,0.7962222112263672,4,4
0.08581606141784642,0.16939869178761233,0.05041979351804519,0.016736193776701373,0.6776292594997952,2,4
0.0802518960241871,0.14369229583451423,0.0073183703981560735,0.00810346133645854,0.7606339764066841,4,4
0.38764493028864694,0.042978418571515305,0.011136334581311868,0.0121711843098429,0.5460691322486828,0,4
0.04226284639101108,0.16758342516998975,0.021051192304884704,0.008614751187133932,0.7604877849469805,1,4
0.5356410580301487,0.07040166301378027,0.009445437886942153,0.016862676290764263,0.36764916477836446,0,4
0.11883356463934394,0.05094592389286647,0.01121913326929199,0.00708546992579423,0.8119159082727033,4,4
0.16615785283984583,0.059071635674280275,0.005559113405126435,0.012646392794348598,0.756565005286399,4,4
0.2303255308720449,0.1860040608415796,0.008474750956651537,0.00767358026950249,0.5675220770602215,0,4
0.058869467208459356,0.11122362224584499,0.006518246258707128,0.006648877892695276,0.8167397863942935,4,4
0.05163557297059461,0.34478040793796627,0.020190022737699858,0.007087526710736869,0.5763064696430023,4,4
0.05409715276018436,0.2272362635985428,0.011927370524026837,0.006603122532000374,0.7001360905852456,4,4
0.03503398381268782,0.07194538157905712,0.043825148481989824,0.00808576470017051,0.841109721426095,4,4
0.10518892980297767,0.13241761925139492,0.005871097191568553,0.005740285837491894,0.7507820679165673,4,4
0.08629910021626758,0.05305695115169286,0.02940663672852955,0.0062973381364020775,0.8249399737671076,4,4
0.13632042421195037,0.11541905372858431,0.030864095492739323,0.00938408485277991,0.7080123417139461,4,4
0.11947922425742054,0.10213602497124788,0.01590647207317393,0.009323385755446247,0.753154892942711,4,4
0.06375907884562908,0.04524226492758972,0.010704654371709449,0.030865059069652815,0.8494289427854189,2,4
0.031167617012958157,0.07098901047655234,0.012896986334097204,0.0315696403732948,0.8533767458030975,4,4
0.28253864648283616,0.21293264622095492,0.015347968965855737,0.03237977087391807,0.45680096745643545,4,4
0.2342133876539833,0.1751717306576027,0.014597456458035408,0.02953285585927985,0.5464845693710985,4,4
0.09843598460878093,0.13242117228686315,0.012405226373132038,0.020003189903225544,0.7367344268279985,4,4
0.03791217513196203,0.2248079033961628,0.014083963593112356,0.009204635572491918,0.7139913223062709,0,4
0.06625774625547073,0.20447085645618332,0.005045269672824715,0.00894836630516029,0.7152777613103611,4,4
0.028392865623358358,0.1667409969898051,0.005593829494808614,0.007520395344772913,0.7917519125472555,4,4
0.12517644874461972,0.12373872584993235,0.0073302131394800355,0.008764058304368954,0.7349905539615991,4,4
0.046771665190536806,0.1890337174031442,0.012705049659253627,0.007778972985173984,0.7437105947618914,4,4
0.1381908428602803,0.1542628330238252,0.012853625144899135,0.007761599213625466,0.6869310997573698,4,4
0.10503029568005914,0.12006651359061585,0.009260133776916694,0.005901644879340714,0.7597414120730676,4,4
0.7920169916195112,0.09173636751741637,0.01625752125299526,0.016572919405469892,0.08341620020460698,0,4
0.030782783523096824,0.04064732787662152,0.005978919451177478,0.005418208646185499,0.9171727605029182,4,4
0.11719071147643229,0.12445608537237529,0.012614073876796913,0.005904180413866827,0.7398349488605287,4,4
0.031293818860363996,0.24112362266077658,0.009365240721145777,0.005111011041764339,0.7131063067159497,4,4
0.25847735435383723,0.10461064368875989,0.00939619200189608,0.014158797493658785,0.613357012461848,0,4
0.08739015758037347,0.08991879380304059,0.0050399003661602965,0.007107682039492222,0.8105434662109334,4,4
0.043749741274826184,0.07050459491100472,0.004246910303302868,0.005997500275603979,0.8755012532352626,4,4
0.23343147731075833,0.16712625310484638,0.012319010707888087,0.012056688082265154,0.5750665707942421,0,4
0.4464200109402619,0.23678388750745064,0.015831667648285967,0.01857513200611786,0.2823893018978836,0,4
0.12686466295019633,0.07165072482397246,0.005147821701870095,0.014172421935117729,0.7821643685888435,0,4
0.15132704656590726,0.06650936217730102,0.005003447970076605,0.014143976893121822,0.7630161663935933,1,4
0.2394380778578652,0.03755570517209853,0.010318234814466056,0.008196818471104357,0.7044911636844662,4,4
0.1201899112872315,0.05612231914745098,0.007555674247406705,0.005735765810321895,0.810396329507589,4,4
0.0410817944297745,0.04700511882910262,0.006832197452989638,0.004860959685235585,0.9002199296028977,4,4
0.559095921288865,0.06353642374679774,0.007506996390210148,0.01573375256712081,0.3541269060070062,4,4
0.031960099470406934,0.15208972711627572,0.00572233474902065,0.004592341025721224,0.8056354976385752,4,4
0.12661587020061013,0.19468381222728032,0.008941086196198777,0.007492290525710986,0.6622669408502003,1,4
0.07287488920372,0.20832537275378593,0.011818342442331107,0.005987877011712201,0.7009935185884506,1,4
0.02866057055947012,0.04663235802825639,0.005573961704176116,0.007803908867428641,0.9113292008406687,4,4
0.029269938177409704,0.14668112104442904,0.014335180470508113,0.005115403482014122,0.8045983568256388,1,4
0.03606619654979173,0.18371587059853647,0.0066991135975356395,0.0075867133225348835,0.7659321059316011,1,4
0.04562406437421315,0.13017396116044735,0.006811788739805357,0.00739690614360828,0.8099932795819259,4,4
0.06479461877755716,0.17277315567846022,0.012238165492430427,0.007898638688151917,0.7422954213634002,4,4
0.30801616228468354,0.34414029767710125,0.014982776527239849,0.02778681185425365,0.3050739516567219,1,4
0.04336858204027502,0.09738930812465627,0.003939953706817144,0.007483017335499066,0.8478191387927522,4,4
0.043959965877139094,0.11808357549191906,0.0046725633962156855,0.00850054447339507,0.8247833507613311,4,4
0.04814239974983569,0.18165078673608467,0.01395733865422268,0.00832017500261148,0.7479292998572454,4,4
0.1495380272693257,0.11044337347312494,0.01266263603211407,0.01150985222217412,0.715846111003261,1,4
0.16431850769473744,0.05681786033257004,0.00821741971544454,0.00955820757855965,0.7610880046786881,4,4
0.1780793590259566,0.08115217091315899,0.01624823106977265,0.009016987136986416,0.7155032518541258,4,4
0.12910449315244502,0.08089609194548998,0.011353390627089285,0.007265319512453039,0.7713807047625229,0,4
0.0402129822191093,0.164043159593269,0.005505266479262916,0.006231029420479646,0.7840075622878793,4,4
0.03537029678613287,0.15845355034958808,0.005338403000325924,0.0058286654214476,0.7950090844425056,4,4
0.20318976366213182,0.06880655451123247,0.014374199050659437,0.010756522316906221,0.70287296045907,4,4
0.046362013385176065,0.1701732323289865,0.01167635510683008,0.007083032519948369,0.764705366659059,1,4
0.04081183929139083,0.17659243551567583,0.01709304885596543,0.007050793675213253,0.7584518826617549,1,4
0.6527566936468863,0.13143997422813075,0.009553456872849782,0.023285330862526942,0.18296454438960627,1,4
0.08498791649549108,0.0727472389188428,0.008277142501993219,0.010367267413931774,0.8236204346697412,4,4
0.06351798322017797,0.047056622645560785,0.005206841651187072,0.006720621526368565,0.8774979309567055,4,4
0.036571687787549066,0.1361213968740489,0.00911811313321809,0.00631818905516596,0.8118706131500182,4,4
0.10136834379468233,0.11926876811069462,0.014546215067719642,0.011204998069820254,0.7536116749570827,4,4
0.05970972413489754,0.08551171568243397,0.006195692600196333,0.006992244117529379,0.8415906234649425,4,4
0.07537753238590746,0.16248153846615737,0.01206812983040314,0.01119248033578059,0.7388803189817515,1,4
0.05826803222937334,0.12013788497138234,0.008429970359466195,0.007640738395922594,0.8055233740438551,4,4
0.5161653921596508,0.040165229438486445,0.009221420795192871,0.015597306752585326,0.4188506508540843,0,4
0.10530998164323345,0.019547431168758365,0.004940196793797936,0.007216694453088336,0.8629856959411221,4,4
0.05075524297842842,0.026758637294306272,0.0031893510017571244,0.004956923566189522,0.9143398451593189,4,4
0.06051512838121429,0.045607614705916365,0.006256153948004864,0.0074275661817574945,0.8801935367831074,4,4
0.24501411153416547,0.03647857082259745,0.00816394992109942,0.010301239012533518,0.7000421287096041,4,4
0.22153034455833967,0.03938578569759295,0.008965902001718803,0.012369213015748493,0.7177487547266003,4,4
0.1286098999961496,0.13374600456342473,0.005497507171646297,0.005543464012837436,0.7266031242559419,4,4
0.4622068795809858,0.2708800795964257,0.013470016828525158,0.025361457563588048,0.22808156643047578,0,4
0.039792904816827616,0.16763005098131792,0.007499387435762113,0.00767603340160325,0.7774016233644893,4,4
0.035536107144878266,0.044822072051801436,0.004336058608873687,0.010350356660258698,0.9049554055341876,4,4
0.08496376465581404,0.06467867429512122,0.005936574462680198,0.014352825058261732,0.8300681615281231,4,4
0.19052387376983945,0.3967151269703749,0.030979908429484157,0.02696570995183935,0.35481538087846226,1,4
0.03432196957904722,0.22149561789902047,0.005648768751408297,0.007735252357672921,0.7307983914128511,4,4
0.15707331791055712,0.3945658100302659,0.019570719114668143,0.021438223334641564,0.40735192960986727,1,4
0.0117318686978657,0.09826898844626276,0.005293846866299336,0.005543855944663287,0.8791614400449089,4,4
0.2252883647492648,0.08221810135305761,0.013970002305295935,0.012484736614531835,0.6660387949778496,0,4
0.2026223729744554,0.3542347607550224,0.021256514189511,0.01711390778742133,0.40477244429359,1,4
0.09996464511037383,0.19072215969940967,0.0055620967858017595,0.011245551272887835,0.6925055471315272,4,4
0.0860420983569667,0.17956950137697492,0.005745110858005608,0.012033263220233988,0.7166100261878184,4,4
0.17427431455864664,0.41932851891467476,0.010795665343214734,0.014903638273400268,0.38069786291006386,4,4
0.03742776608528952,0.1579749544703154,0.0070369505803679535,0.013455213619224986,0.7841051152448022,4,4
0.036884629557213465,0.024088307642936815,0.009295296678652991,0.023726131336932067,0.9060056347842649,4,4
0.08165860322565573,0.31370991643509233,0.012739225910280148,0.010246743022414047,0.5816455114065581,1,4
0.04021382850489074,0.1577282636636045,0.0069582546514473775,0.005225208688445043,0.7898744444916125,4,4
0.09541916039841045,0.18153838349298554,0.012119581415050975,0.011656280149518028,0.6992665945440353,1,4
0.04411441566478043,0.19955120902388684,0.005019568454368681,0.005284125335627959,0.7460306815213359,4,4
0.047229479130130744,0.23191158156676792,0.005686355529868096,0.0062412415827326,0.7089313421905008,4,4
0.031505538913733075,0.18973327428150363,0.005340011817974894,0.005672871526065847,0.7677483034607228,4,4
0.17902066704096878,0.4492535426685106,0.02872198358304272,0.024931917778182097,0.31807188892929567,1,4
0.7307364016242297,0.09790748090618415,0.014384156577518065,0.03358619995916719,0.12338576093290077,0,4
0.2138921650343034,0.12660858131555874,0.022724631038610037,0.021450819270588534,0.6153238033409393,0,4
0.12865838784209518,0.1206708598618519,0.012093075271849003,0.011229599553192965,0.727348077471011,3,4
0.2113811035845236,0.0758165278359062,0.009988290944261293,0.013533945025451844,0.689280132609857,4,4
0.09015958898420881,0.13688384950223628,0.008809120978346944,0.009413409385071835,0.7547340311501357,4,4
0.025499462040903653,0.22328518826587962,0.005496737567101283,0.0066501270474269404,0.7390684850786887,4,4
0.023277258657301635,0.21887453754800487,0.00580952428395861,0.00760025944688609,0.7444384200638486,4,4
0.07735878797213988,0.018206752001827763,0.010475569984371366,0.0077738011439454436,0.8861850888977156,4,4
0.5965942634086,0.06388225092201534,0.017454265653343026,0.02092533052496124,0.3011438894910804,1,4
0.14089866049521027,0.032789229535955706,0.008854471375935778,0.010078511217164835,0.8073791273757335,4,4
0.4694527073654895,0.15276745688707513,0.011040785586362614,0.018721488269150828,0.348017561891922,0,4
0.476749412947025,0.3048488801139901,0.017701632063236602,0.015188814523048471,0.18551126035269966,1,4
0.010721948732431874,0.0507021226362576,0.006941456104880883,0.006973504649354818,0.924660967877075,4,4
0.06345076889599845,0.08466724919975915,0.0056228420488669585,0.009728815917106106,0.8365303239382694,4,4
0.5094739645076436,0.2158799595760133,0.015893238069320817,0.02337025388948656,0.23538258395753542,1,4
0.026344949566475335,0.17488672943654424,0.004496156053146667,0.0068619389319258175,0.787410226011908,4,4
0.05185743881008686,0.1592516058092676,0.010841198808392507,0.005275235687877916,0.772774520884375,4,4
0.06350593546400368,0.22668005609061656,0.004952056135031484,0.00775730341743535,0.697104648892913,1,4
0.04860996866339552,0.18174282629632496,0.004506113475204433,0.0069521053859820285,0.758188986179093,4,4
0.03433862397758348,0.19801976799375293,0.016019507138693937,0.006412062345988197,0.7452100385439816,4,4
0.8484073473148798,0.03475084898304923,0.023664238197292478,0.01581248058335993,0.07736508492141868,4,4
0.8344560665584645,0.038429762022060644,0.025759373167258032,0.014572327233054357,0.08678247101916244,4,4
0.8305820376195692,0.03769096925745569,0.024143348921826235,0.014471118876374856,0.09311252532477389,4,4
0.04418347009559394,0.16152331605614112,0.10073258742956297,0.014911178432678666,0.6786494479860231,4,4
0.02755290160513674,0.17958209646659642,0.008177134408592785,0.0060941822409785705,0.778593685278695,4,4
0.08693269739475092,0.11141479005977423,0.01165802496537712,0.005278691575747423,0.7847157960043499,4,4
0.06482605170252516,0.13658936064573335,0.005850181206672297,0.004869329142637618,0.7878650773024319,4,4
0.04179211277365173,0.15087796238877677,0.01804987679797904,0.007785370477998744,0.7814946775615939,4,4
0.062116526843824287,0.21396756861858418,0.024011607075694986,0.009462101448045903,0.6904421960138502,1,4
0.052574884961086726,0.16011017150267934,0.013683429908485837,0.009603709051641813,0.7640278045761066,4,4
0.04225972423601996,0.6420725468604935,0.01836190176152724,0.004059713229738255,0.293246113912221,4,4
0.0738732083569352,0.13873236092728006,0.016744628285716545,0.013354209606358913,0.7572955928237093,4,4
0.12711404876090365,0.07133295533189846,0.00806265633348354,0.009996014322985256,0.7834943252507293,1,4
0.06468484510697385,0.06399912571904057,0.007199995847660381,0.00924299287147886,0.8548730404548462,4,4
0.05659145000241073,0.05718045467692272,0.006122096808288776,0.007641746718242926,0.8724642517941347,4,4
0.021014157372633045,0.7164713702193324,0.07439619564660546,0.012887843738306096,0.1752304330231228,1,4
0.05401789373390755,0.6321304448780367,0.017500938203708474,0.009513181434258399,0.2868375417500889,1,4
0.04293066645927334,0.8064637100762524,0.030856893841335113,0.007888103128902722,0.11186062649423664,1,4
0.036789897522703376,0.9131348501985248,0.027220931818885415,0.00784266999543915,0.015011650464447515,4,4
0.014434200808065286,0.8953650871040746,0.014148292302201673,0.0061912414187571705,0.06986117836690117,1,4
0.013568128738801737,0.898443038815568,0.013978453242610574,0.006405655193589569,0.06760472400942992,1,4
0.01534841733871419,0.8718891220623372,0.013960752262689318,0.005985670693508251,0.0928160376427512,4,4
0.052098383060844966,0.5210738181430221,0.021914240410148174,0.005189090120440939,0.3997244682655437,1,4
0.08398091167606085,0.11296303579253834,0.010879381965881821,0.0372167444703245,0.7549599260951944,0,4
0.20758463271302155,0.16210056660017122,0.016394902725153645,0.08019907891960991,0.5337208190420435,3,4
0.06352936263367893,0.8825568505755158,0.026264920340923797,0.009010825642926198,0.018638040806955296,1,4
0.8409693895585122,0.08836504482604536,0.022927306253734056,0.022026944520134418,0.025711314841573706,0,4
0.8478819683266366,0.08134308591772958,0.022822787692075765,0.021438311288497866,0.02651384677506008,0,4
0.054718370972303906,0.022254536035348972,0.8260391224909035,0.03223876886527671,0.06474920163616689,4,4
0.16792375507695081,0.6818058174984917,0.021593935229029755,0.009623263571132962,0.1190532286243952,1,4
0.06038107390759731,0.8457876358145283,0.06329294599951184,0.012060256412800324,0.0184780878655625,1,4
0.027121303954138577,0.2221476757851264,0.01007049429698333,0.004688204977931564,0.7359723209858204,4,4
0.07680227273577557,0.21642067504785903,0.010826910770237074,0.005102030125028538,0.6908481113210996,4,4
0.10691216687337705,0.033743942252137143,0.010133627533213304,0.006555554649686436,0.842654708691586,4,4
0.09153141508519924,0.10797149324454977,0.04032973960195514,0.007475077583170998,0.7526922744851248,2,4
0.0852305186212138,0.11208206098211894,0.04143317186037759,0.007640212599292172,0.7536140359369973,4,4
0.3874680274902526,0.1849521016159671,0.006483051455542453,0.009379541344936517,0.4117172780933013,3,4
0.22504308796857533,0.11176847507890866,0.0053552989949195015,0.007808422194175797,0.6500247157634209,1,4
0.07072322380137436,0.08453234467319681,0.0076304232314668395,0.005542098929587449,0.8315719093643746,4,4
0.08008050049751682,0.08587088828854109,0.0080675678043924,0.0062300667422576575,0.819750976667292,4,4
0.07875607718626558,0.12112989914703233,0.019254266501993352,0.007268744511804967,0.7735910126529033,1,4
0.14758285225046808,0.06383214939115901,0.010424316559502416,0.008816655664043346,0.7693440261348273,4,4
0.0619582227299925,0.06075279327983577,0.0074224157779373134,0.009005265263351055,0.8608613029488833,4,4
0.02624952229439446,0.2098467617132766,0.007179905413126663,0.007770983727761004,0.748952826851441,4,4
0.12102497488035023,0.04044956833974498,0.0060088604576122515,0.009645404195145998,0.8228711921271464,4,4
0.15483358695391825,0.03860934497035014,0.00918425587115979,0.0075866932263461365,0.7897861189782259,4,4
0.17501372445573984,0.08115731578093488,0.005244584536734571,0.007825375368297617,0.7307589998582932,1,4
0.10700924653270205,0.04831129330246928,0.008053917045393367,0.016185463333690128,0.8204400797857447,4,4
0.05624310313837643,0.17046546686122385,0.055171259273645315,0.013615377613611888,0.7045047931131431,2,4
0.04540340104118327,0.14132516148202068,0.04716950976810881,0.0115900928386523,0.7545118348700348,4,4
0.03640555076129529,0.12724948988223236,0.01315110545353809,0.005919500941182509,0.8172743529617518,4,4
0.04437910889278083,0.15456286806574554,0.006646512345287122,0.006075971298343808,0.7883355393978424,4,4
0.03655068621318878,0.22518881295899695,0.024416376436128786,0.007471195127776583,0.7063729292639086,1,4
0.3562174950136551,0.08405027600583592,0.00913210672372035,0.018776591351531778,0.5318235309052568,0,4
0.04919337572039345,0.06084089147577166,0.005997394536388048,0.017029695525641497,0.8669386427418054,0,4
0.06787730708322638,0.12033004242690296,0.0208238675433425,0.031649778867356176,0.7593190040791722,1,4
0.0926295261229349,0.051235157642132836,0.008188007208869816,0.012313682310331727,0.8356336267157307,4,4
0.07006647707750423,0.20587557614401675,0.013462967958212474,0.007126212898093914,0.7034687659221727,1,4
0.1595493514882937,0.05886521787041258,0.009988325477760466,0.010911625457792036,0.7606854797057413,4,4
0.1423866297497237,0.07538947654355842,0.023259853462942518,0.018262632220065016,0.7407014080237103,4,4
0.031826608260925704,0.376636583486653,0.015779649135112116,0.004708268877169735,0.5710488902401396,4,4
0.020100409089199064,0.3281050738234804,0.013718169197003808,0.004249563622017768,0.6338267842682986,4,4
0.11294221282729908,0.10989483794596237,0.017162291768057177,0.007947891314781137,0.7520527661439002,0,4
0.05385606081908429,0.1899504094297834,0.018325234629378188,0.012711924629712748,0.7251563704920412,3,4
0.028902846141283713,0.07424404180094123,0.00960901189302189,0.009848188645086398,0.8773959115196666,4,4
0.10016603093008458,0.20829754753790447,0.014939369106825992,0.008587877674271901,0.6680091747509131,4,4
0.1885030963242816,0.18107536205318644,0.01216297138081099,0.007148253982990165,0.6111103162587308,0,4
0.08398780337219554,0.12472878244358748,0.009242580539360492,0.005049215540417349,0.7769916181044391,4,4
0.07077578940239525,0.17383278647264924,0.005736096262115473,0.007838683575493732,0.7418166442873465,4,4
0.04924418954956792,0.17456561812598184,0.01718812210284831,0.008033914057894624,0.7509681561637075,4,4
0.37032271300873515,0.24513673381832088,0.014671297180731497,0.016061584562159923,0.35380767143005254,0,4
0.1116985216445434,0.08104827303289933,0.006270729544758687,0.008456825566940137,0.7925256502108587,4,4
0.06269135674753537,0.17364188320121243,0.014642936642817555,0.007850243864071559,0.741173579544363,4,4
0.13812229277498211,0.15621039918607224,0.013838702592229874,0.00740489956754724,0.6844237058791683,4,4
0.03850751252955128,0.2896053071208678,0.012836994479041488,0.00672030560814815,0.6523298802623914,4,4
0.03777129906831812,0.31529092310545653,0.013043750930168664,0.0072398662213197474,0.626654160674737,4,4
0.019120678546614894,0.15083104319315183,0.007898444820698994,0.005271866669618881,0.8168779667699151,4,4
0.13694221288426475,0.6932600475838454,0.016221148833472834,0.018965642135369196,0.13461094856304803,1,4
0.02917505306224377,0.18715781946227641,0.007131498480858292,0.006053315811402575,0.7704823131832192,4,4
0.25084905083156994,0.06940343931945309,0.008013689303993597,0.010265028228643357,0.6614687923163403,4,4
0.05435032394323653,0.08728139190372865,0.012284444116282671,0.005863957888099672,0.8402198821486525,4,4
0.3012328814220652,0.2830983039762381,0.006839237097448029,0.008537259356388893,0.40029231814785976,0,4
0.3670608406844112,0.16128397122017815,0.013481245478190676,0.01015014044668213,0.44802380217053783,0,4
0.08200210588364652,0.09089895815840579,0.009985509205511223,0.0069540813867811115,0.8101593453656553,4,4
0.045412262390524635,0.08934102689143524,0.04779548017175587,0.0067677766244504615,0.8106834539218339,4,4
0.12697211424395802,0.05835691649275527,0.012922452180748546,0.0073509079098667916,0.7943976091726713,4,4
0.04824238743830761,0.04925735474665897,0.006697371618983706,0.005995782280763902,0.8898071039152858,4,4
0.30596400125376166,0.15739557778163804,0.012244299825855813,0.014106258368127511,0.5102898627706165,0,4
0.11065865941961092,0.09439486876605505,0.009880051956770504,0.01001504715141595,0.7750513727061475,4,4
0.11005987721404255,0.07453637513599366,0.009121597692255247,0.010660638866315573,0.795621511091393,4,4
0.117456826216954,0.10342777008863888,0.014452305815178368,0.008185111515494585,0.7564779863637343,0,4
0.08946228109265507,0.09859688706369014,0.014155103906140547,0.008109773933541242,0.7896759540039732,4,4
0.13173849223009554,0.09659046727701479,0.014638453548425837,0.008681146881207481,0.7483514400632568,4,4
0.13862832210641937,0.10589454108729493,0.022591659848410824,0.009000922110089777,0.7238845548477851,4,4
0.15763816623862487,0.2945159343301428,0.008714212687291405,0.006567377721873421,0.5325643090220676,1,4
0.4419429271880051,0.08282234956641056,0.009931348702647409,0.01412466909201803,0.45117870545091915,4,4
0.01719602986258193,0.14176875193452973,0.010848242078031846,0.004120830690139361,0.8260661454347175,4,4
0.03465344207989267,0.19310380714383604,0.006868212066731745,0.007530169998856933,0.7578443687106827,4,4
0.1420900080751179,0.1855783054931675,0.015080099438766245,0.008708165239666518,0.648543421753282,1,4
0.06445965857882677,0.12820196309056908,0.009946182271910268,0.006339556429986737,0.7910526396287075,4,4
0.023794609410080513,0.20732774318088393,0.013355878417017342,0.0064020467875895255,0.7491197222044286,2,4
0.01779931389438364,0.1560701034403887,0.011829239022590763,0.005782575784685117,0.8085187678579517,4,4
0.020133658504428196,0.17605496749895785,0.01196239101324289,0.00612750294282236,0.7857214800405489,4,4
0.0360653936632957,0.11442654311134126,0.008149030249004784,0.0065140494697376655,0.8348449835066203,4,4
0.8279357373721151,0.021354207779110394,0.012166048047255105,0.014043771124046967,0.12450023567747255,0,4
0.10878813983245914,0.035277097677174865,0.006954701783617105,0.00754213759252911,0.84143792311422,4,4
0.11926758553671588,0.11262607565286013,0.010509272317327206,0.01030941678307149,0.7472876497100255,4,4
0.15283299279702595,0.12495973013823629,0.010564290824489403,0.007096425735561959,0.7045465605046861,0,4
0.15110760115308017,0.060402869137613696,0.012399604786980762,0.006695226614214992,0.7693946983081104,4,4
0.4410201779374302,0.05515870028210422,0.011346943651584389,0.019482467275266736,0.4729917108536144,1,4
0.025985441420444205,0.044759124610091405,0.006100669257927174,0.02585242257721997,0.8973023421343176,4,4
0.23372885454990355,0.21418124256979296,0.007800739094411128,0.008372626298594461,0.5359165374872981,1,4
0.05865844735779904,0.05776067019150629,0.012165600027230052,0.006979304726971005,0.8644359776964935,4,4
0.142340165648545,0.0635225291916204,0.009326705028288699,0.011733906769990527,0.7730766933615552,4,4
0.23696025487913186,0.08916379809154826,0.016524492335746304,0.014856578515259478,0.6424948761783139,0,4
0.13482216714606854,0.0351982124610601,0.005812128573668857,0.007440908538777642,0.8167265832804244,4,4
0.028276361239983915,0.36239369035777474,0.018024091942953492,0.007421708969247251,0.5838841474900407,4,4
0.05948632073258374,0.19317896513080826,0.01655645466004663,0.007811354288038967,0.7229669051885226,1,4
0.04704101208016045,0.2120219415041027,0.01583843992325414,0.007154011994652244,0.7179445944978308,1,4
0.44566918754372964,0.3748319431439037,0.017380994512189198,0.018899524868936306,0.14321834993124133,0,4
0.09796946197597636,0.2937117551232636,0.006910713167754356,0.011601489200676404,0.589806580532329,1,4
0.030184847390744764,0.14664170277334646,0.004245464809134789,0.0064082254554366416,0.8125197595713377,4,4
0.12994878833282494,0.06371321581226631,0.008760691568730015,0.010386567117036033,0.7871907371691425,4,4
0.0948952766442125,0.050328261788460095,0.006643441101456251,0.00847924690827955,0.8396537735575914,4,4
0.09594150402492821,0.02234077899144693,0.006588467650562167,0.009007450568264148,0.8661217987647988,4,4
0.061510233670235094,0.14488072508902616,0.007263664169527961,0.00957219313376551,0.7767731839374454,4,4
0.02255070586524994,0.08732203637356922,0.00562587617457111,0.006028957375221472,0.878472424211388,4,4
0.2883822921738474,0.10686659049299208,0.01564303197436068,0.032012387925962865,0.5570956974328369,0,4
0.2791027940107917,0.09541619807844458,0.0133401257966499,0.030342284829458048,0.5817985972846559,4,4
0.04496380865845815,0.03549019269402731,0.006048682058424276,0.011157373551218657,0.9023399430378717,4,4
0.1826126615805494,0.3586370288048688,0.026351476882678106,0.019459954308328347,0.41293887842357535,1,4
0.09220269665952813,0.0849972016969209,0.009388950097917953,0.007587334398389066,0.805823817147244,4,4
0.16585647644087234,0.1164365529288724,0.010507573598090897,0.008883958614594668,0.6983154384175698,4,4
0.012995544362743477,0.041708889286699906,0.007307754466105847,0.005273523030914998,0.9327142888535361,4,4
0.1345822221816133,0.06734498407443083,0.006734793624677618,0.016165143068255384,0.7751728570510229,4,4
0.039254250163079096,0.23275875714109542,0.006449492588660045,0.007277093822818022,0.7142604062843475,4,4
0.14811178600256458,0.34081104991602834,0.012878209267582203,0.013246311404272258,0.484952643409553,1,4
0.043561401225671516,0.22693633311303638,0.009751138226086255,0.008591087236837002,0.7111600401983686,4,4
0.5595735070179069,0.1027165406988981,0.017430828056947612,0.021133692594343247,0.29914543163190427,0,4
0.11103415189399572,0.09045098332054254,0.013918392197502369,0.01628982411363509,0.7683066484743243,4,4
0.5743581882083683,0.0787290296031419,0.011951846006164954,0.07435024450114154,0.2606106916811833,1,4
0.024016249977004675,0.032426028684392615,0.005964767139730002,0.015424771164085343,0.9221681830347873,4,4
0.2502723704976353,0.3752682354716492,0.02866564274517018,0.023930468987100377,0.3218632822984445,1,4
0.03079158103310164,0.11600204090705075,0.008340048473017152,0.006121446991462532,0.8387448825953683,4,4
0.7578604169606223,0.04694198073336247,0.008782220765114757,0.016633799016077554,0.16978158252482287,0,4
0.4243569197097271,0.1643380426940002,0.00953886112279612,0.025699255454896704,0.3760669210185802,1,4
0.013434923459538468,0.10957000035324574,0.005318678025153958,0.004729787875446559,0.8669466102866153,4,4
0.03477689397572892,0.02919783800094488,0.009379088188254578,0.03269382059832526,0.8939523592367462,4,4
0.7419374406595349,0.0709733523488358,0.010652915068152552,0.09510872047714208,0.08132757144633439,0,4
0.013879802084489475,0.13893671946459873,0.007316351146090321,0.0053990911716642895,0.8344680361331572,4,4
0.014626530248151578,0.15481586096830702,0.007837566783955224,0.0055464214732632655,0.8171736205263229,4,4
0.14095931923325825,0.2365583955116646,0.006975722204106466,0.006679421367268817,0.6088271416837019,1,4
0.030258821080755924,0.19963591994283197,0.008808741272229949,0.005952407197484198,0.7553441105066978,4,4
0.03012472702558855,0.1758889644827291,0.008938044855163427,0.006068501010177359,0.7789797626263417,4,4
0.3992684251537154,0.2548208576099063,0.0348506701661068,0.04798891861197192,0.2630711284582997,0,4
0.05384109861552385,0.0670524988724623,0.011771356122375698,0.012432070120377626,0.8549029762692607,4,4
0.046579699237062566,0.054289069223818535,0.008397990978513847,0.028707261274799757,0.8620259792858053,4,4
0.02506855539750118,0.18675919547126554,0.007195650953441011,0.005095571737724193,0.7758810264400682,4,4
0.04099080360334161,0.09378303445340155,0.008266630236633231,0.007510738650948012,0.8494487930556757,4,4
0.08322822100590484,0.2286669713139888,0.006778048623227101,0.00906031790062591,0.6722664411562534,1,4
0.015534843773405516,0.09128830184625468,0.0053198078106383734,0.005967665068803754,0.8818893815008978,4,4
0.5548348156077308,0.19492964730225573,0.01763619104003329,0.026786402156384736,0.20581294389359542,1,4
0.07088781687723773,0.074165751888061,0.008630125522858691,0.009160317915372876,0.8371559877964696,4,4
0.03155982430376287,0.17325693104266354,0.004747535341978742,0.004921846386407127,0.7855138629251877,4,4
0.007645213495822914,0.020397217376867526,0.0040304955216650725,0.015020783910516942,0.9529062896951281,4,4
0.035534728035192024,0.2527527651861825,0.007665840895091104,0.00785742038813202,0.6961892454954022,4,4
0.05789460075989003,0.3269699637785027,0.008018940634433053,0.010498419503184742,0.5966180753239892,4,4
0.01692991029029229,0.06182311628674712,0.009587653739072333,0.010811740151895793,0.9008475795319925,4,4
0.09882873815146215,0.1505238059962124,0.010245751107468675,0.008975561487783393,0.7314261432570733,4,4
0.017279080878157743,0.13371438155022672,0.005259177600922556,0.006024968272508845,0.8377223916981847,4,4
0.028288005376912614,0.1646011238668367,0.004948770890111949,0.005603384638824843,0.7965587152273139,4,4
0.03707508516013582,0.240479764820486,0.013173405121248895,0.005560554724103586,0.7037111901740256,4,4
0.11093148619646495,0.09532687234174576,0.012829870157630213,0.0067845482326401585,0.7741272230715188,4,4
0.04794083491050813,0.13609573934038183,0.028440762761720972,0.03711966312235664,0.7504029998650327,4,4
0.053737723225063254,0.1049876279803459,0.025654883850356025,0.0346275017933096,0.7809922631509247,4,4
0.039614136768072176,0.06809372811248701,0.03875742608615686,0.00924547961506513,0.8442892294182185,0,4
0.04052934321523257,0.16247831980734198,0.008097040290614881,0.006058906970823592,0.782836389715987,4,4
0.13520327203897037,0.11586457053440746,0.01694349017320109,0.007244914285505487,0.7247437529679149,1,4
0.037608022893622035,0.1330618204011493,0.014795682675113006,0.006533578067973407,0.8080008959621424,4,4
0.06441176877479361,0.14751620403999852,0.02126929190818388,0.00700209878409273,0.7598006364929312,1,4
0.04330511889104692,0.20357187707883928,0.014468729044282818,0.00786324191066566,0.7307910330751651,4,4
0.042938627831233506,0.1900189638891797,0.013891566173223999,0.008115107054123593,0.7450357350522393,4,4
0.05695497369161878,0.5428095125357218,0.017602855660353953,0.004204212640947094,0.37842844547135857,1,4
0.03838298587280848,0.20608977413880228,0.01516033547472913,0.013170247628971983,0.727196656884688,4,4
0.06422734025369956,0.18036279630272,0.01610304736699081,0.015275566069514315,0.7240312500070751,4,4
0.045145968663095476,0.06472050547793985,0.007918090941414564,0.008373993660328703,0.8738414412572216,4,4
0.0713587041499549,0.5279187731937967,0.024891676796116768,0.005171686761371845,0.3706591590987602,4,4
0.02789139161031503,0.8681178358937254,0.017356163564617912,0.006572384786187483,0.0800622241451544,1,4
0.044528651859306365,0.8792050488258194,0.03103048554626539,0.009709131860541904,0.035526681908067084,4,4
0.055516723587836096,0.15434839635894473,0.015404301695880399,0.030157574668388684,0.7445730036889503,4,4
0.04778143571492528,0.710957735810863,0.014624683101579257,0.005052613000560296,0.22158353237207207,1,4
0.04211298350259301,0.7841157651137997,0.015628398516740367,0.009215020465001668,0.14892783240186547,1,4
0.01639787494314278,0.5328361423572232,0.009225269739067624,0.003014451454763569,0.43852626150580315,1,4
0.05637527598622801,0.5843107829416796,0.00800592731869024,0.011667780131225552,0.3396402336221764,4,4
0.06914562622646779,0.839312890556591,0.04150892010503967,0.007239712963528433,0.04279285014837306,1,4
0.07392405335552946,0.8365885105944294,0.01280009894039434,0.013083690272759052,0.06360364683688773,0,4
0.07886990388556148,0.8737463076532328,0.021587941037450462,0.009313646926068814,0.016482200497686353,1,4
0.08490041824230131,0.8133456803350787,0.01822670796256613,0.00783935814452001,0.0756878353155342,1,4
0.05223648071755164,0.8712724601060026,0.046945711018360196,0.006236515486830145,0.02330883267125572,1,4
0.040263648532941475,0.8640325952867426,0.014002299827415084,0.010747382124126743,0.07095407422877419,1,4
0.047415891935493414,0.8875690316715394,0.0228910130567684,0.007623455493453584,0.0345006078427453,1,4
0.6654456951786629,0.1514462415838207,0.03958745080930338,0.021774512418386714,0.12174610000982623,4,4
0.13870018191124867,0.7447836599687198,0.019284339915400264,0.011478640243872703,0.08575317796075882,1,4
0.06118946192972232,0.8077559838174134,0.019651662565155274,0.009381573307892889,0.10202131837981587,0,4
0.7794318771023601,0.03252333220405205,0.02027841371484156,0.010552816477866555,0.1572135605008798,0,4
0.09295699386943061,0.05254649050135269,0.011976567834704141,0.006260850865785533,0.836259096928727,4,4
0.023525925685768313,0.15028821738529627,0.020025152962359776,0.004996714102892301,0.8011639898636834,4,4
0.12362904460376312,0.21949186612885332,0.018825183024823357,0.006572484738503577,0.6314814215040568,1,4
0.0862784854553993,0.2023629044731148,0.01764223990801811,0.006405407929460026,0.6873109622340079,4,4
0.033252910413544355,0.17311357634527322,0.015210687926547178,0.005383360435629991,0.7730394648790053,2,4
0.03269731318664199,0.09321838688595678,0.01304988644368388,0.004528435373454913,0.8565059781102625,4,4
0.06789892751438482,0.030292558989869163,0.009295583611919357,0.005969142415912099,0.8865437874679146,4,4
0.07955458711845009,0.13211388460989812,0.007738003993924295,0.008158961575143977,0.7724345627025835,4,4
0.30932545484114726,0.2549843609616703,0.017087329959519258,0.019831667750186792,0.3987711864874761,0,4
0.04528959947096534,0.07267724760448409,0.005171309574126696,0.01849003991013741,0.8583718034402865,4,4
0.07369516235356585,0.10096791497819423,0.0052685244285060485,0.01931694953923088,0.8007514487005031,4,4
0.04413360941726513,0.07600894327278412,0.005347588478651165,0.0177872364106784,0.8567226224206215,4,4
0.03337139023219202,0.17283067576403996,0.01048775808694204,0.007698746313533818,0.7756114296032921,4,4
0.06703543328012146,0.15979784099592806,0.010506016168419266,0.008701495874049362,0.7539592136814816,4,4
0.08809647464526535,0.15697181153944992,0.013349562710001013,0.006455789040878245,0.7351263620644053,4,4
0.017608016333921905,0.07176785094422614,0.010152567135298109,0.004408752674205522,0.8960628129123485,4,4
0.016335608589611333,0.06690823566658353,0.009807367817785675,0.004372876945049793,0.9025759109809697,4,4
0.08321917607546414,0.0801907411242071,0.0072869696632907495,0.008006713243699122,0.8212963998933389,0,4
0.13113703198036686,0.12468304273362826,0.007857177254241532,0.011540541663063494,0.7247822063686997,4,4
0.05146599981151188,0.09699386444725107,0.006167151221297871,0.006531619438842298,0.8388413650810971,4,4
0.05072689361707541,0.039994815612212804,0.0065076467840699485,0.010612278009100421,0.8921583659775416,4,4
0.0585479954475011,0.054995949857868334,0.011461054321491207,0.0074615096367229095,0.8675334907364165,4,4
0.03300225660739821,0.14170578441519055,0.013131743855611519,0.005345477213042875,0.8068147379087572,4,4
0.13932078669527775,0.17411521210996087,0.011725103811100153,0.006514750613296653,0.6683241467703643,4,4
0.08252452487543982,0.14346731062195323,0.007840925681853888,0.006386022576281925,0.7597812162444711,4,4
0.2274272063428344,0.03210531844146632,0.011563987002910819,0.008687956702855767,0.7202155315099328,0,4
0.16355316521870092,0.33193709351445366,0.007505645812703386,0.012090640680011693,0.4849134547741304,1,4
0.0476423724232563,0.19334976383478372,0.005908803855392087,0.00843026144754357,0.7446687984390242,4,4
0.7879681019174339,0.056872969209237255,0.011326083350604163,0.01910101092240709,0.12473183460031764,0,4
0.20091394081690317,0.05901881254806491,0.007858959405854835,0.013375990700519766,0.7188322965286574,4,4
0.18159780340322057,0.06155617952222344,0.008147620018977788,0.013753614229039942,0.7349447828265383,4,4
0.1759016802053737,0.05715137649950075,0.006761355776953307,0.010981880025552587,0.7492037074926199,0,4
0.48983756663837424,0.08016674935511076,0.009431099814980354,0.026269304783642797,0.3942952794078916,4,4
0.07639916568411312,0.2386147867214951,0.02271662744224305,0.006384271581320078,0.6558851485708286,1,4
0.1276781329521775,0.1291037157332239,0.008296676697932168,0.008407809491461648,0.7265136651252048,4,4
0.09175338969751935,0.08079001833311787,0.006565460694415526,0.005753950534976586,0.8151371807399707,4,4
0.051401205989886185,0.22039377475842595,0.017724439089671452,0.020286835864085955,0.6901937442979303,4,4
0.016942779785433758,0.23982873578048716,0.013127373755963194,0.008113117586614557,0.7219879930915013,4,4
0.04718109170851379,0.3876311451722158,0.019274598117338854,0.004857976422579712,0.5410551885793519,4,4
0.10400315185244596,0.08843186971656676,0.023378682647530104,0.0294733298079662,0.7547129659754911,4,4
0.05907305905392991,0.13836801803024157,0.016812049750634484,0.006273555533315041,0.779473317631879,4,4
0.04328564074610914,0.09339629284834404,0.014906099117883272,0.004968733346406257,0.8434432339412573,4,4
0.03709351852102777,0.04278366928691137,0.037596759821995465,0.007689034717499726,0.8748370176525655,3,4
0.05098766955608847,0.0336538174600638,0.04325607848597622,0.007262424751638926,0.8648400097462325,4,4
0.05731229421315697,0.03787317758714751,0.046538785106245234,0.0077637544559538835,0.8505119886374962,4,4
0.028665842272992185,0.06654040559528812,0.01446431042136405,0.029522670674318057,0.8608067710360378,4,4
0.04119360630637695,0.09410102000368178,0.00911374763957025,0.011423821231489006,0.8441678048188821,4,4
0.023066962745546787,0.07214588233920224,0.009378784753529752,0.00999269784161153,0.8854156723201099,4,4
0.0586598972911965,0.12911055288363804,0.009033879396609571,0.006365939697756417,0.7968297307307993,4,4
0.3584043999465768,0.12123450650034967,0.02131863275538527,0.011943451996864831,0.4870990088008234,0,4
0.11063329335156372,0.07400422606233603,0.012474634190424896,0.008082117120783548,0.7948057292748916,4,4
0.28692624245653076,0.29509491029938356,0.007754213992483009,0.010301250208221374,0.3999233830433809,1,4
0.02378722268736031,0.1360967693729775,0.008150662268049629,0.006653536218533756,0.825311809453079,4,4
0.05277920194046399,0.2089042660619078,0.015303179575890185,0.006707525906940376,0.7163058265147976,4,4
0.07760408904591856,0.10014974662779055,0.015922601444403807,0.006467061771725869,0.7998565011101608,1,4
0.0329292593689913,0.1377748648229005,0.010347068714483487,0.004666545777995205,0.8142822613156295,4,4
0.028298170784005604,0.10574590029796267,0.009817451497313202,0.004569066661427861,0.8515694107592908,1,4
0.06166440507925691,0.27922926764455985,0.013564430540352999,0.007811717021495819,0.6377301797143344,1,4
0.0446802433069494,0.12571148227818074,0.008958023596917147,0.005040172935087828,0.8156100778828649,4,4
0.06380924031398412,0.21076778882403271,0.012505197911595213,0.007353201715468867,0.7055645712349193,4,4
0.08800146092073734,0.14970574566407663,0.008614118105023662,0.006201543497125794,0.7474771318130368,4,4
0.08174833852003813,0.2406744686914285,0.013545509234027517,0.009496665014682167,0.6545350185398235,1,4
0.014671804248362539,0.10434109176756463,0.008433961090436225,0.006067994928757508,0.8664851479648792,4,4
0.03587147858401972,0.04683031584477188,0.0063813707844421145,0.006513886977323063,0.9044029478094431,4,4
0.04546503751381115,0.06522012432726011,0.005477619209381417,0.007629747190612798,0.8762074717589344,4,4
0.7063337586590543,0.21004078876077048,0.009765183973317902,0.017943519179544214,0.05591674942731277,1,4
0.8891509336561051,0.06632629725492747,0.010127448752866367,0.014306577990712444,0.020088742345388544,0,4
0.03942347012938032,0.02802015107066868,0.005528384435390252,0.005243594364070097,0.9217844000004904,4,4
0.20019659389342753,0.066419760475778,0.008491400729628203,0.007757889228973681,0.7171343556721929,4,4
0.12133930381515441,0.05212022841224891,0.007517530122440865,0.010373136683994928,0.8086498009661607,4,4
0.09440193189481956,0.05601307449915879,0.004477434835093389,0.005614260230380836,0.8394932985405479,4,4
0.09536593305238293,0.045277762597052414,0.01361479877150144,0.005728470943091147,0.8400130346359722,4,4
0.2323755014767474,0.12418719598966496,0.012021067366334178,0.011422072934296867,0.6199941622329567,4,4
0.07355533218644356,0.05885926419754126,0.00996478217783325,0.00850384730998978,0.8491167741281923,4,4
0.07782870828851032,0.05615077700573408,0.010140890631934343,0.008795612752374279,0.8470840113214475,4,4
0.04386749986663805,0.02916163581136278,0.00546039683708443,0.00493215666503357,0.916578310819881,4,4
0.10076622957489216,0.051301404074052356,0.018453903911101563,0.0055209482771432375,0.8239575141628105,4,4
0.017495041674884682,0.08538860109715658,0.007837673209623338,0.005556999366294629,0.8837216846520409,4,4
0.03153185568076978,0.2336668697193303,0.015958212136858614,0.006261886915106647,0.7125811755479347,1,4
0.2583504112409205,0.09940348284761238,0.022013047480799,0.009689421315225424,0.6105436371154428,4,4
0.11170528113686301,0.13547035160966334,0.013277739972692092,0.007634295623654076,0.7319123316571273,0,4
0.4306145855901374,0.07920122039744966,0.011823762099125308,0.016451102153832733,0.461909329759455,0,4
0.0845420214922762,0.06744927892738667,0.008590476669167086,0.011750935448286471,0.8276672874628832,4,4
0.07172401552547114,0.06417807082740669,0.014988281720731461,0.011526416023853243,0.8375832159025375,4,4
0.225618793656395,0.05894222849632128,0.016138729822741327,0.006579598224648408,0.6927206497998938,0,4
0.054244694822419434,0.04152306142895596,0.011877332899847904,0.005476754132091893,0.8868781567166845,4,4
0.043225781267040415,0.1992037739061957,0.012174534370985446,0.007601439132042028,0.7377944713237364,4,4
0.03603582833133563,0.12474630572245762,0.012254158664918921,0.0057563781989676596,0.8212073290823201,4,4
0.022931162930465255,0.02807522528714876,0.005768955827575632,0.005550937127770713,0.9376737188270396,4,4
0.0655673294180171,0.24777901486509088,0.009368217385646159,0.007438136716322461,0.6698473016149237,4,4
0.022697714404740766,0.142363096538163,0.011805490766776061,0.005474421069696021,0.8176592772206239,4,4
0.04831618521058166,0.13400990311309985,0.013329861228687697,0.010173512764525664,0.7941705376831051,0,4
0.15056272443372984,0.15005149477990362,0.010359462408662506,0.009583213368463146,0.6794431050092412,4,4
0.09009665369162334,0.031479502231642406,0.007242951980051892,0.006871513546598302,0.864309378550084,4,4
0.03613791653581522,0.13539807667937453,0.01036725411290523,0.0063910496561461715,0.8117057030157588,4,4
0.2227482923468916,0.025950488632197406,0.009152818139878578,0.009202400174859716,0.7329460007061728,0,4
0.03816910731266033,0.14805131882686098,0.006112381030120089,0.007533820140519434,0.8001333726898388,4,4
0.06118511357161907,0.04391627453758077,0.008598337456648722,0.006751717491820374,0.8795485569423311,4,4
0.013906025181182134,0.09445218891489629,0.0071116092614954066,0.005467806346321176,0.879062370296105,4,4
0.34474674455438914,0.08998991942205711,0.00806100676763048,0.012043557170391826,0.5451587720855311,1,4
0.02500300932546836,0.11850270545974695,0.007789208761181018,0.006545146876277374,0.8421599295773267,4,4
0.06654704102516516,0.09917725140096707,0.011488767283713626,0.009584949876502675,0.8132019904136515,4,4
0.1603976436021785,0.5911784003340141,0.01581417183052772,0.028941506447209886,0.20366827778606947,1,4
0.01744580400013182,0.17414195719758283,0.00795173733970146,0.007193450186999471,0.7932670512755844,4,4
0.016409942083090132,0.12353760240023093,0.009035427109917386,0.006489631177445267,0.844527397229316,4,4
0.18125642853531704,0.524154619163952,0.031734166300969625,0.034308199491767395,0.22854658650799392,1,4
0.3336300691656796,0.17200056770779243,0.014976970971601174,0.02070880219868862,0.45868358995623815,1,4
0.04178284180456066,0.07565948874221105,0.006677503043912182,0.007456718759290362,0.8684234476500259,4,4
0.018546172470944308,0.020413580722886557,0.008131529314976158,0.03237231957151497,0.9205363979196777,4,4
0.014157897871658248,0.10884885522220936,0.007396272984905658,0.005123793001993937,0.8644731809192326,4,4
0.10494146754097032,0.043095717289050234,0.006252543564741583,0.015268781528547866,0.8304414900766899,4,4
0.4881698375288305,0.2265881937766772,0.02029983204244202,0.024091978188236673,0.24085015846381388,0,4
0.009660260528933817,0.11046808799781027,0.004652781429512402,0.005241873536618283,0.8699769965071251,4,4
0.01585421558883732,0.12588091431746354,0.004860385748360996,0.00453135409679518,0.8488731302485429,4,4
0.009769504087556214,0.051276045095367775,0.004934218016535683,0.006190171352768715,0.9278300614477714,4,4
0.0037256791054375298,0.029586911364461975,0.005194586452849679,0.005587877573669021,0.9559049455035816,4,4
0.10713761574966423,0.03681701473955306,0.005070424042499158,0.007582123574558925,0.8433928218937247,4,4
0.3468142805140125,0.3241455292076691,0.015991259312678294,0.030126473701365543,0.2829224572642743,1,4
0.18677253037818822,0.19765276094621695,0.008633650407222863,0.013248980390107995,0.5936920778782642,1,4
0.08840549645450224,0.14114884348442255,0.00743670222959349,0.010575104974485664,0.7524338528569958,4,4
0.6663461140848911,0.12608715915001617,0.012124462976150167,0.028323844764721367,0.16711841902422173,1,4
0.06255094167555861,0.07154744018383864,0.006536826693069449,0.00959532866379479,0.8497694627837383,4,4
0.5611086928701063,0.2590531000504228,0.015469018143074414,0.022454176355312792,0.14191501258108363,0,4
0.11895617129978539,0.11071350172051107,0.006457218047679809,0.008088485893263862,0.7557846230387599,4,4
0.024930312031009635,0.13618590149904525,0.01110635353146105,0.005399432092883355,0.822378000845601,4,4
0.045231253253981044,0.18497954678331638,0.012235769362400643,0.007745958828512371,0.7498074717717893,1,4
0.04019683191785465,0.24906349638420838,0.0049411813516500695,0.005192024585556102,0.7006064657607306,1,4
0.027348603739247114,0.10690215854524336,0.012440652007412456,0.0066924490274387375,0.8466161366806579,4,4
0.3767044498108744,0.10642694664525693,0.0167743305766681,0.010220161479096261,0.48987411148810384,0,4
0.039096580087278635,0.09966166280748123,0.021747597498216482,0.024014903330386774,0.8154792562766369,4,4
0.04178820472312001,0.07879430059311573,0.04415154633592953,0.008139508105803002,0.8271264402420315,4,4
0.061925915648605646,0.09011039412837003,0.016560402606317737,0.004841470252829534,0.8265618173638771,4,4
0.08184223006213485,0.13490534238335333,0.024573205106872345,0.007083391094893734,0.7515958313527458,4,4
0.02246961928405984,0.19342442576925625,0.010233104530040534,0.005260018927757994,0.7686128314888853,1,4
0.026900882911164298,0.11643300479262805,0.009815696232753999,0.004854710690864414,0.8419957053725893,4,4
0.2372705957497636,0.15340391888447766,0.012451046609591935,0.007132646679488278,0.5897417920766787,4,4
0.07661117070958731,0.1242772822085246,0.011390310355458134,0.0045923131739015,0.7831289235525283,4,4
0.03442951169039453,0.28514100361381056,0.018441394965459157,0.006038976689301697,0.6559491130410341,4,4
0.0316075820169292,0.8621569661558822,0.019144159770308353,0.004897143917135213,0.08219414813974478,1,4
0.0445185942238171,0.4340068594403637,0.017245789942140616,0.007910617899677603,0.49631813849400114,4,4
0.06664204680819812,0.6573300009610746,0.01630455193280578,0.007931438469449322,0.25179196182847247,1,4
0.06868576234764079,0.8571609214143564,0.030463741838552123,0.010558130296370712,0.033131444103079846,4,4
0.10383061651641122,0.25485537657858537,0.015446648872040832,0.008281718422272613,0.6175856396106899,3,4
0.10184299784544798,0.17277716669903068,0.01312517224226893,0.006708895113120369,0.705545768100132,4,4
0.09019171478444822,0.5960853888177775,0.015394542850362595,0.004417488866425561,0.2939108646809861,1,4
0.05847133664464696,0.8475233443158469,0.015574481267389313,0.006453429244182211,0.07197740852793462,1,4
0.05193985611546782,0.8308135531825722,0.015465538529961357,0.006553063425511105,0.09522798874648729,4,4
0.0582411624478317,0.8820526888918206,0.025930362998540714,0.006277968949373962,0.02749781671243256,1,4
0.06501531739960444,0.87078168938245,0.024902747933744404,0.006511812690209043,0.032788432593991876,4,4
0.09720790339596568,0.5382730057832107,0.016015526448915844,0.00547748421833105,0.34302608015357666,1,4
0.11864061149880313,0.538631268653908,0.01936247825258476,0.006324656819835295,0.31704098477486886,4,4
0.07278150061099363,0.13302124787210792,0.05728621469632718,0.010845151292995311,0.7260658855275759,0,4
0.14876583006427513,0.16338023443713903,0.01050372655871829,0.007338079175826048,0.6700121297640413,0,4
0.05319539215644211,0.8624128605821326,0.016810815484364913,0.008732392855328038,0.058848538921732155,4,4
0.09532106408711397,0.054557384529462995,0.008663260378501701,0.028152915508004903,0.8133053754969167,4,4
0.062029116465024306,0.08738885684821406,0.05512765289624492,0.009019788103134013,0.7864345856873829,4,4
0.06754247436326441,0.7751260481611474,0.022007703030443353,0.008228794804838046,0.1270949796403063,1,4
0.1246282999662276,0.42584391908140745,0.01024229871852644,0.01464055128484703,0.4246449309489913,1,4
0.4966972018605661,0.09033690813853366,0.35473077538935693,0.01708638779939008,0.04114872681215335,0,4
0.3587435344162194,0.08157171951358345,0.49876825167866545,0.019713381621817256,0.04120311276971464,0,4
0.08173686702229149,0.807944596149762,0.0608190296549644,0.008863426456400175,0.04063608071658127,1,4
0.04616191570718841,0.9095553882473546,0.02579380882954681,0.007478171041923508,0.011010716173986697,1,4
0.12500329695379175,0.8050178213206758,0.009658332105649746,0.009040990170599644,0.05127955944928306,1,4
0.06322606400899401,0.889679005991056,0.02368152325839875,0.006175759911873319,0.01723764682967765,2,4
0.07759326313959865,0.864711026419425,0.028043138869846006,0.00667348409039593,0.02297908748073389,1,4
0.06413325919598341,0.887061544837472,0.024567656439022284,0.006234046966267536,0.018003492561255125,1,4
0.16916585585428398,0.0894086189443274,0.1754854953540989,0.018236265787229,0.5477037640600606,2,4
0.17581139695288436,0.08233196764309911,0.22484813911195098,0.018375448678304512,0.4986330476137614,4,4
0.029845438003162503,0.920293979972156,0.020596630382756602,0.0048388023960286896,0.024425149245896192,1,4
0.07828198240332013,0.8281973962805087,0.0541324268725503,0.009080116629988892,0.03030807781363246,1,4
0.056274977259692424,0.8606915242940444,0.04534626487726295,0.008098914751153485,0.029588318817847042,1,4
0.8514313282213676,0.0775780940810846,0.03543382437213992,0.014706265570046369,0.02085048775536155,0,4
0.04447365278623044,0.28646343022076626,0.015771383094943664,0.0054956692574159634,0.6477958646406438,1,4
0.038005648192990266,0.15046556908149233,0.01851077277917194,0.004680558640264043,0.7883374513060816,4,4
0.044101281570073134,0.12872590715417992,0.012062904848293613,0.00659216580397813,0.8085177406234751,4,4
0.07775952026047932,0.16816652843233473,0.022135232069644482,0.006935559522204004,0.7250031597153375,0,4
0.056740927281076714,0.14215186228333232,0.012014082670601924,0.0054771409807980054,0.7836159867841914,4,4
0.03729575272661761,0.15326252437062873,0.016841118787281534,0.005524117214475362,0.7870764869009966,4,4
0.01793774333538363,0.15141709506553794,0.007790229202758727,0.006282556705956718,0.8165723756903631,4,4
0.1902832941997123,0.048890269220359,0.010773632423124286,0.009988026266379109,0.7400647778904255,4,4
0.17450299806297692,0.04508433349120254,0.010094102800312397,0.010269563238403247,0.7600490024071052,4,4
0.09568295639608206,0.040931431132341274,0.008094853352976755,0.009361154803834334,0.8459296043147656,4,4
0.037960193882084554,0.1514162923453493,0.025712840728425963,0.005456082692521648,0.7794545903516188,1,4
0.03580876354554238,0.20259587016560154,0.03414988741639321,0.007384447536110431,0.7200610313363522,1,4
0.3250547270888462,0.08737311456305308,0.010684813913663438,0.029080666829007396,0.5478066776054299,0,4
0.026919994911686923,0.05746022299823852,0.04075169142562234,0.007786295370874439,0.867081795293578,4,4
0.1896347669418734,0.0928296728300566,0.019874597925110267,0.01268204208596457,0.6849789202169952,0,4
0.10656758438183156,0.07221346991430386,0.017031192040117177,0.010872567798693179,0.7933151858650546,4,4
0.06028276995218706,0.17930712556973905,0.015211019330092283,0.006672442162975895,0.7385266429850058,1,4
0.06749951408762984,0.17289800895265467,0.013802231650274638,0.0046197840404617494,0.741180461268979,0,4
0.06444575186555195,0.16267980858521314,0.013318699564131209,0.005788160723889311,0.7537675792612145,4,4
0.05719859586044728,0.1786488298571689,0.00990533508423126,0.007527159998591165,0.7467200791995614,4,4
0.027337892041589734,0.21119015807575334,0.01504738522894126,0.005334097055121276,0.7410904675985946,4,4
0.024813443176579998,0.2137552322812724,0.016239628193700593,0.005337055386517979,0.739854640961929,4,4
0.02205425368333151,0.1428317007923796,0.01050158380171118,0.0052164175706977305,0.8193960441518799,4,4
0.7580233796737883,0.041015714391687455,0.011341877816895692,0.013249767971162897,0.17636926014646556,0,4
0.06551910576855069,0.04335274283171254,0.00760156184577592,0.01378103726543862,0.8697455522885224,4,4
0.05503240896939702,0.3822658529767266,0.018902178109792014,0.006270259031784053,0.5375293009123001,4,4
0.015948773105186612,0.07793802339244511,0.009114842229996412,0.0063843365808420914,0.8906140246915297,4,4
0.019238044511904515,0.1709869021062468,0.010880336808390458,0.005818490084956628,0.7930762264885011,4,4
0.01643121346334038,0.15133021578348987,0.010457942059535411,0.005678319223764341,0.8161023094698697,4,4
0.014517196751040972,0.16275990207346547,0.010714546885311444,0.005678219552200881,0.8063301347379814,4,4
0.1320707961572419,0.047352643859494344,0.010857882343636605,0.013562583129189763,0.7961560945104372,4,4
0.03665022057451773,0.17191126483574315,0.012667167316472962,0.00451630084781819,0.7742550464254477,4,4
0.06802475312490246,0.0685108266096911,0.05003272723139618,0.008440324637432802,0.8049913683965774,4,4
0.0670375556705796,0.06679213789208338,0.01924989692841756,0.017499054208502514,0.8294213553004169,4,4
0.0677691334791901,0.1327533678746763,0.016508763573328256,0.005957551655935853,0.7770111834168694,4,4
0.038092478169696097,0.1691470369298976,0.01642941001869642,0.005234985128423993,0.771096089753286,1,4
0.1290599484516413,0.09465262982483937,0.01457084589221628,0.007472814782542795,0.7542437610487602,4,4
0.034184309253712776,0.03018009823259264,0.03611071224562693,0.02485433322896881,0.8746705470390987,4,4
0.44332554526034407,0.14286411444036437,0.015314786889364145,0.010284168781824924,0.38821138462810273,0,4
0.1061651337417018,0.08082888814057106,0.011554968892852601,0.007896826633855478,0.7935541825910191,4,4
0.07754028571102604,0.15080347289332205,0.014628533768684273,0.010342828070525917,0.7466848795564419,1,4
0.10126335109419389,0.12217391342919405,0.0102465526361687,0.005930894161667862,0.7603852886787755,4,4
0.03370743283505415,0.1443765917986815,0.010754238422817369,0.005411512032106063,0.8057502249113407,1,4
0.030544275307990285,0.10882035798242835,0.006957990165997669,0.005431120455531423,0.8482462560880523,4,4
0.1433774128758439,0.2584677581624065,0.01591567524275865,0.01452293567761874,0.5677162180413726,1,4
0.10040653896620877,0.08280707636140791,0.008480501580227423,0.008385917927049541,0.7999199651651062,4,4
0.07428045198533766,0.03061936995336572,0.010602517742652055,0.007399789599658217,0.877097870718986,4,4
0.05357864194652789,0.12353188535051163,0.015130326494552282,0.0045341934769946865,0.8032249527314139,0,4
0.12230036115821775,0.05875055981286928,0.009388069709074943,0.006634705687678222,0.80292630363216,4,4
0.026365143509046462,0.20615288112277494,0.013212188929084557,0.0055029601975679025,0.7487668262415264,1,4
0.09380608127581205,0.18462346375274868,0.016408833700597786,0.00554893175101245,0.6996126895198291,0,4
0.0440278815126088,0.5010678566369158,0.007293207662699596,0.006678613421089222,0.4409324407666867,4,4
0.04607543768294787,0.4864669161242617,0.00758425675323362,0.007386541550865687,0.45248684788869137,4,4
0.8144294966169853,0.08766571646403896,0.013010999781527064,0.024644149083126125,0.06024963805432261,1,4
0.08218824580925994,0.1685103786011239,0.041817493214673596,0.006293660599963237,0.7011902217749794,2,4
0.20221755855938361,0.052383998432922185,0.008413718808599037,0.008518429861916808,0.728466294337178,4,4
0.15017198677017912,0.056638869504368194,0.008906094473712317,0.008940562084394678,0.7753424871673457,4,4
0.10352261480168148,0.07799259059587728,0.01660674971143435,0.008692562590716569,0.7931854823002905,0,4
0.03383994862980083,0.05467564217538746,0.008934106882503515,0.005964115541122217,0.8965861867711857,4,4
0.034655965934446316,0.05748653244884257,0.008994757490693612,0.006143754090984654,0.892718990035033,4,4
0.0916294493125805,0.12484609554936987,0.021444830054202942,0.008646839640635118,0.7534327854432115,0,4
0.059310281640948544,0.11060493211105579,0.008717219031038292,0.007068111907530179,0.814299455309427,4,4
0.13190048834941728,0.3042847527351883,0.00862647813109061,0.006499420207216093,0.5486888605770879,1,4
0.034621962218562306,0.14184328418070033,0.007893198682531927,0.005375777032599941,0.8102657778856057,4,4
0.2416695956144419,0.08983008595522397,0.018047196001748193,0.010805068187742097,0.639648054240844,0,4
0.1514177836599472,0.08806088419603711,0.01666141333150101,0.01112295415140208,0.7327369646611129,4,4
0.4538760082230014,0.35827846707827365,0.017408747036515924,0.026702667327483165,0.14373411033472577,1,4
0.10537242789922042,0.14165303347803643,0.00844464618055879,0.009065472104293714,0.7354644203378905,4,4
0.08898644391981675,0.19102722663121016,0.014755818370881527,0.009763835599518003,0.6954666754785733,1,4
0.19885469790850674,0.04307417954535602,0.008109311975517598,0.008948618537625613,0.741013192032994,4,4
0.1082433791620547,0.15436830258978917,0.012870469733344872,0.008588319756560155,0.715929528758251,0,4
0.09576787338449268,0.09964923112310989,0.018382549669724503,0.007824274264450811,0.7783760715582222,4,4
0.037203050318834495,0.029820873177784507,0.0070397486835181355,0.005363266907970739,0.9205730609118922,4,4
0.181134638996731,0.09604898751662475,0.012977924811349364,0.006610044966198348,0.7032284037090965,4,4
0.1507969780907947,0.06913803860601105,0.009691242052190074,0.009710238185564359,0.7606635030654397,4,4
0.01645001302327249,0.03635506550405086,0.007346196963334773,0.027831100215949825,0.9120176242933922,4,4
0.16522506154833091,0.05733060588495779,0.015147840320051143,0.00643679358701313,0.7558596986596471,4,4
0.11313424084088466,0.05946888023745152,0.008969997650377167,0.00924916263367437,0.8091777186376121,4,4
0.08482244718586152,0.0653709158153788,0.012967271130231706,0.008716306291171125,0.828123059577357,4,4
0.3229917987787065,0.09275572180551377,0.010667413956049684,0.011199533639330034,0.5623855318204002,0,4
0.07733549460062004,0.05039016390171958,0.008037109450798068,0.007194095007251076,0.8570431370396114,4,4
0.11701042141346144,0.11307258842413627,0.008771592220738218,0.009566332586735322,0.7515790653549288,4,4
0.024745260008403443,0.06495756936690635,0.010180014768077134,0.006833916777014383,0.8932832390795986,4,4
0.07833846287602413,0.21567521741220033,0.009553128352413153,0.006409279780706834,0.6900239115786556,4,4
0.029612313133058968,0.154608566544614,0.009124280452268053,0.006166987149074024,0.8004878527209847,4,4
0.11435421184724906,0.11666398526164797,0.01692536928024904,0.008780921161410314,0.7432755124494437,4,4
0.14785683672556163,0.12371921663087414,0.010919475333138102,0.008394307232241879,0.7091101640781841,4,4
0.3207710930871717,0.11228902676765667,0.011765558814423384,0.011460184939244323,0.5437141363915041,1,4
0.08872682601704632,0.07426341986631955,0.009355684479935839,0.007260513458808598,0.8203935561778898,4,4
0.08472643743241703,0.09196638840697789,0.012473085711837221,0.011450490210122635,0.7993835982386451,0,4
0.03538763428555581,0.16028352894170625,0.010951445471555209,0.006402302305820964,0.7869750889953621,4,4
0.07544545806170813,0.22257754618241737,0.01620888204325542,0.010899362629325495,0.6748687510832934,1,4
0.19232770625031165,0.01894180363002703,0.009075168700902433,0.009231207607524966,0.770424113811234,4,4
0.13795437693635884,0.01700555022264678,0.008639974103362572,0.009274422466745513,0.827125676270886,4,4
0.2673101671263739,0.17053627487591927,0.012301907439632954,0.014331735989733462,0.5355199145683402,1,4
0.06938573565305597,0.12170381396151829,0.009515691500428282,0.010049607001281559,0.7893451518837158,4,4
0.018965689844906247,0.1826493395106086,0.007349488465300965,0.004614837339990723,0.7864206448391936,4,4
0.16969893044016868,0.2045074448241578,0.008744937327689077,0.008665226700307269,0.6083834607076778,1,4
0.06320728573018057,0.12272893998992342,0.007294861483103555,0.0062689391588019346,0.8004999736379906,4,4
0.7108483021132664,0.15479092050055804,0.019895600325329398,0.01932106459034495,0.09514411247050061,0,4
0.2033045508743683,0.04836491772810593,0.008894402641638986,0.00727737781608047,0.7321587509398062,4,4
0.22012810060779983,0.0519194241688352,0.008687473070398875,0.00743677431619957,0.7118282278367668,4,4
0.23972991235158783,0.07281135365661609,0.010224972525819526,0.011333484340904344,0.6659002771250725,0,4
0.09875334646654495,0.03519400284026332,0.008393373472498267,0.005358539703044771,0.8523007375176489,4,4
0.014477893739506894,0.04231907002847938,0.008634212105921822,0.00507678284645868,0.9294920412796331,4,4
0.22871903803403665,0.43288872389141236,0.025208389870380595,0.03190954855929732,0.28127429964487316,1,4
0.1508926868001513,0.29133322224079616,0.0127862269825487,0.016072437666605013,0.528915426309899,0,4
0.040190530675582634,0.13185092318040817,0.007852495325926507,0.0076017793117467885,0.8125042715063358,4,4
0.047461784522827094,0.14707334576832082,0.009057963339499483,0.0068038945849951205,0.7896030117843573,4,4
0.09278233328077147,0.08472423644607839,0.01102085839919298,0.009585514359889098,0.801887057514068,4,4
0.020620020893518592,0.1525773323805044,0.00875531111129111,0.005964467298477721,0.812082868316208,4,4
0.021224596264048247,0.16507325671122622,0.00957351647810304,0.007083303338214275,0.7970453272084085,4,4
0.20823288936856413,0.0663598704096286,0.013102575985996394,0.01032630473436306,0.7019783595014477,4,4
0.2395825907762862,0.06611756299994932,0.013284760547016905,0.011962569604416868,0.6690525160723306,4,4
0.7341330452067646,0.07408604447250135,0.00978992088729461,0.01100507007144043,0.17098591936199903,3,4
0.11344146774180681,0.0855205417277392,0.010011649466377103,0.008718983274658853,0.7823073577894178,4,4
0.02891037920242263,0.12442063478094555,0.008694067152906054,0.005811292806936059,0.8321636260567895,4,4
0.1066767085935796,0.03786716601065894,0.007735025522446473,0.007955152426175451,0.8397659474471396,4,4
0.052460140697332014,0.10874760049711735,0.007030513505600902,0.008531579506876137,0.8232301657930737,4,4
0.2593573261742797,0.2773219015680911,0.03799746120380515,0.165412097576454,0.25991121347737034,1,4
0.21196096046542917,0.2064613531538208,0.027347842128274177,0.12581538948159882,0.42841445477087714,1,4
0.03316411119722767,0.20250934673411908,0.008071130676663442,0.0066667228476370724,0.7495886885443528,4,4
0.04272400023898353,0.09344470034982748,0.008719610039130197,0.00865490897758365,0.8464567803944749,4,4
0.25017951302021724,0.37834854183928013,0.016945571584766995,0.01624296544076131,0.3382834081149744,1,4
0.2195487317579085,0.3034886720150438,0.0098310860998695,0.007889324980064562,0.4592421851471137,1,4
0.14378549580742836,0.366824695472451,0.019947741174175214,0.013403733506502608,0.456038334039443,1,4
0.7777836594874137,0.10118447185290362,0.016871119661672224,0.03388272153138893,0.07027802746662139,0,4
0.06321207852610065,0.06753878393958647,0.009497800263988351,0.03543698421400981,0.8243143530563146,4,4
0.00467174639277724,0.03591903455124211,0.006236455591172612,0.0057793503629984455,0.9473934131018098,4,4
0.13786208912323353,0.2022114747254639,0.007748374618321775,0.011383907298647196,0.6407941542343335,4,4
0.5177676967646166,0.1519318224074558,0.0144292292608498,0.013365431332318482,0.30250582023475914,0,4
0.07741796203298695,0.07245886690931685,0.008440830596233994,0.007297416021439365,0.8343849244400228,4,4
0.569325903175504,0.25696230829762157,0.013374430495781882,0.012406967297761213,0.14793039073333125,1,4
0.04279437977366135,0.0645776026610177,0.007876177820500015,0.007016676483645416,0.8777351632611752,4,4
0.039306669750862076,0.0751876484123673,0.008648081670566701,0.007973320600241677,0.8688842795659624,4,4
0.1619391663893129,0.07844887455016519,0.008117384544139263,0.006539454580440365,0.7449551199359422,4,4
0.03171983295291026,0.14358965532868387,0.007523706311262821,0.005210289772421408,0.8119565156347213,4,4
0.035576488291899,0.09375228125877241,0.011398949901189392,0.006127156979063378,0.8531451235690761,4,4
0.04349371061511496,0.30050845510645435,0.016176946038779474,0.005561465959548244,0.634259422280103,4,4
0.08188217851804468,0.1081699784153923,0.01646503790700169,0.008774069684421643,0.7847087354751396,4,4
0.029475185135787705,0.2227271567266139,0.014441399337676812,0.00492251430827345,0.7284337444916479,4,4
0.03298974037430459,0.16766132976241763,0.012988261873400903,0.004445929680956855,0.78191473830892,4,4
0.04498110713236304,0.22671581635075339,0.015139735414126094,0.005117941696944098,0.7080453994058132,4,4
0.06855482371624487,0.12818806786201964,0.022687759595889888,0.005558911778321648,0.7750104370475241,3,4
0.04708830389267262,0.09838570854949405,0.016720052426726088,0.005660312569796804,0.8321456225613106,4,4
0.10321211117399309,0.08081587000779202,0.03855013258731309,0.009818144279993554,0.7676037419509083,4,4
0.07466567123694014,0.19043692203694262,0.00852399471564728,0.006728444552929555,0.7196449674575408,4,4
0.028090824278694717,0.190852385471178,0.016438493870577362,0.005089101486773226,0.7595291948927764,4,4
0.03728990357054434,0.1825604700196455,0.017634049898757616,0.005494886759542559,0.7570206897515102,4,4
0.031631267392693924,0.7834657419012165,0.01685074980749247,0.0031320453662289282,0.16492019553236834,1,4
0.03776334820511269,0.6304468045504495,0.016095036475980238,0.002768733227524001,0.31292607754093366,4,4
0.04776025893486901,0.7081382240567343,0.0175042201267693,0.003208519990901039,0.22338877689072642,4,4
0.402335179961623,0.08226638608161889,0.012823798141114534,0.012356753458139701,0.49021788235750435,1,4
0.0112313195433576,0.8925355233074291,0.023993691466705668,0.006498263472532581,0.06574120220997515,4,4
0.04878152037507128,0.8302500666994203,0.02018910920462049,0.00787296927450139,0.09290633444638641,4,4
0.0634430384158805,0.6988490331388052,0.014474639891266636,0.004552065416964873,0.21868122313708271,1,4
0.06634634233763827,0.577105477391409,0.013538074185355478,0.0032369853032634156,0.3397731207823337,4,4
0.05012539130566399,0.7152384983352483,0.014573045069841459,0.005343948877443314,0.21471911641180272,1,4
0.04377023841937914,0.13416557766897522,0.014821678441904705,0.007828151666516688,0.7994143538032241,4,4
0.04713445699766637,0.7861191018039028,0.014111704282704356,0.008681270664853706,0.1439534662508728,1,4
0.20412774944539053,0.07655186203245813,0.013027806138631649,0.04159884047736905,0.6646937419061508,4,4
0.12550293971123397,0.12326324953470771,0.07423206510801138,0.011159572680777389,0.6658421729652699,1,4
0.10999258806633,0.10142267337251593,0.05630458708630703,0.007578345243365074,0.7247018062314821,2,4
0.052993016433851604,0.8699414880784173,0.021405176222802788,0.009733964403654387,0.045926354861274166,1,4
0.05516058483443524,0.846614300204129,0.02012196123285305,0.008793656844581643,0.06930949688400107,4,4
0.8192012974667775,0.09596230310221099,0.055254220257902914,0.012419821304006236,0.01716235786910274,2,4
0.028304282770817913,0.9294375950255884,0.024201747831667463,0.005168967430941589,0.012887406940984622,1,4
0.023314526701715223,0.9223374443429081,0.02565869315918039,0.005257164939521596,0.02343217085667472,1,4
0.04018657090285893,0.8834290873602552,0.021543872359412384,0.006297588780474439,0.04854288059699944,1,4
0.04043085665385009,0.8817445479466832,0.021107801035011763,0.006218175581762129,0.05049861878269296,0,4
0.04034056528819532,0.8262253292174992,0.016001346532159094,0.0065062182363561025,0.11092654072579017,1,4
0.9015673686770072,0.038506210757378465,0.032187758471194004,0.014642817958640843,0.013095844135779664,4,4
0.7253842012388895,0.19519370727072013,0.027096909730859355,0.01921357935067101,0.0331116024088601,0,4
0.1182868075772017,0.05966845486807532,0.011745095321761585,0.006749103270953534,0.8035505389620075,4,4
0.08239519753162752,0.21771413544260784,0.018298391166964058,0.017900308015090564,0.6636919678437098,1,4
0.06452337131372887,0.1400687763089876,0.013325140517654467,0.011722631978014693,0.7703600798816146,2,4
0.307099388121418,0.06390814398041213,0.013394375141838992,0.010761311439768809,0.6048367813165624,0,4
0.0999413223538252,0.035159438040702574,0.00817601433360514,0.0067090832225246,0.8500141420493424,4,4
0.0698601601047343,0.15513668462605326,0.018767561593362632,0.006953150623379384,0.7492824430524704,4,4
0.05216162605803617,0.11905988640463595,0.013913350316352371,0.005434560274238007,0.8094305769467374,4,4
0.2152597873837722,0.02431231095103434,0.00908788944655526,0.006824956486777487,0.7445150557318606,4,4
0.36105109979723565,0.023660464608183447,0.01263344462602638,0.010369562784626904,0.5922854281839274,4,4
0.1833104642658425,0.023526899642351193,0.009557237779981525,0.007691601479842545,0.7759137968319822,4,4
0.0583301348853632,0.10989836908188785,0.005487308903489486,0.008069106408860457,0.8182150807203992,4,4
0.051198310310792604,0.09644126655778376,0.007626232535408217,0.006216908807365061,0.8385172817886508,4,4
0.034476033900647386,0.10420791763744977,0.011557148393223188,0.00638928728780975,0.84336961278087,4,4
0.6217377076677786,0.0892249480742718,0.009877226368777267,0.017860908183337815,0.2612992097058343,0,4
0.3556948713374414,0.07390715265731909,0.012032273473787557,0.013353698692544116,0.5450120038389078,0,4
0.47980809041916345,0.053593713017346514,0.010463241977327177,0.014181431454098151,0.4419535231320648,0,4
0.3811984152083451,0.0496756188003354,0.01037268874901452,0.011605570132303974,0.5471477071100014,0,4
0.04127283114978269,0.027599707037048886,0.005389913300495517,0.005152152745889195,0.9205853957667838,4,4
0.03652908171625513,0.38578056182249243,0.018191944959396897,0.008887083862279023,0.5506113276395764,4,4
0.029153195587910803,0.41377282446990166,0.017555171118675755,0.008448112934020209,0.5310706958894915,4,4
0.03843163117135976,0.3931721981133738,0.019105576865597582,0.009680270304675052,0.5396103235449939,4,4
0.0563094608295028,0.11536252309953442,0.005042832300547071,0.00783007397518095,0.8154551097952345,4,4
0.04885285597819116,0.06029493611706074,0.06625526339403608,0.012877064111040828,0.8117198803996709,4,4
0.05764792542064971,0.18665436358067802,0.01676829279624303,0.007983929564087265,0.7309454886383422,1,4
0.17179691875711128,0.31539717899126746,0.015310419424190848,0.01694690761574293,0.48054857521168726,0,4
0.12932791374536456,0.024393033973133627,0.007277029782297255,0.007746412865751586,0.8312556096334529,4,4
0.18931025789702022,0.024542950046218173,0.009069369540279223,0.010287287361485268,0.766790135154997,4,4
0.03911408526649579,0.14444525202403116,0.0050168326519960255,0.00719900097346463,0.8042248290840126,4,4
0.10475821113057776,0.04878362541443266,0.006830274318068088,0.00770041352232872,0.8319274756145929,4,4
0.09335589412107077,0.07283058337232798,0.01871610232909381,0.009378852365332428,0.805718567812175,0,4
0.07319272378668562,0.07834298521656081,0.018422314224532704,0.009466896079913453,0.8205750806923069,0,4
0.09797830958137525,0.049467424217880446,0.005075101239853917,0.010238950577831184,0.8372402143830592,4,4
0.08501022867821459,0.04976691074890559,0.005890583685353737,0.015472803719576569,0.8438594731679494,4,4
0.042105756841395676,0.1532426785923192,0.009100318223440762,0.009719102151865054,0.7858321441909795,4,4
0.01177515946639857,0.0910430672744973,0.006486474399850892,0.007644009991922735,0.8830512888673306,4,4
0.017834521134522528,0.13725280443620436,0.008285884093357815,0.0066095331805692496,0.8300172571553462,4,4
0.1279132119318522,0.0437982781582362,0.008959424512086164,0.011107041580403567,0.8082220438174218,4,4
0.3109414921286748,0.04391385214036974,0.008935682652186827,0.013297587211287787,0.6229113858674808,4,4
0.04607402039812382,0.131482969132261,0.012358609451316676,0.00595787767265267,0.8041265233456457,4,4
0.05791814489459379,0.16359574061990245,0.015774985900408833,0.009688317441843803,0.7530228111432512,0,4
0.031618063989940805,0.17872622921633877,0.007916981630604876,0.006459176249557182,0.7752795489135582,4,4
0.09424327980562706,0.0955699256082683,0.006242625154275112,0.0071386788773901795,0.7968054905544392,4,4
0.10307872732748133,0.18597777477801045,0.026586341381933845,0.010257759026565918,0.6740993974860083,0,4
0.020754882805223886,0.16609168301483604,0.008864036593847827,0.0073591234450686455,0.7969302741410235,4,4
0.018731605921110634,0.19520466362806094,0.007464663716262416,0.004921149564730944,0.7736779171698351,4,4
0.020670913916134646,0.27738146441868233,0.0114753245857995,0.007764096762848774,0.6827082003165346,4,4
0.08801548115729173,0.12091172910282771,0.0119249498364446,0.005255240844439555,0.7738925990589965,0,4
0.0719894322314404,0.1924636439535401,0.012962272995723055,0.008591994410241308,0.7139926564090552,1,4
0.04553227507066594,0.10312475910910965,0.008450704087229935,0.005791422052453541,0.837100839680541,4,4
0.06262425006727454,0.08992479731851899,0.006076461822298143,0.006014905801237972,0.8353595849906702,4,4
0.021242692762475198,0.16604268731669822,0.006839413336941906,0.004379465908939458,0.801495740674945,4,4
0.08589499919654461,0.07354357818463719,0.009241405110277157,0.0064834602080599685,0.8248365573004812,4,4
0.37383523305461425,0.07653821503822274,0.008685591834783313,0.012719609967991149,0.5282213501043882,4,4
0.19331697353208027,0.050066160335675465,0.0053001231234051606,0.00915703845171564,0.7421597045571234,4,4
0.09949049842849989,0.03526257478927848,0.005195273746618583,0.007037188260601811,0.8530144647750013,4,4
0.0890827437379748,0.09282519021139447,0.01675077460194994,0.012489267556989989,0.7888520238916906,0,4
0.05863292705291282,0.11269490670327074,0.008664517203607728,0.006782185966654597,0.8132254630735544,4,4
0.18006545441467128,0.18198897376376025,0.013353986269058054,0.012354060282051065,0.6122375252704596,1,4
0.09089635621580727,0.07576402647409708,0.013644512933844218,0.010219779395683179,0.8094753249805682,4,4
0.03842714781807066,0.15014834306374103,0.009340846658717287,0.004574828861788977,0.7975088335976822,4,4
0.007182945036747589,0.030563910927230552,0.005249598764665915,0.005508343478687544,0.9514952017926681,4,4
0.1377582221965718,0.028545097851310156,0.004676583947308299,0.00515100748584158,0.8238690885189682,4,4
0.03748404147814988,0.18789633516193052,0.017174609057635366,0.006560446383323221,0.7508845679189611,1,4
0.07624593538223699,0.15554886767104859,0.005028315604726664,0.008733229187355016,0.7544436521546329,4,4
0.04280884751610058,0.14119571218334276,0.01441154302289909,0.007841357756199346,0.7937425395214581,4,4
0.047286209867974244,0.18843031480198047,0.015510121227425074,0.00774300555925527,0.7410303485433651,4,4
0.6486943644075351,0.06096906884012593,0.0077359500245427785,0.015162850968142624,0.26743776575965345,0,4
0.042294644633298226,0.04096229300241625,0.004575931662267315,0.005064500183616704,0.9071026305184017,4,4
0.13103724789792756,0.10654892960015568,0.009562621323218026,0.009398549640565752,0.7434526515381333,4,4
0.1570979217126225,0.073107270361887,0.007877297711151183,0.008961499671941672,0.7529560105423977,0,4
0.1380930964265075,0.07355962751220783,0.014573619647708116,0.0077675483663849675,0.7660061080471914,4,4
0.27508900143309284,0.032370684267579594,0.005682707107548903,0.008265307695810882,0.6785922994959682,4,4
0.26762382831444703,0.032978603131008914,0.006129468512700416,0.00995687988430288,0.6833112201575405,4,4
0.326933712905416,0.09303792702079751,0.014540083399292072,0.012846038264950444,0.552642238409544,1,4
0.41154180858031514,0.10215962989060844,0.017709882631826362,0.015967330139179527,0.45262134875807086,1,4
0.10905455139249576,0.09663571460765556,0.009495767711708285,0.06188956444801859,0.7229244018401219,3,4
0.08303701232329141,0.06312650921116086,0.013720386771881268,0.008203965940050614,0.8319121257536158,4,4
0.09040459460112994,0.06921483260380143,0.012263621095449205,0.010582328610771267,0.8175346230888482,4,4
0.02797816155063193,0.22354988605040663,0.012939239530398224,0.0059418997687040965,0.7295908130998587,4,4
0.06753520593598969,0.07439378172437143,0.012970108632654371,0.0075566927422731104,0.8375442109647113,1,4
0.5446882051030315,0.12462991725532872,0.006404460818976677,0.015995861389264628,0.3082815554333985,0,4
0.12256080589936993,0.05879433230870884,0.0050464903546653395,0.009463502497077338,0.8041348689401786,4,4
0.033099754614782435,0.07546194303667345,0.009131402448204587,0.008659944603117116,0.8736469552972227,4,4
0.025915726998090097,0.10784723631384499,0.006346428906096388,0.005903749398996438,0.8539868583829715,4,4
0.4425631025682528,0.25051166647226814,0.01091710598062974,0.013496545289920066,0.28251157968892926,0,4
0.10684215081427799,0.1070717363452955,0.00948560135693971,0.008341227837666517,0.7682592836458205,4,4
0.4475167627804582,0.1329460485501232,0.012196349968747005,0.013347531198850371,0.39399330750182104,1,4
0.04417728642001993,0.22918617406820918,0.00431008348925666,0.007770837014346329,0.714555619008168,4,4
0.44723784985443793,0.1054815921640927,0.01271584680568583,0.011941233656848698,0.42262347751893503,1,4
0.1143658287034962,0.0724602585730942,0.011723694309803988,0.00998958212407662,0.791460636289529,4,4
0.010443492194932801,0.08734271321651048,0.004751406610804382,0.004571154044092178,0.8928912339336607,4,4
0.27324473239829555,0.08114644957184823,0.011592159764692423,0.012594121923049272,0.6214225363421144,4,4
0.028799822451880713,0.17475566820206226,0.009153505105969085,0.0076535898272825425,0.7796374144128053,4,4
0.05764444297674664,0.08200827880770502,0.004637077963995917,0.007968686627029492,0.8477415136245232,4,4
0.0958573730688486,0.11340550007673922,0.009338566333806062,0.00947101873595597,0.7719275417846497,4,4
0.18215448500973727,0.3185794437032533,0.014588345590642305,0.015410356056069299,0.4692673696402978,1,4
0.0481922160017398,0.14619115641701055,0.007017850354328297,0.007548103775592865,0.7910506734513287,4,4
0.37289076220986533,0.32635937900044065,0.03553696031062941,0.05426450507420657,0.21094839340485821,0,4
0.07222552308893501,0.0649232401365497,0.007831375392427719,0.011693969417851457,0.8433258919642362,4,4
0.7396150786160057,0.08865322057517774,0.009812349366635836,0.020026037716216395,0.14189331372596403,1,4
0.1929843323805335,0.5677936876647061,0.020885671794528726,0.03165720391310317,0.18667910424712827,1,4
0.14082577782372524,0.3343574355017513,0.024652211559065877,0.023614409494692574,0.4765501656207648,1,4
0.0462456335600855,0.1888624814395278,0.012038118985749,0.009780571270766071,0.7430731947438716,4,4
0.12107187334182946,0.031412314764467326,0.004538321799904614,0.0086334505921069,0.8343440395016914,4,4
0.037808320116360934,0.1703652122599243,0.006163918426420695,0.0060442481463139726,0.7796183010509802,4,4
0.01734007678854234,0.19705424660557883,0.004359868873469966,0.006185656842492667,0.7750601508899163,4,4
0.11089359592282738,0.3474237656184283,0.00629634111867267,0.008875012420206373,0.5265112849198653,1,4
0.013911628114629015,0.08847744475874872,0.004827011462833094,0.004676970046683989,0.8881069456171053,4,4
0.1844929028966016,0.02984211242003082,0.0037425153928537344,0.013719926659709893,0.7682025426308039,4,4
0.14607809533944927,0.1942058197687978,0.00908697835825459,0.012342759945042579,0.6382863465884563,4,4
0.04777442783985693,0.11444998682786797,0.007168412080766921,0.009025143168287111,0.8215820300832212,4,4
0.023410725440158396,0.11639303893965593,0.005996830571061169,0.004391201469516179,0.8498082035796082,4,4
0.03350220752653794,0.17925725295247047,0.007682817606940074,0.006309391928190866,0.7732483299858606,4,4
0.165136964732499,0.07701185789531385,0.009868049751349868,0.011221604844164564,0.7367615227766728,4,4
0.07981756793936198,0.06542341353952652,0.009070177083849745,0.010309632407112987,0.8353792090301487,4,4
0.07735486091936632,0.14356218175271548,0.007889208152796496,0.009904377297908613,0.761289371877213,4,4
0.06659372775426495,0.1119584051963946,0.010203022721934884,0.0087922757516973,0.802452568575708,4,4
0.7639176076561518,0.03109367855587635,0.013478600456976934,0.021402600495306293,0.1701075128356886,0,4
0.06350639742612778,0.016907185034874275,0.006991259679920526,0.006628468823429109,0.9059666890356478,4,4
0.0039286723293436784,0.03504596784635428,0.0037164913403645652,0.00405712382395782,0.9532517446599794,4,4
0.1407052632294496,0.21191902211269129,0.013648727829922172,0.02659671467606025,0.6071302721518762,4,4
0.02006799455056727,0.06974695653256009,0.007222462441879065,0.009093200278343988,0.8938693861966499,4,4
0.6427835172189807,0.12814196184810425,0.009350335777193231,0.02992115548360855,0.18980302967211296,1,4
0.09954750344933172,0.13500731811584524,0.008411780571062634,0.008206018674815505,0.7488273791889447,4,4
0.18058090656538986,0.13825245646776568,0.005023201507368632,0.007706770785273363,0.6684366646742025,0,4
0.05474198015837111,0.155537147905436,0.013027585821468953,0.006609350943690921,0.7700839351710331,4,4
0.03224132460766744,0.22824132797121985,0.011510157915808842,0.0075224561965532444,0.7204847333087506,4,4
0.05046938196635872,0.18154123600669309,0.011724527838811144,0.008918586489440872,0.7473462676986962,1,4
0.041983400464539126,0.12899830314131114,0.0076316612841841845,0.006876086624757271,0.814510548485208,4,4
0.06012639982355658,0.13464917203689458,0.011066679487792755,0.009185177544176063,0.7849725711075802,4,4
0.10304933550732645,0.15689050723864734,0.012158868141768316,0.009731310468003651,0.7181699786442542,4,4
0.06272871715236476,0.24533576041609734,0.016354945684149236,0.010837221098496958,0.6647433556488919,1,4
0.07927550314250574,0.07877228052878796,0.007942506936297094,0.00615627526291068,0.8278534341294983,4,4
0.08366121082404193,0.10855860860629378,0.02899641285627904,0.05229943267586269,0.7264843350375224,4,4
0.08038417876930824,0.16507849155911752,0.026083826931308732,0.01244198339591201,0.7160115193443534,2,4
0.08099286001098635,0.15169932456422014,0.02405796589023782,0.011712565173262702,0.7315372843612928,4,4
0.05608924529453322,0.22412616587122053,0.00862185449222655,0.008413663475390026,0.7027490708666301,1,4
0.10023116732303704,0.09377904536694946,0.010697665603289101,0.0068187435402329,0.7884733781664915,4,4
0.16159536308980266,0.12801700194666252,0.009647750614460677,0.006442192929108741,0.6942976914199658,4,4
0.07283816710451488,0.1852679072655304,0.018881483852447624,0.008843333811937859,0.7141691079655692,4,4
0.025198056895521015,0.14081612535847285,0.009718563628049782,0.0069707849430375125,0.817296469174919,4,4
0.077800915833483,0.3282049409734286,0.026304649288203242,0.006312825799695979,0.5613766681051886,1,4
0.03047363184453316,0.8593650064733496,0.02290051393470102,0.009177179488276942,0.0780836682591391,1,4
0.06068799218618106,0.362436159823133,0.016391108035655147,0.010530952425408318,0.5499537875296225,4,4
0.03732182605643992,0.33673189873996734,0.013126489261364815,0.008536714055102737,0.6042830718871253,1,4
0.03285122937016017,0.25547536849988445,0.008225971086066318,0.0064146417128424695,0.6970327893310465,4,4
0.06381984436609558,0.16674312718126758,0.016689982041907272,0.03579199118134237,0.7169550552293872,4,4
0.02713234150506871,0.9080384065824161,0.019396494875513558,0.010002253434548527,0.03543050360245319,4,4
0.0618482495419204,0.7001416639973466,0.01346083151251659,0.0072543665508844795,0.21729488839733188,4,4
0.27352429365446584,0.24234586493725127,0.10624509793631452,0.04083128584878453,0.337053457623184,4,4
0.2071651866159518,0.18839161994943013,0.06421264573104586,0.024293660462395558,0.5159368872411765,4,4
0.05101071985017203,0.17209595418884707,0.011540401173146598,0.015323064175449298,0.7500298606123847,4,4
0.043970556727920315,0.16776658819831436,0.011080163049999446,0.015234462061095447,0.7619482299626702,4,4
0.10012242937865597,0.16914403702545255,0.006624332770032923,0.0061753216899834,0.7179338791358755,0,4
0.0589450993932732,0.6265167390483448,0.01596002305099128,0.010621715927990659,0.28795642257939974,1,4
0.0636562656192781,0.5240467714415635,0.01450146100828719,0.00904180411624538,0.38875369781462554,1,4
0.04714580118080428,0.8233577282189567,0.021683179681995093,0.006883046944570613,0.10093024397367296,4,4
0.31890157378622275,0.11400805578628274,0.013251789851625603,0.04587832062794396,0.5079602599479248,3,4
0.028965149195936,0.07968861629467013,0.05293519595125662,0.00779982969612923,0.8306112088620079,4,4
0.052491463748627135,0.8484642414764856,0.017011202594824717,0.01029076782978031,0.07174232435028206,1,4
0.04526599551135773,0.8495196401625122,0.016863314986074563,0.010246508151874499,0.07810454118818082,4,4
0.12923850354467906,0.5341051959825709,0.008479475717136272,0.015279303476422255,0.3128975212791912,1,4
0.08869447709576152,0.779994041135917,0.06076087119623257,0.012458113970733766,0.05809249660135538,1,4
0.03575678114100074,0.915292247404207,0.024278604938911312,0.007847765234501314,0.01682460128137981,1,4
0.11502820864373488,0.8046776461414954,0.007588292898182283,0.01137075706849489,0.06133509524809285,1,4
0.030874246432913203,0.8959284079233135,0.024907420394571608,0.009804845357849753,0.03848507989135228,1,4
0.08351389464935033,0.8665120929993937,0.018110556824310384,0.009348871914655802,0.02251458361228997,1,4
0.89965274958804,0.04693962749388428,0.020904601328080384,0.017377204709895223,0.015125816880099946,0,4
0.04284737884552012,0.8474550919931992,0.010128948852656507,0.011919636167681769,0.08764894414094282,1,4
0.11956149317271499,0.06951642425985427,0.05779677309413532,0.014473630526786895,0.7386516789465083,2,4
0.039429862118567714,0.8799237765312379,0.021245850442027744,0.008457852674439636,0.050942658233727296,1,4
0.036239117644630815,0.8475061110458224,0.017555566931150384,0.007018473245671808,0.09168073113272483,1,4
0.11909087980546446,0.6816154157701284,0.018131029559786408,0.010947656167980328,0.17021501869664032,1,4
0.05246971403524568,0.1678006679142566,0.009868166596167623,0.004546368307059253,0.7653150831472709,4,4
0.13499172182743124,0.06212758955699975,0.011741707963588217,0.009241165062234312,0.7818978155897464,4,4
0.36390441602676266,0.0836810512070848,0.01200034392075121,0.014153218293546188,0.5262609705518552,0,4
0.34203290305804074,0.11863234037551271,0.004825376681242973,0.01490467704654666,0.5196047028386573,1,4
0.08769991502862126,0.08731461703127195,0.005176303942252432,0.00906475553700105,0.8107444084608533,4,4
0.15411805298794468,0.17254736469761997,0.010867596388082401,0.012053450641142249,0.6504135352852108,4,4
0.05681295840614717,0.18801465832717654,0.010530705877665648,0.010456539740887534,0.7341851376481231,1,4
0.1266927806844866,0.11320124491123812,0.008118463337252683,0.006193582707573245,0.7457939283594491,4,4
0.0495588693655476,0.1400075825907445,0.012299882386931334,0.0057485480823640175,0.7923851175744122,4,4
0.3409825735527637,0.1638486983764317,0.011949672319530872,0.014752251925042748,0.4684668038262308,1,4
0.08158499359177528,0.11429937598767971,0.0110540511551729,0.00970484558503474,0.7833567336803374,4,4
0.4654314783911886,0.17536117644955726,0.01928057594776118,0.029649377766908777,0.3102773914445843,0,4
0.14711667071721457,0.07615141236648772,0.009334131005937985,0.011853669462296467,0.7555441164480635,4,4
0.13706859892551032,0.3106958013659296,0.00914679282177741,0.02550858612184743,0.5175802207649353,1,4
0.12398970989577131,0.10675636625650531,0.007346335617533388,0.010337712247234548,0.7515698759829555,4,4
0.19867340316257223,0.03628758436623347,0.00818636014909574,0.009542945100253405,0.7473097072218451,4,4
0.024866488383999387,0.2391574193880233,0.02038838641429914,0.009688271436463518,0.7058994343772148,4,4
0.19545132359421338,0.06417742160475476,0.007679967451764603,0.01565094024620323,0.7170403471030639,0,4
0.09304308428283344,0.07543408945795159,0.013941530976041106,0.0128717217219134,0.8047095735612604,4,4
0.05044470399387557,0.09457173858723832,0.009100408921328282,0.005157999605780313,0.840725148891778,4,4
0.07111750963638439,0.02121761410223419,0.006463050548054268,0.005675408777122792,0.8955264169362049,4,4
0.03380682239293686,0.11533371106131703,0.005604454830913186,0.0070886928808137194,0.8381663188340197,4,4
0.7027105955379287,0.07209043261722484,0.007041597057096981,0.028418356308253023,0.18973901847949654,0,4
0.053601112465844654,0.24661471230859702,0.010072748836086635,0.011302395955322508,0.6784090304341492,4,4
0.9047457628819215,0.027315465616128205,0.0074938196926707225,0.022566194617745217,0.03787875719153428,4,4
0.13768424384030492,0.05352552297468241,0.0051777142743934254,0.009409034660980297,0.7942034842496389,4,4
0.08141424036086592,0.045685073435795906,0.004953616783585424,0.008139426956421942,0.8598076424633304,4,4
0.016395997492922337,0.07820086545238134,0.007378726694008799,0.007057552252605276,0.8909668581080824,4,4
0.054570689960208724,0.19251675261261653,0.011631183763151129,0.014730840296905188,0.7265505333671183,4,4
0.19953288913897943,0.06762305090709902,0.010123686418009701,0.014812632449956585,0.7079077410859553,0,4
0.05211103826116486,0.2571960649056266,0.028822890436753176,0.01006980122419562,0.6518002051722596,1,4
0.03698370120154157,0.24247521735291055,0.02556644624484845,0.007518213912679074,0.6874564212880202,1,4
0.22988283300350407,0.07275169350303841,0.009377468218492079,0.016283224287995647,0.6717047809869697,0,4
0.04172791512053804,0.03995611822090252,0.006665581935763677,0.006106008442192777,0.905544376280603,4,4
0.1469172411420089,0.1125530972591438,0.006463989323371687,0.005972003532459456,0.7280936687430163,4,4
0.10435403059958344,0.08334464334258908,0.01783683352190515,0.011236932206710432,0.7832275603292117,2,4
0.10976349856575857,0.09162215267495631,0.013727818365962496,0.007451299616646588,0.777435230776676,4,4
0.04740680789726018,0.03306131834635643,0.044738981977305796,0.04246412982192725,0.8323287619571503,4,4
0.03346768983408751,0.08799761274578197,0.01794186671724264,0.04819437124375502,0.8123984594591329,4,4
0.09901623727722779,0.17150032448526534,0.011259974640871473,0.009073440118381817,0.7091500234782536,4,4
0.08167222834567785,0.0508761211260655,0.01041273818983375,0.008555284347587525,0.8484836279908355,4,4
0.030506676403084916,0.13885146243569782,0.010518146799057564,0.0059754316337840814,0.8141482827283757,4,4
0.0437758707943867,0.13580782304734582,0.005054191477760338,0.006782267487586064,0.8085798471929212,4,4
0.22460549718526293,0.06876002632206853,0.01115413969614959,0.014997977009814272,0.6804823597867045,0,4
0.0904499782085754,0.12049302265176809,0.01180255657721668,0.006721668972242151,0.7705327735901977,4,4
0.09577818296568906,0.09344494537514102,0.006414614467436695,0.01233683613383604,0.792025421057897,4,4
0.13155402048224255,0.10097484071086135,0.006372593313021074,0.013848325567458197,0.7472502199264173,4,4
0.20080018720968085,0.12005460428443195,0.010990087339149414,0.010861247493551475,0.6572938736731865,4,4
0.279176892347373,0.08748726132661203,0.007027849900012793,0.01687045756100587,0.6094375388649963,0,4
0.06520967310049355,0.053929297058991944,0.004327638685080787,0.00625717074041049,0.8702762204150234,4,4
0.13128047470192408,0.08946998349393571,0.01409271843149567,0.011598483623896946,0.7535583397487479,4,4
0.10144860410614909,0.09983807278525257,0.009606701645927532,0.011765876831002562,0.7773407446316679,4,4
0.7246851625771735,0.12009675758294482,0.016406173820566375,0.025595120767621143,0.11321678525169415,0,4
0.03546696266726402,0.021327492513422443,0.006017988557703079,0.0042223554824328225,0.9329652007791779,4,4
0.2216533179293158,0.16113325603457382,0.008051936338409163,0.00906036545946507,0.600101124238236,4,4
0.09275500445348733,0.07066069725950266,0.012192421688919299,0.008648216657864536,0.8157436599402258,4,4
0.1459797645214753,0.09100290609178863,0.019240385967433958,0.010025676416753847,0.7337512670025486,4,4
0.668444516817155,0.18529304869230978,0.015735363922480018,0.022464077574780292,0.10806299299327508,1,4
0.4734399439904316,0.16383431324292327,0.012104284823891654,0.016113192580424505,0.3345082653623288,1,4
0.11714286030455501,0.09207524504722106,0.009374001985619752,0.010494162582220391,0.7709137300803836,4,4
0.3645656684728674,0.06244673840736848,0.011577801147835205,0.011524357024867591,0.5498854349470611,4,4
0.3747996365893648,0.07422811009215856,0.012459931595638784,0.010436821672609104,0.5280755000502287,4,4
0.057863338770440816,0.1446753448128363,0.009749858909383131,0.0045026543853231415,0.7832088031220167,4,4
0.05218918316129459,0.06904047137778063,0.008082404328277717,0.011861624297248562,0.8588263168353978,4,4
0.0209823599573836,0.0483710672042114,0.005886484895204994,0.006453420558793244,0.9183066673844069,4,4
0.023953035959942817,0.05484556740323898,0.007217462528764339,0.009321544743907742,0.9046623893641464,4,4
0.3803595913048652,0.04239846423826639,0.005767763558159622,0.010696907530303234,0.5607772733684054,0,4
0.1473844253090839,0.0370926612928948,0.005787837096630215,0.00829601935422013,0.8014390569471712,4,4
0.03707701243730975,0.21573798792709076,0.0061311289236828095,0.009232070883961704,0.731821799827955,1,4
0.01394528945345567,0.1470806600556349,0.016135291782885978,0.00462245324705425,0.8182163054609691,4,4
0.018459635018869037,0.19184143373253348,0.02844962652359823,0.0076743476607537804,0.7535749570642452,4,4
0.22121176408683405,0.32055722737528075,0.011796251444164334,0.018966324990586453,0.4274684321031347,1,4
0.06313152139768505,0.15931538557076713,0.008348810288154622,0.00913424621429997,0.7600700365290933,4,4
0.06095202790924232,0.15645807238058868,0.007670541304933843,0.0072958177261330925,0.7676235406791014,4,4
0.11828507584813729,0.21653421531013656,0.02116739362713564,0.014346358002789179,0.6296669572118017,1,4
0.03353969171607099,0.07294098382964824,0.005027447588149616,0.004319255412039251,0.8841726214540921,4,4
0.056040342703787195,0.20550213473378448,0.016621249511200493,0.010220936058704845,0.711615336992523,4,4
0.16260683119474575,0.04741759208152412,0.005483750511696034,0.009007458350253706,0.7754843678617807,4,4
0.13307167098894496,0.0970526716709063,0.014930940894958904,0.009517255627211564,0.745427460817978,0,4
0.09226874333903187,0.08017457919167194,0.008133690911263196,0.006127416769971758,0.8132955697880614,4,4
0.12744921563266612,0.10755453716826677,0.009973057967057677,0.008883852217714193,0.7461393370142951,4,4
0.08208360756247379,0.059659054625347964,0.008951408996369689,0.009909975426143332,0.8393959533896652,4,4
0.2642712862967649,0.16554775189795384,0.016215389654762557,0.11895256085567579,0.4350130112948431,3,4
0.04988065668183045,0.0633684427508265,0.008062924370817539,0.03414523456051921,0.8445427416360063,4,4
0.15414067165543424,0.1031062993937933,0.015896221733317586,0.013298216873862298,0.7135585903435923,0,4
0.11932692242917729,0.058236205118043505,0.008014849395473776,0.010834858656290598,0.8035871644010144,4,4
0.23766748197444362,0.08492190912908998,0.0139314956140328,0.015659922947876243,0.6478191903345573,4,4
0.18713849939091579,0.0474018164963026,0.013116407705829742,0.007549818714235905,0.7447934576927161,4,4
0.2308015350025593,0.05939133526301743,0.014324533009702548,0.010122623912911338,0.6853599728118093,4,4
0.11833901817980619,0.03548498890493507,0.005598462178003241,0.009001231390384992,0.8315762993468704,4,4
0.03466518212471077,0.34949318600100054,0.015225944588833137,0.007501015222615237,0.5931146720628403,4,4
0.08144473224219034,0.09742674492287576,0.012347168305326253,0.006329825090039645,0.8024515294395682,4,4
0.05583444385412689,0.10282920906473908,0.011305041605300175,0.005822630359051992,0.824208675116782,4,4
0.07149308582559663,0.09755653711114562,0.012923349417289075,0.008534171940615811,0.8094928557053528,0,4
0.10275879659481965,0.29392534788098945,0.006484004031983396,0.015633767495025184,0.5811980839971826,1,4
0.03584424015039926,0.15611192336644597,0.0041732796092798325,0.008233248848663804,0.7956373080252113,4,4
0.15136253903475272,0.04490209234395711,0.008092918351673207,0.010377195251923115,0.7852652550176935,4,4
0.17379477650064448,0.3782569842534155,0.009283564499300295,0.014797150389546218,0.4238675243570934,1,4
0.0385463375038073,0.15924932750894505,0.006873959051929886,0.007113129481973791,0.788217246453344,4,4
0.03180202184968674,0.017223490965590855,0.006046634076753035,0.0034790297671617224,0.9414488233408076,4,4
0.028433850544734712,0.03622274241788091,0.007327735533603705,0.006207183046530283,0.9218084884572503,4,4
0.3044424780484592,0.33802890069082436,0.009308611726516192,0.013820166789441975,0.3343998427447582,0,4
0.7938276844747808,0.05432176979095388,0.007205359866510575,0.016626878315236706,0.12801830755251772,0,4
0.09340322327582458,0.1080127272604371,0.008706596031200841,0.011674736794432287,0.7782027166381051,4,4
0.21556474669728135,0.23948058044814494,0.012555677083288995,0.011858863568413,0.5205401322028714,4,4
0.050327905998600354,0.10459064861980467,0.004925121581312336,0.004954740299845209,0.8352015835004373,4,4
0.07047072800315198,0.13892639021480016,0.005717125748178046,0.007797728894130003,0.7770880271397397,4,4
0.10311018315700772,0.07304135603233007,0.008771474797642556,0.0069724574252816385,0.8081045285877383,4,4
0.05667869359864622,0.18027462173648576,0.00954531661675178,0.00688991143950254,0.7466114566086139,4,4
0.446588602299991,0.17658702909241317,0.006899317076053837,0.02964526631427638,0.3402797852172657,1,4
0.10885349467505033,0.11208471668871221,0.005626208673445774,0.011043898288027269,0.7623916816747643,4,4
0.06820437896923756,0.22848987490006087,0.006709778299651007,0.008566236111538563,0.6880297317195119,1,4
0.15493976903108755,0.4037975612615187,0.011724597136112814,0.01792739177587391,0.41161068079540675,1,4
0.5699379471452971,0.28943833405538577,0.013864010267182236,0.04146133069878616,0.08529837783334848,1,4
0.05837756795532836,0.18961551668502735,0.00834326000546989,0.017517162497538947,0.7261464928566357,4,4
0.04189941651208017,0.22384801739679785,0.006938574020695187,0.008057845549439202,0.7192561465209873,4,4
0.07366994398851481,0.3163471350513007,0.007287553611146216,0.008400562897546105,0.5942948044514923,4,4
0.172004586552628,0.08910424333891277,0.01005231464571897,0.05349613801229742,0.6753427174504433,4,4
0.323922777401613,0.13200689359502724,0.00982972221102991,0.015086390823638074,0.5191542159686915,0,4
0.08178612929079233,0.06487978099910185,0.00796658057844805,0.008263450873118996,0.8371040582585385,4,4
0.02021417430234345,0.17043338963800542,0.007955173555282101,0.005395787972433019,0.7960014745319359,4,4
0.07262957535025312,0.11915018970244273,0.009571899911350466,0.010040067763253908,0.7886082672727,4,4
0.2151805789886594,0.4177084804779655,0.008081882481997033,0.025620187654162123,0.33340887039721606,1,4
0.27765908574467735,0.13784255034210194,0.013634880409616528,0.01947393997012275,0.5513895435334812,1,4
0.7561135400590118,0.04300991180732248,0.012734066742631075,0.021976554592767643,0.16616592679826708,0,4
0.03927757311755523,0.018323850756822482,0.008138029003625083,0.006146710613204534,0.928113836508793,4,4
0.20428540383758906,0.579353938443948,0.013071810877887627,0.023641550251788355,0.17964729658878711,1,4
0.03175694710501535,0.03501145781929606,0.00588821520032378,0.029763752593671908,0.8975796272816932,4,4
0.08827629896416048,0.030102770908469623,0.004210999918988254,0.007475754996294577,0.8699341752120873,4,4
0.22004748838329174,0.36168899129608173,0.016211638149543482,0.01624503120165288,0.38580685096942996,4,4
0.18536323570903937,0.3348609627999191,0.015900438355142394,0.015763734469328983,0.44811162866656995,4,4
0.12210616984351319,0.29145002027387973,0.015064389922207091,0.014005699145918895,0.5573737208144813,4,4
0.4105430299931116,0.2394987022356941,0.009975243826864724,0.01847893117195947,0.32150409277236985,1,4
0.15909626439852428,0.40039204058831074,0.011025838786559548,0.021740380479425427,0.40774547574718006,1,4
0.02921225541363908,0.1602374116860038,0.004521124339052587,0.005420057358246656,0.8006091512030579,4,4
0.07273985366127403,0.23875573428172753,0.013390710610841194,0.008274354899089079,0.6668393465470682,4,4
0.0325829878618002,0.14987002171697933,0.00829017344322425,0.0055785362257038335,0.8036782807522922,1,4
0.10357548609108357,0.07517275146718971,0.009743702679036317,0.006123828266322998,0.805384231496367,4,4
0.04114832087595338,0.2979639631318535,0.07222588443430765,0.011438623709427866,0.5772232078484573,2,4
0.03855031530110213,0.2582193309023888,0.06510879286223645,0.010211748763793266,0.6279098121704794,4,4
0.06528312938003664,0.14643720535157942,0.015704623993256672,0.010490248171780481,0.7620847931033471,4,4
0.07761187809445753,0.13738303040152808,0.015604655668931221,0.010412568377668557,0.7589878674574143,4,4
0.04977626741670042,0.275131735377347,0.009497881454073393,0.010402376099453235,0.6551917396524262,4,4
0.07386407681497405,0.1363566022556853,0.005684280737841293,0.006199402290457906,0.7778956379010418,4,4
0.03547529396528106,0.28840859781285594,0.01592053695419031,0.008144545267835663,0.6520510259998367,4,4
0.04769005061606756,0.23305949798351516,0.018064390727990477,0.007114983304490286,0.6940710773679368,4,4
0.0369850239320186,0.11576898482211137,0.01118513898668798,0.006509125316459598,0.8295517269427226,4,4
0.09276291121513926,0.6953920069655657,0.027530522155894424,0.007594997797004509,0.17671956186639579,4,4
0.09374403426395628,0.7454983124035823,0.02609956603985227,0.008525452884390628,0.12613263440821856,4,4
0.011537458683482897,0.9292941614555393,0.018080667021971534,0.009838122057073316,0.031249590781932995,4,4
0.0734490438521484,0.8348758037996019,0.016301470365150988,0.015951699447727837,0.05942198253537109,4,4
0.046021175634966334,0.8363289065867622,0.02631517671951484,0.013137357162302871,0.07819738389645399,1,4
0.05538774780107525,0.10988174586037941,0.011119093987254216,0.02828738085935862,0.7953240314919324,0,4
0.03923413286556799,0.6954599093541012,0.013939378827311099,0.007191934230171241,0.24417464472284806,1,4
0.040795269170244536,0.7429378548911721,0.018539524373005052,0.010777743054227976,0.18694960851135076,1,4
0.058435978399155125,0.5356704856767444,0.011262449959813845,0.00625601472707161,0.38837507123721504,1,4
0.06947454378717562,0.4397019333315472,0.014149895089583834,0.008974374048658052,0.4676992537430356,1,4
0.07936121069113732,0.09524627660114622,0.028074631043951498,0.008731015836339048,0.788586865827426,4,4
0.0532133070637574,0.10638089401165605,0.013348115419698624,0.011924794379552513,0.8151328891253357,4,4
0.05618673328892382,0.879131303694348,0.014541444945678175,0.012789304735611668,0.03735121333543891,4,4
0.027337889125937903,0.9074015257080221,0.0046901545939410485,0.00537720443037867,0.05519322614172017,1,4
0.021059086805193562,0.4655694696745847,0.010136371963471488,0.003919842837638824,0.49931522871911144,1,4
0.059353454094734456,0.6204132055501166,0.005934055175592999,0.013911991275346133,0.3003872939042098,4,4
0.08633321362155263,0.866846645182683,0.01553690430735371,0.0090593520849417,0.02222388480346882,1,4
0.09881793390467075,0.8276759657840705,0.013765691546345776,0.010989244807634095,0.048751163957279124,1,4
0.06303182095595325,0.8345441821193541,0.011138108330709611,0.012894991284950766,0.07839089730903254,1,4
0.04326289105136461,0.8568794867527395,0.018189781890989652,0.007550001101531464,0.07411783920337477,1,4
0.04545210653883919,0.8267434249767681,0.020629070050264795,0.007633631272561256,0.09954176716156621,1,4
0.10098010623518527,0.8444142430954955,0.019932331025573943,0.013835909562708302,0.020837410081037056,2,4
0.7602861054265717,0.12319575921585826,0.034122006678131526,0.02011945154848328,0.062276677130955485,0,4
0.7770424599102815,0.11820206131969901,0.03286695198244313,0.02035742153893792,0.051531105248638374,0,4
0.6679925208784566,0.2746535881973105,0.015655954834751195,0.017416123413764157,0.024281812675717624,0,4
0.09027850563109509,0.23111540659376478,0.01406553168248756,0.006481435329059003,0.6580591207635932,4,4
0.059223443454531684,0.08503051708125348,0.0893415969365381,0.009008386272770758,0.7573960562549061,1,4
0.0434311722066963,0.071872475449484,0.07646836168191018,0.00706382744540995,0.8011641632164993,4,4
0.13206035435502955,0.027433553193400115,0.010170073343032802,0.007237642712034602,0.8230983763965031,4,4
0.06636510010386067,0.17163748884837446,0.014335107697852073,0.0119505983090501,0.7357117050408626,1,4
0.054327619087621584,0.1269652768661139,0.010465817005809274,0.009638382406655458,0.7986029046337999,4,4
0.08653813602065318,0.14819027855002365,0.01491399403756119,0.008854752532137262,0.7415028388596248,4,4
0.09741016387825525,0.09507247936214075,0.010192350399766448,0.007551111878560128,0.7897738944812773,1,4
0.3923520920253084,0.13379641117009614,0.019209158459448476,0.02102350789368389,0.43361883045146343,0,4
0.26285254976086597,0.06100065169726822,0.008583616296669651,0.009664642691791767,0.6578985395534045,4,4
0.17876285306732734,0.07083638732503325,0.008684422254359555,0.011957416542210535,0.7297589208110694,4,4
0.06767337373572437,0.19226311891949488,0.008745345112289967,0.007319208580618443,0.7239989536518725,1,4
0.2278770062248791,0.16378184615160576,0.014814659830511643,0.010026128719358672,0.583500359073645,1,4
0.03158411233002151,0.13774433442327275,0.0038542251211690234,0.004332346405066246,0.8224849817204701,4,4
0.17213496348544177,0.23882256154161324,0.013941150251056297,0.021263664809489966,0.553837659912399,1,4
0.06413897799439175,0.12843093498883765,0.005503684962292317,0.008221137296758193,0.7937052647577197,4,4
0.01911114108299624,0.12812356759941962,0.01145713254654322,0.004965356485359188,0.8363428022856816,4,4
0.19557247633112154,0.05084024479388317,0.0072301276234308706,0.008359422390243062,0.7379977288613215,4,4
0.087519252717086,0.03799767800973304,0.005956983521854022,0.005449602404597002,0.8630764833467295,4,4
0.06179723588340306,0.03851878782929148,0.004923816025874161,0.009327194973730604,0.8854329652877007,4,4
0.06551823556361888,0.38521508412278194,0.021175723033523625,0.008487593920250072,0.5196033633598253,4,4
0.05762031534217274,0.4365589482525991,0.022458740221608493,0.007934497767610757,0.47542749841600923,4,4
0.05892633463384339,0.0664470241563149,0.005583713960788331,0.004770334278955369,0.8642725929700977,4,4
0.029737601023776723,0.08188969655428041,0.005960234449846481,0.006172450595093764,0.8762400173770025,4,4
0.01281179664067357,0.06364821645574616,0.0048226395575261425,0.0052480141142205615,0.9134693332318331,4,4
0.05139924570539021,0.20170113917704008,0.01327434705162725,0.010404089912581302,0.7232211781533613,4,4
0.06328607290026454,0.04416193192974769,0.008037784836423848,0.009754085810484179,0.8747601245230797,4,4
0.04592372930728373,0.12414176273640296,0.008393383335488372,0.004082409545364335,0.8174587150754605,1,4
0.057975099678676235,0.136712953395192,0.01079228684839966,0.005860414429707127,0.788659245648025,4,4
0.13317550167208744,0.12605073280773574,0.008093269117836081,0.005626270727588319,0.7270542256747526,4,4
0.09286624387919276,0.07227884875529979,0.01735752753922673,0.01923297050317106,0.7982644093231099,4,4
0.11939053463908811,0.089169519357197,0.048617403162440724,0.009972226432103035,0.732850316409171,4,4
0.0295274779187094,0.2034763908467713,0.013422634833945655,0.004985895115892194,0.7485876012846812,4,4
0.12642653517427274,0.13957404202842344,0.019318854426849077,0.009864042480015307,0.7048165258904395,0,4
0.040060343955468834,0.11625365788241084,0.01843341024572454,0.044823794195060836,0.7804287937213354,4,4
0.2632494550235895,0.29468996417630666,0.024168252898713095,0.02845132176440972,0.38944100613698085,1,4
0.06434036314283195,0.11412879230238775,0.009378968562136967,0.007981226344119503,0.804170649648524,4,4
0.10445160799583274,0.14042803183971017,0.010748145690347282,0.004918705824297369,0.7394535086498123,4,4
0.14381029809404797,0.16164228746259757,0.006446533350472276,0.010891344743922214,0.67720953634896,1,4
0.3174218248607582,0.3022853054562012,0.013789745496385118,0.030302615364695418,0.33620050882195984,1,4
0.0852409854839112,0.16623066399806705,0.01747561714710012,0.011857480398668924,0.7191952529722527,4,4
0.05136475799313889,0.0941465072766823,0.010750946431465638,0.005765647005124608,0.8379721412935889,4,4
0.07073491194013695,0.25321182248560126,0.006053461529036402,0.007337924848448532,0.6626618791967769,4,4
0.06022321665684713,0.21899856813877208,0.0051176396137242635,0.005177932716212249,0.7104826428744445,4,4
0.0631696876796865,0.26453708964687994,0.00577515935589404,0.007442547391547069,0.6590755159259922,4,4
0.07251269831217896,0.08511640543206178,0.005586966964984196,0.004548075399612366,0.8322358538911625,4,4
0.1099207699151193,0.13196771228378235,0.005406366190193665,0.00821663906330564,0.744488512547599,0,4
0.2786485927881024,0.24834322358679325,0.010401880809191012,0.017901561931188237,0.44470474088472506,0,4
0.05457630470482551,0.11087348786193246,0.004435818782936917,0.007879083602106547,0.8222353050481984,4,4
0.08851858219483334,0.027238350003378074,0.007507624800897343,0.00657625250209439,0.8701591904987969,4,4
0.07012554318730926,0.1002267217328146,0.014220579198838788,0.004768776335481658,0.8106583795455559,4,4
0.21932461679778625,0.06698692763660523,0.010827516367958806,0.010597621519444432,0.6922633176782055,4,4
0.04534790947728407,0.19823257486542017,0.01040440814363768,0.00881346539542149,0.7372016421182367,1,4
0.02558904790960909,0.1408484606255638,0.007479769139535271,0.005658034721493592,0.8204246876037982,4,4
0.027907378168063067,0.18442236423978237,0.011684995811258227,0.0064256831551005094,0.7695595786257958,4,4
0.12387935182687101,0.0686666471499837,0.007028257667267086,0.006144998097452862,0.7942807452584255,4,4
0.27575155490777575,0.11514641558851642,0.009785470983267777,0.009548657122109573,0.5897679013983304,1,4
0.1907568724809268,0.41524938370206277,0.025045669373143703,0.028804702782551594,0.3401433716613149,1,4
0.03247936287885778,0.16472681130042233,0.0074898775129475905,0.006590153586667778,0.7887137947211046,4,4
0.04021171432996706,0.26341246614207897,0.011564682913716316,0.0055981196012538465,0.6792130170129838,1,4
0.031700205464013975,0.17758932366330726,0.009523508561695643,0.004328420635274602,0.7768585416757086,4,4
0.30535888566777364,0.06483548104916444,0.008207983072662043,0.013268833056653792,0.6083288171537459,4,4
0.10473515693051896,0.08995148538492627,0.005732661645618975,0.009025280591071666,0.790555415447864,4,4
0.17831804650546262,0.11310176934143194,0.01924919029668921,0.010169583630775556,0.6791614102256404,4,4
0.1874531809000338,0.10547922737822636,0.020069697995061385,0.009714141161780139,0.6772837525648981,4,4
0.24055170783228494,0.04430739676826351,0.0052926620844663775,0.007778557227512178,0.702069676087473,4,4
0.3566756284713757,0.17913681806474446,0.018414439349049027,0.015688517663074435,0.43008459645175634,0,4
0.08410006590044986,0.16983007236728864,0.051742345414289286,0.008102020531106294,0.6862254957868659,2,4
0.2826798913067549,0.0789507256493856,0.010644910246433307,0.011640841849067229,0.616083630948359,4,4
0.10183132349935191,0.059837514391856216,0.006181637808245794,0.006268489069705853,0.8258810352308404,4,4
0.1869774104559548,0.07543557759433082,0.008956273884460485,0.013881099519429275,0.7147496385458245,4,4
0.10780300612729862,0.07019912780882384,0.003730763873498361,0.008395422939972636,0.8098716792504063,4,4
0.211250552488359,0.11551161962160275,0.009568500437887142,0.013202071660885587,0.6504672557912655,0,4
0.10585014346307053,0.08058564745326295,0.008132506801820306,0.009461238084857817,0.7959704641969885,4,4
0.14819254991049607,0.05593295411474257,0.00829615835184276,0.008583148078987855,0.7789951895439305,4,4
0.03785499491450448,0.06457084339390252,0.006120809471318317,0.006717994322958902,0.8847353578973158,0,4
0.13193968837113834,0.0651912380420631,0.01596157753595615,0.011399773589775447,0.7755077224610673,4,4
0.03629665791568428,0.24293558032848653,0.01372179069906694,0.005525454469100338,0.7015205165876623,4,4
0.039397540131456014,0.20164528530631848,0.013803029216607313,0.0048406128628769515,0.7403135324827411,4,4
0.04492330735027103,0.14402922715475638,0.011431989932636407,0.006321801911960988,0.7932936736503752,4,4
0.033522266797634495,0.08608357875689143,0.0038064651432767765,0.003915565478473175,0.8726721238237244,4,4
0.04311074699522554,0.21204416361889014,0.019774255022318263,0.008936833846984281,0.7161340005165817,1,4
0.031104710142281482,0.12689373170307358,0.014189721917362433,0.005424820602142054,0.8223870156351405,4,4
0.11107363131616874,0.05403114282893535,0.007232252791247386,0.006470103958823429,0.821192869104825,4,4
0.6411057087307901,0.04272262384013064,0.011149380970913158,0.018328810416188456,0.28669347604197754,0,4
0.10593467413620977,0.08246813852886979,0.0081204006925997,0.007695127221669514,0.7957816594206513,4,4
0.3275004881538972,0.20918347434405252,0.01199021517745875,0.02892065038723961,0.4224051719373519,0,4
0.060819732126166974,0.09764795078313601,0.008653513167676248,0.009299196038702532,0.8235796078843182,4,4
0.04008571451561123,0.08579051969227101,0.008781267087217381,0.010107967550630242,0.8552345311542701,4,4
0.20821863826672546,0.06829728808796762,0.009621483429879766,0.01220716469882372,0.7016554255166036,0,4
0.40439932608778095,0.07998226173811981,0.019343323249012813,0.012850048534897598,0.48342504039018874,0,4
0.03133305849655124,0.27798524707811567,0.016394850897660167,0.0065118523516041115,0.6677749911760688,4,4
0.039021795467883695,0.07604867444202314,0.010358413245481979,0.00752494728543567,0.8670461695591751,4,4
0.04664985983074785,0.20321865518601998,0.0033403882889626456,0.007187046614635702,0.7396040500796339,4,4
0.057442453225112426,0.2100216804854376,0.011047639335247994,0.010901774009819353,0.7105864529443826,4,4
0.12303769166427238,0.10099971468200528,0.012784658571139616,0.009615563318418743,0.753562371764164,4,4
0.02289365807811219,0.13778319374181197,0.005368953724924115,0.0048628379841340295,0.8290913564710176,4,4
0.8264850784080096,0.06350709543775714,0.015217772943951479,0.01664585849531017,0.07814419471497161,0,4
0.24720434850459552,0.07935457488700633,0.008835056663421872,0.008764489711305917,0.6558415302336701,0,4
0.18558101986516656,0.4225621211835719,0.025055974315484255,0.026435252698440763,0.34036563193733654,1,4
0.4422875198819502,0.11538951355509094,0.010484703202481259,0.019288779318536932,0.4125494840419404,0,4
0.09930027199081107,0.14215044975293417,0.0058257347755452365,0.0036411674474548473,0.7490823760332544,4,4
0.26244201234658776,0.03566037033418567,0.008284868673402475,0.00694655348916881,0.6866661951566554,4,4
0.24973989321598375,0.03567716772481556,0.008780190489863324,0.007573858590328183,0.698228889979009,4,4
0.039878923595062836,0.0776037545035511,0.012074935561106668,0.007398438570820458,0.8630439477694585,4,4
0.10893102457829941,0.11256782614777153,0.011770435813327101,0.012199335501026488,0.7545313779595756,4,4
0.04765858282154321,0.13228472417713733,0.00462677641657122,0.006398102378192653,0.8090318142065556,4,4
0.049301964289831995,0.2025829715033407,0.012039084547770494,0.0074879575324852095,0.7285880221265715,4,4
0.04781136777524399,0.14519328993617278,0.004019911252868486,0.006390687318419882,0.7965847437172947,4,4
0.028672849916286696,0.17166558203103463,0.003722813027204583,0.007935131661622942,0.7880036233638511,4,4
0.03640195994383505,0.06112000278394988,0.007593953645678693,0.021184060597000853,0.8737000230295355,4,4
0.38268864154817833,0.045587548481795435,0.007197109485650494,0.011929254908462526,0.552597445575913,0,4
0.048617814756511404,0.04005285907301171,0.0041808888261639565,0.006041077449846778,0.901107359894466,4,4
0.06774665612542519,0.1996746179546207,0.008622540637619885,0.00903075105678058,0.7149254342255535,4,4
0.028578769148957163,0.2531333439398058,0.003898606108914336,0.007790247953673287,0.7065990328486496,4,4
0.024143671838534723,0.21257868326696466,0.0037259785715818045,0.007031783401874078,0.7525198829210448,4,4
0.11534637621249949,0.14462041525086006,0.006856263365330582,0.009458204951719371,0.7237187402195903,4,4
0.11639985008541329,0.14371195971629133,0.0066928792263537635,0.015868560803784064,0.717326750168158,4,4
0.017917860464629624,0.1759407561158731,0.005831739508129654,0.004790108298384251,0.7955195356129833,4,4
0.053561151965113615,0.19973481463015158,0.00743091066995383,0.013059635135099633,0.7262134875996815,4,4
0.0451089187285034,0.16606888355791524,0.0070445456273655754,0.01298879046186596,0.7687888616243502,4,4
0.14367168857747456,0.050015566003152136,0.009549293487423128,0.04118155226211655,0.7555818996698336,3,4
0.03998644242242052,0.09338912355525385,0.006486363425122785,0.009049280360886163,0.8510887902363165,4,4
0.03470046313091171,0.0844230173120632,0.00701046774905862,0.008106507350156365,0.8657595444578102,4,4
0.15152256301108888,0.2455410911925942,0.011628304939919407,0.009610651837648492,0.581697389018749,1,4
0.04148926968359145,0.16859103921940458,0.007849213566577484,0.007190284914828611,0.7748801926155976,4,4
0.015690696634529284,0.11290168979017506,0.007383565450905396,0.005779503272875397,0.858244544851515,4,4
0.07797372205366312,0.041446946996324265,0.005478108014696534,0.011214243234142206,0.8638869797011736,4,4
0.21001184451163243,0.13427339185396625,0.00915334859850482,0.01629418068242057,0.6302672343534759,1,4
0.3910127222197874,0.20579395515776366,0.015650625692156885,0.02987365490292022,0.357669042027372,1,4
0.14551258290977975,0.49093258261151423,0.021835175611953486,0.02934588643303884,0.3123737724337136,1,4
0.12411561344266078,0.3403084484999547,0.013491518239159055,0.017181327049639938,0.504903092768586,1,4
0.1266583916716607,0.15282962073797668,0.011943488074570028,0.013123983564876176,0.6954445159509163,4,4
0.05825991789124863,0.21912453205844917,0.004608293923866112,0.005000155628428155,0.7130071004980079,4,4
0.00579124669934341,0.026287800409956236,0.0029981584432681365,0.002593079390481085,0.9623297150569512,4,4
0.2337623550152706,0.07775067301602591,0.006667553789381316,0.013163081709986257,0.6686563364693358,0,4
0.05937040327618547,0.15907182804970837,0.014624841770593087,0.007384368708835786,0.7595485581946773,4,4
0.046879808344401426,0.19743225007775375,0.01249070933582841,0.00996551896146175,0.7332317132805547,4,4
0.04747838557972333,0.11198185220732307,0.013974910629658473,0.007540063366571945,0.8190247882167233,4,4
0.14107402386833245,0.1365053780141892,0.01459647660877653,0.011480350619353943,0.696343770889348,0,4
0.04705800232648557,0.18597042489704224,0.018501525385606208,0.00933297387633799,0.7391370735145281,1,4
0.07863907511189466,0.06228316719089417,0.029518968463448342,0.007666335018245349,0.8218924542155174,4,4
0.08330116921226288,0.13999191864069338,0.005921461328214286,0.005851104888720091,0.7649343459301093,4,4
0.04439294065052268,0.5382447826668408,0.017801245658295193,0.003788471934557517,0.39577255908978354,4,4
0.03505650503086884,0.20598461383370648,0.016614127381464623,0.009664954797670232,0.7326797989562897,4,4
0.0553617833424775,0.14715054756316298,0.017644096961547295,0.012126756339023721,0.7677168157937885,0,4
0.06967023471581141,0.5994622427897915,0.025923794866323253,0.006519370745990416,0.29842435688208346,4,4
0.035319871849324135,0.8778219561958587,0.019354036118691974,0.010018611901894006,0.05748552393423096,4,4
0.05349586125254668,0.6696410496124235,0.017852579701802384,0.011750959349638043,0.2472595500835894,1,4
0.08832817194336745,0.125829235551908,0.014856331141281747,0.0339554692768129,0.73703079208663,4,4
0.03166131226303332,0.7673032302694415,0.02106514793912028,0.007738826532388867,0.17223148299601634,1,4
0.487867231717243,0.29932182212941183,0.02788733690692708,0.02931417806204892,0.15560943118436937,4,4
0.47551161122176977,0.2688503001908204,0.02931718234877881,0.02900353363640611,0.1973173726022248,4,4
0.024869514864143842,0.9155617477203405,0.010634012905769765,0.0076140918621669445,0.0413206326475791,4,4
0.05929715731077314,0.8032856900453487,0.025099213633901957,0.008170619103479673,0.10414731990649642,4,4
0.01622904437651068,0.6583190237376235,0.010612544203507572,0.004416874267400448,0.31042251341495786,1,4
0.0725880061328912,0.19932579838169392,0.0427786910249961,0.007369256633718514,0.6779382478267002,2,4
0.05603082569241704,0.8045831038779558,0.022799339045698093,0.012484529726100212,0.10410220165782885,1,4
0.14412632703387698,0.2672304442751318,0.009197578628618568,0.013442414490346508,0.566003235572026,1,4
0.23799671238631337,0.4119510004717405,0.022440554470219552,0.037891202435912784,0.2897205302358137,1,4
0.7416810872366488,0.09730367378303179,0.12432643561300213,0.019654255487607283,0.017034547879709684,0,4
0.10984215562627295,0.7458703995854599,0.06054233332961866,0.010622234362958546,0.07312287709568982,1,4
0.08601138391446131,0.8630676270301365,0.02486407585948376,0.008878698369418552,0.017178214826500074,1,4
0.0910707420488498,0.8567672841140337,0.02309547276321474,0.010088782332102855,0.01897771874179933,1,4
0.05124220731440247,0.8538243828971676,0.0743968263247583,0.008191057409318164,0.012345526054353632,1,4
0.14212479970942654,0.07697285141138706,0.056889489968194824,0.014414555548957254,0.7095983033620343,2,4
0.12107408263247131,0.10235114973566543,0.021772712656293453,0.01008349062845527,0.7447185643471147,0,4
0.12695711868000098,0.7088228753092173,0.024043552603326947,0.013742141431527919,0.12643431197592692,1,4
0.08559098657249099,0.8170354044575484,0.05791998999780761,0.008976684259339594,0.030476934712813163,1,4
0.8607859013204276,0.06485659285446188,0.034449056754074815,0.017990857819477322,0.02191759125155834,0,4
0.06098381108946107,0.7522942305655501,0.021891396534034054,0.01272616796567475,0.1521043938452802,1,4
0.06478573510524865,0.6902689563711154,0.018758038265806833,0.011231059266387004,0.21495621099144205,0,4
