trip_id,origin,originX,originY,destination,destinationX,destinationY,purpose,person_id,distance,time_auto,time_bus,time_train,time_tram_metro,mode,departure_time,departure_time_return,coordx_hh,coordy_hh,school_zone,coordx_sch,coordy_sch,household_zone,household car,job_zone,coordx_job,coordy_job,age,gender,employment,driving license,income
1,307,4458333.0,5401478.0,150,4454201.5,5403652.0,HBW,4,5.6593476562500005,7.731978861490885,25.601961666666668,166.66666666666666,166.66666666666666,bicycle,654,804.0,4459357.5,5404594.5,3490,4466840.5,5333328.5,224,1,208,4458584.5,5403139.0,35,1,1,True,24900
3,307,4458333.0,5401478.0,62,4440785.0,5422935.0,HBW,5,35.8358046875,31.491703287760416,132.35271,166.66666666666666,166.66666666666666,bicycle,560,759.0,4459635.5,5404950.5,38,4416457.0,5385187.0,217,1,165,4456029.5,5405334.5,34,2,1,False,15756
5,217,4459635.5,5404950.5,210,4458134.0,5402398.5,HBW,11,3.7057646484375,4.7559972127278645,29.82395,166.66666666666666,166.66666666666666,bicycle,566,1082.0,4456909.5,5404174.5,4588,4476952.5,5305155.0,175,0,345,4459782.0,5400204.0,38,1,1,True,16188
10,97,4446857.5,5403459.0,104,4446521.5,5409711.5,HBW,35,7.1937324218750005,8.885196940104166,277.2063166666667,166.66666666666666,166.66666666666666,autoDriver,439,1033.0,4447776.0,5404714.0,2418,4420226.0,5326492.5,98,1,346,4460757.0,5401208.5,26,2,1,True,62976
12,97,4446857.5,5403459.0,133,4454594.0,5405640.0,HBW,36,9.7155654296875,10.846780395507812,71.43400833333334,166.66666666666666,166.66666666666666,autoDriver,365,937.0,4456444.5,5406434.5,449,4412426.5,5375911.5,140,1,140,4456697.5,5405594.0,29,1,1,True,64620
13,219,4460105.5,5405390.5,348,4461383.0,5400711.5,HBW,37,8.07601708984375,8.403016662597656,31.000765,166.66666666666666,166.66666666666666,bicycle,449,1110.0,4459260.0,5403390.0,3695,4469422.5,5331735.5,234,0,331,4455966.5,5397096.0,45,1,1,True,18408
20,254,4462704.5,5403608.0,1213,4481626.5,5365813.0,HBW,67,56.498171875,41.494771321614586,107.07183333333334,166.66666666666666,166.66666666666666,autoDriver,396,731.0,4455034.5,5403942.0,1581,4474798.5,5353037.5,152,0,253,4461551.0,5401820.5,61,2,1,True,7764
22,101,4452093.5,5402188.0,127,4453418.5,5407541.0,HBW,70,6.8171953125,8.716914876302083,166.66666666666666,166.66666666666666,166.66666666666666,autoDriver,392,699.0,4456652.5,5403668.0,1074,4431066.0,5344851.5,182,0,308,4458717.0,5401331.5,46,1,1,True,13968
23,148,4454194.0,5404034.0,250,4461209.0,5402519.0,HBW,72,7.968109375,10.385831705729167,41.16307,166.66666666666666,166.66666666666666,autoDriver,401,942.0,4456456.5,5404915.5,1319,4446216.5,5338439.5,142,0,211,4458475.0,5402320.5,33,2,1,True,24528
25,148,4454194.0,5404034.0,346,4461051.5,5400922.0,HBW,73,8.24019921875,11.201010131835938,36.249966666666666,166.66666666666666,166.66666666666666,autoDriver,452,1149.0,4456712.0,5407911.5,1321,4449318.0,5341578.0,138,2,184,4457622.5,5404833.5,24,1,1,True,13920
27,205,4457932.5,5403233.5,231,4459172.0,5403989.0,HBW,74,2.2755378417968752,3.537678527832031,7.596860833333333,166.66666666666666,166.66666666666666,walk,468,1033.0,4454585.5,5403703.5,4549,4463687.0,5309696.0,149,0,176,4455843.5,5404093.5,34,1,1,False,16200
30,340,4459732.0,5401117.0,308,4458636.5,5401516.0,HBW,79,1.672876953125,2.6907808939615885,1.7125206666666666,166.66666666666666,166.66666666666666,bus,720,1318.0,4458244.5,5403480.0,1308,4452017.5,5343078.5,198,1,347,4461513.0,5401573.5,59,2,1,True,24288
33,244,4460131.0,5402671.5,195,4457867.0,5403423.5,HBW,84,3.60026416015625,5.209860229492188,15.104716666666668,14.65952,166.66666666666666,train,425,1080.0,4455072.0,5403340.0,3814,4473599.0,5334252.0,154,0,144,4457278.0,5405323.5,49,1,1,True,15984
34,315,4458273.0,5400741.5,346,4461147.5,5401156.5,HBW,100,3.9407333984375,6.0391693115234375,16.508558333333333,166.66666666666666,166.66666666666666,autoDriver,389,921.0,4460195.5,5403740.0,2054,4536602.0,5389760.0,236,1,346,4461206.5,5400939.0,56,1,1,True,20424
35,315,4458273.0,5400741.5,327,4453765.0,5398415.0,HBW,101,9.0492255859375,9.255877685546874,40.75595,166.66666666666666,166.66666666666666,autoDriver,461,1113.0,4457115.5,5400985.5,2230,4533772.5,5387332.0,297,0,184,4457325.5,5404596.5,56,2,1,True,12612
36,349,4458861.0,5399781.5,324,4458681.0,5400025.5,HBW,105,1.8293101806640624,2.840826924641927,27.146986666666663,166.66666666666666,166.66666666666666,walk,482,987.0,4459875.0,5400372.5,2564,4451086.0,5335179.0,345,1,348,4463475.5,5402807.5,40,1,1,True,26772
38,245,4458908.5,5402192.5,39,4428105.0,5400256.5,HBW,114,35.49829296875,34.35000406901042,166.66666666666666,166.66666666666666,166.66666666666666,autoDriver,1225,340.0,4458001.0,5400565.0,1430,4460063.5,5342235.0,312,0,210,4458063.5,5402470.0,30,2,1,True,20172
40,242,4461848.5,5404059.0,399,4470622.5,5399917.0,HBW,123,18.10130078125,15.418772379557293,37.17976,19.40835,166.66666666666666,train,567,1086.0,4459755.5,5405362.0,4150,4472713.0,5330110.5,218,0,345,4459733.5,5400132.0,45,2,1,True,15852
41,324,4458471.0,5400071.0,244,4459691.0,5402794.5,HBW,124,4.983409667968751,7.3627685546874995,26.6683,166.66666666666666,166.66666666666666,bus,416,609.0,4458508.5,5404509.5,2781,4463637.0,5335663.0,189,1,318,4458474.5,5400413.0,37,1,1,True,41712
42,336,4457812.5,5397977.5,99,4451879.5,5402609.5,HBW,128,12.724548828125,15.566316731770833,48.79236166666667,166.66666666666666,166.66666666666666,autoDriver,743,83.0,4459409.5,5401827.0,1781,4468830.0,5340984.5,248,0,211,4458841.0,5402416.5,49,1,1,True,34608
43,336,4457812.5,5397977.5,205,4457906.0,5403402.5,HBW,129,6.5068383789062505,8.79569600423177,20.385175,166.66666666666666,166.66666666666666,autoDriver,483,1005.0,4454828.5,5403977.0,3069,4462414.5,5328884.5,149,0,143,4457171.5,5405001.5,46,2,1,True,1464
44,336,4457812.5,5397977.5,339,4459289.375507409,5401550.114404408,HBW,131,4.88858154296875,7.69056396484375,42.74221666666666,166.66666666666666,166.66666666666666,autoDriver,516,1042.0,4458454.5,5401030.5,3985,4465565.0,5329203.5,310,1,239,4460916.0,5405727.5,20,2,3,True,0
46,313,4457416.0,5400239.0,7,4426097.5,5416253.0,HBW,132,48.94615234375,48.52064615885416,344.1929666666667,166.66666666666666,166.66666666666666,autoDriver,617,1211.0,4458601.5,5401041.5,2874,4462371.0,5333121.5,310,1,187,4457705.0,5404436.5,38,1,1,True,58284
47,313,4457416.0,5400239.0,346,4461117.5,5400920.0,HBW,133,5.2832451171875,8.23714345296224,28.203648333333334,166.66666666666666,166.66666666666666,autoDriver,604,1203.0,4456558.5,5408159.0,3007,4461444.0,5330760.5,134,1,253,4461487.0,5401866.5,39,2,1,True,42840
48,340,4459734.0,5401593.5,399,4470870.0,5399535.0,HBW,137,19.554158203125,15.296994018554686,32.17975833333333,14.475016666666669,166.66666666666666,train,774,1393.0,4456324.0,5404296.0,3320,4467717.0,5336057.5,171,0,235,4459919.5,5404036.5,46,2,1,True,19548
50,168,4456058.0,5404455.0,165,4456104.5,5405097.5,HBW,144,1.148177734375,1.7369340260823567,0.8881020833333333,166.66666666666666,166.66666666666666,walk,450,837.0,4446635.5,5403341.5,3437,4468594.5,5334818.0,97,0,339,4458895.0,5401307.5,29,1,1,True,18744
51,222,4460098.0,5405778.0,284,4445716.0,5398768.0,HBW,159,21.1636953125,22.77733154296875,49.68531833333333,166.66666666666666,166.66666666666666,autoDriver,578,741.0,4461550.5,5401826.0,4882,4510068.5,5300043.0,253,0,347,4461494.0,5401279.5,28,1,1,True,21864
52,142,4456456.5,5404915.5,144,4457711.0,5405274.0,HBW,160,2.336200927734375,3.662487030029297,24.272096666666663,166.66666666666666,166.66666666666666,bus,417,974.0,4456902.0,5400752.0,4858,4510184.5,5301365.5,300,1,165,4455828.0,5405076.0,38,1,1,True,33288
53,138,4456712.0,5407911.5,147,4454499.0,5404394.5,HBW,162,6.989229980468751,11.542440795898438,48.04027166666666,46.23390333333333,166.66666666666666,bicycle,356,981.0,4457496.5,5404503.5,2996,4459039.0,5330029.5,184,2,347,4461374.5,5401232.5,67,2,1,True,6420
55,305,4457320.0,5400942.5,486,4438748.0,5377294.5,HBW,166,43.46101953125,35.49899088541667,358.14681666666667,122.14681,278.14681666666667,autoDriver,485,587.0,4455098.5,5403689.0,2424,4428224.5,5331412.0,154,2,145,4458064.0,5405052.5,37,1,1,True,56232
56,135,4456052.0,5407882.5,321,4456233.5,5399144.5,HBW,171,13.524138671875,18.485758463541668,35.71861666666667,166.66666666666666,166.66666666666666,bicycle,464,1067.0,4460927.0,5403618.5,2480,4432217.0,5323880.0,241,1,184,4457622.5,5404833.5,50,1,1,True,19152
57,135,4456052.0,5407882.5,321,4456233.5,5399144.5,HBW,171,13.524138671875,18.485758463541668,35.71861666666667,166.66666666666666,166.66666666666666,autoDriver,377,528.0,4460927.0,5403618.5,2480,4432217.0,5323880.0,241,1,184,4457622.5,5404833.5,50,1,1,True,19152
59,179,4456256.0,5403410.5,336,4457727.5,5398584.0,HBW,176,8.24674609375,10.70067647298177,35.591406666666664,166.66666666666666,166.66666666666666,autoDriver,350,970.0,4462329.0,5404258.5,4628,4487846.5,5294809.5,240,0,198,4458343.5,5403364.5,45,2,1,True,4392
61,179,4456256.0,5403410.5,286,4451177.5,5398181.5,HBW,175,13.914041015625,16.439039103190105,55.4869,166.66666666666666,166.66666666666666,autoDriver,472,645.0,4456195.0,5399424.5,4744,4494056.5,5299441.0,319,2,187,4457903.0,5404445.5,44,1,1,True,22512
63,299,4456650.0,5400725.5,144,4457660.5,5405507.5,HBW,181,6.6557641601562505,9.028370157877603,33.638191666666664,166.66666666666666,166.66666666666666,autoDriver,582,1245.0,4458479.5,5400230.0,2302,4493254.0,5351869.0,318,1,144,4457687.0,5405085.5,48,1,1,True,90060
65,231,4459018.0,5403785.0,115,4461306.5,5406591.0,HBW,198,5.04369873046875,6.2337793986002605,35.541093333333336,166.66666666666666,166.66666666666666,autoDriver,480,749.0,4459097.5,5405016.0,285,4442882.0,5402796.5,216,0,144,4457589.0,5405675.0,60,1,1,True,14724
66,331,4456321.0,5397236.5,357,4462944.0,5398468.0,HBW,207,8.38818359375,9.356463623046874,62.71031166666666,166.66666666666666,166.66666666666666,walk,1312,685.0,4459008.0,5403466.0,1684,4468381.0,5348383.5,233,0,208,4458382.0,5403231.0,51,2,1,True,23088
69,189,4458575.0,5404706.5,255,4463840.0,5402670.0,HBW,212,6.672515625,6.855515543619791,22.781265,166.66666666666666,166.66666666666666,autoDriver,515,1320.0,4454829.0,5403739.5,1151,4463495.5,5372164.5,149,0,332,4456571.0,5397597.0,28,1,1,True,23136
70,324,4458339.5,5399864.0,111,4453843.0,5408290.5,HBW,216,12.552623046875,17.967559814453125,59.29208499999999,166.66666666666666,166.66666666666666,autoDriver,398,759.0,4456533.0,5404331.0,2467,4415634.5,5323054.0,174,1,184,4457377.5,5404731.0,59,1,1,True,24672
72,186,4457291.5,5404232.0,241,4460939.0,5403569.0,HBW,217,4.393681640625,5.680690511067708,11.77221,166.66666666666666,166.66666666666666,autoDriver,407,935.0,4459327.0,5400418.0,371,4460487.0,5391346.5,344,1,238,4460063.0,5403592.0,49,1,1,True,25908
74,186,4457291.5,5404232.0,376,4463724.0,5405691.5,HBW,218,13.90852734375,14.75180155436198,38.58735,166.66666666666666,166.66666666666666,autoDriver,796,153.0,4456759.0,5405023.0,1161,4467760.5,5385898.5,142,2,145,4458064.0,5405052.5,46,2,1,True,23460
76,236,4460195.5,5403740.0,346,4460757.0,5401208.5,HBW,221,3.21002001953125,2.5600001017252603,12.662951666666666,166.66666666666666,166.66666666666666,bicycle,355,716.0,4458753.5,5399160.0,1166,4472820.0,5384978.0,326,1,318,4458474.5,5400413.0,58,2,1,True,4968
79,301,4456764.5,5400297.5,174,4456618.945927827,5404262.167681318,HBW,228,6.3764609375,9.14426066080729,26.134643333333333,166.66666666666666,166.66666666666666,bus,486,1093.0,4458658.5,5402983.0,4579,4453281.5,5290120.0,208,1,321,4455976.5,5398594.5,27,1,3,True,13776
81,144,4457939.5,5404927.0,103,4452231.0,5402020.5,HBW,238,7.9194326171875,10.13744099934896,287.7709,69.32001166666667,166.66666666666666,autoDriver,429,929.0,4458973.5,5399227.0,2227,4526722.0,5379259.0,326,2,176,4455843.5,5404093.5,57,2,1,True,17220
83,98,4450434.5,5404928.5,133,4454802.938938675,5405148.605414543,HBW,240,6.21629248046875,6.354215494791666,50.31912,166.66666666666666,166.66666666666666,bus,283,824.0,4460144.5,5404902.5,4755,4501122.5,5303113.0,221,1,347,4461782.0,5400963.5,26,1,2,True,10512
89,223,4459067.5,5404819.5,149,4454639.471821192,5403831.778306872,HBW,269,4.78301953125,6.145328267415365,166.66666666666666,166.66666666666666,166.66666666666666,autoDriver,499,948.0,4456001.0,5399333.0,2221,4524286.0,5390001.5,319,1,144,4457452.0,5405038.5,20,2,3,True,0
91,317,4458409.5,5400351.0,371,4461509.5,5390459.5,HBW,273,11.9030966796875,12.946843465169271,80.80726666666666,80.2354,166.66666666666666,autoPassenger,578,1178.0,4456108.0,5403734.0,2899,4463823.5,5333337.0,177,0,336,4457836.5,5398010.5,20,1,1,True,13224
92,231,4459053.0,5403794.0,230,4460174.0,5404449.5,HBW,281,1.731726318359375,2.351500193277994,2.7758230000000004,166.66666666666666,166.66666666666666,autoDriver,543,1334.0,4458678.5,5402031.0,4619,4483013.0,5294513.0,213,1,253,4461551.0,5401820.5,49,1,1,True,26664
93,231,4459053.0,5403794.0,327,4455636.5,5398538.0,HBW,282,17.073875,12.53990987141927,52.75595,166.66666666666666,166.66666666666666,autoDriver,390,1011.0,4459332.5,5401025.0,4619,4479515.5,5299064.5,339,2,188,4458105.5,5404598.0,19,2,1,True,6672
94,310,4458454.5,5401030.5,326,4458929.5,5398663.0,HBW,290,2.68666259765625,3.937739817301432,16.561096666666668,166.66666666666666,166.66666666666666,bicycle,369,1006.0,4460199.5,5399680.0,2687,4457990.5,5331183.5,350,0,253,4461570.0,5401891.0,33,2,1,True,13872
97,234,4459355.0,5403356.5,326,4458980.5,5399053.0,HBW,297,5.76343310546875,7.969272867838542,68.56109166666667,166.66666666666666,166.66666666666666,autoDriver,554,1006.0,4459881.0,5403938.5,4885,4510725.5,5293034.5,235,1,340,4460425.5,5400988.5,33,2,1,True,13140
99,145,4458814.5,5405537.0,352,4461314.0,5397950.0,HBW,303,11.8626142578125,9.581124877929687,45.26586666666667,166.66666666666666,166.66666666666666,autoDriver,471,969.0,4459214.5,5404651.0,3168,4452581.0,5317990.0,223,1,144,4457778.5,5405671.5,30,1,1,True,24924
101,152,4455195.0,5403974.0,347,4461623.5,5401056.0,HBW,304,8.378916015625,11.132546997070312,40.89513333333333,166.66666666666666,166.66666666666666,autoDriver,514,1084.0,4452190.5,5402224.0,3171,4448109.0,5314276.5,101,1,230,4460174.0,5404449.5,41,1,1,True,87636
102,158,4452569.0,5402233.5,181,4457250.0,5404201.5,HBW,306,5.226237792968751,6.110391235351562,10.0,166.66666666666666,166.66666666666666,autoDriver,484,578.0,4457890.0,5402722.5,4489,4444761.0,5311963.0,207,1,173,4457174.0,5404689.0,31,2,1,True,17088
103,324,4458609.5,5400076.0,1196,4471009.0,5365175.0,HBW,307,44.427578125,29.204219563802084,241.58991666666668,184.6005166666667,166.66666666666666,autoDriver,408,1233.0,4455968.5,5407799.5,4493,4446196.5,5308293.0,134,0,144,4457420.5,5405292.0,35,2,1,False,12648
104,97,4446635.5,5403341.5,299,4456688.0,5400635.0,HBW,310,15.7148486328125,19.133955891927084,46.53914333333333,166.66666666666666,166.66666666666666,bus,316,968.0,4456775.5,5405006.0,2284,4502990.5,5358826.5,142,0,213,4458812.0,5402111.5,21,2,1,True,13308
105,324,4458785.5,5399936.0,1109,4453959.5,5384487.0,HBW,321,18.282248046875,16.997742716471354,317.01151666666664,166.66666666666666,166.66666666666666,autoDriver,458,535.0,4459491.0,5402723.0,4482,4484826.0,5311967.5,243,0,228,4460075.0,5404522.5,45,1,1,True,63000
108,247,4459069.5,5402070.5,53,4441381.0,5419812.0,HBW,327,32.06102734375,27.487394205729167,67.36072166666666,70.563355,166.66666666666666,autoDriver,376,998.0,4459664.0,5405366.5,1981,4473472.0,5339433.0,218,0,254,4462732.0,5403749.0,55,1,1,True,48168
110,314,4457934.5,5400118.0,144,4457785.5,5405223.0,HBW,332,6.981173828125,9.235960896809896,25.18819166666667,166.66666666666666,166.66666666666666,autoDriver,537,803.0,4456202.5,5403242.5,4266,4472210.5,5327470.5,200,0,165,4455504.5,5405034.5,49,1,1,True,71784
111,314,4457934.5,5400118.0,5,4434549.0,5419207.5,HBW,335,37.87209375,35.41706136067708,168.80601666666666,166.66666666666666,166.66666666666666,autoDriver,426,982.0,4457230.0,5404222.0,4382,4482125.5,5328471.0,175,0,178,4455979.0,5403535.5,20,1,1,True,10680
113,253,4461550.5,5401826.0,348,4462086.973622552,5399814.50913813,HBW,347,1.629581298828125,1.971548334757487,32.76743166666667,166.66666666666666,166.66666666666666,walk,853,1320.0,4456783.0,5403025.5,1807,4466298.0,5339994.5,201,2,189,4458600.0,5404749.0,32,2,2,True,5544
114,253,4461550.5,5401826.0,355,4461696.447661415,5397659.247231551,HBW,347,8.3733505859375,6.543682352701823,49.91674,166.66666666666666,166.66666666666666,walk,1220,296.0,4456783.0,5403025.5,1807,4466298.0,5339994.5,201,2,189,4458600.0,5404749.0,32,2,2,True,5544
116,184,4457496.5,5404503.5,144,4457612.0,5405333.0,HBW,354,0.8247621459960938,1.3626200358072915,14.441375666666666,166.66666666666666,166.66666666666666,walk,491,1010.0,4456968.0,5404759.5,854,4420360.0,5357737.0,173,1,349,4459222.0,5399478.0,67,1,1,True,56892
118,184,4457496.5,5404503.5,242,4461452.0,5403759.5,HBW,355,5.397884765625,7.538220723470052,16.562956666666665,166.66666666666666,166.66666666666666,autoDriver,470,768.0,4459380.0,5402539.5,627,4410954.0,5349180.0,243,1,227,4459765.5,5404551.0,26,1,1,True,15588
119,173,4457119.0,5404542.5,139,4457333.5,5405846.5,HBW,357,5.0329462890625,6.897848510742187,10.1701,166.66666666666666,166.66666666666666,autoDriver,464,703.0,4457472.5,5399300.0,1077,4433247.0,5346920.0,323,3,253,4461490.5,5401836.0,33,1,1,True,46344
122,154,4455098.5,5403689.0,99,4451832.5,5402771.5,HBW,366,4.027174072265625,4.804659016927083,10.959029999999998,166.66666666666666,166.66666666666666,bicycle,527,1136.0,4457826.0,5398173.0,2495,4439340.0,5315066.0,336,1,243,4459082.5,5402788.0,30,1,1,True,34224
123,164,4454009.5,5404886.5,249,4460050.0,5401865.5,HBW,370,9.3428798828125,10.359517415364584,166.66666666666666,166.66666666666666,166.66666666666666,walk,429,984.0,4456801.5,5404965.0,4617,4491697.0,5303878.5,142,1,144,4457733.5,5405147.5,43,1,1,True,27324
125,207,4457952.5,5402710.5,1166,4472593.0,5385084.0,HBW,375,27.210271484375,21.136260986328125,430.3550833333333,117.14773333333332,166.66666666666666,autoPassenger,582,1143.0,4456351.5,5404066.0,2212,4512743.5,5367880.0,177,0,226,4459401.5,5404390.0,22,2,1,True,11748
127,223,4458944.5,5404592.0,1822,4467867.094922846,5339572.863412037,HBW,383,75.840921875,44.14841715494792,198.28615,101.44113833333334,192.25426666666667,autoDriver,474,960.0,4457942.0,5401553.5,836,4418793.5,5358400.5,304,1,147,4454737.5,5404188.5,27,1,2,True,9132
128,242,4461880.0,5404021.5,255,4463749.5,5402632.0,HBW,384,3.754918701171875,4.067594909667969,22.781265,166.66666666666666,166.66666666666666,bus,443,697.0,4454559.5,5404088.0,662,4415238.5,5360911.5,149,1,321,4455976.5,5398594.5,55,1,1,True,32304
131,224,4459320.0,5404572.5,284,4444588.5,5400191.0,HBW,393,19.587275390625,20.560664876302084,50.68531833333333,166.66666666666666,166.66666666666666,autoDriver,440,997.0,4454073.0,5404115.5,2250,4534384.0,5376837.0,146,1,205,4457821.5,5403167.0,26,1,1,True,14112
132,164,4453951.0,5404446.5,284,4444647.5,5398867.5,HBW,403,14.4399677734375,14.025898234049478,40.68531833333333,166.66666666666666,166.66666666666666,autoDriver,402,663.0,4457521.5,5401366.5,1129,4463589.5,5376797.0,303,0,228,4460075.0,5404522.5,46,2,1,True,5316
134,325,4457802.5,5398605.0,399,4470794.0,5399624.5,HBW,411,18.49021484375,16.55725911458333,180.17975,50.408350000000006,166.66666666666666,train,471,1057.0,4457197.0,5404131.0,4887,4508908.0,5294820.5,175,1,346,4461245.5,5401339.5,38,2,1,True,17160
135,245,4458937.5,5402442.5,199,4458745.0,5403664.5,HBW,412,1.75216748046875,2.45316162109375,22.60823333333333,166.66666666666666,166.66666666666666,walk,384,901.0,4455859.5,5396914.0,4675,4515931.0,5329612.0,331,1,226,4459581.0,5404390.5,52,1,1,True,20964
137,245,4458937.5,5402442.5,346,4460757.0,5401208.5,HBW,414,1.802833740234375,2.387276458740234,12.7921275,166.66666666666666,166.66666666666666,bus,373,861.0,4459803.0,5403898.0,2587,4448554.5,5330024.0,235,1,176,4455843.5,5404093.5,18,1,1,True,5172
138,198,4458352.5,5403388.0,346,4460992.5,5401026.0,HBW,422,5.34523583984375,5.426666768391927,15.073006666666666,166.66666666666666,166.66666666666666,autoDriver,430,589.0,4459664.5,5403758.5,635,4409699.5,5343685.0,235,0,144,4457450.5,5405207.5,41,1,1,True,28776
140,241,4460763.5,5403526.0,137,4456403.0,5407690.0,HBW,430,8.6229287109375,11.015929158528646,43.67503666666666,166.66666666666666,166.66666666666666,autoDriver,494,1018.0,4456876.0,5398994.0,584,4412465.5,5361345.0,322,1,346,4460850.5,5401254.0,47,1,1,True,23016
141,216,4459097.5,5405016.0,280,4443005.5,5399872.0,HBW,434,20.785546875,22.259287516276043,81.51463333333332,73.51463333333332,166.66666666666666,train,428,890.0,4457294.0,5404132.5,460,4412927.5,5364285.0,186,1,140,4457070.5,5405721.5,69,2,1,True,6108
144,302,4457224.0,5400337.5,309,4458456.0,5401083.0,HBW,437,1.821338134765625,2.5394851684570314,4.518470333333333,166.66666666666666,166.66666666666666,bus,435,956.0,4462431.5,5404108.0,752,4415391.0,5359881.5,240,1,144,4457267.5,5405595.5,44,1,1,True,39960
146,173,4456979.0,5404627.5,39,4428105.0,5400256.5,HBW,449,30.843708984375,31.233357747395832,166.66666666666666,166.66666666666666,166.66666666666666,bicycle,506,1103.0,4458440.5,5403847.5,534,4434920.0,5374993.5,196,1,301,4456594.5,5400463.0,40,1,1,True,13212
147,154,4455098.0,5403606.0,227,4459908.5,5404544.0,HBW,451,5.816625,7.725913492838542,36.349050000000005,166.66666666666666,166.66666666666666,autoDriver,382,988.0,4458723.5,5405089.5,497,4420933.5,5372811.5,145,0,200,4456547.5,5403133.5,26,1,1,True,26472
149,304,4457902.0,5401696.5,250,4461209.0,5402519.0,HBW,454,4.5909765625,6.476818339029948,45.564485,166.66666666666666,166.66666666666666,autoDriver,744,1085.0,4455928.5,5399611.0,476,4425933.0,5378090.0,319,2,346,4460475.0,5401415.5,43,1,1,True,29448
151,317,4458161.0,5400472.5,345,4459699.0,5400210.0,HBW,456,3.36507958984375,5.279656473795573,9.0,166.66666666666666,166.66666666666666,bicycle,455,1019.0,4457973.0,5403207.0,455,4405201.0,5366322.5,205,1,229,4459663.5,5404151.5,31,1,1,True,33576
152,317,4458161.0,5400472.5,249,4460305.5,5402441.5,HBW,457,4.13296630859375,5.97086181640625,166.66666666666666,166.66666666666666,166.66666666666666,bicycle,424,1248.0,4460006.5,5404908.5,439,4395787.0,5371019.0,220,1,348,4463359.5,5402925.5,29,1,1,True,9984
154,306,4457891.0,5401149.5,147,4454426.5,5404610.0,HBW,458,6.5828969726562505,9.97191874186198,28.655808333333333,166.66666666666666,166.66666666666666,bicycle,411,1090.0,4455048.5,5403577.5,461,4409332.5,5363840.5,154,1,253,4461512.0,5401904.5,45,1,1,True,21264
155,344,4459327.0,5400418.0,226,4459405.0,5404372.0,HBW,464,4.664073730468751,6.487484741210937,37.3068,166.66666666666666,166.66666666666666,autoDriver,441,923.0,4459007.5,5402326.0,3300,4466124.5,5334942.0,245,1,164,4452877.0,5404303.5,22,1,1,True,11652
156,344,4459327.0,5400418.0,347,4461782.0,5400963.5,HBW,465,3.153656494140625,5.39914296468099,12.429656666666666,166.66666666666666,166.66666666666666,autoDriver,407,971.0,4458886.5,5402240.5,3732,4471587.0,5332011.5,245,0,227,4460036.0,5404527.0,23,1,1,True,11856
158,142,4456759.0,5405023.0,364,4456499.0,5393386.0,HBW,469,16.330583984375,18.583807373046877,299.0,166.66666666666666,166.66666666666666,bicycle,431,926.0,4450749.0,5404476.0,1140,4443350.5,5376516.5,98,1,167,4455879.0,5404410.0,17,1,1,False,5172
160,101,4452135.5,5402143.0,347,4461374.5,5401232.5,HBW,470,11.1623828125,13.629449462890625,54.33818833333333,166.66666666666666,166.66666666666666,autoDriver,264,873.0,4460804.5,5400634.5,122,4463430.5,5408804.5,350,0,144,4457267.5,5405595.5,43,1,1,True,26244
161,101,4452135.5,5402143.0,7,4428222.5,5415221.5,HBW,471,42.70362890625,38.77918294270833,335.1929666666667,166.66666666666666,166.66666666666666,bicycle,540,1022.0,4456381.5,5407180.0,231,4458953.0,5404089.0,140,1,141,4457147.0,5405571.5,42,2,1,True,5004
162,101,4452135.5,5402143.0,7,4428222.5,5415221.5,HBW,471,42.70362890625,38.77918294270833,335.1929666666667,166.66666666666666,166.66666666666666,autoDriver,406,1014.0,4456381.5,5407180.0,231,4458953.0,5404089.0,140,1,141,4457147.0,5405571.5,42,2,1,True,5004
165,326,4458753.5,5399160.0,1147,4459876.5,5374195.0,HBW,478,31.707458984375,27.673838297526043,477.4427,237.44271666666663,166.66666666666666,autoDriver,468,808.0,4460037.0,5405477.5,3457,4471132.5,5334806.0,218,1,173,4457158.0,5404844.0,58,1,1,True,22176
166,194,4457601.0,5403486.0,233,4459045.5,5403565.0,HBW,487,2.1426240234375,3.202506510416667,10.953474,166.66666666666666,166.66666666666666,walk,428,946.0,4457278.0,5404255.5,2944,4463376.0,5331480.5,186,1,173,4457074.0,5404868.5,36,1,1,False,30420
167,161,4455476.5,5403254.5,121,4463362.5,5408978.5,HBW,492,12.428748046875,16.247467041015625,55.01681333333333,166.66666666666666,166.66666666666666,autoDriver,425,979.0,4458030.5,5400508.0,1673,4489023.0,5348164.0,312,1,228,4460176.0,5404504.0,41,1,1,True,39312
169,350,4460324.5,5400087.5,101,4452121.5,5402351.5,HBW,496,10.90080078125,13.897982788085937,54.82443333333333,166.66666666666666,166.66666666666666,bus,484,874.0,4452517.0,5402256.5,1547,4464183.5,5338109.0,158,0,164,4452877.0,5404303.5,52,1,1,True,17580
172,232,4459452.5,5403963.0,243,4459036.0,5402820.0,HBW,501,2.12671142578125,3.119268544514974,3.492738666666667,166.66666666666666,166.66666666666666,walk,484,1091.0,4457776.5,5402688.5,2584,4446993.0,5329866.0,207,0,253,4461512.0,5401904.5,31,1,1,True,26640
173,317,4458212.0,5400440.5,366,4461009.0,5393780.0,HBW,506,8.9563427734375,10.080611165364584,32.85433333333333,166.66666666666666,166.66666666666666,bicycle,424,885.0,4457070.5,5404885.5,1035,4417048.0,5349450.0,173,0,348,4463475.5,5402807.5,39,1,1,True,18732
175,187,4457971.5,5404271.0,255,4463869.0,5402699.5,HBW,510,7.584822265625,7.713074747721354,26.781265,166.66666666666666,166.66666666666666,bus,435,1043.0,4451986.5,5402551.5,2040,4514916.5,5394432.5,99,2,339,4458895.0,5401307.5,33,1,1,True,34260
177,211,4458842.0,5402255.5,1161,4467702.0,5388861.0,HBW,511,20.97102734375,16.05542500813802,179.3716,33.93633166666667,166.66666666666666,train,478,1019.0,4456637.5,5404433.0,514,4417291.5,5365259.5,174,1,235,4460030.0,5403936.5,60,1,1,True,21480
179,176,4455869.0,5404080.0,147,4454790.5,5404158.5,HBW,513,2.22630859375,3.9940101623535154,8.702626666666667,166.66666666666666,166.66666666666666,autoDriver,459,38.0,4456433.0,5404405.5,634,4404881.0,5336787.5,169,1,321,4455976.5,5398594.5,35,1,1,True,26424
180,176,4455869.0,5404080.0,284,4444571.5,5400717.5,HBW,514,16.186119140625,16.43186747233073,37.68531833333333,166.66666666666666,166.66666666666666,autoPassenger,474,1170.0,4456182.5,5397267.5,573,4402642.0,5362718.5,331,1,253,4461512.0,5401904.5,33,2,1,True,5808
181,166,4456411.5,5404767.0,133,4454099.0,5405302.0,HBW,516,2.829049560546875,3.1565012613932293,22.36125333333333,166.66666666666666,166.66666666666666,autoDriver,419,1045.0,4455541.0,5399302.0,1045,4418099.0,5349312.0,162,0,308,4458816.0,5401435.0,58,1,1,True,37896
182,326,4458973.5,5399227.0,284,4444702.0,5399818.0,HBW,522,18.988291015625,18.28216145833333,217.6853166666667,208.33513333333332,166.66666666666666,autoDriver,887,129.0,4455963.5,5407830.5,4590,4478014.0,5305645.0,134,1,318,4458474.5,5400413.0,24,2,1,True,7656
183,338,4458903.0,5398349.0,345,4459674.0,5400184.0,HBW,530,2.968673828125,4.4625,4.05,166.66666666666666,166.66666666666666,bicycle,449,738.0,4458633.0,5401106.5,4031,4469260.5,5331019.0,310,2,140,4456572.5,5405549.5,39,2,1,True,16332
185,247,4459217.0,5401957.5,291,4447537.5,5393565.5,HBW,532,17.947427734375,21.21607869466146,59.81643333333333,166.66666666666666,166.66666666666666,autoDriver,442,1207.0,4459743.5,5401689.0,4194,4473235.5,5328569.5,340,0,205,4458015.5,5402917.0,31,1,1,True,18336
187,222,4459060.0,5406443.0,1161,4467654.0,5385781.0,HBW,536,24.441494140625,18.833638509114586,202.1216,32.152998333333336,166.66666666666666,train,571,1314.0,4457911.5,5404206.0,4728,4524824.0,5312975.0,187,1,346,4461139.5,5401184.0,41,1,1,True,46332
190,182,4456574.5,5403427.5,70,4459651.0,5423004.0,HBW,544,25.8890390625,19.538824462890624,94.09441,166.66666666666666,166.66666666666666,autoDriver,805,1131.0,4456451.5,5404785.0,2325,4509647.5,5356449.0,172,2,346,4460703.0,5401245.0,28,1,1,True,15708
193,182,4456574.5,5403427.5,141,4457026.5,5405407.5,HBW,542,2.43050537109375,3.2134577433268228,9.207128333333332,166.66666666666666,166.66666666666666,autoDriver,456,696.0,4458687.5,5400600.5,2351,4511108.5,5349023.0,316,0,226,4459392.0,5404493.0,54,1,1,True,20352
196,158,4452528.5,5402445.5,164,4452899.0,5404596.5,HBW,551,3.9157001953125,4.738483683268229,37.877833333333335,166.66666666666666,166.66666666666666,walk,511,1102.0,4458774.5,5404538.5,2425,4437622.5,5332039.5,189,0,147,4454499.0,5404394.5,36,1,1,True,26040
199,336,4457487.5,5398164.0,89,4468726.0,5425970.0,HBW,555,36.306375,26.204477945963543,376.8316,342.8316,166.66666666666666,autoDriver,822,1125.0,4458396.0,5400544.0,3187,4462196.0,5320639.5,315,1,144,4457259.5,5405376.5,49,2,1,True,12720
201,229,4459809.0,5404227.5,348,4461500.0,5400819.0,HBW,566,6.2610771484375,6.21676991780599,28.767433333333333,166.66666666666666,166.66666666666666,bicycle,355,892.0,4456738.0,5400588.0,744,4420407.5,5360185.5,299,0,186,4457312.5,5404285.5,29,1,1,True,25356
203,229,4459809.0,5404227.5,346,4460992.5,5401026.0,HBW,567,4.244095703125,3.769757080078125,28.508556666666667,166.66666666666666,166.66666666666666,bicycle,427,697.0,4458914.0,5406512.0,785,4417964.5,5359701.5,139,1,164,4452877.0,5404303.5,29,2,1,True,21624
204,186,4457639.0,5404216.5,210,4458063.5,5402470.0,HBW,568,3.28947705078125,4.767059326171875,14.749079333333333,166.66666666666666,166.66666666666666,autoDriver,382,917.0,4458782.5,5406072.0,732,4419343.5,5361162.0,139,1,339,4458895.0,5401307.5,36,1,1,True,28896
207,166,4456186.0,5404563.0,106,4453004.005460671,5408848.797712963,HBW,569,11.6602900390625,15.910300699869792,179.1380166666667,166.66666666666666,166.66666666666666,bicycle,476,1008.0,4459119.5,5403620.0,937,4416812.5,5356087.5,233,0,348,4463429.5,5402987.5,23,1,3,True,5556
208,142,4456836.5,5404951.5,227,4460044.346026963,5404571.046655613,HBW,576,4.38264404296875,5.605550638834635,29.84905,166.66666666666666,166.66666666666666,bus,456,713.0,4459209.0,5401676.0,926,4416201.0,5356797.0,339,2,345,4459763.5,5400155.0,82,1,2,True,11412
209,312,4457892.0,5400538.0,388,4483736.0,5409752.5,HBW,583,40.21159375,31.09335327148437,230.5521833333333,180.5521833333333,166.66666666666666,autoDriver,866,134.0,4454783.5,5404591.0,4351,4488892.0,5335210.5,147,1,211,4458617.5,5402227.5,46,2,1,True,28896
211,315,4458220.5,5400694.0,364,4456509.5,5393317.0,HBW,585,10.8213095703125,11.405877685546876,298.0,166.66666666666666,166.66666666666666,bicycle,441,842.0,4457924.0,5404268.5,4650,4497397.5,5326905.5,187,0,144,4457660.5,5405507.5,61,2,1,True,15876
213,222,4458891.5,5406235.5,132,4455248.5,5406032.0,HBW,594,7.70986962890625,10.881785074869793,32.617153333333334,166.66666666666666,166.66666666666666,autoDriver,384,941.0,4462567.0,5403609.0,4342,4485922.0,5337439.0,254,0,143,4456979.5,5405169.5,51,1,1,True,49584
214,222,4458891.5,5406235.5,116,4460432.5,5408571.0,HBW,595,7.51667041015625,6.191890462239583,30.165706666666665,166.66666666666666,166.66666666666666,autoDriver,350,881.0,4457125.0,5404653.0,4402,4487270.0,5327474.5,173,1,144,4457400.0,5405235.5,36,2,1,True,37296
215,235,4459744.0,5404007.5,151,4454630.5,5403802.5,HBW,596,6.72373779296875,8.719640096028646,20.89168833333333,166.66666666666666,166.66666666666666,autoDriver,371,899.0,4457457.5,5397572.5,4384,4482873.5,5329699.5,333,1,99,4451863.5,5402680.0,45,1,1,True,20316
216,177,4456108.0,5403734.0,201,4456890.5,5403248.5,HBW,597,2.325744384765625,3.8804351806640622,17.899168333333332,166.66666666666666,166.66666666666666,walk,1004,129.0,4459727.5,5404133.5,95,4443055.0,5412160.5,229,1,143,4456984.0,5405024.0,21,2,1,True,7320
218,156,4452463.5,5402589.5,155,4455416.0,5403622.5,HBW,605,4.487421875,5.388836669921875,4.562423333333333,166.66666666666666,166.66666666666666,autoDriver,398,906.0,4456052.5,5404133.5,69,4455277.5,5429410.5,170,1,346,4460850.5,5401254.0,55,2,1,False,7488
220,331,4455833.5,5397355.0,338,4458774.5,5398358.5,HBW,607,4.2768466796875,4.660480244954427,29.457385,166.66666666666666,166.66666666666666,autoDriver,450,972.0,4459540.0,5404970.5,116,4460097.0,5408159.0,217,3,140,4456378.0,5405887.5,31,1,1,True,26220
222,245,4459198.5,5402275.0,346,4461141.485647059,5401631.302822452,HBW,610,1.802833740234375,2.387276458740234,12.7921275,166.66666666666666,166.66666666666666,bicycle,414,1040.0,4457615.0,5400300.0,90,4476542.0,5408171.5,313,2,253,4461525.0,5401859.5,44,2,2,True,12840
223,333,4455988.5,5396896.0,363,4463531.5,5396835.5,HBW,611,8.4097744140625,8.1619384765625,27.773406666666663,166.66666666666666,166.66666666666666,autoDriver,298,812.0,4460258.0,5404209.5,62,4442066.0,5423558.0,230,1,248,4459419.5,5402093.5,42,1,1,True,57168
225,213,4458678.5,5402031.0,361,4462951.0,5397803.5,HBW,615,9.4015146484375,9.026233927408851,53.06677166666667,166.66666666666666,166.66666666666666,autoDriver,456,954.0,4459201.0,5405020.5,63,4448617.5,5419880.5,216,0,178,4455754.0,5403594.5,38,1,1,True,19464
227,197,4458701.0,5403764.0,331,4456185.5,5397266.5,HBW,618,9.119091796875,12.445257568359375,24.19767833333333,166.66666666666666,166.66666666666666,autoDriver,437,993.0,4459381.5,5402786.0,2317,4499112.5,5352946.0,243,1,253,4461490.5,5401836.0,44,1,1,True,44064
228,151,4454656.5,5403613.0,316,4458575.5,5400646.5,HBW,623,6.6709912109375,8.734403483072917,31.638383333333334,166.66666666666666,166.66666666666666,bicycle,413,994.0,4459954.5,5401310.0,4043,4468573.0,5330104.0,340,1,249,4459757.5,5401899.0,42,2,1,True,11616
231,350,4460199.5,5399680.0,408,4471811.5,5393527.5,HBW,634,17.441134765625,17.65456746419271,84.87785666666667,166.66666666666666,166.66666666666666,bus,552,1039.0,4456328.5,5399123.5,2817,4458867.5,5333895.0,321,1,145,4458215.0,5404919.0,27,2,1,True,14988
233,190,4458050.0,5404122.5,147,4454790.5,5404158.5,HBW,637,5.2609208984375,7.404695638020833,18.135206666666665,166.66666666666666,166.66666666666666,bus,943,1295.0,4458925.5,5404469.5,3097,4461629.0,5327356.5,225,0,230,4460174.0,5404449.5,40,1,1,True,28392
235,309,4458432.5,5401243.5,338,4458774.5,5398358.5,HBW,642,3.3233916015625,4.501487223307292,0.4050530833333333,166.66666666666666,166.66666666666666,bicycle,457,1003.0,4458682.0,5404332.0,2624,4456914.0,5334906.5,191,0,347,4461351.5,5401478.0,29,2,1,True,23100
236,178,4455721.5,5403505.0,361,4462746.5,5397375.0,HBW,644,12.71465234375,13.133043416341144,47.10135833333333,166.66666666666666,166.66666666666666,autoDriver,811,1127.0,4458004.5,5400494.0,2779,4463296.5,5335930.0,314,1,308,4458636.5,5401516.0,47,2,1,True,4692
237,235,4459881.0,5403938.5,1110,4459547.5,5386934.0,HBW,647,25.31130859375,16.324859619140625,446.41066666666666,166.66666666666666,166.66666666666666,autoDriver,446,976.0,4456510.0,5404863.5,3740,4472410.5,5337169.5,172,1,229,4459663.5,5404151.5,47,1,1,True,19560
240,244,4459842.5,5402756.5,118,4460009.5,5410608.5,HBW,648,10.38937890625,10.50474650065104,45.634705,166.66666666666666,166.66666666666666,autoDriver,334,1027.0,4459960.0,5405384.5,2737,4459987.5,5335147.5,218,0,188,4458105.5,5404598.0,49,1,1,True,22212
241,178,4455712.0,5403303.5,478,4423429.0,5377577.5,HBW,651,53.66471875,51.78729248046875,433.24556666666666,242.0,166.66666666666666,autoDriver,719,744.0,4461936.5,5404242.0,3538,4465852.5,5331340.5,240,1,229,4459663.5,5404151.5,44,2,1,True,27828
242,178,4455712.0,5403303.5,346,4460540.0,5401017.5,HBW,652,6.04557470703125,8.301033528645833,28.839673333333334,166.66666666666666,166.66666666666666,autoDriver,378,772.0,4456569.5,5404620.0,3750,4473117.5,5336880.5,172,1,144,4457778.5,5405671.5,44,2,1,True,28752
244,187,4457663.0,5404141.5,93,4450151.5,5409596.5,HBW,654,10.8148046875,11.645006306966144,218.0476,166.66666666666666,166.66666666666666,autoDriver,456,1046.0,4456592.5,5397874.0,1883,4469003.5,5340101.0,330,0,346,4460703.0,5401245.0,44,2,1,True,16908
245,181,4456995.5,5403780.5,148,4454242.0,5403737.0,HBW,655,3.5871550292968752,4.996080017089843,4.833522,166.66666666666666,166.66666666666666,walk,817,1045.0,4455691.5,5404051.5,3609,4469345.5,5333775.5,176,0,205,4458003.5,5403062.0,24,2,1,True,12324
246,101,4452190.5,5402224.0,15,4430629.0,5402237.0,HBW,660,27.11903515625,26.501458740234373,666.4271666666666,163.46068333333332,166.66666666666666,autoPassenger,327,973.0,4456467.0,5404869.5,1139,4448578.5,5377274.5,172,2,165,4455504.5,5405034.5,26,2,1,False,18276
248,207,4457890.0,5402722.5,315,4458499.0,5400773.0,HBW,663,2.97942578125,4.4491729736328125,8.9691895,166.66666666666666,166.66666666666666,walk,885,927.0,4455078.0,5403741.5,2202,4503021.0,5367532.0,152,0,325,4457716.0,5398636.0,33,1,1,True,20772
250,298,4456088.0,5400407.5,104,4446521.5,5409711.5,HBW,667,22.649978515625,21.80980224609375,49.973,166.66666666666666,166.66666666666666,bicycle,215,768.0,4459220.5,5398711.5,484,4431600.0,5372922.0,326,1,346,4461175.5,5401215.0,52,1,1,True,49416
251,170,4456073.5,5404113.5,376,4463701.5,5405863.0,HBW,670,15.3544716796875,16.977401733398438,44.58735,166.66666666666666,166.66666666666666,autoDriver,461,975.0,4460264.0,5403741.0,869,4424393.5,5361928.0,236,0,327,4455638.5,5398558.0,40,1,1,True,24684
253,344,4459343.5,5400300.5,1108,4460355.0,5391178.5,HBW,676,10.734490234375,9.476289876302085,393.5303333333333,166.66666666666666,166.66666666666666,autoPassenger,491,886.0,4459771.0,5403816.5,1143,4452792.0,5365603.0,235,0,144,4457660.5,5405507.5,46,2,1,True,24888
254,335,4456901.0,5396962.5,327,4453820.5,5397695.0,HBW,677,3.75926708984375,3.838866933186849,30.755948333333333,166.66666666666666,166.66666666666666,autoDriver,161,1086.0,4457377.5,5404131.5,364,4456645.5,5393411.5,186,2,228,4460226.5,5404735.5,31,1,1,True,28260
255,331,4456272.5,5397546.5,355,4462014.702403111,5397136.852873652,HBW,692,6.7167109375,6.519879659016927,53.35007333333333,166.66666666666666,166.66666666666666,autoPassenger,542,1165.0,4456389.0,5404151.5,2366,4504492.0,5341439.5,171,1,253,4461570.0,5401891.0,57,2,2,True,0
257,329,4455897.0,5398083.5,326,4458576.0,5398719.0,HBW,694,4.7293203125000005,6.016916402180989,7.561096166666666,166.66666666666666,166.66666666666666,autoDriver,438,665.0,4456723.5,5397167.0,2419,4428093.5,5326243.0,334,0,212,4458214.0,5401865.0,36,2,1,True,19560
260,304,4457691.5,5401529.5,288,4444353.5,5392839.5,HBW,698,23.102681640625,23.98110148111979,261.60681666666665,166.66666666666666,166.66666666666666,autoDriver,400,1011.0,4456758.5,5400446.5,1067,4424999.0,5345733.5,301,1,140,4456309.5,5405791.0,48,1,1,True,50184
261,336,4457576.0,5398486.0,226,4459471.0,5404383.0,HBW,703,9.605279296875,10.354339599609377,46.95178333333333,166.66666666666666,166.66666666666666,walk,530,792.0,4459831.5,5403731.0,3908,4476989.0,5332285.0,235,1,186,4457598.0,5404485.5,40,1,1,True,5040
262,300,4457093.5,5400741.5,309,4458344.008528926,5401090.782281508,HBW,705,1.395645263671875,2.378392791748047,7.625038666666667,166.66666666666666,166.66666666666666,walk,909,1398.0,4458938.0,5398401.5,1085,4437930.5,5341910.0,338,0,253,4461512.0,5401904.5,21,2,2,True,8988
264,245,4459161.5,5402450.5,144,4457452.0,5405038.5,HBW,709,4.2736953125,5.622876993815104,29.18819166666667,166.66666666666666,166.66666666666666,autoDriver,469,1037.0,4458265.0,5400154.0,4560,4469869.0,5301299.5,317,0,227,4459876.0,5404622.5,25,2,1,True,16968
265,245,4459161.5,5402450.5,227,4459765.5,5404551.0,HBW,711,4.4263525390625,4.273945109049479,37.16396666666667,166.66666666666666,166.66666666666666,autoDriver,461,1014.0,4458854.0,5403622.0,2083,4515934.5,5385832.0,233,1,140,4456795.0,5405487.0,24,2,1,True,16080
267,191,4458828.0,5404186.5,308,4458816.0,5401435.0,HBW,716,3.1333974609375,4.163385518391927,14.773309333333332,14.6067525,166.66666666666666,walk,467,1315.0,4457287.5,5404142.5,4496,4447332.0,5303155.5,186,2,190,4458510.5,5404453.5,53,1,1,True,20220
268,191,4458828.0,5404186.5,308,4458816.0,5401435.0,HBW,716,3.1333974609375,4.163385518391927,14.773309333333332,14.6067525,166.66666666666666,autoDriver,787,1321.0,4457287.5,5404142.5,4496,4447332.0,5303155.5,186,2,190,4458510.5,5404453.5,53,1,1,True,20220
269,174,4456602.5,5404118.5,307,4458337.0,5401461.5,HBW,722,4.2394794921875,6.226263427734375,14.25717,166.66666666666666,166.66666666666666,walk,552,875.0,4454094.5,5404026.5,2865,4462890.5,5334330.0,148,3,253,4461490.5,5401836.0,45,2,1,True,15276
271,322,4456980.0,5398954.5,144,4457660.5,5405507.5,HBW,735,8.800419921875001,12.103064982096354,31.18819166666667,166.66666666666666,166.66666666666666,autoDriver,510,1056.0,4455866.0,5407153.5,4481,4484815.0,5318190.0,140,1,140,4456427.5,5406291.5,50,2,1,True,30960
272,134,4456026.5,5408833.5,241,4460512.5,5403586.0,HBW,738,9.4911845703125,12.028980509440103,34.85554166666667,166.66666666666666,166.66666666666666,autoDriver,451,1240.0,4456476.0,5396954.0,152,4455239.0,5403722.0,334,1,184,4457475.0,5404851.0,45,2,1,False,26940
274,222,4459096.0,5406234.0,229,4459677.0,5404246.5,HBW,742,2.2038984375,3.09600346883138,13.470546666666666,166.66666666666666,166.66666666666666,walk,653,1089.0,4454938.5,5403724.5,3310,4467023.5,5335849.5,152,0,144,4457558.0,5404947.0,36,2,1,True,20268
275,173,4456968.0,5404759.5,122,4463312.0,5408872.5,HBW,747,9.219482421875,11.635409545898437,32.113535,166.66666666666666,166.66666666666666,autoDriver,420,989.0,4453977.5,5397895.0,3164,4450468.0,5318454.0,327,1,143,4456997.0,5405220.5,30,1,1,True,34512
277,323,4457472.5,5399300.0,144,4457785.5,5405223.0,HBW,754,7.27563916015625,9.975980631510415,29.18819166666667,166.66666666666666,166.66666666666666,autoDriver,296,879.0,4460909.5,5399832.0,1078,4436755.0,5345468.5,350,0,226,4459405.0,5404372.0,57,2,1,True,17136
278,195,4457720.0,5403357.5,341,4458928.0,5400766.0,HBW,757,4.94526513671875,6.877984619140625,20.77875,19.557186666666663,166.66666666666666,autoDriver,667,1212.0,4460109.5,5403959.0,4068,4470481.5,5331088.0,236,0,224,4459394.5,5404503.5,49,2,1,True,12300
281,350,4460412.0,5400045.5,354,4461109.5,5397745.0,HBW,763,2.579613525390625,3.668290201822917,15.140484999999998,166.66666666666666,166.66666666666666,walk,364,634.0,4455691.5,5404051.5,429,4402712.0,5381013.5,176,2,234,4459481.0,5403691.0,40,1,1,True,26820
282,350,4460412.0,5400045.5,375,4470308.00290776,5411307.812171323,HBW,765,18.813474609375,19.30881958007813,55.87590333333333,166.66666666666666,166.66666666666666,autoPassenger,456,965.0,4461787.0,5403924.5,4886,4512719.5,5295697.5,242,0,331,4456270.5,5397291.0,6,2,2,False,0
283,142,4456519.5,5404901.0,140,4456604.0,5406253.5,HBW,771,2.35719140625,3.0538129170735675,1.2417361,166.66666666666666,166.66666666666666,bus,421,928.0,4458816.0,5403365.0,3168,4454072.0,5318272.5,199,1,224,4459394.5,5404503.5,43,2,1,True,24576
284,336,4457826.0,5398173.0,1162,4468268.5,5385661.5,HBW,772,19.21206640625,17.12459513346354,176.25594999999998,72.062695,166.66666666666666,autoDriver,303,308.0,4455851.5,5403819.5,4687,4492243.5,5313314.0,176,0,346,4461012.0,5401144.5,42,2,1,True,14316
286,304,4457976.0,5401369.0,223,4458974.5,5404747.0,HBW,776,4.62544873046875,6.402201843261719,30.859811666666666,32.06957166666666,166.66666666666666,train,728,932.0,4456301.0,5404633.5,2416,4417846.0,5324345.5,166,1,165,4455504.5,5405034.5,45,1,1,True,33168
287,179,4456221.5,5403641.5,92,4449750.0,5410358.0,HBW,783,12.5696962890625,11.20085957845052,23.70178,49.46935666666666,166.66666666666666,bus,455,1091.0,4459463.5,5399725.0,4641,4492145.0,5325370.0,349,0,253,4461525.0,5401859.5,50,2,1,True,15060
291,137,4456441.0,5407365.5,92,4449651.5,5409956.0,HBW,802,8.9645615234375,8.053333536783853,226.70176666666663,56.20269,166.66666666666666,autoDriver,299,422.0,4460114.0,5405531.5,2297,4491968.0,5351046.5,219,1,237,4459747.0,5403420.5,51,2,1,True,15816
292,204,4457561.5,5403169.5,199,4458473.0,5403370.0,HBW,804,2.0278072509765623,3.597320556640625,7.876783333333334,166.66666666666666,166.66666666666666,bicycle,462,708.0,4452513.0,5402644.5,901,4422249.0,5357790.0,156,1,164,4452877.0,5404303.5,37,1,1,True,26280
294,149,4454559.5,5404088.0,255,4463757.5,5402718.0,HBW,809,10.987240234375,12.178662109375,166.66666666666666,166.66666666666666,166.66666666666666,bicycle,946,1179.0,4457167.5,5400757.5,1697,4469053.5,5348064.0,300,1,164,4452899.0,5404596.5,57,2,1,True,14352
298,314,4457935.5,5400375.5,253,4461525.0,5401859.5,HBW,813,6.59687255859375,7.860615539550781,32.23659833333333,166.66666666666666,166.66666666666666,bus,1021,175.0,4459240.0,5402350.5,4570,4453132.5,5290769.5,245,0,339,4458895.0,5401307.5,34,2,1,True,18456
300,319,4455895.0,5399731.5,525,4425401.5,5368489.5,HBW,821,63.0225234375,48.88550618489583,289.82796666666667,295.82796666666667,166.66666666666666,autoDriver,432,1106.0,4461415.0,5403606.5,2820,4460231.5,5334306.5,242,0,164,4452877.0,5404303.5,38,1,1,True,48504
302,319,4455895.0,5399731.5,1110,4460081.0,5386407.5,HBW,822,19.398927734375,18.263382975260416,446.41066666666666,166.66666666666666,166.66666666666666,autoDriver,304,831.0,4456608.0,5408180.0,2817,4458994.0,5333818.0,134,1,164,4453228.0,5403351.5,35,2,1,True,37572
303,338,4458182.0,5398132.5,308,4458636.5,5401516.0,HBW,823,3.9343122558593753,5.14202880859375,1.7125206666666666,166.66666666666666,166.66666666666666,autoDriver,540,1073.0,4459444.5,5399684.5,2178,4495292.5,5370793.5,349,1,208,4458584.5,5403139.0,53,1,1,True,23376
304,350,4461423.5,5400019.5,187,4457705.0,5404436.5,HBW,836,6.4618232421875,9.130613199869792,44.56781333333333,166.66666666666666,166.66666666666666,bicycle,369,884.0,4457646.5,5401085.0,3664,4468914.5,5332733.0,305,3,179,4456313.5,5403634.5,49,1,1,True,14532
306,186,4457530.5,5404122.5,187,4457823.5,5404416.5,HBW,841,0.5168864135742187,0.6964080174763997,9.509633333333332,166.66666666666666,166.66666666666666,autoDriver,522,1126.0,4455015.0,5403228.5,2114,4512921.5,5380612.5,161,2,229,4459663.5,5404151.5,54,1,1,True,29460
308,186,4457530.5,5404122.5,164,4453228.0,5403351.5,HBW,842,3.754343994140625,4.959517415364584,16.174761666666665,166.66666666666666,166.66666666666666,autoDriver,542,924.0,4455866.0,5403928.0,4243,4475817.5,5330338.5,176,1,346,4460757.0,5401208.5,51,2,1,False,15648
310,232,4459609.0,5403893.5,324,4458543.5,5399455.0,HBW,858,5.562314453125,7.913353474934896,25.08032166666667,166.66666666666666,166.66666666666666,walk,511,9.0,4459896.5,5403896.0,3984,4465665.5,5329629.0,235,1,165,4455504.5,5405034.5,30,1,1,True,32280
312,213,4458607.0,5401985.0,167,4455885.5,5404300.5,HBW,862,4.80459619140625,6.457624308268229,16.74935,166.66666666666666,166.66666666666666,bus,540,707.0,4458532.5,5401094.5,833,4417631.0,5358038.0,310,0,348,4462509.0,5402931.5,49,1,1,True,19788
313,340,4459677.5,5401172.5,124,4463309.5,5406674.5,HBW,864,9.74379296875,10.341747029622397,45.57230666666667,166.66666666666666,166.66666666666666,autoDriver,1362,479.0,4457748.0,5398232.5,785,4417739.5,5360018.5,336,1,184,4457302.0,5404678.5,34,1,1,True,14136
314,340,4459677.5,5401172.5,354,4461109.5,5397745.0,HBW,865,5.02245849609375,7.796013895670573,21.140485,166.66666666666666,166.66666666666666,bicycle,357,774.0,4457313.5,5403022.0,799,4418370.0,5359136.0,204,1,229,4459663.5,5404151.5,41,2,1,True,15336
316,331,4455859.5,5396914.0,355,4461716.0,5397197.5,HBW,868,6.7167109375,6.519879659016927,53.35007333333333,166.66666666666666,166.66666666666666,autoDriver,382,669.0,4456471.0,5400344.0,412,4483066.5,5390235.5,301,1,144,4457660.5,5405507.5,63,2,1,False,32160
317,175,4457106.5,5404386.0,235,4460030.0,5403936.5,HBW,876,3.43320751953125,4.513103739420573,17.410588333333333,166.66666666666666,166.66666666666666,walk,476,1108.0,4459264.5,5404746.0,3392,4469149.0,5336409.0,224,0,348,4463375.5,5403096.5,33,1,1,False,28500
319,317,4458325.5,5400215.5,228,4460075.0,5404522.5,HBW,879,7.14836474609375,8.487464396158854,27.53288333333333,26.681943333333333,166.66666666666666,train,447,734.0,4459606.0,5404830.0,3605,4469811.0,5334131.0,224,1,324,4458681.0,5400025.5,38,1,1,True,44808
320,102,4451928.5,5402085.0,99,4451787.5,5402630.5,HBW,887,2.864189697265625,7.762250264485677,4.280410333333333,166.66666666666666,166.66666666666666,autoDriver,546,1141.0,4456780.0,5402080.5,3234,4468248.5,5336931.0,203,1,347,4461257.5,5401380.0,47,1,1,True,16968
321,102,4451928.5,5402085.0,140,4456309.5,5405791.0,HBW,888,10.241251953125,16.20116475423177,37.20460166666667,166.66666666666666,166.66666666666666,autoDriver,311,892.0,4455935.0,5400415.5,3609,4469375.0,5333723.5,298,2,346,4460488.5,5401122.0,44,2,1,True,17472
323,165,4454898.5,5404428.0,375,4470481.0,5412441.0,HBW,897,19.53980078125,21.40648396809896,35.87590333333333,166.66666666666666,166.66666666666666,autoDriver,361,526.0,4457049.5,5397017.5,1612,4481084.0,5363125.0,335,1,347,4461275.0,5401357.0,57,2,1,True,3576
324,174,4456533.0,5404331.0,133,4455001.854862692,5405556.48487139,HBW,900,3.450228759765625,3.911681620279948,15.918743833333334,166.66666666666666,166.66666666666666,bus,520,879.0,4453825.5,5405065.0,2077,4502137.0,5383914.5,164,1,318,4458474.5,5400413.0,39,1,2,True,3636
325,219,4460176.0,5405555.0,187,4457924.5,5404245.5,HBW,901,3.254941162109375,3.935303243001302,15.400411666666669,166.66666666666666,166.66666666666666,walk,463,1042.0,4458527.0,5403191.5,782,4416635.0,5357026.0,208,1,243,4459036.0,5402820.0,55,1,1,True,20484
327,205,4457942.0,5403247.0,332,4456571.0,5397597.0,HBW,908,8.13235302734375,10.337001546223958,30.62028833333333,166.66666666666666,166.66666666666666,bus,544,1118.0,4458694.5,5398349.5,2446,4415245.5,5324381.0,338,1,321,4455976.5,5398594.5,30,2,1,True,24660
329,216,4458866.0,5405237.5,41,4460869.0,5433253.0,HBW,909,34.915296875,25.026226806640626,251.69585,187.1743,166.66666666666666,autoDriver,375,844.0,4452732.5,5402570.0,2104,4509329.0,5378291.0,156,1,228,4460075.0,5404522.5,46,1,1,True,47040
331,216,4458866.0,5405237.5,250,4461209.0,5402519.0,HBW,910,3.137763916015625,4.871100362141927,28.829736666666665,166.66666666666666,166.66666666666666,autoDriver,546,1062.0,4456280.5,5404309.5,582,4413931.0,5362807.0,169,0,140,4457191.0,5405931.5,48,2,1,True,34440
333,336,4457812.5,5397977.5,241,4461043.0,5404084.0,HBW,919,10.1404755859375,10.945955403645833,35.27220833333333,166.66666666666666,166.66666666666666,bicycle,456,785.0,4459044.0,5403884.5,1399,4452286.5,5338406.5,231,1,346,4461164.0,5401081.5,46,1,1,True,18624
334,149,4454844.0,5404098.5,144,4457826.0,5405353.0,HBW,924,4.288208984375,5.632569885253906,166.66666666666666,166.66666666666666,166.66666666666666,autoDriver,490,1034.0,4459391.0,5400586.0,3772,4472358.0,5334959.5,342,1,253,4461490.5,5401836.0,39,1,1,True,17412
336,212,4458169.5,5401706.0,14,4438431.0,5412139.0,HBW,926,28.190310546875,24.61542561848958,245.51783333333333,224.51783333333333,166.66666666666666,autoDriver,458,831.0,4455992.5,5399412.0,431,4402871.0,5381673.5,319,0,346,4460689.0,5401052.0,41,2,1,True,127968
337,350,4460289.0,5400051.5,377,4467474.348937451,5404231.252257327,HBW,929,12.80560546875,12.466688028971356,177.89823333333334,166.66666666666666,166.66666666666666,autoPassenger,416,991.0,4456890.5,5400716.5,3024,4461466.5,5328143.5,300,0,348,4462608.5,5402664.5,61,2,2,True,0
338,350,4460289.0,5400051.5,308,4458636.5,5401516.0,HBW,930,3.215986083984375,4.763265991210938,16.270773333333334,166.66666666666666,166.66666666666666,autoDriver,359,756.0,4459777.0,5405522.0,4130,4471265.0,5324796.0,218,1,347,4461580.5,5401514.0,37,1,1,True,21168
339,199,4458558.5,5403344.0,206,4457255.5,5402630.0,HBW,931,2.36174609375,3.424641672770182,20.081838333333334,166.66666666666666,166.66666666666666,bicycle,357,738.0,4455433.5,5403476.5,2266,4526921.5,5368899.5,155,0,230,4460323.0,5404275.5,27,2,1,True,11256
341,309,4458401.0,5401159.0,321,4456233.5,5399144.5,HBW,938,3.919644775390625,5.449923197428386,10.494396666666669,166.66666666666666,166.66666666666666,walk,423,698.0,4456542.5,5397784.0,4214,4473309.0,5328733.0,330,1,347,4461623.5,5401056.0,36,1,1,True,21996
342,145,4458723.5,5405089.5,144,4457589.0,5405675.0,HBW,946,2.048522216796875,2.5786402384440104,30.934465,166.66666666666666,166.66666666666666,bicycle,511,907.0,4455545.0,5399328.0,3140,4464797.0,5325474.5,162,0,253,4461487.0,5401866.5,37,2,1,True,30612
343,101,4452280.5,5402342.5,61,4442423.5,5415850.0,HBW,947,22.430216796875,17.670574951171876,316.09863333333334,166.66666666666666,166.66666666666666,autoPassenger,603,1121.0,4456802.5,5403640.5,4293,4476146.5,5326086.5,182,0,297,4456873.0,5401342.0,50,2,1,True,13788
344,319,4455928.5,5399611.0,286,4451177.5,5398181.5,HBW,952,7.751775390625,8.0859130859375,36.4869,166.66666666666666,166.66666666666666,autoDriver,423,1032.0,4456226.5,5404045.5,3877,4475405.5,5333060.5,177,1,346,4461139.5,5401184.0,52,1,1,True,26952
347,241,4461182.0,5403434.0,148,4454242.0,5403737.0,HBW,969,8.07693603515625,10.58629862467448,26.96391833333333,166.66666666666666,166.66666666666666,autoDriver,461,1039.0,4455760.5,5407782.0,4560,4469657.0,5301162.5,134,0,173,4457174.0,5404689.0,43,1,1,True,36048
348,135,4456235.0,5407707.5,104,4448396.0,5408946.5,HBW,971,13.2668525390625,10.37529296875,12.972998333333331,166.66666666666666,166.66666666666666,autoDriver,508,1064.0,4457441.5,5402891.0,4539,4461208.0,5302189.0,206,0,165,4455504.5,5405034.5,59,1,1,True,51216
349,245,4458886.5,5402240.5,382,4477301.0,5403720.0,HBW,977,25.862703125,18.92009073893229,217.2449,43.37531333333333,166.66666666666666,train,754,1008.0,4459057.0,5406727.5,231,4458953.0,5404089.0,139,1,165,4456379.5,5405458.0,49,1,1,True,29952
351,350,4461002.5,5400458.0,229,4459663.5,5404151.5,HBW,978,6.4302353515625,6.717079671223958,42.052546666666665,166.66666666666666,166.66666666666666,autoDriver,494,73.0,4459260.0,5403390.0,4828,4508862.5,5302056.0,234,0,321,4455976.5,5398594.5,41,1,1,True,36576
353,98,4450749.0,5404476.0,113,4460026.0,5413105.0,HBW,985,17.208904296875,17.6142822265625,50.37156166666667,166.66666666666666,166.66666666666666,autoDriver,481,904.0,4455902.0,5403584.0,1265,4444936.0,5342748.0,178,0,253,4461512.0,5401904.5,32,1,1,True,42732
356,154,4455023.0,5403422.0,254,4462732.0,5403749.0,HBW,997,9.557056640625,12.547735595703124,30.992576666666665,166.66666666666666,166.66666666666666,bicycle,581,1162.0,4459078.0,5406361.5,2669,4456490.5,5334307.5,222,1,347,4461335.0,5401081.0,44,1,1,True,36372
357,336,4457839.5,5398163.5,143,4457215.5,5405242.5,HBW,1001,9.4340537109375,12.046720377604167,46.101505,166.66666666666666,166.66666666666666,autoDriver,274,703.0,4458199.0,5401512.0,2446,4415239.5,5324144.5,307,1,226,4459453.0,5404135.5,36,1,1,True,29100
359,213,4458703.0,5401813.0,1160,4465095.5,5365299.0,HBW,1005,47.7621015625,30.553041585286454,138.42286666666666,103.876595,166.66666666666666,autoDriver,381,1122.0,4456273.0,5400113.5,1671,4488743.0,5353297.5,298,2,348,4463359.5,5402925.5,61,1,1,True,29016
360,178,4455832.0,5403333.0,138,4456985.786989906,5407535.70034545,HBW,1007,9.23228125,13.066971842447916,32.881526666666666,166.66666666666666,166.66666666666666,autoDriver,413,1018.0,4457229.0,5401499.5,2403,4415276.0,5328491.0,297,2,164,4452877.0,5404303.5,52,2,1,True,12288
361,218,4460037.0,5405477.5,113,4460094.0,5412482.5,HBW,1009,8.713564453125,10.155392456054688,16.93822833333333,166.66666666666666,166.66666666666666,autoDriver,409,788.0,4454346.0,5404537.0,1166,4472772.5,5385018.5,147,1,316,4458581.5,5400804.0,46,2,1,True,11076
362,242,4462049.0,5403976.5,185,4457966.282234824,5404690.99889925,HBW,1014,4.98104833984375,6.704547627766927,14.166088833333331,166.66666666666666,166.66666666666666,bus,370,928.0,4458993.5,5405201.0,2375,4528824.5,5360830.0,216,1,164,4453228.0,5403351.5,30,1,3,True,6300
363,145,4458590.0,5405178.0,308,4458788.7072971165,5401357.337927789,HBW,1024,4.000646240234375,5.22704569498698,29.05189833333333,30.41418333333333,166.66666666666666,train,808,1399.0,4459101.5,5406482.5,3512,4465640.0,5332767.5,222,1,346,4460540.0,5401017.5,20,1,3,True,6024
365,186,4457278.0,5404255.5,318,4458474.5,5400413.0,HBW,1025,5.44563671875,7.145425415039062,20.417875,21.412096666666667,166.66666666666666,train,1133,38.0,4457055.5,5404251.5,3800,4472027.0,5333800.5,175,1,239,4460822.0,5405567.0,25,2,1,False,14304
366,254,4462800.5,5403881.0,72,4459361.5,5415034.5,HBW,1030,17.6837890625,17.919045003255206,173.57116666666667,166.66666666666666,166.66666666666666,autoDriver,401,922.0,4456056.5,5404281.0,2325,4509698.0,5356474.5,170,0,144,4457785.5,5405223.0,32,1,1,True,18276
367,219,4460191.0,5405685.0,111,4453843.0,5408290.5,HBW,1033,7.97706396484375,10.054376220703125,43.642085,166.66666666666666,166.66666666666666,autoDriver,407,802.0,4460127.5,5405808.0,2980,4453539.5,5326733.0,222,0,226,4459286.0,5404275.5,47,2,1,True,42300
368,340,4460041.5,5400947.0,250,4461209.0,5402519.0,HBW,1036,4.7118154296875,6.576554870605468,41.387345,166.66666666666666,166.66666666666666,autoDriver,342,934.0,4457037.5,5404434.0,1959,4476068.5,5343459.5,175,1,144,4457452.0,5405038.5,35,1,1,True,39264
369,340,4460041.5,5400947.0,406,4472041.5,5393724.5,HBW,1037,20.362509765625,17.485555013020832,226.00725,166.66666666666666,166.66666666666666,autoDriver,429,1144.0,4458440.5,5400232.0,4424,4469527.0,5320521.0,317,1,253,4461570.0,5401891.0,35,2,1,True,35028
370,312,4458030.5,5400508.0,365,4456484.0,5393830.0,HBW,1038,9.642724609375,11.634435017903646,37.36722,38.09956666666667,166.66666666666666,autoDriver,391,850.0,4456266.5,5404228.0,1690,4468968.5,5348940.5,171,1,233,4459043.0,5403419.0,40,2,1,True,3876
372,149,4454710.5,5404054.0,310,4458753.0,5401193.0,HBW,1040,5.8442216796875,8.036322021484375,166.66666666666666,166.66666666666666,166.66666666666666,walk,464,678.0,4459583.0,5400752.5,17,4428066.0,5396416.0,342,1,224,4459394.5,5404503.5,47,1,1,True,18588
373,149,4454710.5,5404054.0,352,4461314.0,5397950.0,HBW,1041,13.88819140625,14.616708374023435,166.66666666666666,166.66666666666666,166.66666666666666,bicycle,1029,147.0,4457678.5,5397983.5,33,4434055.5,5389588.5,336,1,227,4459765.5,5404551.0,40,2,1,True,4644
374,152,4455128.5,5403799.5,365,4457763.0,5394115.5,HBW,1043,14.4782822265625,18.218686930338546,51.73388666666666,49.36132,166.66666666666666,autoDriver,728,1025.0,4459146.0,5401962.5,488,4415388.5,5372996.5,247,1,140,4456571.0,5405677.0,48,1,1,True,24276
376,343,4459116.5,5400415.0,144,4457565.5,5405283.5,HBW,1066,6.106357421875,8.187120056152343,32.32152333333333,166.66666666666666,166.66666666666666,autoDriver,443,889.0,4457558.0,5397640.5,551,4436744.0,5369372.5,333,0,347,4461300.0,5401206.0,37,2,1,True,43692
379,241,4461156.5,5403471.5,105,4455722.0,5411925.5,HBW,1072,17.450935546875,17.814337158203124,61.657145,166.66666666666666,166.66666666666666,bus,469,673.0,4456600.0,5404337.0,482,4432980.5,5383506.5,174,0,165,4456104.5,5405097.5,22,1,1,False,8220
381,169,4456433.0,5404405.5,293,4445876.5,5390546.5,HBW,1073,21.928193359375,26.882130940755207,312.3131666666667,166.66666666666666,166.66666666666666,autoDriver,531,1119.0,4457781.0,5402948.5,1030,4438382.0,5362970.0,205,0,156,4453158.0,5403239.0,44,1,1,True,53040
383,314,4457926.5,5400441.5,408,4472495.5,5393243.0,HBW,1086,20.87244921875,20.547373453776043,92.87785666666667,166.66666666666666,166.66666666666666,bicycle,457,962.0,4457829.5,5401223.0,356,4462155.5,5398261.5,306,2,321,4455976.5,5398594.5,21,2,1,True,12048
384,241,4461186.5,5403943.5,147,4454659.0,5404290.5,HBW,1087,7.910873046875,10.828268432617188,34.520043333333334,166.66666666666666,166.66666666666666,autoDriver,604,1150.0,4454937.5,5403507.0,4579,4453281.5,5290120.0,154,1,297,4456873.0,5401342.0,50,1,1,True,41988
387,220,4459850.5,5405008.0,1110,4461079.5,5388420.0,HBW,1094,26.096345703125,17.414080810546874,381.41066666666666,166.66666666666666,166.66666666666666,autoDriver,1125,217.0,4455688.0,5403357.5,4600,4483336.5,5305784.0,178,1,321,4455976.5,5398594.5,46,1,1,True,27168
388,220,4459850.5,5405008.0,247,4459121.5,5401852.5,HBW,1095,5.13797412109375,5.559872436523437,29.82714833333333,166.66666666666666,166.66666666666666,autoDriver,478,1017.0,4456171.0,5403768.5,291,4447611.0,5393670.5,177,1,346,4460703.0,5401245.0,43,2,1,True,29616
390,243,4458861.5,5403299.0,132,4454049.0,5405879.0,HBW,1101,9.4319482421875,13.330325317382812,38.517155,166.66666666666666,166.66666666666666,autoDriver,475,1087.0,4459741.0,5405452.5,2294,4493532.0,5352353.0,218,2,164,4452877.0,5404303.5,46,1,1,True,22308
391,174,4456804.0,5404215.5,253,4461647.505082825,5402378.980204043,HBW,1103,7.143190917968751,9.418916829427085,23.63659833333333,166.66666666666666,166.66666666666666,bus,336,631.0,4455915.0,5404069.5,893,4421945.0,5358256.0,176,1,144,4457299.0,5405404.5,25,1,3,True,7524
392,216,4458872.0,5405215.0,9,4430135.5,5402593.0,HBW,1106,39.96746875,38.81413167317708,311.3270166666666,293.3270166666666,166.66666666666666,autoDriver,462,618.0,4457299.5,5401182.5,937,4416870.0,5356022.0,305,1,145,4458064.0,5405052.5,37,2,1,True,13200
394,216,4458872.0,5405215.0,149,4454740.0,5404068.5,HBW,1107,5.1639755859375,6.961231994628906,166.66666666666666,166.66666666666666,166.66666666666666,bicycle,480,949.0,4459343.0,5402465.0,3024,4461567.0,5328338.0,246,1,308,4458816.0,5401435.0,43,1,1,True,13608
395,216,4458872.0,5405215.0,149,4454740.0,5404068.5,HBW,1107,5.1639755859375,6.961231994628906,166.66666666666666,166.66666666666666,166.66666666666666,walk,887,237.0,4459343.0,5402465.0,3024,4461567.0,5328338.0,246,1,308,4458816.0,5401435.0,43,1,1,True,13608
398,187,4457709.5,5404288.0,286,4451177.5,5398181.5,HBW,1114,14.3587568359375,17.238846842447916,48.047716666666666,166.66666666666666,166.66666666666666,autoDriver,336,354.0,4459766.0,5400436.0,122,4463128.5,5408100.5,345,1,99,4451879.5,5402609.5,51,1,1,True,18360
399,187,4457709.5,5404288.0,2,4438657.5,5418966.5,HBW,1115,30.558376953125,26.546579996744796,84.71966666666667,166.66666666666666,166.66666666666666,autoDriver,538,1046.0,4456129.5,5399698.5,8,4442044.5,5429253.0,319,1,184,4457372.5,5404651.0,42,2,1,True,10704
400,247,4459074.0,5401739.5,339,4458945.5,5401106.5,HBW,1121,0.7266043090820312,1.0502274831136067,17.117383333333333,166.66666666666666,166.66666666666666,autoDriver,624,1125.0,4458463.5,5404520.5,2751,4462152.0,5337691.0,189,0,239,4461094.5,5405906.5,54,1,1,True,56436
401,247,4459074.0,5401739.5,144,4457420.5,5405292.0,HBW,1123,4.5309599609375,5.894383239746094,29.18819166666667,166.66666666666666,166.66666666666666,bus,324,849.0,4457617.5,5400182.0,4018,4468725.0,5330936.0,313,2,165,4455941.0,5405229.5,28,1,1,True,22764
402,187,4457911.5,5404206.0,375,4470809.0,5410715.0,HBW,1124,17.05484765625,18.327443440755207,31.875903333333333,166.66666666666666,166.66666666666666,autoDriver,935,1373.0,4458204.5,5402020.0,3551,4466509.0,5331508.0,212,2,145,4458057.5,5405151.0,31,1,1,True,21204
403,204,4457466.5,5403004.0,144,4457547.0,5405382.5,HBW,1128,2.662978759765625,3.7266342163085935,14.188191666666668,166.66666666666666,166.66666666666666,walk,406,833.0,4454835.5,5403626.0,2678,4458104.5,5334476.5,151,1,144,4457711.0,5405274.0,53,1,1,True,21048
404,344,4459569.0,5400396.0,144,4457310.5,5405146.0,HBW,1129,6.2359599609375005,8.257046508789063,33.33819166666667,166.66666666666666,166.66666666666666,bus,345,475.0,4456959.5,5404331.5,2817,4458867.5,5333895.0,175,0,141,4457147.0,5405571.5,44,1,1,True,26472
405,172,4456451.5,5404785.0,141,4456944.5,5405688.5,HBW,1137,1.081131103515625,1.6588443756103517,166.66666666666666,166.66666666666666,166.66666666666666,autoDriver,607,1017.0,4452727.5,5402135.5,2432,4432375.5,5330335.0,158,2,211,4458783.0,5402432.0,67,1,1,True,15720
406,172,4456451.5,5404785.0,140,4456673.5,5406079.5,HBW,1138,2.64304052734375,3.6255109151204423,1.2417361,166.66666666666666,166.66666666666666,autoDriver,472,607.0,4456450.5,5404654.5,1195,4470547.0,5366074.5,172,2,339,4458895.0,5401307.5,54,2,1,True,15240
407,172,4456451.5,5404785.0,140,4456673.5,5406079.5,HBW,1138,2.64304052734375,3.6255109151204423,1.2417361,166.66666666666666,166.66666666666666,autoDriver,490,1217.0,4456450.5,5404654.5,1195,4470547.0,5366074.5,172,2,339,4458895.0,5401307.5,54,2,1,True,15240
408,172,4456451.5,5404785.0,110,4453458.0,5408241.5,HBW,1141,8.334591796875,11.71613260904948,37.49419833333333,166.66666666666666,166.66666666666666,autoDriver,568,1108.0,4459447.5,5403377.5,1212,4481119.0,5363344.5,234,2,185,4457720.0,5404649.0,26,1,1,True,13908
409,186,4457456.5,5404118.0,179,4456054.5,5403543.5,HBW,1146,2.16826171875,3.211034138997396,6.551678999999999,166.66666666666666,166.66666666666666,autoDriver,502,763.0,4458385.5,5401850.0,516,4418141.0,5363857.0,212,1,229,4459938.5,5404242.5,29,1,1,True,21828
410,102,4451722.5,5401494.5,292,4448313.0,5392814.0,HBW,1156,22.411583984375,28.303531901041666,367.65358333333336,166.66666666666666,166.66666666666666,autoDriver,358,1180.0,4459658.0,5401055.5,442,4396535.5,5363690.0,340,1,230,4460174.0,5404449.5,28,2,1,True,22956
411,315,4458396.0,5400544.0,286,4452908.495632967,5398674.634383023,HBW,1158,10.472884765625,11.458170572916666,41.4869,166.66666666666666,166.66666666666666,bicycle,648,1427.0,4458529.0,5398871.5,4133,4471442.5,5326038.0,326,1,348,4463359.5,5402925.5,35,2,2,True,4800
412,245,4458970.5,5402386.0,347,4461300.0,5401206.0,HBW,1168,3.038400390625,3.920609792073568,16.944543333333332,166.66666666666666,166.66666666666666,walk,493,933.0,4459590.5,5403490.0,4712,4502590.0,5312304.0,234,1,247,4459121.5,5401852.5,25,2,1,True,22788
413,100,4451967.5,5402133.5,307,4458324.0,5401666.0,HBW,1170,8.34703515625,10.91627197265625,36.54050333333333,166.66666666666666,166.66666666666666,bus,401,1022.0,4457570.5,5400313.0,4751,4500140.5,5302647.0,313,0,338,4458774.5,5398358.5,36,1,1,True,32328
414,100,4451967.5,5402133.5,140,4456452.5,5405790.5,HBW,1171,8.319933593750001,10.670287068684896,37.20460166666667,166.66666666666666,166.66666666666666,bicycle,674,1189.0,4456209.0,5404609.0,4741,4497110.0,5304062.5,166,1,253,4461512.0,5401904.5,30,2,1,True,3852
415,201,4456559.5,5402558.0,165,4455504.5,5405034.5,HBW,1175,3.0396306152343757,4.315621948242187,28.897001666666664,166.66666666666666,166.66666666666666,walk,846,1346.0,4457030.5,5397499.0,1187,4485764.5,5377237.0,333,0,99,4451863.5,5402680.0,62,2,1,True,22140
416,201,4456559.5,5402558.0,210,4458063.5,5402470.0,HBW,1176,1.9218668212890624,2.954699198404948,27.858276666666665,166.66666666666666,166.66666666666666,autoDriver,433,996.0,4456508.5,5404947.0,4899,4522034.5,5308416.0,142,1,348,4463394.0,5402695.5,63,2,1,False,34200
417,176,4455851.5,5403819.5,224,4459294.0,5404643.5,HBW,1177,4.9058310546875,6.417286682128906,14.881964166666668,166.66666666666666,166.66666666666666,bicycle,721,1299.0,4462370.5,5404062.5,4885,4510725.5,5293034.5,254,2,348,4463375.5,5403096.5,41,2,1,True,15492
418,320,4457214.5,5399748.5,120,4467780.0,5410116.0,HBW,1184,21.52676953125,22.613014729817703,52.625208333333326,166.66666666666666,166.66666666666666,autoDriver,1118,101.0,4458516.0,5404210.0,75,4469214.0,5433158.5,191,1,145,4458064.0,5405052.5,19,1,1,True,0
419,139,4458914.0,5406512.0,143,4457043.5,5405258.5,HBW,1188,5.23455322265625,7.082293701171875,11.032408333333333,166.66666666666666,166.66666666666666,walk,806,1367.0,4458271.0,5398055.0,371,4460487.0,5391346.5,338,3,347,4461580.5,5401514.0,32,2,1,True,15876
420,148,4454410.0,5404043.0,157,4453657.0,5403010.0,HBW,1195,2.795658203125,3.4661936442057293,7.680635499999999,166.66666666666666,166.66666666666666,bicycle,532,1060.0,4458732.5,5404535.5,578,4412826.5,5363031.5,189,1,347,4461580.5,5401514.0,61,2,1,True,8448
421,166,4456372.5,5404629.5,104,4446769.5,5409826.0,HBW,1207,17.48790234375,14.25512186686198,35.973,166.66666666666666,166.66666666666666,autoDriver,437,657.0,4456827.5,5404692.5,636,4408427.5,5339357.0,172,2,144,4457852.5,5405105.0,23,2,1,True,14364
422,172,4456837.5,5404591.5,228,4460176.0,5404504.0,HBW,1208,4.089004638671876,5.8034515380859375,15.481943333333334,166.66666666666666,166.66666666666666,autoDriver,372,1156.0,4458856.5,5398015.5,2384,4412077.0,5336580.0,338,2,239,4461964.0,5405814.0,46,1,1,True,30456
423,172,4456837.5,5404591.5,142,4456810.5,5405275.5,HBW,1209,0.2858490600585937,0.5716981252034505,3.031624666666666,166.66666666666666,166.66666666666666,walk,457,699.0,4455518.5,5403731.0,511,4416704.0,5365080.5,153,1,140,4456543.5,5406056.5,46,2,1,True,2760
424,172,4456837.5,5404591.5,309,4458456.0,5401083.0,HBW,1210,5.22045556640625,7.389323425292969,17.352335,15.041878333333331,166.66666666666666,train,484,1279.0,4458822.5,5404626.0,1048,4417057.0,5347978.5,189,1,144,4457452.0,5405038.5,21,2,1,True,17976
425,339,4459209.0,5401676.0,407,4476392.0,5392953.0,HBW,1212,24.331490234375,21.21982421875,217.43595,166.66666666666666,166.66666666666666,autoDriver,1033,178.0,4458690.5,5398841.5,1246,4453392.5,5358210.5,326,0,348,4463359.5,5402925.5,43,2,1,True,26988
426,206,4457647.0,5402601.5,207,4457889.5,5402876.0,HBW,1216,0.6960534057617188,1.451364008585612,166.66666666666666,166.66666666666666,166.66666666666666,walk,417,1192.0,4460092.5,5404116.0,1310,4451556.5,5341924.5,230,1,144,4457826.0,5405353.0,60,1,1,True,11904
427,311,4457526.5,5400628.5,349,4459222.0,5399478.0,HBW,1220,3.28667138671875,4.541332499186198,31.24178,166.66666666666666,166.66666666666666,bicycle,359,891.0,4456363.0,5407644.5,1128,4463136.0,5376669.0,137,1,210,4458156.5,5402439.5,34,2,1,True,8388
428,147,4454783.5,5404591.0,346,4461175.5,5401215.0,HBW,1224,8.07413720703125,11.442979939778644,36.8909,166.66666666666666,166.66666666666666,autoDriver,338,1133.0,4459747.0,5403959.0,83,4477211.5,5425110.0,235,1,145,4458064.0,5405052.5,59,1,1,True,21696
429,245,4458867.5,5402152.5,163,4455229.0,5401898.0,HBW,1226,4.7804169921875,6.238247680664062,60.60196166666666,166.66666666666666,166.66666666666666,autoDriver,366,732.0,4449068.0,5404812.5,4797,4509385.0,5302657.5,98,0,164,4452877.0,5404303.5,33,1,1,True,26340
430,301,4456457.5,5400282.5,366,4460998.5,5393454.5,HBW,1235,10.1122275390625,12.296473185221354,48.521,166.66666666666666,166.66666666666666,bicycle,319,862.0,4457508.5,5400344.0,1247,4454392.5,5357846.5,313,0,228,4460075.0,5404522.5,53,1,1,True,29640
431,333,4457457.5,5397572.5,1092,4445943.5,5381587.0,HBW,1241,22.269880859375,20.654691569010417,370.1098666666667,98.859245,166.66666666666666,autoDriver,441,1021.0,4455994.0,5403718.0,4722,4517456.0,5325191.5,176,0,188,4458137.0,5404661.0,48,2,1,True,11028
432,229,4459727.5,5404133.5,122,4463489.5,5408327.5,HBW,1245,8.7378896484375,7.651092020670573,22.113535,166.66666666666666,166.66666666666666,bus,482,750.0,4461787.0,5403924.5,2867,4463012.5,5333735.0,242,1,190,4458100.5,5404131.0,26,2,1,True,18636
433,97,4447223.0,5403606.0,15,4430100.5,5402719.5,HBW,1246,18.17023828125,18.93329060872396,658.4271666666666,169.86068333333333,166.66666666666666,autoDriver,474,810.0,4456919.5,5404530.0,403,4471101.0,5393784.0,173,0,178,4455843.5,5403552.5,41,1,1,True,51888
434,226,4459306.0,5404489.5,256,4463468.0,5402506.5,HBW,1250,8.8269453125,8.242725118001301,54.75577,166.66666666666666,166.66666666666666,autoDriver,423,847.0,4460988.0,5400615.5,1265,4444888.5,5342692.5,350,1,140,4457007.0,5405952.0,31,1,1,True,52440
435,311,4457332.5,5400849.5,1089,4444926.340589626,5381929.359527638,HBW,1253,26.258671875,27.64052124023437,361.60175,32.17439,166.66666666666666,train,456,1023.0,4459060.0,5401895.5,3024,4461466.5,5328143.5,247,1,347,4461580.5,5401514.0,56,1,1,True,9960
436,204,4457585.0,5403287.5,196,4458267.0,5403968.5,HBW,1261,1.58181298828125,2.031104405721029,9.654546166666668,166.66666666666666,166.66666666666666,walk,1301,538.0,4459840.5,5404121.0,4156,4472877.0,5329721.5,229,1,144,4457333.5,5405161.0,55,1,1,True,30396
437,217,4459540.0,5404970.5,224,4459394.5,5404503.5,HBW,1266,0.3977530212402344,0.5,11.517399166666667,166.66666666666666,166.66666666666666,walk,597,1161.0,4459861.5,5406106.5,4166,4473879.0,5330227.5,222,1,141,4457026.5,5405407.5,46,1,1,True,34188
438,313,4457615.0,5400300.0,251,4461827.2876928,5403207.455079854,HBW,1275,7.61807275390625,10.47510782877604,21.88011,166.66666666666666,166.66666666666666,autoDriver,364,968.0,4458725.5,5399862.5,3984,4465665.5,5329629.0,324,1,144,4457660.5,5405507.5,55,2,1,True,3744
439,191,4458815.0,5404372.0,187,4457705.0,5404436.5,HBW,1279,1.4779437255859376,1.9466267903645835,14.205411666666668,166.66666666666666,166.66666666666666,autoDriver,402,774.0,4458893.0,5401673.0,1047,4417878.0,5348755.0,339,2,155,4455416.0,5403622.5,52,1,1,True,10596
440,176,4456024.0,5403938.5,140,4456689.0,5406381.0,HBW,1285,4.2095341796875,5.603474934895833,14.061843833333334,166.66666666666666,166.66666666666666,bicycle,496,677.0,4456579.5,5404191.5,714,4417893.0,5361399.0,174,1,143,4457154.5,5405163.5,48,2,1,True,16572
441,176,4456024.0,5403938.5,346,4460895.5,5401042.5,HBW,1286,6.3529033203125005,8.707297770182292,28.839673333333334,166.66666666666666,166.66666666666666,autoDriver,400,863.0,4460338.0,5403707.0,679,4416336.5,5360209.0,236,1,144,4457395.5,5404949.5,18,2,1,True,1020
442,241,4461211.5,5403716.0,131,4454125.0,5406980.5,HBW,1288,11.0966728515625,15.307861328125,40.42621333333333,166.66666666666666,166.66666666666666,bicycle,705,1371.0,4456755.0,5397334.0,4922,4526293.0,5302325.0,332,0,346,4460703.0,5401245.0,22,2,1,True,17796
443,350,4461621.0,5400041.5,200,4455670.5,5402675.0,HBW,1290,6.304509765625,8.843009440104167,31.792655,166.66666666666666,166.66666666666666,bus,493,1014.0,4458879.0,5404024.0,724,4418065.0,5360248.5,231,2,347,4461623.5,5401056.0,30,1,1,True,21024
444,181,4457039.5,5403788.5,185,4457665.5,5404829.0,HBW,1294,1.639711669921875,2.5595133463541666,3.2168345,166.66666666666666,166.66666666666666,autoDriver,1058,1440.0,4459408.5,5402764.0,1480,4460167.0,5338182.5,243,1,184,4457372.5,5404651.0,26,1,1,True,960
445,154,4454877.5,5403433.5,144,4457826.0,5405353.0,HBW,1296,4.4885058593750005,6.090220642089844,30.62425,166.66666666666666,166.66666666666666,autoDriver,400,533.0,4454167.0,5403956.5,2571,4452119.5,5331696.0,148,1,226,4459473.0,5404203.0,52,1,1,True,12636
446,316,4458723.5,5400773.5,164,4452877.0,5404303.5,HBW,1303,7.0738994140625,9.760066731770833,28.716255,166.66666666666666,166.66666666666666,autoDriver,347,901.0,4456323.5,5404261.0,1212,4481015.5,5363378.5,171,2,207,4458010.5,5402880.0,35,1,1,True,57492
447,102,4451526.5,5401824.0,164,4452877.0,5404303.5,HBW,1308,6.6549228515625005,11.650714111328124,38.96526666666667,166.66666666666666,166.66666666666666,autoDriver,541,1207.0,4459899.0,5400988.5,1572,4471221.5,5351390.0,340,1,348,4463366.0,5403002.0,52,2,1,True,14040
448,102,4451526.5,5401824.0,151,4454630.5,5403802.5,HBW,1309,5.45259716796875,9.843896484375,14.7789255,166.66666666666666,166.66666666666666,autoDriver,322,863.0,4459356.0,5401804.0,1243,4456774.5,5360178.0,248,0,185,4457665.5,5404829.0,30,1,1,True,5280
449,102,4451526.5,5401824.0,175,4457213.0,5404344.5,HBW,1310,8.380513671875,13.867026774088542,17.244236666666666,166.66666666666666,166.66666666666666,autoDriver,447,698.0,4458325.0,5399889.5,3894,4475162.0,5331936.5,324,0,143,4457215.5,5405242.5,29,1,1,True,11076
450,158,4452681.5,5402096.0,125,4463828.0,5408416.0,HBW,1312,15.0077333984375,18.399627685546875,40.309648333333335,166.66666666666666,166.66666666666666,autoDriver,494,1091.0,4458586.5,5400645.5,4588,4477115.0,5305096.0,316,2,141,4457026.5,5405407.5,48,1,1,True,25980
451,146,4454208.0,5404434.5,197,4458724.0,5403978.5,HBW,1318,5.476171875,7.500360107421875,21.085028333333334,166.66666666666666,166.66666666666666,autoDriver,1231,431.0,4456881.5,5400927.0,800,4418765.5,5359262.0,297,2,185,4457665.5,5404829.0,30,1,1,True,9480
452,191,4458682.0,5404332.0,197,4458724.0,5403978.5,HBW,1336,0.5336858520507812,0.8081313451131185,5.5966955,166.66666666666666,166.66666666666666,walk,835,1384.0,4457158.5,5404191.5,4625,4487480.0,5293974.0,175,1,347,4461580.5,5401514.0,54,2,1,True,11280
453,314,4458004.5,5400494.0,67,4455485.0,5423228.0,HBW,1339,33.6778359375,26.43341064453125,74.63426166666666,166.66666666666666,166.66666666666666,bus,559,664.0,4457094.5,5405168.0,3320,4467828.0,5336001.0,143,3,188,4458080.5,5404846.0,46,1,1,True,13704
454,217,4459531.5,5405020.5,75,4468463.0,5433644.5,HBW,1342,40.4404921875,28.961505126953124,268.6487,209.2653666666667,166.66666666666666,autoDriver,857,1181.0,4456645.5,5396946.5,208,4458237.0,5402559.0,334,1,144,4457333.5,5405161.0,49,1,1,True,30036
455,143,4456872.5,5405178.0,227,4459765.5,5404551.0,HBW,1350,3.737133544921875,4.72437744140625,26.49376833333333,166.66666666666666,166.66666666666666,bus,1057,209.0,4459089.5,5400624.0,2034,4514448.5,5399963.0,341,1,141,4457026.5,5405407.5,39,1,1,True,30384
456,240,4461936.5,5404242.0,133,4454806.0,5405195.0,HBW,1351,10.0723056640625,12.361671956380208,42.46593333333333,166.66666666666666,166.66666666666666,autoDriver,363,615.0,4461124.5,5403992.0,258,4439753.5,5400351.5,241,1,208,4458584.5,5403139.0,44,1,1,True,9744
457,172,4456569.5,5404620.0,210,4458156.5,5402439.5,HBW,1352,3.90495751953125,5.529865010579427,24.402128333333334,166.66666666666666,166.66666666666666,autoDriver,493,754.0,4458893.0,5401673.0,43,4461228.0,5432592.0,339,1,165,4455504.5,5405034.5,32,1,1,True,35508
458,225,4459246.5,5404372.5,226,4459473.0,5404203.0,HBW,1361,0.807832275390625,1.3357382456461588,2.9697365,166.66666666666666,166.66666666666666,autoDriver,481,1150.0,4456102.0,5404242.5,2465,4416902.5,5323627.5,170,1,229,4459663.5,5404151.5,48,1,1,True,21444
459,225,4459246.5,5404372.5,139,4457569.5,5405781.0,HBW,1363,3.913580322265625,5.429038492838542,17.453596666666666,14.120442666666666,166.66666666666666,autoDriver,477,818.0,4460307.0,5399849.5,4918,4525771.0,5301416.0,350,1,321,4455976.5,5398594.5,19,1,1,True,14220
460,187,4457828.5,5404131.0,253,4461512.0,5401904.5,HBW,1370,5.8896279296875,7.948883056640625,20.736598333333333,166.66666666666666,166.66666666666666,walk,435,782.0,4456100.5,5403334.5,2987,4453448.5,5325228.5,179,1,208,4458584.5,5403139.0,46,1,1,True,29976
461,187,4457828.5,5404131.0,144,4457733.5,5405147.5,HBW,1372,0.86861865234375,1.1270084381103516,3.873840833333333,166.66666666666666,166.66666666666666,autoDriver,371,834.0,4460000.5,5403849.0,3985,4465565.0,5329203.5,235,3,200,4456547.5,5403133.5,18,1,1,True,9024
462,152,4455078.0,5403741.5,363,4463531.5,5396835.5,HBW,1374,15.1097255859375,15.09940185546875,303.7734,166.66666666666666,166.66666666666666,bicycle,447,925.0,4456611.5,5404605.0,1344,4458432.0,5346950.0,172,1,184,4457475.0,5404851.0,47,1,1,True,25380
463,177,4456390.0,5403845.5,318,4458688.5,5400107.5,HBW,1375,5.57825439453125,7.837764994303385,34.038016666666664,166.66666666666666,166.66666666666666,autoDriver,900,1109.0,4456946.0,5404224.0,199,4458722.5,5403602.5,175,0,182,4456837.0,5403305.5,31,1,1,True,10068
464,234,4459590.0,5403499.0,253,4461512.0,5401904.5,HBW,1390,4.39757421875,5.82249501546224,13.069931666666667,166.66666666666666,166.66666666666666,walk,609,890.0,4456625.5,5403806.0,1693,4469108.0,5348827.0,180,1,230,4460174.0,5404449.5,33,1,1,True,44844
465,236,4460264.0,5403741.0,352,4461494.394356865,5397921.074169137,HBW,1394,9.2069296875,6.533269246419271,36.96586666666667,166.66666666666666,166.66666666666666,bus,822,9.0,4462428.0,5404319.0,3788,4474313.0,5335112.5,240,1,188,4458195.5,5404715.5,26,1,3,True,11460
466,228,4460171.5,5404810.5,311,4457559.5,5400811.0,HBW,1395,7.2752158203125,8.58545633951823,24.742821666666668,166.66666666666666,166.66666666666666,bus,528,1105.0,4460133.0,5405608.5,272,4440933.5,5399133.5,219,0,321,4455976.5,5398594.5,37,1,1,True,8472
467,312,4457990.0,5400632.0,291,4447537.5,5393565.5,HBW,1403,16.0968125,18.929593912760417,45.81643333333333,166.66666666666666,166.66666666666666,autoPassenger,468,955.0,4457307.5,5404503.0,4302,4477301.0,5325667.5,184,0,228,4460075.0,5404522.5,47,2,1,True,16512
468,312,4457990.0,5400632.0,319,4456375.0,5400079.5,HBW,1404,2.5670637207031253,3.6412981669108073,0.8634916333333332,166.66666666666666,166.66666666666666,autoDriver,449,980.0,4458721.5,5401888.0,4797,4509385.0,5302813.0,213,2,144,4457659.0,5405216.0,18,1,1,True,6228
469,312,4457990.0,5400632.0,319,4456375.0,5400079.5,HBW,1404,2.5670637207031253,3.6412981669108073,0.8634916333333332,166.66666666666666,166.66666666666666,autoDriver,438,858.0,4458721.5,5401888.0,4797,4509385.0,5302813.0,213,2,144,4457659.0,5405216.0,18,1,1,True,6228
470,234,4459274.0,5403596.5,201,4457057.0,5403178.5,HBW,1415,3.831074951171875,5.431644185384115,44.211958333333335,166.66666666666666,166.66666666666666,autoDriver,534,1176.0,4458927.0,5405995.5,4659,4501904.0,5327393.0,222,1,145,4458215.0,5404919.0,46,1,1,True,17664
471,234,4459404.5,5403400.5,346,4460630.520819921,5401123.107404062,HBW,1419,4.610380371093751,4.386827596028645,26.508556666666667,166.66666666666666,166.66666666666666,autoPassenger,468,776.0,4459672.0,5404969.0,1922,4469793.0,5338736.0,220,0,253,4461512.0,5401904.5,58,2,2,True,4224
472,350,4461241.5,5400495.0,355,4461668.2551842425,5397550.252508162,HBW,1423,3.842636962890625,5.158622233072917,19.91673833333333,166.66666666666666,166.66666666666666,walk,5,574.0,4458302.0,5399938.5,4658,4498111.0,5323618.0,324,2,348,4463375.5,5403096.5,78,2,2,False,16956
473,254,4462088.0,5404065.0,179,4456313.5,5403634.5,HBW,1425,7.97340234375,10.576896158854169,30.063626666666668,166.66666666666666,166.66666666666666,bus,469,1102.0,4458230.5,5404104.5,2944,4463376.0,5331480.5,190,1,253,4461512.0,5401904.5,41,1,1,True,20580
474,169,4456436.0,5404452.5,327,4455636.5,5398538.0,HBW,1426,14.0713134765625,15.968630981445312,70.62471666666667,166.66666666666666,166.66666666666666,autoDriver,419,862.0,4457964.0,5402782.0,3660,4468624.0,5332762.5,207,0,348,4463366.0,5403002.0,44,2,1,True,22524
475,312,4457687.0,5400643.5,132,4455248.5,5406032.0,HBW,1429,10.123583984375,13.92277323404948,42.517155,166.66666666666666,166.66666666666666,bus,563,981.0,4458741.5,5404363.0,4199,4473267.0,5329406.5,191,1,348,4463366.0,5403002.0,36,1,1,True,37440
476,312,4457687.0,5400643.5,143,4456997.0,5405220.5,HBW,1430,6.03735693359375,7.737013244628906,36.44968333333334,166.66666666666666,166.66666666666666,autoDriver,715,1131.0,4456423.5,5403886.5,827,4419724.5,5358914.5,177,1,225,4459219.5,5404196.5,32,2,1,True,16212
477,350,4461047.5,5400826.0,249,4459717.5,5401858.0,HBW,1432,3.361677001953125,4.273988850911458,166.66666666666666,166.66666666666666,166.66666666666666,walk,595,1170.0,4459132.5,5406685.5,3153,4450164.0,5318781.5,139,3,253,4461512.0,5401904.5,24,2,1,True,17340
478,180,4456711.5,5404046.0,165,4456379.5,5405458.0,HBW,1434,2.052367431640625,2.8954396565755207,4.677491333333333,166.66666666666666,166.66666666666666,autoDriver,475,883.0,4459950.5,5403440.5,2104,4509482.0,5378188.0,237,1,316,4458581.5,5400804.0,38,1,1,True,47868
479,171,4456389.0,5404151.5,145,4458064.0,5405052.5,HBW,1439,3.16777685546875,4.77253926595052,13.199051666666666,166.66666666666666,166.66666666666666,walk,456,1054.0,4459067.5,5404819.5,165,4456026.0,5404718.5,223,1,185,4457681.0,5404681.5,52,2,1,True,19476
480,98,4450405.0,5404814.0,269,4440080.2339558,5398946.475140653,HBW,1442,13.386796875,13.949635823567707,47.59441666666667,60.2944,166.66666666666666,autoDriver,453,931.0,4455938.0,5404227.0,1925,4468665.5,5337761.5,167,3,144,4457432.0,5405192.0,23,2,3,True,3780
481,334,4456723.5,5397167.0,1109,4453975.5,5384521.0,HBW,1444,14.1623193359375,13.900345865885416,321.01151666666664,166.66666666666666,166.66666666666666,autoDriver,602,1022.0,4446835.0,5403333.0,4027,4469022.0,5330715.0,97,1,165,4456279.5,5405325.0,47,1,1,True,18924
482,197,4458796.0,5403710.0,249,4460353.0,5402244.0,HBW,1445,4.10119921875,3.997886149088542,166.66666666666666,166.66666666666666,166.66666666666666,autoDriver,351,794.0,4459382.0,5402758.0,511,4416795.5,5365204.0,243,0,348,4462812.0,5402676.0,31,2,1,True,29928
483,320,4457239.0,5399937.0,255,4463853.5,5402689.5,HBW,1446,12.5747529296875,13.115744018554688,56.44792833333333,166.66666666666666,166.66666666666666,autoDriver,511,1024.0,4458393.5,5400471.0,551,4436847.5,5369254.0,317,1,188,4458251.5,5404848.5,55,1,1,True,23508
484,187,4457792.5,5404300.5,355,4461533.0,5397363.0,HBW,1453,11.062890625,8.283074951171875,47.91674,45.46674,166.66666666666666,autoDriver,642,1113.0,4459807.0,5403866.5,1780,4469046.0,5341590.0,235,0,348,4463475.5,5402807.5,42,1,1,True,37140
485,324,4458810.0,5399676.0,81,4476904.0,5425725.5,HBW,1457,43.9263828125,35.24917805989583,543.7212833333333,233.62126666666663,166.66666666666666,tramOrMetro,394,753.0,4456428.0,5407511.5,560,4396316.0,5357898.0,137,2,140,4456743.0,5406346.0,32,2,1,True,21456
486,340,4459739.0,5401530.0,1161,4469184.5,5385917.5,HBW,1465,21.271328125,17.118636067708334,176.2716,28.086331666666663,166.66666666666666,autoDriver,406,627.0,4456655.5,5408228.0,55,4440777.5,5417293.0,134,1,346,4461234.5,5401229.0,33,1,1,True,22932
487,340,4459739.0,5401530.0,1714,4475621.5,5347610.5,HBW,1466,63.24027734375,36.38916829427083,193.5635333333333,101.68019166666666,166.66666666666666,autoDriver,425,494.0,4451924.5,5404553.5,55,4440667.5,5417230.0,98,0,153,4455516.5,5403899.0,36,2,1,True,32616
488,211,4458792.5,5402265.5,348,4463375.5,5403096.5,HBW,1470,4.4156962890625,5.688760375976562,9.900766,166.66666666666666,166.66666666666666,walk,413,458.0,4454981.0,5403500.0,1615,4480171.0,5362006.0,154,1,145,4458064.0,5405052.5,25,1,1,True,9072
489,211,4458792.5,5402265.5,331,4456384.5,5397612.5,HBW,1471,7.19705224609375,9.859566243489583,21.58554,166.66666666666666,166.66666666666666,bicycle,464,1099.0,4459807.5,5404121.5,1615,4479974.5,5361986.0,229,2,161,4455200.5,5403016.5,21,2,1,True,11292
490,168,4456234.5,5404324.0,346,4460998.5,5401263.0,HBW,1473,8.2573828125,9.0469970703125,28.823006666666668,166.66666666666666,166.66666666666666,autoDriver,447,1191.0,4457946.0,5404133.0,2126,4514763.0,5379856.0,187,0,140,4456697.5,5405594.0,54,1,1,True,33144
491,98,4449075.5,5404751.5,327,4453765.0,5398415.0,HBW,1476,18.8011875,17.268044026692706,202.6247,166.66666666666666,166.66666666666666,autoDriver,470,923.0,4456447.0,5402618.0,3001,4460446.5,5330549.0,200,1,321,4455976.5,5398594.5,41,1,1,True,24936
492,186,4457287.5,5404142.5,96,4444091.0,5405927.5,HBW,1484,17.873888671875,19.220865885416668,35.22067833333333,166.66666666666666,166.66666666666666,autoDriver,424,793.0,4462176.0,5403693.5,3501,4468079.5,5334383.0,254,0,347,4461335.0,5401081.0,44,2,1,True,15204
494,330,4456528.0,5397880.5,327,4455636.5,5398538.0,HBW,1487,4.34602587890625,5.241079711914063,26.755948333333333,166.66666666666666,166.66666666666666,autoPassenger,908,126.0,4457512.0,5403027.0,4780,4508141.5,5303282.0,204,2,164,4452877.0,5404303.5,49,1,1,True,16884
2,224,4459357.5,5404594.5,232,4459463.5,5403782.0,HBE,8,1.204975830078125,1.8307027180989583,3.7681806666666655,166.66666666666666,166.66666666666666,bus,490,1266.0,4457881.5,5404141.5,2349,4509916.0,5342250.0,187,1,297,4457056.5,5401411.5,12,1,3,False,0
4,224,4459357.5,5404594.5,232,4459463.5,5403782.0,HBE,10,1.204975830078125,1.8307027180989583,3.7681806666666655,166.66666666666666,166.66666666666666,bicycle,787,1121.0,4456535.5,5407465.0,3511,4468226.5,5333063.0,138,1,140,4456673.5,5406079.5,7,1,3,False,0
6,174,4456712.5,5404189.0,167,4455973.5,5404410.5,HBE,17,1.337767333984375,1.6493470509847006,1.1518416666666669,166.66666666666666,166.66666666666666,walk,527,907.0,4460026.0,5403523.5,3195,4452662.0,5313519.5,237,2,165,4455504.5,5405034.5,9,1,3,False,0
7,174,4456712.5,5404189.0,204,4457456.409626772,5402912.784558393,HBE,19,1.878945678710937,2.9732574462890624,11.822133333333332,166.66666666666666,166.66666666666666,autoPassenger,475,1062.0,4457923.0,5404332.5,1028,4432269.5,5356147.0,187,2,348,4462630.0,5403017.5,5,1,2,False,0
8,142,4456667.5,5404988.5,165,4455914.0,5404697.0,HBE,23,0.9097730712890624,1.1599966684977214,0.888102,166.66666666666666,166.66666666666666,walk,466,748.0,4456771.0,5403936.5,1826,4465618.0,5338691.5,180,0,297,4457005.0,5401373.5,15,1,3,False,0
9,138,4456535.5,5407465.0,137,4456360.5,5407332.0,HBE,28,0.783398681640625,1.4876434326171877,28.39363833333333,166.66666666666666,166.66666666666666,walk,470,793.0,4460030.0,5401073.5,2072,4496084.5,5379556.5,340,2,144,4457296.0,5405048.0,7,1,3,False,1476
11,175,4456909.5,5404174.5,194,4457335.0,5403523.0,HBE,31,1.2767236328125,1.97975705464681,11.603793333333334,166.66666666666666,166.66666666666666,bicycle,592,932.0,4457902.0,5403050.0,415,4484175.0,5389644.5,205,1,226,4459581.0,5404390.5,13,1,3,False,0
14,219,4460105.5,5405390.5,207,4457859.0,5402599.0,HBE,39,4.61388720703125,6.460392252604167,22.43329,166.66666666666666,166.66666666666666,walk,448,547.0,4459522.5,5401280.5,1636,4482359.5,5361860.0,339,1,164,4453228.0,5403351.5,17,1,3,False,0
15,219,4460105.5,5405390.5,124,4462088.0,5407974.5,HBE,40,4.40974560546875,5.05,22.572308333333336,166.66666666666666,166.66666666666666,bus,464,1022.0,4458273.0,5400741.5,1603,4478947.5,5362345.0,315,3,325,4457716.0,5398636.0,14,2,3,False,0
16,219,4460105.5,5405390.5,222,4459199.5,5406133.5,HBE,41,0.7786685180664062,1.2166666666666666,6.819458333333333,166.66666666666666,166.66666666666666,walk,890,1262.0,4459027.5,5402025.5,1212,4481119.0,5363344.5,247,1,145,4458064.0,5405052.5,12,2,3,False,0
17,172,4456611.0,5404762.5,172,4456831.0,5404534.0,HBE,44,0.2188723602294922,0.388549009958903,3.663400833333333,166.66666666666666,166.66666666666666,bus,466,653.0,4459663.5,5405538.0,1572,4471413.5,5351486.5,218,0,348,4462630.0,5403017.5,8,2,3,False,0
18,172,4456611.0,5404762.5,172,4456831.0,5404534.0,HBE,44,0.2188723602294922,0.388549009958903,3.663400833333333,166.66666666666666,166.66666666666666,bus,515,1072.0,4459663.5,5405538.0,1572,4471413.5,5351486.5,218,0,348,4462630.0,5403017.5,8,2,3,False,0
19,172,4456611.0,5404762.5,165,4455393.021013115,5405477.260158975,HBE,46,1.1956220703125,1.7186288197835289,0.8881020833333333,166.66666666666666,166.66666666666666,bus,486,1116.0,4459726.0,5401441.5,3036,4463635.0,5330271.0,340,2,144,4457778.5,5405671.5,4,1,2,False,0
21,187,4457923.0,5404332.5,194,4457351.5,5403656.0,HBE,56,1.084122802734375,1.7057851155598958,9.0591725,166.66666666666666,166.66666666666666,bus,470,1078.0,4457812.5,5397977.5,1532,4464347.5,5338662.0,336,2,172,4456597.5,5404716.5,17,1,3,False,0
24,317,4458120.5,5400341.0,306,4457713.0,5400980.0,HBE,60,1.0999489746093751,2.2043126424153647,3.380193,166.66666666666666,166.66666666666666,bus,494,814.0,4459734.0,5401593.5,1194,4474713.0,5369014.0,340,0,340,4460413.0,5401033.5,14,2,3,False,492
26,317,4458120.5,5400341.0,312,4457731.0,5400888.5,HBE,61,0.9979563598632812,1.4435194651285808,7.566045666666667,166.66666666666666,166.66666666666666,autoPassenger,461,718.0,4460008.0,5403706.5,1566,4472196.0,5363529.0,235,2,297,4456873.0,5401342.0,11,2,3,False,1200
28,232,4459460.5,5404080.0,232,4459463.5,5403782.0,HBE,65,0.2374407196044922,0.4088300069173177,3.7681806666666655,166.66666666666666,166.66666666666666,bicycle,483,778.0,4458869.0,5403619.0,1187,4485764.5,5377237.0,233,0,145,4458064.0,5405052.5,7,1,3,False,0
29,232,4459460.5,5404080.0,122,4462902.958865173,5408886.325205456,HBE,62,8.9278916015625,7.939793395996094,24.113535,166.66666666666666,166.66666666666666,bus,417,902.0,4458312.0,5401301.5,1224,4489123.5,5366438.5,307,0,210,4458134.0,5402398.5,35,1,1,True,53460
31,254,4462704.5,5403608.0,122,4462939.878900837,5408334.000179824,HBE,66,6.2451894531250005,8.809044392903646,43.11353333333333,166.66666666666666,166.66666666666666,autoPassenger,532,1088.0,4458300.5,5404605.5,1594,4474931.5,5353167.5,188,1,196,4458127.5,5403996.0,64,1,2,True,13932
32,254,4462704.5,5403608.0,198,4458438.945224644,5403316.179648343,HBE,66,5.2682265625,7.003353881835937,24.22554166666667,166.66666666666666,166.66666666666666,autoPassenger,484,829.0,4458300.5,5404605.5,1594,4474931.5,5353167.5,188,1,196,4458127.5,5403996.0,64,1,2,True,13932
37,184,4457612.5,5404773.5,204,4457563.5,5403232.5,HBE,110,2.671889892578125,4.031360626220703,12.67109,166.66666666666666,166.66666666666666,bus,555,915.0,4459227.0,5404574.5,1375,4460013.5,5347274.0,223,0,228,4460075.0,5404522.5,12,2,3,False,0
39,184,4457612.5,5404773.5,183,4457069.5,5403528.5,HBE,111,2.36517138671875,3.392927042643229,6.441650833333333,166.66666666666666,166.66666666666666,bicycle,471,660.0,4456482.0,5403985.5,1356,4458384.5,5345553.0,180,2,144,4457296.0,5405048.0,12,2,3,False,0
45,340,4459734.0,5401593.5,207,4457859.0,5402599.0,HBE,138,3.5915605468750003,5.610850016276042,9.679931666666668,166.66666666666666,166.66666666666666,bus,469,779.0,4458814.5,5405537.0,4232,4475395.5,5331121.0,145,1,141,4457026.5,5405407.5,12,1,3,False,0
49,202,4455932.5,5402311.5,2126,4514763.0,5379856.0,HBE,155,85.188828125,64.63819580078125,787.7793,176.28388333333334,166.66666666666666,train,446,935.0,4456120.0,5404623.5,1840,4466734.0,5338267.0,166,1,346,4461240.0,5401170.0,22,1,3,False,8004
54,299,4456650.0,5400725.5,305,4457619.0,5400958.5,HBE,184,1.1649068603515624,1.9885096232096355,6.094213333333333,166.66666666666666,166.66666666666666,autoPassenger,463,813.0,4453951.0,5404446.5,2344,4491472.5,5342216.0,164,2,144,4457589.0,5405675.0,17,2,3,False,0
58,191,4458794.5,5404401.0,3441,4469048.5,5334853.0,HBE,195,77.855359375,46.75782877604166,204.8728166666667,87.442245,190.81563333333327,train,424,731.0,4456571.5,5404932.5,2073,4489724.0,5379194.0,142,2,167,4455869.5,5404449.5,20,1,3,True,9696
60,180,4456788.5,5403875.5,165,4456026.0,5404718.5,HBE,204,2.052367431640625,2.8954396565755207,4.677491333333333,166.66666666666666,166.66666666666666,autoPassenger,458,729.0,4459438.5,5401999.5,286,4450431.5,5397523.0,248,0,144,4457660.5,5405507.5,13,2,3,False,0
62,180,4456788.5,5403875.5,194,4457351.5,5403656.0,HBE,205,1.3618330078125,2.0553070068359376,2.1710355000000003,166.66666666666666,166.66666666666666,bus,464,776.0,4459663.5,5405449.0,4415,4470426.5,5323437.5,218,1,145,4458064.0,5405052.5,11,2,3,False,0
64,145,4458306.0,5405016.0,198,4458074.254182791,5403331.224025593,HBE,225,1.8630732421875,2.5688318888346355,19.70056333333333,166.66666666666666,166.66666666666666,autoPassenger,434,883.0,4457601.0,5403486.0,393,4482851.5,5407642.5,194,2,144,4457452.0,5405038.5,37,2,2,True,4680
67,216,4459241.0,5404975.0,196,4458059.0,5403845.0,HBE,235,2.4267041015625,3.663998667399088,7.857771333333333,166.66666666666666,166.66666666666666,walk,1056,1164.0,4458842.0,5402255.5,2169,4515205.5,5380751.0,211,2,346,4461157.5,5401303.0,16,2,3,False,2448
68,144,4457939.5,5404927.0,55,4440667.5,5417230.0,HBE,239,26.5052265625,22.94354451497396,75.078695,65.99533666666667,166.66666666666666,train,824,1162.0,4462431.5,5404108.0,4703,4514267.5,5324576.5,240,1,200,4455666.5,5402663.5,26,2,3,True,15300
71,254,4462276.0,5403824.5,124,4465079.66869343,5407324.31297263,HBE,246,5.1762275390625,6.727664184570313,48.57230666666667,166.66666666666666,166.66666666666666,autoPassenger,464,822.0,4453833.0,5404874.0,4906,4528319.0,5309965.0,164,1,346,4461147.5,5401156.5,3,1,2,False,0
73,254,4462276.0,5403824.5,198,4458382.861634002,5403373.481565069,HBE,247,5.2682265625,7.003353881835937,24.22554166666667,166.66666666666666,166.66666666666666,autoPassenger,501,1175.0,4456574.5,5403427.5,4899,4522034.5,5308416.0,182,2,135,4456391.221396581,5407902.984976075,1,1,2,False,0
75,197,4458805.0,5403732.0,204,4457314.5,5403256.0,HBE,250,2.274252197265625,2.952221171061198,2.816009833333333,166.66666666666666,166.66666666666666,walk,443,964.0,4459108.0,5406724.0,4707,4513637.5,5317044.0,139,1,144,4457826.0,5405353.0,13,1,3,False,0
77,197,4458805.0,5403732.0,194,4457335.0,5403523.0,HBE,251,1.6323282470703124,2.659586842854817,2.1710355000000003,166.66666666666666,166.66666666666666,walk,582,904.0,4459359.5,5400834.5,4897,4506116.0,5291808.0,342,1,339,4458895.0,5401307.5,12,1,3,False,0
78,324,4458769.0,5399869.5,198,4458088.359361584,5403625.392176842,HBE,256,4.78098583984375,6.783303833007812,22.114553333333333,166.66666666666666,166.66666666666666,bus,492,811.0,4460845.5,5399898.0,4806,4503959.5,5300847.0,350,2,144,4457826.0,5405353.0,1,1,2,False,0
80,324,4458769.0,5399869.5,305,4457424.392214196,5400993.928880423,HBE,257,1.9378909912109372,3.2839958190917966,16.84252,166.66666666666666,166.66666666666666,bus,433,917.0,4455664.0,5407650.0,4896,4511592.0,5289353.5,136,0,223,4458974.5,5404747.0,1,1,2,False,0
82,223,4459067.5,5404819.5,3441,4469048.5,5334853.0,HBE,267,77.75390625,46.253031412760414,199.8728166666667,107.70799166666669,185.81563333333327,train,404,646.0,4458220.5,5400694.0,2031,4499453.0,5386655.0,315,0,252,4460546.0,5401841.5,27,2,3,True,0
84,223,4459067.5,5404819.5,198,4458336.0,5403471.0,HBE,268,2.083502197265625,2.565255228678385,15.616878333333332,166.66666666666666,166.66666666666666,autoPassenger,551,999.0,4456741.0,5404109.0,2376,4522985.0,5358525.5,174,1,224,4459436.0,5404706.5,24,2,3,True,0
85,223,4459067.5,5404819.5,194,4457559.5,5403495.0,HBE,269,2.464904052734375,3.2134908040364585,11.253795,166.66666666666666,166.66666666666666,bicycle,471,537.0,4456001.0,5399333.0,2221,4524286.0,5390001.5,319,1,144,4457452.0,5405038.5,20,2,3,True,0
86,317,4458409.5,5400351.0,306,4457713.0,5400980.0,HBE,274,1.0999489746093751,2.2043126424153647,3.380193,166.66666666666666,166.66666666666666,bicycle,784,1283.0,4456536.0,5397172.0,3341,4467607.0,5335274.0,334,1,347,4461374.5,5401232.5,18,2,3,True,0
87,317,4458409.5,5400351.0,306,4457713.0,5400980.0,HBE,275,1.0999489746093751,2.2043126424153647,3.380193,166.66666666666666,166.66666666666666,bus,838,1066.0,4455866.0,5403928.0,2806,4464936.5,5335136.5,176,0,321,4455976.5,5398594.5,16,1,3,False,0
88,248,4459409.5,5401827.0,204,4457563.5,5403232.5,HBE,285,3.65571435546875,5.30209706624349,11.982678333333332,166.66666666666666,166.66666666666666,bicycle,450,784.0,4451961.5,5402182.0,4360,4479600.5,5329916.5,100,1,144,4457475.0,5404948.0,16,2,3,False,0
90,310,4458454.5,5401030.5,309,4458442.5,5401239.5,HBE,291,0.4948374328613281,0.812605349222819,5.808372,166.66666666666666,166.66666666666666,bus,468,861.0,4458753.0,5401882.5,4770,4517364.5,5310488.5,213,1,297,4457005.0,5401373.5,6,1,3,False,0
95,324,4458785.5,5399936.0,306,4457713.0,5400980.0,HBE,323,1.5288853759765626,3.0621851603190104,12.813526666666666,166.66666666666666,166.66666666666666,bicycle,489,883.0,4455897.0,5398083.5,4458,4474153.0,5315590.5,329,1,185,4457681.0,5404681.5,13,2,3,False,0
96,324,4458785.5,5399936.0,204,4457314.5,5403256.0,HBE,324,4.83310791015625,7.177645365397136,20.897891666666663,166.66666666666666,166.66666666666666,walk,590,953.0,4458690.0,5398487.0,3198,4459564.5,5316232.0,338,1,339,4458895.0,5401307.5,11,1,3,False,0
98,247,4459069.5,5402070.5,198,4458336.0,5403471.0,HBE,329,2.970452392578125,3.9304491678873696,7.8110875,166.66666666666666,166.66666666666666,bicycle,494,921.0,4457576.0,5398486.0,4939,4524248.0,5293348.5,336,1,348,4462608.5,5402664.5,23,2,3,True,0
100,247,4459069.5,5402070.5,199,4458722.5,5403602.5,HBE,330,2.009432373046875,2.72466786702474,22.524901666666665,166.66666666666666,166.66666666666666,bus,509,818.0,4454069.0,5404770.0,4347,4486450.0,5336884.0,147,1,346,4460998.5,5401263.0,20,2,3,False,0
106,173,4457119.0,5404542.5,204,4457632.385064235,5403057.915801944,HBE,360,2.3636396484375,3.379560343424479,10.181303833333336,166.66666666666666,166.66666666666666,autoPassenger,523,883.0,4457816.5,5400450.0,434,4403877.0,5380621.5,314,1,346,4460757.0,5401208.5,1,1,2,False,0
107,217,4459467.5,5404963.5,194,4457269.317548749,5403690.331468067,HBE,363,2.929183349609375,4.2107091267903645,16.508413333333333,166.66666666666666,166.66666666666666,walk,456,745.0,4447947.0,5404529.5,1379,4459450.0,5345815.0,98,0,140,4456939.0,5406040.0,24,2,1,True,11964
109,154,4455098.5,5403689.0,344,4459464.665666536,5400303.092992867,HBE,369,7.03021728515625,9.540421549479166,26.99375,166.66666666666666,166.66666666666666,autoPassenger,489,705.0,4458456.5,5401170.0,2229,4532210.5,5388275.0,310,0,143,4457043.5,5405258.5,6,2,2,False,0
112,207,4457952.5,5402710.5,198,4458132.834053122,5403696.719267483,HBE,374,1.300009521484375,1.7502391815185547,166.66666666666666,166.66666666666666,166.66666666666666,walk,463,983.0,4459920.0,5405824.5,410,4487759.0,5399147.5,222,0,346,4460540.0,5401017.5,25,1,1,True,18552
115,184,4457443.0,5404631.5,127,4453670.050304166,5407694.8930157935,HBE,389,8.3503837890625,11.997285970052085,166.66666666666666,166.66666666666666,166.66666666666666,train,839,1336.0,4458879.0,5405964.5,598,4406149.0,5355087.5,222,1,164,4454031.0,5404306.0,2,2,2,False,0
117,224,4459320.0,5404572.5,204,4457281.567451621,5403185.209455944,HBE,393,3.6203845214843753,4.663746643066406,11.973563333333336,166.66666666666666,166.66666666666666,bus,231,573.0,4454073.0,5404115.5,2250,4534384.0,5376837.0,146,1,205,4457821.5,5403167.0,26,1,1,True,14112
120,102,4451752.0,5401915.0,165,4456026.0,5404718.5,HBE,401,7.55231494140625,12.815064493815104,28.676085,166.66666666666666,166.66666666666666,autoPassenger,431,725.0,4456642.5,5400171.0,367,4461026.5,5393813.0,301,0,339,4458895.0,5401307.5,17,1,3,False,408
121,164,4453951.0,5404446.5,165,4456026.0,5404718.5,HBE,406,2.587881591796875,3.457555898030599,0.8881020833333333,166.66666666666666,166.66666666666666,bus,448,768.0,4458955.5,5399600.5,4716,4520246.0,5327206.5,349,1,348,4463318.0,5402708.0,13,1,3,False,0
124,245,4458937.5,5402442.5,305,4457472.047338732,5401057.784440236,HBE,414,2.51313525390625,4.017914326985677,20.57618,166.66666666666666,166.66666666666666,bus,470,809.0,4459803.0,5403898.0,2587,4448554.5,5330024.0,235,1,176,4455843.5,5404093.5,18,1,1,True,5172
126,245,4458937.5,5402442.5,207,4457859.0,5402599.0,HBE,415,2.612271240234375,3.969622548421224,10.027066,166.66666666666666,166.66666666666666,bus,497,855.0,4459331.0,5405186.5,3156,4451083.5,5318732.0,217,0,153,4455516.5,5403899.0,16,1,3,False,0
129,198,4458352.5,5403388.0,208,4458237.0,5402559.0,HBE,424,0.8024502563476563,1.0,12.381762666666669,166.66666666666666,166.66666666666666,bus,466,861.0,4455577.5,5403345.0,499,4417426.5,5366658.0,155,3,348,4463375.5,5403096.5,14,1,3,False,0
130,198,4458352.5,5403388.0,183,4457069.5,5403528.5,HBE,425,1.271569091796875,1.8347830454508465,10.411679,166.66666666666666,166.66666666666666,walk,480,755.0,4456337.5,5397621.5,918,4424883.5,5356982.5,331,1,144,4457259.5,5405376.5,11,1,3,False,0
133,218,4459663.5,5405449.0,124,4462088.0,5407974.5,HBE,448,5.14423828125,6.316465759277344,22.572308333333336,166.66666666666666,166.66666666666666,bus,559,893.0,4452367.5,5402179.0,550,4435991.5,5367664.0,101,1,347,4461560.0,5400916.5,16,1,3,False,0
136,306,4457891.0,5401149.5,198,4458336.0,5403471.0,HBE,459,3.515690185546875,5.180605570475261,6.209961666666667,166.66666666666666,166.66666666666666,bicycle,490,836.0,4455831.5,5399649.0,620,4413591.0,5348561.0,319,1,144,4457296.0,5405048.0,35,2,3,True,0
139,101,4452135.5,5402143.0,204,4457314.5,5403256.0,HBE,473,5.71058203125,6.746558634440104,28.905995,166.66666666666666,166.66666666666666,autoPassenger,484,956.0,4459581.5,5403456.0,344,4459604.5,5400495.5,234,0,184,4457372.5,5404651.0,15,2,3,False,0
142,197,4458532.0,5403882.5,844,4419102.0,5358480.0,HBE,484,81.4468515625,61.25306803385416,274.8091166666666,83.47828833333332,267.4974,train,389,672.0,4458912.5,5403852.0,2814,4465125.0,5334535.5,231,2,253,4461597.5,5401976.0,20,1,3,True,3696
143,197,4458532.0,5403882.5,198,4458375.578652261,5403612.6407475285,HBE,485,0.5791864013671875,0.7522199630737305,166.66666666666666,166.66666666666666,166.66666666666666,bicycle,475,803.0,4459287.0,5404612.0,3551,4466509.0,5331508.0,224,0,347,4461374.5,5401232.5,3,1,2,False,0
145,161,4455476.5,5403254.5,183,4457016.428010326,5403677.887448672,HBE,494,1.7891353759765625,2.48836186726888,36.06368833333333,166.66666666666666,166.66666666666666,walk,509,809.0,4455128.5,5403799.5,2360,4511668.0,5348629.5,152,2,347,4461580.5,5401514.0,4,2,2,False,0
148,102,4451636.0,5401940.5,3707,4470455.0,5332732.0,HBE,504,88.3109921875,68.52720540364584,228.6285,128.57711666666668,166.66666666666666,autoPassenger,411,944.0,4459814.5,5400476.0,465,4414353.0,5382693.5,345,0,249,4459810.5,5402058.0,21,2,3,True,5556
150,102,4451636.0,5401940.5,1714,4475676.0,5347558.0,HBE,505,72.8471484375,50.70872802734375,189.5635333333333,144.13008333333337,166.66666666666666,train,418,753.0,4460191.0,5405685.0,442,4396535.5,5363690.0,219,0,140,4457225.5,5406060.0,24,2,3,True,4116
153,189,4458732.0,5404728.0,172,4456831.0,5404534.0,HBE,509,2.90174462890625,4.0674560546875,5.814566666666667,166.66666666666666,166.66666666666666,bus,431,740.0,4459116.5,5400415.0,2043,4521931.5,5396937.5,343,3,149,4454710.0,5404075.5,10,1,3,False,0
157,221,4460144.5,5404902.5,232,4459463.5,5403782.0,HBE,526,2.191817626953125,3.0507136027018227,19.617061666666665,166.66666666666666,166.66666666666666,bicycle,436,849.0,4456804.0,5404215.5,4697,4512151.5,5324223.0,174,0,141,4457026.5,5405407.5,8,1,3,False,0
159,221,4460144.5,5404902.5,172,4456831.0,5404534.0,HBE,527,4.79014306640625,6.590769958496094,19.02313666666667,166.66666666666666,166.66666666666666,bicycle,1402,84.0,4458883.0,5403364.5,1490,4461684.5,5338554.0,233,0,153,4455484.5,5403861.5,8,1,3,False,0
163,338,4458903.0,5398349.0,305,4457619.0,5400958.5,HBE,531,4.226794921875,5.757862345377604,11.870131666666666,166.66666666666666,166.66666666666666,bus,507,788.0,4457709.5,5404288.0,1412,4455796.0,5338246.0,187,1,321,4455976.5,5398594.5,15,2,3,False,0
164,304,4457728.5,5401674.0,247,4459219.5,5402035.0,HBE,535,1.4249114990234375,2.33685785929362,18.83875,166.66666666666666,166.66666666666666,autoDriver,456,468.0,4459074.0,5401739.5,4793,4508580.5,5302537.5,247,1,297,4457005.0,5401373.5,9,1,3,False,0
168,187,4457924.0,5404268.5,172,4456831.0,5404534.0,HBE,557,1.66769775390625,2.3909756978352865,10.227964333333333,166.66666666666666,166.66666666666666,bicycle,484,782.0,4455713.0,5403180.5,893,4421945.0,5358256.0,200,2,253,4461512.0,5401904.5,7,2,3,False,0
170,229,4459809.0,5404227.5,167,4455985.242417878,5404390.272028119,HBE,566,4.7507451171875,5.949346923828125,21.672935,166.66666666666666,166.66666666666666,autoDriver,454,943.0,4456738.0,5400588.0,744,4420407.5,5360185.5,299,0,186,4457312.5,5404285.5,29,1,1,True,25356
171,229,4459809.0,5404227.5,204,4457351.716458314,5403018.578744761,HBE,566,4.15524853515625,5.424842325846354,17.240303333333333,166.66666666666666,166.66666666666666,bus,437,735.0,4456738.0,5400588.0,744,4420407.5,5360185.5,299,0,186,4457312.5,5404285.5,29,1,1,True,25356
174,177,4456110.0,5403864.5,152,4455239.0,5403722.0,HBE,573,1.581574951171875,2.6069793701171875,0.8785780666666666,166.66666666666666,166.66666666666666,bicycle,508,1044.0,4458375.5,5402028.5,980,4415647.5,5353415.0,212,1,253,4461525.0,5401859.5,8,2,3,False,0
176,212,4458145.5,5401939.0,309,4458442.5,5401239.5,HBE,580,1.2041881103515626,1.7427917480468749,3.5023353333333334,166.66666666666666,166.66666666666666,autoPassenger,475,813.0,4457521.0,5402907.0,4304,4478745.5,5337302.5,204,1,140,4456689.0,5406381.0,8,2,3,False,0
178,212,4458145.5,5401939.0,198,4458342.067706213,5403503.048118028,HBE,582,2.295078125,3.1166666666666667,2.0,166.66666666666666,166.66666666666666,bicycle,456,816.0,4459710.0,5401109.5,1669,4483929.5,5348911.0,340,1,297,4456873.0,5401342.0,6,2,2,False,0
184,333,4455988.5,5396896.0,354,4461197.0,5397851.5,HBE,614,4.78909765625,4.681967163085938,49.67382,166.66666666666666,166.66666666666666,walk,461,780.0,4457123.5,5404800.0,113,4460039.5,5413579.5,173,1,231,4459126.0,5404160.5,12,1,3,False,1452
186,213,4458678.5,5402031.0,305,4457319.5800501965,5401068.58662941,HBE,615,2.0261126708984376,3.2921300252278645,37.60669,35.541175,166.66666666666666,autoDriver,406,1031.0,4459201.0,5405020.5,63,4448617.5,5419880.5,216,0,178,4455754.0,5403594.5,38,1,1,True,19464
188,100,4451961.5,5402182.0,152,4454889.913255916,5403978.3709752895,HBE,620,4.2601142578125,5.643878173828125,10.341081666666666,166.66666666666666,166.66666666666666,autoPassenger,500,712.0,4456024.0,5399466.5,3646,4470731.0,5332926.0,319,1,241,4460929.5,5404052.0,49,2,2,True,8160
189,100,4451961.5,5402182.0,102,4451412.226104816,5403205.13101856,HBE,620,2.390086669921875,7.424371846516927,6.847187333333333,166.66666666666666,166.66666666666666,bus,985,1295.0,4456024.0,5399466.5,3646,4470731.0,5332926.0,319,1,241,4460929.5,5404052.0,49,2,2,True,8160
191,151,4454656.5,5403613.0,204,4457563.5,5403232.5,HBE,624,3.69214501953125,4.879698689778646,18.73820333333333,166.66666666666666,166.66666666666666,walk,472,920.0,4454621.0,5399035.0,4288,4476101.5,5327123.5,162,1,143,4456997.0,5405220.5,13,2,3,False,0
192,151,4454656.5,5403613.0,204,4457563.5,5403232.5,HBE,624,3.69214501953125,4.879698689778646,18.73820333333333,166.66666666666666,166.66666666666666,bus,467,801.0,4454621.0,5399035.0,4288,4476101.5,5327123.5,162,1,143,4456997.0,5405220.5,13,2,3,False,0
194,151,4454656.5,5403613.0,167,4455973.5,5404410.5,HBE,625,2.08787744140625,3.1702224731445314,7.749348333333333,166.66666666666666,166.66666666666666,autoPassenger,521,855.0,4456614.0,5397146.0,2621,4456334.0,5335994.0,334,1,211,4458617.5,5402227.5,15,1,3,False,0
195,151,4454656.5,5403613.0,167,4455973.5,5404410.5,HBE,626,2.08787744140625,3.1702224731445314,7.749348333333333,166.66666666666666,166.66666666666666,walk,473,705.0,4446889.0,5403567.0,2705,4460173.5,5336315.0,97,0,156,4453158.0,5403239.0,11,2,3,False,0
197,142,4456667.5,5404988.5,165,4456026.0,5404718.5,HBE,629,0.9097730712890624,1.1599966684977214,0.888102,166.66666666666666,166.66666666666666,walk,477,706.0,4451526.5,5401824.0,3429,4469725.5,5336081.0,102,3,346,4460597.0,5401093.5,14,2,3,False,0
198,142,4456667.5,5404988.5,165,4456026.0,5404718.5,HBE,629,0.9097730712890624,1.1599966684977214,0.888102,166.66666666666666,166.66666666666666,bicycle,471,950.0,4451526.5,5401824.0,3429,4469725.5,5336081.0,102,3,346,4460597.0,5401093.5,14,2,3,False,0
200,142,4456667.5,5404988.5,204,4457314.5,5403256.0,HBE,630,2.815615478515625,4.138434600830078,10.514637166666668,166.66666666666666,166.66666666666666,autoPassenger,465,904.0,4456372.5,5397203.5,3618,4468950.5,5333256.5,331,1,134,4456973.5,5408747.5,12,2,3,False,0
202,190,4458050.0,5404122.5,204,4457563.5,5403232.5,HBE,639,2.867107666015625,3.94132080078125,11.922408333333331,166.66666666666666,166.66666666666666,bicycle,524,952.0,4455938.0,5404227.0,3895,4475482.0,5332014.0,167,2,336,4457836.5,5398010.5,13,1,3,False,0
205,178,4455721.5,5403505.0,165,4456026.0,5404718.5,HBE,645,1.5155042724609376,2.166879526774089,3.356615,166.66666666666666,166.66666666666666,bus,461,562.0,4458096.5,5403454.0,3308,4466495.5,5334540.5,198,2,346,4461071.0,5401134.5,18,1,3,True,0
206,178,4455721.5,5403505.0,165,4456026.0,5404718.5,HBE,645,1.5155042724609376,2.166879526774089,3.356615,166.66666666666666,166.66666666666666,bus,519,729.0,4458096.5,5403454.0,3308,4466495.5,5334540.5,198,2,346,4461071.0,5401134.5,18,1,3,True,0
210,300,4457070.5,5400624.5,198,4458250.214955617,5403611.956998759,HBE,669,4.4239306640625005,6.487634785970052,18.18663666666667,166.66666666666666,166.66666666666666,bicycle,515,1115.0,4459590.0,5403499.0,1025,4429370.5,5361331.5,234,1,226,4459581.0,5404390.5,25,1,2,True,6588
212,170,4456073.5,5404113.5,305,4457431.658255254,5401249.008495314,HBE,672,5.67760107421875,8.511537170410156,27.790905,166.66666666666666,166.66666666666666,bus,466,700.0,4452553.5,5403352.0,17,4428066.0,5396416.0,164,0,186,4457645.5,5404410.0,16,1,2,False,0
217,339,4458939.5,5401256.5,306,4457713.0,5400980.0,HBE,702,2.150455322265625,3.6872584025065103,11.850920666666669,166.66666666666666,166.66666666666666,bus,473,687.0,4458287.0,5403406.5,4748,4498995.5,5301691.5,198,0,188,4458105.5,5404598.0,13,2,3,False,0
219,300,4457093.5,5400741.5,306,4457716.920146628,5401138.253671065,HBE,706,1.4601317138671874,2.753284200032552,9.8508575,166.66666666666666,166.66666666666666,walk,461,853.0,4459739.0,5401530.0,4745,4499277.5,5304693.5,340,1,208,4458584.5,5403139.0,2,2,2,False,0
221,300,4457093.5,5400741.5,198,4458184.803004506,5403366.708546765,HBE,706,4.4239306640625005,6.487634785970052,18.18663666666667,166.66666666666666,166.66666666666666,bicycle,721,1345.0,4459739.0,5401530.0,4745,4499277.5,5304693.5,340,1,208,4458584.5,5403139.0,2,2,2,False,0
224,345,4459663.0,5400593.5,54,4440317.0,5417404.0,HBE,714,30.513591796875,28.666534423828125,72.56858333333332,75.06805833333333,166.66666666666666,autoPassenger,448,675.0,4459402.0,5404179.5,1199,4468026.0,5370647.5,226,1,346,4460787.0,5401139.5,23,2,3,True,6420
226,322,4456980.0,5398954.5,2126,4514763.0,5379856.0,HBE,736,81.7105,62.5642333984375,509.2838833333333,182.7838833333333,166.66666666666666,autoPassenger,425,689.0,4453699.5,5405096.0,2959,4464430.5,5331459.0,164,1,347,4461374.5,5401232.5,22,1,3,True,0
229,182,4456584.5,5403394.5,152,4455239.0,5403722.0,HBE,752,2.005357299804688,2.995117696126302,3.3019306666666663,166.66666666666666,166.66666666666666,autoPassenger,461,1042.0,4458610.5,5400563.5,1908,4471230.0,5339701.0,316,0,348,4462608.5,5402664.5,10,2,3,False,0
230,182,4456584.5,5403394.5,204,4457314.5,5403256.0,HBE,751,1.0010354614257813,1.5737096150716146,2.816009833333333,166.66666666666666,166.66666666666666,bus,479,802.0,4455177.0,5403316.5,58,4441947.5,5417686.0,154,1,211,4458841.0,5402416.5,12,2,3,False,0
232,323,4457472.5,5399300.0,198,4458336.0,5403471.0,HBE,755,5.15625537109375,7.230943298339843,10.383953333333332,166.66666666666666,166.66666666666666,bicycle,570,895.0,4455774.0,5402293.5,1260,4466421.0,5352884.5,202,2,254,4462614.0,5403822.0,26,2,3,True,14712
234,201,4456631.5,5403026.0,194,4457335.0,5403523.0,HBE,760,1.7494906005859376,2.586969248453776,12.345173333333332,166.66666666666666,166.66666666666666,walk,437,782.0,4459750.0,5405010.5,515,4416540.0,5364231.5,220,1,144,4457475.0,5404948.0,6,2,3,False,0
238,336,4457826.0,5398173.0,326,4458974.5,5398893.5,HBE,773,2.206728759765625,2.906921895345052,62.56109666666667,166.66666666666666,166.66666666666666,autoPassenger,443,792.0,4456567.5,5400534.0,4528,4460006.0,5305606.5,299,0,324,4458497.5,5399455.0,7,1,3,False,816
239,336,4457826.0,5398173.0,198,4458291.996263318,5403317.839482849,HBE,774,7.47768896484375,9.73941446940104,17.9,166.66666666666666,166.66666666666666,autoPassenger,468,743.0,4457908.0,5401053.0,699,4419102.0,5362619.5,306,2,348,4463394.0,5402695.5,5,2,2,False,708
243,179,4456221.5,5403641.5,167,4455973.5,5404410.5,HBE,784,1.5814366455078126,2.2127100626627603,1.1518416666666669,166.66666666666666,166.66666666666666,bicycle,485,1024.0,4456523.5,5396941.0,3068,4463366.0,5329000.0,334,1,149,4454674.5,5403914.0,12,1,3,False,0
247,189,4458634.0,5404899.0,183,4457069.5,5403528.5,HBE,800,2.71816552734375,3.74770024617513,6.441650833333333,166.66666666666666,166.66666666666666,autoPassenger,474,834.0,4456321.0,5399415.5,2436,4432813.5,5324515.0,319,0,347,4461513.0,5401573.5,19,2,3,False,1884
249,189,4458634.0,5404899.0,231,4458953.0,5404089.0,HBE,799,1.214606201171875,1.7096293131510416,1.7783939999999998,166.66666666666666,166.66666666666666,bus,466,705.0,4456323.5,5404261.0,4732,4493608.5,5305245.0,171,2,141,4457026.5,5405407.5,19,2,3,True,3384
252,222,4458879.0,5405964.5,204,4457314.5,5403256.0,HBE,820,5.19680029296875,6.817390950520833,13.549785,166.66666666666666,166.66666666666666,bus,426,795.0,4458777.0,5404393.5,2686,4457827.5,5332076.5,191,0,139,4457333.5,5405846.5,11,2,3,False,0
256,350,4459651.0,5399846.5,354,4461197.0,5397851.5,HBE,840,2.579613525390625,3.668290201822917,15.140484999999998,166.66666666666666,166.66666666666666,bicycle,464,1142.0,4458691.0,5404525.5,128,4453200.0,5407002.5,189,0,346,4461012.0,5401144.5,20,1,3,True,0
258,235,4459968.5,5403905.0,198,4458336.0,5403471.0,HBE,845,1.886168823242188,2.5297704060872395,12.617221666666667,166.66666666666666,166.66666666666666,bicycle,480,955.0,4459219.5,5402539.0,4885,4510572.0,5292994.0,243,0,318,4458474.5,5400413.0,23,1,3,True,5004
259,301,4456642.5,5400171.0,198,4458336.0,5403471.0,HBE,846,5.1063994140625,7.392295837402344,14.736637333333334,166.66666666666666,166.66666666666666,bus,460,901.0,4459201.5,5402511.0,4826,4509181.0,5302180.0,243,2,318,4458469.5,5400448.0,27,2,3,True,10620
263,232,4459609.0,5403893.5,194,4457335.0,5403523.0,HBE,860,2.484436767578125,3.773633829752604,8.2255625,166.66666666666666,166.66666666666666,bicycle,490,625.0,4458898.5,5399041.0,1364,4459348.0,5347387.0,326,0,140,4456413.0,5405736.0,8,2,3,False,0
266,175,4457197.0,5404131.0,198,4458336.0,5403471.0,HBE,866,2.105913330078125,2.764436340332032,11.675745,166.66666666666666,166.66666666666666,walk,472,907.0,4456700.0,5404825.0,721,4417805.5,5360220.0,172,0,167,4455833.5,5404124.5,25,2,3,True,13200
270,155,4455577.5,5403345.0,152,4455239.0,5403722.0,HBE,893,1.0536055908203126,1.753213119506836,9.174415,166.66666666666666,166.66666666666666,bus,473,967.0,4459749.5,5401562.5,2709,4461185.5,5336960.5,340,1,172,4456552.5,5404619.0,7,1,3,False,0
273,102,4451776.5,5401894.5,945,4418241.0,5355500.0,HBE,911,87.6882578125,80.54423014322917,427.0639333333333,116.26666666666668,411.0,train,373,651.0,4459900.5,5405693.5,4470,4479265.0,5320026.0,218,0,164,4453228.0,5403351.5,24,1,3,True,8004
276,212,4458169.5,5401706.0,309,4458442.5,5401239.5,HBE,927,1.2041881103515626,1.7427917480468749,3.5023353333333334,166.66666666666666,166.66666666666666,walk,495,1028.0,4459782.0,5401535.5,4536,4460602.0,5303492.5,340,0,165,4455504.5,5405034.5,7,2,3,False,612
279,151,4454826.5,5403354.5,204,4457563.5,5403232.5,HBE,934,3.69214501953125,4.879698689778646,18.73820333333333,166.66666666666666,166.66666666666666,bicycle,454,695.0,4456412.0,5404652.5,2019,4490008.5,5338940.0,166,0,346,4460945.0,5401039.0,12,2,3,False,0
280,333,4457070.5,5397379.5,3363,4468013.0,5334698.0,HBE,936,75.415875,47.07755940755208,255.3878,127.62317666666668,244.7374,autoPassenger,397,536.0,4459187.0,5402172.0,2490,4433179.5,5314311.0,245,0,348,4463519.5,5402880.5,25,1,3,True,7848
285,319,4455928.5,5399611.0,305,4457619.0,5400958.5,HBE,954,2.452009033203125,3.9473302205403646,13.525855,166.66666666666666,166.66666666666666,bus,455,825.0,4459198.5,5405115.0,1875,4467925.0,5337797.5,216,0,253,4461512.0,5401904.5,14,1,3,False,0
288,241,4461182.0,5403434.0,198,4458104.947648547,5403687.025328354,HBE,969,3.184906982421875,4.147356923421224,7.199710666666666,166.66666666666666,166.66666666666666,bus,478,736.0,4455760.5,5407782.0,4560,4469657.0,5301162.5,134,0,173,4457174.0,5404689.0,43,1,1,True,36048
289,350,4461002.5,5400458.0,354,4461197.0,5397851.5,HBE,980,2.579613525390625,3.668290201822917,15.140484999999998,166.66666666666666,166.66666666666666,walk,494,1039.0,4456398.0,5404816.5,2059,4536676.0,5389043.5,166,1,134,4457134.0,5408882.5,14,2,3,False,0
290,350,4461002.5,5400458.0,305,4457619.0,5400958.5,HBE,981,5.09932568359375,7.238424173990885,23.92501833333333,166.66666666666666,166.66666666666666,bicycle,473,854.0,4456696.0,5404231.5,2233,4528237.0,5386761.0,174,2,331,4456320.0,5397595.5,10,2,3,False,0
293,350,4460804.5,5400634.5,354,4461197.0,5397851.5,HBE,988,2.579613525390625,3.668290201822917,15.140484999999998,166.66666666666666,166.66666666666666,bicycle,624,737.0,4459229.0,5405704.0,1233,4440268.5,5352219.0,222,1,185,4457688.5,5404570.5,13,2,3,False,0
295,350,4460804.5,5400634.5,344,4459604.5,5400495.5,HBE,989,1.69301220703125,3.255745697021484,28.19375,166.66666666666666,166.66666666666666,bus,546,1095.0,4459608.5,5405681.0,3027,4462459.0,5331288.0,215,1,140,4457157.0,5405807.5,9,2,3,False,0
296,350,4460804.5,5400634.5,344,4459604.5,5400495.5,HBE,990,1.69301220703125,3.255745697021484,28.19375,166.66666666666666,166.66666666666666,bus,589,953.0,4459260.0,5401672.5,1975,4471719.5,5339823.0,339,1,165,4455642.0,5404741.5,7,2,3,False,0
297,350,4460804.5,5400634.5,344,4459604.5,5400495.5,HBE,990,1.69301220703125,3.255745697021484,28.19375,166.66666666666666,166.66666666666666,bus,470,802.0,4459260.0,5401672.5,1975,4471719.5,5339823.0,339,1,165,4455642.0,5404741.5,7,2,3,False,0
299,140,4456381.5,5407180.0,1615,4480171.0,5362006.0,HBE,993,61.11068359375,41.80575358072917,82.83841166666666,90.25202666666668,166.66666666666666,autoPassenger,421,758.0,4456620.0,5403345.0,1753,4466605.0,5341150.0,182,1,253,4461490.5,5401836.0,23,1,3,False,0
301,154,4455023.0,5403422.0,146,4454181.0,5404404.0,HBE,999,1.6732926025390626,2.784046173095703,6.662700333333333,166.66666666666666,166.66666666666666,walk,484,747.0,4456883.0,5404027.0,3703,4470190.5,5332702.5,181,2,347,4461623.5,5401056.0,14,2,3,False,0
305,194,4457429.0,5403330.0,204,4457314.5,5403256.0,HBE,1028,0.7338553466796875,1.4547247568766275,2.816009833333333,166.66666666666666,166.66666666666666,walk,431,671.0,4454713.0,5403666.0,1344,4458377.0,5346971.5,151,0,156,4453158.0,5403239.0,16,1,3,False,3420
307,194,4457429.0,5403330.0,194,4457335.0,5403523.0,HBE,1029,0.2286000213623047,0.3531807899475098,2.1710355000000003,166.66666666666666,166.66666666666666,bus,465,776.0,4452176.0,5402652.5,4658,4497935.5,5323477.5,99,0,333,4458097.5,5396607.0,8,2,3,False,0
309,312,4458030.5,5400508.0,55,4440465.5,5417653.0,HBE,1039,28.863744140625,25.96155598958333,91.41202833333334,87.38239,166.66666666666666,autoPassenger,469,654.0,4461190.5,5400122.0,1139,4448578.5,5377274.5,350,1,301,4456594.5,5400463.0,15,2,3,False,0
311,152,4455128.5,5403799.5,165,4456026.0,5404718.5,HBE,1046,1.4199425048828125,1.8018511454264323,2.245858833333333,166.66666666666666,166.66666666666666,bus,483,809.0,4454865.0,5403072.0,84,4474928.5,5417900.0,161,0,199,4458751.0,5403615.5,16,2,3,False,3756
315,143,4457094.5,5405168.0,165,4455932.176353879,5405543.48586577,HBE,1056,1.716424072265625,2.2304763793945312,16.454906666666666,166.66666666666666,166.66666666666666,bicycle,480,825.0,4454553.5,5403998.0,428,4402680.0,5381846.0,149,0,314,4457821.0,5400124.5,17,1,2,False,0
318,219,4460191.0,5405685.0,198,4458336.0,5403471.0,HBE,1061,3.170170166015625,4.010476430257161,17.898491666666665,166.66666666666666,166.66666666666666,bus,493,945.0,4458648.0,5400478.5,3664,4468914.5,5332733.0,318,1,346,4460962.0,5401225.5,20,2,3,True,6804
322,331,4456182.5,5397267.5,198,4458261.00839366,5403598.399019905,HBE,1079,8.53990625,11.693037923177084,25.58122,166.66666666666666,166.66666666666666,bus,448,1245.0,4457529.0,5404453.5,4043,4468573.0,5330104.0,186,1,346,4460703.0,5401245.0,28,1,1,True,16740
326,208,4458431.5,5402585.5,207,4457859.0,5402599.0,HBE,1098,0.6412667846679687,1.4499149322509766,166.66666666666666,166.66666666666666,166.66666666666666,walk,499,920.0,4462025.0,5403759.0,4922,4526232.0,5301970.0,242,0,348,4463375.5,5403096.5,14,1,3,False,0
328,208,4458431.5,5402585.5,207,4457859.0,5402599.0,HBE,1099,0.6412667846679687,1.4499149322509766,166.66666666666666,166.66666666666666,166.66666666666666,autoPassenger,398,836.0,4457357.0,5403026.5,1356,4458388.5,5345438.0,204,2,184,4457330.0,5404689.5,11,1,3,False,0
330,208,4458431.5,5402585.5,194,4457335.0,5403523.0,HBE,1100,1.5942591552734375,2.439586893717448,11.2509095,166.66666666666666,166.66666666666666,bus,466,1065.0,4456721.0,5405088.5,1259,4460980.0,5350508.5,142,1,164,4452877.0,5404303.5,10,1,3,False,0
332,174,4456804.0,5404215.5,3441,4469048.5,5334853.0,HBE,1103,80.2380078125,49.31969807942709,224.8728166666667,98.38100666666666,210.81563333333327,train,409,795.0,4455915.0,5404069.5,893,4421945.0,5358256.0,176,1,144,4457299.0,5405404.5,25,1,3,True,7524
335,187,4457709.5,5404288.0,198,4458331.757603146,5403429.934367501,HBE,1115,1.213771728515625,1.7610697428385416,11.494357333333332,166.66666666666666,166.66666666666666,bus,462,965.0,4456129.5,5399698.5,8,4442044.5,5429253.0,319,1,184,4457372.5,5404651.0,42,2,1,True,10704
340,306,4458015.0,5400974.0,306,4457713.0,5400980.0,HBE,1132,0.1972267456054687,0.3944534619649251,2.380192833333333,166.66666666666666,166.66666666666666,bicycle,460,750.0,4458542.0,5404227.0,81,4477010.0,5425824.0,191,0,141,4457008.5,5405651.0,13,2,3,False,0
345,315,4458396.0,5400544.0,309,4458442.5,5401239.5,HBE,1159,0.4821685180664062,0.9093209584554036,1.9856685,166.66666666666666,166.66666666666666,walk,484,849.0,4456392.0,5403334.0,403,4471189.0,5393791.5,179,1,339,4458895.0,5401307.5,9,2,3,False,0
346,200,4455713.0,5403180.5,165,4456026.0,5404718.5,HBE,1166,3.354071533203125,4.559393310546875,3.888102166666666,166.66666666666666,166.66666666666666,walk,469,826.0,4456199.5,5404405.5,146,4454181.0,5404404.0,168,1,99,4451879.5,5402609.5,15,1,3,False,0
350,320,4457214.5,5399748.5,231,4459125.444407932,5404089.066784558,HBE,1184,6.1609365234375,8.22747802734375,32.41172666666667,166.66666666666666,166.66666666666666,bus,795,1031.0,4458516.0,5404210.0,75,4469214.0,5433158.5,191,1,145,4458064.0,5405052.5,19,1,1,True,0
352,320,4457214.5,5399748.5,305,4457314.160674172,5401153.523615932,HBE,1183,2.205849365234375,3.1050732930501304,17.334968333333332,166.66666666666666,166.66666666666666,autoDriver,472,657.0,4456689.0,5403729.5,4861,4513787.0,5302108.0,180,1,182,4456759.0,5403586.0,25,2,1,False,0
354,233,4459119.5,5403620.0,232,4459614.969830804,5404070.1455996325,HBE,1192,0.84000244140625,1.311364237467448,3.7681803333333335,166.66666666666666,166.66666666666666,walk,494,788.0,4457731.5,5402716.5,4851,4508651.5,5304420.0,207,0,229,4459663.5,5404151.5,26,1,1,False,22032
355,138,4456753.0,5408076.0,137,4456360.5,5407332.0,HBE,1199,0.783398681640625,1.4876434326171877,28.39363833333333,166.66666666666666,166.66666666666666,bus,455,704.0,4458254.0,5401174.0,2488,4432407.5,5312865.0,309,0,144,4457260.0,5405557.5,9,1,3,False,0
358,212,4458375.5,5402028.5,306,4457767.437737573,5401131.234516365,HBE,1204,1.2206121826171876,2.063939030965169,2.380193,166.66666666666666,166.66666666666666,autoPassenger,467,933.0,4458073.5,5403383.5,1710,4467653.0,5346317.5,198,1,185,4457665.5,5404829.0,4,2,2,False,0
364,311,4457526.5,5400628.5,305,4457619.0,5400958.5,HBE,1221,0.4861211547851563,0.9722422281901042,4.102762333333334,166.66666666666666,166.66666666666666,bicycle,522,942.0,4458965.0,5405126.0,56,4439038.5,5417039.5,216,0,308,4458785.0,5401566.0,16,1,3,False,2292
371,139,4458688.0,5405704.5,55,4440667.5,5417230.0,HBE,1233,22.87187890625,19.90965372721354,78.078695,46.300891666666665,166.66666666666666,train,452,940.0,4458619.5,5398274.5,551,4436726.5,5369288.5,338,3,308,4458816.0,5401435.0,24,1,3,False,6876
375,333,4457457.5,5397572.5,312,4457731.0,5400888.5,HBE,1242,6.47483740234375,7.53434092203776,12.065285,166.66666666666666,166.66666666666666,bus,467,771.0,4455863.5,5403301.0,2025,4501475.0,5396281.0,178,0,189,4458600.0,5404749.0,13,1,3,False,0
377,97,4447223.0,5403606.0,258,4440359.5,5400382.0,HBE,1248,10.295775390625,11.728897094726562,48.93184,166.66666666666666,166.66666666666666,bicycle,467,748.0,4459486.0,5405060.5,4293,4476436.0,5326000.5,217,1,165,4455828.0,5405076.0,13,1,3,False,0
378,314,4457979.5,5400487.0,306,4457713.0,5400980.0,HBE,1257,1.463861328125,2.4214096069335938,2.515556333333333,166.66666666666666,166.66666666666666,walk,378,733.0,4457919.0,5400169.5,1757,4467168.5,5342210.0,314,1,141,4457147.0,5405571.5,13,1,3,False,0
380,314,4457979.5,5400487.0,306,4457713.0,5400980.0,HBE,1258,1.463861328125,2.4214096069335938,2.515556333333333,166.66666666666666,166.66666666666666,bicycle,522,835.0,4454748.5,5403968.0,4390,4484339.0,5328893.5,149,0,144,4457517.0,5404901.0,13,1,3,False,0
382,319,4455893.0,5399531.5,1615,4479974.5,5361986.0,HBE,1273,56.60603515625,41.50145670572917,127.164225,127.87165,166.66666666666666,train,461,759.0,4457347.0,5403059.0,44,4461872.0,5432795.0,204,1,347,4461300.0,5401206.0,20,1,3,True,8112
385,176,4456024.0,5403938.5,198,4458410.02024697,5403458.81798199,HBE,1286,3.190720458984375,4.978776041666666,11.095121666666667,166.66666666666666,166.66666666666666,bus,457,680.0,4460338.0,5403707.0,679,4416336.5,5360209.0,236,1,144,4457395.5,5404949.5,18,2,1,True,1020
386,176,4456024.0,5403938.5,152,4454975.122321665,5404022.327044746,HBE,1286,1.295521484375,2.150244649251302,0.8785780666666666,166.66666666666666,166.66666666666666,autoDriver,439,619.0,4460338.0,5403707.0,679,4416336.5,5360209.0,236,1,144,4457395.5,5404949.5,18,2,1,True,1020
389,181,4457039.5,5403788.5,198,4458094.953863618,5403637.690263985,HBE,1294,1.648816650390625,2.2611109415690103,11.150405,166.66666666666666,166.66666666666666,autoDriver,476,903.0,4459408.5,5402764.0,1480,4460167.0,5338182.5,243,1,184,4457372.5,5404651.0,26,1,1,True,960
393,158,4452681.5,5402096.0,204,4457563.5,5403232.5,HBE,1314,5.350408203125,6.362727864583333,26.905995,166.66666666666666,166.66666666666666,autoPassenger,425,964.0,4459326.0,5402167.5,4536,4460602.0,5303492.5,246,1,229,4459663.5,5404151.5,16,2,3,False,5364
396,158,4452681.5,5402096.0,204,4457563.5,5403232.5,HBE,1315,5.350408203125,6.362727864583333,26.905995,166.66666666666666,166.66666666666666,autoPassenger,531,1035.0,4457585.0,5400736.0,2933,4463582.0,5332266.0,311,0,99,4451914.5,5402551.5,16,2,3,False,5988
397,146,4454208.0,5404434.5,1615,4480171.0,5362006.0,HBE,1319,59.92290234375,43.35020345052083,89.44080000000001,166.66666666666666,166.66666666666666,bus,446,676.0,4460595.5,5403594.0,721,4417805.5,5360220.0,241,1,339,4458895.0,5401307.5,25,2,3,True,4944
531,134,4456662.0,5408831.0,167,4455912.37993836,5404300.297391692,HBE,1349,8.639720703125,12.522596232096356,22.908563333333333,166.66666666666666,166.66666666666666,bus,468,930.0,4459605.0,5400155.5,4745,4499316.0,5305341.5,344,2,143,4456997.0,5405220.5,25,1,1,False,7644
535,172,4456467.0,5404869.5,198,4458128.821488907,5403460.710879973,HBE,1367,2.918460693359375,4.00900395711263,10.89512,166.66666666666666,166.66666666666666,autoPassenger,437,732.0,4457492.0,5404300.0,3872,4476349.5,5333867.0,186,2,346,4460757.0,5401208.5,7,1,2,False,0
537,187,4457828.5,5404131.0,167,4455973.5,5404410.5,HBE,1373,2.504563232421875,3.1957550048828125,12.982682333333337,166.66666666666666,166.66666666666666,bus,436,649.0,4456201.5,5404107.0,4757,4501016.0,5302789.5,170,0,347,4461580.5,5401514.0,15,1,3,False,0
542,187,4457971.5,5404271.0,55,4440777.5,5417293.0,HBE,1378,25.749681640625,21.60118408203125,72.078695,49.300891666666665,166.66666666666666,autoPassenger,420,827.0,4458379.5,5400779.5,3339,4467195.5,5334950.0,315,1,186,4457589.5,5404462.0,22,2,3,True,0
545,187,4457971.5,5404271.0,204,4457314.5,5403256.0,HBE,1381,1.794360595703125,2.599625905354818,13.559890666666666,166.66666666666666,166.66666666666666,bicycle,399,709.0,4457446.0,5399298.0,21,4439132.0,5400959.0,325,1,227,4459849.5,5404545.0,15,2,3,False,0
547,241,4460863.0,5403458.0,3336,4466862.5,5335147.0,HBE,1388,79.0019375,48.97743733723959,241.46553333333333,110.08348833333332,227.96553333333333,train,427,655.0,4455626.0,5399571.5,4480,4491234.5,5317194.0,162,1,253,4461512.0,5401904.5,17,2,3,False,0
549,241,4460863.0,5403458.0,124,4462088.0,5407974.5,HBE,1389,5.51230615234375,6.294248453776041,35.57230666666667,166.66666666666666,166.66666666666666,bus,440,832.0,4456389.5,5404317.5,2297,4492130.0,5351022.0,169,0,164,4452877.0,5404303.5,15,2,3,False,0
551,236,4460264.0,5403741.0,54,4440317.0,5417404.0,HBE,1394,28.843375,25.22586873372396,64.25192,63.959855,166.66666666666666,train,448,872.0,4462428.0,5404319.0,3788,4474313.0,5335112.5,240,1,188,4458195.5,5404715.5,26,1,3,True,11460
554,228,4460171.5,5404810.5,204,4457522.468276261,5403183.539631957,HBE,1399,4.33037353515625,6.083725992838541,15.114214,166.66666666666666,166.66666666666666,bicycle,488,981.0,4455575.5,5399143.0,2114,4512876.0,5380715.5,162,1,185,4457766.0,5404614.0,6,2,2,False,0
558,154,4454894.0,5403499.0,198,4458336.0,5403471.0,HBE,1421,4.025520751953125,5.867567443847657,16.431188333333335,166.66666666666666,166.66666666666666,bus,464,737.0,4459770.5,5403838.5,3756,4473806.0,5337063.0,235,0,144,4457565.5,5405283.5,22,1,3,True,9432
559,169,4456436.0,5404452.5,204,4457314.5,5403256.0,HBE,1427,2.3284296875,3.6732577006022136,11.421998333333333,166.66666666666666,166.66666666666666,walk,485,802.0,4456264.5,5397268.0,675,4416978.5,5361299.5,331,1,144,4457259.5,5405376.5,12,2,3,False,0
560,169,4456436.0,5404452.5,204,4457563.5,5403232.5,HBE,1428,2.3284296875,3.6732577006022136,11.421998333333333,166.66666666666666,166.66666666666666,bus,1037,1260.0,4458876.0,5402325.5,1746,4466765.0,5342259.5,245,1,346,4460951.0,5401256.5,10,2,3,False,0
565,180,4456711.5,5404046.0,152,4455239.0,5403722.0,HBE,1437,2.4740419921875,3.570995076497396,3.3019306666666663,166.66666666666666,166.66666666666666,walk,470,819.0,4459873.5,5400748.5,3013,4461250.5,5330005.0,345,0,348,4462630.0,5403017.5,7,1,3,False,0
566,180,4456711.5,5404046.0,194,4457559.5,5403495.0,HBE,1438,1.3618330078125,2.0553070068359376,2.1710355000000003,166.66666666666666,166.66666666666666,bicycle,802,1121.0,4461686.5,5404021.0,1654,4477951.0,5359206.5,242,1,144,4457852.5,5405105.0,16,1,3,False,0
571,211,4458793.5,5402464.5,208,4458314.581324291,5402903.688803179,HBE,1449,2.269256103515625,3.3166666666666664,8.875505500000001,166.66666666666666,166.66666666666666,bicycle,558,799.0,4457696.5,5402824.5,4332,4478247.5,5332620.0,207,1,347,4461795.5,5401052.0,25,2,1,True,13500
573,301,4456758.5,5400446.5,305,4457269.637540465,5401058.25524419,HBE,1451,1.579075439453125,2.570147959391276,6.672595,166.66666666666666,166.66666666666666,walk,452,817.0,4457930.0,5400418.5,683,4416910.5,5360655.5,314,1,144,4457296.0,5405048.0,34,2,1,True,8292
574,301,4456758.5,5400446.5,298,4456420.5,5400245.5,HBE,1452,1.094583740234375,1.847010803222656,1.4893146666666666,166.66666666666666,166.66666666666666,walk,487,727.0,4458290.0,5401271.5,1127,4462783.0,5376540.0,309,0,227,4459765.5,5404551.0,6,2,3,False,0
576,187,4457792.5,5404300.5,204,4457563.5,5403232.5,HBE,1455,1.794360595703125,2.599625905354818,13.559890666666666,166.66666666666666,166.66666666666666,autoPassenger,612,936.0,4454472.0,5403724.5,548,4436144.5,5368217.0,149,1,145,4458064.0,5405052.5,14,1,3,False,0
579,98,4449075.5,5404751.5,204,4457563.5,5403232.5,HBE,1478,9.0947314453125,10.57271016438802,28.192576666666664,166.66666666666666,166.66666666666666,bus,455,794.0,4458822.0,5405727.0,3363,4468013.0,5334698.0,139,1,308,4458816.0,5401435.0,12,2,3,False,3336
580,186,4457287.5,5404142.5,204,4457433.072378067,5403248.426893055,HBE,1486,1.6486971435546875,2.423597971598307,9.468819166666666,166.66666666666666,166.66666666666666,bus,459,692.0,4456516.0,5397718.5,4271,4474043.5,5326778.0,330,1,144,4457660.5,5405507.5,15,2,1,False,1416
1504837,174,4456712.5,5404189.0,164,4453972.732237507,5404133.400425074,HBS,17,3.1044345703125003,4.109517669677734,12.123243333333331,166.66666666666666,166.66666666666666,walk,563,607.0,4460026.0,5403523.5,3195,4452662.0,5313519.5,237,2,165,4455504.5,5405034.5,9,1,3,False,0
1504841,142,4456667.5,5404988.5,212,4458143.530023951,5401751.178846083,HBS,21,4.50181005859375,6.033807373046875,17.513066666666667,166.66666666666666,166.66666666666666,autoDriver,690,742.0,4459460.5,5404080.0,4718,4517718.0,5324899.5,232,1,144,4457660.5,5405507.5,41,2,2,True,0
1504843,142,4456667.5,5404988.5,324,4458420.316933091,5399949.276748595,HBS,22,6.9877197265625,9.700445556640624,27.48032,166.66666666666666,166.66666666666666,autoDriver,812,861.0,4462704.5,5403608.0,4948,4513161.5,5278628.0,254,2,339,4458895.0,5401307.5,19,1,2,True,0
1504844,142,4456667.5,5404988.5,165,4455153.80034808,5405076.4077765765,HBS,22,0.9097730712890624,1.1599966684977214,0.888102,166.66666666666666,166.66666666666666,bicycle,681,682.0,4462704.5,5403608.0,4948,4513161.5,5278628.0,254,2,339,4458895.0,5401307.5,19,1,2,True,0
1504847,138,4456535.5,5407465.0,195,4457808.6656358605,5403455.017463966,HBS,26,7.67395947265625,11.255086263020834,25.650748333333336,20.093786666666663,166.66666666666666,autoDriver,717,745.0,4457932.5,5403233.5,4801,4504759.0,5301423.5,205,0,222,4458859.5,5406485.5,32,1,1,True,34056
1504849,138,4456535.5,5407465.0,99,4451782.148560721,5402869.3483112585,HBS,27,9.4330634765625,13.454653930664062,51.975695,51.009025,166.66666666666666,autoDriver,1009,1039.0,4452218.0,5401947.5,4474,4486548.0,5320302.0,103,1,347,4461580.5,5401514.0,29,2,2,True,2820
1504850,138,4456535.5,5407465.0,138,4456696.611066246,5407823.595023389,HBS,27,0.4055507507324218,0.7673451741536458,11.279021666666669,166.66666666666666,166.66666666666666,autoPassenger,1130,1153.0,4452218.0,5401947.5,4474,4486548.0,5320302.0,103,1,347,4461580.5,5401514.0,29,2,2,True,2820
1504854,103,4452390.0,5402008.0,103,4452147.20584961,5402088.873466807,HBS,34,0.35625732421875,0.6414855321248373,60.77090333333333,166.66666666666666,166.66666666666666,autoDriver,511,664.0,4456108.0,5403734.0,3656,4471164.0,5333171.5,177,0,318,4458474.5,5400413.0,64,2,2,True,7800
1504861,219,4460105.5,5405390.5,125,4463883.837642136,5408532.627151066,HBS,37,5.816082031250001,6.916752624511719,55.23596666666666,49.22175,166.66666666666666,autoDriver,831,860.0,4459260.0,5403390.0,3695,4469422.5,5331735.5,234,0,331,4455966.5,5397096.0,45,1,1,True,18408
1504862,219,4460105.5,5405390.5,218,4459801.427929441,5405324.482111299,HBS,37,0.8161050415039063,1.4093701680501305,1.6193961666666663,166.66666666666666,166.66666666666666,bicycle,641,659.0,4459260.0,5403390.0,3695,4469422.5,5331735.5,234,0,331,4455966.5,5397096.0,45,1,1,True,18408
1504876,218,4459890.5,5405645.5,220,4459883.27272953,5405057.928159576,HBS,54,1.3944671630859375,2.5488794962565104,10.401743333333334,166.66666666666666,166.66666666666666,autoDriver,558,668.0,4455684.0,5398604.5,4423,4468756.5,5320209.0,321,1,346,4460945.0,5401039.0,60,1,2,True,18156
1504883,317,4458120.5,5400341.0,243,4459301.719767175,5402834.141399585,HBS,61,3.643880126953125,5.1723073323567705,21.256553333333333,166.66666666666666,166.66666666666666,walk,623,645.0,4460008.0,5403706.5,1566,4472196.0,5363529.0,235,2,297,4456873.0,5401342.0,11,2,3,False,1200
1504884,317,4458120.5,5400341.0,321,4456380.929159072,5398921.105119816,HBS,61,3.43244677734375,4.858527628580729,8.585282333333334,166.66666666666666,166.66666666666666,walk,1198,1259.0,4460008.0,5403706.5,1566,4472196.0,5363529.0,235,2,297,4456873.0,5401342.0,11,2,3,False,1200
1504885,317,4458120.5,5400341.0,323,4457880.371785046,5399709.472346718,HBS,61,1.0063928833007814,1.8223215738932288,5.3608155,166.66666666666666,166.66666666666666,autoDriver,572,573.0,4460008.0,5403706.5,1566,4472196.0,5363529.0,235,2,297,4456873.0,5401342.0,11,2,3,False,1200
1504895,340,4460030.0,5401073.5,215,4459454.826657554,5405306.521199011,HBS,78,5.533384277343751,7.741314697265625,31.85361,31.66969,166.66666666666666,autoDriver,645,888.0,4456256.0,5403410.5,2541,4442975.5,5337163.0,179,2,321,4455976.5,5398594.5,62,2,2,True,12780
1504898,205,4457902.0,5403050.0,205,4457858.946506325,5403054.896270653,HBS,82,0.297766357421875,0.6444811503092448,3.8927005,166.66666666666666,166.66666666666666,autoDriver,1006,1011.0,4455929.0,5398306.5,2428,4435823.0,5337186.5,329,1,99,4451794.0,5402680.5,81,1,2,True,17832
1504903,244,4460131.0,5402671.5,195,4457974.824732617,5403523.161300506,HBS,84,3.60026416015625,5.209860229492188,15.104716666666668,14.65952,166.66666666666666,autoDriver,589,683.0,4455072.0,5403340.0,3814,4473599.0,5334252.0,154,0,144,4457278.0,5405323.5,49,1,1,True,15984
1504904,149,4454836.0,5403916.5,101,4452068.58264971,5402272.2812439175,HBS,86,3.34112158203125,3.793298848470052,166.66666666666666,166.66666666666666,166.66666666666666,autoDriver,531,601.0,4456633.0,5404692.5,232,4459463.5,5403782.0,172,1,253,4461487.0,5401866.5,89,2,2,True,14664
1504905,149,4454836.0,5403916.5,300,4456953.347273383,5400597.255212508,HBS,86,6.9725517578125,10.12669881184896,166.66666666666666,166.66666666666666,166.66666666666666,autoPassenger,704,724.0,4456633.0,5404692.5,232,4459463.5,5403782.0,172,1,253,4461487.0,5401866.5,89,2,2,True,14664
1504908,177,4456108.0,5403734.0,138,4456645.15043874,5407737.543413796,HBS,88,9.5193232421875,13.54637451171875,32.881526666666666,166.66666666666666,166.66666666666666,walk,593,607.0,4457478.0,5403032.5,172,4456831.0,5404534.0,204,1,140,4456385.5,5405715.0,64,2,2,False,8196
1504915,140,4456444.5,5406434.5,212,4458265.749111758,5401929.9999989085,HBS,94,6.109564453125,7.791855875651041,18.6464,166.66666666666666,166.66666666666666,autoPassenger,643,646.0,4459045.5,5405656.5,326,4458974.5,5398893.5,214,2,346,4461175.5,5401215.0,44,1,1,True,26508
1504918,234,4459260.0,5403390.0,185,4458029.679617109,5404617.729054683,HBS,96,2.822647705078125,3.621898905436198,13.43216,166.66666666666666,166.66666666666666,bus,1055,1094.0,4459673.5,5400831.5,3967,4467765.5,5330872.0,345,1,339,4458875.5,5400964.5,35,1,2,True,10284
1504925,339,4459522.5,5401280.5,310,4458571.639957125,5401001.299870129,HBS,99,1.9303649902343751,2.903911844889323,21.20398,166.66666666666666,166.66666666666666,walk,629,633.0,4457291.5,5404232.0,3251,4467882.5,5336434.0,186,1,321,4455976.5,5398594.5,76,2,2,False,5892
1504928,247,4459027.5,5402025.5,310,4458537.155656351,5400934.450666906,HBS,103,1.4362432861328125,1.9037071228027345,18.787316666666666,166.66666666666666,166.66666666666666,autoPassenger,678,695.0,4456764.5,5400297.5,1896,4470432.0,5340866.0,301,0,165,4455642.0,5404741.5,80,1,2,True,17448
1504934,349,4458861.0,5399781.5,325,4457599.797211982,5398627.186690213,HBS,106,3.579758544921875,5.26444346110026,23.95568666666667,166.66666666666666,166.66666666666666,bus,580,637.0,4459241.0,5404975.0,1405,4452639.5,5338035.5,216,1,209,4457712.0,5402474.5,70,2,2,False,18324
1504937,218,4459663.5,5405538.0,237,4460000.017506119,5403328.479242479,HBS,108,2.7315341796875,4.009833526611328,21.234985,166.66666666666666,166.66666666666666,walk,978,1183.0,4457939.5,5404927.0,2562,4451680.0,5336448.0,144,1,186,4457645.5,5404410.0,59,2,2,True,22992
1504939,184,4457612.5,5404773.5,195,4457802.030481557,5403593.552863596,HBS,111,2.15791943359375,3.530053456624349,0.1932608333333333,166.66666666666666,166.66666666666666,walk,559,616.0,4456482.0,5403985.5,1356,4458384.5,5345553.0,180,2,144,4457296.0,5405048.0,12,2,3,False,0
1504946,220,4459792.0,5404914.0,242,4462035.369567018,5403319.674699098,HBS,115,2.7869228515625,4.421888732910157,27.28171333333333,166.66666666666666,166.66666666666666,walk,636,675.0,4458769.0,5399869.5,1246,4453392.5,5358210.5,324,1,253,4461597.5,5401976.0,88,1,2,True,24756
1504947,233,4459187.5,5403394.5,244,4460154.561723343,5403182.976784145,HBS,119,2.036550537109375,2.8590596516927085,15.086627166666666,166.66666666666666,166.66666666666666,walk,652,737.0,4457123.5,5404800.0,2925,4462470.0,5332292.5,173,0,339,4459011.0,5400951.5,62,1,2,True,19596
1504960,254,4462389.5,5403919.5,242,4461555.973186985,5403547.413494351,HBS,134,1.2732532958984375,2.559139506022136,33.486576666666664,166.66666666666666,166.66666666666666,walk,1122,1152.0,4456201.5,5404107.0,2933,4463454.0,5332339.0,170,1,165,4455642.0,5404741.5,68,1,2,True,13116
1504961,254,4462389.5,5403919.5,240,4462456.6910984935,5404654.075572591,HBS,135,1.3723966064453126,2.4214322408040365,28.39714833333333,166.66666666666666,166.66666666666666,walk,681,695.0,4459355.0,5403356.5,1753,4466615.5,5341057.0,234,1,346,4460689.0,5401052.0,60,2,2,True,12072
1504962,254,4462389.5,5403919.5,250,4461167.92603939,5402627.532729861,HBS,135,4.073696044921875,5.858982340494792,41.91307,166.66666666666666,166.66666666666666,autoDriver,1050,1077.0,4459355.0,5403356.5,1753,4466615.5,5341057.0,234,1,346,4460689.0,5401052.0,60,2,2,True,12072
1504968,233,4458869.0,5403619.0,234,4459534.538294587,5403492.08232321,HBS,148,0.399121826171875,0.6091332753499349,166.66666666666666,166.66666666666666,166.66666666666666,walk,1065,1084.0,4460144.5,5405459.5,4062,4469269.5,5329941.5,219,1,347,4461623.5,5401056.0,67,2,2,True,20808
1504971,188,4458300.5,5404605.5,194,4457536.177566431,5403439.318372616,HBS,149,1.9256881103515624,2.884083811442057,9.125838333333332,166.66666666666666,166.66666666666666,bus,947,960.0,4458785.5,5399936.0,3036,4463438.5,5330339.5,324,1,164,4453228.0,5403351.5,75,1,2,True,14052
1504972,188,4458300.5,5404605.5,243,4459468.771737134,5402534.539319042,HBS,150,2.727279541015625,3.71474380493164,18.684226666666667,166.66666666666666,166.66666666666666,bicycle,1100,1131.0,4460155.0,5405445.0,2668,4456425.5,5334400.5,219,1,347,4461580.5,5401514.0,70,2,2,False,9912
1504978,182,4456652.5,5403668.0,205,4457994.381406862,5403186.17682585,HBS,156,1.8338353271484376,3.11605224609375,5.302554333333333,166.66666666666666,166.66666666666666,walk,548,1038.0,4456052.5,5404133.5,4199,4473267.0,5329406.5,170,1,239,4460929.0,5405629.5,80,2,2,True,7620
1504990,138,4456712.0,5407911.5,136,4455883.874592311,5407406.909406599,HBS,161,1.2347080078125,2.390262095133464,22.95299333333333,166.66666666666666,166.66666666666666,walk,1075,1099.0,4458874.0,5405185.5,4821,4507711.5,5301489.5,216,0,348,4463420.5,5402938.0,63,1,2,True,30120
1504992,138,4456712.0,5407911.5,138,4456956.993060739,5407427.063063719,HBS,162,0.4055507507324218,0.7673451741536458,11.279021666666669,166.66666666666666,166.66666666666666,walk,644,649.0,4457496.5,5404503.5,2996,4459039.0,5330029.5,184,2,347,4461374.5,5401232.5,67,2,1,True,6420
1504993,138,4456712.0,5407911.5,307,4458177.918585502,5401381.754501063,HBS,162,9.5795625,13.6451171875,35.157169999999994,35.79078833333333,166.66666666666666,bicycle,662,663.0,4457496.5,5404503.5,2996,4459039.0,5330029.5,184,2,347,4461374.5,5401232.5,67,2,1,True,6420
1504994,149,4454585.5,5403703.5,326,4458978.835362726,5398774.711776996,HBS,164,8.23971484375,11.632326253255208,166.66666666666666,166.66666666666666,166.66666666666666,bicycle,664,677.0,4459026.0,5406333.0,2395,4424748.5,5339296.5,222,0,99,4451787.5,5402630.5,65,1,2,True,23016
1504998,305,4457320.0,5400942.5,377,4468469.922759365,5404075.152635276,HBS,167,15.140310546875,14.907974243164062,184.8982333333333,166.66666666666666,166.66666666666666,autoDriver,788,1097.0,4454009.5,5404886.5,2387,4411488.5,5326903.0,164,2,144,4457826.0,5405353.0,35,2,2,True,0
1505004,179,4456256.0,5403410.5,138,4456603.549592268,5407470.945714278,HBS,175,8.6563515625,12.124660237630208,27.35395,166.66666666666666,166.66666666666666,autoDriver,736,772.0,4456195.0,5399424.5,4744,4494056.5,5299441.0,319,2,187,4457903.0,5404445.5,44,1,1,True,22512
1505013,329,4455929.0,5398306.5,332,4456763.123884576,5397466.589055647,HBS,188,0.9372229614257812,1.3682652791341146,23.438211666666668,166.66666666666666,166.66666666666666,bicycle,649,660.0,4457802.5,5398605.0,2340,4498245.5,5346784.5,325,0,229,4459663.5,5404151.5,79,2,2,True,7992
1505014,329,4455929.0,5398306.5,356,4462362.194093098,5398492.455050457,HBS,188,7.81831298828125,8.9872314453125,41.90342666666666,166.66666666666666,166.66666666666666,autoDriver,646,652.0,4457802.5,5398605.0,2340,4498245.5,5346784.5,325,0,229,4459663.5,5404151.5,79,2,2,True,7992
1505017,232,4459452.5,5403931.0,322,4457072.387185388,5398944.422079877,HBS,192,7.46236474609375,10.48807881673177,28.06604,166.66666666666666,166.66666666666666,autoDriver,618,663.0,4455635.5,5399619.0,1589,4472192.5,5351290.0,162,0,145,4458064.0,5405052.5,54,1,1,True,28632
1505034,324,4458339.5,5399864.0,345,4459726.231776274,5400815.399454117,HBS,216,3.130044921875,5.053326924641927,34.64932,166.66666666666666,166.66666666666666,autoDriver,525,667.0,4456533.0,5404331.0,2467,4415634.5,5323054.0,174,1,184,4457377.5,5404731.0,59,1,1,True,24672
1505043,297,4457115.5,5400985.5,198,4458338.381407895,5403341.9019670095,HBS,223,3.955113525390625,5.55,19.1233,166.66666666666666,166.66666666666666,walk,657,671.0,4458532.0,5403882.5,4725,4522890.5,5316829.0,197,1,144,4457333.5,5405161.0,69,2,2,False,15816
1505045,145,4458306.0,5405016.0,345,4460172.362286672,5400313.177861757,HBS,227,7.17248828125,7.094383748372396,37.010866666666665,166.66666666666666,166.66666666666666,autoPassenger,723,792.0,4460324.5,5400087.5,4556,4449036.0,5292764.0,350,0,144,4457615.5,5405005.5,1,1,2,False,0
1505054,144,4457939.5,5404927.0,185,4458008.193364748,5404837.00348935,HBS,237,0.4079255065917969,0.5289467493693034,8.323842333333333,166.66666666666666,166.66666666666666,autoDriver,798,874.0,4456411.5,5404767.0,2037,4506779.5,5391034.5,166,1,308,4458636.5,5401516.0,54,1,1,True,42636
1505062,180,4456482.0,5403985.5,170,4456141.215297361,5404236.217446666,HBS,243,1.6805625,3.1094317118326824,2.387916333333333,166.66666666666666,166.66666666666666,walk,557,572.0,4459217.0,5401957.5,4712,4502590.0,5312304.0,247,2,321,4455976.5,5398594.5,44,1,2,True,8676
1505065,254,4462276.0,5403824.5,254,4462888.475397879,5403385.907080945,HBS,244,0.839207275390625,1.4280328114827474,5.695374,166.66666666666666,166.66666666666666,bicycle,617,640.0,4457728.5,5401674.0,4892,4507592.5,5288375.0,304,2,140,4456689.0,5406381.0,34,1,1,True,29952
1505069,254,4462276.0,5403824.5,199,4458795.685189268,5403306.1091578165,HBS,245,4.90369091796875,6.545753479003906,35.24561,166.66666666666666,166.66666666666666,autoDriver,605,650.0,4459060.0,5406443.0,4741,4497110.0,5304062.5,222,1,347,4461580.5,5401514.0,35,2,2,True,4368
1505084,245,4459099.0,5402442.0,178,4455730.077095929,5403524.052268088,HBS,260,4.41168408203125,6.251643371582031,25.752821666666662,166.66666666666666,166.66666666666666,walk,502,1062.0,4457639.0,5404216.5,4772,4515071.5,5306151.5,186,1,99,4451879.5,5402609.5,61,2,2,True,15804
1505094,173,4457123.5,5404800.0,167,4456027.463774535,5404328.215973561,HBS,263,1.9312279052734376,2.9766499837239584,1.1518415,166.66666666666666,166.66666666666666,walk,559,799.0,4456836.5,5404951.5,4886,4512425.0,5295397.5,142,1,253,4461525.0,5401859.5,80,2,2,True,6180
1505097,223,4459067.5,5404819.5,323,4457612.449123138,5400057.703016295,HBS,266,6.6337021484375,8.914694213867188,36.552596666666666,36.77611666666667,166.66666666666666,autoDriver,1024,1440.0,4459207.0,5406456.5,2034,4514073.0,5399902.0,222,0,339,4458895.0,5401307.5,57,2,1,True,25812
1505115,248,4459409.5,5401827.0,205,4457701.758785337,5403165.086906005,HBS,283,2.6327431640625,3.964036051432291,12.6377,166.66666666666666,166.66666666666666,walk,604,746.0,4458701.0,5403764.0,4632,4485201.5,5301795.5,197,1,140,4456795.0,5405487.0,49,1,1,True,32100
1505123,149,4454828.5,5403977.0,146,4454073.569573128,5404459.726606627,HBS,287,0.6072867431640625,1.1097293853759769,166.66666666666666,166.66666666666666,166.66666666666666,walk,561,1026.0,4456667.5,5404988.5,4311,4480028.5,5334616.0,142,2,347,4461623.5,5401056.0,67,2,2,True,11748
1505133,310,4458454.5,5401030.5,309,4458067.2740483945,5401193.514908054,HBS,291,0.4948374328613281,0.812605349222819,5.808372,166.66666666666666,166.66666666666666,walk,814,861.0,4458753.0,5401882.5,4770,4517364.5,5310488.5,213,1,297,4457005.0,5401373.5,6,1,3,False,0
1505136,310,4458601.5,5401041.5,309,4458332.504371691,5401123.796118741,HBS,292,0.4948374328613281,0.812605349222819,5.808372,166.66666666666666,166.66666666666666,autoDriver,440,508.0,4459442.5,5403903.5,4910,4519135.0,5299523.0,232,1,348,4462608.5,5402664.5,44,1,2,True,13896
1505140,134,4456558.5,5408159.0,138,4457032.64299693,5407773.053117733,HBS,294,0.8467905883789063,1.5101975758870445,32.96486,166.66666666666666,166.66666666666666,walk,494,568.0,4458432.5,5401243.5,4854,4511218.0,5302297.5,309,2,347,4461374.5,5401232.5,60,2,2,True,9756
1505149,327,4453952.5,5397769.5,327,4453783.874105746,5397300.816327204,HBS,299,1.7370521240234376,1.5697962443033855,166.66666666666666,166.66666666666666,166.66666666666666,bicycle,652,678.0,4447207.5,5403651.0,2986,4453664.0,5325920.0,97,1,348,4463366.0,5403002.0,67,1,2,True,14724
1505153,145,4458814.5,5405537.0,207,4457751.479278782,5402688.38830366,HBS,303,3.163083251953125,4.319070943196614,21.817135,166.66666666666666,166.66666666666666,autoDriver,699,776.0,4459214.5,5404651.0,3168,4452581.0,5317990.0,223,1,144,4457778.5,5405671.5,30,1,1,True,24924
1505155,152,4455195.0,5403974.0,199,4458680.036957204,5403370.644856465,HBS,304,4.6477255859375,6.264569600423177,166.66666666666666,166.66666666666666,166.66666666666666,autoDriver,1009,1052.0,4452190.5,5402224.0,3171,4448109.0,5314276.5,101,1,230,4460174.0,5404449.5,41,1,1,True,87636
1505162,158,4452569.0,5402233.5,200,4455851.334728041,5403005.9863397125,HBS,306,4.4753271484375,6.353604125976562,19.831571666666665,166.66666666666666,166.66666666666666,autoDriver,667,748.0,4457890.0,5402722.5,4489,4444761.0,5311963.0,207,1,173,4457174.0,5404689.0,31,2,1,True,17088
1505168,248,4459332.0,5401976.5,245,4459000.3281685095,5402125.645668187,HBS,308,0.480472412109375,0.9612014134724934,11.144615666666663,166.66666666666666,166.66666666666666,walk,719,761.0,4453718.0,5404911.0,2575,4443922.0,5326403.5,164,1,164,4452877.0,5404303.5,60,1,2,True,12024
1505171,326,4459143.5,5399073.5,199,4458595.7459187815,5403512.808445587,HBS,309,5.639568359375001,7.909912109375,57.97894333333333,166.66666666666666,166.66666666666666,walk,392,419.0,4456088.0,5400407.5,2442,4440451.5,5326657.0,298,1,253,4461512.0,5401904.5,60,1,2,True,14976
1505174,156,4452633.0,5402548.5,147,4454135.90302799,5404628.05119459,HBS,311,4.11745849609375,5.120385233561198,9.898471666666667,166.66666666666666,166.66666666666666,walk,784,1005.0,4457070.5,5400624.5,3181,4464631.5,5323033.5,300,1,186,4457293.5,5404346.5,73,1,2,True,21912
1505177,338,4458919.0,5398386.0,331,4455651.705444224,5397041.450870291,HBS,314,4.2768466796875,4.660480244954427,19.62758333333333,166.66666666666666,166.66666666666666,autoDriver,1070,1130.0,4456993.0,5404437.0,4317,4481999.0,5336742.0,175,0,144,4457852.5,5405105.0,58,2,2,False,4596
1505182,222,4458859.5,5406217.5,181,4456942.988373219,5403974.683879377,HBS,315,4.5798271484375,5.929961140950521,10.340473333333334,166.66666666666666,166.66666666666666,walk,756,787.0,4459343.5,5400300.5,3016,4460273.0,5328580.0,344,0,141,4456855.5,5405422.5,78,1,2,True,12984
1505191,324,4458785.5,5399936.0,212,4458320.2111780085,5401994.080426676,HBS,321,2.4859091796875,3.666637674967448,17.07122,166.66666666666666,166.66666666666666,autoDriver,632,699.0,4459491.0,5402723.0,4482,4484826.0,5311967.5,243,0,228,4460075.0,5404522.5,45,1,1,True,63000
1505211,166,4456120.0,5404623.5,142,4456683.891736032,5404912.4834192,HBS,337,0.3154906921386718,0.4099966367085774,9.045811,166.66666666666666,166.66666666666666,walk,650,732.0,4456802.5,5397278.0,1294,4444849.5,5338097.0,334,1,321,4455976.5,5398594.5,69,1,2,True,16848
1505212,166,4456120.0,5404623.5,227,4459902.279024818,5404526.039150689,HBS,337,4.06715283203125,5.195554097493489,30.84905,166.66666666666666,166.66666666666666,autoDriver,640,655.0,4456802.5,5397278.0,1294,4444849.5,5338097.0,334,1,321,4455976.5,5398594.5,69,1,2,True,16848
1505236,173,4457119.0,5404542.5,174,4456552.995534284,5404404.785523522,HBS,358,0.7756428833007812,1.407069778442383,4.511185,166.66666666666666,166.66666666666666,autoPassenger,1084,1102.0,4457720.0,5403357.5,3372,4469319.0,5337597.0,195,2,144,4457558.0,5404947.0,33,2,2,True,4944
1505240,222,4459026.0,5406333.0,115,4459135.4433295,5410275.000897049,HBS,361,2.5781337890625,2.9414220174153645,30.64109333333333,166.66666666666666,166.66666666666666,walk,703,735.0,4460412.0,5400045.5,107,4453490.0,5413936.5,350,1,227,4459854.0,5404577.5,69,1,2,True,17040
1505241,222,4459026.0,5406333.0,339,4459036.087776441,5401255.773856821,HBS,362,5.39778466796875,7.209688822428386,35.75665333333333,166.66666666666666,166.66666666666666,bus,490,541.0,4457740.0,5401507.5,4018,4468725.0,5330936.0,304,1,144,4457515.5,5405361.5,59,2,2,True,0
1505263,184,4457443.0,5404631.5,208,4458081.737154732,5403142.337294189,HBS,388,2.9307431640625,4.049762980143229,23.978896666666667,166.66666666666666,166.66666666666666,bicycle,963,1008.0,4459477.5,5400621.0,448,4402071.0,5372983.5,342,1,191,4458629.0,5404447.0,27,2,2,False,14772
1505269,149,4454585.5,5403703.5,207,4457903.481152189,5402841.132576594,HBS,394,4.06680859375,5.908248901367188,166.66666666666666,166.66666666666666,166.66666666666666,bicycle,1113,1236.0,4454399.5,5404385.0,475,4415215.5,5377311.0,146,1,227,4459854.0,5404577.5,39,1,1,True,23352
1505272,315,4458265.0,5400558.5,305,4457571.63077179,5400921.0822987845,HBS,397,1.23269384765625,1.9783360799153649,4.1027621666666665,166.66666666666666,166.66666666666666,walk,504,545.0,4458253.0,5401234.5,1962,4476003.0,5343156.5,309,0,188,4458521.5,5404684.0,30,2,2,True,13524
1505276,315,4458265.0,5400558.5,307,4458163.784512815,5401440.049544805,HBS,398,0.8725769653320312,1.6901378631591797,2.6494606666666662,166.66666666666666,166.66666666666666,autoDriver,754,983.0,4459651.0,5399846.5,4297,4474903.0,5325484.5,350,1,318,4458639.5,5400219.5,0,1,2,False,0
1505277,102,4451752.0,5401915.0,200,4456185.493141149,5402935.086180224,HBS,400,7.2145498046875005,13.265836588541667,20.998238333333333,166.66666666666666,166.66666666666666,autoPassenger,734,975.0,4459968.5,5403905.0,269,4440077.5,5399099.5,235,0,346,4460757.0,5401208.5,54,2,2,True,7596
1505281,102,4451752.0,5401915.0,100,4451934.555179832,5402178.653245064,HBS,399,2.390086669921875,7.424371846516927,4.344748,166.66666666666666,166.66666666666666,walk,728,771.0,4457530.5,5404122.5,4296,4475053.0,5326690.0,186,3,346,4461164.0,5401081.5,54,1,1,True,42696
1505282,102,4451752.0,5401915.0,100,4452031.717733498,5402117.8526330525,HBS,399,2.390086669921875,7.424371846516927,4.344748,166.66666666666666,166.66666666666666,walk,992,1080.0,4457530.5,5404122.5,4296,4475053.0,5326690.0,186,3,346,4461164.0,5401081.5,54,1,1,True,42696
1505283,244,4460047.0,5402768.0,246,4459385.823277657,5402266.12182552,HBS,407,1.6942598876953123,2.929108683268229,166.66666666666666,166.66666666666666,166.66666666666666,walk,956,995.0,4459609.0,5403893.5,4915,4530112.5,5305726.5,232,1,297,4456873.0,5401342.0,87,2,2,True,9504
1505295,162,4455635.5,5399619.0,199,4458527.74653704,5403445.94163811,HBS,420,7.311434570312499,10.859815470377605,8.776397666666666,166.66666666666666,166.66666666666666,walk,951,984.0,4461068.0,5400144.0,944,4418778.5,5355897.5,350,0,165,4455504.5,5405034.5,88,1,2,True,26604
1505301,142,4456571.5,5404932.5,178,4455955.665532518,5403542.54071883,HBS,429,2.425277587890625,3.3268763224283853,15.700561666666664,166.66666666666666,166.66666666666666,autoDriver,886,910.0,4460176.0,5405555.0,459,4414113.5,5362274.5,219,2,231,4458883.5,5403964.0,31,1,1,True,38160
1505303,241,4460763.5,5403526.0,142,4456716.36072637,5404993.509280036,HBS,430,6.0300361328125005,7.76253407796224,30.628591666666665,166.66666666666666,166.66666666666666,autoDriver,737,752.0,4456876.0,5398994.0,584,4412465.5,5361345.0,322,1,346,4460850.5,5401254.0,47,1,1,True,23016
1505304,223,4458873.0,5404619.5,195,4457764.374689113,5403333.754645744,HBS,433,2.67904443359375,3.612308247884114,4.702145,166.66666666666666,166.66666666666666,walk,886,995.0,4451776.5,5401894.5,588,4413078.0,5360702.0,102,0,164,4453228.0,5403351.5,75,2,2,False,6276
1505305,234,4459621.0,5403443.0,299,4456538.363821579,5400796.317991629,HBS,435,4.60872265625,6.259344482421875,38.04663833333333,166.66666666666666,166.66666666666666,walk,701,725.0,4459045.5,5401865.0,469,4419955.5,5381348.0,247,1,321,4455976.5,5398594.5,75,1,2,True,13152
1505308,234,4459621.0,5403443.0,247,4459186.128150505,5401958.783442789,HBS,436,2.133296630859375,2.784028116861979,21.90825166666667,166.66666666666666,166.66666666666666,walk,632,666.0,4459513.0,5403846.5,2383,4411627.5,5336685.5,232,0,348,4463482.5,5402732.0,72,2,2,True,13152
1505309,234,4459621.0,5403443.0,146,4454062.8837959245,5404164.080737439,HBS,436,6.30571826171875,8.467271931966145,33.51215833333333,166.66666666666666,166.66666666666666,autoPassenger,575,607.0,4459513.0,5403846.5,2383,4411627.5,5336685.5,232,0,348,4463482.5,5402732.0,72,2,2,True,13152
1505313,236,4460280.5,5403779.0,208,4458512.043099152,5403068.819426617,HBS,444,2.937666015625,3.8666666666666663,19.679891666666663,166.66666666666666,166.66666666666666,walk,574,647.0,4456458.5,5404324.0,2877,4463093.5,5333572.5,174,0,164,4452877.0,5404303.5,75,2,2,False,6360
1505315,236,4460280.5,5403779.0,323,4457644.19350339,5399865.075692835,HBS,444,6.977421875,8.492054239908853,29.772905,166.66666666666666,166.66666666666666,bicycle,1066,1070.0,4456458.5,5404324.0,2877,4463093.5,5333572.5,174,0,164,4452877.0,5404303.5,75,2,2,False,6360
1505318,248,4459438.5,5401999.5,199,4458752.487889866,5403677.641125748,HBS,445,2.236457763671875,3.1854161580403644,20.407956666666667,166.66666666666666,166.66666666666666,autoDriver,641,743.0,4454826.5,5403354.5,2139,4510851.0,5378133.5,151,1,347,4461494.0,5401279.5,64,2,2,False,17184
1505327,192,4457456.5,5403703.0,137,4456370.92893057,5407593.567645208,HBS,453,6.754501464843751,9.502717081705727,20.86818833333333,166.66666666666666,166.66666666666666,autoDriver,649,672.0,4459110.5,5406499.0,1029,4436169.5,5358377.0,222,1,297,4457005.0,5401373.5,73,2,2,True,21720
1505331,149,4454829.0,5403739.5,164,4452614.142586209,5403704.1464979295,HBS,455,0.93475244140625,1.3290154774983725,166.66666666666666,166.66666666666666,166.66666666666666,walk,521,569.0,4456092.0,5407930.5,532,4436757.0,5370565.0,135,1,253,4461512.0,5401904.5,81,1,2,True,13632
1505336,312,4457782.5,5400639.5,325,4457923.78201903,5399107.765285781,HBS,460,3.5709970703125,5.332174173990885,17.928263333333334,166.66666666666666,166.66666666666666,autoPassenger,1066,1073.0,4461182.0,5403434.0,560,4396286.0,5357836.0,241,1,141,4457026.5,5405407.5,44,2,2,True,7200
1505348,142,4456759.0,5405023.0,155,4455632.961817321,5403631.264744149,HBS,468,2.172873291015625,2.9052805582682293,15.890573333333332,166.66666666666666,166.66666666666666,autoDriver,580,630.0,4459218.0,5404867.5,3522,4466744.0,5332279.0,223,0,348,4463429.5,5402987.5,19,1,2,True,0
1505358,147,4454722.0,5404204.5,208,4458765.8712251,5403113.466269685,HBS,474,5.086828125,7.686882527669271,31.39142333333333,166.66666666666666,166.66666666666666,autoPassenger,590,597.0,4455023.0,5403422.0,4105,4470825.0,5329614.5,154,1,145,4458064.0,5405052.5,43,1,2,True,3864
1505362,147,4454722.0,5404204.5,155,4455603.12978363,5403476.659861015,HBS,476,1.9843927001953128,3.596978759765625,7.590572666666667,166.66666666666666,166.66666666666666,autoPassenger,543,614.0,4458703.0,5401813.0,3258,4465466.5,5335822.5,213,1,143,4457171.5,5405001.5,3,2,2,False,1656
1505376,223,4459069.0,5404769.5,196,4458447.963154175,5403811.463671102,HBS,480,2.0457481689453125,2.848094431559245,3.587921166666667,166.66666666666666,166.66666666666666,autoPassenger,702,912.0,4455978.5,5400277.0,3131,4464275.0,5326562.0,298,0,164,4453228.0,5403351.5,51,2,2,False,0
1505382,223,4459069.0,5404769.5,250,4460959.3659968665,5402917.917229529,HBS,479,2.73762255859375,3.954754638671875,25.71307,166.66666666666666,166.66666666666666,autoPassenger,495,514.0,4458167.5,5400531.0,2856,4461563.0,5331628.0,315,1,144,4457660.5,5405507.5,58,1,2,True,13416
1505396,194,4457601.0,5403486.0,176,4455784.616099286,5403965.794186994,HBS,488,2.611558837890625,4.152437845865886,9.678771,166.66666666666666,166.66666666666666,autoDriver,598,639.0,4457429.0,5403330.0,3024,4461567.0,5328338.0,194,1,253,4461530.0,5401746.5,37,2,1,True,12756
1505404,161,4455476.5,5403254.5,205,4457654.090402389,5403124.339604958,HBS,492,2.839452880859375,4.24445063273112,21.40176333333333,166.66666666666666,166.66666666666666,autoDriver,1032,1045.0,4458030.5,5400508.0,1673,4489023.0,5348164.0,312,1,228,4460176.0,5404504.0,41,1,1,True,39312
1505407,161,4455476.5,5403254.5,101,4452233.232778701,5402379.160189054,HBS,493,3.70392919921875,4.044449869791666,56.20776666666666,166.66666666666666,166.66666666666666,autoDriver,1068,1073.0,4454710.5,5404054.0,1395,4453626.5,5339662.0,149,0,152,4454886.0,5404040.5,39,2,2,True,12768
1505408,161,4455476.5,5403254.5,163,4455336.326260565,5402388.136571882,HBS,493,1.387705810546875,3.1164265950520837,73.86862833333333,166.66666666666666,166.66666666666666,autoDriver,860,861.0,4454710.5,5404054.0,1395,4453626.5,5339662.0,149,0,152,4454886.0,5404040.5,39,2,2,True,12768
1505415,208,4458658.5,5402983.0,180,4456656.524450351,5404000.896380111,HBS,498,2.5472270507812502,3.864918518066406,13.860222333333333,166.66666666666666,166.66666666666666,walk,692,743.0,4455492.5,5403641.5,2247,4537355.0,5388171.0,155,0,197,4458724.0,5403978.5,61,2,2,True,6900
1505417,184,4457420.5,5404508.0,224,4459522.700558097,5404642.657705039,HBS,499,2.588847412109375,3.424230702718099,9.084327166666666,166.66666666666666,166.66666666666666,walk,1040,1042.0,4457670.5,5402909.0,1690,4468968.5,5348940.5,205,0,348,4463475.5,5402807.5,69,1,2,True,13248
1505420,232,4459452.5,5403963.0,176,4455847.98521411,5403903.987518028,HBS,503,4.9747207031250005,7.0019587198893225,16.212756666666667,166.66666666666666,166.66666666666666,autoDriver,841,909.0,4462557.0,5404022.5,447,4400905.5,5369856.0,254,0,144,4457660.5,5405507.5,0,1,2,False,0
1505425,317,4458212.0,5400440.5,149,4454753.897115992,5403702.925525597,HBS,506,6.89490625,9.582147216796876,166.66666666666666,166.66666666666666,166.66666666666666,bicycle,693,760.0,4457070.5,5404885.5,1035,4417048.0,5349450.0,173,0,348,4463475.5,5402807.5,39,1,1,True,18732
1505426,317,4458212.0,5400440.5,331,4456342.46183158,5397625.693110364,HBS,506,4.5687724609375,6.38230234781901,16.908643333333334,166.66666666666666,166.66666666666666,walk,1235,1277.0,4457070.5,5404885.5,1035,4417048.0,5349450.0,173,0,348,4463475.5,5402807.5,39,1,1,True,18732
1505446,326,4458973.5,5399227.0,299,4456644.327851856,5400701.213008103,HBS,520,3.84291943359375,5.527584838867187,36.46830166666667,166.66666666666666,166.66666666666666,autoPassenger,811,852.0,4459136.5,5402318.5,470,4415298.5,5379521.5,245,0,144,4457305.5,5404950.5,56,2,1,True,19284
1505454,314,4457953.5,5400481.5,319,4456448.369865674,5399834.973087101,HBS,528,2.91506689453125,4.012770334879558,4.656136666666667,166.66666666666666,166.66666666666666,autoDriver,711,717.0,4458872.0,5405215.0,3781,4473470.5,5335420.5,216,1,144,4457660.5,5405507.5,68,1,2,True,26988
1505455,314,4457953.5,5400481.5,204,4457497.762075531,5403204.842113933,HBS,528,4.913912109375,6.885265604654948,10.004465,166.66666666666666,166.66666666666666,autoPassenger,486,528.0,4458872.0,5405215.0,3781,4473470.5,5335420.5,216,1,144,4457660.5,5405507.5,68,1,2,True,26988
1505456,314,4457953.5,5400481.5,195,4457934.647374048,5403682.131705847,HBS,529,5.45733203125,7.537977600097656,16.099373333333332,12.76383,166.66666666666666,walk,1150,1284.0,4456674.5,5397317.5,2639,4458422.0,5335014.5,332,1,253,4461512.0,5401904.5,67,2,2,False,5580
1505457,338,4458903.0,5398349.0,326,4459345.860455781,5398630.404444367,HBS,530,1.042239990234375,1.509535090128581,20.561096666666668,166.66666666666666,166.66666666666666,autoDriver,1039,1041.0,4458633.0,5401106.5,4031,4469260.5,5331019.0,310,2,140,4456572.5,5405549.5,39,2,1,True,16332
1505460,304,4457728.5,5401674.0,237,4459676.929988619,5403577.008776305,HBS,533,3.80461767578125,5.589414978027344,29.95467,166.66666666666666,166.66666666666666,autoDriver,701,739.0,4458162.0,5398272.5,3800,4472027.0,5333800.5,338,2,346,4460945.0,5401039.0,47,1,2,True,2400
1505483,134,4456509.0,5408264.0,113,4458557.848526428,5413819.694245388,HBS,559,10.7475712890625,13.105617268880208,50.37156166666667,166.66666666666666,166.66666666666666,bus,822,1037.0,4454829.0,5403739.5,736,4420111.0,5360939.0,149,0,99,4451863.5,5402680.0,64,2,2,True,15708
1505499,222,4459903.0,5405726.5,191,4458559.636775145,5404465.139244295,HBS,565,2.54305615234375,3.9587450663248696,13.373771666666666,166.66666666666666,166.66666666666666,autoPassenger,677,701.0,4457214.5,5399748.5,701,4419707.0,5363181.5,320,2,143,4457215.5,5405242.5,61,2,1,True,8796
1505517,142,4456836.5,5404951.5,170,4456148.782391777,5404232.299676474,HBS,576,0.76869384765625,1.340584945678711,5.161295,166.66666666666666,166.66666666666666,autoPassenger,1000,1030.0,4459209.0,5401676.0,926,4416201.0,5356797.0,339,2,345,4459763.5,5400155.0,82,1,2,True,11412
1505520,212,4458145.5,5401939.0,187,4457705.398251491,5404246.773911573,HBS,579,3.508849853515625,4.877736409505208,31.307736666666663,31.005786666666665,166.66666666666666,autoDriver,562,581.0,4457647.0,5402601.5,924,4414230.5,5357645.0,206,0,229,4459663.5,5404151.5,34,2,2,True,7284
1505522,212,4458145.5,5401939.0,139,4458243.345392619,5406903.819753881,HBS,581,6.3910693359375,8.473184204101562,23.769051666666662,24.03740833333333,166.66666666666666,bicycle,539,1092.0,4457526.5,5400628.5,2973,4457272.5,5329781.0,311,1,321,4455976.5,5398594.5,6,2,2,False,0
1505533,222,4458891.5,5406235.5,198,4458147.131066745,5403491.570550725,HBS,594,3.3160380859375,4.447462972005209,10.780761666666669,166.66666666666666,166.66666666666666,walk,642,652.0,4462567.0,5403609.0,4342,4485922.0,5337439.0,254,0,143,4456979.5,5405169.5,51,1,1,True,49584
1505550,334,4456536.0,5397172.0,331,4455733.407161295,5397618.116689136,HBS,601,0.7581340942382813,0.9441075007120768,4.437005666666667,166.66666666666666,166.66666666666666,autoDriver,936,1017.0,4454854.0,5403532.5,91,4448395.5,5407629.0,154,0,346,4461146.5,5401335.5,27,2,2,True,4104
1505555,176,4455866.0,5403928.0,171,4456278.892148423,5404168.308463888,HBS,602,1.5618438720703125,2.4511517842610675,0.0238975816666666,166.66666666666666,166.66666666666666,walk,804,859.0,4457979.5,5400487.0,11,4432573.0,5416009.0,314,0,231,4458883.5,5403964.0,47,1,2,True,9732
1505573,333,4455988.5,5396896.0,345,4460143.533081038,5400517.9473128375,HBS,612,6.30598828125,7.610969034830729,49.3162,166.66666666666666,166.66666666666666,autoPassenger,629,848.0,4458815.0,5404372.0,85,4468120.5,5422917.0,191,1,348,4463327.0,5402795.5,41,2,2,True,984
1505601,142,4456667.5,5404988.5,181,4456971.504240179,5404069.7953115525,HBS,628,1.636509521484375,2.287511444091797,13.166218333333331,166.66666666666666,166.66666666666666,bicycle,690,745.0,4458187.0,5402327.0,3472,4465349.0,5333486.0,210,0,348,4461329.0,5400357.0,46,2,1,True,30516
1505629,222,4458866.0,5406082.0,235,4459743.705142743,5403903.551926213,HBS,646,2.97493359375,4.243092600504557,7.143920833333333,166.66666666666666,166.66666666666666,autoDriver,601,651.0,4459531.5,5405020.5,4174,4474339.5,5329872.0,217,2,229,4459663.5,5404151.5,79,2,2,False,14592
1505651,335,4456960.0,5397093.5,314,4457815.189057079,5400222.567659875,HBS,661,4.47155908203125,6.504249064127604,12.358655,166.66666666666666,166.66666666666666,autoDriver,786,1060.0,4457128.5,5404391.0,2069,4502023.5,5383807.5,175,1,249,4460050.0,5401865.5,63,2,2,True,6384
1505657,207,4457890.0,5402722.5,318,4458589.179573437,5400293.023896929,HBS,664,3.185457763671875,4.700679524739583,13.904391666666667,166.66666666666666,166.66666666666666,bicycle,574,614.0,4456390.0,5403845.5,2339,4492854.5,5345049.5,177,1,230,4460174.0,5404449.5,23,2,2,True,0
1505666,300,4457070.5,5400624.5,211,4458484.536745706,5402188.484413725,HBS,669,3.081078369140625,4.654163614908854,8.325699333333333,166.66666666666666,166.66666666666666,autoDriver,494,511.0,4459590.0,5403499.0,1025,4429370.5,5361331.5,234,1,226,4459581.0,5404390.5,25,1,2,True,6588
1505670,170,4456073.5,5404113.5,138,4457086.696827169,5407894.922270468,HBS,671,8.2829619140625,11.962313842773437,19.048191666666664,166.66666666666666,166.66666666666666,walk,643,671.0,4460171.5,5404810.5,4600,4483336.5,5305784.0,228,0,179,4456054.5,5403543.5,36,2,2,True,0
1505673,312,4458005.0,5400870.5,324,4458099.369413517,5399772.138425107,HBS,674,1.325165283203125,2.2314598083496096,5.946986666666667,166.66666666666666,166.66666666666666,autoDriver,1194,1256.0,4457766.5,5401708.5,291,4447611.0,5393670.5,209,0,99,4451787.5,5402630.5,73,2,2,True,14268
1505674,312,4458005.0,5400870.5,205,4457871.226920767,5403127.6538943285,HBS,674,3.11014306640625,4.485988362630208,14.349865666666666,166.66666666666666,166.66666666666666,autoDriver,625,637.0,4457766.5,5401708.5,291,4447611.0,5393670.5,209,0,99,4451787.5,5402630.5,73,2,2,True,14268
1505705,218,4459664.0,5405366.5,227,4459927.130799057,5404888.53912274,HBS,700,1.7023763427734375,2.935200500488281,9.354906666666666,166.66666666666666,166.66666666666666,walk,927,936.0,4458810.0,5399676.0,2071,4497451.0,5391747.5,324,0,167,4455869.5,5404449.5,65,2,2,True,11340
1505708,339,4458939.5,5401256.5,208,4458706.077522108,5402679.353066729,HBS,701,2.976131591796875,4.155251057942708,18.012186666666665,166.66666666666666,166.66666666666666,walk,551,573.0,4457906.0,5402863.0,3073,4462998.5,5328540.0,207,1,349,4459222.0,5399478.0,36,2,2,True,14616
1505709,339,4458939.5,5401256.5,342,4459370.144372619,5400574.916186272,HBS,701,1.0927940673828125,1.546823247273763,10.882776666666668,166.66666666666666,166.66666666666666,bicycle,955,966.0,4457906.0,5402863.0,3073,4462998.5,5328540.0,207,1,349,4459222.0,5399478.0,36,2,2,True,14616
1505716,336,4457576.0,5398486.0,322,4457218.935370797,5399069.785645117,HBS,703,1.661126708984375,2.1704427083333333,30.095633333333332,166.66666666666666,166.66666666666666,walk,1014,1340.0,4459831.5,5403731.0,3908,4476989.0,5332285.0,235,1,186,4457598.0,5404485.5,40,1,1,True,5040
1505726,300,4457093.5,5400741.5,324,4458734.890541221,5399422.493048815,HBS,706,2.120040771484375,3.64829584757487,6.946986666666667,166.66666666666666,166.66666666666666,walk,1059,1361.0,4459739.0,5401530.0,4745,4499277.5,5304693.5,340,1,208,4458584.5,5403139.0,2,2,2,False,0
1505737,175,4457230.0,5404222.0,251,4461829.687542014,5403000.304017725,HBS,713,5.71550927734375,7.386742146809896,18.13011,166.66666666666666,166.66666666666666,walk,533,570.0,4449075.5,5404751.5,1649,4482107.0,5361064.0,98,2,208,4458382.0,5403231.0,80,2,2,True,12960
1505740,334,4456802.5,5397278.0,323,4457442.647120606,5400007.104040536,HBS,715,4.55669189453125,6.095989481608073,24.21645333333333,166.66666666666666,166.66666666666666,autoDriver,660,692.0,4456389.0,5404151.5,772,4416428.0,5358410.0,171,0,140,4456389.0,5406068.0,80,1,2,True,15960
1505743,197,4458786.5,5403899.5,210,4458348.748869211,5402493.140418991,HBS,717,2.50161767578125,3.368886566162109,6.645409666666667,166.66666666666666,166.66666666666666,walk,610,633.0,4456528.0,5397880.5,1004,4418051.0,5351554.5,330,1,340,4460442.5,5400913.0,71,1,2,True,17604
1505747,197,4458786.5,5403899.5,201,4457048.33248473,5403286.187705756,HBS,718,2.907839111328125,3.948226165771484,24.09367,166.66666666666666,166.66666666666666,walk,555,572.0,4456212.5,5403350.5,2436,4432776.5,5324518.5,179,0,318,4458474.5,5400413.0,62,2,2,True,0
1505756,174,4456602.5,5404118.5,190,4458341.193278869,5404157.99820826,HBS,723,2.44341357421875,3.1737833658854164,13.13773,166.66666666666666,166.66666666666666,autoPassenger,597,631.0,4457661.0,5404259.5,3090,4465247.0,5328873.0,187,2,253,4461512.0,5401904.5,25,1,1,False,15024
1505762,333,4457855.5,5397592.5,324,4458409.383253909,5399388.249788501,HBS,729,5.4096181640625005,6.445203653971354,8.240632166666666,166.66666666666666,166.66666666666666,bus,520,525.0,4458557.0,5404514.0,1229,4445597.5,5361132.5,189,1,348,4462608.5,5402664.5,20,2,3,True,12612
1505778,216,4458871.5,5405269.5,248,4459428.790708755,5401815.658470604,HBS,739,5.4204580078125,5.778654479980469,44.615026666666665,166.66666666666666,166.66666666666666,autoDriver,447,576.0,4455037.0,5403385.5,4448,4476105.0,5324203.0,154,0,346,4461077.0,5400957.0,73,1,2,True,13788
1505814,304,4457740.0,5401507.5,310,4458811.812710133,5401074.475316389,HBS,766,1.2305157470703123,2.117865880330404,6.787563333333334,166.66666666666666,166.66666666666666,walk,497,579.0,4454930.0,5403323.0,807,4419176.5,5359934.0,154,2,308,4458785.0,5401566.0,77,1,2,True,27600
1505817,215,4459620.0,5405570.5,191,4458520.634961643,5404432.930888712,HBS,769,2.0242427978515627,2.6487703959147133,15.755225,166.66666666666666,166.66666666666666,bicycle,516,573.0,4456254.5,5404384.0,3209,4466321.0,5336947.0,169,0,253,4461512.0,5401904.5,55,1,2,True,31044
1505820,142,4456519.5,5404901.0,145,4458396.393771576,5405171.793718679,HBS,771,3.333145263671875,4.229883321126302,13.932384999999998,166.66666666666666,166.66666666666666,bicycle,611,621.0,4458816.0,5403365.0,3168,4454072.0,5318272.5,199,1,224,4459394.5,5404503.5,43,2,1,True,24576
1505835,172,4456611.5,5404605.0,243,4459554.376534226,5403178.358812318,HBS,786,4.61446630859375,6.339552815755209,19.659405,166.66666666666666,166.66666666666666,walk,647,692.0,4461377.0,5403809.0,784,4417414.0,5359791.5,242,2,144,4457660.5,5405507.5,62,2,2,True,0
1505836,172,4456611.5,5404605.0,137,4456334.925434192,5407671.8945797775,HBS,787,7.700560058593751,11.023653157552085,16.118187499999998,166.66666666666666,166.66666666666666,autoDriver,655,662.0,4459658.0,5402952.0,4381,4484236.0,5329783.0,244,1,346,4461205.5,5401102.5,27,2,1,False,12096
1505840,177,4456351.5,5404066.0,205,4457720.439758093,5403157.294736243,HBS,790,3.2555224609375,5.3488820393880205,19.56069666666667,166.66666666666666,166.66666666666666,walk,1067,1097.0,4456749.5,5404081.5,4040,4469710.5,5330775.5,180,1,147,4454688.0,5404122.5,83,2,2,True,11988
1505848,227,4459754.5,5404804.5,185,4457991.317375947,5404611.8649926,HBS,791,2.690095458984375,3.425360616048177,17.84583333333333,166.66666666666666,166.66666666666666,walk,720,758.0,4456137.0,5400356.0,55,4441072.0,5416974.0,298,0,299,4456606.0,5400502.0,67,2,2,False,15216
1505865,149,4454559.5,5404088.0,127,4453821.330332651,5408019.123101334,HBS,809,4.9441923828125,8.011548868815105,166.66666666666666,166.66666666666666,166.66666666666666,autoDriver,769,807.0,4457167.5,5400757.5,1697,4469053.5,5348064.0,300,1,164,4452899.0,5404596.5,57,2,1,True,14352
1505866,223,4458968.5,5404707.0,223,4459149.028062038,5404832.327220205,HBS,811,0.2514467010498047,0.3864596366882324,3.831291,166.66666666666666,166.66666666666666,walk,565,1265.0,4457969.5,5398533.0,1926,4468911.0,5337864.5,325,0,190,4458323.0,5404118.0,80,2,2,True,672
1505870,222,4458879.0,5405964.5,227,4460013.166638365,5404680.151140406,HBS,819,2.1871196289062502,3.1697105407714843,9.354906666666666,166.66666666666666,166.66666666666666,bicycle,902,960.0,4456829.0,5405111.5,1373,4459097.5,5346675.5,142,1,184,4457262.5,5404683.0,34,2,3,True,0
1505883,338,4458182.0,5398132.5,194,4457452.771222542,5403620.490924656,HBS,824,7.36897412109375,9.552994791666666,14.335247833333334,166.66666666666666,166.66666666666666,bicycle,847,871.0,4456790.5,5403806.0,2436,4432813.5,5324515.0,180,1,348,4462608.5,5402664.5,51,2,2,True,0
1505886,340,4459681.5,5401682.5,213,4458583.3887323495,5401866.727568099,HBS,827,1.7728936767578125,3.0695597330729165,35.416016666666664,166.66666666666666,166.66666666666666,walk,1119,1155.0,4455919.0,5400398.0,724,4418331.0,5360319.5,298,1,348,4461787.5,5400766.5,85,1,2,True,10272
1505891,146,4454399.5,5404385.0,149,4454773.516086444,5403795.355441865,HBS,830,0.6072867431640625,1.1097293853759769,166.66666666666666,166.66666666666666,166.66666666666666,autoDriver,1003,1024.0,4458002.0,5402373.5,1482,4460166.0,5338094.5,209,0,237,4459747.0,5403420.5,63,1,2,True,100368
1505897,192,4457296.0,5404011.0,171,4456414.108523946,5404173.706134213,HBS,835,1.609228515625,2.292090352376302,9.99089,166.66666666666666,166.66666666666666,walk,917,975.0,4454937.5,5403507.0,305,4457619.0,5400958.5,154,1,183,4456989.0,5403348.5,27,1,2,True,4476
1505901,186,4457530.5,5404122.5,225,4458874.361184512,5404237.360151888,HBS,842,2.2065908203125,2.990373229980469,3.708761333333333,166.66666666666666,166.66666666666666,autoDriver,635,674.0,4455866.0,5403928.0,4243,4475817.5,5330338.5,176,1,346,4460757.0,5401208.5,51,2,1,False,15648
1505903,235,4459968.5,5403905.0,223,4458892.618777608,5404644.56084451,HBS,844,1.7496904296875,2.447089131673177,4.382906166666667,166.66666666666666,166.66666666666666,walk,668,669.0,4457954.5,5404166.0,2584,4446934.5,5329893.5,187,1,348,4462608.5,5402664.5,21,1,3,True,4008
1505916,303,4457521.5,5401366.5,319,4456278.394402991,5399839.102163898,HBS,851,2.5601162109375,3.574008178710937,5.556136666666666,166.66666666666666,166.66666666666666,bicycle,982,1045.0,4458337.5,5403596.5,207,4457859.0,5402599.0,198,1,348,4463547.0,5402729.5,16,2,1,False,6300
1505930,349,4458955.5,5399600.5,349,4458919.239456512,5399619.942516692,HBS,857,0.4230967712402343,0.7817490259806315,12.518532333333331,166.66666666666666,166.66666666666666,autoDriver,567,601.0,4451996.0,5402414.0,3392,4469233.5,5336424.0,100,1,204,4457314.5,5403156.0,70,2,2,False,0
1505938,232,4459609.0,5403893.5,211,4458777.435524876,5402265.611088206,HBS,860,2.2798015136718752,3.314364624023437,9.061983333333334,166.66666666666666,166.66666666666666,autoDriver,581,593.0,4458898.5,5399041.0,1364,4459348.0,5347387.0,326,0,140,4456413.0,5405736.0,8,2,3,False,0
1505942,244,4459855.5,5402593.0,243,4459424.860228878,5403263.568785275,HBS,863,0.9048263549804688,1.3611249287923175,3.492738666666667,166.66666666666666,166.66666666666666,walk,647,652.0,4456837.0,5400782.5,725,4418548.0,5360424.5,299,1,348,4463366.0,5403002.0,84,2,2,True,12060
1505947,186,4457537.0,5404206.5,201,4456867.315564229,5403211.3256238215,HBS,869,2.193126708984375,3.1880956013997395,23.93743333333333,166.66666666666666,166.66666666666666,walk,1067,1068.0,4455925.5,5400327.5,4625,4487321.5,5293988.5,298,1,144,4457308.5,5405685.0,77,1,2,True,14832
1505949,186,4457537.0,5404206.5,179,4456112.224685166,5403310.230763874,HBS,870,2.16826171875,3.211034138997396,6.551678999999999,166.66666666666666,166.66666666666666,walk,621,713.0,4458798.5,5402043.0,2818,4459359.0,5333871.5,213,1,347,4461580.5,5401514.0,72,2,2,True,6372
1505950,186,4457537.0,5404206.5,222,4459828.576340603,5406472.550168335,HBS,870,3.804620849609375,4.842548116048177,4.631671166666666,166.66666666666666,166.66666666666666,bus,806,844.0,4458798.5,5402043.0,2818,4459359.0,5333871.5,213,1,347,4461580.5,5401514.0,72,2,2,True,6372
1505951,235,4459803.0,5403898.0,233,4459147.218622921,5403333.741728307,HBS,871,1.0550650634765626,1.2903687795003256,5.307519999999999,166.66666666666666,166.66666666666666,autoDriver,546,586.0,4459293.0,5404184.5,2944,4463252.0,5331681.5,226,3,348,4463519.5,5402880.5,40,1,2,True,0
1505958,173,4457029.5,5404788.0,155,4455479.23785364,5403374.98127897,HBS,875,2.668814697265625,4.059400939941407,13.60724,166.66666666666666,166.66666666666666,walk,683,701.0,4458989.5,5406381.5,4011,4467388.0,5328644.5,222,2,234,4459440.5,5403651.5,83,1,2,True,20568
1505959,173,4457029.5,5404788.0,185,4457846.384109508,5404654.05148389,HBS,875,1.004553466796875,1.999228286743164,2.278171,166.66666666666666,166.66666666666666,autoDriver,485,505.0,4458989.5,5406381.5,4011,4467388.0,5328644.5,222,2,234,4459440.5,5403651.5,83,1,2,True,20568
1505971,146,4454077.5,5404192.0,179,4456153.069431783,5403542.765696276,HBS,883,2.3894687500000003,3.7927645365397136,10.967594333333333,166.66666666666666,166.66666666666666,autoPassenger,1136,1202.0,4457148.0,5404381.0,3669,4469020.0,5332255.5,175,0,253,4461512.0,5401904.5,31,2,2,True,15660
1505975,235,4459664.5,5403758.5,232,4459571.573915451,5403799.735676283,HBS,886,0.2582659912109375,0.4727797508239746,11.352494333333334,166.66666666666666,166.66666666666666,walk,550,739.0,4459873.5,5400748.5,4091,4468502.0,5328946.5,345,2,144,4457364.0,5405199.5,70,2,2,True,3168
1505982,331,4456337.5,5397621.5,365,4458321.392674664,5392617.548139197,HBS,895,5.54825634765625,6.725214131673177,53.46722,57.34545,166.66666666666666,autoDriver,496,595.0,4456965.0,5400581.5,2238,4537217.0,5388108.5,300,2,243,4459082.5,5402788.0,72,2,2,True,11880
1505984,313,4457276.0,5400100.5,185,4457977.38790234,5404571.480856985,HBS,898,6.79416455078125,9.47631123860677,18.300166666666662,18.690193333333333,166.66666666666666,autoDriver,837,876.0,4458600.5,5400979.0,1608,4480259.5,5363020.0,310,1,253,4461525.0,5401859.5,75,1,2,True,17196
1505992,219,4460176.0,5405555.0,216,4458998.766142132,5405069.032540717,HBS,901,1.41723876953125,2.063733927408854,5.799041166666667,166.66666666666666,166.66666666666666,autoDriver,556,711.0,4458527.0,5403191.5,782,4416635.0,5357026.0,208,1,243,4459036.0,5402820.0,55,1,1,True,20484
1505999,219,4460176.0,5405555.0,207,4457977.716491534,5402555.732434116,HBS,902,4.61388720703125,6.460392252604167,22.43329,166.66666666666666,166.66666666666666,autoDriver,1052,1090.0,4461960.0,5404038.5,4676,4497169.0,5322959.0,242,2,346,4460757.0,5401208.5,50,2,2,True,8880
1506005,322,4456876.0,5398994.0,320,4456795.805139865,5399467.802952796,HBS,906,0.918964599609375,1.5120335896809896,7.041156666666667,166.66666666666666,166.66666666666666,walk,625,644.0,4459977.5,5403721.0,3193,4452343.0,5317390.5,235,1,348,4463457.0,5403081.0,41,1,1,True,8880
1506007,205,4457942.0,5403247.0,199,4458570.431192551,5403562.658116509,HBS,908,1.465979248046875,2.630914052327474,7.876783333333334,166.66666666666666,166.66666666666666,bus,561,608.0,4458694.5,5398349.5,2446,4415245.5,5324381.0,338,1,321,4455976.5,5398594.5,30,2,1,True,24660
1506018,247,4459045.5,5401865.0,309,4458283.163618303,5401106.745933551,HBS,913,1.6399097900390625,2.365906524658203,11.985193333333331,166.66666666666666,166.66666666666666,walk,532,644.0,4459211.0,5401754.5,4922,4526198.5,5302155.5,247,1,226,4459293.5,5404206.5,82,1,2,True,24456
1506023,240,4462431.5,5404108.0,247,4458850.859904194,5401837.388674725,HBS,917,6.8656748046875,7.11477305094401,23.15911333333333,166.66666666666666,166.66666666666666,autoPassenger,615,640.0,4456277.5,5403700.5,551,4436900.5,5369330.5,177,1,145,4458064.0,5405052.5,48,2,1,True,15072
1506024,240,4462431.5,5404108.0,309,4458127.90282203,5401056.637142091,HBS,917,8.351869140625,9.461130777994793,19.602335,166.66666666666666,166.66666666666666,bicycle,718,750.0,4456277.5,5403700.5,551,4436900.5,5369330.5,177,1,145,4458064.0,5405052.5,48,2,1,True,15072
1506031,336,4457812.5,5397977.5,243,4459326.16503668,5402718.014538839,HBS,920,6.77528466796875,8.968638102213541,35.926075,166.66666666666666,166.66666666666666,autoPassenger,958,1004.0,4462570.5,5403636.5,4493,4446233.0,5307995.0,254,0,165,4454894.5,5404379.0,16,1,1,False,5220
1506039,149,4454844.0,5404098.5,176,4455719.65863829,5403914.771422071,HBS,924,1.7077237548828126,2.841759999593099,166.66666666666666,166.66666666666666,166.66666666666666,walk,653,670.0,4459391.0,5400586.0,3772,4472358.0,5334959.5,342,1,253,4461490.5,5401836.0,39,1,1,True,17412
1506042,212,4458169.5,5401706.0,342,4459420.095150847,5400630.882142677,HBS,926,2.189217041015625,3.1401705423990887,13.223873833333332,166.66666666666666,166.66666666666666,autoDriver,631,657.0,4455992.5,5399412.0,431,4402871.0,5381673.5,319,0,346,4460689.0,5401052.0,41,2,1,True,127968
1506043,212,4458169.5,5401706.0,200,4456265.398572843,5403228.7957232855,HBS,926,2.618671875,3.506145731608073,17.119471666666666,166.66666666666666,166.66666666666666,walk,1085,1110.0,4455992.5,5399412.0,431,4402871.0,5381673.5,319,0,346,4460689.0,5401052.0,41,2,1,True,127968
1506049,199,4458558.5,5403344.0,304,4458022.471306372,5401620.158064324,HBS,931,3.0964804687500003,4.635101826985677,32.455525,166.66666666666666,166.66666666666666,autoDriver,673,843.0,4455433.5,5403476.5,2266,4526921.5,5368899.5,155,0,230,4460323.0,5404275.5,27,2,1,True,11256
1506052,174,4456458.5,5404324.0,158,4452659.032974185,5401724.17870421,HBS,932,5.32964599609375,6.554796854654948,26.5146,166.66666666666666,166.66666666666666,bicycle,751,832.0,4457060.5,5400871.5,4360,4479601.0,5329995.0,300,1,222,4459120.0,5406332.0,89,2,2,True,19752
1506061,309,4458401.0,5401159.0,151,4454684.210236899,5403410.45020278,HBS,939,6.40071728515625,8.43704833984375,29.420115,29.353448333333333,166.66666666666666,autoDriver,539,552.0,4452702.5,5402572.0,3877,4475405.5,5333060.5,156,1,346,4460453.5,5400995.5,30,2,1,True,4740
1506071,196,4458440.5,5403847.5,220,4459728.645105578,5405297.130946984,HBS,943,2.8428356933593752,4.134406026204427,23.93015,166.66666666666666,166.66666666666666,walk,559,649.0,4459918.0,5403839.5,3183,4464833.5,5322311.0,235,1,212,4458283.5,5401851.0,58,1,2,True,8916
1506075,101,4452280.5,5402342.5,166,4456069.379777955,5404782.603761959,HBS,949,5.91795458984375,7.221960957845052,17.99321666666667,166.66666666666666,166.66666666666666,walk,983,1023.0,4457975.5,5402294.0,1062,4424071.0,5347933.0,209,0,226,4459473.0,5404203.0,76,1,2,True,30072
1506082,319,4455928.5,5399611.0,162,4453021.725440408,5399532.483068696,HBS,952,1.96436181640625,3.856271616617839,46.80863833333333,166.66666666666666,166.66666666666666,autoDriver,994,1031.0,4456226.5,5404045.5,3877,4475405.5,5333060.5,177,1,346,4461139.5,5401184.0,52,1,1,True,26952
1506090,205,4457973.0,5403207.0,189,4458727.471132233,5404757.121855172,HBS,960,2.78333251953125,4.3444574991861975,10.82844,166.66666666666666,166.66666666666666,autoPassenger,602,645.0,4457157.5,5404656.5,44,4461936.0,5432728.0,173,0,188,4458299.5,5404743.0,1,2,2,False,0
1506098,154,4455048.5,5403577.5,207,4457931.503941962,5402563.799785628,HBS,964,3.69896142578125,5.2136077880859375,18.693638333333336,166.66666666666666,166.66666666666666,autoPassenger,927,938.0,4455938.0,5404227.0,2899,4463823.5,5333337.0,167,1,254,4462732.0,5403749.0,66,2,2,True,31704
1506109,324,4458794.0,5399958.0,342,4459472.493395699,5400514.612447009,HBS,972,3.0069921875,5.212582906087239,19.774905,166.66666666666666,166.66666666666666,walk,1064,1102.0,4450622.0,5404735.0,4501,4456883.5,5308527.0,98,0,348,4463547.0,5402729.5,80,1,2,False,21576
1506118,245,4459007.5,5402326.0,152,4455114.645396299,5403795.141547047,HBS,976,5.509458984375,7.549824015299479,24.603731666666665,166.66666666666666,166.66666666666666,autoDriver,870,903.0,4459711.5,5402951.0,232,4459463.5,5403782.0,244,0,156,4453158.0,5403239.0,72,2,2,True,16344
1506125,188,4458343.0,5404664.5,145,4458493.499885148,5405448.624366853,HBS,982,0.6726078491210937,1.0847894032796224,24.898481666666665,166.66666666666666,166.66666666666666,walk,1047,1079.0,4456828.0,5400341.0,1405,4452621.0,5338099.5,301,0,348,4463461.5,5402880.0,75,1,2,False,22692
1506147,154,4455023.0,5403422.0,181,4457222.911246037,5404036.658869356,HBS,998,2.8472998046875,3.9941950480143222,1.1666666666666667,166.66666666666666,166.66666666666666,bicycle,632,637.0,4457911.5,5404206.0,3592,4468121.5,5331976.0,187,1,201,4456890.5,5403248.5,43,2,1,True,8088
1506150,154,4455023.0,5403422.0,185,4457852.966632079,5404895.986243048,HBS,999,3.934841064453125,5.674307250976563,8.778170833333332,166.66666666666666,166.66666666666666,autoDriver,549,634.0,4456883.0,5404027.0,3703,4470190.5,5332702.5,181,2,347,4461623.5,5401056.0,14,2,3,False,0
1506160,336,4457839.5,5398163.5,249,4460176.749601791,5402414.666127002,HBS,1004,6.6051318359375,7.542234293619791,166.66666666666666,166.66666666666666,166.66666666666666,walk,560,579.0,4460224.0,5400078.5,2366,4504542.0,5341432.0,350,1,140,4456673.5,5406079.5,1,1,2,False,0
1506172,315,4458167.5,5400531.0,309,4458386.755592071,5401220.18569416,HBS,1011,0.4821685180664062,0.9093209584554036,1.9856685,166.66666666666666,166.66666666666666,walk,648,696.0,4456270.5,5403636.0,412,4483270.0,5390263.0,179,1,230,4460278.5,5404182.5,73,1,2,True,17868
1506174,315,4458167.5,5400531.0,247,4459019.71907769,5401870.934323772,HBS,1012,1.8808380126953128,2.588275146484375,14.87423,166.66666666666666,166.66666666666666,autoPassenger,596,623.0,4455893.5,5403473.0,393,4482991.0,5407731.0,178,1,347,4461623.5,5401056.0,73,2,2,True,2988
1506177,242,4462049.0,5403976.5,241,4460693.852856052,5404018.435083771,HBS,1014,0.8792352905273437,1.4937253316243488,5.538875833333334,166.66666666666666,166.66666666666666,bicycle,992,1103.0,4458993.5,5405201.0,2375,4528824.5,5360830.0,216,1,164,4453228.0,5403351.5,30,1,3,True,6300
1506178,242,4462049.0,5403976.5,143,4457041.152549444,5405252.02637336,HBS,1014,6.02808642578125,8.003564453125,13.3564525,166.66666666666666,166.66666666666666,bus,940,968.0,4458993.5,5405201.0,2375,4528824.5,5360830.0,216,1,164,4453228.0,5403351.5,30,1,3,True,6300
1506179,242,4462049.0,5403976.5,251,4461428.180017657,5403220.398456048,HBS,1015,3.6557280273437502,5.182803853352865,7.481322666666667,166.66666666666666,166.66666666666666,walk,1164,1321.0,4456813.0,5397386.5,2204,4506842.0,5372019.0,332,1,339,4458895.0,5401307.5,21,2,3,True,5448
1506183,147,4454235.0,5404718.5,304,4457766.679057125,5401579.778370156,HBS,1017,6.2152099609375,9.509764607747396,37.72718833333333,166.66666666666666,166.66666666666666,bicycle,1111,1112.0,4451957.5,5401745.0,2083,4515934.5,5385832.0,102,1,347,4461300.0,5401206.0,67,2,2,True,3876
1506191,194,4457429.0,5403330.0,198,4458190.264538584,5403500.839096358,HBS,1026,0.7918088989257812,1.4395870208740231,166.66666666666666,166.66666666666666,166.66666666666666,bicycle,638,692.0,4459372.0,5399932.5,1926,4468964.5,5338088.0,349,1,144,4457852.5,5405105.0,33,1,2,True,4164
1506210,340,4460041.5,5400947.0,197,4458666.726372339,5403943.189665033,HBS,1037,4.109839355468751,5.8385060628255205,19.67384,166.66666666666666,166.66666666666666,walk,1058,1065.0,4458440.5,5400232.0,4424,4469527.0,5320521.0,317,1,253,4461570.0,5401891.0,35,2,1,True,35028
1506216,149,4454710.5,5404054.0,178,4455744.845984297,5403668.762813346,HBS,1042,1.7182117919921875,2.8663243611653644,166.66666666666666,166.66666666666666,166.66666666666666,walk,622,699.0,4459316.5,5402480.5,364,4456645.5,5393411.5,246,2,339,4458895.0,5401307.5,6,2,3,False,0
1506220,152,4455128.5,5403799.5,179,4456275.283120103,5403346.073176931,HBS,1045,1.5489951171875,2.3495503743489583,3.5516796666666663,166.66666666666666,166.66666666666666,autoPassenger,1181,1281.0,4459174.0,5403560.5,4469,4478429.5,5319863.0,233,1,327,4455636.5,5398538.0,16,2,3,False,3624
1506230,245,4459086.0,5402287.0,344,4459488.077337698,5400472.680571953,HBS,1047,2.208243896484375,3.3184659322102865,7.460417166666666,166.66666666666666,166.66666666666666,bicycle,1003,1033.0,4457073.5,5403928.0,67,4454927.5,5423835.5,181,0,254,4462644.5,5403798.0,34,2,1,True,25620
1506234,235,4459896.5,5403896.0,198,4458411.948795861,5403651.687700814,HBS,1050,1.886168823242188,2.5297704060872395,12.617221666666667,166.66666666666666,166.66666666666666,bus,667,723.0,4455766.5,5403277.0,3386,4469077.5,5336680.0,200,1,205,4458150.5,5403300.0,71,2,2,True,13188
1506240,205,4457670.5,5402909.0,341,4459034.493020749,5400510.790413616,HBS,1052,3.552864013671875,5.190096028645833,10.492918833333333,166.66666666666666,166.66666666666666,bicycle,619,746.0,4458544.0,5401922.5,3917,4477338.0,5332286.5,213,0,144,4457452.0,5405038.5,81,1,2,True,12504
1506242,205,4457670.5,5402909.0,231,4459223.399419325,5404003.819119884,HBS,1053,2.2755378417968752,3.537678527832031,7.596860833333333,166.66666666666666,166.66666666666666,bicycle,665,722.0,4461628.5,5403887.5,55,4441044.0,5416917.5,242,0,348,4463366.0,5403002.0,79,2,2,True,8784
1506256,345,4459814.5,5400476.0,342,4459556.744423468,5400634.822250431,HBS,1060,1.1721774902343751,2.6701380411783853,25.66916333333333,166.66666666666666,166.66666666666666,walk,606,650.0,4456162.5,5399506.5,869,4424393.5,5361928.0,319,0,164,4453254.0,5404918.5,85,2,2,True,14472
1506261,158,4452647.5,5402335.0,164,4452483.536455252,5404800.116907688,HBS,1064,3.9157001953125,4.738483683268229,37.877833333333335,166.66666666666666,166.66666666666666,walk,585,618.0,4456603.5,5400533.5,3300,4466124.5,5334942.0,299,0,144,4457826.0,5405353.0,80,2,2,True,11316
1506266,99,4451986.5,5402551.5,98,4452040.592998674,5403860.983968922,HBS,1067,4.443630859375,4.85786641438802,166.66666666666666,166.66666666666666,166.66666666666666,autoDriver,488,534.0,4461788.5,5403494.5,496,4422483.0,5375214.5,242,0,186,4457589.5,5404462.0,66,1,2,True,14940
1506274,169,4456433.0,5404405.5,340,4460295.259858529,5401175.617020089,HBS,1074,6.071875,8.69546915690104,27.70228,27.770965,166.66666666666666,autoPassenger,746,833.0,4454705.0,5403388.0,622,4413579.0,5348438.5,151,1,99,4451879.5,5402609.5,34,2,2,True,4044
1506275,169,4456433.0,5404405.5,204,4457607.700526522,5403232.924174005,HBS,1074,2.3284296875,3.6732577006022136,11.421998333333333,166.66666666666666,166.66666666666666,autoDriver,678,742.0,4454705.0,5403388.0,622,4413579.0,5348438.5,151,1,99,4451879.5,5402609.5,34,2,2,True,4044
1506277,169,4456433.0,5404405.5,203,4456461.844435956,5402405.879638821,HBS,1075,4.7818408203125005,7.01202392578125,14.026406666666666,166.66666666666666,166.66666666666666,autoPassenger,485,497.0,4455082.5,5396077.0,167,4455973.5,5404410.5,327,2,228,4460176.0,5404504.0,4,1,2,False,0
1506279,169,4456433.0,5404405.5,207,4457945.672549947,5402724.73915134,HBS,1076,3.055921875,4.6403355916341145,14.021871,166.66666666666666,166.66666666666666,bicycle,863,965.0,4459790.5,5404073.0,1648,4482616.5,5361592.5,235,1,316,4458697.0,5400887.0,1,1,2,False,0
1506282,331,4456182.5,5397267.5,331,4456211.693127181,5397546.95635166,HBS,1078,0.4493651428222656,0.5883978525797526,4.437005666666667,166.66666666666666,166.66666666666666,bicycle,839,881.0,4456984.5,5403899.5,2845,4460956.5,5332326.5,181,0,348,4463401.5,5402753.5,50,2,2,True,0
1506289,162,4455541.0,5399302.0,331,4456408.699854402,5397094.423434232,HBS,1082,5.17783837890625,6.514956665039063,49.45215333333333,166.66666666666666,166.66666666666666,bicycle,636,673.0,4456969.5,5400352.0,1569,4467248.0,5353603.5,302,0,224,4459394.5,5404503.5,83,1,2,True,9588
1506291,303,4457331.5,5401363.5,323,4457541.477849072,5399841.494229393,HBS,1084,2.054975341796875,3.587747446695964,16.402475,166.66666666666666,166.66666666666666,walk,837,964.0,4457181.0,5400348.5,1285,4443827.0,5338298.5,302,0,249,4459880.0,5401915.0,38,2,1,True,18744
1506302,241,4461186.5,5403943.5,245,4459139.448665096,5402409.71403172,HBS,1088,3.407233154296875,4.430802917480468,23.182746666666667,166.66666666666666,166.66666666666666,autoDriver,1170,1174.0,4461281.5,5403733.5,2254,4519324.0,5370760.0,242,2,164,4453228.0,5403351.5,54,2,2,True,0
1506304,241,4461186.5,5403943.5,249,4459744.205173446,5402320.168851103,HBS,1087,3.5353427734375003,3.403721618652344,166.66666666666666,166.66666666666666,166.66666666666666,walk,561,575.0,4454937.5,5403507.0,4579,4453281.5,5290120.0,154,1,297,4456873.0,5401342.0,50,1,1,True,41988
1506306,134,4455963.5,5407830.5,93,4450217.615968937,5409669.804232974,HBS,1092,9.1213564453125,8.827884928385416,213.0476,166.66666666666666,166.66666666666666,autoDriver,624,758.0,4456240.0,5399288.5,471,4415304.0,5378706.5,321,1,190,4458323.0,5404118.0,69,1,2,True,20196
1506310,220,4459850.5,5405008.0,181,4456976.185139847,5404037.707830088,HBS,1095,3.8203291015625,5.266904195149739,24.907141666666668,166.66666666666666,166.66666666666666,autoDriver,411,486.0,4456171.0,5403768.5,291,4447611.0,5393670.5,177,1,346,4460703.0,5401245.0,43,2,1,True,29616
1506314,208,4458431.5,5402585.5,244,4460330.413201344,5402895.9561554175,HBS,1097,2.54845458984375,4.2461400349934895,7.692532333333333,166.66666666666666,166.66666666666666,autoDriver,1039,458.0,4452367.0,5401708.0,3117,4463464.5,5327029.5,103,0,227,4459841.0,5404615.5,42,2,2,True,0
1506318,208,4458431.5,5402585.5,208,4458474.339615932,5403001.780087637,HBS,1099,0.292720703125,0.5838810602823893,8.875505500000001,166.66666666666666,166.66666666666666,autoPassenger,616,696.0,4457357.0,5403026.5,1356,4458388.5,5345438.0,204,2,184,4457330.0,5404689.5,11,1,3,False,0
1506327,233,4458883.0,5403364.5,147,4454053.759439999,5404923.787487493,HBS,1104,6.07678125,8.443831380208334,22.58251166666667,166.66666666666666,166.66666666666666,bus,785,836.0,4458600.0,5404741.0,672,4416795.0,5361343.5,189,2,347,4461623.5,5401056.0,73,1,2,True,9852
1506340,332,4456674.5,5397317.5,331,4455821.065019416,5397411.185837639,HBS,1109,0.94072216796875,1.137304178873698,8.822224,166.66666666666666,166.66666666666666,autoDriver,623,629.0,4460001.0,5404053.0,888,4420847.0,5358269.0,235,0,143,4457171.5,5405001.5,54,1,2,True,9468
1506342,332,4456674.5,5397317.5,331,4456295.163303582,5397385.797251314,HBS,1110,0.94072216796875,1.137304178873698,8.822224,166.66666666666666,166.66666666666666,autoDriver,692,768.0,4459139.0,5401764.0,2020,4490070.5,5339125.0,247,1,141,4456908.5,5405651.5,57,2,2,True,3180
1506346,310,4458633.0,5401106.5,247,4459045.978049731,5402001.555858403,HBS,1112,1.4362432861328125,1.9037071228027345,18.794675,166.66666666666666,166.66666666666666,autoDriver,1074,1203.0,4456247.5,5400452.0,127,4453537.5,5407664.0,298,1,99,4451914.5,5402551.5,31,2,1,True,22980
1506368,306,4458015.0,5400974.0,303,4457379.644868613,5401620.758167166,HBS,1130,1.0056378784179687,1.7169113159179688,3.4142083333333333,166.66666666666666,166.66666666666666,bicycle,451,534.0,4459721.5,5405556.5,1867,4467870.0,5338155.0,218,0,144,4457565.5,5405283.5,45,2,2,True,14424
1506371,172,4456451.5,5404785.0,212,4458210.023960335,5401892.181762259,HBS,1138,4.01626611328125,5.646531677246093,17.1464,166.66666666666666,166.66666666666666,autoDriver,489,500.0,4456450.5,5404654.5,1195,4470547.0,5366074.5,172,2,339,4458895.0,5401307.5,54,2,1,True,15240
1506388,298,4456228.0,5400537.0,297,4456667.114254716,5401457.042443562,HBS,1155,1.2351763916015626,1.7942775726318358,4.3723455,166.66666666666666,166.66666666666666,bus,720,752.0,4457595.5,5403121.0,447,4400905.5,5369856.0,204,1,228,4460075.0,5404522.5,0,2,2,False,3516
1506389,102,4451722.5,5401494.5,101,4452316.829871966,5402233.884171849,HBS,1156,2.212854736328125,6.925790913899739,8.937909999999999,166.66666666666666,166.66666666666666,autoDriver,914,932.0,4459658.0,5401055.5,442,4396535.5,5363690.0,340,1,230,4460174.0,5404449.5,28,2,1,True,22956
1506398,245,4459161.5,5402450.5,248,4459265.796681377,5401955.26898306,HBS,1161,0.480472412109375,0.9612014134724934,15.873635,166.66666666666666,166.66666666666666,walk,911,997.0,4460219.5,5404750.5,1129,4463393.0,5376621.5,228,2,253,4461512.0,5401904.5,81,1,2,False,12900
1506405,245,4458970.5,5402386.0,349,4459103.304156139,5399343.241918774,HBS,1167,2.828550537109375,4.559078470865885,18.056721666666665,166.66666666666666,166.66666666666666,walk,554,720.0,4455567.0,5403543.5,90,4476542.0,5408171.5,155,1,184,4457622.5,5404833.5,35,1,1,True,17616
1506422,176,4455851.5,5403819.5,155,4455583.603666999,5403437.692122192,HBS,1179,0.8248297729492188,1.5966121673583984,11.590573333333332,166.66666666666666,166.66666666666666,autoDriver,860,924.0,4456329.0,5400048.5,4867,4500646.0,5292693.0,319,1,327,4455636.5,5398538.0,18,1,2,True,0
1506425,241,4460990.0,5403498.0,241,4460624.076242214,5404053.057431337,HBS,1180,0.4403033142089844,0.6388195673624675,0.95114555,166.66666666666666,166.66666666666666,walk,683,710.0,4456807.0,5404263.5,4767,4506123.0,5306101.5,174,1,331,4456542.0,5397490.0,72,1,2,True,12816
1506429,299,4456738.0,5400588.0,219,4460057.851019175,5405529.657727322,HBS,1187,7.0932031250000005,9.346420288085938,45.60878833333334,166.66666666666666,166.66666666666666,autoPassenger,687,856.0,4458396.0,5403464.5,4478,4490009.0,5316480.5,198,1,348,4463394.0,5402695.5,66,2,2,True,12708
1506433,139,4458914.0,5406512.0,205,4457965.292964838,5402932.362369986,HBS,1188,5.68007568359375,8.212562052408854,18.08170833333333,166.66666666666666,166.66666666666666,bicycle,587,619.0,4458271.0,5398055.0,371,4460487.0,5391346.5,338,3,347,4461580.5,5401514.0,32,2,1,True,15876
1506434,139,4458914.0,5406512.0,142,4456650.348430115,5405029.3390228,HBS,1188,6.04120458984375,8.152773030598958,3.1297151666666663,166.66666666666666,166.66666666666666,walk,669,689.0,4458271.0,5398055.0,371,4460487.0,5391346.5,338,3,347,4461580.5,5401514.0,32,2,1,True,15876
1506439,148,4454410.0,5404043.0,212,4458081.768239928,5402046.534854335,HBS,1194,5.52834716796875,7.6660105387369795,25.596400000000003,166.66666666666666,166.66666666666666,autoPassenger,719,726.0,4458173.0,5403586.5,4650,4497397.5,5326905.5,198,0,145,4458064.0,5405052.5,64,1,2,True,16008
1506443,138,4456753.0,5408076.0,127,4453851.386402526,5407589.955659978,HBS,1198,3.729843994140625,4.710227457682292,166.66666666666666,166.66666666666666,166.66666666666666,walk,814,877.0,4460273.0,5404159.5,4342,4485940.0,5337445.0,230,2,348,4463375.5,5403096.5,36,2,1,True,7764
1506448,147,4454530.0,5404787.5,201,4456575.748831198,5402661.690823748,HBS,1201,3.76092333984375,6.167317199707031,20.29916833333333,166.66666666666666,166.66666666666666,autoPassenger,577,599.0,4457852.0,5401208.5,3240,4466891.0,5336373.0,306,1,141,4457026.5,5405407.5,71,2,2,False,0
1506450,166,4456372.5,5404629.5,306,4457726.612881517,5401017.964363039,HBS,1206,5.406931640625,7.687750244140624,16.767587333333335,166.66666666666666,166.66666666666666,autoDriver,540,605.0,4453811.5,5404696.5,4493,4446196.5,5308293.0,164,0,208,4458584.5,5403139.0,31,1,1,True,34836
1506460,315,4458103.5,5400602.0,259,4440810.072387172,5400515.130761445,HBS,1214,22.045771484375,23.22297566731771,67.69613,39.77439833333334,166.66666666666666,autoDriver,768,1161.0,4456749.5,5404153.5,2462,4416453.0,5323966.0,174,2,140,4456607.0,5406151.0,71,1,2,True,10692
1506462,204,4457521.0,5402907.0,179,4456342.174692179,5403349.383671481,HBS,1218,1.5597515869140626,2.2633694966634117,5.635012333333333,166.66666666666666,166.66666666666666,bicycle,445,497.0,4458592.5,5400946.5,4503,4456879.0,5308362.0,310,0,347,4461580.5,5401514.0,28,2,3,True,0
1506466,311,4457526.5,5400628.5,355,4461931.168312296,5397516.171102944,HBS,1220,7.8120263671875,8.809426879882812,25.91673833333333,166.66666666666666,166.66666666666666,autoDriver,538,559.0,4456363.0,5407644.5,1128,4463136.0,5376669.0,137,1,210,4458156.5,5402439.5,34,2,1,True,8388
1506469,147,4454783.5,5404591.0,174,4456490.059076068,5404358.008352077,HBS,1225,2.8672824707031253,4.297578430175781,10.011185,166.66666666666666,166.66666666666666,walk,496,499.0,4457852.0,5402717.5,4835,4509974.0,5301650.0,207,1,253,4461512.0,5401904.5,63,2,2,True,6900
1506472,174,4456525.5,5404487.5,252,4460799.249163024,5402170.753758253,HBS,1228,5.93964990234375,7.823333231608073,19.305836666666668,166.66666666666666,166.66666666666666,autoDriver,665,725.0,4450497.5,5404735.0,4732,4493992.5,5305033.5,98,0,186,4457645.5,5404410.0,52,2,1,True,28968
1506481,173,4457125.0,5404653.0,161,4455490.159786593,5402742.536038791,HBS,1240,3.1354072265625,4.398660786946614,30.359016666666665,166.66666666666666,166.66666666666666,autoPassenger,654,683.0,4458947.0,5404864.5,4493,4446171.5,5307828.0,223,1,176,4455843.5,5404093.5,66,2,2,True,18732
1506499,154,4454854.0,5403532.5,127,4453947.564953784,5407746.886650836,HBS,1255,5.7210595703125,8.584305826822916,166.66666666666666,166.66666666666666,166.66666666666666,walk,689,707.0,4455993.5,5401776.0,4919,4525887.5,5302095.5,202,1,253,4461512.0,5401904.5,82,2,2,True,4860
1506503,170,4456052.5,5404133.5,202,4456118.700719888,5401903.174964312,HBS,1263,3.78388427734375,5.668939717610677,163.9433,166.66666666666666,166.66666666666666,autoPassenger,825,1082.0,4457579.0,5403325.5,124,4462088.0,5407974.5,194,1,253,4461512.0,5401904.5,77,1,2,True,17820
1506508,217,4459540.0,5404970.5,194,4457577.300707747,5403359.679409168,HBS,1270,2.929183349609375,4.2107091267903645,16.508413333333333,166.66666666666666,166.66666666666666,autoDriver,679,818.0,4456712.5,5397891.0,3664,4468914.5,5332733.0,330,0,144,4457660.5,5405507.5,20,1,2,True,0
1506515,146,4454208.0,5404272.0,146,4454187.394949659,5404138.045258639,HBS,1271,0.1866330413818359,0.3585545857747396,5.991348833333333,166.66666666666666,166.66666666666666,walk,503,572.0,4454246.5,5404035.5,3984,4465665.5,5329629.0,148,3,141,4457216.5,5405345.5,60,2,2,True,17508
1506518,313,4457615.0,5400300.0,300,4456960.111307293,5400831.070481251,HBS,1275,1.277843017578125,2.555686187744141,11.724056666666666,166.66666666666666,166.66666666666666,autoDriver,996,999.0,4458725.5,5399862.5,3984,4465665.5,5329629.0,324,1,144,4457660.5,5405507.5,55,2,1,True,3744
1506527,241,4461211.5,5403716.0,214,4458885.369935804,5405568.68929991,HBS,1287,4.54265576171875,5.618908182779948,24.08314833333333,166.66666666666666,166.66666666666666,autoDriver,647,650.0,4459010.0,5402383.5,56,4439038.5,5417039.5,245,1,230,4460174.0,5404449.5,20,1,1,True,10524
1506530,241,4461211.5,5403716.0,361,4462252.756049308,5397512.064105382,HBS,1288,11.044228515625,9.209689331054689,48.32957333333333,166.66666666666666,166.66666666666666,autoDriver,1019,1101.0,4456755.0,5397334.0,4922,4526293.0,5302325.0,332,0,346,4460703.0,5401245.0,22,2,1,True,17796
1506538,154,4454877.5,5403433.5,205,4457821.919585071,5403089.560527048,HBS,1296,3.80426904296875,5.788872782389323,18.94542833333333,166.66666666666666,166.66666666666666,autoDriver,741,842.0,4454167.0,5403956.5,2571,4452119.5,5331696.0,148,1,226,4459473.0,5404203.0,52,1,1,True,12636
1506545,97,4446889.0,5403567.0,20,4438789.362051032,5401019.752128948,HBS,1302,11.4995859375,13.631085205078124,56.0,166.66666666666666,166.66666666666666,bus,667,712.0,4457306.0,5401288.0,2306,4492817.5,5351205.0,305,0,321,4455976.5,5398594.5,70,2,2,True,14304
1506551,210,4458187.0,5402327.0,212,4458082.37255746,5401907.100752718,HBS,1307,0.3726466064453125,0.5,5.279734333333334,166.66666666666666,166.66666666666666,walk,1002,58.0,4456172.5,5399387.5,2485,4438219.5,5318756.0,319,1,228,4460075.0,5404522.5,88,1,2,False,8508
1506552,158,4452681.5,5402096.0,101,4452314.991207822,5402384.101011869,HBS,1312,0.8247265014648437,1.3239288330078125,15.791103333333332,166.66666666666666,166.66666666666666,autoDriver,1100,1136.0,4458586.5,5400645.5,4588,4477115.0,5305096.0,316,2,141,4457026.5,5405407.5,48,1,1,True,25980
1506568,321,4456328.5,5399123.5,298,4456018.049570641,5400296.856087551,HBS,1320,1.82214501953125,2.7697410583496094,10.59196,166.66666666666666,166.66666666666666,autoDriver,615,658.0,4458203.0,5401097.0,4748,4500041.0,5302967.0,309,1,253,4461512.0,5401904.5,62,1,2,True,17880
1506585,167,4455938.0,5404227.0,177,4456102.100765434,5404079.020669935,HBS,1329,1.6140164794921876,2.470139058430989,166.66666666666666,166.66666666666666,166.66666666666666,autoDriver,1057,1082.0,4455803.0,5397657.5,3687,4469172.0,5331980.0,331,1,235,4459942.5,5403941.5,42,1,1,True,17220
1506589,134,4455934.5,5407994.0,138,4457188.865021428,5407911.339053526,HBS,1331,0.8467905883789063,1.5101975758870445,32.96486,166.66666666666666,166.66666666666666,bicycle,1013,1045.0,4458510.0,5400582.0,2038,4506594.0,5400305.5,316,1,318,4458469.5,5400448.0,70,1,2,True,21276
1506591,134,4455934.5,5407994.0,139,4456623.947591374,5406751.839242937,HBS,1332,3.155998291015625,4.185621134440104,11.1704295,166.66666666666666,166.66666666666666,autoPassenger,578,588.0,4455825.0,5404064.0,3142,4463565.0,5325524.5,176,1,144,4457452.0,5405038.5,37,2,2,True,8184
1506592,172,4456506.5,5404652.0,166,4456357.001005623,5404762.014367581,HBS,1333,0.6013397827148438,0.981694730122884,5.121706666666666,166.66666666666666,166.66666666666666,walk,883,1041.0,4458861.5,5403299.0,2446,4415245.5,5324381.0,243,2,164,4453228.0,5403351.5,69,1,2,True,13956
1506595,198,4458096.5,5403454.0,163,4455436.587304887,5401926.9859446185,HBS,1340,3.710206298828125,4.89364980061849,47.385295,166.66666666666666,166.66666666666666,autoPassenger,600,999.0,4454972.5,5403319.5,4069,4470087.5,5330511.0,154,0,348,4463366.0,5403002.0,33,2,1,True,24180
1506598,172,4456510.0,5404863.5,173,4456968.779860934,5404601.219378814,HBS,1344,0.67255908203125,1.3451180775960283,2.328231666666667,166.66666666666666,166.66666666666666,autoDriver,1121,1176.0,4454010.5,5397859.5,3795,4479710.5,5336407.0,327,1,339,4458895.0,5401307.5,71,2,2,True,2220
1506599,218,4459960.0,5405384.5,227,4459702.501705132,5404636.395269653,HBS,1345,1.7023763427734375,2.935200500488281,9.354906666666666,166.66666666666666,166.66666666666666,walk,630,647.0,4456882.5,5397062.5,412,4483314.0,5390233.5,335,1,240,4461347.0,5404897.5,71,1,2,True,16728
1506606,176,4455691.5,5404051.5,146,4454076.034745724,5404266.962909466,HBS,1355,2.1359951171875,3.593458557128906,19.03759,166.66666666666666,166.66666666666666,walk,867,887.0,4456816.5,5404950.5,2247,4537515.0,5388514.5,142,0,140,4456985.0,5406125.5,41,2,1,True,18960
1506607,245,4458898.5,5402116.0,187,4457751.218204433,5404187.410079509,HBS,1356,3.3680849609375,4.638909912109375,32.74992,166.66666666666666,166.66666666666666,autoDriver,526,555.0,4456994.5,5404738.0,1047,4418256.5,5348503.5,173,0,153,4455362.0,5403894.5,66,1,2,True,20928
1506608,245,4458898.5,5402116.0,191,4458625.172903926,5404100.486120264,HBS,1357,2.4490673828125,3.3137413024902345,17.09035833333333,166.66666666666666,166.66666666666666,autoPassenger,794,863.0,4462407.0,5403814.0,4130,4471120.5,5324762.5,254,1,188,4458150.0,5404632.5,63,2,2,True,0
1506612,139,4459000.0,5406585.0,312,4457805.790990225,5400548.772075505,HBS,1360,8.1769853515625,10.786224365234377,28.70800833333333,28.141338333333334,166.66666666666666,bicycle,592,615.0,4456052.5,5404133.5,1285,4443951.0,5338235.0,170,0,141,4457026.5,5405407.5,72,2,2,True,14472
1506614,225,4459246.5,5404372.5,182,4456702.04003406,5403613.805440542,HBS,1361,3.386410400390625,4.662712097167969,17.94523333333333,166.66666666666666,166.66666666666666,autoDriver,675,678.0,4456102.0,5404242.5,2465,4416902.5,5323627.5,170,1,229,4459663.5,5404151.5,48,1,1,True,21444
1506624,187,4457828.5,5404131.0,232,4459570.78165636,5403737.271857715,HBS,1370,2.347524658203125,3.314013671875,17.871221666666667,166.66666666666666,166.66666666666666,walk,786,838.0,4456100.5,5403334.5,2987,4453448.5,5325228.5,179,1,208,4458584.5,5403139.0,46,1,1,True,29976
1506634,177,4456390.0,5403845.5,185,4457833.707976537,5404741.756904013,HBS,1375,3.828186279296875,5.649283854166667,7.475595,166.66666666666666,166.66666666666666,bicycle,658,712.0,4456946.0,5404224.0,199,4458722.5,5403602.5,175,0,182,4456837.0,5403305.5,31,1,1,True,10068
1506639,326,4459220.5,5398711.5,310,4458820.193574059,5401191.364052623,HBS,1383,2.68666259765625,3.937739817301432,30.78756333333333,166.66666666666666,166.66666666666666,walk,645,700.0,4457533.0,5402948.0,4821,4507799.5,5301431.0,204,1,185,4457684.5,5404720.0,77,1,2,True,23928
1506648,236,4460264.0,5403741.0,223,4459140.919949057,5404790.900018296,HBS,1394,1.9074688720703128,2.4,9.818445833333334,166.66666666666666,166.66666666666666,walk,1008,1078.0,4462428.0,5404319.0,3788,4474313.0,5335112.5,240,1,188,4458195.5,5404715.5,26,1,3,True,11460
1506654,228,4460171.5,5404810.5,223,4458925.180167054,5404722.26065462,HBS,1397,1.15378076171875,1.958883285522461,3.831291,166.66666666666666,166.66666666666666,bus,618,629.0,4459219.5,5404208.0,753,4416154.0,5360099.0,225,2,316,4458581.5,5400804.0,8,2,3,False,0
1506659,228,4460171.5,5404810.5,224,4459612.800195052,5404833.318712391,HBS,1399,0.7099896240234375,1.41997922261556,6.297881,166.66666666666666,166.66666666666666,walk,1087,1098.0,4455575.5,5399143.0,2114,4512876.0,5380715.5,162,1,185,4457766.0,5404614.0,6,2,2,False,0
1506661,164,4452553.5,5403352.0,148,4454341.477055523,5403702.284059201,HBS,1401,0.1937183990478515,0.30596284866333,5.597250833333334,166.66666666666666,166.66666666666666,walk,737,889.0,4454316.5,5404674.0,3339,4467128.5,5335027.0,147,1,346,4460703.0,5401245.0,82,2,2,False,2976
1506668,172,4456637.0,5404554.0,254,4462893.101380128,5403888.7328302665,HBS,1408,7.63753076171875,10.040099080403646,20.692576666666664,166.66666666666666,166.66666666666666,bicycle,1099,1133.0,4459756.0,5403411.0,2820,4460125.0,5334235.0,237,1,347,4461449.0,5401623.0,73,2,2,True,15732
1506672,186,4457377.5,5404131.5,195,4457993.325625465,5403306.388384528,HBS,1413,1.1347261962890625,1.9222904205322264,0.1932608333333333,166.66666666666666,166.66666666666666,autoDriver,609,610.0,4456011.5,5407771.5,403,4471282.0,5393803.0,134,1,347,4461580.5,5401514.0,69,1,2,True,16248
1506674,234,4459274.0,5403596.5,186,4457528.860985435,5404334.657099568,HBS,1415,2.878841064453125,3.720245361328125,12.109681666666669,166.66666666666666,166.66666666666666,bicycle,715,721.0,4458927.0,5405995.5,4659,4501904.0,5327393.0,222,1,145,4458215.0,5404919.0,46,1,1,True,17664
1506682,312,4457687.0,5400643.5,354,4460624.738436915,5397510.765922869,HBS,1430,6.1309443359375,8.460492451985678,32.34048666666666,166.66666666666666,166.66666666666666,autoDriver,710,723.0,4456423.5,5403886.5,827,4419724.5,5358914.5,177,1,225,4459219.5,5404196.5,32,2,1,True,16212
1506683,312,4457687.0,5400643.5,247,4458918.251044593,5401757.748523221,HBS,1430,2.221636962890625,2.9361554463704427,20.328008333333333,166.66666666666666,166.66666666666666,walk,622,692.0,4456423.5,5403886.5,827,4419724.5,5358914.5,177,1,225,4459219.5,5404196.5,32,2,1,True,16212
1506692,98,4450405.0,5404814.0,98,4450619.734554606,5403470.947415147,HBS,1440,2.06134228515625,2.507397206624349,166.66666666666666,166.66666666666666,166.66666666666666,autoDriver,521,535.0,4457083.0,5404445.0,3843,4471903.0,5331602.0,175,0,243,4459036.0,5402820.0,55,1,1,True,35760
1506693,98,4450405.0,5404814.0,98,4448336.882580578,5404334.616002923,HBS,1442,2.06134228515625,2.507397206624349,166.66666666666666,166.66666666666666,166.66666666666666,autoDriver,527,657.0,4455938.0,5404227.0,1925,4468665.5,5337761.5,167,3,144,4457432.0,5405192.0,23,2,3,True,3780
1506696,334,4456723.5,5397167.0,331,4455692.86993267,5397626.895557526,HBS,1444,0.7581340942382813,0.9441075007120768,4.437005666666667,166.66666666666666,166.66666666666666,walk,593,611.0,4446835.0,5403333.0,4027,4469022.0,5330715.0,97,1,165,4456279.5,5405325.0,47,1,1,True,18924
1506718,207,4457906.0,5402863.0,204,4457352.755723064,5403083.298259155,HBS,1458,1.0612657470703126,1.634625244140625,2.816009833333333,166.66666666666666,166.66666666666666,autoPassenger,660,675.0,4458962.5,5400801.5,4758,4501322.5,5302855.5,341,1,179,4456313.5,5403634.5,61,2,2,True,7692
1506719,207,4457906.0,5402863.0,178,4455679.407333143,5403304.149747619,HBS,1459,2.5568330078125,3.918552907307943,12.67014,166.66666666666666,166.66666666666666,autoDriver,674,721.0,4458723.0,5404236.5,1438,4461977.0,5341665.0,191,0,139,4457333.5,5405846.5,63,1,2,True,7476
1506722,198,4458287.0,5403406.5,204,4457330.83519223,5403164.788179615,HBS,1460,1.6950660400390625,2.200001525878906,7.371623333333333,166.66666666666666,166.66666666666666,walk,553,600.0,4455861.5,5399433.0,2674,4457221.0,5333234.5,319,1,144,4457721.5,5405641.0,73,2,2,True,9168
1506726,324,4458169.0,5399945.0,331,4455865.484669486,5397377.484230403,HBS,1463,4.8959809570312505,7.1702423095703125,10.087655000000002,166.66666666666666,166.66666666666666,walk,809,818.0,4449132.5,5404836.5,1703,4466505.0,5345606.0,98,2,254,4462614.0,5403822.0,52,2,2,True,17292
1506735,211,4458792.5,5402265.5,212,4458363.134782989,5401851.014969722,HBS,1469,0.9522252197265624,1.2831960042317707,5.2797350000000005,166.66666666666666,166.66666666666666,walk,431,465.0,4459413.5,5399932.5,945,4418241.0,5355500.0,349,1,241,4461011.0,5404068.0,24,2,1,True,11748
1506736,211,4458792.5,5402265.5,244,4460021.539937571,5402572.19085608,HBS,1469,1.8282061767578128,2.6628875732421875,5.920962,166.66666666666666,166.66666666666666,walk,726,727.0,4459413.5,5399932.5,945,4418241.0,5355500.0,349,1,241,4461011.0,5404068.0,24,2,1,True,11748
1506737,168,4456234.5,5404324.0,205,4457892.583541749,5403226.184293626,HBS,1473,3.50536962890625,5.919264729817709,16.258198333333333,166.66666666666666,166.66666666666666,bicycle,555,604.0,4457946.0,5404133.0,2126,4514763.0,5379856.0,187,0,140,4456697.5,5405594.0,54,1,1,True,33144
1506738,168,4456234.5,5404324.0,164,4453739.435909066,5404081.258703217,HBS,1473,3.720478515625,5.192850748697917,4.633270333333333,166.66666666666666,166.66666666666666,autoDriver,562,860.0,4457946.0,5404133.0,2126,4514763.0,5379856.0,187,0,140,4456697.5,5405594.0,54,1,1,True,33144
1504830,323,4457355.0,5400015.0,186,4457308.5572416345,5404217.249585129,HBO,2,6.655666015625,9.043035888671875,25.38467166666667,166.66666666666666,166.66666666666666,autoPassenger,456,542.0,4457355.0,5400015.0,3939,4466663.0,5331123.5,323,1,348,4463375.5,5403096.5,24,1,3,True,7596
1504831,307,4458333.0,5401478.0,400,4467323.462036898,5398439.535771322,HBO,5,15.3387255859375,12.482753499348958,51.14321666666666,166.66666666666666,166.66666666666666,autoDriver,846,940.0,4459635.5,5404950.5,38,4416457.0,5385187.0,217,1,165,4456029.5,5405334.5,34,2,1,False,15756
1504832,307,4458333.0,5401478.0,299,4456723.820654308,5400609.516237685,HBO,5,2.291262939453125,3.2576324462890622,8.69664,166.66666666666666,166.66666666666666,walk,855,912.0,4459635.5,5404950.5,38,4416457.0,5385187.0,217,1,165,4456029.5,5405334.5,34,2,1,False,15756
1504835,224,4459357.5,5404594.5,118,4461367.984525523,5409272.246757994,HBO,6,7.8112412109375,6.876607259114583,33.668038333333335,166.66666666666666,166.66666666666666,autoDriver,872,1172.0,4456712.5,5404189.0,898,4421932.0,5357339.5,174,1,347,4461795.5,5401052.0,42,1,1,True,59844
1504839,224,4459357.5,5404594.5,385,4478013.470964455,5407940.455443399,HBO,7,21.82733984375,18.400807698567707,26.285186666666668,166.66666666666666,166.66666666666666,autoDriver,490,503.0,4456667.5,5404988.5,536,4430057.0,5367544.5,142,1,308,4458636.5,5401516.0,42,2,2,False,0
1504845,224,4459357.5,5404594.5,118,4460194.734151949,5410203.370624304,HBO,10,7.8112412109375,6.876607259114583,33.668038333333335,166.66666666666666,166.66666666666666,autoDriver,552,974.0,4456535.5,5407465.0,3511,4468226.5,5333063.0,138,1,140,4456673.5,5406079.5,7,1,3,False,0
1504855,174,4456712.5,5404189.0,147,4454746.888298567,5404192.096043961,HBO,15,2.8672824707031253,4.297578430175781,11.262175,166.66666666666666,166.66666666666666,autoPassenger,966,43.0,4456611.0,5404762.5,1152,4463701.0,5369681.0,172,2,143,4457171.5,5405001.5,33,1,1,True,15456
1504863,142,4456667.5,5404988.5,316,4458799.285505134,5400781.527253683,HBO,20,5.9762734375,8.073954264322916,21.138381666666664,166.66666666666666,166.66666666666666,bicycle,902,1299.0,4458120.5,5400341.0,2213,4508217.5,5368004.0,317,1,164,4452877.0,5404303.5,41,1,1,True,25176
1504871,146,4454290.0,5404166.0,310,4458810.972654508,5401250.008666882,HBO,25,6.2724931640625,8.788021850585938,33.680661666666666,166.66666666666666,166.66666666666666,walk,537,581.0,4454194.0,5404034.0,85,4471474.5,5418187.5,148,1,145,4458064.0,5405052.5,78,2,2,False,29256
1504872,146,4454290.0,5404166.0,107,4456100.434913694,5414473.3591930745,HBO,25,11.5230830078125,16.450812784830728,22.06456166666667,166.66666666666666,166.66666666666666,autoDriver,1187,232.0,4454194.0,5404034.0,85,4471474.5,5418187.5,148,1,145,4458064.0,5405052.5,78,2,2,False,29256
1504873,138,4456535.5,5407465.0,343,4459032.944286724,5400452.832615241,HBO,26,10.2465,14.271571858723958,58.99928,51.54216333333333,166.66666666666666,autoDriver,699,729.0,4457932.5,5403233.5,4801,4504759.0,5301423.5,205,0,222,4458859.5,5406485.5,32,1,1,True,34056
1504881,103,4452390.0,5402008.0,146,4454421.857346094,5404448.032143314,HBO,34,4.472953125,5.720066324869792,21.413136666666663,52.58439166666667,166.66666666666666,bicycle,1151,136.0,4456108.0,5403734.0,3656,4471164.0,5333171.5,177,0,318,4458474.5,5400413.0,64,2,2,True,7800
1504891,97,4446857.5,5403459.0,225,4458877.750824596,5404479.398052912,HBO,36,14.4598857421875,17.109806315104166,32.344285,166.66666666666666,166.66666666666666,autoDriver,907,1046.0,4456444.5,5406434.5,449,4412426.5,5375911.5,140,1,140,4456697.5,5405594.0,29,1,1,True,64620
1504893,219,4460105.5,5405390.5,178,4455668.173912595,5403311.849590386,HBO,39,5.89996826171875,7.892113749186198,27.88548833333333,166.66666666666666,166.66666666666666,bicycle,631,899.0,4459522.5,5401280.5,1636,4482359.5,5361860.0,339,1,164,4453228.0,5403351.5,17,1,3,False,0
1504900,172,4456611.0,5404762.5,236,4460222.941169924,5404079.213318761,HBO,45,4.4948012695312505,6.09456787109375,22.75860833333333,166.66666666666666,166.66666666666666,autoDriver,622,766.0,4457612.5,5404773.5,3917,4477336.5,5332285.5,184,0,253,4461490.5,5401836.0,8,2,3,False,0
1504912,243,4459408.5,5402764.0,312,4457986.825559713,5400619.143341264,HBO,47,3.378589111328125,4.65893046061198,21.179736666666667,166.66666666666666,166.66666666666666,bicycle,1055,1127.0,4458908.5,5402192.5,118,4460660.0,5409670.0,245,1,205,4457969.0,5403241.5,34,1,2,True,18216
1504913,243,4459408.5,5402764.0,235,4459739.7452046005,5403970.009256764,HBO,47,2.626635009765625,3.542433675130208,9.592258333333332,166.66666666666666,166.66666666666666,walk,1250,1346.0,4458908.5,5402192.5,118,4460660.0,5409670.0,245,1,205,4457969.0,5403241.5,34,1,2,True,18216
1504923,218,4459890.5,5405645.5,115,4460892.39537309,5407493.448425371,HBO,54,3.45849462890625,4.624554443359375,30.041093333333333,166.66666666666666,166.66666666666666,walk,1207,1339.0,4455684.0,5398604.5,4423,4468756.5,5320209.0,321,1,346,4460945.0,5401039.0,60,1,2,True,18156
1504927,187,4457923.0,5404332.5,222,4458907.203029378,5406250.559983157,HBO,56,3.40080908203125,4.3722895304361975,1.02467575,166.66666666666666,166.66666666666666,walk,1043,1171.0,4457812.5,5397977.5,1532,4464347.5,5338662.0,336,2,172,4456597.5,5404716.5,17,1,3,False,0
1504932,187,4457923.0,5404332.5,223,4459246.342608017,5404678.236693141,HBO,57,1.3806009521484377,1.6797414143880207,11.096699,166.66666666666666,166.66666666666666,walk,696,855.0,4457416.0,5400239.0,75,4469214.0,5433158.5,313,2,346,4460703.0,5401245.0,32,2,2,True,7872
1504938,317,4458120.5,5400341.0,247,4458980.101648955,5401895.607819861,HBO,59,2.486927734375,3.449531555175781,9.387786666666669,166.66666666666666,166.66666666666666,autoPassenger,633,644.0,4458720.5,5402335.5,1160,4465198.5,5365406.0,211,0,310,4458811.0,5400991.0,41,2,1,True,4572
1504942,317,4458120.5,5400341.0,174,4456519.265278006,5404374.92327612,HBO,60,5.6163466796875,7.695048014322917,20.99001833333333,166.66666666666666,166.66666666666666,autoDriver,1102,160.0,4459734.0,5401593.5,1194,4474713.0,5369014.0,340,0,340,4460413.0,5401033.5,14,2,3,False,492
1504948,232,4459460.5,5404080.0,114,4459929.651661584,5408662.01955026,HBO,65,7.1204267578125,6.535199483235677,19.973955,166.66666666666666,166.66666666666666,autoDriver,878,967.0,4458869.0,5403619.0,1187,4485764.5,5377237.0,233,0,145,4458064.0,5405052.5,7,1,3,False,0
1504949,232,4459460.5,5404080.0,366,4461131.038188928,5393481.347117666,HBO,65,13.4806748046875,12.265779622395833,43.85433333333334,166.66666666666666,166.66666666666666,autoPassenger,735,1352.0,4458869.0,5403619.0,1187,4485764.5,5377237.0,233,0,145,4458064.0,5405052.5,7,1,3,False,0
1504957,254,4462704.5,5403608.0,333,4456669.547633204,5395280.992637928,HBO,66,15.76050390625,12.455246988932291,56.13395,166.66666666666666,166.66666666666666,autoDriver,546,653.0,4458300.5,5404605.5,1594,4474931.5,5353167.5,188,1,196,4458127.5,5403996.0,64,1,2,True,13932
1504964,148,4454194.0,5404034.0,130,4454245.723578132,5406509.205478651,HBO,72,3.7050576171875,5.968569437662761,22.730511666666665,166.66666666666666,166.66666666666666,autoDriver,933,1098.0,4456456.5,5404915.5,1319,4446216.5,5338439.5,142,0,211,4458475.0,5402320.5,33,2,1,True,24528
1504969,103,4452218.0,5401947.5,187,4457856.717799068,5404209.767575877,HBO,76,7.02688916015625,8.642732747395833,36.509635,32.62844,166.66666666666666,walk,611,676.0,4456052.0,5407882.5,3197,4457697.5,5313283.0,135,1,144,4457452.0,5405038.5,59,2,2,True,13200
1504974,340,4460030.0,5401073.5,339,4459060.149220276,5401274.89870945,HBO,78,0.858697998046875,1.5262020111083985,18.004588333333334,166.66666666666666,166.66666666666666,autoDriver,1162,1434.0,4456256.0,5403410.5,2541,4442975.5,5337163.0,179,2,321,4455976.5,5398594.5,62,2,2,True,12780
1504988,205,4457902.0,5403050.0,142,4456828.192765827,5404914.025888384,HBO,83,3.648415283203125,5.680777486165365,11.761138833333332,166.66666666666666,166.66666666666666,walk,658,696.0,4456258.5,5400147.0,2632,4458608.5,5335838.5,298,0,243,4459036.0,5402820.0,81,2,2,False,10428
1504989,205,4457902.0,5403050.0,134,4456904.612152641,5408184.117050417,HBO,83,8.836072265625,12.398185221354169,22.09125166666667,166.66666666666666,166.66666666666666,autoDriver,733,785.0,4456258.5,5400147.0,2632,4458608.5,5335838.5,298,0,243,4459036.0,5402820.0,81,2,2,False,10428
1504995,149,4454836.0,5403916.5,255,4464995.686049012,5404036.446232435,HBO,86,10.987240234375,12.178662109375,166.66666666666666,166.66666666666666,166.66666666666666,autoDriver,925,1148.0,4456633.0,5404692.5,232,4459463.5,5403782.0,172,1,253,4461487.0,5401866.5,89,2,2,True,14664
1504999,177,4456108.0,5403734.0,227,4460029.830470375,5404613.019119889,HBO,88,5.70997021484375,7.700890096028646,33.115716666666664,166.66666666666666,166.66666666666666,walk,578,600.0,4457478.0,5403032.5,172,4456831.0,5404534.0,204,1,140,4456385.5,5405715.0,64,2,2,False,8196
1505001,98,4447776.0,5404714.0,12,4438393.276206353,5408858.105182135,HBO,89,26.03533984375,19.917110188802084,272.1212333333333,166.66666666666666,166.66666666666666,autoDriver,807,900.0,4459018.0,5403785.0,146,4454152.5,5404403.5,231,1,144,4457826.0,5405353.0,48,1,1,True,28080
1505010,187,4457704.0,5404219.5,253,4461286.661719078,5401977.867925144,HBO,97,5.8896279296875,7.948883056640625,20.736598333333333,166.66666666666666,166.66666666666666,bicycle,1366,293.0,4456023.0,5398393.5,2761,4464019.0,5337587.0,329,2,226,4459581.0,5404390.5,32,1,1,True,24084
1505023,349,4458861.0,5399781.5,240,4462713.754926887,5404106.0439115735,HBO,106,9.267302734375,9.243379720052085,29.14714833333333,166.66666666666666,166.66666666666666,autoDriver,538,863.0,4459241.0,5404975.0,1405,4452639.5,5338035.5,216,1,209,4457712.0,5402474.5,70,2,2,False,18324
1505024,218,4459663.5,5405538.0,218,4459724.096461474,5405433.172597169,HBO,108,0.3283495788574219,0.5966424306233724,1.6193961666666663,166.66666666666666,166.66666666666666,walk,909,997.0,4457939.5,5404927.0,2562,4451680.0,5336448.0,144,1,186,4457645.5,5404410.0,59,2,2,True,22992
1505032,340,4459726.0,5401441.5,339,4459622.604111519,5401559.071288237,HBO,112,0.858697998046875,1.5262020111083985,18.004588333333334,166.66666666666666,166.66666666666666,walk,1175,156.0,4462276.0,5403824.5,1343,4457879.5,5347052.0,254,1,164,4452877.0,5404303.5,39,1,1,True,20880
1505036,245,4458908.5,5402192.5,235,4459702.975838905,5403758.165621763,HBO,114,3.94216259765625,3.643158213297526,24.18311333333333,166.66666666666666,166.66666666666666,walk,1277,1382.0,4458001.0,5400565.0,1430,4460063.5,5342235.0,312,0,210,4458063.5,5402470.0,30,2,1,True,20172
1505042,220,4459792.0,5404914.0,197,4458565.449154072,5403826.695201764,HBO,115,2.488040771484375,3.68229242960612,14.013363333333333,166.66666666666666,166.66666666666666,bus,944,1032.0,4458769.0,5399869.5,1246,4453392.5,5358210.5,324,1,253,4461597.5,5401976.0,88,1,2,True,24756
1505046,350,4460710.0,5400772.5,127,4453444.078755471,5407838.456741842,HBO,118,15.818962890625,18.273038736979167,166.66666666666666,166.66666666666666,166.66666666666666,autoDriver,965,990.0,4456110.5,5401777.5,1249,4459333.0,5358256.0,202,0,144,4457826.0,5405353.0,52,2,2,False,0
1505052,321,4455684.0,5398604.5,309,4458167.613652404,5401286.480929798,HBO,125,3.919644775390625,5.449923197428386,9.808371,166.66666666666666,166.66666666666666,autoDriver,911,1166.0,4458936.5,5405060.0,1794,4465385.0,5340444.0,216,1,239,4461520.5,5405681.5,72,1,2,True,14952
1505056,313,4457416.0,5400239.0,173,4457098.57164122,5404618.748405269,HBO,133,6.83746435546875,9.418488566080727,23.349075,166.66666666666666,166.66666666666666,autoPassenger,1080,1094.0,4456558.5,5408159.0,3007,4461444.0,5330760.5,134,1,253,4461487.0,5401866.5,39,2,1,True,42840
1505068,340,4459734.0,5401593.5,177,4456392.478901689,5403853.959752677,HBO,138,5.98435498046875,8.747935994466145,23.86475,166.66666666666666,166.66666666666666,bicycle,517,1057.0,4458814.5,5405537.0,4232,4475395.5,5331121.0,145,1,141,4457026.5,5405407.5,12,1,3,False,0
1505072,235,4460008.0,5403706.5,237,4460011.300679256,5403406.537397529,HBO,142,0.9458003540039064,1.5523610432942707,4.858365833333334,166.66666666666666,166.66666666666666,walk,712,746.0,4459332.0,5401976.5,2151,4512512.5,5378271.0,248,0,143,4457215.5,5405242.5,0,2,2,False,0
1505073,235,4460008.0,5403706.5,174,4456500.394556583,5404461.921479044,HBO,142,3.794628662109375,4.97977040608724,19.130436666666665,166.66666666666666,166.66666666666666,autoDriver,670,801.0,4459332.0,5401976.5,2151,4512512.5,5378271.0,248,0,143,4457215.5,5405242.5,0,2,2,False,0
1505080,147,4454488.5,5404534.0,174,4456647.077152596,5404286.982429184,HBO,154,2.8672824707031253,4.297578430175781,10.011185,166.66666666666666,166.66666666666666,bus,710,814.0,4457552.5,5398523.5,4208,4474181.0,5328990.0,325,1,346,4460992.5,5401026.0,70,2,2,True,4212
1505086,182,4456652.5,5403668.0,323,4457774.129471767,5399783.084106495,HBO,156,5.36659521484375,7.502545166015625,23.672111666666662,166.66666666666666,166.66666666666666,bicycle,890,926.0,4456052.5,5404133.5,4199,4473267.0,5329406.5,170,1,239,4460929.0,5405629.5,80,2,2,True,7620
1505093,222,4460098.0,5405778.0,369,4460083.154277203,5395562.57112052,HBO,157,16.0585810546875,12.998169962565104,286.0,166.66666666666666,166.66666666666666,autoPassenger,513,788.0,4458096.0,5399828.0,3027,4462459.0,5331288.0,324,1,347,4461782.0,5400963.5,58,1,1,True,24000
1505102,305,4457320.0,5400942.5,289,4439006.898442346,5394747.49677395,HBO,169,24.87230859375,25.22650960286458,219.81868333333333,187.81868333333333,166.66666666666666,autoPassenger,967,984.0,4457952.5,5402710.5,2457,4416455.5,5324159.5,207,1,346,4460540.0,5401017.5,1,1,2,False,0
1505106,305,4457320.0,5400942.5,118,4460433.489678851,5409839.700769164,HBO,170,12.486861328125,12.266779581705729,45.984705,44.46803833333333,166.66666666666666,autoDriver,904,1084.0,4451965.0,5401878.0,2391,4417675.0,5337416.0,102,1,144,4457589.0,5405675.0,1,1,2,False,0
1505116,198,4458244.5,5403480.0,172,4456830.438377343,5404750.111342751,HBO,180,2.918460693359375,4.00900395711263,10.363402333333331,166.66666666666666,166.66666666666666,walk,433,493.0,4454585.5,5403703.5,2277,4491809.0,5358020.0,149,1,165,4456029.5,5405334.5,48,2,1,True,9252
1505121,299,4456650.0,5400725.5,306,4457759.825118697,5401253.192024467,HBO,182,2.247725830078125,3.283577728271484,8.9151875,166.66666666666666,166.66666666666666,autoDriver,1095,1182.0,4458265.0,5400558.5,2294,4493532.0,5352353.0,315,1,144,4457614.5,5405437.5,47,2,2,True,0
1505137,232,4459452.5,5403931.0,189,4458664.121406246,5404557.849813945,HBO,192,1.86533203125,2.644847869873047,6.659332833333334,166.66666666666666,166.66666666666666,walk,944,947.0,4455635.5,5399619.0,1589,4472192.5,5351290.0,162,0,145,4458064.0,5405052.5,54,1,1,True,28632
1505142,231,4459018.0,5403785.0,187,4457907.237735938,5404132.822102404,HBO,198,1.696799072265625,2.378795115152995,15.1494975,166.66666666666666,166.66666666666666,bicycle,815,1144.0,4459097.5,5405016.0,285,4442882.0,5402796.5,216,0,144,4457589.0,5405675.0,60,1,1,True,14724
1505143,231,4459018.0,5403785.0,354,4461215.922091096,5398617.864710813,HBO,198,10.75759765625,8.164241536458333,33.140485,166.66666666666666,166.66666666666666,walk,572,722.0,4459097.5,5405016.0,285,4442882.0,5402796.5,216,0,144,4457589.0,5405675.0,60,1,1,True,14724
1505152,180,4456788.5,5403875.5,248,4459608.630246873,5401953.537539888,HBO,203,4.31300927734375,5.957919311523438,27.69028666666667,166.66666666666666,166.66666666666666,walk,777,938.0,4460280.5,5403779.0,1106,4451471.5,5382661.0,236,0,253,4461512.0,5401904.5,20,1,1,True,1152
1505154,180,4456788.5,5403875.5,232,4459347.80413586,5404025.459974431,HBO,205,3.49356103515625,4.817089335123698,12.124068333333334,166.66666666666666,166.66666666666666,autoPassenger,1275,1281.0,4459663.5,5405449.0,4415,4470426.5,5323437.5,218,1,145,4458064.0,5405052.5,11,2,3,False,0
1505164,189,4458575.0,5404706.5,200,4455932.202387912,5402607.918336706,HBO,212,4.192790527343751,5.656131490071615,11.052435,166.66666666666666,166.66666666666666,autoDriver,1194,1233.0,4454829.0,5403739.5,1151,4463495.5,5372164.5,149,0,332,4456571.0,5397597.0,28,1,1,True,23136
1505169,329,4456023.0,5398393.5,316,4458461.742592747,5400765.504155261,HBO,214,4.73438232421875,6.791350809733073,10.760141,166.66666666666666,166.66666666666666,autoDriver,1064,1098.0,4457891.0,5401149.5,397,4477071.5,5403036.5,306,0,348,4463359.5,5402925.5,37,2,1,True,17124
1505170,329,4456023.0,5398393.5,133,4454834.786383474,5405267.060967406,HBO,214,12.222908203125,15.935556030273435,50.379045,166.66666666666666,166.66666666666666,autoDriver,790,815.0,4457891.0,5401149.5,397,4477071.5,5403036.5,306,0,348,4463359.5,5402925.5,37,2,1,True,17124
1505173,324,4458339.5,5399864.0,212,4458065.822788524,5401938.693781659,HBO,215,2.4859091796875,3.666637674967448,17.07122,166.66666666666666,166.66666666666666,autoDriver,905,949.0,4457782.5,5400639.5,1129,4463393.0,5376621.5,312,1,145,4458052.5,5405014.0,58,2,1,True,13152
1505175,186,4457291.5,5404232.0,172,4456460.7249040445,5404627.468917634,HBO,219,1.150811279296875,1.694567616780599,3.663400833333333,166.66666666666666,166.66666666666666,walk,974,1044.0,4452135.5,5402143.0,1189,4470610.5,5374275.0,101,1,144,4457395.5,5404949.5,17,2,3,False,0
1505176,236,4460195.5,5403740.0,93,4450882.1119233575,5407577.773147669,HBO,220,13.6419111328125,15.348598225911458,218.0476,166.66666666666666,166.66666666666666,autoDriver,473,487.0,4454722.0,5404204.5,378,4472371.0,5403337.5,147,1,144,4457826.0,5405353.0,60,1,2,True,19932
1505181,297,4457115.5,5400985.5,219,4460131.441712634,5405607.154517982,HBO,223,6.511935058593751,8.613086954752603,47.31958833333333,166.66666666666666,166.66666666666666,bicycle,989,14.0,4458532.0,5403882.5,4725,4522890.5,5316829.0,197,1,144,4457333.5,5405161.0,69,2,2,False,15816
1505192,216,4459241.0,5404975.0,205,4457793.294638596,5403185.591856394,HBO,232,3.69809375,5.520008341471354,22.019983333333336,166.66666666666666,166.66666666666666,walk,865,1158.0,4458212.0,5400440.5,2531,4437413.5,5304051.5,317,0,149,4454466.0,5404089.0,48,2,2,True,6276
1505193,216,4459241.0,5404975.0,236,4460313.650542598,5403808.542030532,HBO,233,2.3076103515625,3.316345723470052,17.545295,166.66666666666666,166.66666666666666,bicycle,509,829.0,4458732.0,5404728.0,4667,4511821.0,5331878.5,189,1,140,4457157.0,5405807.5,19,2,3,True,12144
1505195,216,4459241.0,5404975.0,218,4460044.6978557,5405495.642038554,HBO,234,1.2297478027343751,2.187506357828776,1.6193961666666663,166.66666666666666,166.66666666666666,bicycle,944,1005.0,4457971.5,5404271.0,2273,4530138.5,5365485.0,187,0,165,4455504.5,5405034.5,17,2,2,False,3492
1505199,216,4459241.0,5404975.0,309,4458147.782348453,5401016.336421225,HBO,235,5.3768544921875,7.459554036458333,26.285668333333334,18.460933333333333,166.66666666666666,autoDriver,914,973.0,4458842.0,5402255.5,2169,4515205.5,5380751.0,211,2,346,4461157.5,5401303.0,16,2,3,False,2448
1505200,216,4459241.0,5404975.0,323,4457760.2365711285,5399651.97393287,HBO,235,7.03384375,9.831039428710938,39.72793333333333,39.81811666666667,166.66666666666666,autoDriver,512,646.0,4458842.0,5402255.5,2169,4515205.5,5380751.0,211,2,346,4461157.5,5401303.0,16,2,3,False,2448
1505205,213,4458597.0,5402055.0,344,4459318.643363838,5400494.17857356,HBO,236,2.1845300292968752,3.2845118204752604,31.460416666666667,166.66666666666666,166.66666666666666,bicycle,1288,50.0,4455869.0,5404080.0,2271,4531149.0,5374330.0,176,1,347,4461335.0,5401081.0,74,2,2,True,11004
1505206,213,4458597.0,5402055.0,109,4454507.086749543,5408334.223551366,HBO,236,12.471150390625,17.479974365234376,55.7041,166.66666666666666,166.66666666666666,walk,697,837.0,4455869.0,5404080.0,2271,4531149.0,5374330.0,176,1,347,4461335.0,5401081.0,74,2,2,True,11004
1505208,223,4459227.0,5404574.5,147,4454257.189154118,5404822.754517425,HBO,241,5.3016044921875,7.297578430175781,21.6324,166.66666666666666,166.66666666666666,walk,1076,1131.0,4457953.5,5400481.5,4751,4500140.5,5302647.0,314,1,348,4463394.0,5402695.5,74,1,2,True,5868
1505213,180,4456482.0,5403985.5,94,4450952.991596342,5414115.427531256,HBO,243,14.91968359375,15.038849894205727,243.423,232.423,166.66666666666666,autoDriver,855,960.0,4459217.0,5401957.5,4712,4502590.0,5312304.0,247,2,321,4455976.5,5398594.5,44,1,2,True,8676
1505214,254,4462276.0,5403824.5,242,4461587.764394861,5403327.563314624,HBO,245,1.2732532958984375,2.559139506022136,33.486576666666664,166.66666666666666,166.66666666666666,walk,709,753.0,4459060.0,5406443.0,4741,4497110.0,5304062.5,222,1,347,4461580.5,5401514.0,35,2,2,True,4368
1505217,197,4458805.0,5403732.0,189,4458700.35155803,5404828.413036194,HBO,249,0.9705106811523436,1.4641342163085938,6.659332833333334,166.66666666666666,166.66666666666666,walk,548,558.0,4457031.0,5404815.5,4742,4496316.5,5302914.0,173,1,348,4463366.0,5403002.0,32,2,2,True,3984
1505218,197,4458805.0,5403732.0,175,4456981.4547175,5404263.988305289,HBO,249,2.387557861328125,3.203333282470703,11.714445,166.66666666666666,166.66666666666666,walk,594,721.0,4457031.0,5404815.5,4742,4496316.5,5302914.0,173,1,348,4463366.0,5403002.0,32,2,2,True,3984
1505221,324,4458769.0,5399869.5,207,4457886.438642086,5402650.788708135,HBO,256,4.020218505859375,6.150650024414063,20.970375,166.66666666666666,166.66666666666666,walk,924,1005.0,4460845.5,5399898.0,4806,4503959.5,5300847.0,350,2,144,4457826.0,5405353.0,1,1,2,False,0
1505225,324,4458769.0,5399869.5,300,4457019.684040077,5400877.82922059,HBO,253,2.120040771484375,3.64829584757487,22.174225,166.66666666666666,166.66666666666666,autoDriver,576,668.0,4457487.5,5398164.0,4724,4520537.5,5312528.0,336,1,222,4459237.5,5406511.0,34,1,2,True,19920
1505227,324,4458769.0,5399869.5,304,4457868.848639042,5401667.62070057,HBO,255,1.88644873046875,3.777312215169271,18.788425,166.66666666666666,166.66666666666666,walk,566,731.0,4456509.0,5408264.0,4729,4497653.5,5312090.5,134,0,347,4461782.0,5400963.5,2,2,2,False,0
1505228,333,4456854.5,5396862.0,147,4454789.391346867,5404654.724963185,HBO,259,12.2411767578125,15.962356567382812,46.20300333333333,166.66666666666666,166.66666666666666,autoPassenger,618,830.0,4459809.0,5404227.5,4694,4508575.5,5324415.0,229,2,348,4463394.0,5402695.5,76,2,2,True,10728
1505234,202,4456110.5,5401777.5,199,4458456.28315137,5403445.643364331,HBO,262,4.39285791015625,6.01778564453125,17.87131,166.66666666666666,166.66666666666666,walk,989,1003.0,4456110.0,5403864.5,4913,4525303.5,5304413.5,177,1,243,4459036.0,5402820.0,82,2,2,True,2016
1505235,202,4456110.5,5401777.5,318,4458781.448068654,5400385.891138477,HBO,262,5.02922705078125,6.729888916015625,60.417875,166.66666666666666,166.66666666666666,walk,671,726.0,4456110.0,5403864.5,4913,4525303.5,5304413.5,177,1,243,4459036.0,5402820.0,82,2,2,True,2016
1505238,315,4458247.0,5400811.5,309,4458098.725797524,5401241.58269408,HBO,265,0.4821685180664062,0.9093209584554036,1.9856685,166.66666666666666,166.66666666666666,walk,609,666.0,4457892.0,5400538.0,2206,4511615.0,5374422.0,312,1,188,4458299.5,5404743.0,47,2,1,True,10668
1505246,223,4459067.5,5404819.5,243,4459292.557728241,5402612.181453892,HBO,269,2.8228291015625,3.6729695638020834,30.262533333333334,166.66666666666666,166.66666666666666,autoDriver,1088,116.0,4456001.0,5399333.0,2221,4524286.0,5390001.5,319,1,144,4457452.0,5405038.5,20,2,3,True,0
1505255,218,4459755.5,5405362.0,235,4459800.769608143,5404078.603256753,HBO,276,2.470897705078125,3.620461273193359,21.13652,166.66666666666666,166.66666666666666,bus,1277,1380.0,4459281.5,5402326.5,3511,4468309.0,5332906.5,246,0,145,4458064.0,5405052.5,65,1,2,True,12000
1505262,248,4459409.5,5401827.0,230,4460056.804464525,5404490.051044763,HBO,284,3.6411472167968753,3.244429270426432,22.478805,166.66666666666666,166.66666666666666,walk,122,155.0,4456099.0,5403759.5,3518,4465880.0,5332237.5,177,1,348,4463547.0,5402729.5,48,2,2,True,0
1505270,170,4456201.5,5404107.0,310,4458793.91104876,5401096.184258572,HBO,296,5.31192041015625,7.458154296875,26.50733333333333,166.66666666666666,166.66666666666666,walk,1003,1081.0,4458866.0,5406082.0,4851,4508630.5,5304426.0,222,0,346,4460998.5,5401263.0,87,1,2,True,46716
1505271,170,4456201.5,5404107.0,324,4458576.053069722,5399791.938663248,HBO,296,6.7973076171875,9.844200642903646,27.946988333333334,166.66666666666666,166.66666666666666,bus,558,634.0,4458866.0,5406082.0,4851,4508630.5,5304426.0,222,0,346,4460998.5,5401263.0,87,1,2,True,46716
1505273,327,4453952.5,5397769.5,211,4458625.291913415,5402235.450670528,HBO,300,11.0089150390625,11.683196004231773,33.536856666666665,166.66666666666666,166.66666666666666,autoDriver,1003,1013.0,4455712.0,5403303.5,2980,4455610.5,5328119.5,178,2,144,4457660.5,5405507.5,56,2,2,True,8124
1505274,327,4453952.5,5397769.5,195,4457887.342182191,5403302.067315752,HBO,300,12.9473095703125,14.563720703125,47.684225,166.66666666666666,166.66666666666666,autoDriver,794,831.0,4455712.0,5403303.5,2980,4455610.5,5328119.5,178,2,144,4457660.5,5405507.5,56,2,2,True,8124
1505275,327,4453952.5,5397769.5,292,4448090.288046852,5393464.548120493,HBO,300,8.330387695312501,8.816071573893229,187.65358333333333,166.66666666666666,166.66666666666666,autoPassenger,614,767.0,4455712.0,5403303.5,2980,4455610.5,5328119.5,178,2,144,4457660.5,5405507.5,56,2,2,True,8124
1505278,145,4458814.5,5405537.0,148,4454347.73529826,5403764.813334153,HBO,303,5.4002880859375,7.242684427897135,0.09909064,166.66666666666666,166.66666666666666,walk,1302,1377.0,4459214.5,5404651.0,3168,4452581.0,5317990.0,223,1,144,4457778.5,5405671.5,30,1,1,True,24924
1505287,326,4459143.5,5399073.5,188,4458407.705114036,5404886.535008762,HBO,309,7.0729892578125,9.718787638346354,58.28928666666666,166.66666666666666,166.66666666666666,walk,1026,2.0,4456088.0,5400407.5,2442,4440451.5,5326657.0,298,1,253,4461512.0,5401904.5,60,1,2,True,14976
1505288,97,4446635.5,5403341.5,312,4457813.835783467,5400831.059494959,HBO,310,15.2594599609375,18.280330403645834,57.967355,166.66666666666666,166.66666666666666,bicycle,1316,1338.0,4456775.5,5405006.0,2284,4502990.5,5358826.5,142,0,213,4458812.0,5402111.5,21,2,1,True,13308
1505296,219,4460144.5,5405459.5,333,4456303.913568355,5395815.077023886,HBO,318,15.462865234375,11.903712972005208,46.57450833333333,166.66666666666666,166.66666666666666,bicycle,866,991.0,4456266.5,5404228.0,1708,4466869.5,5346357.5,171,1,226,4459473.0,5404203.0,33,2,2,True,0
1505307,166,4456120.0,5404623.5,247,4459087.661361537,5401819.259659154,HBO,337,5.0356845703125,6.740477498372396,25.642143333333333,166.66666666666666,166.66666666666666,autoDriver,1027,1084.0,4456802.5,5397278.0,1294,4444849.5,5338097.0,334,1,321,4455976.5,5398594.5,69,1,2,True,16848
1505310,170,4456052.5,5404133.5,173,4457103.3020210285,5404710.018538962,HBO,339,1.679046630859375,2.9183331807454427,2.328231666666667,166.66666666666666,166.66666666666666,autoDriver,621,706.0,4458786.5,5403899.5,2649,4453793.5,5333154.5,197,0,164,4454103.0,5404880.5,40,1,1,True,44844
1505311,170,4456052.5,5404133.5,154,4455038.038539927,5403609.777647035,HBO,339,3.101764892578125,4.56612803141276,5.773690833333333,166.66666666666666,166.66666666666666,autoDriver,1035,43.0,4458786.5,5403899.5,2649,4453793.5,5333154.5,197,0,164,4454103.0,5404880.5,40,1,1,True,44844
1505314,147,4454183.5,5404832.0,345,4460186.175839121,5400277.570667383,HBO,345,9.380919921875,12.929509480794271,34.859095,166.66666666666666,166.66666666666666,bus,673,690.0,4456479.0,5404189.0,1233,4440268.5,5352219.0,174,0,144,4457452.0,5405038.5,52,2,1,True,15768
1505316,147,4454183.5,5404832.0,222,4459540.331328582,5406317.2892154,HBO,345,7.32181201171875,9.99012654622396,11.524675,166.66666666666666,166.66666666666666,bicycle,854,978.0,4456479.0,5404189.0,1233,4440268.5,5352219.0,174,0,144,4457452.0,5405038.5,52,2,1,True,15768
1505320,253,4461550.5,5401826.0,189,4458506.1809628215,5404570.9688199,HBO,347,5.40743505859375,7.279717000325521,20.125681666666665,166.66666666666666,166.66666666666666,walk,869,1101.0,4456783.0,5403025.5,1807,4466298.0,5339994.5,201,2,189,4458600.0,5404749.0,32,2,2,True,5544
1505324,300,4456902.0,5400752.0,349,4459529.925407461,5400073.684456704,HBO,349,3.689405029296875,5.346800231933594,37.16436333333333,166.66666666666666,166.66666666666666,autoDriver,1061,1213.0,4456026.5,5408833.5,1292,4444491.5,5338338.0,134,1,209,4457712.0,5402474.5,30,2,2,True,12204
1505325,300,4456902.0,5400752.0,319,4456183.634075068,5399390.926427791,HBO,349,2.0252706298828125,3.093853251139323,3.022803,166.66666666666666,166.66666666666666,autoDriver,1213,1305.0,4456026.5,5408833.5,1292,4444491.5,5338338.0,134,1,209,4457712.0,5402474.5,30,2,2,True,12204
1505333,173,4457119.0,5404542.5,186,4457292.796030692,5404407.694024517,HBO,358,0.7892381591796875,1.0516309102376302,4.234447,166.66666666666666,166.66666666666666,autoDriver,1035,1089.0,4457720.0,5403357.5,3372,4469319.0,5337597.0,195,2,144,4457558.0,5404947.0,33,2,2,True,4944
1505334,173,4457119.0,5404542.5,273,4441266.86919085,5399886.52788281,HBO,358,20.36752734375,21.040277099609376,92.98081666666668,166.66666666666666,166.66666666666666,autoPassenger,952,983.0,4457720.0,5403357.5,3372,4469319.0,5337597.0,195,2,144,4457558.0,5404947.0,33,2,2,True,4944
1505344,154,4455098.5,5403689.0,172,4456680.468556136,5404520.750902652,HBO,367,3.083915283203125,4.417233784993489,18.04289333333333,166.66666666666666,166.66666666666666,autoDriver,591,613.0,4459766.0,5402610.5,2222,4519766.0,5378632.0,244,0,321,4455976.5,5398594.5,28,2,2,True,624
1505352,164,4454009.5,5404886.5,178,4455894.984931602,5403341.224759875,HBO,372,2.47394873046875,3.830513763427734,13.141208333333331,166.66666666666666,166.66666666666666,autoPassenger,1194,1248.0,4456221.5,5403641.5,4546,4455671.0,5302219.5,179,0,144,4457452.0,5405038.5,4,1,2,False,0
1505355,102,4451965.0,5401878.0,244,4459686.109619314,5403007.961945304,HBO,376,11.73535546875,18.045658365885416,43.75283666666667,166.66666666666666,166.66666666666666,autoDriver,766,817.0,4459754.5,5404804.5,4190,4473132.5,5327689.0,227,0,144,4457659.0,5405216.0,72,1,2,True,15636
1505356,102,4451965.0,5401878.0,236,4460342.518212343,5403723.128015573,HBO,376,11.370271484375,17.451798502604166,38.48154666666667,166.66666666666666,166.66666666666666,walk,890,1360.0,4459754.5,5404804.5,4190,4473132.5,5327689.0,227,0,144,4457659.0,5405216.0,72,1,2,True,15636
1505360,102,4451965.0,5401878.0,225,4459210.817950288,5404145.367077256,HBO,377,10.475005859375,16.36396179199219,25.17761833333333,166.66666666666666,166.66666666666666,autoPassenger,1085,54.0,4452198.0,5401729.0,4679,4490745.0,5321538.5,103,1,253,4461512.0,5401904.5,63,2,2,True,2292
1505363,241,4460927.0,5403618.5,150,4454237.975136629,5403517.915041106,HBO,378,7.810955078125001,10.01731669108073,30.210038333333333,166.66666666666666,166.66666666666666,autoDriver,1152,1181.0,4461432.5,5400465.0,4390,4484283.5,5328808.5,348,1,348,4463366.0,5403002.0,58,1,2,True,10344
1505370,187,4457685.5,5404406.5,235,4459954.616325919,5403789.1099288175,HBO,381,2.54106591796875,3.5097371419270837,11.24392,166.66666666666666,166.66666666666666,walk,730,752.0,4456441.0,5407365.5,831,4417544.0,5358405.5,137,1,346,4460703.0,5401245.0,74,2,2,False,2904
1505377,223,4458944.5,5404592.0,158,4453158.998953126,5402118.767153873,HBO,382,7.54669580078125,9.047804768880209,34.3646,166.66666666666666,166.66666666666666,walk,694,829.0,4457561.5,5403169.5,516,4418141.0,5363857.0,204,1,212,4458196.5,5401941.5,60,1,2,False,12612
1505385,223,4458944.5,5404592.0,201,4457024.58449615,5403168.398902746,HBO,383,3.95983935546875,5.249474080403646,40.903463333333335,166.66666666666666,166.66666666666666,walk,1239,133.0,4457942.0,5401553.5,836,4418793.5,5358400.5,304,1,147,4454737.5,5404188.5,27,1,2,True,9132
1505388,319,4456195.0,5399424.5,300,4456974.476643142,5400512.228209006,HBO,385,2.0252706298828125,3.093853251139323,11.415785666666666,166.66666666666666,166.66666666666666,walk,933,1275.0,4458968.5,5404707.0,541,4436277.5,5369449.0,223,0,179,4456313.5,5403634.5,77,1,2,True,11880
1505389,319,4456195.0,5399424.5,318,4458457.611051126,5400138.935204146,HBO,385,3.81416015625,5.30433858235677,9.117803333333336,166.66666666666666,166.66666666666666,autoDriver,972,1218.0,4458968.5,5404707.0,541,4436277.5,5369449.0,223,0,179,4456313.5,5403634.5,77,1,2,True,11880
1505399,243,4459453.0,5402845.0,332,4456739.077956095,5397334.804176932,HBO,390,8.400798828125,10.509943644205729,35.06688333333333,166.66666666666666,166.66666666666666,bus,654,1225.0,4455895.0,5399731.5,571,4403060.0,5356603.0,319,2,347,4461623.5,5401056.0,85,2,2,False,10692
1505400,243,4459453.0,5402845.0,315,4458131.447584437,5400603.4009204535,HBO,390,3.037790283203125,4.311050415039063,17.322591666666664,18.067046666666663,166.66666666666666,bus,760,1016.0,4455895.0,5399731.5,571,4403060.0,5356603.0,319,2,347,4461623.5,5401056.0,85,2,2,False,10692
1505401,243,4459453.0,5402845.0,342,4459482.387831751,5400733.989350351,HBO,390,2.720499267578125,3.776009114583333,23.909676666666662,166.66666666666666,166.66666666666666,walk,1060,1355.0,4455895.0,5399731.5,571,4403060.0,5356603.0,319,2,347,4461623.5,5401056.0,85,2,2,False,10692
1505409,318,4458479.5,5400230.0,297,4456475.232458113,5401617.968675698,HBO,395,2.8026123046875,3.70743153889974,4.3723455,166.66666666666666,166.66666666666666,bus,535,1070.0,4457296.0,5404011.0,567,4399925.0,5354113.5,192,1,349,4459222.0,5399478.0,73,1,2,True,16008
1505412,315,4458265.0,5400558.5,174,4456607.112506844,5404449.598203879,HBO,397,5.0102568359375,6.83379160563151,20.636596666666662,166.66666666666666,166.66666666666666,autoPassenger,715,738.0,4458253.0,5401234.5,1962,4476003.0,5343156.5,309,0,188,4458521.5,5404684.0,30,2,2,True,13524
1505413,315,4458265.0,5400558.5,182,4456824.1799955135,5403357.427197674,HBO,397,3.95053369140625,5.3534291585286455,18.91501333333333,166.66666666666666,166.66666666666666,walk,1058,1096.0,4458253.0,5401234.5,1962,4476003.0,5343156.5,309,0,188,4458521.5,5404684.0,30,2,2,True,13524
1505414,315,4458265.0,5400558.5,368,4461390.07283773,5391864.29942971,HBO,398,11.3914609375,12.141806030273438,14.747181666666668,166.66666666666666,166.66666666666666,autoDriver,940,941.0,4459651.0,5399846.5,4297,4474903.0,5325484.5,350,1,318,4458639.5,5400219.5,0,1,2,False,0
1505419,102,4451752.0,5401915.0,154,4455037.092366902,5403387.723106236,HBO,401,6.079251953125,10.950606282552084,8.461395833333333,166.66666666666666,166.66666666666666,autoPassenger,478,654.0,4456642.5,5400171.0,367,4461026.5,5393813.0,301,0,339,4458895.0,5401307.5,17,1,3,False,408
1505421,164,4453951.0,5404446.5,180,4456463.951450716,5403736.20779745,HBO,403,3.64198193359375,5.226698303222657,4.85383,166.66666666666666,166.66666666666666,autoDriver,606,657.0,4457521.5,5401366.5,1129,4463589.5,5376797.0,303,0,228,4460075.0,5404522.5,46,2,1,True,5316
1505423,164,4453951.0,5404446.5,142,4456533.281996668,5404930.755200932,HBO,404,3.480785888671875,4.48856455485026,6.585701666666667,166.66666666666666,166.66666666666666,walk,624,642.0,4454208.0,5404434.5,1147,4459990.5,5373464.5,146,0,339,4458875.5,5400964.5,19,2,1,True,7356
1505428,244,4460047.0,5402768.0,142,4456488.969850724,5405072.416939732,HBO,407,5.84985107421875,7.777983601888021,17.244471666666666,166.66666666666666,166.66666666666666,walk,1186,1328.0,4459609.0,5403893.5,4915,4530112.5,5305726.5,232,1,297,4456873.0,5401342.0,87,2,2,True,9504
1505429,244,4460047.0,5402768.0,211,4458488.103490501,5402415.506342326,HBO,407,1.8282061767578128,2.6628875732421875,0.92564895,166.66666666666666,166.66666666666666,walk,731,976.0,4459609.0,5403893.5,4915,4530112.5,5305726.5,232,1,297,4456873.0,5401342.0,87,2,2,True,9504
1505435,156,4452512.5,5402512.5,97,4446451.475260271,5404121.184715269,HBO,408,6.98279248046875,8.430439758300782,8.803668333333333,166.66666666666666,166.66666666666666,bicycle,1118,1193.0,4458607.0,5401985.0,4721,4518189.5,5322501.0,213,0,144,4457733.5,5405147.5,58,2,2,True,7680
1505436,156,4452512.5,5402512.5,149,4454682.934789561,5404071.85169925,HBO,408,3.700609619140625,4.294364929199219,166.66666666666666,166.66666666666666,166.66666666666666,autoDriver,1028,16.0,4458607.0,5401985.0,4721,4518189.5,5322501.0,213,0,144,4457733.5,5405147.5,58,2,2,True,7680
1505437,156,4452512.5,5402512.5,345,4460379.844126471,5400308.650614336,HBO,408,11.6334482421875,14.151345825195312,45.05329666666667,166.66666666666666,166.66666666666666,autoDriver,651,712.0,4458607.0,5401985.0,4721,4518189.5,5322501.0,213,0,144,4457733.5,5405147.5,58,2,2,True,7680
1505442,245,4458937.5,5402442.5,207,4457792.019358084,5402551.705818669,HBO,412,2.612271240234375,3.969622548421224,10.027066,166.66666666666666,166.66666666666666,walk,880,1046.0,4455859.5,5396914.0,4675,4515931.0,5329612.0,331,1,226,4459581.0,5404390.5,52,1,1,True,20964
1505447,245,4459146.0,5402145.5,273,4441311.94628119,5399789.264448553,HBO,418,22.697138671875,24.93023681640625,109.98081666666668,89.98081666666667,166.66666666666666,autoPassenger,1185,313.0,4457106.5,5404386.0,767,4416614.0,5358792.5,175,1,253,4461512.0,5401904.5,33,2,2,True,0
1505453,198,4458352.5,5403388.0,176,4455779.771648472,5403983.238858149,HBO,423,3.190720458984375,4.978776041666666,16.238721666666667,166.66666666666666,166.66666666666666,walk,1116,356.0,4451928.5,5402085.0,429,4402610.5,5381422.0,102,2,164,4452877.0,5404303.5,44,2,2,True,5388
1505459,241,4460763.5,5403526.0,1110,4458850.512710982,5385702.494587949,HBO,430,26.293470703125,17.798805745442706,430.41066666666666,166.66666666666666,166.66666666666666,autoDriver,1168,1403.0,4456876.0,5398994.0,584,4412465.5,5361345.0,322,1,346,4460850.5,5401254.0,47,1,1,True,23016
1505472,236,4460280.5,5403779.0,343,4459019.695305157,5400117.086174883,HBO,443,5.239927734375,6.066282653808594,26.421211666666665,166.66666666666666,166.66666666666666,walk,912,1256.0,4458558.5,5403344.0,4077,4471441.0,5330952.0,199,1,134,4456973.5,5408747.5,72,1,2,True,12768
1505489,306,4457891.0,5401149.5,310,4458760.439705798,5401049.705213324,HBO,459,0.8888152465820313,1.600561014811198,10.127011166666668,166.66666666666666,166.66666666666666,walk,1223,1384.0,4455831.5,5399649.0,620,4413591.0,5348561.0,319,1,144,4457296.0,5405048.0,35,2,3,True,0
1505498,312,4457782.5,5400639.5,154,4455094.2147159865,5403568.210785354,HBO,461,6.26176806640625,8.374129740397136,26.4,166.66666666666666,166.66666666666666,autoDriver,759,849.0,4456235.0,5407707.5,491,4412816.0,5368892.0,135,2,253,4461570.0,5401891.0,19,1,1,True,2760
1505504,344,4459327.0,5400418.0,194,4457446.560835002,5403506.2525536,HBO,464,5.46726220703125,7.732699584960938,19.232605,166.66666666666666,166.66666666666666,autoDriver,1421,45.0,4459007.5,5402326.0,3300,4466124.5,5334942.0,245,1,164,4452877.0,5404303.5,22,1,1,True,11652
1505512,142,4456759.0,5405023.0,212,4458193.166799855,5402015.933884126,HBO,466,4.50181005859375,6.033807373046875,17.513066666666667,166.66666666666666,166.66666666666666,walk,615,1171.0,4461002.5,5400458.0,1765,4467137.5,5341433.0,350,1,347,4461580.5,5401514.0,55,1,1,True,16080
1505513,142,4456759.0,5405023.0,194,4457366.48675874,5403466.219232737,HBO,469,2.574814697265625,3.6116007486979167,10.698051,166.66666666666666,166.66666666666666,autoDriver,1059,1134.0,4450749.0,5404476.0,1140,4443350.5,5376516.5,98,1,167,4455879.0,5404410.0,17,1,1,False,5172
1505514,142,4456759.0,5405023.0,164,4453606.887872488,5404882.840770067,HBO,469,3.480785888671875,4.48856455485026,7.080150833333334,166.66666666666666,166.66666666666666,autoDriver,859,951.0,4450749.0,5404476.0,1140,4443350.5,5376516.5,98,1,167,4455879.0,5404410.0,17,1,1,False,5172
1505521,147,4454722.0,5404204.5,331,4455867.295838889,5397250.1587219965,HBO,475,11.607111328125,16.4843505859375,42.37468666666667,166.66666666666666,166.66666666666666,autoDriver,878,1046.0,4457839.5,5398163.5,3479,4465625.0,5333147.0,336,1,140,4457070.5,5405721.5,32,2,2,True,14784
1505525,223,4459069.0,5404769.5,212,4458073.930740718,5401883.397500086,HBO,481,3.84397900390625,4.792387898763021,22.87973333333333,166.66666666666666,166.66666666666666,autoDriver,612,664.0,4462049.0,5403976.5,2139,4511078.0,5378313.5,242,0,145,4458215.0,5404919.0,20,1,2,True,0
1505527,197,4458532.0,5403882.5,204,4457414.591705606,5403036.894667905,HBO,483,2.274252197265625,2.952221171061198,2.816009833333333,166.66666666666666,166.66666666666666,bus,555,722.0,4456891.0,5404886.5,1523,4462210.0,5337703.0,173,0,253,4461490.5,5401836.0,40,2,2,False,11508
1505538,194,4457601.0,5403486.0,110,4453422.392704375,5408129.22654069,HBO,490,9.2158955078125,13.380961100260416,22.560865,166.66666666666666,166.66666666666666,autoDriver,841,1146.0,4460191.0,5405685.0,4711,4503569.0,5322148.0,219,3,144,4457452.0,5405038.5,13,1,3,False,0
1505543,194,4457601.0,5403486.0,315,4458170.296484995,5400759.369375124,HBO,491,4.7959677734375,6.292792765299479,10.66919,10.655319166666668,166.66666666666666,bicycle,1052,1218.0,4460041.5,5400947.0,2337,4493113.5,5349620.5,340,2,144,4457785.5,5405223.0,3,1,2,False,0
1505551,161,4455476.5,5403254.5,297,4456554.350354476,5401520.833620467,HBO,493,5.1710708007812505,6.95,12.148328333333334,166.66666666666666,166.66666666666666,autoDriver,1176,204.0,4454710.5,5404054.0,1395,4453626.5,5339662.0,149,0,152,4454886.0,5404040.5,39,2,2,True,12768
1505552,161,4455476.5,5403254.5,204,4457631.574052201,5403002.769771312,HBO,493,2.006653076171875,2.702107493082682,22.473178333333333,166.66666666666666,166.66666666666666,walk,788,1054.0,4454710.5,5404054.0,1395,4453626.5,5339662.0,149,0,152,4454886.0,5404040.5,39,2,2,True,12768
1505553,161,4455476.5,5403254.5,177,4456114.553507456,5403986.746673243,HBO,493,1.388042236328125,2.445287831624349,31.92037333333333,166.66666666666666,166.66666666666666,walk,836,895.0,4454710.5,5404054.0,1395,4453626.5,5339662.0,149,0,152,4454886.0,5404040.5,39,2,2,True,12768
1505554,161,4455476.5,5403254.5,210,4458438.441314511,5402480.0459414255,HBO,493,3.399726806640625,4.4,28.186531666666667,166.66666666666666,166.66666666666666,walk,1076,1085.0,4454710.5,5404054.0,1395,4453626.5,5339662.0,149,0,152,4454886.0,5404040.5,39,2,2,True,12768
1505559,161,4455476.5,5403254.5,303,4457368.424209583,5401604.2851738585,HBO,495,4.5102509765625,6.116666666666666,13.9930175,166.66666666666666,166.66666666666666,walk,1077,1099.0,4459086.0,5402287.0,3571,4468229.5,5332457.5,245,1,144,4457660.5,5405507.5,2,2,2,False,0
1505563,208,4458658.5,5402983.0,115,4461362.418371186,5406940.080504335,HBO,497,6.94128125,8.257797241210938,48.34109333333333,166.66666666666666,166.66666666666666,bicycle,600,813.0,4459896.5,5403896.0,2739,4459817.5,5334779.0,235,0,347,4461374.5,5401232.5,59,1,2,True,19512
1505566,208,4458658.5,5402983.0,349,4459019.097384526,5399417.095011276,HBO,498,4.79120849609375,6.566666666666666,20.678251666666664,166.66666666666666,166.66666666666666,walk,826,871.0,4455492.5,5403641.5,2247,4537355.0,5388171.0,155,0,197,4458724.0,5403978.5,61,2,2,True,6900
1505571,184,4457420.5,5404508.0,205,4457907.535750055,5402946.84401708,HBO,499,3.361928466796875,5.177866617838542,15.813044166666666,166.66666666666666,166.66666666666666,autoDriver,936,959.0,4457670.5,5402909.0,1690,4468968.5,5348940.5,205,0,348,4463475.5,5402807.5,69,1,2,True,13248
1505579,232,4459452.5,5403963.0,224,4459632.119423687,5404660.486620686,HBO,502,1.204975830078125,1.8307027180989583,2.7282593333333334,166.66666666666666,166.66666666666666,autoDriver,517,721.0,4459170.0,5400115.0,2032,4486323.0,5396811.5,343,0,165,4455828.0,5405076.0,29,2,2,True,3744
1505588,317,4458212.0,5400440.5,205,4458037.569272148,5403257.997290673,HBO,506,3.37543408203125,4.9993647257486975,9.97984,166.66666666666666,166.66666666666666,walk,1233,1352.0,4457070.5,5404885.5,1035,4417048.0,5349450.0,173,0,348,4463475.5,5402807.5,39,1,1,True,18732
1505590,189,4458732.0,5404728.0,186,4457540.907994674,5404478.547146579,HBO,507,1.750933837890625,2.372888437906901,0.8477212333333333,166.66666666666666,166.66666666666666,walk,858,942.0,4461865.0,5403487.0,423,4399321.0,5377745.5,242,0,145,4458064.0,5405052.5,53,1,1,True,26712
1505593,189,4458732.0,5404728.0,351,4459279.346231833,5397154.324141923,HBO,508,12.4557431640625,9.991624959309895,28.483795,166.66666666666666,166.66666666666666,autoPassenger,500,532.0,4452647.5,5402335.0,81,4477010.0,5425824.0,158,1,346,4461117.5,5400920.0,52,2,2,True,0
1505595,189,4458732.0,5404728.0,184,4457449.493484716,5404845.278600148,HBO,509,2.111576904296875,3.108215077718099,8.605073333333333,166.66666666666666,166.66666666666666,autoDriver,1235,1349.0,4459116.5,5400415.0,2043,4521931.5,5396937.5,343,3,149,4454710.0,5404075.5,10,1,3,False,0
1505600,176,4455869.0,5404080.0,406,4472218.9771081135,5393817.008706224,HBO,514,24.016396484375,21.887888590494796,377.0072666666667,377.0072666666667,166.66666666666666,autoPassenger,1066,1087.0,4456182.5,5397267.5,573,4402642.0,5362718.5,331,1,253,4461512.0,5401904.5,33,2,1,True,5808
1505609,326,4458973.5,5399227.0,285,4443551.007018302,5402737.83692305,HBO,519,26.66737109375,25.344783528645834,46.707258333333336,166.66666666666666,166.66666666666666,autoDriver,519,821.0,4461186.5,5403943.5,488,4415388.5,5372996.5,241,1,347,4461623.5,5401056.0,60,1,2,True,0
1505619,240,4462431.5,5404108.0,96,4442605.03315045,5405034.279335398,HBO,523,24.245388671875,26.890311686197915,52.93734499999999,166.66666666666666,166.66666666666666,autoDriver,782,1007.0,4459850.5,5405008.0,4664,4513061.5,5335728.0,220,2,227,4459765.5,5404551.0,24,1,3,True,7188
1505623,221,4460144.5,5404902.5,254,4462066.667264923,5403548.999182666,HBO,524,4.5387939453125,5.959007771809896,25.792576666666665,166.66666666666666,166.66666666666666,autoDriver,1200,1322.0,4458431.5,5402585.5,3180,4464425.5,5324136.5,208,1,212,4458347.0,5401843.0,39,1,1,True,55548
1505626,221,4460144.5,5404902.5,308,4458632.286005163,5401533.9113826025,HBO,526,5.7004892578125,6.327778116861979,31.86749333333333,28.645241666666667,166.66666666666666,bicycle,932,1031.0,4456804.0,5404215.5,4697,4512151.5,5324223.0,174,0,141,4457026.5,5405407.5,8,1,3,False,0
1505638,304,4457728.5,5401674.0,147,4454774.757498545,5404418.687851351,HBO,533,6.2152099609375,9.509764607747396,36.00656333333333,166.66666666666666,166.66666666666666,autoDriver,628,763.0,4458162.0,5398272.5,3800,4472027.0,5333800.5,338,2,346,4460945.0,5401039.0,47,1,2,True,2400
1505639,304,4457728.5,5401674.0,174,4456829.913580625,5404236.385040332,HBO,533,4.41806494140625,6.470415751139323,27.784465,27.59995333333333,166.66666666666666,autoDriver,1190,1195.0,4458162.0,5398272.5,3800,4472027.0,5333800.5,338,2,346,4460945.0,5401039.0,47,1,2,True,2400
1505645,222,4459060.0,5406443.0,139,4457020.802532636,5407164.999181457,HBO,537,2.152783447265625,2.3666666666666667,17.453595,14.120442666666666,166.66666666666666,walk,516,680.0,4458940.0,5401076.0,4546,4456047.0,5298977.5,339,1,321,4455976.5,5398594.5,35,2,2,True,13836
1505658,342,4459359.5,5400834.5,101,4452319.743366162,5402376.151173633,HBO,549,9.4262783203125,11.416553751627603,44.00776666666666,166.66666666666666,166.66666666666666,bicycle,990,1236.0,4457456.5,5404118.0,1220,4478742.0,5371458.5,186,1,224,4459407.0,5404502.0,66,1,2,True,10968
1505662,342,4459359.5,5400834.5,184,4457440.887725866,5404825.044988678,HBO,550,5.90181787109375,7.93787841796875,27.856213333333333,27.133123333333334,166.66666666666666,autoDriver,1176,1349.0,4454470.0,5404704.5,1084,4439818.5,5345211.5,147,1,345,4459836.5,5400104.5,65,2,2,False,0
1505664,158,4452528.5,5402445.5,231,4459121.128178367,5403812.172640189,HBO,551,7.53773388671875,9.071728515625,25.87839333333333,166.66666666666666,166.66666666666666,autoDriver,1186,1193.0,4458774.5,5404538.5,2425,4437622.5,5332039.5,189,0,147,4454499.0,5404394.5,36,1,1,True,26040
1505667,158,4452528.5,5402445.5,297,4457185.2819787,5400963.854766916,HBO,553,8.514826171875,10.610619099934896,49.270788333333336,166.66666666666666,166.66666666666666,autoDriver,1076,1254.0,4456228.0,5400537.0,2393,4420318.5,5331839.0,298,0,179,4456054.5,5403543.5,3,1,2,False,0
1505671,187,4457924.0,5404268.5,168,4456219.671561647,5404392.214148618,HBO,556,2.010196166992188,3.0167388916015625,9.994663333333332,166.66666666666666,166.66666666666666,autoDriver,1040,1087.0,4459161.5,5402450.5,578,4412826.5,5363031.5,245,0,143,4457043.5,5405258.5,39,2,2,True,19440
1505672,187,4457924.0,5404268.5,255,4464667.219905583,5402222.429703866,HBO,556,7.584822265625,7.713074747721354,26.781265,166.66666666666666,166.66666666666666,walk,1192,1296.0,4459161.5,5402450.5,578,4412826.5,5363031.5,245,0,143,4457043.5,5405258.5,39,2,2,True,19440
1505676,187,4457924.0,5404268.5,218,4459731.663360276,5405355.37444208,HBO,557,3.067449951171875,4.059075419108073,16.01006,166.66666666666666,166.66666666666666,autoDriver,1110,1207.0,4455713.0,5403180.5,893,4421945.0,5358256.0,200,2,253,4461512.0,5401904.5,7,2,3,False,0
1505679,350,4460845.5,5399898.0,305,4457576.729962115,5400970.175713245,HBO,560,5.09932568359375,7.238424173990885,23.92501833333333,166.66666666666666,166.66666666666666,autoDriver,1137,1328.0,4451967.5,5402133.5,715,4417336.0,5361084.0,100,1,347,4461300.0,5401206.0,67,1,2,True,13620
1505680,222,4459903.0,5405726.5,158,4453216.447439142,5402444.335007401,HBO,564,9.56690234375,11.740352376302084,34.3646,166.66666666666666,166.66666666666666,autoDriver,436,592.0,4460990.0,5403498.0,812,4419213.5,5359624.0,241,1,144,4457852.5,5405105.0,61,1,1,True,10392
1505687,177,4456110.0,5403864.5,166,4456063.3221642375,5404755.413368021,HBO,571,2.5513383789062503,3.549049886067708,3.6766741666666665,166.66666666666666,166.66666666666666,walk,601,625.0,4456753.0,5408076.0,998,4419298.0,5352931.0,138,1,140,4456795.0,5405487.0,37,1,1,True,6060
1505698,177,4456110.0,5403864.5,204,4457456.829883332,5402986.855243856,HBO,575,2.42272265625,3.8065391540527354,11.921999166666666,166.66666666666666,166.66666666666666,autoDriver,1014,1181.0,4456837.5,5404591.5,724,4418123.0,5360202.5,172,3,164,4452899.0,5404596.5,6,2,2,False,0
1505706,142,4456836.5,5404951.5,232,4459385.413022166,5403994.030856499,HBO,577,4.53775732421875,5.9492238362630205,19.74817833333333,166.66666666666666,166.66666666666666,walk,436,584.0,4459998.0,5404841.0,1020,4424292.0,5352355.0,227,1,102,4451111.5,5401735.5,84,2,2,False,5508
1505707,142,4456836.5,5404951.5,171,4456407.404161098,5404179.679916267,HBO,577,1.909385498046875,2.304921213785807,166.66666666666666,166.66666666666666,166.66666666666666,autoDriver,923,1047.0,4459998.0,5404841.0,1020,4424292.0,5352355.0,227,1,102,4451111.5,5401735.5,84,2,2,False,5508
1505730,212,4458145.5,5401939.0,319,4455839.240212852,5400067.374929756,HBO,579,3.85976318359375,5.407341512044271,10.28947,166.66666666666666,166.66666666666666,autoDriver,1297,1372.0,4457647.0,5402601.5,924,4414230.5,5357645.0,206,0,229,4459663.5,5404151.5,34,2,2,True,7284
1505738,212,4458145.5,5401939.0,172,4456588.185495067,5404519.959025492,HBO,581,4.01626611328125,5.646531677246093,16.59673666666667,166.66666666666666,166.66666666666666,walk,507,907.0,4457526.5,5400628.5,2973,4457272.5,5329781.0,311,1,321,4455976.5,5398594.5,6,2,2,False,0
1505739,212,4458145.5,5401939.0,254,4462150.858357039,5404040.047351533,HBO,582,6.14936767578125,8.514037577311198,28.492576666666665,166.66666666666666,166.66666666666666,autoDriver,747,775.0,4459710.0,5401109.5,1669,4483929.5,5348911.0,340,1,297,4456873.0,5401342.0,6,2,2,False,0
1505748,174,4456741.0,5404109.0,218,4459874.896143378,5405469.67708836,HBO,586,4.170947265625,5.44600118001302,20.264675,166.66666666666666,166.66666666666666,bicycle,1216,33.0,4456525.5,5404487.5,4478,4490009.0,5316480.5,174,1,210,4458063.5,5402470.0,44,2,1,True,20664
1505749,174,4456741.0,5404109.0,307,4458358.186781467,5401637.326223219,HBO,586,4.2394794921875,6.226263427734375,14.25717,166.66666666666666,166.66666666666666,bicycle,557,707.0,4456525.5,5404487.5,4478,4490009.0,5316480.5,174,1,210,4458063.5,5402470.0,44,2,1,True,20664
1505752,174,4456741.0,5404109.0,340,4460300.238240471,5401285.357064059,HBO,587,5.6223896484375,7.9954686482747395,20.750085,20.523856666666667,166.66666666666666,walk,879,1089.0,4459493.0,5403796.0,4658,4497975.5,5323508.5,232,0,184,4457372.5,5404651.0,15,2,3,False,0
1505754,319,4456001.0,5399333.0,253,4461669.760491266,5402463.524941973,HBO,588,8.344568359375,11.289821370442708,41.66993,166.66666666666666,166.66666666666666,autoDriver,723,816.0,4457191.0,5400274.5,4637,4500096.0,5335565.0,302,0,318,4458469.5,5400448.0,36,1,1,True,82740
1505755,319,4456001.0,5399333.0,307,4458212.533119025,5401353.096510995,HBO,588,3.609290771484375,5.264973958333333,11.066128333333332,166.66666666666666,166.66666666666666,bicycle,1110,1354.0,4457191.0,5400274.5,4637,4500096.0,5335565.0,302,0,318,4458469.5,5400448.0,36,1,1,True,82740
1505758,319,4456001.0,5399333.0,298,4455733.107816534,5400850.318810997,HBO,591,1.07033349609375,1.9334849039713544,12.061455,166.66666666666666,166.66666666666666,walk,1170,1361.0,4458688.0,5405704.5,4336,4484656.0,5333780.0,139,0,188,4458150.0,5404632.5,3,1,2,False,0
1505759,154,4454914.5,5403619.5,363,4465825.556000839,5397758.475120956,HBO,593,15.154080078125,15.09627685546875,303.7734,166.66666666666666,166.66666666666666,bicycle,682,712.0,4456457.5,5400282.5,2009,4485643.5,5339847.5,301,1,308,4458636.5,5401516.0,20,2,3,True,8124
1505760,154,4454914.5,5403619.5,218,4459669.162118119,5405474.88944847,HBO,593,6.5415966796875,8.73154093424479,26.134925,166.66666666666666,166.66666666666666,walk,594,698.0,4456457.5,5400282.5,2009,4485643.5,5339847.5,301,1,308,4458636.5,5401516.0,20,2,3,True,8124
1505773,334,4456536.0,5397172.0,237,4459905.386750975,5403338.738422843,HBO,598,15.354259765625,11.771939086914063,40.624116666666666,166.66666666666666,166.66666666666666,autoDriver,1226,1337.0,4447223.0,5403606.0,84,4474928.5,5417900.0,97,2,164,4452877.0,5404303.5,59,1,2,True,4944
1505775,334,4456536.0,5397172.0,162,4453958.823428288,5399717.150027668,HBO,599,5.935972167968751,7.459063720703125,53.24292833333333,166.66666666666666,166.66666666666666,walk,1200,1439.0,4459306.0,5404489.5,43,4461228.0,5432592.0,226,1,186,4457598.0,5404485.5,28,1,2,True,4944
1505776,334,4456536.0,5397172.0,354,4461519.778479498,5398702.216727847,HBO,601,6.23929150390625,6.444105529785156,48.14048666666667,166.66666666666666,166.66666666666666,walk,928,1104.0,4454854.0,5403532.5,91,4448395.5,5407629.0,154,0,346,4461146.5,5401335.5,27,2,2,True,4104
1505779,176,4455866.0,5403928.0,304,4457835.061900996,5401396.748144409,HBO,602,4.4939765625,6.77408192952474,29.151195,166.66666666666666,166.66666666666666,bus,1071,1130.0,4457979.5,5400487.0,11,4432573.0,5416009.0,314,0,231,4458883.5,5403964.0,47,1,2,True,9732
1505781,156,4452463.5,5402589.5,155,4455647.628168754,5403381.015351784,HBO,604,4.487421875,5.388836669921875,4.562423333333333,166.66666666666666,166.66666666666666,autoPassenger,1044,83.0,4457585.0,5403287.5,92,4449885.5,5409490.5,204,2,331,4456264.0,5397403.0,54,1,2,True,4236
1505787,331,4455833.5,5397355.0,307,4458237.0053945165,5401357.781888009,HBO,608,5.681316406250001,8.21939697265625,16.832794166666666,166.66666666666666,166.66666666666666,autoPassenger,600,1114.0,4454208.0,5404272.0,88,4473862.0,5412980.0,146,1,347,4461623.5,5401056.0,31,2,1,True,12972
1505789,331,4455833.5,5397355.0,294,4451844.127970192,5393112.784932672,HBO,609,7.11697021484375,7.576107279459635,98.43086,166.66666666666666,166.66666666666666,autoPassenger,612,645.0,4455893.0,5399531.5,7,4427581.5,5415106.0,319,0,236,4460120.5,5404064.0,6,1,2,False,0
1505790,331,4455833.5,5397355.0,330,4456663.715812206,5398344.244877283,HBO,607,1.4079693603515626,2.3191431681315104,0.5037596,166.66666666666666,166.66666666666666,walk,1067,1249.0,4459540.0,5404970.5,116,4460097.0,5408159.0,217,3,140,4456378.0,5405887.5,31,1,1,True,26220
1505797,333,4455988.5,5396896.0,247,4459164.311699733,5401803.196044028,HBO,611,7.74236083984375,8.500448099772136,33.743815,166.66666666666666,166.66666666666666,autoPassenger,865,881.0,4460258.0,5404209.5,62,4442066.0,5423558.0,230,1,248,4459419.5,5402093.5,42,1,1,True,57168
1505802,333,4455988.5,5396896.0,307,4458063.771208453,5401552.529547191,HBO,612,6.6846337890625005,8.043150329589844,17.932795,166.66666666666666,166.66666666666666,autoDriver,846,900.0,4458815.0,5404372.0,85,4468120.5,5422917.0,191,1,348,4463327.0,5402795.5,41,2,2,True,984
1505803,333,4455988.5,5396896.0,286,4451399.477143053,5398608.956264191,HBO,612,8.03476318359375,6.449614969889323,27.486901666666665,166.66666666666666,166.66666666666666,walk,915,1294.0,4458815.0,5404372.0,85,4468120.5,5422917.0,191,1,348,4463327.0,5402795.5,41,2,2,True,984
1505806,333,4455988.5,5396896.0,359,4463127.666323047,5398072.058850082,HBO,614,6.410145996093751,6.785345967610677,48.28390666666667,166.66666666666666,166.66666666666666,autoDriver,1191,1371.0,4457123.5,5404800.0,113,4460039.5,5413579.5,173,1,231,4459126.0,5404160.5,12,1,3,False,1452
1505808,213,4458678.5,5402031.0,331,4455923.141724696,5397534.411421077,HBO,615,6.7830341796875,9.399080403645833,44.871923333333335,166.66666666666666,166.66666666666666,walk,991,1039.0,4459201.0,5405020.5,63,4448617.5,5419880.5,216,0,178,4455754.0,5403594.5,38,1,1,True,19464
1505810,213,4458678.5,5402031.0,171,4456254.594335666,5404160.638508386,HBO,615,4.2423095703125,5.851969909667969,17.097426666666667,166.66666666666666,166.66666666666666,autoDriver,802,963.0,4459201.0,5405020.5,63,4448617.5,5419880.5,216,0,178,4455754.0,5403594.5,38,1,1,True,19464
1505815,100,4451961.5,5402182.0,341,4458868.947896742,5400880.949705268,HBO,620,9.9013310546875,12.575787353515626,36.516666666666666,166.66666666666666,166.66666666666666,autoDriver,449,531.0,4456024.0,5399466.5,3646,4470731.0,5332926.0,319,1,241,4460929.5,5404052.0,49,2,2,True,8160
1505818,151,4454656.5,5403613.0,138,4456893.139748512,5407459.46573201,HBO,624,8.011775878906251,13.43671366373698,36.71486,166.66666666666666,166.66666666666666,autoPassenger,687,719.0,4454621.0,5399035.0,4288,4476101.5,5327123.5,162,1,143,4456997.0,5405220.5,13,2,3,False,0
1505821,151,4454656.5,5403613.0,298,4455661.36108973,5400585.194519246,HBO,626,8.09173974609375,10.92186787923177,34.69985833333333,166.66666666666666,166.66666666666666,autoDriver,832,928.0,4446889.0,5403567.0,2705,4460173.5,5336315.0,97,0,156,4453158.0,5403239.0,11,2,3,False,0
1505824,151,4454656.5,5403613.0,233,4459195.584939915,5403594.556511106,HBO,623,6.1883837890625,7.952790323893229,22.40317333333333,166.66666666666666,166.66666666666666,autoPassenger,1208,1229.0,4459954.5,5401310.0,4043,4468573.0,5330104.0,340,1,249,4459757.5,5401899.0,42,2,1,True,11616
1505833,102,4452186.5,5401559.0,102,4452373.534903691,5401470.2733793575,HBO,631,1.0485418701171876,3.4006278991699217,6.847187333333333,166.66666666666666,166.66666666666666,walk,1223,213.0,4452681.5,5402096.0,2959,4464405.0,5331536.0,158,2,99,4451834.0,5402627.5,66,1,2,True,14916
1505837,213,4458753.0,5401882.5,172,4456727.148492521,5404757.75083749,HBO,635,4.35692431640625,6.176781717936198,15.839910833333333,166.66666666666666,166.66666666666666,autoDriver,1161,1229.0,4458667.5,5400799.0,4178,4474774.5,5329795.0,316,1,144,4457558.0,5404947.0,43,1,2,True,25176
1505841,190,4458050.0,5404122.5,195,4457883.769161819,5403468.0350644365,HBO,640,2.353136962890625,3.440013631184896,0.1932608333333333,166.66666666666666,166.66666666666666,autoPassenger,792,818.0,4455934.5,5407994.0,1773,4468174.0,5341457.0,134,1,165,4455754.5,5405558.0,10,1,3,False,0
1505849,190,4458050.0,5404122.5,233,4459187.09941549,5403323.607895607,HBO,637,1.4762418212890625,2.0931073506673177,7.903170833333333,166.66666666666666,166.66666666666666,walk,783,798.0,4458925.5,5404469.5,3097,4461629.0,5327356.5,225,0,230,4460174.0,5404449.5,40,1,1,True,28392
1505850,190,4458050.0,5404122.5,220,4459994.505518012,5404994.812956454,HBO,637,2.215685546875,3.172479756673177,23.824638333333333,166.66666666666666,166.66666666666666,walk,466,477.0,4458925.5,5404469.5,3097,4461629.0,5327356.5,225,0,230,4460174.0,5404449.5,40,1,1,True,28392
1505852,190,4458050.0,5404122.5,151,4454700.784460822,5403402.979778413,HBO,638,5.17512158203125,7.060673014322917,10.691689,166.66666666666666,166.66666666666666,autoDriver,759,761.0,4456705.5,5404898.0,3058,4464944.0,5330486.5,172,1,144,4457343.0,5405242.0,41,2,2,True,5712
1505855,178,4455721.5,5403505.0,52,4439708.945739411,5418477.875464416,HBO,643,25.318412109375,21.87734578450521,196.68615,166.66666666666666,166.66666666666666,autoDriver,1154,120.0,4454553.5,5403998.0,3687,4468990.5,5331935.0,149,1,318,4458474.5,5400413.0,46,1,1,True,50760
1505863,97,4447207.5,5403651.0,260,4439930.719684304,5399969.799719023,HBO,650,11.841888671875,12.353725179036458,36.87806333333333,166.66666666666666,166.66666666666666,autoDriver,927,1.0,4456872.5,5405178.0,4188,4472616.0,5329203.5,143,1,140,4457157.0,5405807.5,37,1,2,False,6324
1505864,97,4447207.5,5403651.0,189,4458667.238824886,5404797.657584634,HBO,650,14.004228515625,16.49232177734375,33.968513333333334,166.66666666666666,166.66666666666666,autoDriver,841,1375.0,4456872.5,5405178.0,4188,4472616.0,5329203.5,143,1,140,4457157.0,5405807.5,37,1,2,False,6324
1505871,335,4456960.0,5397093.5,332,4456506.124654271,5397695.407072371,HBO,661,0.674825439453125,1.284959538777669,20.224235,166.66666666666666,166.66666666666666,walk,905,1164.0,4457128.5,5404391.0,2069,4502023.5,5383807.5,175,1,249,4460050.0,5401865.5,63,2,2,True,6384
1505878,335,4456960.0,5397093.5,243,4459010.897110727,5402679.512131688,HBO,662,8.5555185546875,11.203774007161458,32.576075,166.66666666666666,166.66666666666666,walk,905,990.0,4457828.5,5404131.0,2096,4501898.0,5377909.5,187,2,348,4463547.0,5402729.5,45,1,2,True,7140
1505879,335,4456960.0,5397093.5,242,4461386.329912783,5403988.387439663,HBO,662,15.85840625,13.652059936523438,31.025483333333334,166.66666666666666,166.66666666666666,autoDriver,813,871.0,4457828.5,5404131.0,2096,4501898.0,5377909.5,187,2,348,4463547.0,5402729.5,45,1,2,True,7140
1505882,164,4453718.0,5404911.0,222,4460358.786918403,5406197.414765298,HBO,666,7.55896435546875,9.802066040039062,9.024675,166.66666666666666,166.66666666666666,autoDriver,1076,1335.0,4456279.0,5403494.0,482,4432980.5,5383506.5,179,0,226,4459362.0,5404408.0,54,2,1,True,15696
1505889,170,4456073.5,5404113.5,164,4452730.684615823,5404251.527300611,HBO,670,3.785772705078125,5.323439025878907,6.982057166666666,166.66666666666666,166.66666666666666,autoPassenger,641,980.0,4460264.0,5403741.0,869,4424393.5,5361928.0,236,0,327,4455638.5,5398558.0,40,1,1,True,24684
1505892,170,4456073.5,5404113.5,241,4460508.522794456,5403677.727744634,HBO,671,5.83962451171875,7.90628916422526,15.538876666666663,166.66666666666666,166.66666666666666,autoDriver,1118,1151.0,4460171.5,5404810.5,4600,4483336.5,5305784.0,228,0,179,4456054.5,5403543.5,36,2,2,True,0
1505895,312,4458005.0,5400870.5,134,4455905.347869579,5408699.204606951,HBO,674,11.3329794921875,14.97184549967448,38.15847166666666,166.66666666666666,166.66666666666666,autoDriver,1145,1370.0,4457766.5,5401708.5,291,4447611.0,5393670.5,209,0,99,4451787.5,5402630.5,73,2,2,True,14268
1505896,312,4458005.0,5400870.5,309,4458389.278519424,5401045.7490015095,HBO,674,0.6007694702148437,0.9723684946695964,5.808372,166.66666666666666,166.66666666666666,walk,1046,1287.0,4457766.5,5401708.5,291,4447611.0,5393670.5,209,0,99,4451787.5,5402630.5,73,2,2,True,14268
1505899,335,4456901.0,5396962.5,112,4458089.392145171,5409115.659131396,HBO,678,27.624267578125,23.31844278971354,371.7320666666666,166.66666666666666,166.66666666666666,autoDriver,675,727.0,4459274.0,5403596.5,4905,4522969.5,5305887.5,234,1,147,4454705.0,5404465.5,36,2,1,True,13884
1505902,171,4456266.5,5404228.0,187,4457935.425042883,5404322.042809193,HBO,683,1.6820042724609376,2.1797414143880207,15.710316666666667,166.66666666666666,166.66666666666666,walk,742,1311.0,4461241.5,5400495.0,4518,4458795.5,5307110.0,350,1,231,4458853.5,5404018.0,31,2,2,True,4356
1505904,311,4457536.5,5400677.5,231,4459152.16091492,5403708.674267286,HBO,684,4.71026025390625,6.228473409016927,18.54064,18.191813333333336,166.66666666666666,autoDriver,1072,1159.0,4447587.5,5404599.5,1239,4448399.0,5355029.5,97,0,167,4455885.5,5404300.5,41,1,1,True,35352
1505905,311,4457536.5,5400677.5,180,4456848.772290383,5403959.014635286,HBO,684,5.18255126953125,7.091239929199219,16.881285000000002,166.66666666666666,166.66666666666666,autoPassenger,958,1105.0,4447587.5,5404599.5,1239,4448399.0,5355029.5,97,0,167,4455885.5,5404300.5,41,1,1,True,35352
1505912,311,4457536.5,5400677.5,353,4461994.03350445,5397714.41210904,HBO,685,7.85292236328125,9.478823852539062,15.402025,166.66666666666666,166.66666666666666,bicycle,593,779.0,4462088.0,5404065.0,1259,4460980.0,5350508.5,254,0,226,4459473.0,5404203.0,33,2,1,True,12084
1505913,311,4457536.5,5400677.5,297,4456985.527065592,5401660.207266537,HBO,686,1.2299918212890626,1.7239110310872396,14.036801666666666,166.66666666666666,166.66666666666666,autoPassenger,1032,1319.0,4456436.0,5404452.5,70,4460254.0,5421707.0,169,1,176,4455843.5,5404093.5,2,1,2,False,0
1505914,311,4457536.5,5400677.5,180,4456491.33049321,5404062.866050017,HBO,686,5.18255126953125,7.091239929199219,16.881285000000002,166.66666666666666,166.66666666666666,autoDriver,1174,1214.0,4456436.0,5404452.5,70,4460254.0,5421707.0,169,1,176,4455843.5,5404093.5,2,1,2,False,0
1505940,339,4458939.5,5401256.5,331,4455674.5437523015,5397672.865618406,HBO,701,7.4864462890625,10.259701538085938,31.40838833333333,166.66666666666666,166.66666666666666,bicycle,547,648.0,4457906.0,5402863.0,3073,4462998.5,5328540.0,207,1,349,4459222.0,5399478.0,36,2,2,True,14616
1505941,339,4458939.5,5401256.5,318,4458476.503904344,5400379.901227238,HBO,701,2.58099169921875,3.839986165364584,20.417875,166.66666666666666,166.66666666666666,walk,965,1051.0,4457906.0,5402863.0,3073,4462998.5,5328540.0,207,1,349,4459222.0,5399478.0,36,2,2,True,14616
1505945,300,4457093.5,5400741.5,303,4457546.416378305,5401466.383973276,HBO,705,1.12963720703125,1.7709677378336588,13.711863333333334,166.66666666666666,166.66666666666666,walk,1115,1193.0,4458938.0,5398401.5,1085,4437930.5,5341910.0,338,0,253,4461512.0,5401904.5,21,2,2,True,8988
1505954,175,4457230.0,5404222.0,152,4455070.724375023,5403755.361579637,HBO,713,2.248140625,2.853812917073568,0.8785780666666666,166.66666666666666,166.66666666666666,autoDriver,533,647.0,4449075.5,5404751.5,1649,4482107.0,5361064.0,98,2,208,4458382.0,5403231.0,80,2,2,True,12960
1505968,205,4457948.0,5403113.5,297,4456797.637849904,5401629.5054389965,HBO,719,2.9842646484375,4.606281026204427,17.12625,166.66666666666666,166.66666666666666,bicycle,1015,1114.0,4456919.5,5404530.0,3160,4438564.0,5317702.5,173,1,348,4463394.0,5402695.5,57,1,2,True,9348
1505976,156,4452495.5,5402827.0,206,4457561.255260187,5402607.028096609,HBO,726,6.40301611328125,7.715997314453125,27.649453333333334,166.66666666666666,166.66666666666666,walk,514,577.0,4462148.5,5404146.5,4397,4487385.0,5328596.0,240,1,144,4457826.0,5405353.0,81,1,2,True,11724
1505980,201,4456783.0,5403025.5,204,4457536.72460928,5403242.779464992,HBO,731,1.4187581787109376,2.1141695658365887,17.603183333333334,166.66666666666666,166.66666666666666,walk,840,855.0,4458868.0,5399120.0,2146,4512422.5,5379729.0,326,3,346,4461077.0,5400957.0,37,2,2,False,12588
1505981,201,4456783.0,5403025.5,204,4457584.089487111,5403158.408986676,HBO,732,1.4187581787109376,2.1141695658365887,17.603183333333334,166.66666666666666,166.66666666666666,walk,896,1068.0,4457320.0,5400942.5,2217,4518331.5,5384995.5,305,1,241,4460832.0,5404059.0,4,1,2,False,0
1505989,216,4458871.5,5405269.5,235,4459650.183228253,5403898.968699487,HBO,739,2.149831787109375,3.363434855143229,8.827255000000001,166.66666666666666,166.66666666666666,autoDriver,1063,1375.0,4455037.0,5403385.5,4448,4476105.0,5324203.0,154,0,346,4461077.0,5400957.0,73,1,2,True,13788
1505991,216,4458871.5,5405269.5,245,4459114.368819552,5402229.389948985,HBO,740,3.681278076171875,5.136606852213542,36.356795000000005,166.66666666666666,166.66666666666666,autoDriver,957,1137.0,4458273.0,5401791.0,2439,4436827.5,5326988.5,212,2,141,4457026.5,5405407.5,83,2,2,True,9600
1505993,216,4458871.5,5405269.5,343,4458898.376957139,5400421.060534059,HBO,740,5.5139404296875005,7.700849914550781,33.763945,166.66666666666666,166.66666666666666,walk,515,690.0,4458273.0,5401791.0,2439,4436827.5,5326988.5,212,2,141,4457026.5,5405407.5,83,2,2,True,9600
1506001,174,4456642.5,5404132.0,235,4460041.268101688,5403920.029008861,HBO,744,3.794628662109375,4.97977040608724,14.683634499999998,166.66666666666666,166.66666666666666,walk,530,697.0,4460087.5,5403444.0,2421,4432092.5,5339080.0,238,1,347,4461300.0,5401206.0,30,1,3,True,8844
1506008,173,4456968.0,5404759.5,326,4459274.129124096,5399246.854879099,HBO,747,7.445849609375,10.151528930664062,55.56109666666667,166.66666666666666,166.66666666666666,autoDriver,693,1009.0,4453977.5,5397895.0,3164,4450468.0,5318454.0,327,1,143,4456997.0,5405220.5,30,1,1,True,34512
1506013,182,4456584.5,5403394.5,172,4456564.558972317,5404657.044684009,HBO,752,1.899116943359375,3.034800211588541,5.814566666666667,166.66666666666666,166.66666666666666,autoDriver,716,732.0,4458610.5,5400563.5,1908,4471230.0,5339701.0,316,0,348,4462608.5,5402664.5,10,2,3,False,0
1506019,182,4456584.5,5403394.5,225,4458864.667819308,5404405.51789167,HBO,750,3.386410400390625,4.662712097167969,6.263952166666667,166.66666666666666,166.66666666666666,walk,88,354.0,4456187.0,5404517.0,3813,4472574.5,5333313.0,166,2,347,4461335.0,5401081.0,43,2,2,True,0
1506026,323,4457472.5,5399300.0,355,4461530.253497291,5397645.894834081,HBO,754,6.29780126953125,7.264069620768229,23.91673833333333,166.66666666666666,166.66666666666666,autoDriver,568,1180.0,4460909.5,5399832.0,1078,4436755.0,5345468.5,350,0,226,4459405.0,5404372.0,57,2,1,True,17136
1506032,195,4457720.0,5403357.5,147,4454088.40369668,5404632.994821966,HBO,756,4.6870141601562505,7.0653564453125,15.3919495,166.66666666666666,166.66666666666666,walk,990,1106.0,4459613.0,5400136.0,1004,4418051.0,5351554.5,344,1,347,4461580.5,5401514.0,52,1,2,True,7668
1506040,201,4456631.5,5403026.0,222,4460260.328245625,5405944.891626433,HBO,760,5.980046875,7.9420227050781245,23.463615,166.66666666666666,166.66666666666666,autoPassenger,763,795.0,4459750.0,5405010.5,515,4416540.0,5364231.5,220,1,144,4457475.0,5404948.0,6,2,3,False,0
1506045,350,4460412.0,5400045.5,188,4458395.186248085,5404744.723611327,HBO,763,7.9431083984375,8.481660970052083,37.354615,166.66666666666666,166.66666666666666,autoDriver,1157,1180.0,4455691.5,5404051.5,429,4402712.0,5381013.5,176,2,234,4459481.0,5403691.0,40,1,1,True,26820
1506053,215,4459620.0,5405570.5,406,4472770.546102803,5394115.760392644,HBO,769,23.0945234375,18.64392496744792,368.0072666666667,368.0072666666667,166.66666666666666,autoDriver,606,770.0,4456254.5,5404384.0,3209,4466321.0,5336947.0,169,0,253,4461512.0,5401904.5,55,1,2,True,31044
1506059,336,4457826.0,5398173.0,319,4456190.449469876,5399873.597171154,HBO,774,3.224509521484375,4.981925964355469,21.52280333333333,166.66666666666666,166.66666666666666,walk,1118,1156.0,4457908.0,5401053.0,699,4419102.0,5362619.5,306,2,348,4463394.0,5402695.5,5,2,2,False,708
1506063,244,4459766.0,5402610.5,353,4461651.195880094,5397827.446803691,HBO,775,9.4242275390625,8.781787109375,19.402025,166.66666666666666,166.66666666666666,walk,1178,181.0,4458986.5,5402411.5,3788,4474285.5,5335179.5,245,0,347,4461300.0,5401206.0,66,2,2,True,22056
1506072,304,4457976.0,5401369.0,324,4458431.16682331,5399931.285696156,HBO,778,1.88644873046875,3.777312215169271,14.713653333333331,166.66666666666666,166.66666666666666,walk,985,1004.0,4459939.5,5405684.5,3427,4469134.0,5335510.0,218,1,208,4458584.5,5403139.0,4,2,2,False,0
1506077,179,4456221.5,5403641.5,204,4457553.754473759,5403020.90560428,HBO,784,1.5597515869140626,2.2633694966634117,12.118825,166.66666666666666,166.66666666666666,bicycle,1207,1396.0,4456523.5,5396941.0,3068,4463366.0,5329000.0,334,1,149,4454674.5,5403914.0,12,1,3,False,0
1506080,179,4456221.5,5403641.5,278,4441529.470586078,5399130.806110699,HBO,783,20.490166015625,21.362371826171877,79.62207833333333,166.66666666666666,166.66666666666666,autoPassenger,612,613.0,4459463.5,5399725.0,4641,4492145.0,5325370.0,349,0,253,4461525.0,5401859.5,50,2,1,True,15060
1506083,172,4456611.5,5404605.0,173,4456901.355012256,5404631.545504438,HBO,785,0.67255908203125,1.3451180775960283,2.328231666666667,166.66666666666666,166.66666666666666,autoDriver,1093,1394.0,4453884.5,5405004.5,2802,4464286.0,5335074.5,164,1,320,4457136.0,5399829.0,63,1,2,True,17724
1506085,222,4459920.0,5405824.5,189,4458519.72141381,5404787.716844333,HBO,788,2.488501953125,3.5147305806477864,6.659332833333334,166.66666666666666,166.66666666666666,walk,1173,1211.0,4455029.0,5403344.0,2306,4492759.0,5351090.0,154,1,223,4459111.5,5404542.5,83,1,2,False,17580
1506091,177,4456351.5,5404066.0,248,4459505.44648856,5401755.432585821,HBO,790,5.23561962890625,7.412187194824218,32.81125333333333,166.66666666666666,166.66666666666666,bus,934,1167.0,4456749.5,5404081.5,4040,4469710.5,5330775.5,180,1,147,4454688.0,5404122.5,83,2,2,True,11988
1506094,348,4461432.5,5400465.0,307,4458151.503253566,5401494.542015566,HBO,793,5.41229443359375,7.929119873046875,6.582795,166.66666666666666,166.66666666666666,autoDriver,1139,1189.0,4458387.0,5404023.0,1728,4474772.0,5345186.0,196,0,348,4462608.5,5402664.5,45,1,1,True,27012
1506095,348,4461432.5,5400465.0,188,4458263.54318309,5404792.995188987,HBO,793,7.773950195312499,7.981351216634114,28.300975,166.66666666666666,166.66666666666666,autoDriver,982,1242.0,4458387.0,5404023.0,1728,4474772.0,5345186.0,196,0,348,4462608.5,5402664.5,45,1,1,True,27012
1506114,204,4457561.5,5403169.5,363,4464542.454577102,5398940.352115616,HBO,804,13.0254267578125,12.54619649251302,47.773408333333336,166.66666666666666,166.66666666666666,autoDriver,907,1238.0,4452513.0,5402644.5,901,4422249.0,5357790.0,156,1,164,4452877.0,5404303.5,37,1,1,True,26280
1506127,342,4459477.5,5400621.0,340,4460097.057042232,5400950.885014212,HBO,816,0.971532470703125,1.832699966430664,2.3639726666666667,166.66666666666666,166.66666666666666,walk,626,658.0,4452490.5,5402312.5,787,4417859.5,5359635.0,158,0,299,4456688.0,5400635.0,71,1,2,True,13248
1506130,222,4458879.0,5405964.5,320,4456597.569145699,5399705.280885957,HBO,818,8.626501953125,11.519833374023438,36.00239333333333,28.22126,166.66666666666666,autoPassenger,882,1012.0,4458410.0,5401313.5,194,4457559.5,5403495.0,307,1,349,4459222.0,5399478.0,33,1,1,True,10068
1506133,222,4458879.0,5405964.5,218,4459926.359673529,5405538.186860508,HBO,819,0.9619730224609376,1.8463565826416013,12.573116,166.66666666666666,166.66666666666666,walk,1091,1151.0,4456829.0,5405111.5,1373,4459097.5,5346675.5,142,1,184,4457262.5,5404683.0,34,2,3,True,0
1506137,319,4455895.0,5399731.5,293,4446127.350470432,5391937.8215379575,HBO,821,14.8154384765625,17.205950927734374,304.3131666666667,166.66666666666666,166.66666666666666,autoDriver,993,1081.0,4461415.0,5403606.5,2820,4460231.5,5334306.5,242,0,164,4452877.0,5404303.5,38,1,1,True,48504
1506141,319,4455895.0,5399731.5,20,4438073.964897942,5401270.713734833,HBO,822,22.86118359375,22.910532633463543,98.0,166.66666666666666,166.66666666666666,autoPassenger,1126,1210.0,4456608.0,5408180.0,2817,4458994.0,5333818.0,134,1,164,4453228.0,5403351.5,35,2,1,True,37572
1506152,340,4459681.5,5401682.5,326,4458244.340604702,5398762.535661149,HBO,827,3.1506064453125,5.621783955891927,20.561096666666668,166.66666666666666,166.66666666666666,walk,440,457.0,4455919.0,5400398.0,724,4418331.0,5360319.5,298,1,348,4461787.5,5400766.5,85,1,2,True,10272
1506159,340,4459681.5,5401682.5,247,4458901.870272983,5401754.497320882,HBO,828,1.410191162109375,2.2452542622884115,4.843816166666667,166.66666666666666,166.66666666666666,walk,1232,1421.0,4456575.0,5397283.5,204,4457314.5,5403256.0,334,1,347,4461453.5,5401552.5,73,2,2,False,38340
1506162,146,4454073.0,5404115.5,100,4451761.731285058,5402198.410148161,HBO,829,4.406138671875,5.900549825032552,9.384804333333332,166.66666666666666,166.66666666666666,autoDriver,1197,1203.0,4451457.0,5401767.0,3335,4468355.5,5335496.0,102,1,147,4454547.0,5404447.0,81,1,2,True,36372
1506163,146,4454073.0,5404115.5,148,4454363.195687096,5403919.362285977,HBO,829,0.4281518249511719,0.7680344899495443,0.09909064,166.66666666666666,166.66666666666666,walk,628,633.0,4451457.0,5401767.0,3335,4468355.5,5335496.0,102,1,147,4454547.0,5404447.0,81,1,2,True,36372
1506167,146,4454399.5,5404385.0,324,4458095.549966458,5399529.800922197,HBO,832,7.7578803710937505,11.174066162109376,40.13032166666667,166.66666666666666,166.66666666666666,bicycle,649,813.0,4457990.5,5400925.5,2773,4464488.5,5336506.5,306,1,144,4457295.0,5405276.5,12,2,3,False,0
1506176,350,4459651.0,5399846.5,299,4456840.046444991,5400835.882220981,HBO,838,6.13264453125,8.296688842773438,23.076688333333333,166.66666666666666,166.66666666666666,autoDriver,530,622.0,4458414.5,5401339.0,4748,4499941.0,5303137.5,307,1,347,4461623.5,5401056.0,54,1,2,True,13044
1506180,350,4459651.0,5399846.5,93,4451000.225852707,5408028.936975535,HBO,840,15.828845703125,19.045865885416667,213.0476,166.66666666666666,166.66666666666666,autoDriver,886,1032.0,4458691.0,5404525.5,128,4453200.0,5407002.5,189,0,346,4461012.0,5401144.5,20,1,3,True,0
1506181,350,4459651.0,5399846.5,172,4456615.455145758,5404862.5561414985,HBO,840,7.7021044921875,10.983395385742188,31.09673666666667,166.66666666666666,166.66666666666666,autoDriver,843,932.0,4458691.0,5404525.5,128,4453200.0,5407002.5,189,0,346,4461012.0,5401144.5,20,1,3,True,0
1506185,186,4457530.5,5404122.5,155,4455474.300774584,5403442.817334956,HBO,843,2.43571142578125,3.3666666666666667,18.590571666666666,166.66666666666666,166.66666666666666,autoDriver,1187,1220.0,4460134.5,5403307.0,2139,4511078.0,5378313.5,238,1,187,4457828.0,5404485.5,23,1,1,True,10596
1506188,235,4459968.5,5403905.0,171,4456256.03742084,5404188.612310061,HBO,844,4.26006103515625,5.546437072753906,21.913216666666663,166.66666666666666,166.66666666666666,walk,804,851.0,4457954.5,5404166.0,2584,4446934.5,5329893.5,187,1,348,4462608.5,5402664.5,21,1,3,True,4008
1506192,146,4454053.5,5404497.5,198,4458329.254696576,5403680.701497229,HBO,848,5.1945283203125,7.061462910970052,19.41514,166.66666666666666,166.66666666666666,walk,539,886.0,4461769.5,5403540.0,2569,4452218.0,5331753.0,242,0,210,4458134.0,5402398.5,7,1,2,False,4584
1506193,146,4454053.5,5404497.5,222,4459768.58858778,5405888.114357457,HBO,848,7.231498046875,9.5895751953125,11.524675,166.66666666666666,166.66666666666666,autoDriver,835,939.0,4461769.5,5403540.0,2569,4452218.0,5331753.0,242,0,210,4458134.0,5402398.5,7,1,2,False,4584
1506196,146,4454053.5,5404497.5,130,4454400.34491219,5406786.40090266,HBO,847,3.38547705078125,5.634181213378906,21.99717833333333,166.66666666666666,166.66666666666666,autoDriver,853,917.0,4458014.5,5398272.5,2534,4442449.5,5336851.5,336,1,228,4460075.0,5404522.5,39,2,2,True,22104
1506200,303,4457521.5,5401366.5,174,4456803.507924967,5404272.355312814,HBO,851,4.5643554687500005,6.468630981445313,20.075043333333333,166.66666666666666,166.66666666666666,walk,804,983.0,4458337.5,5403596.5,207,4457859.0,5402599.0,198,1,348,4463547.0,5402729.5,16,2,1,False,6300
1506208,349,4458955.5,5399600.5,292,4448957.488876588,5394883.114472302,HBO,856,16.3399140625,16.453571573893228,363.65358333333336,166.66666666666666,166.66666666666666,autoDriver,482,759.0,4462607.5,5403979.0,3664,4468923.5,5332745.0,254,0,144,4457278.0,5405323.5,76,1,2,True,18540
1506209,349,4458955.5,5399600.5,310,4458726.407579785,5401042.608969793,HBO,856,2.58923095703125,3.511144002278646,22.400651666666665,166.66666666666666,166.66666666666666,autoDriver,871,1064.0,4462607.5,5403979.0,3664,4468923.5,5332745.0,254,0,144,4457278.0,5405323.5,76,1,2,True,18540
1506212,349,4458955.5,5399600.5,243,4458974.17911638,5403211.264457667,HBO,857,3.6838583984375,5.640517171223959,18.78314,166.66666666666666,166.66666666666666,autoPassenger,1123,1230.0,4451996.0,5402414.0,3392,4469233.5,5336424.0,100,1,204,4457314.5,5403156.0,70,2,2,False,0
1506214,232,4459609.0,5403893.5,254,4462755.820286299,5403514.218678861,HBO,858,3.77631298828125,5.070733642578125,12.692575,166.66666666666666,166.66666666666666,walk,1213,1375.0,4459896.5,5403896.0,3984,4465665.5,5329629.0,235,1,165,4455504.5,5405034.5,30,1,1,True,32280
1506215,232,4459609.0,5403893.5,172,4456765.550937481,5404601.716377861,HBO,858,4.052213134765625,5.561948140462239,9.463402333333333,166.66666666666666,166.66666666666666,walk,920,1225.0,4459896.5,5403896.0,3984,4465665.5,5329629.0,235,1,165,4455504.5,5405034.5,30,1,1,True,32280
1506217,232,4459609.0,5403893.5,99,4451963.021500608,5403249.544359851,HBO,859,8.875607421875,10.77322998046875,28.07569833333333,166.66666666666666,166.66666666666666,autoPassenger,438,501.0,4458119.0,5401139.0,3984,4465665.5,5329629.0,309,0,339,4458895.0,5401307.5,28,2,2,True,948
1506229,244,4459855.5,5402593.0,200,4455919.897613609,5402888.098939531,HBO,863,4.76001416015625,6.462285868326823,19.381511666666665,166.66666666666666,166.66666666666666,walk,1052,1194.0,4456837.0,5400782.5,725,4418548.0,5360424.5,299,1,348,4463366.0,5403002.0,84,2,2,True,12060
1506248,217,4459331.0,5405186.5,166,4456238.295080735,5404880.388403576,HBO,873,3.946821044921875,4.838054911295573,14.676674333333333,166.66666666666666,166.66666666666666,bicycle,622,741.0,4459013.0,5402838.0,3625,4469488.0,5333439.5,243,1,249,4460050.0,5401865.5,79,2,2,False,27012
1506250,135,4456313.0,5407966.5,206,4457564.1622154405,5402641.312988208,HBO,874,8.7882880859375,12.345145670572917,24.18398,166.66666666666666,166.66666666666666,autoDriver,1030,1.0,4458892.5,5405883.0,3467,4466496.0,5334294.0,222,1,243,4459058.5,5402853.0,71,2,2,True,13764
1506251,135,4456313.0,5407966.5,233,4459138.387248039,5403366.438873609,HBO,874,7.35923486328125,9.999315388997395,28.903171666666665,166.66666666666666,166.66666666666666,autoDriver,721,844.0,4458892.5,5405883.0,3467,4466496.0,5334294.0,222,1,243,4459058.5,5402853.0,71,2,2,True,13764
1506255,173,4457029.5,5404788.0,213,4458569.475228868,5401838.507834881,HBO,875,4.39049267578125,5.805183410644531,24.409846666666667,166.66666666666666,166.66666666666666,walk,946,959.0,4458989.5,5406381.5,4011,4467388.0,5328644.5,222,2,234,4459440.5,5403651.5,83,1,2,True,20568
1506264,350,4461068.0,5400144.0,301,4456778.377810009,5400348.007442701,HBO,881,5.21696728515625,8.027768961588542,12.7842,166.66666666666666,166.66666666666666,walk,562,691.0,4454643.0,5403725.0,2837,4460655.5,5333670.5,149,0,143,4457215.5,5405242.5,73,2,2,True,0
1506267,146,4454077.5,5404192.0,318,4458450.754213955,5400483.41331574,HBO,882,6.9231201171875005,9.72409464518229,43.34698,166.66666666666666,166.66666666666666,walk,429,612.0,4457670.0,5404676.5,3300,4466190.0,5334926.0,185,1,144,4457660.5,5405507.5,35,1,1,True,23748
1506269,146,4454077.5,5404192.0,142,4456784.873445184,5405080.01244535,HBO,884,3.153320068359375,4.269278462727865,18.700455,166.66666666666666,166.66666666666666,autoDriver,1146,1210.0,4459883.0,5404266.5,3635,4471088.5,5333819.5,229,0,144,4457778.5,5405671.5,5,2,2,False,0
1506272,235,4459664.5,5403758.5,1087,4451896.5419315295,5386979.107464028,HBO,885,26.090125,22.502935791015624,331.5586,166.66666666666666,166.66666666666666,autoPassenger,667,1226.0,4456438.5,5404091.0,3249,4468282.0,5336720.0,177,1,346,4460992.5,5401026.0,76,1,2,True,5436
1506280,102,4451928.5,5402085.0,346,4460723.625358662,5401000.923248485,HBO,889,12.3058642578125,18.624517822265624,43.66295,166.66666666666666,166.66666666666666,autoDriver,1185,5.0,4457633.0,5403457.5,3848,4473210.5,5331459.5,194,0,347,4461295.0,5401156.0,20,1,1,True,4296
1506295,313,4457276.0,5400100.5,307,4458322.083744737,5401368.044524497,HBO,898,2.045388916015625,3.6886924743652334,5.299461666666666,166.66666666666666,166.66666666666666,walk,484,562.0,4458600.5,5400979.0,1608,4480259.5,5363020.0,310,1,253,4461525.0,5401859.5,75,1,2,True,17196
1506315,247,4459045.5,5401865.0,169,4456261.702996652,5404438.391835804,HBO,913,4.863989746093751,6.68529764811198,27.44669333333333,166.66666666666666,166.66666666666666,autoDriver,1177,1269.0,4459211.0,5401754.5,4922,4526198.5,5302155.5,247,1,226,4459293.5,5404206.5,82,1,2,True,24456
1506316,247,4459045.5,5401865.0,216,4459189.551637461,5405133.541094668,HBO,913,3.93854248046875,5.408113098144531,27.51736,166.66666666666666,166.66666666666666,bicycle,1225,1373.0,4459211.0,5401754.5,4922,4526198.5,5302155.5,247,1,226,4459293.5,5404206.5,82,1,2,True,24456
1506317,247,4459045.5,5401865.0,187,4457736.342805644,5404365.000680277,HBO,913,3.625349365234375,4.910415649414063,32.749923333333335,166.66666666666666,166.66666666666666,autoPassenger,980,1291.0,4459211.0,5401754.5,4922,4526198.5,5302155.5,247,1,226,4459293.5,5404206.5,82,1,2,True,24456
1506325,240,4462431.5,5404108.0,189,4458812.919063179,5404845.862941968,HBO,916,4.6062724609375,6.20550537109375,16.191775,166.66666666666666,166.66666666666666,walk,1126,1277.0,4447714.5,5404593.5,1100,4446390.0,5380249.5,98,0,165,4456279.5,5405325.0,41,1,2,True,13488
1506330,336,4457812.5,5397977.5,312,4457734.502344768,5400533.470292588,HBO,921,3.8879428710937503,5.193127950032552,25.13791833333333,166.66666666666666,166.66666666666666,autoDriver,1038,1168.0,4459289.0,5403485.0,3199,4460358.5,5315786.5,234,2,348,4463429.5,5402987.5,42,2,2,False,3048
1506341,149,4454844.0,5404098.5,270,4439842.861865334,5398788.328935202,HBO,923,20.705669921875,22.33913981119792,166.66666666666666,166.66666666666666,166.66666666666666,autoPassenger,894,1051.0,4458373.5,5400382.5,3942,4466101.5,5330875.5,317,1,144,4457826.0,5405353.0,72,2,2,False,9024
1506347,212,4458169.5,5401706.0,300,4457165.89625758,5400683.028060665,HBO,925,2.429284423828125,3.604300944010417,10.494459,166.66666666666666,166.66666666666666,autoDriver,1026,1049.0,4454106.0,5404828.5,904,4425232.5,5358665.5,147,1,141,4456934.5,5405545.5,41,1,1,True,237060
1506352,350,4460289.0,5400051.5,256,4463094.61193989,5401298.686072988,HBO,928,9.5688037109375,10.419085693359374,68.75576666666666,166.66666666666666,166.66666666666666,autoDriver,882,908.0,4459828.0,5404584.5,511,4416844.0,5365079.0,227,1,346,4461206.5,5400939.0,63,1,1,True,23208
1506353,350,4460289.0,5400051.5,367,4459519.248319332,5393270.849012408,HBO,928,9.6392685546875,11.026430257161458,12.019143333333332,166.66666666666666,166.66666666666666,walk,650,780.0,4459828.0,5404584.5,511,4416844.0,5365079.0,227,1,346,4461206.5,5400939.0,63,1,1,True,23208
1506356,151,4454826.5,5403354.5,195,4457682.991466585,5403565.885583132,HBO,933,4.3633017578125,6.066930643717448,14.388391166666665,166.66666666666666,166.66666666666666,bus,841,940.0,4449154.0,5404615.5,4878,4507891.5,5293728.0,98,1,226,4459581.0,5404390.5,44,2,1,True,21492
1506357,151,4454826.5,5403354.5,206,4457444.049546301,5402590.822421009,HBO,933,3.98473095703125,5.280437215169271,16.016119333333332,166.66666666666666,166.66666666666666,autoPassenger,503,648.0,4449154.0,5404615.5,4878,4507891.5,5293728.0,98,1,226,4459581.0,5404390.5,44,2,1,True,21492
1506360,151,4454826.5,5403354.5,164,4452948.685591473,5404204.825837126,HBO,934,1.36753857421875,2.137243143717448,23.98956833333333,166.66666666666666,166.66666666666666,walk,468,560.0,4456412.0,5404652.5,2019,4490008.5,5338940.0,166,0,346,4460945.0,5401039.0,12,2,3,False,0
1506367,151,4454826.5,5403354.5,132,4452537.010871762,5406245.8715619175,HBO,935,4.3911547851562505,7.114311218261719,17.962576666666667,166.66666666666666,166.66666666666666,walk,437,471.0,4462720.0,5404251.5,2351,4511061.5,5349094.5,240,0,347,4461374.5,5401232.5,10,2,3,False,0
1506370,309,4458401.0,5401159.0,93,4450867.547834769,5407040.371451839,HBO,938,13.347197265625,15.451790364583331,219.0476,166.66666666666666,166.66666666666666,bicycle,858,1075.0,4456542.5,5397784.0,4214,4473309.0,5328733.0,330,1,347,4461623.5,5401056.0,36,1,1,True,21996
1506376,196,4458440.5,5403847.5,340,4460434.808635933,5401560.416303069,HBO,944,4.464634765625,6.290619913736979,22.080705,17.140908333333336,166.66666666666666,autoDriver,875,1005.0,4459715.5,5403430.0,592,4409329.0,5358421.0,237,2,346,4460757.0,5401208.5,57,2,2,True,0
1506377,196,4458440.5,5403847.5,186,4457511.909783716,5404127.109954221,HBO,944,1.4914468994140626,1.95,0.8477212333333333,166.66666666666666,166.66666666666666,walk,922,1165.0,4459715.5,5403430.0,592,4409329.0,5358421.0,237,2,346,4460757.0,5401208.5,57,2,2,True,0
1506381,101,4452280.5,5402342.5,264,4440456.815927094,5400011.090862249,HBO,949,17.15516796875,17.799847412109376,56.83842333333334,72.31438333333334,166.66666666666666,bus,467,596.0,4457975.5,5402294.0,1062,4424071.0,5347933.0,209,0,226,4459473.0,5404203.0,76,1,2,True,30072
1506385,319,4455928.5,5399611.0,336,4457259.366965527,5397967.01779042,HBO,953,3.224509521484375,4.981925964355469,34.82474,166.66666666666666,166.66666666666666,autoDriver,940,1037.0,4456998.5,5397464.5,2040,4514916.5,5394432.5,333,1,253,4461487.0,5401866.5,48,2,2,True,0
1506386,319,4455928.5,5399611.0,241,4460928.540415664,5403530.938583986,HBO,953,7.45795166015625,10.18496602376302,30.138875,166.66666666666666,166.66666666666666,autoPassenger,1125,1425.0,4456998.5,5397464.5,2040,4514916.5,5394432.5,333,1,253,4461487.0,5401866.5,48,2,2,True,0
1506387,319,4455928.5,5399611.0,304,4457751.024618097,5401376.0016836375,HBO,953,3.2081904296875,4.575792439778645,14.760348333333331,166.66666666666666,166.66666666666666,autoDriver,1020,1052.0,4456998.5,5397464.5,2040,4514916.5,5394432.5,333,1,253,4461487.0,5401866.5,48,2,2,True,0
1506392,205,4457973.0,5403207.0,306,4457960.126311854,5401011.833089293,HBO,958,2.5448408203125,4.236886342366536,5.050919666666667,166.66666666666666,166.66666666666666,autoDriver,993,1399.0,4458008.0,5403590.5,4415,4470400.0,5323350.0,195,1,164,4453228.0,5403351.5,41,2,2,True,6204
1506395,205,4457973.0,5403207.0,229,4459788.620851827,5404175.241505812,HBO,959,3.508121337890625,5.19376475016276,19.986016666666668,166.66666666666666,166.66666666666666,autoDriver,977,1233.0,4459902.5,5404205.0,4518,4458795.5,5307110.0,229,1,347,4461474.0,5401633.0,4,2,2,False,0
1506396,205,4457973.0,5403207.0,112,4456757.964427892,5409386.008696288,HBO,959,16.750183593750002,18.59491373697917,72.73208333333334,166.66666666666666,166.66666666666666,autoPassenger,1046,1172.0,4459902.5,5404205.0,4518,4458795.5,5307110.0,229,1,347,4461474.0,5401633.0,4,2,2,False,0
1506401,220,4460006.5,5404908.5,303,4457462.648305193,5401680.121559811,HBO,961,5.3908525390625,7.561973063151042,36.43217,166.66666666666666,166.66666666666666,autoDriver,557,651.0,4457536.5,5400677.5,1724,4473961.5,5345697.5,311,1,346,4460703.0,5401245.0,59,1,1,True,28992
1506402,319,4455831.5,5399649.0,304,4457998.00756676,5401568.974754345,HBO,965,3.2081904296875,4.575792439778645,14.760348333333331,166.66666666666666,166.66666666666666,walk,935,1036.0,4454529.0,5399437.5,1147,4459982.5,5374300.5,162,1,229,4459663.5,5404151.5,40,1,1,True,41424
1506416,324,4458794.0,5399958.0,300,4457164.290399571,5400564.896352531,HBO,973,2.120040771484375,3.64829584757487,22.174225,166.66666666666666,166.66666666666666,autoPassenger,933,1029.0,4456482.0,5397720.0,2279,4498860.5,5362902.5,330,0,144,4457660.5,5405507.5,78,2,2,False,1032
1506424,245,4459007.5,5402326.0,241,4461137.155183989,5403617.891660576,HBO,976,3.407233154296875,4.430802917480468,17.538875,166.66666666666666,166.66666666666666,autoDriver,923,1087.0,4459711.5,5402951.0,232,4459463.5,5403782.0,244,0,156,4453158.0,5403239.0,72,2,2,True,16344
1506428,350,4461002.5,5400458.0,214,4459085.851710449,5405580.502787598,HBO,981,8.751294921875001,9.462206013997395,40.01764666666666,166.66666666666666,166.66666666666666,autoDriver,713,717.0,4456696.0,5404231.5,2233,4528237.0,5386761.0,174,2,331,4456320.0,5397595.5,10,2,3,False,0
1506431,188,4458343.0,5404664.5,324,4458757.668997838,5399376.140846566,HBO,983,6.1628833007812505,8.50882822672526,30.413653333333333,28.31365333333333,166.66666666666666,autoPassenger,989,1023.0,4461957.5,5404211.5,1229,4445597.5,5361132.5,240,1,253,4461512.0,5401904.5,75,2,2,False,5784
1506432,188,4458343.0,5404664.5,402,4473316.561443984,5400760.827217115,HBO,983,22.46498828125,18.47476806640625,187.97358333333332,166.66666666666666,166.66666666666666,autoDriver,1238,1400.0,4461957.5,5404211.5,1229,4445597.5,5361132.5,240,1,253,4461512.0,5401904.5,75,2,2,False,5784
1506437,350,4460804.5,5400634.5,190,4458152.538744236,5404224.612526386,HBO,988,5.9323525390625,8.480834452311198,35.70203333333333,166.66666666666666,166.66666666666666,bicycle,1041,1118.0,4459229.0,5405704.0,1233,4440268.5,5352219.0,222,1,185,4457688.5,5404570.5,13,2,3,False,0
1506440,350,4460804.5,5400634.5,359,4463231.710979734,5398041.922458538,HBO,989,4.4693583984375005,6.298120625813802,13.283906666666669,166.66666666666666,166.66666666666666,walk,612,877.0,4459608.5,5405681.0,3027,4462459.0,5331288.0,215,1,140,4457157.0,5405807.5,9,2,3,False,0
1506446,140,4456381.5,5407180.0,304,4457965.069277745,5401528.234313426,HBO,994,6.96248974609375,9.39364013671875,31.703356666666664,166.66666666666666,166.66666666666666,bicycle,794,873.0,4459144.0,5403522.5,2139,4510851.0,5378133.5,233,0,321,4455976.5,5398594.5,20,1,2,True,0
1506452,154,4455023.0,5403422.0,142,4456479.569265855,5405280.161483914,HBO,1000,2.92534619140625,3.975230153401693,21.08582833333333,166.66666666666666,166.66666666666666,bicycle,760,911.0,4454472.0,5403724.5,3078,4464353.0,5329469.5,149,1,316,4458581.5,5400804.0,11,2,3,False,0
1506454,336,4457839.5,5398163.5,302,4457058.242357732,5400168.727712991,HBO,1002,2.757697998046875,3.651139068603515,29.538141666666668,166.66666666666666,166.66666666666666,walk,788,1322.0,4457606.5,5398145.0,2351,4511108.5,5349023.0,336,1,347,4461258.0,5401168.0,29,2,2,True,7176
1506455,336,4457839.5,5398163.5,367,4462194.101508562,5392191.150314351,HBO,1003,7.8518569335937505,8.47946573893229,11.019143333333332,166.66666666666666,166.66666666666666,autoDriver,614,729.0,4459206.5,5403521.5,2011,4486229.5,5342154.0,233,2,144,4457660.5,5405507.5,5,1,2,False,0
1506468,298,4455978.5,5400277.0,354,4460626.794370499,5397180.712291276,HBO,1013,7.35648291015625,10.779398600260416,31.590485,166.66666666666666,166.66666666666666,walk,977,1282.0,4458009.5,5400368.5,2513,4436134.5,5300179.5,314,1,348,4463366.0,5403002.0,84,2,2,False,8640
1506473,231,4458912.5,5403852.0,354,4461141.767160393,5397772.659609373,HBO,1019,10.75759765625,8.164241536458333,33.140485,166.66666666666666,166.66666666666666,autoDriver,1223,1431.0,4459272.5,5404921.5,4303,4476457.0,5325022.5,217,1,229,4459663.5,5404151.5,60,1,2,True,16344
1506474,231,4458912.5,5403852.0,240,4461440.234791196,5404622.679239314,HBO,1019,4.300017578125,5.14717763264974,11.380481,166.66666666666666,166.66666666666666,walk,1279,1336.0,4459272.5,5404921.5,4303,4476457.0,5325022.5,217,1,229,4459663.5,5404151.5,60,1,2,True,16344
1506477,224,4459287.0,5404612.0,248,4459589.18984589,5402078.978015468,HBO,1023,4.66914306640625,4.441645812988281,22.25435333333333,166.66666666666666,166.66666666666666,walk,1120,1308.0,4456878.0,5400822.0,2264,4526329.0,5368247.5,300,1,164,4453228.0,5403351.5,71,1,2,True,6888
1506483,194,4457429.0,5403330.0,233,4458969.133927408,5403543.063471531,HBO,1027,2.1426240234375,3.202506510416667,10.953474,166.66666666666666,166.66666666666666,bicycle,857,907.0,4454894.0,5403343.5,4204,4474322.5,5329312.0,154,1,139,4457292.5,5405731.5,34,2,1,True,8388
1506488,219,4460191.0,5405685.0,339,4459123.796206581,5401673.502623072,HBO,1032,5.25191552734375,6.793022155761719,43.61356666666666,166.66666666666666,166.66666666666666,bicycle,564,637.0,4458390.5,5400963.5,4628,4487846.5,5294809.5,309,1,339,4458875.5,5400964.5,50,1,1,True,10800
1506500,149,4454710.5,5404054.0,278,4441973.914000236,5398568.890233082,HBO,1041,18.971966796875,19.98812459309896,166.66666666666666,166.66666666666666,166.66666666666666,bicycle,1078,1206.0,4457678.5,5397983.5,33,4434055.5,5389588.5,336,1,227,4459765.5,5404551.0,40,2,1,True,4644
1506504,152,4455128.5,5403799.5,176,4455891.550043761,5403709.872108973,HBO,1044,1.295521484375,2.150244649251302,6.618013,166.66666666666666,166.66666666666666,walk,1131,1151.0,4458137.5,5402000.0,2393,4420318.5,5331839.0,212,1,145,4458064.0,5405052.5,44,2,2,True,11532
1506512,158,4452517.0,5402256.5,130,4454070.129985222,5406719.160103295,HBO,1049,6.414412109375,8.510215759277344,42.08051,166.66666666666666,166.66666666666666,walk,518,720.0,4457243.0,5399535.0,1319,4446216.5,5338439.5,320,3,165,4455642.0,5404741.5,77,2,2,False,252
1506513,158,4452517.0,5402256.5,158,4452710.102009643,5402402.749616135,HBO,1049,0.3903414306640625,0.5714167912801107,16.052391666666665,166.66666666666666,166.66666666666666,walk,1072,1128.0,4457243.0,5399535.0,1319,4446216.5,5338439.5,320,3,165,4455642.0,5404741.5,77,2,2,False,252
1506517,205,4457670.5,5402909.0,205,4457730.474594283,5403061.720883695,HBO,1053,0.297766357421875,0.6444811503092448,3.8927005,166.66666666666666,166.66666666666666,walk,922,1129.0,4461628.5,5403887.5,55,4441044.0,5416917.5,242,0,348,4463366.0,5403002.0,79,2,2,True,8784
1506520,207,4457776.5,5402688.5,306,4457671.353523866,5400992.860208293,HBO,1057,2.754922119140625,4.547951253255208,4.000919666666666,166.66666666666666,166.66666666666666,bus,863,875.0,4461769.5,5403730.0,1100,4446398.0,5380376.5,242,0,243,4459036.0,5402820.0,50,1,2,True,14580
1506524,345,4459814.5,5400476.0,206,4457483.840152279,5402550.740903019,HBO,1060,5.5955498046875,7.590751139322917,16.515547666666667,166.66666666666666,166.66666666666666,bus,516,588.0,4456162.5,5399506.5,869,4424393.5,5361928.0,319,0,164,4453254.0,5404918.5,85,2,2,True,14472
1506528,158,4452647.5,5402335.0,326,4458340.301963772,5399035.926525859,HBO,1064,10.2508017578125,13.0538818359375,57.56109666666667,166.66666666666666,166.66666666666666,autoDriver,695,987.0,4456603.5,5400533.5,3300,4466124.5,5334942.0,299,0,144,4457826.0,5405353.0,80,2,2,True,11316
1506537,174,4456637.5,5404433.0,176,4455961.01492967,5403848.936362628,HBO,1071,2.009337646484375,2.924352010091146,6.6180125,166.66666666666666,166.66666666666666,bicycle,906,926.0,4456389.0,5404151.5,1067,4424999.0,5345733.5,171,0,144,4457826.0,5405353.0,31,2,2,True,5460
1506541,169,4456433.0,5404405.5,169,4456447.459712402,5404471.096568455,HBO,1074,0.1850968780517578,0.339596398671468,166.66666666666666,166.66666666666666,166.66666666666666,walk,931,963.0,4454705.0,5403388.0,622,4413579.0,5348438.5,151,1,99,4451879.5,5402609.5,34,2,2,True,4044
1506542,169,4456433.0,5404405.5,169,4456399.3759978255,5404453.644897839,HBO,1074,0.1850968780517578,0.339596398671468,166.66666666666666,166.66666666666666,166.66666666666666,walk,1006,1138.0,4454705.0,5403388.0,622,4413579.0,5348438.5,151,1,99,4451879.5,5402609.5,34,2,2,True,4044
1506546,169,4456433.0,5404405.5,245,4459131.547832695,5402428.082124257,HBO,1076,5.07113232421875,6.808943176269531,26.709926666666668,166.66666666666666,166.66666666666666,walk,455,490.0,4459790.5,5404073.0,1648,4482616.5,5361592.5,235,1,316,4458697.0,5400887.0,1,1,2,False,0
1506550,331,4456182.5,5397267.5,320,4456987.913147279,5399627.247889393,HBO,1078,2.777834228515625,3.8470433553059897,17.540161666666666,166.66666666666666,166.66666666666666,bicycle,992,1004.0,4456984.5,5403899.5,2845,4460956.5,5332326.5,181,0,348,4463401.5,5402753.5,50,2,2,True,0
1506563,136,4455878.5,5407487.0,174,4456498.567820704,5404108.88222441,HBO,1091,7.70074267578125,10.75670369466146,11.435646666666663,166.66666666666666,166.66666666666666,autoDriver,869,955.0,4459256.5,5403541.5,1047,4417748.5,5348662.0,234,2,143,4457215.5,5405242.5,48,2,1,True,20304
1506572,208,4458431.5,5402585.5,174,4456830.100019532,5404129.360425826,HBO,1096,3.26978515625,4.231103006998698,17.800633333333334,166.66666666666666,166.66666666666666,autoDriver,713,906.0,4456233.5,5397338.0,2806,4464936.5,5335136.5,331,2,144,4457435.0,5405144.0,47,1,1,True,19212
1506581,243,4458861.5,5403299.0,174,4456606.285028871,5404360.62552422,HBO,1102,4.16334033203125,5.561651611328125,20.69316,166.66666666666666,166.66666666666666,autoDriver,1141,1289.0,4459098.5,5405721.0,4596,4477425.5,5304219.5,222,2,140,4456697.5,5405594.0,51,2,2,True,0
1506594,332,4456674.5,5397317.5,165,4454944.769106587,5404596.052401111,HBO,1111,11.44912109375,14.220337931315104,39.93810166666666,166.66666666666666,166.66666666666666,walk,1059,1073.0,4459332.0,5402605.5,70,4460254.0,5421707.0,243,0,339,4458895.0,5401307.5,25,1,3,True,2184
1506597,187,4457709.5,5404288.0,341,4459149.633466044,5400830.668171123,HBO,1116,5.0046201171875,6.8108978271484375,25.632393333333333,21.76996666666667,166.66666666666666,walk,1172,1189.0,4458341.5,5401434.5,2337,4493096.5,5349677.0,307,1,224,4459394.5,5404503.5,20,2,1,True,6360
1506600,338,4458162.0,5398272.5,403,4471173.3620947655,5393840.76908387,HBO,1119,15.8465693359375,13.891428629557293,48.710295,166.66666666666666,166.66666666666666,autoPassenger,715,895.0,4457647.0,5400604.0,2877,4463093.5,5333572.5,311,2,339,4458895.0,5401307.5,64,2,2,True,0
1506602,307,4458228.5,5401629.5,255,4464035.312330171,5402309.484127186,HBO,1120,9.666986328125,9.516550699869793,36.44792833333334,166.66666666666666,166.66666666666666,autoDriver,505,548.0,4459942.0,5404052.5,4232,4475395.5,5331121.0,235,0,144,4457852.5,5405105.0,25,2,3,True,6096
1506603,247,4459074.0,5401739.5,207,4457752.151475541,5402892.21022557,HBO,1122,2.38367431640625,3.6006792704264323,9.315639166666667,166.66666666666666,166.66666666666666,autoDriver,1062,1063.0,4461848.5,5403546.0,2959,4464405.0,5331536.0,242,1,346,4460896.0,5401096.0,54,2,2,True,6468
1506611,306,4458015.0,5400974.0,180,4456492.9994290415,5403998.231317647,HBO,1131,4.2251064453125,6.230769856770833,13.819519,166.66666666666666,166.66666666666666,bus,514,606.0,4458851.0,5404749.0,474,4414304.0,5377664.0,223,1,348,4463457.0,5403081.0,18,1,3,True,0
1506613,306,4458015.0,5400974.0,158,4452552.0475016,5402451.0587973,HBO,1132,8.07540283203125,10.241224161783856,40.3646,166.66666666666666,166.66666666666666,walk,537,666.0,4458542.0,5404227.0,81,4477010.0,5425824.0,191,0,141,4457008.5,5405651.0,13,2,3,False,0
1506617,148,4454194.0,5404034.0,194,4457335.394633001,5403614.043240098,HBO,1134,4.65681005859375,6.430853780110677,14.575542166666663,166.66666666666666,166.66666666666666,autoDriver,592,680.0,4456199.5,5404405.5,2271,4531149.0,5374330.0,168,2,253,4461512.0,5401904.5,66,2,2,True,12444
1506618,148,4454194.0,5404034.0,142,4456738.297796911,5405149.758955983,HBO,1134,3.409697021484375,4.427860514322917,21.08582833333333,166.66666666666666,166.66666666666666,autoPassenger,941,1196.0,4456199.5,5404405.5,2271,4531149.0,5374330.0,168,2,253,4461512.0,5401904.5,66,2,2,True,12444
1506625,172,4456451.5,5404785.0,166,4456323.99608338,5404735.152603457,HBO,1140,0.6013397827148438,0.981694730122884,5.121706666666666,166.66666666666666,166.66666666666666,walk,750,1326.0,4458082.5,5400589.5,1629,4481889.0,5363163.0,315,2,230,4460174.0,5404449.5,34,2,1,True,5892
1506627,194,4457499.5,5403550.0,115,4461674.997422021,5406760.009710869,HBO,1142,6.6559296875000005,8.22159423828125,39.791093333333336,166.66666666666666,166.66666666666666,autoDriver,544,677.0,4454759.0,5403825.0,1206,4483083.5,5368398.0,149,3,346,4460703.0,5401245.0,64,1,2,True,6120
1506630,98,4447984.0,5404584.0,326,4458976.6105663655,5398644.1380008655,HBO,1143,13.99512109375,17.2638671875,61.56109666666667,166.66666666666666,166.66666666666666,bus,588,997.0,4459046.0,5404273.5,644,4415549.0,5362510.0,225,0,308,4458636.5,5401516.0,81,2,2,True,14328
1506631,98,4447984.0,5404584.0,93,4450336.112816468,5407630.655103059,HBO,1143,5.8937451171875,5.693951924641927,213.0476,166.66666666666666,166.66666666666666,walk,618,643.0,4459046.0,5404273.5,644,4415549.0,5362510.0,225,0,308,4458636.5,5401516.0,81,2,2,True,14328
1506632,98,4447984.0,5404584.0,216,4459047.736748081,5405140.824273941,HBO,1143,10.919388671875,12.5927734375,37.79108833333333,166.66666666666666,166.66666666666666,walk,923,1006.0,4459046.0,5404273.5,644,4415549.0,5362510.0,225,0,308,4458636.5,5401516.0,81,2,2,True,14328
1506636,142,4456806.0,5405149.0,178,4455777.1189604895,5403484.486872287,HBO,1144,2.425277587890625,3.3268763224283853,15.700561666666664,166.66666666666666,166.66666666666666,walk,1091,1178.0,4459352.5,5400604.5,715,4417336.0,5361084.0,342,2,141,4457026.5,5405407.5,26,2,1,True,22188
1506638,186,4457456.5,5404118.0,98,4448512.539827781,5403775.66923711,HBO,1149,8.7540205078125,9.626868693033854,24.324031666666663,166.66666666666666,166.66666666666666,autoDriver,552,560.0,4456745.0,5403642.0,593,4410056.5,5357974.0,182,0,348,4463420.5,5402938.0,0,2,2,False,0
1506640,147,4454470.0,5404704.5,156,4452751.143260022,5402669.945588234,HBO,1150,4.11745849609375,5.120385233561198,2.692116833333333,166.66666666666666,166.66666666666666,autoDriver,942,1073.0,4456956.0,5400439.5,564,4400081.5,5350857.5,302,1,149,4454719.0,5404054.5,72,2,2,True,6276
1506641,147,4454470.0,5404704.5,222,4458856.465253272,5406100.506119054,HBO,1150,7.32181201171875,9.99012654622396,11.524675,166.66666666666666,166.66666666666666,autoDriver,1185,1278.0,4456956.0,5400439.5,564,4400081.5,5350857.5,302,1,149,4454719.0,5404054.5,72,2,2,True,6276
1506644,298,4456228.0,5400537.0,318,4458764.900008364,5400208.945708444,HBO,1154,3.13933837890625,4.37803955078125,10.558398333333336,166.66666666666666,166.66666666666666,bicycle,456,582.0,4456650.0,5399316.0,752,4415391.0,5359881.5,320,1,253,4461490.5,5401836.0,0,2,2,False,2412
1506645,298,4456228.0,5400537.0,230,4460165.5094288,5404207.901160465,HBO,1155,7.702359375,9.237509155273438,27.516851666666664,166.66666666666666,166.66666666666666,walk,587,705.0,4457595.5,5403121.0,447,4400905.5,5369856.0,204,1,228,4460075.0,5404522.5,0,2,2,False,3516
1506652,315,4458396.0,5400544.0,147,4454629.652052148,5404164.751560804,HBO,1159,6.807401855468751,9.873141479492189,31.36611,166.66666666666666,166.66666666666666,autoDriver,632,635.0,4456392.0,5403334.0,403,4471189.0,5393791.5,179,1,339,4458895.0,5401307.5,9,2,3,False,0
1506655,245,4459161.5,5402450.5,320,4456953.140335915,5399860.520195975,HBO,1161,4.6539619140625,6.471907552083334,23.807825,166.66666666666666,166.66666666666666,walk,973,1263.0,4460219.5,5404750.5,1129,4463393.0,5376621.5,228,2,253,4461512.0,5401904.5,81,1,2,False,12900
1506660,200,4455713.0,5403180.5,175,4457176.824294129,5404288.53266811,HBO,1163,2.31193994140625,3.176410929361979,8.864445,166.66666666666666,166.66666666666666,walk,1011,1066.0,4455741.0,5408038.0,1189,4470610.5,5374275.0,134,1,189,4458600.0,5404749.0,40,1,1,True,22680
1506662,245,4458970.5,5402386.0,217,4459604.391185219,5404947.909846112,HBO,1168,3.3277165527343757,4.299598185221354,27.22632833333333,166.66666666666666,166.66666666666666,autoDriver,1180,80.0,4459590.5,5403490.0,4712,4502590.0,5312304.0,234,1,247,4459121.5,5401852.5,25,2,1,True,22788
1506670,100,4451967.5,5402133.5,204,4457431.060675512,5403097.853242791,HBO,1171,6.1683125,7.744080607096354,28.192576666666664,166.66666666666666,166.66666666666666,walk,1130,1243.0,4456209.0,5404609.0,4741,4497110.0,5304062.5,166,1,253,4461512.0,5401904.5,30,2,1,True,3852
1506671,100,4451967.5,5402133.5,196,4458336.131141457,5403704.667225253,HBO,1171,7.1091103515625,9.19844970703125,30.53792333333333,166.66666666666666,166.66666666666666,autoDriver,1179,119.0,4456209.0,5404609.0,4741,4497110.0,5304062.5,166,1,253,4461512.0,5401904.5,30,2,1,True,3852
1506675,201,4456559.5,5402558.0,158,4453190.506702969,5402055.958226249,HBO,1176,5.2534296875,6.436622619628906,22.3646,166.66666666666666,166.66666666666666,autoDriver,1066,1248.0,4456508.5,5404947.0,4899,4522034.5,5308416.0,142,1,348,4463394.0,5402695.5,63,2,1,False,34200
1506677,176,4455851.5,5403819.5,146,4454308.166747997,5404425.422639869,HBO,1177,2.1359951171875,3.593458557128906,19.03759,166.66666666666666,166.66666666666666,walk,1165,59.0,4462370.5,5404062.5,4885,4510725.5,5293034.5,254,2,348,4463375.5,5403096.5,41,2,1,True,15492
1506678,176,4455851.5,5403819.5,112,4457695.838989827,5408861.077937749,HBO,1177,12.3281572265625,18.077569580078126,360.7320666666666,166.66666666666666,166.66666666666666,autoDriver,1025,1358.0,4462370.5,5404062.5,4885,4510725.5,5293034.5,254,2,348,4463375.5,5403096.5,41,2,1,True,15492
1506681,320,4457214.5,5399748.5,302,4456863.464932921,5400370.437515571,HBO,1182,0.8913014526367188,1.1662710825602214,15.429564333333332,166.66666666666666,166.66666666666666,walk,860,932.0,4459638.5,5400918.0,4887,4508908.0,5294820.5,339,2,188,4458151.0,5404785.5,47,2,1,True,10224
1506684,139,4458914.0,5406512.0,207,4457907.139077185,5402520.081903402,HBO,1188,5.74644775390625,7.834696960449219,22.031216666666666,21.611543333333334,166.66666666666666,walk,1031,1234.0,4458271.0,5398055.0,371,4460487.0,5391346.5,338,3,347,4461580.5,5401514.0,32,2,1,True,15876
1506686,139,4458914.0,5406512.0,232,4459550.963388415,5403891.573906343,HBO,1189,4.93417626953125,6.414036560058594,26.92748,26.691261666666666,166.66666666666666,autoDriver,1222,1237.0,4456051.5,5403838.5,222,4459199.5,5406133.5,177,2,348,4463327.0,5402795.5,6,2,2,False,0
1506694,138,4456753.0,5408076.0,248,4459569.61517008,5402037.756932763,HBO,1198,8.898125,12.43958231608073,58.51585333333333,59.033655,166.66666666666666,autoPassenger,1222,25.0,4460273.0,5404159.5,4342,4485940.0,5337445.0,230,2,348,4463375.5,5403096.5,36,2,1,True,7764
1506695,138,4456753.0,5408076.0,134,4456824.100228557,5408599.742546119,HBO,1198,0.8467905883789063,1.5101975758870445,24.851308333333336,166.66666666666666,166.66666666666666,walk,946,987.0,4460273.0,5404159.5,4342,4485940.0,5337445.0,230,2,348,4463375.5,5403096.5,36,2,1,True,7764
1506707,172,4456837.5,5404591.5,222,4459110.07095468,5405822.60047142,HBO,1208,4.95543115234375,6.537116495768229,4.747147666666667,166.66666666666666,166.66666666666666,walk,577,1202.0,4458856.5,5398015.5,2384,4412077.0,5336580.0,338,2,239,4461964.0,5405814.0,46,1,1,True,30456
1506720,315,4458103.5,5400602.0,368,4460844.989325513,5392480.707684267,HBO,1214,11.3914609375,12.141806030273438,14.747181666666668,166.66666666666666,166.66666666666666,autoPassenger,709,780.0,4456749.5,5404153.5,2462,4416453.0,5323966.0,174,2,140,4456607.0,5406151.0,71,1,2,True,10692
1506728,204,4457521.0,5402907.0,201,4456645.786855366,5403212.08330718,HBO,1218,1.4187581787109376,2.1141695658365887,23.09367,166.66666666666666,166.66666666666666,bicycle,570,700.0,4458592.5,5400946.5,4503,4456879.0,5308362.0,310,0,347,4461580.5,5401514.0,28,2,3,True,0
1506742,302,4457191.0,5400274.5,309,4458412.707957714,5400979.51279084,HBO,1230,1.821338134765625,2.5394851684570314,4.518470333333333,166.66666666666666,166.66666666666666,bus,866,893.0,4459601.5,5402887.0,1532,4464347.5,5338662.0,243,1,164,4452877.0,5404303.5,78,2,2,False,10776
1506743,302,4457191.0,5400274.5,338,4458641.1921351785,5398228.481532631,HBO,1230,3.641627197265625,4.912732442220052,15.936772666666666,166.66666666666666,166.66666666666666,bus,557,778.0,4459601.5,5402887.0,1532,4464347.5,5338662.0,243,1,164,4452877.0,5404303.5,78,2,2,False,10776
1506749,147,4454136.5,5404849.5,171,4456285.139492289,5404284.3260629,HBO,1234,2.352073974609375,3.664245096842448,18.86094,166.66666666666666,166.66666666666666,walk,916,990.0,4456569.5,5404620.0,2308,4492609.5,5350765.0,172,1,345,4459712.0,5400253.5,77,2,2,False,6888
1506751,301,4456457.5,5400282.5,124,4463026.874999368,5405897.895786404,HBO,1236,11.73975390625,14.325099690755208,52.272306666666665,166.66666666666666,166.66666666666666,autoDriver,922,1203.0,4455162.0,5403228.0,2142,4511573.5,5377850.5,161,1,348,4463375.5,5403096.5,49,2,1,False,4908
1506752,301,4456457.5,5400282.5,340,4460012.060990902,5401148.710272817,HBO,1236,4.70082275390625,7.350188191731771,19.367583333333336,166.66666666666666,166.66666666666666,autoDriver,514,605.0,4455162.0,5403228.0,2142,4511573.5,5377850.5,161,1,348,4463375.5,5403096.5,49,2,1,False,4908
1506758,173,4457125.0,5404653.0,173,4457176.2095554015,5404793.4828019785,HBO,1239,0.2823507385253906,0.4466355323791504,2.328231666666667,166.66666666666666,166.66666666666666,autoDriver,931,975.0,4453888.5,5397964.0,3177,4463715.0,5324828.5,327,1,347,4461335.0,5401081.0,70,1,2,True,17628
1506763,229,4459727.5,5404133.5,400,4468739.868615802,5399144.591459831,HBO,1244,15.8517783203125,10.417694091796877,205.1432166666667,166.66666666666666,166.66666666666666,bicycle,745,854.0,4457586.5,5401734.5,4225,4474629.0,5328839.0,209,1,144,4457660.5,5405507.5,44,1,2,True,14196
1506772,97,4447223.0,5403606.0,227,4460049.416408564,5404553.570696829,HBO,1249,14.999583984375,17.6431396484375,55.849050000000005,166.66666666666666,166.66666666666666,autoPassenger,537,679.0,4452203.0,5401699.5,2325,4509512.0,5356309.0,102,1,346,4461012.0,5401144.5,12,1,3,False,0
1506773,97,4447223.0,5403606.0,21,4435448.94791853,5404947.209085114,HBO,1249,12.02983203125,14.231906127929689,56.79544333333333,166.66666666666666,166.66666666666666,autoDriver,1300,1338.0,4452203.0,5401699.5,2325,4509512.0,5356309.0,102,1,346,4461012.0,5401144.5,12,1,3,False,0
1506775,97,4447223.0,5403606.0,95,4439693.073080599,5411649.844550906,HBO,1246,11.0329951171875,13.471566772460935,217.74986666666663,166.66666666666666,166.66666666666666,autoDriver,876,1030.0,4456919.5,5404530.0,403,4471101.0,5393784.0,173,0,178,4455843.5,5403552.5,41,1,1,True,51888
1506783,311,4457332.5,5400849.5,313,4457478.359895082,5400353.64517083,HBO,1254,0.6095719604492188,1.2191439310709635,0.6419416666666666,166.66666666666666,166.66666666666666,autoDriver,929,1088.0,4459347.0,5401715.5,4411,4470824.5,5323277.5,248,0,144,4457305.5,5404950.5,56,2,2,True,11028
1506787,314,4457979.5,5400487.0,306,4457781.611190144,5400933.0156354895,HBO,1256,1.463861328125,2.4214096069335938,2.515556333333333,166.66666666666666,166.66666666666666,bicycle,1130,1158.0,4459513.0,5403846.5,1697,4469146.0,5348083.5,232,1,189,4458701.0,5404845.5,43,2,2,True,29220
1506788,314,4457979.5,5400487.0,298,4455887.256550825,5400226.381776029,HBO,1256,2.1610358886718752,3.10248285929362,11.410545,166.66666666666666,166.66666666666666,bicycle,557,568.0,4459513.0,5403846.5,1697,4469146.0,5348083.5,232,1,189,4458701.0,5404845.5,43,2,2,True,29220
1506789,314,4457979.5,5400487.0,223,4459059.846231811,5404819.89916797,HBO,1258,6.33923681640625,8.174674479166667,24.954231666666665,24.93896,166.66666666666666,bicycle,620,787.0,4454748.5,5403968.0,4390,4484339.0,5328893.5,149,0,144,4457517.0,5404901.0,13,1,3,False,0
1506814,191,4458815.0,5404372.0,300,4457193.179129404,5400712.529959026,HBO,1279,5.069306640625,7.264865112304688,22.6169,166.66666666666666,166.66666666666666,bicycle,562,1109.0,4458893.0,5401673.0,1047,4417878.0,5348755.0,339,2,155,4455416.0,5403622.5,52,1,1,True,10596
1506818,216,4459201.0,5405020.5,205,4457801.494591449,5403124.294212324,HBO,1284,3.69809375,5.520008341471354,22.019983333333336,166.66666666666666,166.66666666666666,walk,910,1091.0,4457352.5,5404232.0,4342,4485937.5,5337525.0,186,1,144,4457826.0,5405353.0,84,2,2,False,4260
1506826,176,4456024.0,5403938.5,312,4457736.341447794,5400625.767876448,HBO,1285,5.42696728515625,7.485337829589843,25.68259833333333,166.66666666666666,166.66666666666666,walk,1082,1099.0,4456579.5,5404191.5,714,4417893.0,5361399.0,174,1,143,4457154.5,5405163.5,48,2,1,True,16572
1506832,241,4461211.5,5403716.0,213,4458573.166127224,5401790.578139389,HBO,1287,3.618418212890625,5.052033996582031,30.78312333333333,166.66666666666666,166.66666666666666,walk,954,1058.0,4459010.0,5402383.5,56,4439038.5,5417039.5,245,1,230,4460174.0,5404449.5,20,1,1,True,10524
1506833,241,4461211.5,5403716.0,376,4469470.852844438,5407241.083196642,HBO,1287,10.734958984375,11.206447347005208,42.58735,166.66666666666666,166.66666666666666,autoDriver,523,637.0,4459010.0,5402383.5,56,4439038.5,5417039.5,245,1,230,4460174.0,5404449.5,20,1,1,True,10524
1506839,181,4457039.5,5403788.5,138,4457223.081156277,5407369.112951278,HBO,1292,7.7157470703125,10.80693359375,25.837283333333332,166.66666666666666,166.66666666666666,autoDriver,849,1023.0,4459249.0,5400389.5,183,4457069.5,5403528.5,343,1,347,4461580.5,5401514.0,54,1,1,True,38196
1506847,316,4458723.5,5400773.5,172,4456801.774824013,5404843.855320929,HBO,1304,5.4907294921875005,7.686678568522136,18.363401666666668,166.66666666666666,166.66666666666666,walk,526,731.0,4459279.5,5404244.0,904,4425169.0,5358506.5,226,0,318,4458684.0,5400122.5,32,2,2,True,4140
1506849,316,4458723.5,5400773.5,207,4457906.803736375,5402696.634613256,HBO,1305,3.008772216796875,4.524159749348958,9.679931666666668,166.66666666666666,166.66666666666666,walk,634,678.0,4456825.5,5407833.5,2548,4444899.0,5337574.5,138,1,145,4458064.0,5405052.5,2,2,2,False,1320
1506867,321,4456328.5,5399123.5,304,4457906.728298301,5401501.740108192,HBO,1320,3.960002197265625,5.412048848470052,15.435485,166.66666666666666,166.66666666666666,autoDriver,719,762.0,4458203.0,5401097.0,4748,4500041.0,5302967.0,309,1,253,4461512.0,5401904.5,62,1,2,True,17880
1506869,321,4456328.5,5399123.5,368,4460880.237935596,5392408.120512968,HBO,1321,13.1844013671875,14.158093261718747,32.74718166666666,166.66666666666666,166.66666666666666,autoDriver,482,597.0,4459177.0,5404975.5,3286,4465414.0,5334971.0,216,1,144,4457826.0,5405353.0,48,2,1,True,13368
1506870,321,4456328.5,5399123.5,225,4459209.055848935,5404468.176328834,HBO,1321,7.2196865234375,9.886644490559895,33.025885,166.66666666666666,166.66666666666666,walk,572,1116.0,4459177.0,5404975.5,3286,4465414.0,5334971.0,216,1,144,4457826.0,5405353.0,48,2,1,True,13368
1506874,316,4458667.5,5400799.0,307,4458253.151316692,5401442.047646409,HBO,1322,1.280207275390625,2.028920364379883,3.6494618333333335,166.66666666666666,166.66666666666666,walk,1006,1020.0,4458723.5,5400773.5,3752,4473085.5,5336664.0,316,2,229,4459663.5,5404151.5,48,1,2,True,12948
1506877,172,4456705.5,5404898.0,309,4458063.298829726,5401234.059475628,HBO,1328,5.22045556640625,7.389323425292969,17.352335,15.041878333333331,166.66666666666666,autoDriver,1196,222.0,4457655.5,5402782.5,3838,4472460.5,5332185.5,207,1,254,4462720.0,5403828.5,65,2,2,True,9312
1506885,191,4458682.0,5404332.0,358,4463642.539772178,5398102.330777555,HBO,1336,12.9079755859375,10.234527587890623,37.23658,166.66666666666666,166.66666666666666,autoPassenger,902,1207.0,4457158.5,5404191.5,4625,4487480.0,5293974.0,175,1,347,4461580.5,5401514.0,54,2,1,True,11280
1506886,191,4458682.0,5404332.0,181,4457153.604127681,5404083.684396889,HBO,1336,2.637386474609375,3.426349131266276,4.150222333333334,166.66666666666666,166.66666666666666,walk,1110,1122.0,4457158.5,5404191.5,4625,4487480.0,5293974.0,175,1,347,4461580.5,5401514.0,54,2,1,True,11280
1506888,149,4454553.5,5403998.0,243,4459127.439028947,5403048.369973755,HBO,1337,5.937978515625,8.476323954264323,166.66666666666666,166.66666666666666,166.66666666666666,autoDriver,974,1031.0,4459101.0,5405129.0,2192,4495022.5,5369391.0,216,0,253,4461551.0,5401820.5,83,1,2,True,19908
1506897,198,4458096.5,5403454.0,243,4459324.845746635,5402576.271543554,HBO,1341,2.254880126953125,3.1116513570149738,6.468424,166.66666666666666,166.66666666666666,walk,1111,1128.0,4462130.0,5404065.5,2404,4415879.0,5328448.0,254,0,348,4463420.5,5402938.0,31,2,1,True,25668
1506898,198,4458096.5,5403454.0,198,4458419.071237658,5403587.279010403,HBO,1341,0.2418218536376953,0.3527760505676269,166.66666666666666,166.66666666666666,166.66666666666666,walk,570,671.0,4462130.0,5404065.5,2404,4415879.0,5328448.0,254,0,348,4463420.5,5402938.0,31,2,1,True,25668
1506902,172,4456510.0,5404863.5,303,4457370.842718135,5401489.671743751,HBO,1344,5.0154814453125,7.246531677246094,26.96606,166.66666666666666,166.66666666666666,walk,507,787.0,4454010.5,5397859.5,3795,4479710.5,5336407.0,327,1,339,4458895.0,5401307.5,71,2,2,True,2220
1506903,172,4456510.0,5404863.5,172,4456451.438095633,5404580.238427445,HBO,1344,0.2188723602294922,0.388549009958903,3.663400833333333,166.66666666666666,166.66666666666666,walk,899,936.0,4454010.5,5397859.5,3795,4479710.5,5336407.0,327,1,339,4458895.0,5401307.5,71,2,2,True,2220
1506906,134,4456662.0,5408831.0,13,4442665.089909813,5407204.570100208,HBO,1348,16.3209345703125,19.76807861328125,190.75446666666667,119.11445,166.66666666666666,autoPassenger,1291,1362.0,4459398.0,5405118.0,524,4422056.0,5367442.0,217,0,165,4455504.5,5405034.5,57,2,2,True,1368
1506913,245,4458898.5,5402116.0,241,4460598.010616873,5403535.840324371,HBO,1357,3.407233154296875,4.430802917480468,17.538875,166.66666666666666,166.66666666666666,bus,586,929.0,4462407.0,5403814.0,4130,4471120.5,5324762.5,254,1,188,4458150.0,5404632.5,63,2,2,True,0
1506916,139,4459000.0,5406585.0,345,4460274.256291965,5400154.936848708,HBO,1360,9.664470703125,10.22586669921875,36.73197833333334,166.66666666666666,166.66666666666666,bus,1073,1272.0,4456052.5,5404133.5,1285,4443951.0,5338235.0,170,0,141,4457026.5,5405407.5,72,2,2,True,14472
1506917,139,4459000.0,5406585.0,149,4454494.526607794,5403707.41699848,HBO,1360,7.29900439453125,9.84802958170573,166.66666666666666,166.66666666666666,166.66666666666666,walk,722,778.0,4456052.5,5404133.5,1285,4443951.0,5338235.0,170,0,141,4457026.5,5405407.5,72,2,2,True,14472
1506920,225,4459246.5,5404372.5,1131,4463464.20645909,5376328.703739208,HBO,1361,36.7830078125,27.02398478190104,803.6782499999999,59.05828833333333,166.66666666666666,autoDriver,645,774.0,4456102.0,5404242.5,2465,4416902.5,5323627.5,170,1,229,4459663.5,5404151.5,48,1,1,True,21444
1506930,187,4457828.5,5404131.0,186,4457350.152021125,5404221.349581316,HBO,1373,0.5168864135742187,0.6964080174763997,0.8477212833333333,166.66666666666666,166.66666666666666,walk,933,961.0,4456201.5,5404107.0,4757,4501016.0,5302789.5,170,0,347,4461580.5,5401514.0,15,1,3,False,0
1506936,187,4457971.5,5404271.0,145,4458280.239764793,5405575.071553382,HBO,1377,1.2960504150390626,1.8268423716227211,25.31765333333333,166.66666666666666,166.66666666666666,walk,450,614.0,4462120.0,5403510.0,2169,4514093.5,5379030.5,254,1,141,4457026.5,5405407.5,45,2,1,True,43932
1506940,187,4457971.5,5404271.0,146,4454101.254671696,5404380.056889132,HBO,1380,3.9437646484375,5.443434651692709,24.550646666666665,166.66666666666666,166.66666666666666,walk,1127,1155.0,4457484.5,5404392.0,1735,4466958.0,5342684.5,186,0,347,4461580.5,5401514.0,17,2,3,False,0
1506943,187,4457971.5,5404271.0,156,4452711.126746187,5402690.477020501,HBO,1381,6.902193359375,8.394394938151041,14.925450666666668,166.66666666666666,166.66666666666666,autoPassenger,1055,1223.0,4457446.0,5399298.0,21,4439132.0,5400959.0,325,1,227,4459849.5,5404545.0,15,2,3,False,0
1506960,326,4459220.5,5398711.5,1138,4464112.401829412,5376273.686997592,HBO,1384,26.074630859375,21.45639444986979,452.62305,325.62305000000003,166.66666666666666,autoDriver,1084,1308.0,4459102.0,5406175.5,4204,4474322.5,5329312.0,222,1,253,4461512.0,5401904.5,78,2,2,False,1212
1506964,241,4460863.0,5403458.0,240,4462637.142299488,5404858.921089439,HBO,1385,2.44180126953125,3.4125714619954426,9.147145666666669,166.66666666666666,166.66666666666666,walk,1221,1270.0,4456700.0,5404825.0,1618,4480504.0,5361714.5,172,0,143,4457084.0,5405002.0,45,2,1,True,44268
1506967,241,4460863.0,5403458.0,1105,4459397.159283018,5383467.650286615,HBO,1387,28.502724609375,18.65121866861979,537.3331999999999,367.3332,166.66666666666666,autoPassenger,883,1100.0,4459131.0,5405227.0,2297,4492188.5,5350999.5,216,1,321,4455976.5,5398594.5,20,2,3,True,0
1506968,241,4460863.0,5403458.0,223,4458992.054613744,5404692.609857163,HBO,1387,2.957159912109375,3.680690256754557,13.428964166666669,166.66666666666666,166.66666666666666,autoDriver,568,611.0,4459131.0,5405227.0,2297,4492188.5,5350999.5,216,1,321,4455976.5,5398594.5,20,2,3,True,0
1506982,234,4459590.0,5403499.0,29,4442078.182635918,5397795.819767699,HBO,1391,24.768564453125,25.0310302734375,74.60226666666668,57.398445,166.66666666666666,autoDriver,815,1022.0,4452479.0,5401569.0,800,4418528.5,5359075.5,162,1,186,4457293.5,5404346.5,33,2,2,True,4884
1506983,234,4459590.0,5403499.0,197,4458722.549481152,5403889.350753505,HBO,1391,1.6015665283203124,2.084798304239909,12.439882333333331,166.66666666666666,166.66666666666666,bicycle,997,1156.0,4452479.0,5401569.0,800,4418528.5,5359075.5,162,1,186,4457293.5,5404346.5,33,2,2,True,4884
1506990,164,4452553.5,5403352.0,194,4457564.120707284,5403584.561601643,HBO,1400,4.7278989257812505,6.484762064615885,14.549507666666669,166.66666666666666,166.66666666666666,walk,1109,1415.0,4457485.5,5398198.0,1925,4468665.5,5337761.5,336,0,141,4457026.5,5405407.5,85,1,2,True,2220
1507000,209,4457766.5,5401708.5,241,4460644.0898339925,5403895.594001167,HBO,1407,3.9818046875,5.282612101236979,12.038876666666663,166.66666666666666,166.66666666666666,walk,902,1188.0,4457193.0,5408670.0,4538,4460778.0,5302189.0,134,1,338,4458941.0,5398484.5,93,1,2,True,18360
1507003,187,4457960.0,5404353.5,186,4457466.098694239,5404258.056169905,HBO,1417,0.5168864135742187,0.6964080174763997,0.8477212833333333,166.66666666666666,166.66666666666666,walk,674,859.0,4457792.0,5403153.5,4699,4513363.0,5320911.5,205,1,348,4463475.5,5402807.5,31,2,1,True,11976
1507015,321,4456431.0,5399114.5,322,4456596.43905533,5398570.621143169,HBO,1431,1.952721435546875,3.018873850504557,18.017153333333333,166.66666666666666,166.66666666666666,walk,525,714.0,4458560.0,5404556.5,4722,4517620.5,5324984.0,189,1,254,4462732.0,5403749.0,22,2,1,True,14472
1507021,180,4456711.5,5404046.0,101,4452157.204131354,5402110.599872732,HBO,1435,5.7256059570312505,6.91475575764974,26.24110333333333,166.66666666666666,166.66666666666666,autoPassenger,924,996.0,4457745.0,5400645.0,1127,4462678.5,5376612.5,312,1,348,4463401.5,5402753.5,38,2,1,True,6288
1507023,180,4456711.5,5404046.0,187,4457899.993203805,5404306.534214147,HBO,1437,1.447272216796875,2.2520065307617188,16.412075,166.66666666666666,166.66666666666666,autoPassenger,981,982.0,4459873.5,5400748.5,3013,4461250.5,5330005.0,345,0,348,4462630.0,5403017.5,7,1,3,False,0
1507029,171,4456389.0,5404151.5,212,4458213.631823462,5402099.480072653,HBO,1439,3.901651611328125,5.321719868977865,17.1464,166.66666666666666,166.66666666666666,autoPassenger,975,1316.0,4459067.5,5404819.5,165,4456026.0,5404718.5,223,1,185,4457681.0,5404681.5,52,2,1,True,19476
1507031,98,4450405.0,5404814.0,242,4461703.173124656,5403695.951332083,HBO,1441,13.791259765625,16.42976277669271,33.21685333333333,166.66666666666666,166.66666666666666,autoDriver,607,761.0,4458577.0,5401869.5,1883,4469003.5,5340101.0,213,1,233,4459043.0,5403419.0,53,2,2,True,5124
1507035,334,4456723.5,5397167.0,319,4455724.959510538,5399734.92168067,HBO,1444,5.109642578125,5.912560017903646,6.1968250000000005,166.66666666666666,166.66666666666666,bus,939,999.0,4446835.0,5403333.0,4027,4469022.0,5330715.0,97,1,165,4456279.5,5405325.0,47,1,1,True,18924
1507046,320,4457239.0,5399937.0,338,4458713.597026651,5398117.814730563,HBO,1447,2.912063720703125,3.9405476888020834,28.09555,166.66666666666666,166.66666666666666,walk,963,1052.0,4457227.0,5404246.0,1047,4418137.5,5348478.5,175,1,349,4458851.5,5399691.0,50,2,2,True,10128
1507066,207,4457906.0,5402863.0,223,4458892.492054684,5404534.576287008,HBO,1459,3.527218994140625,5.015169779459636,13.301223333333333,166.66666666666666,166.66666666666666,bicycle,926,952.0,4458723.0,5404236.5,1438,4461977.0,5341665.0,191,0,139,4457333.5,5405846.5,63,1,2,True,7476
1507067,207,4457906.0,5402863.0,122,4463560.511996578,5408744.071714425,HBO,1459,11.4671513671875,11.164324951171874,28.113535,166.66666666666666,166.66666666666666,bicycle,1048,1064.0,4458723.0,5404236.5,1438,4461977.0,5341665.0,191,0,139,4457333.5,5405846.5,63,1,2,True,7476
1507072,235,4459831.5,5403731.0,297,4457142.022762205,5401164.356475927,HBO,1461,5.2363652343750005,7.103214518229167,50.17423833333333,166.66666666666666,166.66666666666666,walk,676,1024.0,4458477.0,5401862.0,1429,4461679.0,5343191.5,213,1,165,4455828.0,5405076.0,71,1,2,True,18252
1507074,235,4459831.5,5403731.0,286,4447169.233204347,5396597.581522906,HBO,1462,20.598607421875,14.883103434244791,190.04771666666664,166.66666666666666,166.66666666666666,autoDriver,595,697.0,4458405.5,5400406.0,2025,4501857.5,5396250.5,317,0,347,4461580.5,5401514.0,69,2,2,True,18972
1507075,235,4459831.5,5403731.0,318,4458822.317995365,5400313.598442297,HBO,1462,5.227478515625,6.8865478515625,45.951795,166.66666666666666,166.66666666666666,autoDriver,1163,1307.0,4458405.5,5400406.0,2025,4501857.5,5396250.5,317,0,347,4461580.5,5401514.0,69,2,2,True,18972
1507079,340,4459739.0,5401530.0,358,4463274.102917264,5398372.945881824,HBO,1465,10.8616064453125,9.81072998046875,22.803246666666663,166.66666666666666,166.66666666666666,bus,1032,1173.0,4456655.5,5408228.0,55,4440777.5,5417293.0,134,1,346,4461234.5,5401229.0,33,1,1,True,22932
1507089,204,4457613.0,5402916.0,241,4461128.726378177,5403512.824658737,HBO,1475,4.8814248046875,6.58217061360677,11.538876666666663,166.66666666666666,166.66666666666666,walk,1155,1209.0,4456887.0,5400486.0,2915,4464719.5,5333214.0,302,1,233,4459043.0,5403419.0,88,2,2,True,15636
1507090,204,4457613.0,5402916.0,377,4466610.5195708005,5404131.525086053,HBO,1475,13.924703125,13.068529256184895,32.89823,166.66666666666666,166.66666666666666,bus,944,974.0,4456887.0,5400486.0,2915,4464719.5,5333214.0,302,1,233,4459043.0,5403419.0,88,2,2,True,15636
1507100,98,4449075.5,5404751.5,297,4456936.480470213,5401286.90085996,HBO,1477,12.259146484375,14.820603434244791,51.494641666666666,166.66666666666666,166.66666666666666,autoDriver,724,758.0,4454904.0,5403401.5,3336,4466862.5,5335147.0,154,1,144,4457589.0,5405675.0,46,2,2,True,0
1507102,171,4456389.0,5404151.5,142,4456843.901543158,5405082.776315541,HBO,1482,1.909385498046875,2.304921213785807,3.031624666666666,166.66666666666666,166.66666666666666,walk,972,1166.0,4458349.5,5400972.5,3492,4466429.0,5333210.0,309,1,164,4452877.0,5404303.5,67,2,2,False,12492
1507108,186,4457287.5,5404142.5,368,4461827.647422529,5391839.921600795,HBO,1485,17.731119140625,17.842252604166667,29.747181666666663,27.247181666666663,166.66666666666666,autoDriver,657,1039.0,4459454.0,5405141.0,3707,4470455.0,5332732.0,217,1,253,4461512.0,5401904.5,18,2,1,True,5820
1507115,330,4456528.0,5397880.5,321,4456011.921120609,5398793.312011423,HBO,1487,3.789431884765625,5.806360371907552,8.534283333333333,166.66666666666666,166.66666666666666,autoDriver,922,1027.0,4457512.0,5403027.0,4780,4508141.5,5303282.0,204,2,164,4452877.0,5404303.5,49,1,1,True,16884
1507116,330,4456528.0,5397880.5,36,4439787.70425609,5388488.52444901,HBO,1487,20.3735546875,25.30568644205729,166.66666666666666,166.66666666666666,166.66666666666666,autoDriver,572,781.0,4457512.0,5403027.0,4780,4508141.5,5303282.0,204,2,164,4452877.0,5404303.5,49,1,1,True,16884
1504827,184,4457526.5,5404554.0,149,4454708.254039769,5404020.766439794,HBR,1,3.874345947265625,5.4453282674153645,166.66666666666666,166.66666666666666,166.66666666666666,walk,1184,532.0,4457526.5,5404554.0,3629,4470428.0,5334433.0,184,0,253,4461490.5,5401836.0,66,2,2,False,10596
1504829,307,4458333.0,5401478.0,100,4451737.710458433,5402351.024254406,HBR,4,8.34703515625,10.91627197265625,30.451471666666663,166.66666666666666,166.66666666666666,autoPassenger,1131,1234.0,4459357.5,5404594.5,3490,4466840.5,5333328.5,224,1,208,4458584.5,5403139.0,35,1,1,True,24900
1504836,217,4459635.5,5404950.5,147,4454372.018160404,5404780.0555725815,HBR,14,6.14314892578125,8.31378631591797,24.126035,166.66666666666666,166.66666666666666,walk,683,882.0,4460105.5,5405390.5,288,4442373.5,5392314.5,219,1,211,4458822.5,5402493.5,5,2,2,False,0
1504838,174,4456712.5,5404189.0,345,4459762.093077689,5400466.869470305,HBR,16,8.770541015625,9.129862467447916,27.431978333333333,166.66666666666666,166.66666666666666,walk,1022,30.0,4459408.5,5402764.0,4864,4498126.5,5295289.0,243,1,248,4459572.5,5402042.5,35,2,2,True,0
1504840,174,4456712.5,5404189.0,154,4454913.146742774,5403420.78387072,HBR,17,2.4204265136718752,3.3522061665852863,7.0,166.66666666666666,166.66666666666666,autoDriver,998,1130.0,4460026.0,5403523.5,3195,4452662.0,5313519.5,237,2,165,4455504.5,5405034.5,9,1,3,False,0
1504842,174,4456712.5,5404189.0,149,4454667.601969426,5403918.811577185,HBR,19,2.348697509765625,3.1453282674153646,166.66666666666666,166.66666666666666,166.66666666666666,walk,1209,1361.0,4457923.0,5404332.5,1028,4432269.5,5356147.0,187,2,348,4462630.0,5403017.5,5,1,2,False,0
1504853,103,4452390.0,5402008.0,142,4456571.807291453,5405184.748062224,HBR,33,6.5920029296875,8.248995463053385,37.41419666666666,26.631625,166.66666666666666,bicycle,1040,1183.0,4454836.0,5403916.5,242,4461922.0,5403915.0,149,1,226,4459374.0,5404313.0,67,1,2,True,10164
1504860,97,4446857.5,5403459.0,533,4439207.771719201,5375548.7545700325,HBR,36,40.89831640625,37.795414225260416,415.8971666666667,120.48863333333334,166.66666666666666,autoDriver,1046,1145.0,4456444.5,5406434.5,449,4412426.5,5375911.5,140,1,140,4456697.5,5405594.0,29,1,1,True,64620
1504864,219,4460105.5,5405390.5,243,4459168.120381278,5402595.187119084,HBR,37,3.902203857421875,5.052306620279948,33.05402,166.66666666666666,166.66666666666666,walk,565,673.0,4459260.0,5403390.0,3695,4469422.5,5331735.5,234,0,331,4455966.5,5397096.0,45,1,1,True,18408
1504870,219,4460105.5,5405390.5,300,4456855.76603163,5400836.639973921,HBR,40,6.980751953125,9.550722249348958,45.535355,44.260555,166.66666666666666,walk,470,841.0,4458273.0,5400741.5,1603,4478947.5,5362345.0,315,3,325,4457716.0,5398636.0,14,2,3,False,0
1504875,172,4456611.0,5404762.5,172,4456694.655270932,5404599.803673237,HBR,46,0.2188723602294922,0.388549009958903,3.663400833333333,166.66666666666666,166.66666666666666,walk,769,824.0,4459726.0,5401441.5,3036,4463635.0,5330271.0,340,2,144,4457778.5,5405671.5,4,1,2,False,0
1504877,243,4459408.5,5402764.0,186,4457535.395931663,5404292.005483187,HBR,51,3.4636552734375,4.644984944661458,16.822969999999998,166.66666666666666,166.66666666666666,walk,511,804.0,4459605.0,5400943.0,4243,4475971.5,5330134.0,339,0,141,4457090.0,5405571.0,1,1,2,False,0
1504880,237,4460026.0,5403523.5,115,4459399.281928319,5408423.044401978,HBR,52,7.7697646484375005,7.522149149576823,46.34109333333333,166.66666666666666,166.66666666666666,walk,1023,1079.0,4461848.5,5404059.0,2321,4505746.5,5356947.5,242,0,212,4458214.0,5401865.0,36,1,2,True,0
1504886,218,4459890.5,5405645.5,206,4457527.290811333,5402825.129727881,HBR,54,4.4690009765625005,6.669374593098958,25.27779,166.66666666666666,166.66666666666666,walk,576,740.0,4455684.0,5398604.5,4423,4468756.5,5320209.0,321,1,346,4460945.0,5401039.0,60,1,2,True,18156
1504887,187,4457923.0,5404332.5,204,4457287.630469116,5403053.257697516,HBR,57,1.794360595703125,2.599625905354818,13.559890666666666,166.66666666666666,166.66666666666666,walk,1114,1145.0,4457416.0,5400239.0,75,4469214.0,5433158.5,313,2,346,4460703.0,5401245.0,32,2,2,True,7872
1504888,187,4457923.0,5404332.5,212,4458209.162172287,5401770.222262227,HBR,57,3.508849853515625,4.877736409505208,19.7964,166.66666666666666,166.66666666666666,autoDriver,874,1158.0,4457416.0,5400239.0,75,4469214.0,5433158.5,313,2,346,4460703.0,5401245.0,32,2,2,True,7872
1504892,317,4458120.5,5400341.0,326,4458137.260908668,5399105.956976759,HBR,59,2.1617763671875,3.493752288818359,19.561096666666668,166.66666666666666,166.66666666666666,walk,669,801.0,4458720.5,5402335.5,1160,4465198.5,5365406.0,211,0,310,4458811.0,5400991.0,41,2,1,True,4572
1504896,254,4462704.5,5403608.0,302,4457228.308941582,5400429.583441829,HBR,67,10.2693828125,12.2162841796875,49.53626666666666,166.66666666666666,166.66666666666666,bicycle,954,1160.0,4455034.5,5403942.0,1581,4474798.5,5353037.5,152,0,253,4461551.0,5401820.5,61,2,1,True,7764
1504899,101,4452093.5,5402188.0,106,4452929.312334174,5410137.43029867,HBR,71,15.723630859375,14.788463338216143,193.1380166666667,166.66666666666666,166.66666666666666,walk,1045,1103.0,4460098.0,5405778.0,2550,4449812.5,5337371.5,222,2,145,4458052.5,5405014.0,58,2,1,True,25008
1504906,205,4457932.5,5403233.5,209,4458037.530222829,5401756.979705548,HBR,74,1.4714847412109375,2.5414662679036457,5.221888666666667,166.66666666666666,166.66666666666666,bus,555,560.0,4454585.5,5403703.5,4549,4463687.0,5309696.0,149,0,176,4455843.5,5404093.5,34,1,1,False,16200
1504907,103,4452218.0,5401947.5,255,4464085.116447902,5404501.906402714,HBR,75,14.15069140625,15.714925130208334,91.78126666666668,53.114595,166.66666666666666,autoPassenger,852,881.0,4457320.0,5400942.5,4529,4460716.0,5305085.0,305,1,164,4452899.0,5404596.5,50,1,1,True,21552
1504911,340,4460030.0,5401073.5,241,4461002.466199447,5403422.296190417,HBR,77,4.8723837890625,6.712480163574218,22.105541666666667,166.66666666666666,166.66666666666666,walk,578,691.0,4456745.0,5403642.0,4521,4452632.0,5307404.5,182,1,141,4457026.5,5405407.5,77,1,2,True,33516
1504914,340,4460030.0,5401073.5,254,4462675.040165837,5403995.318425662,HBR,78,7.46629541015625,8.782492065429688,33.75924333333333,166.66666666666666,166.66666666666666,bicycle,492,508.0,4456256.0,5403410.5,2541,4442975.5,5337163.0,179,2,321,4455976.5,5398594.5,62,2,2,True,12780
1504916,340,4459732.0,5401117.0,317,4458129.229681274,5400429.265932921,HBR,79,3.640274169921875,5.698082987467448,2.0484248333333333,166.66666666666666,166.66666666666666,walk,1347,1360.0,4458244.5,5403480.0,1308,4452017.5,5343078.5,198,1,347,4461513.0,5401573.5,59,2,1,True,24288
1504917,340,4459732.0,5401117.0,357,4462922.020644651,5398356.403750662,HBR,79,6.05590576171875,9.15076192220052,33.876978333333334,166.66666666666666,166.66666666666666,walk,947,1057.0,4458244.5,5403480.0,1308,4452017.5,5343078.5,198,1,347,4461513.0,5401573.5,59,2,1,True,24288
1504924,333,4457683.5,5397566.5,365,4458056.355872028,5394922.689939106,HBR,80,4.283609375,6.038634745279948,54.63388666666666,58.86525,166.66666666666666,walk,1141,1156.0,4456650.0,5400725.5,2643,4452804.5,5333381.5,299,2,144,4457733.5,5405147.5,68,2,2,True,7632
1504926,205,4457902.0,5403050.0,222,4459748.937385292,5405701.059364121,HBR,82,4.54967431640625,6.586313374837239,11.538730833333332,166.66666666666666,166.66666666666666,bicycle,882,1398.0,4455929.0,5398306.5,2428,4435823.0,5337186.5,329,1,99,4451794.0,5402680.5,81,1,2,True,17832
1504933,177,4456108.0,5403734.0,235,4459891.631697615,5403741.830177208,HBR,88,5.4543154296875,7.646482849121093,17.677255,166.66666666666666,166.66666666666666,autoDriver,1123,1256.0,4457478.0,5403032.5,172,4456831.0,5404534.0,204,1,140,4456385.5,5405715.0,64,2,2,False,8196
1504936,98,4447776.0,5404714.0,360,4463299.962966379,5397754.440928117,HBR,90,20.9931015625,20.500895182291668,72.24946666666666,166.66666666666666,166.66666666666666,autoPassenger,1242,1264.0,4457861.0,5403452.0,102,4451806.0,5401767.0,195,1,164,4452877.0,5404303.5,20,1,1,True,14688
1504943,339,4459522.5,5401280.5,327,4452590.253831725,5398267.673216786,HBR,99,10.065677734375,11.645418294270833,54.75595,166.66666666666666,166.66666666666666,bicycle,838,1091.0,4457291.5,5404232.0,3251,4467882.5,5336434.0,186,1,321,4455976.5,5398594.5,76,2,2,False,5892
1504950,349,4458861.0,5399781.5,208,4458294.764794721,5403277.7022695625,HBR,105,4.79120849609375,6.566666666666666,19.39552,166.66666666666666,166.66666666666666,autoDriver,918,987.0,4459875.0,5400372.5,2564,4451086.0,5335179.0,345,1,348,4463475.5,5402807.5,40,1,1,True,26772
1504958,340,4459726.0,5401441.5,1131,4463388.748636196,5376359.574596694,HBR,113,35.204578125,27.16924845377604,671.6782499999999,54.99162166666667,166.66666666666666,autoDriver,493,539.0,4458805.0,5403732.0,1426,4461253.0,5343405.0,197,1,179,4456313.5,5403634.5,28,2,3,True,0
1504963,339,4459605.0,5400943.0,217,4459292.335718216,5405039.892078408,HBR,122,4.21912060546875,5.493021647135417,26.31632,166.66666666666666,166.66666666666666,autoPassenger,1208,1414.0,4458409.5,5400351.0,1901,4471622.5,5340833.5,317,1,308,4458636.5,5401516.0,51,1,2,True,8712
1504970,336,4457812.5,5397977.5,353,4461977.64821886,5397825.69881746,HBR,129,5.588419921875,6.073862202962239,9.402025,166.66666666666666,166.66666666666666,walk,425,1036.0,4454828.5,5403977.0,3069,4462414.5,5328884.5,149,0,143,4457171.5,5405001.5,46,2,1,True,1464
1504976,254,4462389.5,5403919.5,207,4458005.817213465,5402553.706701865,HBR,134,6.711943359375,9.453269449869792,28.222698333333334,166.66666666666666,166.66666666666666,walk,603,781.0,4456201.5,5404107.0,2933,4463454.0,5332339.0,170,1,165,4455642.0,5404741.5,68,1,2,True,13116
1504977,254,4462389.5,5403919.5,240,4462701.537135406,5404109.99771459,HBR,134,1.3723966064453126,2.4214322408040365,28.39714833333333,166.66666666666666,166.66666666666666,walk,1164,1382.0,4456201.5,5404107.0,2933,4463454.0,5332339.0,170,1,165,4455642.0,5404741.5,68,1,2,True,13116
1504982,340,4459734.0,5401593.5,72,4461407.12906023,5414262.966542763,HBR,138,18.565142578125,18.30023193359375,46.571155,166.66666666666666,166.66666666666666,autoPassenger,1321,1323.0,4458814.5,5405537.0,4232,4475395.5,5331121.0,145,1,141,4457026.5,5405407.5,12,1,3,False,0
1504991,235,4460008.0,5403706.5,147,4454640.911904706,5404617.524251116,HBR,142,6.61213525390625,9.210682169596351,22.93969333333333,166.66666666666666,166.66666666666666,walk,1057,1202.0,4459332.0,5401976.5,2151,4512512.5,5378271.0,248,0,143,4457215.5,5405242.5,0,2,2,False,0
1504996,168,4456058.0,5404455.0,175,4457209.094107015,5404483.557626171,HBR,145,1.155045654296875,1.8703309377034505,6.204997333333334,166.66666666666666,166.66666666666666,walk,1103,1178.0,4452633.0,5402548.5,3560,4467398.5,5332289.0,156,0,145,4458064.0,5405052.5,25,2,1,True,14112
1504997,222,4459269.0,5406484.0,144,4457835.2537489645,5404964.822007275,HBR,146,4.1563525390625005,5.273148600260416,3.873840833333333,166.66666666666666,166.66666666666666,bicycle,433,780.0,4458919.0,5398386.0,4251,4477364.0,5330530.0,338,1,346,4460757.0,5401208.5,28,1,1,True,19560
1505011,305,4457320.0,5400942.5,174,4456498.158923728,5404234.482287337,HBR,166,4.9313427734375,7.202605692545573,20.075045,166.66666666666666,166.66666666666666,bicycle,1078,1083.0,4455098.5,5403689.0,2424,4428224.5,5331412.0,154,2,145,4458064.0,5405052.5,37,1,1,True,56232
1505012,305,4457320.0,5400942.5,216,4459203.638451564,5405201.571853901,HBR,167,5.5388681640625,8.050736999511718,25.43254166666667,166.66666666666666,166.66666666666666,walk,983,1233.0,4454009.5,5404886.5,2387,4411488.5,5326903.0,164,2,144,4457826.0,5405353.0,35,2,2,True,0
1505015,305,4457320.0,5400942.5,342,4459586.495817974,5400865.955219275,HBR,168,3.3242861328125,5.000396728515625,10.685595666666668,166.66666666666666,166.66666666666666,bicycle,901,1030.0,4458565.0,5404540.5,2444,4415244.5,5324626.0,189,1,145,4458057.5,5405151.0,3,1,2,False,0
1505016,305,4457320.0,5400942.5,25,4438890.261476394,5399937.311284389,HBR,169,22.934900390625,23.02669270833333,62.54797333333333,35.16876166666667,166.66666666666666,autoDriver,1021,1039.0,4457952.5,5402710.5,2457,4416455.5,5324159.5,207,1,346,4460540.0,5401017.5,1,1,2,False,0
1505026,299,4456650.0,5400725.5,173,4457101.136039267,5404866.30442979,HBR,183,6.2911376953125,8.441600036621093,27.064266666666665,166.66666666666666,166.66666666666666,autoDriver,1137,1237.0,4451752.0,5401915.0,2278,4494806.5,5360962.5,102,1,145,4458064.0,5405052.5,19,1,3,True,0
1505027,299,4456650.0,5400725.5,211,4458800.759214039,5402168.491678856,HBR,184,3.193529052734375,4.449862670898438,6.7979095,166.66666666666666,166.66666666666666,autoPassenger,767,889.0,4453951.0,5404446.5,2344,4491472.5,5342216.0,164,2,144,4457589.0,5405675.0,17,2,3,False,0
1505033,298,4456258.5,5400147.0,208,4458301.661230356,5403150.803815964,HBR,189,4.38783935546875,6.34427744547526,17.83988833333333,166.66666666666666,166.66666666666666,walk,857,916.0,4458937.5,5402442.5,2200,4497943.5,5365115.0,245,1,348,4463375.5,5403096.5,26,2,3,False,13824
1505040,204,4457478.0,5403032.5,312,4457848.85995853,5400772.043980588,HBR,196,4.13311474609375,5.824048868815104,12.854290833333332,166.66666666666666,166.66666666666666,walk,1245,1251.0,4460763.5,5403526.0,258,4440283.5,5400348.0,241,1,346,4460745.5,5401000.0,40,1,1,True,12528
1505041,204,4457478.0,5403032.5,233,4458970.256646716,5403568.983525788,HBR,196,3.0473330078125,4.197733306884766,12.473690833333334,166.66666666666666,166.66666666666666,walk,910,1058.0,4460763.5,5403526.0,258,4440283.5,5400348.0,241,1,346,4460745.5,5401000.0,40,1,1,True,12528
1505047,180,4456788.5,5403875.5,180,4456516.620205881,5404019.413702115,HBR,202,0.3258853759765625,0.5724291483561198,0.6871630999999999,166.66666666666666,166.66666666666666,autoPassenger,670,752.0,4456792.5,5404924.0,1100,4446147.0,5380147.5,142,1,144,4457826.0,5405353.0,41,2,2,True,0
1505048,180,4456788.5,5403875.5,176,4455905.744596602,5403889.567898327,HBR,204,2.151693603515625,3.5259371439615883,6.6180125,166.66666666666666,166.66666666666666,autoDriver,1112,159.0,4459438.5,5401999.5,286,4450431.5,5397523.0,248,0,144,4457660.5,5405507.5,13,2,3,False,0
1505049,180,4456788.5,5403875.5,227,4459924.161217353,5404881.69477133,HBR,205,3.81367333984375,5.231653849283855,29.38131333333333,166.66666666666666,166.66666666666666,walk,1040,1334.0,4459663.5,5405449.0,4415,4470426.5,5323437.5,218,1,145,4458064.0,5405052.5,11,2,3,False,0
1505053,214,4459045.5,5405656.5,180,4456846.518074911,5404096.479789442,HBR,209,3.463625244140625,4.744196065266927,18.931083333333333,166.66666666666666,166.66666666666666,autoDriver,1227,1390.0,4458548.5,5400633.0,403,4471189.0,5393791.5,316,0,165,4455784.0,5405485.0,47,2,1,True,45996
1505060,236,4460195.5,5403740.0,349,4459383.987976384,5399447.149837819,HBR,220,6.23586767578125,5.902818806966145,34.16436,166.66666666666666,166.66666666666666,walk,921,1040.0,4454722.0,5404204.5,378,4472371.0,5403337.5,147,1,144,4457826.0,5405353.0,60,1,2,True,19932
1505063,297,4457115.5,5400985.5,325,4457705.706005816,5399274.515485263,HBR,223,3.518147216796875,5.113994344075521,18.72826333333333,166.66666666666666,166.66666666666666,bus,568,737.0,4458532.0,5403882.5,4725,4522890.5,5316829.0,197,1,144,4457333.5,5405161.0,69,2,2,False,15816
1505064,297,4457115.5,5400985.5,356,4462814.519690922,5398171.327747651,HBR,223,11.6779072265625,11.58886210123698,37.90342666666666,166.66666666666666,166.66666666666666,bus,621,919.0,4458532.0,5403882.5,4725,4522890.5,5316829.0,197,1,144,4457333.5,5405161.0,69,2,2,False,15816
1505067,145,4458306.0,5405016.0,166,4456432.636313038,5404805.98095908,HBR,224,2.9995078125,4.3325551350911455,7.42655,166.66666666666666,166.66666666666666,walk,1029,1054.0,4452683.5,5403793.0,1178,4484996.5,5387791.0,164,0,346,4460757.0,5401208.5,37,1,2,False,15516
1505071,301,4456764.5,5400297.5,336,4457816.774959466,5398330.496656473,HBR,228,3.271981689453125,4.679705810546875,33.291401666666665,166.66666666666666,166.66666666666666,bicycle,873,965.0,4458658.5,5402983.0,4579,4453281.5,5290120.0,208,1,321,4455976.5,5398594.5,27,1,3,True,13776
1505076,216,4459241.0,5404975.0,223,4458878.111665879,5404603.450445677,HBR,233,0.6786956176757812,1.1825709025065103,3.831291,166.66666666666666,166.66666666666666,walk,586,1237.0,4458732.0,5404728.0,4667,4511821.0,5331878.5,189,1,140,4457157.0,5405807.5,19,2,3,True,12144
1505077,216,4459241.0,5404975.0,222,4459262.132117568,5406358.220344064,HBR,234,1.5631068115234374,2.50072021484375,1.0246758333333332,166.66666666666666,166.66666666666666,walk,668,1100.0,4457971.5,5404271.0,2273,4530138.5,5365485.0,187,0,165,4455504.5,5405034.5,17,2,2,False,3492
1505081,98,4450434.5,5404928.5,204,4457631.217832327,5403236.461844685,HBR,240,9.0947314453125,10.57271016438802,28.192576666666664,166.66666666666666,166.66666666666666,walk,599,688.0,4460144.5,5404902.5,4755,4501122.5,5303113.0,221,1,347,4461782.0,5400963.5,26,1,2,True,10512
1505085,223,4459227.0,5404574.5,351,4459876.439386776,5397187.275747902,HBR,242,11.9874482421875,9.16944376627604,40.48379666666666,166.66666666666666,166.66666666666666,bus,1307,256.0,4458903.0,5398349.0,4936,4528091.5,5297322.5,338,1,144,4457333.5,5405161.0,80,2,2,False,4092
1505087,254,4462276.0,5403824.5,244,4460149.163289881,5403134.683729712,HBR,244,5.79979931640625,8.167484029134114,37.722928333333336,166.66666666666666,166.66666666666666,bicycle,687,705.0,4457728.5,5401674.0,4892,4507592.5,5288375.0,304,2,140,4456689.0,5406381.0,34,1,1,True,29952
1505099,324,4458769.0,5399869.5,191,4458484.944152665,5404431.815047796,HBR,256,5.42636279296875,7.560534159342448,28.02805833333333,166.66666666666666,166.66666666666666,walk,1261,1276.0,4460845.5,5399898.0,4806,4503959.5,5300847.0,350,2,144,4457826.0,5405353.0,1,1,2,False,0
1505100,324,4458769.0,5399869.5,1162,4465508.790111594,5385334.539158899,HBR,255,20.019208984375,18.82904866536458,207.35595,63.429361666666665,166.66666666666666,autoDriver,829,965.0,4456509.0,5408264.0,4729,4497653.5,5312090.5,134,0,347,4461782.0,5400963.5,2,2,2,False,0
1505103,245,4459099.0,5402442.0,313,4457279.873526472,5400174.602694784,HBR,260,3.634129150390625,5.594159444173177,14.375274999999998,166.66666666666666,166.66666666666666,walk,639,659.0,4457639.0,5404216.5,4772,4515071.5,5306151.5,186,1,99,4451879.5,5402609.5,61,2,2,True,15804
1505105,202,4456110.5,5401777.5,138,4456520.212399921,5407816.684294314,HBR,262,9.81437109375,13.744607543945312,103.04819333333332,166.66666666666666,166.66666666666666,bus,493,501.0,4456110.0,5403864.5,4913,4525303.5,5304413.5,177,1,243,4459036.0,5402820.0,82,2,2,True,2016
1505107,173,4457123.5,5404800.0,198,4458191.317059452,5403532.388461576,HBR,263,2.556887451171875,3.3660672505696616,11.095121666666667,166.66666666666666,166.66666666666666,walk,1059,1386.0,4456836.5,5404951.5,4886,4512425.0,5295397.5,142,1,253,4461525.0,5401859.5,80,2,2,True,6180
1505110,315,4458247.0,5400811.5,127,4453842.635426917,5407984.273125241,HBR,265,10.764853515625,15.272847493489584,166.66666666666666,166.66666666666666,166.66666666666666,walk,1205,1207.0,4457892.0,5400538.0,2206,4511615.0,5374422.0,312,1,188,4458299.5,5404743.0,47,2,1,True,10668
1505111,315,4458247.0,5400811.5,123,4463681.750145504,5408968.83619431,HBR,265,14.76428515625,14.479149373372396,44.17881666666666,166.66666666666666,166.66666666666666,bicycle,975,1232.0,4457892.0,5400538.0,2206,4511615.0,5374422.0,312,1,188,4458299.5,5404743.0,47,2,1,True,10668
1505117,317,4458409.5,5400351.0,1110,4461543.002124861,5385707.779913161,HBR,274,17.21659375,15.212245686848958,182.41066666666663,166.66666666666666,166.66666666666666,autoDriver,1102,1169.0,4456536.0,5397172.0,3341,4467607.0,5335274.0,334,1,347,4461374.5,5401232.5,18,2,3,True,0
1505118,317,4458409.5,5400351.0,331,4455652.522574828,5397302.75055272,HBR,275,4.5687724609375,6.38230234781901,16.908643333333334,166.66666666666666,166.66666666666666,walk,547,685.0,4455866.0,5403928.0,2806,4464936.5,5335136.5,176,0,321,4455976.5,5398594.5,16,1,3,False,0
1505122,317,4458409.5,5400351.0,322,4456527.448435234,5398742.30188464,HBR,271,2.70990283203125,4.047292836507161,9.44217,166.66666666666666,166.66666666666666,autoDriver,933,1076.0,4458891.5,5406235.5,2265,4526561.5,5368284.5,222,2,189,4458484.0,5404643.5,50,1,1,True,32124
1505128,218,4459755.5,5405362.0,338,4458068.652426147,5398472.722739661,HBR,277,9.3792421875,10.052205403645834,34.06946,166.66666666666666,166.66666666666666,bus,1089,1381.0,4452463.5,5402589.5,127,4453537.5,5407664.0,156,1,325,4457716.0,5398636.0,56,2,2,True,5892
1505129,189,4458508.5,5404509.5,203,4457221.630850469,5402330.859870314,HBR,278,6.2469267578125,8.59641621907552,8.633407666666667,166.66666666666666,166.66666666666666,walk,489,498.0,4455833.5,5397355.0,13,4443624.5,5407173.5,331,2,348,4463475.5,5402807.5,34,2,1,True,49992
1505134,231,4459053.0,5403794.0,219,4460328.173364506,5405600.988637777,HBR,281,2.319695556640625,2.875689697265625,5.55633,166.66666666666666,166.66666666666666,walk,1098,1132.0,4458678.5,5402031.0,4619,4483013.0,5294513.0,213,1,253,4461551.0,5401820.5,49,1,1,True,26664
1505135,231,4459053.0,5403794.0,186,4457615.725712504,5404337.130923988,HBR,281,2.2506770019531253,2.9321617126464843,8.355178333333333,166.66666666666666,166.66666666666666,walk,709,806.0,4458678.5,5402031.0,4619,4483013.0,5294513.0,213,1,253,4461551.0,5401820.5,49,1,1,True,26664
1505138,248,4459409.5,5401827.0,134,4457112.881490786,5408229.188085137,HBR,285,9.53996875,12.810903930664065,34.091251666666665,166.66666666666666,166.66666666666666,bus,663,677.0,4451961.5,5402182.0,4360,4479600.5,5329916.5,100,1,144,4457475.0,5404948.0,16,2,3,False,0
1505139,149,4454828.5,5403977.0,213,4458523.9673367385,5401895.220764371,HBR,286,5.18435693359375,7.285980224609375,166.66666666666666,166.66666666666666,166.66666666666666,autoDriver,1021,1100.0,4454656.5,5403613.0,4472,4476640.0,5318951.5,151,1,346,4461012.0,5401144.5,73,1,2,True,23736
1505141,149,4454802.0,5404023.0,218,4460047.992043228,5405347.534074115,HBR,288,6.46986767578125,8.52466278076172,166.66666666666666,166.66666666666666,166.66666666666666,walk,811,1017.0,4452186.5,5401559.0,1712,4470938.5,5345586.5,102,0,144,4457305.5,5404950.5,83,2,2,False,14856
1505146,310,4458454.5,5401030.5,343,4459039.366519774,5400182.3250905,HBR,291,2.871623291015625,4.274730428059896,26.65383333333333,166.66666666666666,166.66666666666666,autoPassenger,777,852.0,4458753.0,5401882.5,4770,4517364.5,5310488.5,213,1,297,4457005.0,5401373.5,6,1,3,False,0
1505150,310,4458601.5,5401041.5,341,4459185.857940035,5400877.920821765,HBR,293,2.67549609375,3.882475280761719,19.57358333333333,166.66666666666666,166.66666666666666,bicycle,1048,1066.0,4458050.0,5404122.5,4861,4513787.0,5302108.0,190,1,347,4461514.0,5400975.0,26,2,1,True,18648
1505151,134,4456558.5,5408159.0,206,4457410.764694298,5402609.185303412,HBR,294,9.1223583984375,12.528455607096356,26.717313333333333,166.66666666666666,166.66666666666666,walk,1063,1065.0,4458432.5,5401243.5,4854,4511218.0,5302297.5,309,2,347,4461374.5,5401232.5,60,2,2,True,9756
1505161,152,4455195.0,5403974.0,181,4457231.583740039,5403703.2267022105,HBR,304,2.49030419921875,3.3942840576171878,166.66666666666666,166.66666666666666,166.66666666666666,walk,587,1061.0,4452190.5,5402224.0,3171,4448109.0,5314276.5,101,1,230,4460174.0,5404449.5,41,1,1,True,87636
1505167,156,4452633.0,5402548.5,205,4457689.415497088,5403081.554047639,HBR,311,6.94322998046875,8.857599894205729,27.895015,166.66666666666666,166.66666666666666,autoDriver,968,1088.0,4457070.5,5400624.5,3181,4464631.5,5323033.5,300,1,186,4457293.5,5404346.5,73,1,2,True,21912
1505172,222,4458859.5,5406217.5,186,4457314.683996449,5404307.919448772,HBR,316,3.804620849609375,4.842548116048177,6.315092,166.66666666666666,166.66666666666666,bus,925,994.0,4456901.0,5396962.5,4454,4470070.5,5320887.0,335,2,346,4461077.0,5400957.0,62,2,2,True,0
1505178,247,4459069.5,5402070.5,228,4460234.468040324,5404736.8738157,HBR,327,4.8151533203125005,5.057481892903645,25.754615,166.66666666666666,166.66666666666666,walk,924,931.0,4459664.0,5405366.5,1981,4473472.0,5339433.0,218,0,254,4462732.0,5403749.0,55,1,1,True,48168
1505183,247,4459069.5,5402070.5,340,4460253.5031567775,5401116.187475071,HBR,328,1.410191162109375,2.2452542622884115,3.4363046666666666,166.66666666666666,166.66666666666666,walk,1101,1157.0,4458939.5,5401256.5,4133,4471442.5,5326038.0,339,0,184,4457291.0,5404742.0,51,2,2,True,0
1505210,300,4456902.0,5400752.0,116,4461084.269570606,5408160.225179845,HBR,350,11.3785263671875,10.465412394205728,59.33237333333333,166.66666666666666,166.66666666666666,bicycle,1069,1152.0,4458871.5,5405269.5,1397,4454164.5,5340275.0,216,1,175,4457213.0,5404344.5,4,2,2,False,0
1505222,173,4457119.0,5404542.5,164,4453182.881369697,5403371.422124582,HBR,358,3.987447265625,5.652251688639323,6.982057166666666,166.66666666666666,166.66666666666666,walk,882,952.0,4457720.0,5403357.5,3372,4469319.0,5337597.0,195,2,144,4457558.0,5404947.0,33,2,2,True,4944
1505229,222,4459026.0,5406333.0,225,4458987.150341533,5404279.459791146,HBR,361,2.386953369140625,3.315502166748047,166.66666666666666,166.66666666666666,166.66666666666666,walk,1028,1056.0,4460412.0,5400045.5,107,4453490.0,5413936.5,350,1,227,4459854.0,5404577.5,69,1,2,True,17040
1505230,222,4459026.0,5406333.0,343,4458992.010080965,5400275.8841069965,HBR,361,6.33904296875,8.580507405598958,28.345731666666666,166.66666666666666,166.66666666666666,walk,1131,1298.0,4460412.0,5400045.5,107,4453490.0,5413936.5,350,1,227,4459854.0,5404577.5,69,1,2,True,17040
1505231,222,4459026.0,5406333.0,241,4460929.326449504,5403889.87433071,HBR,361,4.1824033203125,5.476693725585937,7.038875833333334,166.66666666666666,166.66666666666666,bus,609,647.0,4460412.0,5400045.5,107,4453490.0,5413936.5,350,1,227,4459854.0,5404577.5,69,1,2,True,17040
1505237,217,4459467.5,5404963.5,165,4455093.54318625,5404224.696717153,HBR,363,4.70708984375,5.7749888102213545,23.227183333333336,166.66666666666666,166.66666666666666,autoPassenger,1160,31.0,4447947.0,5404529.5,1379,4459450.0,5345815.0,98,0,140,4456939.0,5406040.0,24,2,1,True,11964
1505245,154,4455098.5,5403689.0,340,4460313.690835954,5401208.391830274,HBR,366,6.5331025390625,9.187926228841146,28.15157333333333,27.645576666666667,166.66666666666666,walk,1310,1386.0,4457826.0,5398173.0,2495,4439340.0,5315066.0,336,1,243,4459082.5,5402788.0,30,1,1,True,34224
1505247,154,4455098.5,5403689.0,236,4460322.252397554,5403976.039555172,HBR,367,6.25210888671875,8.423370361328125,29.23102833333333,166.66666666666666,166.66666666666666,autoDriver,572,658.0,4459766.0,5402610.5,2222,4519766.0,5378632.0,244,0,321,4455976.5,5398594.5,28,2,2,True,624
1505253,102,4451965.0,5401878.0,109,4455270.72022165,5410431.390487524,HBR,376,15.9347451171875,19.22720743815104,43.987433333333335,166.66666666666666,166.66666666666666,autoPassenger,438,465.0,4459754.5,5404804.5,4190,4473132.5,5327689.0,227,0,144,4457659.0,5405216.0,72,1,2,True,15636
1505254,102,4451965.0,5401878.0,331,4455859.573254359,5397404.39366144,HBR,376,17.0496328125,24.050630696614583,54.14951166666666,166.66666666666666,166.66666666666666,bicycle,566,612.0,4459754.5,5404804.5,4190,4473132.5,5327689.0,227,0,144,4457659.0,5405216.0,72,1,2,True,15636
1505257,241,4460927.0,5403618.5,133,4454484.369111851,5405247.663627426,HBR,379,8.543595703125,10.50903828938802,44.400675,166.66666666666666,166.66666666666666,autoPassenger,1153,1235.0,4455832.0,5403333.0,52,4440279.5,5417891.0,178,1,144,4457299.0,5405404.5,49,2,1,True,5880
1505289,245,4458937.5,5402442.5,205,4457772.542180735,5403079.622904061,HBR,414,2.40218994140625,3.658557637532552,10.529811666666664,166.66666666666666,166.66666666666666,walk,563,667.0,4459803.0,5403898.0,2587,4448554.5,5330024.0,235,1,176,4455843.5,5404093.5,18,1,1,True,5172
1505294,245,4459146.0,5402145.5,197,4458533.846071223,5403968.858360803,HBR,418,2.644688720703125,3.556829579671224,16.710896666666667,166.66666666666666,166.66666666666666,walk,857,1117.0,4457106.5,5404386.0,767,4416614.0,5358792.5,175,1,253,4461512.0,5401904.5,33,2,2,True,0
1505298,316,4458520.0,5400706.5,174,4456489.261691209,5404300.524347921,HBR,419,5.03960302734375,6.9087778727213545,20.981096666666662,166.66666666666666,166.66666666666666,autoPassenger,954,1071.0,4458325.5,5400215.5,840,4418362.5,5357332.5,317,1,145,4458064.0,5405052.5,66,2,2,False,13848
1505302,198,4458352.5,5403388.0,93,4450981.63444049,5407561.370866256,HBR,425,12.0655673828125,13.26303507486979,203.0476,166.66666666666666,166.66666666666666,autoPassenger,606,757.0,4456337.5,5397621.5,918,4424883.5,5356982.5,331,1,144,4457259.5,5405376.5,11,1,3,False,0
1505306,241,4460763.5,5403526.0,121,4461730.7192888325,5411202.222863268,HBR,432,7.77829541015625,10.214862060546874,28.183481666666665,166.66666666666666,166.66666666666666,walk,1116,1405.0,4458866.0,5405237.5,751,4414879.5,5359221.0,216,2,339,4458895.0,5401307.5,18,2,1,True,7452
1505323,142,4456792.5,5404924.0,354,4460513.432847774,5397911.359616551,HBR,442,14.6657822265625,12.726174926757812,44.14048666666667,166.66666666666666,166.66666666666666,autoPassenger,622,748.0,4460289.0,5400051.5,3660,4468634.0,5332770.0,350,1,205,4457840.0,5403349.0,84,2,2,True,2736
1505326,248,4459438.5,5401999.5,187,4458027.376515049,5404431.871131627,HBR,445,3.852375,5.371164449055989,34.30640833333334,166.66666666666666,166.66666666666666,autoDriver,1073,1081.0,4454826.5,5403354.5,2139,4510851.0,5378133.5,151,1,347,4461494.0,5401279.5,64,2,2,False,17184
1505330,218,4459663.5,5405449.0,375,4472250.708042868,5411226.099783884,HBR,448,15.1289326171875,16.97963155110677,48.87590333333333,166.66666666666666,166.66666666666666,bicycle,1080,1152.0,4452367.5,5402179.0,550,4435991.5,5367664.0,101,1,347,4461560.0,5400916.5,16,1,3,False,0
1505335,316,4458548.5,5400633.0,214,4459036.95006006,5405608.289129471,HBR,452,5.9816171875,7.904732767740885,27.26636166666667,166.66666666666666,166.66666666666666,autoPassenger,932,1018.0,4452280.5,5402342.5,1142,4444557.0,5369760.5,101,0,347,4461580.5,5401514.0,29,1,1,True,17940
1505347,142,4456759.0,5405023.0,197,4458653.325222022,5404008.306027879,HBR,468,3.685648681640625,4.835177103678386,10.863154166666668,166.66666666666666,166.66666666666666,autoPassenger,738,916.0,4459218.0,5404867.5,3522,4466744.0,5332279.0,223,0,348,4463429.5,5402987.5,19,1,2,True,0
1505351,142,4456759.0,5405023.0,169,4456355.49886639,5404410.12402089,HBR,469,0.8190962524414063,1.1470874786376952,7.869741333333334,166.66666666666666,166.66666666666666,walk,576,597.0,4450749.0,5404476.0,1140,4443350.5,5376516.5,98,1,167,4455879.0,5404410.0,17,1,1,False,5172
1505354,101,4452135.5,5402143.0,173,4457118.702683022,5404681.8297175085,HBR,472,6.83933447265625,8.443110148111979,19.456298333333333,166.66666666666666,166.66666666666666,autoDriver,515,556.0,4456405.0,5404276.0,137,4456360.5,5407332.0,171,1,144,4457826.0,5405353.0,18,2,3,True,0
1505357,147,4454722.0,5404204.5,189,4458690.877408512,5404879.336912442,HBR,476,5.2681254882812505,7.520466613769531,14.468514,166.66666666666666,166.66666666666666,autoPassenger,495,516.0,4458703.0,5401813.0,3258,4465466.5,5335822.5,213,1,143,4457171.5,5405001.5,3,2,2,False,1656
1505361,326,4458753.5,5399160.0,222,4459298.570058212,5405754.349122347,HBR,478,9.8478974609375,10.84208475748698,56.69433333333333,166.66666666666666,166.66666666666666,bicycle,1251,1273.0,4460037.0,5405477.5,3457,4471132.5,5334806.0,218,1,173,4457158.0,5404844.0,58,1,1,True,22176
1505366,223,4459069.0,5404769.5,138,4456775.069012719,5407701.317351334,HBR,480,5.9835634765625,8.361115519205729,26.648191666666666,166.66666666666666,166.66666666666666,autoDriver,1283,78.0,4455978.5,5400277.0,3131,4464275.0,5326562.0,298,0,164,4453228.0,5403351.5,51,2,2,False,0
1505369,223,4459069.0,5404769.5,214,4459119.202207832,5405665.534694997,HBR,482,1.585495361328125,1.9382176717122397,3.343262,166.66666666666666,166.66666666666666,autoDriver,764,971.0,4454235.0,5404718.5,2088,4508073.5,5379652.5,147,0,144,4457310.5,5405146.0,18,2,2,True,0
1505378,197,4458532.0,5403882.5,339,4459593.897237569,5401246.867612022,HBR,485,3.5360925292968752,4.750253295898437,21.104055,166.66666666666666,166.66666666666666,walk,471,516.0,4459287.0,5404612.0,3551,4466509.0,5331508.0,224,0,347,4461374.5,5401232.5,3,1,2,False,0
1505379,164,4452683.5,5403793.0,147,4454566.997456414,5404267.714777964,HBR,486,0.6559884643554688,1.0954737345377603,13.266486666666664,166.66666666666666,166.66666666666666,walk,577,665.0,4458590.0,5405178.0,3642,4470286.5,5333040.5,145,0,347,4461623.5,5401056.0,64,2,2,True,10956
1505380,164,4452683.5,5403793.0,151,4454580.950132162,5403456.114345373,HBR,486,1.36753857421875,2.137243143717448,3.4916895,166.66666666666666,166.66666666666666,walk,821,882.0,4458590.0,5405178.0,3642,4470286.5,5333040.5,145,0,347,4461623.5,5401056.0,64,2,2,True,10956
1505381,164,4452683.5,5403793.0,243,4459605.594060631,5402617.594899832,HBR,486,6.693715332031251,9.440512084960938,23.592738333333333,166.66666666666666,166.66666666666666,walk,961,184.0,4458590.0,5405178.0,3642,4470286.5,5333040.5,145,0,347,4461623.5,5401056.0,64,2,2,True,10956
1505386,194,4457601.0,5403486.0,145,4458667.378013387,5405505.289765088,HBR,487,2.38017333984375,3.5326276143391926,14.775589,166.66666666666666,166.66666666666666,walk,454,526.0,4457278.0,5404255.5,2944,4463376.0,5331480.5,186,1,173,4457074.0,5404868.5,36,1,1,False,30420
1505387,194,4457601.0,5403486.0,187,4457668.784051181,5404282.509617615,HBR,490,1.084122802734375,1.7057851155598958,14.205415,166.66666666666666,166.66666666666666,walk,1278,1332.0,4460191.0,5405685.0,4711,4503569.0,5322148.0,219,3,144,4457452.0,5405038.5,13,1,3,False,0
1505392,194,4457601.0,5403486.0,154,4454916.296486797,5403546.585829167,HBR,491,3.446359130859375,5.041230265299479,6.566666666666666,166.66666666666666,166.66666666666666,walk,1127,1163.0,4460041.5,5400947.0,2337,4493113.5,5349620.5,340,2,144,4457785.5,5405223.0,3,1,2,False,0
1505397,161,4455476.5,5403254.5,304,4457681.98552204,5401340.353219401,HBR,495,4.36396044921875,6.118451436360677,14.465791666666666,166.66666666666666,166.66666666666666,walk,884,985.0,4459086.0,5402287.0,3571,4468229.5,5332457.5,245,1,144,4457660.5,5405507.5,2,2,2,False,0
1505398,161,4455476.5,5403254.5,172,4456635.458220834,5404684.513172057,HBR,495,2.902343994140625,4.336006673177083,33.82143833333333,166.66666666666666,166.66666666666666,walk,992,1047.0,4459086.0,5402287.0,3571,4468229.5,5332457.5,245,1,144,4457660.5,5405507.5,2,2,2,False,0
1505402,350,4460324.5,5400087.5,186,4457529.050762143,5404219.616626846,HBR,496,8.950212890625,9.673988850911458,35.71362333333333,166.66666666666666,166.66666666666666,bicycle,699,853.0,4452517.0,5402256.5,1547,4464183.5,5338109.0,158,0,164,4452877.0,5404303.5,52,1,1,True,17580
1505403,208,4458658.5,5402983.0,213,4458794.673402354,5401883.708942382,HBR,498,1.833285888671875,2.646917215983073,28.791621666666668,166.66666666666666,166.66666666666666,walk,608,841.0,4455492.5,5403641.5,2247,4537355.0,5388171.0,155,0,197,4458724.0,5403978.5,61,2,2,True,6900
1505405,184,4457420.5,5404508.0,234,4459572.397836015,5403655.107560389,HBR,499,3.239484375,4.4555720011393225,9.096721666666667,166.66666666666666,166.66666666666666,walk,1185,1318.0,4457670.5,5402909.0,1690,4468968.5,5348940.5,205,0,348,4463475.5,5402807.5,69,1,2,True,13248
1505406,184,4457420.5,5404508.0,202,4455805.993959254,5401883.078246283,HBR,499,3.8778154296875,5.44811045328776,168.9433,166.66666666666666,166.66666666666666,autoPassenger,925,1113.0,4457670.5,5402909.0,1690,4468968.5,5348940.5,205,0,348,4463475.5,5402807.5,69,1,2,True,13248
1505410,184,4457420.5,5404508.0,228,4460148.98236851,5404696.029314669,HBR,500,3.298837158203125,4.844209798177083,12.915278333333331,166.66666666666666,166.66666666666666,walk,1178,1192.0,4457094.5,5405168.0,4732,4493973.5,5305152.0,143,1,224,4459407.0,5404502.0,63,2,2,True,14256
1505422,176,4455869.0,5404080.0,145,4458363.446090437,5405620.730543484,HBR,514,4.13575,5.759712727864583,14.768869,166.66666666666666,166.66666666666666,bicycle,604,614.0,4456182.5,5397267.5,573,4402642.0,5362718.5,331,1,253,4461512.0,5401904.5,33,2,1,True,5808
1505427,166,4456411.5,5404767.0,186,4457616.688936284,5404434.138227792,HBR,518,1.3208643798828126,1.6718470255533855,3.774798,166.66666666666666,166.66666666666666,walk,594,742.0,4457926.5,5400441.5,2379,4407870.0,5334988.5,314,1,144,4457496.5,5405144.0,26,1,3,False,0
1505431,326,4458973.5,5399227.0,366,4460754.589954077,5393009.309295343,HBR,519,7.21469677734375,7.747627766927083,100.221005,166.66666666666666,166.66666666666666,autoDriver,1134,1320.0,4461186.5,5403943.5,488,4415388.5,5372996.5,241,1,347,4461623.5,5401056.0,60,1,2,True,0
1505438,326,4458973.5,5399227.0,299,4456588.027674896,5400794.392658324,HBR,520,3.84291943359375,5.527584838867187,36.46830166666667,166.66666666666666,166.66666666666666,walk,1194,1345.0,4459136.5,5402318.5,470,4415298.5,5379521.5,245,0,144,4457305.5,5404950.5,56,2,1,True,19284
1505443,314,4457953.5,5400481.5,321,4456443.339056007,5399204.088755418,HBR,528,2.72051953125,3.776225026448568,8.959543333333333,166.66666666666666,166.66666666666666,walk,1056,47.0,4458872.0,5405215.0,3781,4473470.5,5335420.5,216,1,144,4457660.5,5405507.5,68,1,2,True,26988
1505444,314,4457953.5,5400481.5,338,4459011.7289942,5398368.145868825,HBR,529,3.468137939453125,4.558695475260417,3.754964166666667,166.66666666666666,166.66666666666666,walk,854,886.0,4456674.5,5397317.5,2639,4458422.0,5335014.5,332,1,253,4461512.0,5401904.5,67,2,2,False,5580
1505445,314,4457953.5,5400481.5,158,4452833.389606473,5401812.988124654,HBR,529,9.42150390625,11.55154317220052,43.064595,166.66666666666666,166.66666666666666,autoPassenger,1117,1213.0,4456674.5,5397317.5,2639,4458422.0,5335014.5,332,1,253,4461512.0,5401904.5,67,2,2,False,5580
1505448,304,4457728.5,5401674.0,336,4457632.738674308,5398161.6530445935,HBR,535,4.68495703125,6.781217956542968,27.608071666666667,166.66666666666666,166.66666666666666,bicycle,1390,1428.0,4459074.0,5401739.5,4793,4508580.5,5302537.5,247,1,297,4457005.0,5401373.5,9,1,3,False,0
1505449,222,4459060.0,5406443.0,304,4457652.502765601,5401325.772252629,HBR,536,5.850693359375,8.198205057779948,29.221531666666664,26.891025,166.66666666666666,autoDriver,730,806.0,4457911.5,5404206.0,4728,4524824.0,5312975.0,187,1,346,4461139.5,5401184.0,41,1,1,True,46332
1505451,222,4459060.0,5406443.0,122,4462953.572144713,5408546.145072144,HBR,538,5.173931640625,6.069855244954427,20.113535,166.66666666666666,166.66666666666666,walk,766,935.0,4457466.5,5403004.0,4539,4461208.0,5302189.0,204,1,347,4461474.0,5401633.0,1,1,2,False,0
1505452,164,4453833.0,5404874.0,307,4458079.720745219,5401406.462262235,HBR,540,6.2737763671875,9.077552286783854,20.2905,166.66666666666666,166.66666666666666,walk,709,1345.0,4458015.0,5400974.0,1243,4456500.0,5360638.0,306,0,145,4458064.0,5405052.5,28,2,1,True,4080
1505463,187,4457924.0,5404268.5,233,4458944.516208087,5403385.772325976,HBR,558,2.0057120361328127,2.7428863525390623,11.619346666666669,166.66666666666666,166.66666666666666,walk,643,664.0,4458970.5,5402386.0,644,4415549.0,5362510.0,245,1,320,4457136.0,5399829.0,5,2,2,False,0
1505464,350,4460845.5,5399898.0,368,4461454.772598108,5392748.935582457,HBR,560,11.909921875,12.519261678059896,9.747181666666668,166.66666666666666,166.66666666666666,autoDriver,864,1075.0,4451967.5,5402133.5,715,4417336.0,5361084.0,100,1,347,4461300.0,5401206.0,67,1,2,True,13620
1505466,350,4460845.5,5399898.0,345,4460439.726272845,5400781.714180847,HBR,561,1.0056672973632812,2.008726501464844,27.8,166.66666666666666,166.66666666666666,walk,1184,1243.0,4459457.0,5399934.0,807,4419102.5,5360060.5,349,1,189,4458600.0,5404749.0,56,2,2,True,7188
1505469,222,4459903.0,5405726.5,298,4456110.696115392,5400365.211737842,HBR,565,7.89297998046875,10.824031575520833,28.30127,23.848445,166.66666666666666,walk,903,910.0,4457214.5,5399748.5,701,4419707.0,5363181.5,320,2,143,4457215.5,5405242.5,61,2,1,True,8796
1505476,177,4456110.0,5403864.5,194,4457269.141786153,5403334.437948628,HBR,573,2.8976123046875,4.601239522298177,10.758416666666667,166.66666666666666,166.66666666666666,walk,515,602.0,4458375.5,5402028.5,980,4415647.5,5353415.0,212,1,253,4461525.0,5401859.5,8,2,3,False,0
1505481,312,4457892.0,5400538.0,309,4458174.123732753,5401069.308254587,HBR,583,0.6007694702148437,0.9723684946695964,5.808372,166.66666666666666,166.66666666666666,walk,569,601.0,4454783.5,5404591.0,4351,4488892.0,5335210.5,147,1,211,4458617.5,5402227.5,46,2,1,True,28896
1505484,315,4458220.5,5400694.0,201,4456650.795072955,5403272.956575416,HBR,585,3.478291015625,5.036526489257812,37.44162666666667,166.66666666666666,166.66666666666666,walk,981,1089.0,4457924.0,5404268.5,4650,4497397.5,5326905.5,187,0,144,4457660.5,5405507.5,61,2,1,True,15876
1505485,315,4458220.5,5400694.0,218,4459789.8493557945,5405438.874785999,HBR,585,6.1911376953125,8.403293355305989,30.928366666666665,166.66666666666666,166.66666666666666,walk,1143,1294.0,4457924.0,5404268.5,4650,4497397.5,5326905.5,187,0,144,4457660.5,5405507.5,61,2,1,True,15876
1505492,319,4456001.0,5399333.0,311,4457280.694707713,5400587.377863972,HBR,592,2.241539794921875,3.354408772786458,7.1761108333333326,166.66666666666666,166.66666666666666,walk,981,986.0,4454136.5,5404849.5,4381,4484046.5,5329762.0,147,0,253,4461512.0,5401904.5,0,1,2,False,0
1505497,319,4456001.0,5399333.0,319,4456422.175475722,5399319.8413121775,HBR,589,0.5992326049804687,0.9930720011393228,0.8634915,166.66666666666666,166.66666666666666,walk,1005,1068.0,4461784.5,5403698.5,4642,4491745.5,5326219.0,242,0,145,4458064.0,5405052.5,37,2,2,True,12900
1505502,154,4454914.5,5403619.5,93,4449607.3218404045,5407802.802973253,HBR,593,8.544333984375001,8.985618082682292,193.0476,166.66666666666666,166.66666666666666,autoPassenger,727,1039.0,4456457.5,5400282.5,2009,4485643.5,5339847.5,301,1,308,4458636.5,5401516.0,20,2,3,True,8124
1505515,156,4452463.5,5402589.5,158,4452595.842592614,5402050.841199636,HBR,606,1.2245750732421876,1.8926286061604816,16.052391666666665,166.66666666666666,166.66666666666666,walk,1112,1207.0,4457807.5,5404171.5,67,4454927.5,5423835.5,187,0,253,4461512.0,5401904.5,13,2,3,False,0
1505519,333,4455988.5,5396896.0,114,4459867.764508109,5408826.849237138,HBR,613,18.79975,13.525528971354166,53.190621666666665,166.66666666666666,166.66666666666666,autoPassenger,630,640.0,4456674.0,5404365.0,5,4434635.5,5418695.0,174,0,253,4461530.0,5401746.5,16,1,3,False,552
1505530,142,4456667.5,5404988.5,317,4458322.539384501,5400311.410534984,HBR,627,6.55301708984375,8.860223388671875,20.10001,20.17191,166.66666666666666,autoDriver,723,1054.0,4458723.5,5400773.5,4565,4452986.0,5291513.0,316,1,155,4455416.0,5403622.5,40,1,1,True,17040
1505531,142,4456667.5,5404988.5,166,4456174.609506439,5404642.630215864,HBR,628,0.3154906921386718,0.4099966367085774,5.827427666666667,166.66666666666666,166.66666666666666,walk,662,697.0,4458187.0,5402327.0,3472,4465349.0,5333486.0,210,0,348,4461329.0,5400357.0,46,2,1,True,30516
1505534,102,4452186.5,5401559.0,162,4453674.252207654,5399072.3221943,HBR,631,14.6624873046875,22.938446044921875,30.178446666666662,166.66666666666666,166.66666666666666,autoDriver,909,948.0,4452681.5,5402096.0,2959,4464405.0,5331536.0,158,2,99,4451834.0,5402627.5,66,1,2,True,14916
1505539,350,4460199.5,5399680.0,72,4464094.772075317,5417221.467103888,HBR,634,19.641662109375,18.972601318359374,209.57116666666667,166.66666666666666,166.66666666666666,autoPassenger,1094,1203.0,4456328.5,5399123.5,2817,4458867.5,5333895.0,321,1,145,4458215.0,5404919.0,27,2,1,True,14988
1505561,178,4455721.5,5403505.0,133,4455033.068262583,5405255.482018068,HBR,645,3.584284912109375,4.386447143554688,32.91874333333333,166.66666666666666,166.66666666666666,autoDriver,873,988.0,4458096.5,5403454.0,3308,4466495.5,5334540.5,198,2,346,4461071.0,5401134.5,18,1,3,True,0
1505562,222,4458866.0,5406082.0,113,4457352.58724893,5415343.321622029,HBR,646,7.833203125,8.472259521484375,17.538228333333333,166.66666666666666,166.66666666666666,bus,1084,1206.0,4459531.5,5405020.5,4174,4474339.5,5329872.0,217,2,229,4459663.5,5404151.5,79,2,2,False,14592
1505565,244,4459842.5,5402756.5,304,4458031.147056197,5401574.547526198,HBR,648,3.3504267578125,5.297916158040365,17.216355,166.66666666666666,166.66666666666666,walk,700,773.0,4459960.0,5405384.5,2737,4459987.5,5335147.5,218,0,188,4458105.5,5404598.0,49,1,1,True,22212
1505567,244,4459842.5,5402756.5,310,4458551.531414659,5401078.350324871,HBR,649,3.498022705078125,4.976723225911458,13.087830666666669,166.66666666666666,166.66666666666666,walk,1231,1294.0,4456662.0,5408831.0,1746,4466765.0,5342259.5,134,2,141,4457222.5,5405681.5,49,2,2,False,0
1505572,178,4455712.0,5403303.5,139,4458893.516046935,5406986.476983978,HBR,651,6.7181289062500005,9.252670288085938,25.89365666666667,166.66666666666666,166.66666666666666,autoPassenger,731,823.0,4461936.5,5404242.0,3538,4465852.5,5331340.5,240,1,229,4459663.5,5404151.5,44,2,1,True,27828
1505574,187,4457663.0,5404141.5,166,4456381.798732998,5404616.073280529,HBR,653,1.8377508544921877,2.368255106608073,8.910007666666667,166.66666666666666,166.66666666666666,walk,597,648.0,4456667.5,5404988.5,4009,4468400.5,5328943.5,142,0,348,4463457.0,5403081.0,51,1,1,True,25368
1505575,187,4457663.0,5404141.5,137,4456299.3306866605,5407580.215265905,HBR,653,6.167156250000001,8.5150390625,22.301521666666662,166.66666666666666,166.66666666666666,autoDriver,895,1092.0,4456667.5,5404988.5,4009,4468400.5,5328943.5,142,0,348,4463457.0,5403081.0,51,1,1,True,25368
1505580,187,4457663.0,5404141.5,217,4459584.58439069,5404979.893982064,HBR,654,2.2221452636718757,2.6959490458170574,15.3117595,166.66666666666666,166.66666666666666,walk,746,969.0,4456592.5,5397874.0,1883,4469003.5,5340101.0,330,0,346,4460703.0,5401245.0,44,2,1,True,16908
1505586,223,4459214.5,5404651.0,148,4454264.306662791,5404006.269228501,HBR,658,5.46766748046875,7.055609130859375,15.663916666666667,166.66666666666666,166.66666666666666,bicycle,1117,1179.0,4459000.0,5406585.0,2498,4438645.5,5307942.5,139,0,199,4458751.0,5403615.5,0,1,2,False,0
1505587,101,4452190.5,5402224.0,111,4453665.108859661,5408479.277469438,HBR,659,11.901443359375,9.43363749186198,59.77541833333333,166.66666666666666,166.66666666666666,bicycle,741,755.0,4459246.5,5404372.5,1285,4443827.0,5338298.5,225,2,346,4460598.5,5401235.0,23,1,2,True,0
1505589,335,4456960.0,5397093.5,176,4455888.919765015,5403820.184174504,HBR,661,10.6038984375,14.03018086751302,36.21667,166.66666666666666,166.66666666666666,walk,726,794.0,4457128.5,5404391.0,2069,4502023.5,5383807.5,175,1,249,4460050.0,5401865.5,63,2,2,True,6384
1505591,335,4456960.0,5397093.5,158,4453158.445421821,5402338.169668404,HBR,662,13.817638671875,17.035169474283855,53.53126666666667,166.66666666666666,166.66666666666666,bicycle,1209,1285.0,4457828.5,5404131.0,2096,4501898.0,5377909.5,187,2,348,4463547.0,5402729.5,45,1,2,True,7140
1505594,207,4457890.0,5402722.5,317,4458241.402375875,5400198.647931039,HBR,664,3.585515625,5.3104298909505205,8.111444666666667,166.66666666666666,166.66666666666666,walk,851,1076.0,4456390.0,5403845.5,2339,4492854.5,5345049.5,177,1,230,4460174.0,5404449.5,23,2,2,True,0
1505596,164,4453718.0,5404911.0,147,4454715.4647409385,5404257.845240712,HBR,666,0.6559884643554688,1.0954737345377603,13.266486666666664,166.66666666666666,166.66666666666666,walk,899,948.0,4456279.0,5403494.0,482,4432980.5,5383506.5,179,0,226,4459362.0,5404408.0,54,2,1,True,15696
1505597,164,4453718.0,5404911.0,207,4458003.006281028,5402524.856560062,HBR,666,4.8225458984375,6.872438049316406,18.10739,166.66666666666666,166.66666666666666,bicycle,1144,1158.0,4456279.0,5403494.0,482,4432980.5,5383506.5,179,0,226,4459362.0,5404408.0,54,2,1,True,15696
1505598,300,4457070.5,5400624.5,194,4457391.202955456,5403418.80772201,HBR,669,5.47970361328125,7.698600260416667,23.03796333333333,166.66666666666666,166.66666666666666,bicycle,805,913.0,4459590.0,5403499.0,1025,4429370.5,5361331.5,234,1,226,4459581.0,5404390.5,25,1,2,True,6588
1505608,335,4456901.0,5396962.5,344,4459640.732770205,5400135.1637567,HBR,679,5.377052734375,7.131573486328125,27.82708333333333,166.66666666666666,166.66666666666666,autoPassenger,964,1024.0,4457960.0,5404353.5,122,4463128.5,5408100.5,187,0,99,4451914.5,5402551.5,2,1,2,False,0
1505620,149,4454667.0,5403897.0,142,4456450.758987096,5405134.756290896,HBR,688,2.725049072265625,3.5175801595052083,166.66666666666666,166.66666666666666,166.66666666666666,bicycle,959,973.0,4456431.0,5399114.5,8,4442044.5,5429253.0,321,0,339,4458895.0,5401307.5,68,1,2,False,14088
1505628,339,4458939.5,5401256.5,349,4459576.095793306,5399963.122289367,HBR,702,2.0561533203125,3.4113314310709635,12.518532333333331,166.66666666666666,166.66666666666666,walk,661,696.0,4458287.0,5403406.5,4748,4498995.5,5301691.5,198,0,188,4458105.5,5404598.0,13,2,3,False,0
1505631,336,4457576.0,5398486.0,320,4456572.072510128,5399644.942336538,HBR,703,2.02813525390625,2.678954569498698,32.441158333333334,166.66666666666666,166.66666666666666,walk,642,684.0,4459831.5,5403731.0,3908,4476989.0,5332285.0,235,1,186,4457598.0,5404485.5,40,1,1,True,5040
1505632,336,4457576.0,5398486.0,178,4455733.005306873,5403689.492098599,HBR,703,8.516335937500001,11.38878173828125,36.67190833333333,166.66666666666666,166.66666666666666,walk,579,702.0,4459831.5,5403731.0,3908,4476989.0,5332285.0,235,1,186,4457598.0,5404485.5,40,1,1,True,5040
1505635,147,4454069.0,5404770.0,317,4458348.571448935,5400395.215401479,HBR,704,7.41349169921875,10.734397379557292,30.67811333333333,32.33279666666667,166.66666666666666,walk,1199,4.0,4458169.0,5399945.0,4946,4512878.0,5281073.0,324,0,165,4455828.0,5405076.0,76,2,2,True,17652
1505642,245,4459161.5,5402450.5,336,4457431.735121058,5397751.470009538,HBR,711,6.45686083984375,7.896312459309896,33.05807166666667,166.66666666666666,166.66666666666666,autoDriver,983,1364.0,4458854.0,5403622.0,2083,4515934.5,5385832.0,233,1,140,4456795.0,5405487.0,24,2,1,True,16080
1505647,175,4457230.0,5404222.0,212,4458207.939260582,5401752.370410733,HBR,713,3.59885986328125,4.673302714029948,18.3964,166.66666666666666,166.66666666666666,autoDriver,1324,8.0,4449075.5,5404751.5,1649,4482107.0,5361064.0,98,2,208,4458382.0,5403231.0,80,2,2,True,12960
1505648,345,4459663.0,5400593.5,322,4456485.3821454495,5399200.219606273,HBR,714,4.92215283203125,7.804190063476562,28.932706666666665,166.66666666666666,166.66666666666666,autoPassenger,1374,82.0,4459402.0,5404179.5,1199,4468026.0,5370647.5,226,1,346,4460787.0,5401139.5,23,2,3,True,6420
1505649,345,4459663.0,5400593.5,248,4459478.702079029,5402009.204921868,HBR,714,2.936831298828125,3.788195037841797,18.205281666666668,166.66666666666666,166.66666666666666,walk,936,1353.0,4459402.0,5404179.5,1199,4468026.0,5370647.5,226,1,346,4460787.0,5401139.5,23,2,3,True,6420
1505650,197,4458786.5,5403899.5,208,4458063.419245913,5402641.554962525,HBR,717,1.3816365966796875,1.7522198994954428,12.387252833333331,166.66666666666666,166.66666666666666,autoPassenger,910,941.0,4456528.0,5397880.5,1004,4418051.0,5351554.5,330,1,340,4460442.5,5400913.0,71,1,2,True,17604
1505659,156,4452495.5,5402827.0,350,4460862.916459792,5400073.856911165,HBR,726,11.300650390625,14.466682942708331,54.53329333333333,166.66666666666666,166.66666666666666,walk,646,800.0,4462148.5,5404146.5,4397,4487385.0,5328596.0,240,1,144,4457826.0,5405353.0,81,1,2,True,11724
1505661,174,4456479.0,5404189.0,166,4456291.131359394,5404557.224919208,HBR,727,0.6211790161132813,0.7551803588867188,4.659883333333333,166.66666666666666,166.66666666666666,walk,631,799.0,4459028.5,5404821.5,2214,4506355.0,5362761.5,223,1,321,4455976.5,5398594.5,76,1,2,True,8772
1505663,174,4456479.0,5404189.0,164,4453214.028937393,5404346.796221552,HBR,728,3.1044345703125003,4.109517669677734,12.123243333333331,166.66666666666666,166.66666666666666,autoDriver,841,913.0,4459081.0,5403494.5,1679,4467991.0,5349071.0,233,2,139,4457366.5,5405966.5,69,2,2,True,5508
1505669,322,4456980.0,5398954.5,318,4458625.092589663,5400476.408912571,HBR,735,3.09914013671875,4.492438761393229,15.226755833333334,166.66666666666666,166.66666666666666,autoDriver,1117,1340.0,4455866.0,5407153.5,4481,4484815.0,5318190.0,140,1,140,4456427.5,5406291.5,50,2,1,True,30960
1505675,222,4459096.0,5406234.0,138,4457142.424518873,5407980.996927312,HBR,743,4.6669379882812505,6.180966186523437,20.048191666666664,166.66666666666666,166.66666666666666,walk,696,848.0,4459840.5,5404121.0,4679,4489068.5,5320737.0,229,1,228,4460176.0,5404504.0,17,2,1,False,6996
1505677,321,4455990.0,5399170.5,317,4458343.774860877,5400279.776385229,HBR,745,3.43244677734375,4.858527628580729,8.048425833333333,166.66666666666666,166.66666666666666,walk,927,1028.0,4458831.0,5402337.0,3954,4466292.0,5330403.0,211,1,231,4458883.5,5403964.0,62,1,2,True,26136
1505682,182,4456584.5,5403394.5,115,4458808.571000124,5409003.233343575,HBR,751,7.4029741210937505,9.000536092122395,41.34109333333333,166.66666666666666,166.66666666666666,bus,325,560.0,4455177.0,5403316.5,58,4441947.5,5417686.0,154,1,211,4458841.0,5402416.5,12,2,3,False,0
1505683,323,4457472.5,5399300.0,353,4462024.162831832,5397903.625678643,HBR,753,6.338697265625,7.933466084798177,13.402025,166.66666666666666,166.66666666666666,autoPassenger,621,686.0,4458478.0,5404325.5,1679,4467982.0,5348969.5,191,1,228,4460075.0,5404522.5,54,1,1,True,41880
1505684,323,4457472.5,5399300.0,155,4455476.685278423,5403472.505881737,HBR,755,6.7350576171875005,9.356630452473958,36.123905,166.66666666666666,166.66666666666666,walk,1209,1333.0,4455774.0,5402293.5,1260,4466421.0,5352884.5,202,2,254,4462614.0,5403822.0,26,2,3,True,14712
1505685,323,4457472.5,5399300.0,367,4463406.262066177,5394248.545160698,HBR,755,8.602134765625,10.339070638020834,17.019143333333332,166.66666666666666,166.66666666666666,autoPassenger,1038,1115.0,4455774.0,5402293.5,1260,4466421.0,5352884.5,202,2,254,4462614.0,5403822.0,26,2,3,True,14712
1505686,201,4456631.5,5403026.0,112,4458748.925097761,5409083.146412406,HBR,760,18.162298828125,19.58503824869792,371.7320666666666,166.66666666666666,166.66666666666666,autoDriver,488,797.0,4459750.0,5405010.5,515,4416540.0,5364231.5,220,1,144,4457475.0,5404948.0,6,2,3,False,0
1505688,314,4457816.5,5400450.0,314,4458001.955731543,5400346.123924091,HBR,762,0.3574625244140625,0.5419307072957357,4.085129333333334,166.66666666666666,166.66666666666666,walk,1290,1394.0,4447246.0,5403602.0,559,4394863.5,5357034.0,97,1,339,4458895.0,5401307.5,75,2,2,False,21972
1505697,304,4457740.0,5401507.5,299,4456539.280920782,5400693.30795921,HBR,767,1.8901624755859376,2.568450927734375,0.3523231666666666,166.66666666666666,166.66666666666666,autoPassenger,871,950.0,4459241.5,5400577.5,3177,4463715.0,5324828.5,341,1,227,4459854.0,5404577.5,74,2,2,True,13464
1505699,98,4447947.0,5404529.5,293,4446652.369301965,5391669.057385858,HBR,768,18.4080078125,19.155792236328125,318.3131666666667,166.66666666666666,166.66666666666666,autoPassenger,1282,7.0,4458068.5,5400891.0,1379,4459586.0,5345827.0,315,2,346,4460703.0,5401245.0,70,1,2,True,12516
1505715,244,4459766.0,5402610.5,344,4459305.936464751,5400246.917361163,HBR,775,3.9683784179687502,5.750144958496094,7.460417166666666,166.66666666666666,166.66666666666666,bus,546,552.0,4458986.5,5402411.5,3788,4474285.5,5335179.5,245,0,347,4461300.0,5401206.0,66,2,2,True,22056
1505723,142,4456801.5,5404965.0,324,4458228.266478049,5399486.949908478,HBR,780,6.9877197265625,9.700445556640624,27.48032,166.66666666666666,166.66666666666666,walk,978,1164.0,4459893.5,5404229.0,1396,4454419.5,5339691.5,229,0,229,4459663.5,5404151.5,60,1,2,True,40020
1505727,142,4456801.5,5404965.0,214,4459229.729752312,5405435.221284875,HBR,781,4.032595703125,5.11809336344401,20.08175333333333,166.66666666666666,166.66666666666666,walk,1230,1387.0,4457640.5,5403031.5,4847,4508512.5,5299800.0,204,1,345,4459674.0,5400184.0,59,2,2,True,0
1505728,172,4456611.5,5404605.0,106,4452270.84459215,5409900.8870469015,HBR,786,12.0956435546875,16.691995239257814,202.1380166666667,166.66666666666666,166.66666666666666,autoDriver,1098,1118.0,4461377.0,5403809.0,784,4417414.0,5359791.5,242,2,144,4457660.5,5405507.5,62,2,2,True,0
1505729,172,4456611.5,5404605.0,307,4458428.768602704,5401489.401177283,HBR,786,4.69060595703125,7.004164123535156,15.923836666666666,166.66666666666666,166.66666666666666,walk,523,700.0,4461377.0,5403809.0,784,4417414.0,5359791.5,242,2,144,4457660.5,5405507.5,62,2,2,True,0
1505735,222,4459920.0,5405824.5,326,4458532.235257794,5399085.60707435,HBR,789,9.8478974609375,10.84208475748698,43.56109666666667,166.66666666666666,166.66666666666666,autoDriver,749,894.0,4452073.0,5401814.0,2518,4435940.0,5300005.0,103,2,140,4457191.0,5405931.5,75,2,2,False,9648
1505751,204,4457561.5,5403169.5,102,4448969.514689091,5402741.18553989,HBR,804,8.0896318359375,13.274958292643229,21.411043333333332,166.66666666666666,166.66666666666666,autoDriver,902,1187.0,4452513.0,5402644.5,901,4422249.0,5357790.0,156,1,164,4452877.0,5404303.5,37,1,1,True,26280
1505753,204,4457561.5,5403169.5,102,4448645.0967564285,5401885.116754956,HBR,805,8.0896318359375,13.274958292643229,21.411043333333332,166.66666666666666,166.66666666666666,autoDriver,888,898.0,4456269.5,5407697.5,2456,4416139.5,5324402.5,137,1,141,4457222.5,5405681.5,31,2,2,False,0
1505761,191,4458815.0,5404126.5,147,4454159.224441176,5404735.939547502,HBR,815,5.39894775390625,7.564463806152344,10.150746666666668,166.66666666666666,166.66666666666666,autoDriver,1084,1207.0,4457177.5,5405177.5,1579,4475640.5,5354145.5,143,1,141,4456886.0,5405575.0,68,2,2,True,18012
1505763,342,4459477.5,5400621.0,145,4458786.637621805,5405538.710200312,HBR,817,4.93552783203125,6.387676493326823,31.887361666666667,166.66666666666666,166.66666666666666,walk,817,1245.0,4459840.5,5404121.0,2980,4453613.5,5326815.0,229,1,298,4456375.5,5400148.5,69,2,2,False,22536
1505768,222,4458879.0,5405964.5,215,4459511.561935364,5405464.217711896,HBR,818,1.083672607421875,1.80174077351888,7.938766,166.66666666666666,166.66666666666666,walk,1209,1335.0,4458410.0,5401313.5,194,4457559.5,5403495.0,307,1,349,4459222.0,5399478.0,33,1,1,True,10068
1505771,222,4458879.0,5405964.5,134,4455933.914954181,5408947.150673016,HBR,820,5.30878173828125,6.552287801106771,19.09125166666667,166.66666666666666,166.66666666666666,autoDriver,862,1087.0,4458777.0,5404393.5,2686,4457827.5,5332076.5,191,0,139,4457333.5,5405846.5,11,2,3,False,0
1505774,338,4458182.0,5398132.5,302,4456953.6468810085,5400424.40521246,HBR,823,3.641627197265625,4.912732442220052,10.17497,166.66666666666666,166.66666666666666,bicycle,376,397.0,4459444.5,5399684.5,2178,4495292.5,5370793.5,349,1,208,4458584.5,5403139.0,53,1,1,True,23376
1505777,340,4459681.5,5401682.5,323,4457875.816405326,5399901.362075475,HBR,827,4.450245605468751,6.996981811523438,12.995743333333332,166.66666666666666,166.66666666666666,bicycle,974,1142.0,4455919.0,5400398.0,724,4418331.0,5360319.5,298,1,348,4461787.5,5400766.5,85,1,2,True,10272
1505780,146,4454399.5,5404385.0,131,4454932.174101558,5408031.224104443,HBR,832,4.35676513671875,7.605207316080729,11.83557,166.66666666666666,166.66666666666666,autoDriver,1132,1140.0,4457990.5,5400925.5,2773,4464488.5,5336506.5,306,1,144,4457295.0,5405276.5,12,2,3,False,0
1505788,350,4459651.0,5399846.5,161,4454964.756450631,5402927.388111209,HBR,838,7.196873046875,9.853530883789062,17.859016666666665,166.66666666666666,166.66666666666666,bicycle,1000,1243.0,4458414.5,5401339.0,4748,4499941.0,5303137.5,307,1,347,4461623.5,5401056.0,54,1,2,True,13044
1505796,301,4456642.5,5400171.0,319,4455756.477644792,5399321.422874575,HBR,846,1.7694055175781251,2.8068997701009115,0.8634915666666667,166.66666666666666,166.66666666666666,autoDriver,598,775.0,4459201.5,5402511.0,4826,4509181.0,5302180.0,243,2,318,4458469.5,5400448.0,27,2,3,True,10620
1505805,146,4454208.0,5404434.5,152,4455234.253222273,5403914.238625819,HBR,853,1.1893614501953125,1.9025962829589844,5.673618333333334,166.66666666666666,166.66666666666666,bus,856,913.0,4459689.5,5403950.0,3499,4467484.5,5333951.5,235,2,212,4458214.0,5401865.0,26,1,2,True,8568
1505809,154,4455179.0,5403679.5,104,4446875.290299802,5413132.129323083,HBR,854,16.1560888671875,12.85880839029948,41.973,166.66666666666666,166.66666666666666,autoDriver,988,278.0,4459552.0,5404191.0,3714,4470272.0,5332241.5,226,1,254,4462732.0,5403749.0,60,2,2,True,9996
1505811,154,4455179.0,5403679.5,232,4459417.852012622,5404030.65029659,HBR,854,5.80952099609375,7.890750630696615,24.286375,166.66666666666666,166.66666666666666,autoDriver,1176,1193.0,4459552.0,5404191.0,3714,4470272.0,5332241.5,226,1,254,4462732.0,5403749.0,60,2,2,True,9996
1505812,349,4458955.5,5399600.5,303,4457505.8749757,5401453.125170569,HBR,857,4.066662841796875,5.573072306315104,20.63106,166.66666666666666,166.66666666666666,bicycle,598,601.0,4451996.0,5402414.0,3392,4469233.5,5336424.0,100,1,204,4457314.5,5403156.0,70,2,2,False,0
1505813,349,4458955.5,5399600.5,329,4456421.271830953,5397903.755426618,HBR,857,5.42679345703125,6.482745869954427,36.45078333333333,166.66666666666666,166.66666666666666,bicycle,1140,1149.0,4451996.0,5402414.0,3392,4469233.5,5336424.0,100,1,204,4457314.5,5403156.0,70,2,2,False,0
1505816,232,4459609.0,5403893.5,210,4458302.113061096,5402464.6921820585,HBR,859,2.965584716796875,4.1076171875,5.071711666666667,166.66666666666666,166.66666666666666,bicycle,974,1061.0,4458119.0,5401139.0,3984,4465665.5,5329629.0,309,0,339,4458895.0,5401307.5,28,2,2,True,948
1505830,186,4457537.0,5404206.5,213,4458758.5202351855,5402017.400930216,HBR,869,4.1351455078125,5.4590087890625,13.243766666666666,166.66666666666666,166.66666666666666,autoDriver,516,666.0,4455925.5,5400327.5,4625,4487321.5,5293988.5,298,1,144,4457308.5,5405685.0,77,1,2,True,14832
1505831,235,4459803.0,5403898.0,216,4458902.094298391,5405236.6186758485,HBR,871,2.149831787109375,3.363434855143229,16.709355,166.66666666666666,166.66666666666666,bicycle,1023,1038.0,4459293.0,5404184.5,2944,4463252.0,5331681.5,226,3,348,4463519.5,5402880.5,40,1,2,True,0
1505832,235,4459803.0,5403898.0,254,4462632.416584556,5403839.941494574,HBR,871,3.6517138671875,4.833123779296875,11.692575,166.66666666666666,166.66666666666666,walk,934,985.0,4459293.0,5404184.5,2944,4463252.0,5331681.5,226,3,348,4463519.5,5402880.5,40,1,2,True,0
1505861,155,4455577.5,5403345.0,77,4471114.94862231,5426962.076831764,HBR,891,37.42421484375,30.287432861328124,273.6387,217.04283333333333,166.66666666666666,autoDriver,925,1078.0,4458602.0,5403973.0,2778,4463241.5,5336090.5,197,0,342,4459363.0,5400504.0,37,2,1,True,8700
1505867,219,4460176.0,5405555.0,119,4458157.800306835,5409766.096241114,HBR,902,12.19216796875,13.45745137532552,28.870306666666664,166.66666666666666,166.66666666666666,autoDriver,681,985.0,4461960.0,5404038.5,4676,4497169.0,5322959.0,242,2,346,4460757.0,5401208.5,50,2,2,True,8880
1505880,322,4456876.0,5398994.0,198,4458055.320331643,5403637.07006984,HBR,905,6.6810371093750005,9.358028157552084,12.519145,166.66666666666666,166.66666666666666,walk,523,636.0,4459140.0,5406270.5,204,4457563.5,5403232.5,222,0,196,4458061.0,5403999.5,85,2,2,False,3732
1505888,186,4457294.0,5404132.5,216,4459026.433095133,5404959.847783572,HBR,912,2.165368896484375,2.965904235839844,14.427311666666666,166.66666666666666,166.66666666666666,walk,612,749.0,4458247.5,5401654.5,1128,4463084.0,5376548.0,307,1,222,4459073.0,5406006.5,27,2,1,True,22668
1505890,247,4459045.5,5401865.0,329,4455912.193866209,5398157.5400454085,HBR,914,6.1275849609375,8.380705769856771,33.05289166666667,166.66666666666666,166.66666666666666,bicycle,1203,1326.0,4457247.0,5403970.0,4835,4509927.0,5301591.0,181,0,241,4460929.5,5404052.0,83,2,2,True,7008
1505898,336,4457812.5,5397977.5,1162,4464092.41815963,5386486.48766057,HBR,920,19.21206640625,17.12459513346354,176.25594999999998,72.062695,166.66666666666666,autoDriver,753,1019.0,4462570.5,5403636.5,4493,4446233.0,5307995.0,254,0,165,4454894.5,5404379.0,16,1,1,False,5220
1505915,350,4460289.0,5400051.5,333,4456090.755474746,5396522.944827228,HBR,929,6.89175390625,7.200449625651042,18.788901666666668,166.66666666666666,166.66666666666666,walk,910,1117.0,4456890.5,5400716.5,3024,4461466.5,5328143.5,300,0,348,4462608.5,5402664.5,61,2,2,True,0
1505917,199,4458558.5,5403344.0,231,4459236.574509537,5403885.596293903,HBR,931,0.4884554748535156,0.7224896113077799,11.445061666666668,166.66666666666666,166.66666666666666,walk,1301,176.0,4455433.5,5403476.5,2266,4526921.5,5368899.5,155,0,230,4460323.0,5404275.5,27,2,1,True,11256
1505918,199,4458558.5,5403344.0,213,4458823.65895902,5401968.095910062,HBR,931,2.083405029296875,3.133712259928385,27.659846666666667,166.66666666666666,166.66666666666666,walk,485,962.0,4455433.5,5403476.5,2266,4526921.5,5368899.5,155,0,230,4460323.0,5404275.5,27,2,1,True,11256
1505922,151,4454826.5,5403354.5,232,4459453.793133843,5403723.706062614,HBR,934,6.53019677734375,8.523917643229167,24.53912833333333,166.66666666666666,166.66666666666666,walk,1049,1333.0,4456412.0,5404652.5,2019,4490008.5,5338940.0,166,0,346,4460945.0,5401039.0,12,2,3,False,0
1505923,151,4454826.5,5403354.5,367,4461104.700761035,5394163.064918875,HBR,934,15.3248037109375,18.48735148111979,46.55247833333333,166.66666666666666,166.66666666666666,autoPassenger,707,800.0,4456412.0,5404652.5,2019,4490008.5,5338940.0,166,0,346,4460945.0,5401039.0,12,2,3,False,0
1505924,151,4454826.5,5403354.5,206,4457557.456859482,5402650.95098178,HBR,935,3.98473095703125,5.280437215169271,16.016119333333332,166.66666666666666,166.66666666666666,walk,1132,1179.0,4462720.0,5404251.5,2351,4511061.5,5349094.5,240,0,347,4461374.5,5401232.5,10,2,3,False,0
1505925,151,4454826.5,5403354.5,164,4453745.068235477,5404970.518051959,HBR,935,1.36753857421875,2.137243143717448,23.98956833333333,166.66666666666666,166.66666666666666,autoDriver,1092,155.0,4462720.0,5404251.5,2351,4511061.5,5349094.5,240,0,347,4461374.5,5401232.5,10,2,3,False,0
1505931,309,4458401.0,5401159.0,213,4458801.136112513,5401700.147895685,HBR,938,1.5636658935546874,2.4676137288411457,27.228291666666667,166.66666666666666,166.66666666666666,walk,600,677.0,4456542.5,5397784.0,4214,4473309.0,5328733.0,330,1,347,4461623.5,5401056.0,36,1,1,True,21996
1505932,309,4458401.0,5401159.0,171,4456398.369557407,5404124.953423619,HBR,938,5.1058408203125,7.064511617024739,20.182096666666663,20.17063333333333,166.66666666666666,bicycle,856,965.0,4456542.5,5397784.0,4214,4473309.0,5328733.0,330,1,347,4461623.5,5401056.0,36,1,1,True,21996
1505933,309,4458401.0,5401159.0,191,4458585.810863929,5404223.163124679,HBR,938,4.14464208984375,5.636688741048177,16.795695000000002,166.66666666666666,166.66666666666666,walk,710,744.0,4456542.5,5397784.0,4214,4473309.0,5328733.0,330,1,347,4461623.5,5401056.0,36,1,1,True,21996
1505944,101,4452280.5,5402342.5,154,4455179.113034501,5403367.547540189,HBR,949,3.700201904296875,4.422206115722656,8.911395,166.66666666666666,166.66666666666666,walk,1068,1256.0,4457975.5,5402294.0,1062,4424071.0,5347933.0,209,0,226,4459473.0,5404203.0,76,1,2,True,30072
1505946,319,4455928.5,5399611.0,143,4456894.867471283,5405125.238830787,HBR,954,7.81077294921875,10.597980753580728,38.101505,166.66666666666666,166.66666666666666,autoDriver,978,1034.0,4459198.5,5405115.0,1875,4467925.0,5337797.5,216,0,253,4461512.0,5401904.5,14,1,3,False,0
1505948,135,4456092.0,5407930.5,255,4464049.808239658,5404168.6577182505,HBR,956,12.404173828125,14.198314412434897,47.781261666666666,166.66666666666666,166.66666666666666,bicycle,730,1131.0,4459120.5,5402102.5,2202,4503021.0,5367532.0,245,1,230,4460408.5,5404572.5,55,2,2,False,0
1505969,331,4456182.5,5397267.5,302,4456909.381726808,5400128.488247226,HBR,975,3.50739697265625,4.819227600097657,33.435695,166.66666666666666,166.66666666666666,walk,1106,1130.0,4459818.5,5400745.5,2649,4453813.0,5333214.5,345,1,321,4455976.5,5398594.5,73,2,2,True,9852
1505978,188,4458343.0,5404664.5,339,4459464.545667916,5401372.041890431,HBR,983,4.076990966796875,5.4554595947265625,35.75665333333333,166.66666666666666,166.66666666666666,walk,1181,9.0,4461957.5,5404211.5,1229,4445597.5,5361132.5,240,1,253,4461512.0,5401904.5,75,2,2,False,5784
1505988,140,4456381.5,5407180.0,243,4459418.474366098,5402670.154202448,HBR,994,6.4996406250000005,8.07294158935547,21.24273833333333,166.66666666666666,166.66666666666666,walk,767,932.0,4459144.0,5403522.5,2139,4510851.0,5378133.5,233,0,321,4455976.5,5398594.5,20,1,2,True,0
1505990,171,4456405.0,5404276.0,242,4461783.070269121,5404012.303886437,HBR,995,6.202359375,8.286227416992187,17.39628833333333,166.66666666666666,166.66666666666666,bicycle,572,660.0,4459038.0,5404726.5,2091,4509869.5,5379611.0,223,0,229,4459663.5,5404151.5,83,2,2,False,11760
1506014,298,4455978.5,5400277.0,298,4456241.809762681,5400520.776238198,HBR,1013,0.4698042297363281,0.783705457051595,1.4893146666666666,166.66666666666666,166.66666666666666,walk,940,1073.0,4458009.5,5400368.5,2513,4436134.5,5300179.5,314,1,348,4463366.0,5403002.0,84,2,2,False,8640
1506015,298,4455978.5,5400277.0,36,4441514.331624528,5390187.050526337,HBR,1013,21.524517578125,25.537687174479167,166.66666666666666,166.66666666666666,166.66666666666666,walk,758,881.0,4458009.5,5400368.5,2513,4436134.5,5300179.5,314,1,348,4463366.0,5403002.0,84,2,2,False,8640
1506017,242,4462049.0,5403976.5,121,4461797.726262821,5410713.091532217,HBR,1015,7.9529462890625,10.691548665364584,23.183481666666665,166.66666666666666,166.66666666666666,autoPassenger,959,1287.0,4456813.0,5397386.5,2204,4506842.0,5372019.0,332,1,339,4458895.0,5401307.5,21,2,3,True,5448
1506020,147,4454235.0,5404718.5,149,4454656.822514318,5403943.143673316,HBR,1017,0.933130126953125,1.7614161173502605,166.66666666666666,166.66666666666666,166.66666666666666,walk,929,1162.0,4451957.5,5401745.0,2083,4515934.5,5385832.0,102,1,347,4461300.0,5401206.0,67,2,2,True,3876
1506022,173,4456891.0,5404886.5,309,4458434.721050202,5401075.939570447,HBR,1018,5.2540234375,7.017725118001302,17.252335000000002,16.621390833333333,166.66666666666666,autoDriver,1053,1235.0,4452216.0,5401763.0,2096,4501898.0,5377909.5,103,1,348,4463366.0,5403002.0,81,2,2,True,9996
1506025,231,4458912.5,5403852.0,312,4457832.532983516,5400765.465120796,HBR,1019,4.3181181640625,5.61710459391276,17.020357333333333,166.66666666666666,166.66666666666666,bicycle,669,676.0,4459272.5,5404921.5,4303,4476457.0,5325022.5,217,1,229,4459663.5,5404151.5,60,1,2,True,16344
1506029,231,4458912.5,5403852.0,176,4455660.23375068,5403842.768096127,HBR,1022,4.3239951171875,6.066740417480469,21.84485,166.66666666666666,166.66666666666666,autoDriver,613,702.0,4459047.5,5402354.5,2071,4497451.0,5391747.5,245,2,308,4458785.0,5401566.0,19,1,3,True,0
1506030,224,4459287.0,5404612.0,243,4459178.72932204,5402706.474015472,HBR,1023,2.47165576171875,3.2523068745930988,11.035145,166.66666666666666,166.66666666666666,autoPassenger,1274,1431.0,4456878.0,5400822.0,2264,4526329.0,5368247.5,300,1,164,4453228.0,5403351.5,71,1,2,True,6888
1506044,254,4462800.5,5403881.0,114,4459991.93326593,5408862.699139444,HBR,1030,9.6241865234375,9.471590169270833,53.973955,166.66666666666666,166.66666666666666,bicycle,1037,1111.0,4456056.5,5404281.0,2325,4509698.0,5356474.5,170,0,144,4457785.5,5405223.0,32,1,1,True,18276
1506046,219,4460191.0,5405685.0,344,4459392.728020816,5400203.671606093,HBR,1032,6.3227763671875,8.233767700195312,37.20494,166.66666666666666,166.66666666666666,autoDriver,1161,395.0,4458390.5,5400963.5,4628,4487846.5,5294809.5,309,1,339,4458875.5,5400964.5,50,1,1,True,10800
1506048,219,4460191.0,5405685.0,198,4458355.168007692,5403409.087253026,HBR,1035,3.170170166015625,4.010476430257161,17.898491666666665,166.66666666666666,166.66666666666666,bicycle,813,1141.0,4454501.5,5403996.5,3156,4451080.5,5318799.5,149,2,348,4463547.0,5402729.5,22,1,1,True,17868
1506057,152,4455128.5,5403799.5,109,4454696.025774086,5411209.424030568,HBR,1044,7.80455419921875,11.527501424153646,28.65410333333333,166.66666666666666,166.66666666666666,bicycle,985,993.0,4458137.5,5402000.0,2393,4420318.5,5331839.0,212,1,145,4458064.0,5405052.5,44,2,2,True,11532
1506062,245,4459086.0,5402287.0,243,4459071.82520335,5402644.461556393,HBR,1047,1.00129296875,1.7452870686848958,3.492738666666667,166.66666666666666,166.66666666666666,walk,1021,1103.0,4457073.5,5403928.0,67,4454927.5,5423835.5,181,0,254,4462644.5,5403798.0,34,2,1,True,25620
1506069,158,4452517.0,5402256.5,227,4459958.861212031,5404620.671615186,HBR,1049,8.508572265625,10.421511840820312,47.54905,166.66666666666666,166.66666666666666,autoDriver,855,1232.0,4457243.0,5399535.0,1319,4446216.5,5338439.5,320,3,165,4455642.0,5404741.5,77,2,2,False,252
1506073,205,4457670.5,5402909.0,247,4459193.109763984,5401802.170152431,HBR,1053,2.17359326171875,3.2896143595377603,9.77801,166.66666666666666,166.66666666666666,walk,1097,1158.0,4461628.5,5403887.5,55,4441044.0,5416917.5,242,0,348,4463366.0,5403002.0,79,2,2,True,8784
1506074,205,4457670.5,5402909.0,181,4456941.935060903,5403804.129064727,HBR,1053,2.0119061279296875,3.393266296386719,4.150222333333334,166.66666666666666,166.66666666666666,walk,541,627.0,4461628.5,5403887.5,55,4441044.0,5416917.5,242,0,348,4463366.0,5403002.0,79,2,2,True,8784
1506076,207,4457776.5,5402688.5,290,4446410.534315724,5399427.946511951,HBR,1057,17.773064453125,18.97845865885417,38.566345,166.66666666666666,166.66666666666666,autoPassenger,481,501.0,4461769.5,5403730.0,1100,4446398.0,5380376.5,242,0,243,4459036.0,5402820.0,50,1,2,True,14580
1506081,219,4460191.0,5405685.0,297,4456737.432283832,5401110.401898627,HBR,1061,6.511935058593751,8.613086954752603,52.1774,51.07826333333333,166.66666666666666,autoPassenger,780,1039.0,4458648.0,5400478.5,3664,4468914.5,5332733.0,318,1,346,4460962.0,5401225.5,20,2,3,True,6804
1506084,158,4452647.5,5402335.0,226,4459415.080653084,5404165.594107415,HBR,1064,8.0357197265625,9.922900390625,41.07756,166.66666666666666,166.66666666666666,walk,919,959.0,4456603.5,5400533.5,3300,4466124.5,5334942.0,299,0,144,4457826.0,5405353.0,80,2,2,True,11316
1506089,99,4451986.5,5402551.5,145,4458664.780115914,5405114.712746869,HBR,1067,8.1462197265625,9.812127685546876,18.91212,166.66666666666666,166.66666666666666,bicycle,1275,1294.0,4461788.5,5403494.5,496,4422483.0,5375214.5,242,0,186,4457589.5,5404462.0,66,1,2,True,14940
1506097,169,4456433.0,5404405.5,140,4455289.6960895145,5407334.226298338,HBR,1074,2.83126025390625,3.7149169921875,9.827590999999998,166.66666666666666,166.66666666666666,bicycle,1224,1267.0,4454705.0,5403388.0,622,4413579.0,5348438.5,151,1,99,4451879.5,5402609.5,34,2,2,True,4044
1506106,314,4457926.5,5400441.5,172,4456542.856988696,5404701.857242386,HBR,1085,6.5829794921875004,9.020789591471354,17.363401666666668,166.66666666666666,166.66666666666666,walk,1221,1366.0,4457167.5,5400757.5,3852,4473960.5,5332190.5,300,0,143,4457084.0,5405002.0,25,1,1,True,16320
1506108,241,4461186.5,5403943.5,131,4454066.110881474,5407688.466027252,HBR,1088,11.0966728515625,15.307861328125,40.42621333333333,166.66666666666666,166.66666666666666,walk,918,1019.0,4461281.5,5403733.5,2254,4519324.0,5370760.0,242,2,164,4453228.0,5403351.5,54,2,2,True,0
1506116,245,4459136.5,5402318.5,305,4457297.309771011,5401188.955296808,HBR,1090,2.51313525390625,4.017914326985677,20.57618,166.66666666666666,166.66666666666666,bicycle,506,511.0,4456457.5,5403832.5,2025,4501535.5,5396407.5,180,1,346,4460703.0,5401245.0,52,1,2,True,6252
1506117,134,4455963.5,5407830.5,26,4439468.418179091,5399914.78858319,HBR,1092,25.050599609375,24.772989908854168,74.08027333333332,65.25768333333333,166.66666666666666,autoDriver,624,694.0,4456240.0,5399288.5,471,4415304.0,5378706.5,321,1,190,4458323.0,5404118.0,69,1,2,True,20196
1506120,134,4455963.5,5407830.5,272,4440900.479137698,5398808.982043549,HBR,1093,25.104505859375,23.99456380208333,85.82398333333333,74.10262833333333,166.66666666666666,bicycle,923,1171.0,4459090.5,5404324.0,1085,4437930.5,5341910.0,225,2,346,4461071.0,5401134.5,68,2,2,True,12048
1506122,208,4458431.5,5402585.5,197,4458763.398000717,5403707.926789046,HBR,1098,1.3816365966796875,1.7522198994954428,13.847443333333333,166.66666666666666,166.66666666666666,walk,548,750.0,4462025.0,5403759.0,4922,4526232.0,5301970.0,242,0,348,4463375.5,5403096.5,14,1,3,False,0
1506123,208,4458431.5,5402585.5,235,4459878.913116846,5403851.163355305,HBR,1100,2.688619140625,3.5297704060872395,18.973431666666663,166.66666666666666,166.66666666666666,walk,558,635.0,4456721.0,5405088.5,1259,4460980.0,5350508.5,142,1,164,4452877.0,5404303.5,10,1,3,False,0
1506124,243,4458861.5,5403299.0,374,4462703.779582269,5389873.635248486,HBR,1101,16.937203125,11.104052734375,27.0,166.66666666666666,166.66666666666666,autoDriver,1032,1056.0,4459741.0,5405452.5,2294,4493532.0,5352353.0,218,2,164,4452877.0,5404303.5,46,1,1,True,22308
1506126,216,4458872.0,5405215.0,177,4456431.261245399,5403922.335431595,HBR,1107,5.1290498046875,7.143086751302083,19.93689833333333,166.66666666666666,166.66666666666666,bicycle,1224,432.0,4459343.0,5402465.0,3024,4461567.0,5328338.0,246,1,308,4458816.0,5401435.0,43,1,1,True,13608
1506128,332,4456674.5,5397317.5,299,4456461.92163617,5400521.203640467,HBR,1109,4.61520849609375,6.162327067057292,25.17971,166.66666666666666,166.66666666666666,walk,1040,1054.0,4460001.0,5404053.0,888,4420847.0,5358269.0,235,0,143,4457171.5,5405001.5,54,1,2,True,9468
1506129,332,4456674.5,5397317.5,368,4461775.643825881,5391675.753195505,HBR,1110,10.3509765625,9.95040995279948,30.680515,166.66666666666666,166.66666666666666,autoPassenger,1071,1170.0,4459139.0,5401764.0,2020,4490070.5,5339125.0,247,1,141,4456908.5,5405651.5,57,2,2,True,3180
1506132,310,4458633.0,5401106.5,1162,4463255.90073501,5384336.225852196,HBR,1112,21.26576171875,18.25343017578125,195.45595,57.912695,166.66666666666666,autoDriver,630,856.0,4456247.5,5400452.0,127,4453537.5,5407664.0,298,1,99,4451914.5,5402551.5,31,2,1,True,22980
1506136,340,4459743.5,5401689.0,245,4458912.43607517,5402208.716000427,HBR,1117,1.55655712890625,2.677697245279948,14.372513333333334,166.66666666666666,166.66666666666666,bus,801,929.0,4456974.5,5404271.5,1462,4460062.0,5339649.0,175,1,212,4458196.5,5401941.5,64,1,2,True,19188
1506140,338,4458162.0,5398272.5,146,4454365.707189441,5404252.559125026,HBR,1119,9.290095703125,12.732790120442708,36.54548666666667,37.252335,166.66666666666666,autoPassenger,460,832.0,4457647.0,5400604.0,2877,4463093.5,5333572.5,311,2,339,4458895.0,5401307.5,64,2,2,True,0
1506148,247,4459074.0,5401739.5,320,4456552.900667899,5399859.114456001,HBR,1123,4.24318310546875,5.644415791829427,23.807825,166.66666666666666,166.66666666666666,autoDriver,1068,1116.0,4457617.5,5400182.0,4018,4468725.0,5330936.0,313,2,165,4455941.0,5405229.5,28,1,1,True,22764
1506151,187,4457911.5,5404206.0,194,4457612.603373489,5403648.636041793,HBR,1124,1.084122802734375,1.7057851155598958,9.0591725,166.66666666666666,166.66666666666666,walk,508,519.0,4458204.5,5402020.0,3551,4466509.0,5331508.0,212,2,145,4458057.5,5405151.0,31,1,1,True,21204
1506153,187,4457911.5,5404206.0,241,4460769.44926107,5403361.250608934,HBR,1126,3.839803955078125,5.127323913574219,11.205543333333331,166.66666666666666,166.66666666666666,walk,714,721.0,4458387.5,5401035.0,1552,4464310.5,5337931.0,309,0,297,4456947.0,5401264.0,0,1,2,False,0
1506161,339,4458940.0,5401076.0,242,4461583.109316685,5403596.9193319855,HBR,1127,5.177873046875,7.183207702636719,11.599263333333331,166.66666666666666,166.66666666666666,bicycle,648,784.0,4459451.0,5403695.0,4057,4469529.0,5330177.0,234,1,147,4454547.0,5404447.0,88,2,2,True,14532
1506171,306,4458015.0,5400974.0,166,4456159.398057005,5404677.431220537,HBR,1130,5.406931640625,7.687750244140624,19.265635,166.66666666666666,166.66666666666666,walk,471,671.0,4459721.5,5405556.5,1867,4467870.0,5338155.0,218,0,144,4457565.5,5405283.5,45,2,2,True,14424
1506184,172,4456451.5,5404785.0,376,4467264.406855131,5405559.829920632,HBR,1140,15.0593388671875,16.446371459960936,42.58735,166.66666666666666,166.66666666666666,autoDriver,1053,1086.0,4458082.5,5400589.5,1629,4481889.0,5363163.0,315,2,230,4460174.0,5404449.5,34,2,1,True,5892
1506189,142,4456806.0,5405149.0,165,4455499.285771691,5405563.091392989,HBR,1144,0.9097730712890624,1.1599966684977214,0.888102,166.66666666666666,166.66666666666666,walk,511,1152.0,4459352.5,5400604.5,715,4417336.0,5361084.0,342,2,141,4457026.5,5405407.5,26,2,1,True,22188
1506199,186,4457456.5,5404118.0,230,4460447.833956627,5404402.31020386,HBR,1148,3.4218022460937503,4.265453592936198,7.690485,166.66666666666666,166.66666666666666,walk,937,970.0,4459197.0,5403696.5,840,4418362.5,5357332.5,233,1,253,4461512.0,5401904.5,6,2,2,False,5076
1506203,154,4454910.5,5403389.0,152,4455002.153954203,5403754.595742345,HBR,1152,0.48393115234375,0.881450080871582,0.8785780666666666,166.66666666666666,166.66666666666666,walk,944,1103.0,4458694.5,5403815.5,751,4414879.5,5359221.0,197,1,230,4460174.0,5404449.5,33,1,2,True,3792
1506211,298,4456228.0,5400537.0,317,4458106.318285959,5400282.2892981935,HBR,1154,2.890198486328125,4.124928283691406,6.048425833333333,166.66666666666666,166.66666666666666,walk,827,1010.0,4456650.0,5399316.0,752,4415391.0,5359881.5,320,1,253,4461490.5,5401836.0,0,2,2,False,2412
1506218,315,4458396.0,5400544.0,317,4458130.338089532,5400488.839797221,HBR,1157,0.5608107299804688,1.0810460408528646,2.048425,166.66666666666666,166.66666666666666,walk,1295,1303.0,4458233.5,5405077.5,4317,4481999.0,5336742.0,145,1,347,4461840.5,5400964.5,36,1,1,True,16332
1506219,315,4458396.0,5400544.0,208,4458570.00063727,5402964.674527315,HBR,1157,2.937743408203125,4.081827036539713,13.237476666666666,166.66666666666666,166.66666666666666,walk,854,870.0,4458233.5,5405077.5,4317,4481999.0,5336742.0,145,1,347,4461840.5,5400964.5,36,1,1,True,16332
1506235,200,4455713.0,5403180.5,184,4457393.240013961,5404550.298087262,HBR,1165,3.118409423828125,4.459841918945313,16.957641666666667,166.66666666666666,166.66666666666666,walk,645,1026.0,4456678.0,5407579.0,2597,4452308.5,5331019.5,138,0,144,4457276.5,5405656.5,16,1,1,False,5700
1506236,200,4455713.0,5403180.5,220,4459848.952146463,5404906.831353337,HBR,1165,5.15485205078125,7.152951049804687,29.49992333333333,166.66666666666666,166.66666666666666,autoDriver,1013,1151.0,4456678.0,5407579.0,2597,4452308.5,5331019.5,138,0,144,4457276.5,5405656.5,16,1,1,False,5700
1506262,176,4455851.5,5403819.5,156,4452668.621263419,5402544.040003114,HBR,1178,5.20576611328125,6.601703389485677,6.692116666666666,166.66666666666666,166.66666666666666,autoPassenger,908,1257.0,4459184.5,5404906.0,4892,4507592.5,5288375.0,216,2,143,4457043.5,5405258.5,22,1,1,True,13152
1506273,320,4457214.5,5399748.5,349,4459081.184545408,5399538.259809165,HBR,1182,2.85390576171875,4.281508382161459,40.50603,166.66666666666666,166.66666666666666,walk,773,1155.0,4459638.5,5400918.0,4887,4508908.0,5294820.5,339,2,188,4458151.0,5404785.5,47,2,1,True,10224
1506278,299,4456738.0,5400588.0,331,4455842.082149237,5397027.131828555,HBR,1186,5.21431494140625,5.794444274902344,15.273056666666667,166.66666666666666,166.66666666666666,walk,840,86.0,4450875.5,5404590.5,560,4396286.0,5357836.0,98,1,347,4461753.5,5401236.0,67,1,2,True,12708
1506285,139,4458914.0,5406512.0,355,4461695.6345561305,5397012.983284436,HBR,1189,13.06031640625,10.766004435221356,56.91674,55.85007333333333,166.66666666666666,autoDriver,903,975.0,4456051.5,5403838.5,222,4459199.5,5406133.5,177,2,348,4463327.0,5402795.5,6,2,2,False,0
1506292,148,4454410.0,5404043.0,114,4459710.916542438,5408862.971988631,HBR,1194,10.5471689453125,13.698858642578124,38.973955,166.66666666666666,166.66666666666666,autoDriver,890,912.0,4458173.0,5403586.5,4650,4497397.5,5326905.5,198,0,145,4458064.0,5405052.5,64,1,2,True,16008
1506293,148,4454410.0,5404043.0,197,4458677.941686898,5403745.437614678,HBR,1194,5.732548828125,7.658942667643229,20.29868833333333,166.66666666666666,166.66666666666666,walk,1398,30.0,4458173.0,5403586.5,4650,4497397.5,5326905.5,198,0,145,4458064.0,5405052.5,64,1,2,True,16008
1506301,148,4454410.0,5404043.0,204,4457511.766719119,5403233.710860393,HBR,1196,4.023964599609375,5.85145263671875,20.22794,166.66666666666666,166.66666666666666,walk,1119,1437.0,4455280.5,5403201.0,4642,4491745.5,5326219.0,161,1,140,4456594.0,5405843.0,25,1,2,True,0
1506305,138,4456753.0,5408076.0,317,4458277.567220878,5400150.104314774,HBR,1198,10.9564267578125,15.113900756835935,39.29478,33.19478,166.66666666666666,autoDriver,438,464.0,4460273.0,5404159.5,4342,4485940.0,5337445.0,230,2,348,4463375.5,5403096.5,36,2,1,True,7764
1506312,212,4458375.5,5402028.5,241,4461199.269277535,5403566.066432231,HBR,1204,3.75977294921875,4.926411946614583,11.538876666666663,166.66666666666666,166.66666666666666,walk,908,928.0,4458073.5,5403383.5,1710,4467653.0,5346317.5,198,1,185,4457665.5,5404829.0,4,2,2,False,0
1506313,212,4458375.5,5402028.5,144,4457970.782746978,5405360.684928807,HBR,1204,4.41446044921875,5.861703491210937,27.18819166666667,166.66666666666666,166.66666666666666,walk,970,1011.0,4458073.5,5403383.5,1710,4467653.0,5346317.5,198,1,185,4457665.5,5404829.0,4,2,2,False,0
1506322,172,4456837.5,5404591.5,70,4461504.621775066,5422699.443201777,HBR,1209,25.591275390625,19.56270955403646,90.09441,166.66666666666666,166.66666666666666,autoDriver,903,1014.0,4455518.5,5403731.0,511,4416704.0,5365080.5,153,1,140,4456543.5,5406056.5,46,2,1,True,2760
1506326,172,4456837.5,5404591.5,205,4457832.369575799,5403290.053850489,HBR,1210,3.162871337890625,5.293501790364584,15.715041666666666,166.66666666666666,166.66666666666666,autoDriver,494,497.0,4458822.5,5404626.0,1048,4417057.0,5347978.5,189,1,144,4457452.0,5405038.5,21,2,1,True,17976
1506329,315,4458103.5,5400602.0,197,4458849.508849118,5403882.734715973,HBR,1214,4.3193798828125,5.834046936035156,18.73564,166.66666666666666,166.66666666666666,walk,546,684.0,4456749.5,5404153.5,2462,4416453.0,5323966.0,174,2,140,4456607.0,5406151.0,71,1,2,True,10692
1506351,311,4457526.5,5400628.5,299,4456475.128357815,5400766.574726404,HBR,1222,1.3205205078125,1.8239110310872395,4.8129445,166.66666666666666,166.66666666666666,walk,518,970.0,4459070.0,5405158.5,4665,4513431.5,5335704.0,216,2,141,4456886.0,5405575.0,8,2,3,False,0
1506354,147,4454783.5,5404591.0,302,4457191.053039177,5400376.374324558,HBR,1225,8.0997158203125,11.665123494466146,40.15441666666666,166.66666666666666,166.66666666666666,walk,1160,1348.0,4457852.0,5402717.5,4835,4509974.0,5301650.0,207,1,253,4461512.0,5401904.5,63,2,2,True,6900
1506355,245,4458867.5,5402152.5,311,4457390.787874195,5400853.701884601,HBR,1226,3.024557373046875,4.375015258789063,15.426153333333334,166.66666666666666,166.66666666666666,walk,1036,1157.0,4449068.0,5404812.5,4797,4509385.0,5302657.5,98,0,164,4452877.0,5404303.5,33,1,1,True,26340
1506358,232,4459493.0,5403796.0,307,4458216.206554643,5401366.995169483,HBR,1229,3.75074609375,5.604348754882812,10.92325,166.66666666666666,166.66666666666666,walk,729,871.0,4456113.0,5399553.5,2263,4526787.0,5368754.0,319,0,182,4456703.5,5403486.5,80,2,2,True,22968
1506366,302,4457191.0,5400274.5,320,4457066.138296855,5400034.702295676,HBR,1230,0.8913014526367188,1.1662710825602214,10.998391666666668,166.66666666666666,166.66666666666666,bus,1194,1200.0,4459601.5,5402887.0,1532,4464347.5,5338662.0,243,1,164,4452877.0,5404303.5,78,2,2,False,10776
1506369,139,4458688.0,5405704.5,297,4456862.96228225,5400907.266740424,HBR,1233,8.05110498046875,10.906517537434896,46.67423833333333,46.23458333333333,166.66666666666666,train,614,653.0,4458619.5,5398274.5,551,4436726.5,5369288.5,338,3,308,4458816.0,5401435.0,24,1,3,False,6876
1506372,301,4456457.5,5400282.5,165,4456416.425738581,5404934.537195318,HBR,1237,7.45231298828125,10.331913248697916,23.388101666666667,166.66666666666666,166.66666666666666,walk,788,1052.0,4453658.0,5404900.0,1775,4468040.5,5341113.5,164,1,216,4459100.992157402,5405243.934586313,17,2,2,False,0
1506378,254,4462567.0,5403609.0,116,4461304.837564676,5408575.69640128,HBR,1238,8.271283203125,6.937102762858073,69.86570666666667,166.66666666666666,166.66666666666666,autoDriver,1044,1186.0,4456335.5,5403957.5,2233,4528193.0,5386561.0,177,1,200,4456028.0,5402864.5,69,1,2,True,32664
1506380,173,4457125.0,5404653.0,376,4468327.740569771,5408675.406102388,HBR,1240,14.697765625,15.803434244791667,44.58735,166.66666666666666,166.66666666666666,autoDriver,730,753.0,4458947.0,5404864.5,4493,4446171.5,5307828.0,223,1,176,4455843.5,5404093.5,66,2,2,True,18732
1506397,311,4457332.5,5400849.5,298,4456342.821784615,5400864.043482099,HBR,1253,1.5667178955078125,2.394519805908203,6.316296666666666,166.66666666666666,166.66666666666666,walk,715,148.0,4459060.0,5401895.5,3024,4461466.5,5328143.5,247,1,347,4461580.5,5401514.0,56,1,1,True,9960
1506415,217,4459540.0,5404970.5,217,4459273.0768299,5405048.552545643,HBR,1266,0.24362255859375,0.4287452697753906,3.4496536666666664,166.66666666666666,166.66666666666666,walk,606,778.0,4459861.5,5406106.5,4166,4473879.0,5330227.5,222,1,141,4457026.5,5405407.5,46,1,1,True,34188
1506419,217,4459540.0,5404970.5,178,4456043.944085677,5403663.493287743,HBR,1267,4.8671728515625,6.652759297688802,26.846198333333334,166.66666666666666,166.66666666666666,walk,1157,1235.0,4454946.0,5403118.0,3664,4468914.5,5332733.0,161,0,144,4457452.0,5405038.5,44,2,2,True,0
1506423,217,4459540.0,5404970.5,312,4457864.898848147,5400556.634073417,HBR,1268,5.60501953125,7.1927942911783855,36.536455,166.66666666666666,166.66666666666666,walk,548,595.0,4457496.5,5397688.5,306,4457713.0,5400980.0,333,0,253,4461512.0,5401904.5,24,1,1,True,13212
1506430,230,4460258.0,5404209.5,248,4459618.000054183,5401793.46530564,HBR,1277,3.6411472167968753,3.244429270426432,21.109236666666668,166.66666666666666,166.66666666666666,walk,629,663.0,4458518.0,5398935.0,3490,4466840.5,5333328.5,326,0,141,4457151.5,5405648.0,68,1,2,True,9972
1506447,350,4461621.0,5400041.5,317,4458061.729791533,5400285.285142482,HBR,1290,3.65641455078125,5.323080444335938,8.084191333333333,166.66666666666666,166.66666666666666,walk,616,894.0,4458879.0,5404024.0,724,4418065.0,5360248.5,231,2,347,4461623.5,5401056.0,30,1,1,True,21024
1506453,154,4454877.5,5403433.5,124,4461851.201082543,5406748.670962034,HBR,1296,11.2928505859375,14.306720987955728,43.57230666666667,166.66666666666666,166.66666666666666,bicycle,1119,1303.0,4454167.0,5403956.5,2571,4452119.5,5331696.0,148,1,226,4459473.0,5404203.0,52,1,1,True,12636
1506459,334,4456614.0,5397146.0,245,4459010.836988275,5402473.480337143,HBR,1301,8.574029296875,10.415152994791669,38.29522333333333,166.66666666666666,166.66666666666666,walk,839,1025.0,4457942.5,5404109.0,4645,4496916.5,5326222.5,187,1,339,4458859.0,5401556.0,71,2,2,False,3516
1506461,97,4446889.0,5403567.0,229,4459679.591726719,5404335.293219917,HBR,1302,15.0163623046875,17.56943359375,46.394376666666666,166.66666666666666,166.66666666666666,bus,778,889.0,4457306.0,5401288.0,2306,4492817.5,5351205.0,305,0,321,4455976.5,5398594.5,70,2,2,True,14304
1506467,102,4451526.5,5401824.0,195,4457964.840931501,5403390.834251523,HBR,1308,8.7607880859375,14.462191772460937,25.11755833333333,166.66666666666666,166.66666666666666,walk,933,998.0,4459899.0,5400988.5,1572,4471221.5,5351390.0,340,1,348,4463366.0,5403002.0,52,2,1,True,14040
1506476,158,4452681.5,5402096.0,175,4457188.333849772,5404493.594909086,HBR,1314,5.641291015625,6.954796854654948,16.077568333333332,166.66666666666666,166.66666666666666,autoDriver,928,977.0,4459326.0,5402167.5,4536,4460602.0,5303492.5,246,1,229,4459663.5,5404151.5,16,2,3,False,5364
1506478,233,4459006.5,5403506.0,336,4457404.568343896,5398350.296019231,HBR,1317,7.41901416015625,9.558099365234376,33.85807166666667,166.66666666666666,166.66666666666666,bus,1101,1133.0,4457745.5,5401684.0,658,4417112.5,5361932.0,304,1,144,4457721.5,5405641.0,74,2,2,True,0
1506479,233,4459006.5,5403506.0,245,4458888.446329976,5402499.6525461385,HBR,1317,1.7450164794921876,2.3551961263020837,12.644889333333332,166.66666666666666,166.66666666666666,autoDriver,1154,1235.0,4457745.5,5401684.0,658,4417112.5,5361932.0,304,1,144,4457721.5,5405641.0,74,2,2,True,0
1506482,146,4454208.0,5404434.5,305,4457255.42627696,5401262.176356085,HBR,1319,6.638173828125,9.841402180989585,35.9931,166.66666666666666,166.66666666666666,bicycle,721,953.0,4460595.5,5403594.0,721,4417805.5,5360220.0,241,1,339,4458895.0,5401307.5,25,2,3,True,4944
1506496,172,4456506.5,5404652.0,245,4458894.954972213,5402349.102688035,HBR,1333,5.0727744140625,6.886844380696615,26.70992833333333,166.66666666666666,166.66666666666666,walk,1188,1368.0,4458861.5,5403299.0,2446,4415245.5,5324381.0,243,2,164,4453228.0,5403351.5,69,1,2,True,13956
1506501,149,4454553.5,5403998.0,382,4473635.187031397,5402697.636951805,HBR,1337,26.15106640625,24.715875244140623,166.66666666666666,166.66666666666666,166.66666666666666,bicycle,554,747.0,4459101.0,5405129.0,2192,4495022.5,5369391.0,216,0,253,4461551.0,5401820.5,83,1,2,True,19908
1506505,198,4458096.5,5403454.0,297,4457081.087785804,5401086.593586868,HBR,1341,3.955113525390625,5.55,18.62308833333333,166.66666666666666,166.66666666666666,autoPassenger,1065,5.0,4462130.0,5404065.5,2404,4415879.0,5328448.0,254,0,348,4463420.5,5402938.0,31,2,1,True,25668
1506507,218,4459960.0,5405384.5,145,4458333.443540826,5405180.48099049,HBR,1345,1.7691765136718751,2.8615801493326822,29.861353333333334,166.66666666666666,166.66666666666666,autoDriver,1026,1202.0,4456882.5,5397062.5,412,4483314.0,5390233.5,335,1,240,4461347.0,5404897.5,71,1,2,True,16728
1506514,218,4459960.0,5405384.5,232,4459311.749677611,5403797.703603636,HBR,1346,2.59549658203125,3.858071136474609,21.245455,166.66666666666666,166.66666666666666,walk,881,973.0,4455873.0,5403425.5,1671,4488743.0,5353297.5,178,1,315,4458346.0,5400848.0,70,2,2,False,264
1506519,143,4456872.5,5405178.0,205,4457728.89886851,5402904.856292757,HBR,1350,3.3980463867187503,5.070943196614583,15.931707833333332,166.66666666666666,166.66666666666666,walk,583,920.0,4459089.5,5400624.0,2034,4514448.5,5399963.0,341,1,141,4457026.5,5405407.5,39,1,1,True,30384
1506523,142,4456667.5,5404988.5,230,4460387.592531507,5404436.027985823,HBR,1353,5.05815771484375,6.347297159830729,9.7924275,166.66666666666666,166.66666666666666,bus,1162,1396.0,4459567.0,5399674.0,1139,4448528.0,5377247.5,349,1,144,4457785.5,5405223.0,28,2,1,True,18516
1506536,225,4459246.5,5404372.5,132,4454404.071797196,5406267.982717809,HBR,1363,8.6991689453125,11.83970438639323,32.617153333333334,166.66666666666666,166.66666666666666,autoPassenger,659,769.0,4460307.0,5399849.5,4918,4525771.0,5301416.0,350,1,321,4455976.5,5398594.5,19,1,1,True,14220
1506540,175,4457128.5,5404391.0,164,4452808.162487671,5403677.675690013,HBR,1369,3.4160800781250003,4.509517415364583,12.716255666666664,166.66666666666666,166.66666666666666,bicycle,1197,1252.0,4458947.5,5404205.0,4744,4493571.0,5299541.0,225,0,334,4456717.370793296,5396983.565560624,70,1,2,True,18972
1506543,187,4457828.5,5404131.0,356,4462776.449497438,5398284.212410728,HBR,1370,12.84767578125,10.907561238606773,47.90342666666666,45.453426666666665,166.66666666666666,autoPassenger,466,490.0,4456100.5,5403334.5,2987,4453448.5,5325228.5,179,1,208,4458584.5,5403139.0,46,1,1,True,29976
1506553,187,4457971.5,5404271.0,186,4457546.7782045,5404439.129518754,HBR,1380,0.5168864135742187,0.6964080174763997,0.8477212833333333,166.66666666666666,166.66666666666666,walk,1132,1140.0,4457484.5,5404392.0,1735,4466958.0,5342684.5,186,0,347,4461580.5,5401514.0,17,2,3,False,0
1506562,326,4459220.5,5398711.5,377,4465576.662797552,5403613.015607839,HBR,1383,16.2686923828125,15.2260986328125,99.89822666666667,166.66666666666666,166.66666666666666,autoPassenger,1207,1238.0,4457533.0,5402948.0,4821,4507799.5,5301431.0,204,1,185,4457684.5,5404720.0,77,1,2,True,23928
1506567,241,4460863.0,5403458.0,144,4457987.144080419,5405100.976716785,HBR,1385,4.74541357421875,6.111290995279948,32.996385000000004,166.66666666666666,166.66666666666666,autoPassenger,710,1053.0,4456700.0,5404825.0,1618,4480504.0,5361714.5,172,0,143,4457084.0,5405002.0,45,2,1,True,44268
1506577,234,4459590.0,5403499.0,168,4456139.722992572,5404342.778932114,HBR,1390,4.372150390625,6.040576171875,18.777996666666663,166.66666666666666,166.66666666666666,walk,1132,402.0,4456625.5,5403806.0,1693,4469108.0,5348827.0,180,1,230,4460174.0,5404449.5,33,1,1,True,44844
1506578,234,4459590.0,5403499.0,125,4463935.773595683,5408233.665694159,HBR,1391,7.9673486328125,8.823545328776042,53.226315,47.68831333333333,166.66666666666666,autoDriver,986,1044.0,4452479.0,5401569.0,800,4418528.5,5359075.5,162,1,186,4457293.5,5404346.5,33,2,2,True,4884
1506586,228,4460171.5,5404810.5,313,4457262.370759662,5400499.913444625,HBR,1396,7.8847880859375,9.804601033528646,24.20860833333333,166.66666666666666,166.66666666666666,autoDriver,401,435.0,4454877.5,5403433.5,819,4420251.0,5359554.0,154,1,188,4458251.5,5404848.5,34,2,2,True,7740
1506590,228,4460171.5,5404810.5,259,4440663.145894025,5400702.012191974,HBR,1398,23.898533203125,25.4060546875,62.69613,63.17852333333334,166.66666666666666,autoPassenger,873,885.0,4455098.5,5403689.0,2107,4509991.5,5377627.5,154,1,164,4452877.0,5404303.5,6,2,2,False,0
1506593,164,4452553.5,5403352.0,98,4451791.362440676,5405141.302733248,HBR,1400,5.7421416015625,6.016622924804688,20.324031666666663,166.66666666666666,166.66666666666666,bus,568,605.0,4457485.5,5398198.0,1925,4468665.5,5337761.5,336,0,141,4457026.5,5405407.5,85,1,2,True,2220
1506596,312,4457990.0,5400632.0,336,4458016.278256393,5398248.421165098,HBR,1406,3.8879428710937503,5.193127950032552,32.791405,166.66666666666666,166.66666666666666,walk,1017,1261.0,4457285.5,5404281.5,4581,4453401.0,5290060.5,186,0,339,4458945.5,5401106.5,13,2,3,False,0
1506619,169,4456436.0,5404452.5,127,4453811.094604137,5407622.605632622,HBR,1426,7.63514990234375,10.363097127278646,166.66666666666666,166.66666666666666,166.66666666666666,walk,898,904.0,4457964.0,5402782.0,3660,4468624.0,5332762.5,207,0,348,4463366.0,5403002.0,44,2,1,True,22524
1506623,312,4457687.0,5400643.5,256,4463477.559457493,5402508.398301064,HBR,1429,13.86023046875,13.23628438313802,63.75577,166.66666666666666,166.66666666666666,autoPassenger,1014,1176.0,4458741.5,5404363.0,4199,4473267.0,5329406.5,191,1,348,4463366.0,5403002.0,36,1,1,True,37440
1506635,180,4456711.5,5404046.0,171,4456405.385844873,5404106.436101244,HBR,1436,1.020088806152344,1.7521345774332682,166.66666666666666,166.66666666666666,166.66666666666666,autoDriver,1034,1076.0,4461915.5,5404010.5,1765,4466886.0,5341307.0,242,0,144,4457452.0,5405038.5,18,1,3,True,0
1506637,171,4456389.0,5404151.5,223,4459131.8529589735,5404607.570199212,HBR,1439,2.9495302734375,3.633333333333333,12.321171,166.66666666666666,166.66666666666666,walk,925,1059.0,4459067.5,5404819.5,165,4456026.0,5404718.5,223,1,185,4457681.0,5404681.5,52,2,1,True,19476
1506642,98,4450405.0,5404814.0,177,4456197.316334048,5403786.603610596,HBR,1442,7.7491904296875,8.930035400390626,10.312031666666666,166.66666666666666,166.66666666666666,autoPassenger,913,1015.0,4455938.0,5404227.0,1925,4468665.5,5337761.5,167,3,144,4457432.0,5405192.0,23,2,3,True,3780
1506646,320,4457239.0,5399937.0,322,4457159.260944163,5399233.5399927525,HBR,1447,0.918964599609375,1.5120335896809896,21.871918333333333,166.66666666666666,166.66666666666666,bicycle,1139,1242.0,4457227.0,5404246.0,1047,4418137.5,5348478.5,175,1,349,4458851.5,5399691.0,50,2,2,True,10128
1506653,301,4456758.5,5400446.5,349,4459237.096472603,5400044.586286855,HBR,1451,3.624896728515625,5.771844991048177,35.31297166666666,166.66666666666666,166.66666666666666,autoPassenger,911,926.0,4457930.0,5400418.5,683,4416910.5,5360655.5,314,1,144,4457296.0,5405048.0,34,2,1,True,8292
1506657,301,4456758.5,5400446.5,172,4456762.371533278,5404868.304395267,HBR,1452,6.8275869140625005,9.92216084798177,24.03006833333333,166.66666666666666,166.66666666666666,bicycle,617,1099.0,4458290.0,5401271.5,1127,4462783.0,5376540.0,309,0,227,4459765.5,5404551.0,6,2,3,False,0
1506663,207,4457906.0,5402863.0,154,4455163.348319924,5403553.686829702,HBR,1458,3.69896142578125,5.2136077880859375,11.0,166.66666666666666,166.66666666666666,autoDriver,1076,1078.0,4458962.5,5400801.5,4758,4501322.5,5302855.5,341,1,179,4456313.5,5403634.5,61,2,2,True,7692
1506667,207,4457906.0,5402863.0,338,4458063.029752946,5398362.054220605,HBR,1459,5.55243115234375,7.709375,12.409081,166.66666666666666,166.66666666666666,walk,664,942.0,4458723.0,5404236.5,1438,4461977.0,5341665.0,191,0,139,4457333.5,5405846.5,63,1,2,True,7476
1506673,340,4459739.0,5401530.0,351,4460154.343119634,5398954.063989635,HBR,1465,6.28110791015625,7.766331990559895,14.483795,166.66666666666666,166.66666666666666,walk,941,1067.0,4456655.5,5408228.0,55,4440777.5,5417293.0,134,1,346,4461234.5,5401229.0,33,1,1,True,22932
1506676,340,4459739.0,5401530.0,212,4458207.631801427,5402050.578062918,HBR,1467,2.120633544921875,3.549113972981771,7.637886666666666,166.66666666666666,166.66666666666666,walk,901,905.0,4459094.0,5406652.5,198,4458336.0,5403471.0,139,1,147,4454790.5,5404158.5,1,1,2,False,0
1506679,211,4458792.5,5402265.5,114,4459817.705710785,5408621.546878766,HBR,1471,10.20324609375,8.812263997395833,32.973955000000004,166.66666666666666,166.66666666666666,walk,969,991.0,4459807.5,5404121.5,1615,4479974.5,5361986.0,229,2,161,4455200.5,5403016.5,21,2,1,True,11292
1506680,168,4456234.5,5404324.0,174,4456501.503709931,5404147.207392718,HBR,1473,0.793624267578125,1.403664271036784,4.511185,166.66666666666666,166.66666666666666,walk,1002,1294.0,4457946.0,5404133.0,2126,4514763.0,5379856.0,187,0,140,4456697.5,5405594.0,54,1,1,True,33144
1506687,171,4456389.0,5404151.5,145,4458672.813528793,5405658.34899912,HBR,1482,3.16777685546875,4.77253926595052,13.199051666666666,166.66666666666666,166.66666666666666,bicycle,639,1068.0,4458349.5,5400972.5,3492,4466429.0,5333210.0,309,1,164,4452877.0,5404303.5,67,2,2,False,12492
1506690,186,4457287.5,5404142.5,310,4458515.557613073,5400940.117395331,HBR,1484,4.795009765625,6.2093505859375,21.720651666666665,166.66666666666666,166.66666666666666,autoPassenger,1145,1245.0,4462176.0,5403693.5,3501,4468079.5,5334383.0,254,0,347,4461335.0,5401081.0,44,2,1,True,15204
1504828,187,4457720.941739285,5404207.879035619,227,4459833.487405221,5404717.065511711,NHBO,1,2.34247705078125,3.053448486328125,25.036863333333333,166.66666666666666,166.66666666666666,walk,1333,,4457526.5,5404554.0,3629,4470428.0,5334433.0,184,0,253,4461490.5,5401836.0,66,2,2,False,10596
1504833,385,4477326.422214894,5408004.932886237,367,4461242.351550451,5395809.978959775,NHBO,7,26.430734375,25.976810709635416,88.01914,166.66666666666666,166.66666666666666,autoDriver,1031,,4456667.5,5404988.5,536,4430057.0,5367544.5,142,1,308,4458636.5,5401516.0,42,2,2,False,0
1504834,385,4478097.707156361,5407815.03221301,88,4473909.659647324,5412890.752360402,NHBO,7,9.54320703125,8.177240498860677,380.90625,166.66666666666666,166.66666666666666,bicycle,976,,4456667.5,5404988.5,536,4430057.0,5367544.5,142,1,308,4458636.5,5401516.0,42,2,2,False,0
1504846,198,4458166.992475913,5403601.258864949,233,4458993.198668347,5403656.603774039,NHBO,16,1.35081494140625,1.7629194895426432,5.307519999999999,166.66666666666666,166.66666666666666,bicycle,744,,4459408.5,5402764.0,4864,4498126.5,5295289.0,243,1,248,4459572.5,5402042.5,35,2,2,True,0
1504851,212,4458278.873577187,5402036.583906263,244,4459874.253825138,5402931.817543966,NHBO,21,2.572014404296875,3.499939982096354,0.6430708,166.66666666666666,166.66666666666666,autoDriver,574,,4459460.5,5404080.0,4718,4517718.0,5324899.5,232,1,144,4457660.5,5405507.5,41,2,2,True,0
1504852,212,4458171.833493684,5401863.695743439,191,4458470.027444528,5404249.778474405,NHBO,21,2.940454345703125,3.893896993001302,15.053378333333336,166.66666666666666,166.66666666666666,walk,738,,4459460.5,5404080.0,4718,4517718.0,5324899.5,232,1,144,4457660.5,5405507.5,41,2,2,True,0
1504856,324,4458504.87756422,5400015.897134135,154,4455175.146300023,5403533.890241757,NHBO,22,6.96176171875,9.727727254231771,32.960231666666665,166.66666666666666,166.66666666666666,autoDriver,895,,4462704.5,5403608.0,4948,4513161.5,5278628.0,254,2,339,4458895.0,5401307.5,19,1,2,True,0
1504857,324,4458074.485076933,5399485.4053029455,303,4457401.96282044,5401670.873509887,NHBO,22,2.304878173828125,4.017970530192057,25.225415,166.66666666666666,166.66666666666666,autoPassenger,1120,,4462704.5,5403608.0,4948,4513161.5,5278628.0,254,2,339,4458895.0,5401307.5,19,1,2,True,0
1504865,99,4451786.38762259,5402953.969342565,189,4458450.073014695,5404842.312886396,NHBO,27,8.20036328125,10.036976114908851,26.801846666666663,166.66666666666666,166.66666666666666,autoPassenger,563,,4452218.0,5401947.5,4474,4486548.0,5320302.0,103,1,347,4461580.5,5401514.0,29,2,2,True,2820
1504866,99,4451779.196056962,5402610.080709149,343,4459127.111074295,5400119.463682059,NHBO,27,9.966701171875,12.35297342936198,45.00396333333333,166.66666666666666,166.66666666666666,autoDriver,1340,,4452218.0,5401947.5,4474,4486548.0,5320302.0,103,1,347,4461580.5,5401514.0,29,2,2,True,2820
1504867,138,4456609.57636533,5407670.176671606,282,4443155.343758241,5398983.546284481,NHBO,27,23.129337890625,22.77315470377604,132.31758333333337,115.31758333333332,166.66666666666666,bus,1096,,4452218.0,5401947.5,4474,4486548.0,5320302.0,103,1,347,4461580.5,5401514.0,29,2,2,True,2820
1504868,99,4451720.838897561,5402718.695594335,170,4456178.561853116,5404263.90975298,NHBO,27,6.69813037109375,8.535002644856771,15.6064605,166.66666666666666,166.66666666666666,autoPassenger,560,,4452218.0,5401947.5,4474,4486548.0,5320302.0,103,1,347,4461580.5,5401514.0,29,2,2,True,2820
1504869,138,4456697.7555538425,5407346.23200887,255,4464658.580385785,5403381.868481463,NHBO,27,12.0964013671875,14.010302734375,94.78126666666668,52.68126166666666,166.66666666666666,autoPassenger,474,,4452218.0,5401947.5,4474,4486548.0,5320302.0,103,1,347,4461580.5,5401514.0,29,2,2,True,2820
1504874,235,4459839.9950461015,5404098.708170922,204,4457313.40767992,5403224.374092099,NHBO,30,3.582686767578125,4.964583841959636,17.023031666666665,166.66666666666666,166.66666666666666,walk,951,,4457683.5,5397566.5,2437,4436429.5,5326422.5,333,1,297,4456947.0,5401264.0,42,2,2,True,0
1504878,194,4457335.0,5403523.0,142,4456795.025366412,5405149.590850013,NHBO,31,2.574814697265625,3.6116007486979167,6.544472833333333,166.66666666666666,166.66666666666666,bus,1098,,4457902.0,5403050.0,415,4484175.0,5389644.5,205,1,226,4459581.0,5404390.5,13,1,3,False,0
1504879,194,4457335.0,5403523.0,340,4459870.943712501,5401306.462938795,NHBO,31,4.97014697265625,7.380207316080729,15.688717666666667,15.174437499999998,166.66666666666666,walk,1152,,4457902.0,5403050.0,415,4484175.0,5389644.5,205,1,226,4459581.0,5404390.5,13,1,3,False,0
1504882,128,4452752.60286237,5406732.500310887,73,4456919.683588326,5417423.91684025,NHBO,33,15.56302734375,16.544158935546875,329.46523333333334,166.66666666666666,166.66666666666666,bicycle,829,,4454836.0,5403916.5,242,4461922.0,5403915.0,149,1,226,4459374.0,5404313.0,67,1,2,True,10164
1504889,103,4452172.083503045,5401731.812883037,345,4460230.576689454,5400179.419574791,NHBO,34,11.7581435546875,14.399683634440104,67.05329666666667,63.65329666666666,166.66666666666666,bicycle,1029,,4456108.0,5403734.0,3656,4471164.0,5333171.5,177,0,318,4458474.5,5400413.0,64,2,2,True,7800
1504897,326,4459099.930404876,5398967.418579584,115,4460261.015523066,5407791.996894852,NHBO,42,13.55221484375,12.882422892252604,85.34110000000001,166.66666666666666,166.66666666666666,autoDriver,735,,4458861.0,5399781.5,1724,4473961.5,5345697.5,349,1,226,4459581.0,5404390.5,42,1,1,True,120996
1504909,236,4460200.10035275,5403793.330441965,354,4462008.1636626525,5398577.013610646,NHBO,45,9.475373046875,6.477665201822917,39.14048666666667,166.66666666666666,166.66666666666666,walk,883,,4457612.5,5404773.5,3917,4477336.5,5332285.5,184,0,253,4461490.5,5401836.0,8,2,3,False,0
1504910,236,4460220.303313628,5403855.543093987,214,4459139.479671847,5405479.340461765,NHBO,45,3.492964599609375,4.33821767171224,21.016540000000003,166.66666666666666,166.66666666666666,autoDriver,1164,,4457612.5,5404773.5,3917,4477336.5,5332285.5,184,0,253,4461490.5,5401836.0,8,2,3,False,0
1504919,204,4457368.660958322,5402927.9820426265,176,4455909.737571126,5403940.2891159225,NHBO,48,2.136669189453125,3.357738240559896,10.090961666666669,166.66666666666666,166.66666666666666,walk,1396,,4459792.0,5404914.0,2594,4447934.0,5329674.0,220,0,253,4461512.0,5401904.5,29,2,2,True,0
1504920,342,4459391.847358224,5400866.237653698,245,4459243.603530461,5402187.441527983,NHBO,48,1.865191162109375,2.6945706685384114,13.812828333333332,166.66666666666666,166.66666666666666,bicycle,1187,,4459792.0,5404914.0,2594,4447934.0,5329674.0,220,0,253,4461512.0,5401904.5,29,2,2,True,0
1504921,204,4457624.129491143,5403140.852221488,335,4457235.982033099,5397002.002110696,NHBO,48,9.310044921875,12.368892415364584,24.053201666666663,166.66666666666666,166.66666666666666,autoDriver,895,,4459792.0,5404914.0,2594,4447934.0,5329674.0,220,0,253,4461512.0,5401904.5,29,2,2,True,0
1504929,314,4457885.182626161,5400362.287015638,132,4450798.304838614,5406083.617720212,NHBO,53,10.904380859375,14.983990478515624,37.43382166666667,166.66666666666666,166.66666666666666,autoPassenger,1027,,4458471.0,5400071.0,3222,4466343.5,5336279.5,324,1,143,4457171.5,5405001.5,36,2,1,True,26220
1504930,234,4459310.836201947,5403394.945092884,237,4459925.622240367,5403359.643041932,NHBO,53,0.5842731323242187,0.8947876612345378,4.858365833333334,166.66666666666666,166.66666666666666,walk,912,,4458471.0,5400071.0,3222,4466343.5,5336279.5,324,1,143,4457171.5,5405001.5,36,2,1,True,26220
1504931,340,4460187.699078157,5401343.17971371,294,4453942.52232644,5392389.81889897,NHBO,53,14.2860615234375,16.18421630859375,214.43086666666667,166.66666666666666,166.66666666666666,autoDriver,594,,4458471.0,5400071.0,3222,4466343.5,5336279.5,324,1,143,4457171.5,5405001.5,36,2,1,True,26220
1504935,115,4459589.810125432,5407643.455871834,222,4459437.658839798,5405790.464327387,NHBO,54,2.5781337890625,2.9414220174153645,17.948233333333334,166.66666666666666,166.66666666666666,walk,1076,,4455684.0,5398604.5,4423,4468756.5,5320209.0,321,1,346,4460945.0,5401039.0,60,1,2,True,18156
1504944,247,4459171.677612445,5401928.901085746,120,4464282.847280636,5414161.936902765,NHBO,59,16.619337890625,16.94135335286458,35.791875,166.66666666666666,166.66666666666666,autoPassenger,1047,,4458720.5,5402335.5,1160,4465198.5,5365406.0,211,0,310,4458811.0,5400991.0,41,2,1,True,4572
1504952,303,4457599.222794124,5401554.552418173,307,4458399.596442988,5401551.152994034,NHBO,64,1.0491748046875,1.6909659067789713,2.6494606666666662,166.66666666666666,166.66666666666666,autoPassenger,745,,4459269.0,5406484.0,2192,4494986.5,5369452.0,222,0,144,4457778.5,5405671.5,10,2,3,False,0
1504965,99,4451671.789967886,5402930.935904935,158,4452698.014681567,5402089.026996348,NHBO,71,1.1516986083984375,1.7063817342122396,20.488686666666663,166.66666666666666,166.66666666666666,walk,1118,,4460098.0,5405778.0,2550,4449812.5,5337371.5,222,2,145,4458052.5,5405014.0,58,2,1,True,25008
1504966,101,4452382.0652884925,5402431.258960212,326,4458661.569332104,5398866.37670309,NHBO,71,10.6109765625,13.437712605794273,59.56109666666667,166.66666666666666,166.66666666666666,walk,810,,4460098.0,5405778.0,2550,4449812.5,5337371.5,222,2,145,4458052.5,5405014.0,58,2,1,True,25008
1504975,339,4459461.324248258,5401217.293824676,243,4459044.7377881,5402857.01494553,NHBO,78,1.99269140625,2.959158070882161,14.34178,166.66666666666666,166.66666666666666,walk,742,,4456256.0,5403410.5,2541,4442975.5,5337163.0,179,2,321,4455976.5,5398594.5,62,2,2,True,12780
1504979,173,4457094.556784147,5404785.051926554,112,4457824.231720049,5408634.89286233,NHBO,80,15.7133359375,16.852342732747395,365.7320666666666,166.66666666666666,166.66666666666666,bicycle,1096,,4456650.0,5400725.5,2643,4452804.5,5333381.5,299,2,144,4457733.5,5405147.5,68,2,2,True,7632
1504980,329,4455835.113457478,5397860.709872493,198,4458057.77327214,5403525.852374055,NHBO,80,7.80821337890625,10.776371256510416,22.153303333333334,166.66666666666666,166.66666666666666,walk,1082,,4456650.0,5400725.5,2643,4452804.5,5333381.5,299,2,144,4457733.5,5405147.5,68,2,2,True,7632
1504981,186,4457274.652340988,5404300.939806716,131,4454094.862954832,5407633.165694569,NHBO,80,7.49450634765625,11.250673421223958,17.426213333333333,21.753798333333336,166.66666666666666,walk,617,,4456650.0,5400725.5,2643,4452804.5,5333381.5,299,2,144,4457733.5,5405147.5,68,2,2,True,7632
1505000,297,4457107.996826917,5401246.969023757,134,4455929.101694387,5408051.932477576,NHBO,90,11.207099609375,15.092138671875,43.075138333333335,166.66666666666666,166.66666666666666,autoDriver,741,,4457861.0,5403452.0,102,4451806.0,5401767.0,195,1,164,4452877.0,5404303.5,20,1,1,True,14688
1505005,185,4457838.327934411,5404514.679991732,219,4460353.633693289,5405324.343923123,NHBO,96,3.6025595703125,4.3072153727213545,23.188143333333336,166.66666666666666,166.66666666666666,walk,944,,4459673.5,5400831.5,3967,4467765.5,5330872.0,345,1,339,4458875.5,5400964.5,35,1,2,True,10284
1505006,185,4457752.579885946,5404609.207622696,341,4459181.531521286,5400563.777577157,NHBO,96,5.502304199218751,7.265918477376302,17.076253333333334,166.66666666666666,166.66666666666666,walk,802,,4459673.5,5400831.5,3967,4467765.5,5330872.0,345,1,339,4458875.5,5400964.5,35,1,2,True,10284
1505008,253,4461365.381816439,5402161.882445036,173,4457073.204647737,5404598.824791606,NHBO,97,7.23274365234375,9.553879801432291,25.181121666666662,166.66666666666666,166.66666666666666,bicycle,877,,4456023.0,5398393.5,2761,4464019.0,5337587.0,329,2,226,4459581.0,5404390.5,32,1,1,True,24084
1505009,253,4461937.7624750575,5402163.529571381,13,4445700.325566637,5408207.332068022,NHBO,97,23.042623046875,29.130277506510417,191.75446666666667,114.01445,166.66666666666666,autoDriver,801,,4456023.0,5398393.5,2761,4464019.0,5337587.0,329,2,226,4459581.0,5404390.5,32,1,1,True,24084
1505018,310,4458578.096003411,5401187.314498487,400,4468362.074330344,5398074.401645632,NHBO,103,15.43955078125,12.341239420572917,214.1432166666667,166.66666666666666,166.66666666666666,autoPassenger,1188,,4456764.5,5400297.5,1896,4470432.0,5340866.0,301,0,165,4455642.0,5404741.5,80,1,2,True,17448
1505019,310,4458678.085758415,5401102.5363264745,345,4459687.698199232,5400127.243711002,NHBO,103,3.889966064453125,5.723644002278646,20.0,166.66666666666666,166.66666666666666,autoDriver,948,,4456764.5,5400297.5,1896,4470432.0,5340866.0,301,0,165,4455642.0,5404741.5,80,1,2,True,17448
1505021,310,4458706.56814109,5400930.152775106,141,4457219.785836404,5405585.909884033,NHBO,103,5.54817724609375,7.105781046549479,33.96023,166.66666666666666,166.66666666666666,autoPassenger,924,,4456764.5,5400297.5,1896,4470432.0,5340866.0,301,0,165,4455642.0,5404741.5,80,1,2,True,17448
1505025,251,4461872.259659027,5403135.057593263,170,4456227.91923268,5404206.063143622,NHBO,107,6.8231884765625,9.162340291341144,29.92989333333333,166.66666666666666,166.66666666666666,walk,640,,4458597.0,5402055.0,2432,4432375.5,5330335.0,213,0,348,4463366.0,5403002.0,60,1,2,True,14472
1505028,237,4459956.432178215,5403667.448941261,339,4458926.602099823,5401511.821700416,NHBO,108,3.351708984375,4.600898234049479,18.577058333333333,166.66666666666666,166.66666666666666,walk,1108,,4457939.5,5404927.0,2562,4451680.0,5336448.0,144,1,186,4457645.5,5404410.0,59,2,2,True,22992
1505029,218,4459842.346119089,5405569.850945005,354,4461111.60071786,5397605.082438204,NHBO,108,11.37948828125,9.151688639322916,53.70715333333333,166.66666666666666,166.66666666666666,walk,997,,4457939.5,5404927.0,2562,4451680.0,5336448.0,144,1,186,4457645.5,5404410.0,59,2,2,True,22992
1505030,237,4460048.857987156,5403644.579469818,172,4456564.337663414,5404756.720462554,NHBO,108,4.61392529296875,6.309600321451823,20.13664333333333,166.66666666666666,166.66666666666666,walk,1059,,4457939.5,5404927.0,2562,4451680.0,5336448.0,144,1,186,4457645.5,5404410.0,59,2,2,True,22992
1505031,237,4459795.947272969,5403548.623596211,314,4457776.440925947,5400111.2843891205,NHBO,108,5.51840380859375,7.361887613932292,23.145775,166.66666666666666,166.66666666666666,bus,936,,4457939.5,5404927.0,2562,4451680.0,5336448.0,144,1,186,4457645.5,5404410.0,59,2,2,True,22992
1505035,204,4457563.5,5403232.5,233,4459063.310750236,5403443.742264249,NHBO,110,3.0473330078125,4.197733306884766,12.473690833333334,166.66666666666666,166.66666666666666,walk,911,,4459227.0,5404574.5,1375,4460013.5,5347274.0,223,0,228,4460075.0,5404522.5,12,2,3,False,0
1505044,243,4459345.79198355,5402520.10437266,349,4459171.614013102,5399910.4409751855,NHBO,116,3.6838583984375,5.640517171223959,15.218534333333334,166.66666666666666,166.66666666666666,bus,829,,4456854.5,5396862.0,1258,4459968.0,5354644.5,333,1,310,4458753.0,5401193.0,80,2,2,False,0
1505050,191,4458725.148988062,5404106.113605962,377,4466795.956398357,5404543.748110446,NHBO,122,11.964064453125,10.288511149088542,32.89823,166.66666666666666,166.66666666666666,autoPassenger,1209,,4458409.5,5400351.0,1901,4471622.5,5340833.5,317,1,308,4458636.5,5401516.0,51,1,2,True,8712
1505055,244,4460387.994644831,5402726.343459257,232,4459345.248179267,5403991.25637203,NHBO,127,2.876552978515625,4.170423889160157,9.572009333333334,166.66666666666666,166.66666666666666,autoDriver,708,,4459053.0,5403794.0,3836,4472521.0,5332323.5,231,2,190,4458055.0,5404108.0,26,2,1,True,16596
1505061,249,4460087.203798354,5402302.093765272,179,4456120.917270946,5403373.772276234,NHBO,130,6.87487353515625,7.673542277018229,166.66666666666666,166.66666666666666,166.66666666666666,autoDriver,675,,4454802.0,5404023.0,2845,4460956.5,5332326.5,149,0,144,4457452.0,5405038.5,24,2,3,True,0
1505066,306,4457923.113380538,5401187.536868814,115,4461257.974373075,5406865.168501368,NHBO,131,8.7965146484375,11.6017822265625,53.34109333333333,166.66666666666666,166.66666666666666,bicycle,649,,4458454.5,5401030.5,3985,4465565.0,5329203.5,310,1,239,4460916.0,5405727.5,20,2,3,True,0
1505070,173,4457076.340617546,5404590.509672135,166,4456404.821252137,5404792.697495473,NHBO,133,1.2293934326171876,2.0226444244384765,3.6766741666666665,166.66666666666666,166.66666666666666,walk,1093,,4456558.5,5408159.0,3007,4461444.0,5330760.5,134,1,253,4461487.0,5401866.5,39,2,1,True,42840
1505074,211,4458531.2070544325,5402437.091392033,301,4456450.79754683,5400329.00082022,NHBO,136,3.763548095703125,5.558825174967448,8.987123333333333,166.66666666666666,166.66666666666666,walk,1207,,4453952.5,5397769.5,1453,4459849.0,5340310.5,327,1,318,4458679.5,5400139.5,78,2,2,False,38268
1505075,116,4460243.104553368,5408564.979708509,339,4459240.589301893,5401439.2225667965,NHBO,136,8.954115234375001,6.992667134602865,63.22905,166.66666666666666,166.66666666666666,walk,694,,4453952.5,5397769.5,1453,4459849.0,5340310.5,327,1,318,4458679.5,5400139.5,78,2,2,False,38268
1505078,304,4457742.556640554,5401372.782534428,330,4457099.991457427,5397953.18303289,NHBO,141,5.4124951171875,8.401784261067709,8.570426666666666,166.66666666666666,166.66666666666666,walk,1136,,4458609.5,5400076.0,2163,4510601.5,5376627.5,324,1,346,4460992.5,5401026.0,52,1,1,True,82860
1505079,185,4457776.800901517,5404688.88310941,349,4459040.526790833,5399971.932051141,NHBO,141,6.4483408203125006,8.96871337890625,33.16773833333333,166.66666666666666,166.66666666666666,autoPassenger,1161,,4458609.5,5400076.0,2163,4510601.5,5376627.5,324,1,346,4460992.5,5401026.0,52,1,1,True,82860
1505082,84,4479040.829202999,5417451.087103508,87,4474268.108315613,5417819.078823053,NHBO,143,9.02724609375,8.605844116210937,571.2063333333333,487.20633333333336,166.66666666666666,walk,842,,4459143.5,5399073.5,2091,4509924.5,5379602.5,326,0,348,4463375.5,5403096.5,75,2,2,True,25380
1505083,245,4458975.241072002,5402366.060128829,313,4457488.766923979,5400451.1953113545,NHBO,143,3.634129150390625,5.594159444173177,14.375274999999998,166.66666666666666,166.66666666666666,bicycle,969,,4459143.5,5399073.5,2091,4509924.5,5379602.5,326,0,348,4463375.5,5403096.5,75,2,2,True,25380
1505095,249,4459681.296383392,5402239.66636293,187,4457951.912452275,5404205.3468713015,NHBO,147,5.184724609375,4.929741414388021,166.66666666666666,166.66666666666666,166.66666666666666,walk,751,,4458859.5,5406217.5,1808,4466637.0,5339959.5,222,0,348,4463401.5,5402753.5,29,2,1,True,24600
1505096,114,4459841.233299666,5408616.737062877,115,4460309.920124934,5406588.111027565,NHBO,147,0.96488720703125,1.9413775126139323,18.01483,166.66666666666666,166.66666666666666,autoDriver,1102,,4458859.5,5406217.5,1808,4466637.0,5339959.5,222,0,348,4463401.5,5402753.5,29,2,1,True,24600
1505098,204,4457430.469014139,5403224.26234385,161,4455193.676643391,5403273.346320787,NHBO,151,2.006653076171875,2.702107493082682,19.42568333333333,166.66666666666666,166.66666666666666,walk,727,,4456076.5,5407575.0,3420,4469082.5,5336032.5,137,1,347,4461580.5,5401514.0,74,1,2,False,20100
1505101,323,4458019.573099273,5399992.6975082,236,4460314.038889726,5403954.015493227,NHBO,156,6.977421875,8.492054239908853,30.16294,166.66666666666666,166.66666666666666,bus,1101,,4456052.5,5404133.5,4199,4473267.0,5329406.5,170,1,239,4460929.0,5405629.5,80,2,2,True,7620
1505112,175,4457100.5767759,5404105.147268142,243,4459220.295485905,5403265.572810502,NHBO,160,3.801919189453125,5.094984944661459,19.076071666666667,166.66666666666666,166.66666666666666,bus,969,,4456902.0,5400752.0,4858,4510184.5,5301365.5,300,1,165,4455828.0,5405076.0,38,1,1,True,33288
1505113,326,4458224.394549777,5398777.22591504,189,4458573.667892815,5404500.101044139,NHBO,164,6.7732939453125,9.426495361328126,53.65933333333333,166.66666666666666,166.66666666666666,bus,522,,4459026.0,5406333.0,2395,4424748.5,5339296.5,222,0,99,4451787.5,5402630.5,65,1,2,True,23016
1505114,326,4458639.767842837,5398954.31837721,305,4457346.266113253,5401053.616357621,NHBO,164,3.604686767578125,5.409095255533854,35.90918833333333,166.66666666666666,166.66666666666666,walk,596,,4459026.0,5406333.0,2395,4424748.5,5339296.5,222,0,99,4451787.5,5402630.5,65,1,2,True,23016
1505119,323,4457518.292655218,5400013.5173631245,249,4460321.128320264,5401982.443378912,NHBO,166,4.94293798828125,7.258721415201823,166.66666666666666,166.66666666666666,166.66666666666666,autoPassenger,1158,,4455098.5,5403689.0,2424,4428224.5,5331412.0,154,2,145,4458064.0,5405052.5,37,1,1,True,56232
1505120,204,4457362.389055541,5403286.034728616,151,4454525.692474739,5403507.52439681,NHBO,166,3.69214501953125,4.879698689778646,12.443275,166.66666666666666,166.66666666666666,autoPassenger,849,,4455098.5,5403689.0,2424,4428224.5,5331412.0,154,2,145,4458064.0,5405052.5,37,1,1,True,56232
1505124,377,4466252.796317446,5403452.180178058,177,4456435.258753248,5403966.234702996,NHBO,167,15.7963310546875,15.750428263346354,41.38704,166.66666666666666,166.66666666666666,autoDriver,963,,4454009.5,5404886.5,2387,4411488.5,5326903.0,164,2,144,4457826.0,5405353.0,35,2,2,True,0
1505125,377,4468092.473796988,5403901.487803578,240,4461941.754166534,5404702.350445677,NHBO,167,9.1842783203125,7.73311767578125,45.14714833333333,166.66666666666666,166.66666666666666,bicycle,1223,,4454009.5,5404886.5,2387,4411488.5,5326903.0,164,2,144,4457826.0,5405353.0,35,2,2,True,0
1505126,377,4465512.630370275,5404780.655991141,158,4452540.109209194,5402420.453620685,NHBO,167,18.724017578125,18.30661417643229,72.3646,166.66666666666666,166.66666666666666,autoDriver,743,,4454009.5,5404886.5,2387,4411488.5,5326903.0,164,2,144,4457826.0,5405353.0,35,2,2,True,0
1505127,377,4467156.916559898,5403368.064251569,322,4456489.972211016,5399130.337198623,NHBO,167,19.882029296875,18.805796305338543,54.93270666666666,166.66666666666666,166.66666666666666,autoDriver,892,,4454009.5,5404886.5,2387,4411488.5,5326903.0,164,2,144,4457826.0,5405353.0,35,2,2,True,0
1505144,306,4457884.500806396,5401130.463774258,373,4462954.217987915,5388817.670593033,NHBO,182,17.3092578125,13.946531168619792,60.92894666666667,166.66666666666666,166.66666666666666,autoDriver,1150,,4458265.0,5400558.5,2294,4493532.0,5352353.0,315,1,144,4457614.5,5405437.5,47,2,2,True,0
1505145,306,4457780.931720642,5401099.409592843,332,4456733.656124,5397548.294924938,NHBO,182,5.26059375,7.640699768066406,27.066406666666666,166.66666666666666,166.66666666666666,walk,1147,,4458265.0,5400558.5,2294,4493532.0,5352353.0,315,1,144,4457614.5,5405437.5,47,2,2,True,0
1505147,241,4460989.89989324,5403591.062473985,191,4458693.435314045,5404469.182851229,NHBO,183,2.9207863769531253,3.802154795328776,27.64030166666667,166.66666666666666,166.66666666666666,autoDriver,536,,4451752.0,5401915.0,2278,4494806.5,5360962.5,102,1,145,4458064.0,5405052.5,19,1,3,True,0
1505148,309,4458157.576973035,5400936.005561306,315,4458159.775996813,5400704.22941087,NHBO,183,0.4821685180664062,0.9093209584554036,3.9457016666666656,166.66666666666666,166.66666666666666,walk,1258,,4451752.0,5401915.0,2278,4494806.5,5360962.5,102,1,145,4458064.0,5405052.5,19,1,3,True,0
1505156,322,4456658.4730261015,5399133.975482888,306,4457889.894307505,5400931.856349837,NHBO,192,3.46183642578125,5.386399841308593,7.646859666666667,166.66666666666666,166.66666666666666,autoDriver,981,,4455635.5,5399619.0,1589,4472192.5,5351290.0,162,0,145,4458064.0,5405052.5,54,1,1,True,28632
1505157,189,4458464.129093063,5404844.9129050905,229,4459735.651101697,5404277.800587192,NHBO,192,1.4469493408203125,2.1221822102864585,13.855990666666663,166.66666666666666,166.66666666666666,bicycle,901,,4455635.5,5399619.0,1589,4472192.5,5351290.0,162,0,145,4458064.0,5405052.5,54,1,1,True,28632
1505158,322,4456636.833778945,5398514.721238938,132,4453045.410002747,5406153.895916684,NHBO,192,12.8572783203125,18.29706013997396,41.017155,166.66666666666666,166.66666666666666,autoDriver,663,,4455635.5,5399619.0,1589,4472192.5,5351290.0,162,0,145,4458064.0,5405052.5,54,1,1,True,28632
1505159,322,4456881.957870712,5399159.368317695,1161,4467881.915295788,5387062.301338514,NHBO,192,21.675884765625,19.19587809244792,175.2716,64.18633333333332,166.66666666666666,autoDriver,617,,4455635.5,5399619.0,1589,4472192.5,5351290.0,162,0,145,4458064.0,5405052.5,54,1,1,True,28632
1505160,322,4456468.83744302,5398656.974526789,363,4466879.171588743,5398708.268084607,NHBO,192,10.57797265625,11.474449666341146,38.773408333333336,166.66666666666666,166.66666666666666,autoDriver,1062,,4455635.5,5399619.0,1589,4472192.5,5351290.0,162,0,145,4458064.0,5405052.5,54,1,1,True,28632
1505163,183,4456996.601924704,5403692.015853622,243,4459272.939444463,5403269.324012899,NHBO,193,3.526449462890625,4.946434529622396,11.492738833333334,166.66666666666666,166.66666666666666,walk,535,,4458352.5,5403388.0,1172,4482760.5,5383782.5,198,1,176,4455843.5,5404093.5,63,1,2,True,17160
1505165,124,4463608.8493763525,5407286.425346094,227,4459911.4400182245,5404812.555698125,NHBO,194,6.177030761718751,6.67623036702474,38.887971666666665,166.66666666666666,166.66666666666666,autoDriver,1171,,4455417.0,5403576.0,1564,4467367.5,5357171.5,155,1,144,4457660.5,5405507.5,65,2,2,True,7296
1505166,342,4459524.671910836,5400595.756464584,307,4458261.627584219,5401477.496641472,NHBO,194,2.557347412109375,3.862277475992839,3.649461666666667,166.66666666666666,166.66666666666666,autoDriver,878,,4455417.0,5403576.0,1564,4467367.5,5357171.5,155,1,144,4457660.5,5405507.5,65,2,2,True,7296
1505184,232,4459357.119576018,5403738.9031842565,184,4457528.248602033,5404868.705990398,NHBO,205,3.262045654296875,4.602706909179688,14.602194166666669,166.66666666666666,166.66666666666666,walk,1041,,4459663.5,5405449.0,4415,4470426.5,5323437.5,218,1,145,4458064.0,5405052.5,11,2,3,False,0
1505185,194,4457351.5,5403656.0,209,4457722.938930793,5402249.136183677,NHBO,205,2.698147705078125,3.427632141113281,7.639245666666667,166.66666666666666,166.66666666666666,walk,987,,4459663.5,5405449.0,4415,4470426.5,5323437.5,218,1,145,4458064.0,5405052.5,11,2,3,False,0
1505194,225,4459121.981662488,5404104.618538707,174,4456749.161820651,5404162.433912566,NHBO,218,2.90627587890625,3.907039642333984,10.350103333333331,166.66666666666666,166.66666666666666,walk,953,,4456759.0,5405023.0,1161,4467760.5,5385898.5,142,2,145,4458064.0,5405052.5,46,2,1,True,23460
1505196,219,4460393.668612645,5405428.453874169,217,4459606.797037548,5405242.434511029,NHBO,223,1.0327952880859377,1.2393541971842448,3.4496536666666664,166.66666666666666,166.66666666666666,walk,650,,4458532.0,5403882.5,4725,4522890.5,5316829.0,197,1,144,4457333.5,5405161.0,69,2,2,False,15816
1505197,219,4460447.629899602,5405381.445619228,172,4456495.451679213,5404827.423867204,NHBO,223,4.8095634765625,6.100130208333333,20.203236666666665,166.66666666666666,166.66666666666666,walk,886,,4458532.0,5403882.5,4725,4522890.5,5316829.0,197,1,144,4457333.5,5405161.0,69,2,2,False,15816
1505198,198,4458269.337154042,5403506.99325814,321,4456188.296429945,5398631.625139337,NHBO,223,6.6062211914062505,9.126931762695312,17.212583333333335,166.66666666666666,166.66666666666666,walk,691,,4458532.0,5403882.5,4725,4522890.5,5316829.0,197,1,144,4457333.5,5405161.0,69,2,2,False,15816
1505201,213,4458598.080317383,5401860.431701576,303,4457284.229742968,5401377.945136506,NHBO,224,1.659125244140625,2.558155314127604,37.26606,166.66666666666666,166.66666666666666,autoDriver,881,,4452683.5,5403793.0,1178,4484996.5,5387791.0,164,0,346,4460757.0,5401208.5,37,1,2,False,15516
1505202,185,4457768.574764672,5404636.340339236,186,4457382.8629839895,5404422.109230702,NHBO,224,1.1484141845703124,1.4712193806966145,0.8477212333333333,166.66666666666666,166.66666666666666,walk,1035,,4452683.5,5403793.0,1178,4484996.5,5387791.0,164,0,346,4460757.0,5401208.5,37,1,2,False,15516
1505203,324,4458591.501304022,5399964.245582803,356,4462365.953822835,5398061.8351098085,NHBO,224,7.4597666015625,9.345313517252604,49.27009333333333,166.66666666666666,166.66666666666666,autoDriver,931,,4452683.5,5403793.0,1178,4484996.5,5387791.0,164,0,346,4460757.0,5401208.5,37,1,2,False,15516
1505204,169,4456266.226829361,5404460.3047615,181,4457114.238988311,5403938.090773818,NHBO,224,1.14932373046875,1.822334543863932,166.66666666666666,166.66666666666666,166.66666666666666,bicycle,1124,,4452683.5,5403793.0,1178,4484996.5,5387791.0,164,0,346,4460757.0,5401208.5,37,1,2,False,15516
1505207,198,4458271.016781734,5403413.67797411,116,4461265.292320798,5408768.51449726,NHBO,225,7.266619140625,5.938886515299479,35.86570666666667,166.66666666666666,166.66666666666666,walk,1157,,4457601.0,5403486.0,393,4482851.5,5407642.5,194,2,144,4457452.0,5405038.5,37,2,2,True,4680
1505209,247,4459136.285374899,5401799.534595106,211,4458506.784213742,5402121.974874504,NHBO,230,0.7181028442382813,0.9745464960734048,8.043501666666666,166.66666666666666,166.66666666666666,walk,1029,,4459452.5,5403963.0,4551,4447761.5,5298650.0,232,1,346,4461175.5,5401215.0,51,1,1,True,22332
1505216,344,4459448.191488106,5400337.692898603,216,4459040.772804282,5405118.586647572,NHBO,236,5.64354296875,7.7707763671875,30.526433333333333,166.66666666666666,166.66666666666666,walk,887,,4455869.0,5404080.0,2271,4531149.0,5374330.0,176,1,347,4461335.0,5401081.0,74,2,2,True,11004
1505219,94,4451721.354258198,5412731.746223945,245,4458975.997535504,5402347.713263448,NHBO,243,17.955099609375,19.017679850260414,82.67855666666667,166.66666666666666,166.66666666666666,autoDriver,776,,4459217.0,5401957.5,4712,4502590.0,5312304.0,247,2,321,4455976.5,5398594.5,44,1,2,True,8676
1505220,94,4450075.866307668,5413114.241318288,54,4439654.221881904,5417639.47108078,NHBO,243,16.0954931640625,13.187075805664062,22.901923333333333,166.66666666666666,166.66666666666666,autoDriver,914,,4459217.0,5401957.5,4712,4502590.0,5312304.0,247,2,321,4455976.5,5398594.5,44,1,2,True,8676
1505223,199,4458546.99577332,5403479.09973841,361,4462701.099522536,5397466.638832721,NHBO,245,10.05513671875,9.334561157226563,48.10135833333333,166.66666666666666,166.66666666666666,walk,822,,4459060.0,5406443.0,4741,4497110.0,5304062.5,222,1,347,4461580.5,5401514.0,35,2,2,True,4368
1505224,242,4461389.811747974,5403310.442661071,232,4459610.303468255,5403856.727563274,NHBO,245,2.326834228515625,3.528098551432292,3.7681806666666655,166.66666666666666,166.66666666666666,walk,980,,4459060.0,5406443.0,4741,4497110.0,5304062.5,222,1,347,4461580.5,5401514.0,35,2,2,True,4368
1505232,204,4457314.5,5403256.0,358,4463368.395790307,5398233.652874221,NHBO,250,13.2216416015625,12.551780192057292,29.13658,166.66666666666666,166.66666666666666,autoDriver,670,,4459108.0,5406724.0,4707,4513637.5,5317044.0,139,1,144,4457826.0,5405353.0,13,1,3,False,0
1505233,204,4457314.5,5403256.0,181,4456891.265680083,5403885.710081672,NHBO,250,1.179106201171875,1.8509232838948568,2.423807,166.66666666666666,166.66666666666666,walk,786,,4459108.0,5406724.0,4707,4513637.5,5317044.0,139,1,144,4457826.0,5405353.0,13,1,3,False,0
1505239,304,4457666.274900174,5401507.559141321,339,4459291.675848276,5401079.337499186,NHBO,255,1.919032958984375,3.3450976053873696,31.998185,166.66666666666666,166.66666666666666,walk,1185,,4456509.0,5408264.0,4729,4497653.5,5312090.5,134,0,347,4461782.0,5400963.5,2,2,2,False,0
1505242,167,4455727.404762011,5404128.048666303,224,4459592.146629654,5404507.295476232,NHBO,263,4.215880859375,5.188251241048177,16.230898333333332,166.66666666666666,166.66666666666666,walk,943,,4456836.5,5404951.5,4886,4512425.0,5295397.5,142,1,253,4461525.0,5401859.5,80,2,2,True,6180
1505243,167,4456007.775526801,5404375.694272239,158,4453137.689692053,5401942.709536159,NHBO,263,4.6360390625,5.771463521321614,23.831266666666664,166.66666666666666,166.66666666666666,walk,585,,4456836.5,5404951.5,4886,4512425.0,5295397.5,142,1,253,4461525.0,5401859.5,80,2,2,True,6180
1505244,167,4455913.178394683,5404482.720725288,339,4459528.199246371,5401564.9584505055,NHBO,263,5.94744287109375,7.965958658854166,33.307273333333335,166.66666666666666,166.66666666666666,walk,1141,,4456836.5,5404951.5,4886,4512425.0,5295397.5,142,1,253,4461525.0,5401859.5,80,2,2,True,6180
1505248,309,4458369.094609196,5400953.657741203,350,4460507.61172112,5399552.346910983,NHBO,265,4.195921875,5.982049560546875,19.99901333333333,166.66666666666666,166.66666666666666,walk,640,,4457892.0,5400538.0,2206,4511615.0,5374422.0,312,1,188,4458299.5,5404743.0,47,2,1,True,10668
1505249,309,4458379.871360326,5401269.656120487,182,4456601.382807906,5403583.135982089,NHBO,265,3.70960595703125,5.131060282389323,18.91501,166.66666666666666,166.66666666666666,autoPassenger,903,,4457892.0,5400538.0,2206,4511615.0,5374422.0,312,1,188,4458299.5,5404743.0,47,2,1,True,10668
1505250,243,4459275.180362319,5403085.390171825,177,4456406.471039378,5403923.554525453,NHBO,269,5.0213837890625,7.34169209798177,27.87115,166.66666666666666,166.66666666666666,autoDriver,819,,4456001.0,5399333.0,2221,4524286.0,5390001.5,319,1,144,4457452.0,5405038.5,20,2,3,True,0
1505251,323,4457406.368483569,5399872.510736182,171,4456379.163724971,5404138.005520681,NHBO,272,6.762830078125,9.435996500651042,25.186243333333334,166.66666666666666,166.66666666666666,walk,918,,4459744.0,5404007.5,2187,4499723.0,5376129.0,235,1,229,4459663.5,5404151.5,50,2,2,True,0
1505252,167,4455823.826763595,5404248.91398905,320,4456875.851771709,5399522.351404378,NHBO,272,8.092671875,10.850787353515624,30.174491666666665,166.66666666666666,166.66666666666666,walk,1079,,4459744.0,5404007.5,2187,4499723.0,5376129.0,235,1,229,4459663.5,5404151.5,50,2,2,True,0
1505256,198,4458100.42918914,5403570.415768179,179,4456084.908556499,5403697.659814237,NHBO,280,2.613802734375,3.8844070434570312,13.813828333333332,166.66666666666666,166.66666666666666,walk,902,,4455988.5,5396896.0,2403,4415276.0,5328491.0,333,1,346,4460757.0,5401208.5,33,1,1,True,63792
1505258,198,4458359.293672,5403432.063326457,343,4458946.904722254,5400174.900369108,NHBO,281,4.54585009765625,6.223186238606771,14.006676666666667,166.66666666666666,166.66666666666666,walk,1274,,4458678.5,5402031.0,4619,4483013.0,5294513.0,213,1,253,4461551.0,5401820.5,49,1,1,True,26664
1505259,179,4456103.808621573,5403410.04642522,166,4456145.755809134,5404523.84516912,NHBO,281,2.518759033203125,3.29162114461263,3.6766741666666665,166.66666666666666,166.66666666666666,autoDriver,762,,4458678.5,5402031.0,4619,4483013.0,5294513.0,213,1,253,4461551.0,5401820.5,49,1,1,True,26664
1505260,250,4460520.543014963,5403070.371662299,113,4458385.4604164045,5413130.209206411,NHBO,281,11.27665234375,10.748011271158854,45.88822833333334,166.66666666666666,166.66666666666666,autoDriver,712,,4458678.5,5402031.0,4619,4483013.0,5294513.0,213,1,253,4461551.0,5401820.5,49,1,1,True,26664
1505261,205,4457710.354780185,5402983.684516544,369,4459546.963435794,5395400.540945823,NHBO,281,8.365274414062501,10.40257568359375,300.0,166.66666666666666,166.66666666666666,walk,997,,4458678.5,5402031.0,4619,4483013.0,5294513.0,213,1,253,4461551.0,5401820.5,49,1,1,True,26664
1505264,319,4456172.283945181,5399637.811057133,116,4460948.829297316,5408429.301175316,NHBO,289,12.8090068359375,12.268451944986978,59.53237333333333,166.66666666666666,166.66666666666666,autoDriver,531,,4455811.5,5403524.0,1726,4474819.5,5345324.0,178,0,347,4461580.5,5401514.0,33,1,2,True,5688
1505265,319,4455685.1862710165,5399376.35362282,340,4460289.343782026,5401675.969568542,NHBO,289,5.44883203125,8.246194458007812,21.48025,166.66666666666666,166.66666666666666,walk,781,,4455811.5,5403524.0,1726,4474819.5,5345324.0,178,0,347,4461580.5,5401514.0,33,1,2,True,5688
1505266,204,4457273.3068493605,5403071.615724646,349,4459103.740416949,5399772.521813261,NHBO,289,5.64578173828125,7.961008199055989,23.24977833333333,166.66666666666666,166.66666666666666,bicycle,1027,,4455811.5,5403524.0,1726,4474819.5,5345324.0,178,0,347,4461580.5,5401514.0,33,1,2,True,5688
1505267,304,4457803.701247772,5401425.330014649,324,4458274.8422104,5399645.486662408,NHBO,290,1.88644873046875,3.777312215169271,14.713653333333331,166.66666666666666,166.66666666666666,walk,704,,4460199.5,5399680.0,2687,4457990.5,5331183.5,350,0,253,4461570.0,5401891.0,33,2,1,True,13872
1505268,237,4459859.852537158,5403477.152544357,225,4459111.208503969,5404284.891649534,NHBO,290,1.5418756103515625,2.3766276041666665,6.474081666666667,166.66666666666666,166.66666666666666,autoDriver,877,,4460199.5,5399680.0,2687,4457990.5,5331183.5,350,0,253,4461570.0,5401891.0,33,2,1,True,13872
1505279,195,4458006.7153634345,5403367.875272108,172,4456632.518632865,5404888.513983404,NHBO,302,2.28553759765625,3.616858418782552,9.463195833333334,166.66666666666666,166.66666666666666,walk,1231,,4456995.5,5403780.5,3148,4441482.5,5322324.5,181,0,347,4461580.5,5401514.0,33,2,1,True,7224
1505280,165,4455336.180472448,5405019.392728824,233,4459011.433368116,5403487.999353958,NHBO,302,4.64072216796875,5.905033874511719,16.903172833333333,166.66666666666666,166.66666666666666,walk,717,,4456995.5,5403780.5,3148,4441482.5,5322324.5,181,0,347,4461580.5,5401514.0,33,2,1,True,7224
1505284,26,4439382.381133862,5399806.186272619,291,4444998.715054316,5394183.883502557,NHBO,312,13.7623037109375,14.29210713704427,70.85428833333333,297.8543,166.66666666666666,walk,1129,,4456073.5,5404113.5,4368,4479995.5,5330144.0,170,2,346,4460573.0,5401130.5,72,2,2,True,4032
1505285,253,4461736.12830295,5402479.556834979,331,4456029.824865634,5397549.66505158,NHBO,312,9.2469375,10.456296793619792,39.70870833333333,166.66666666666666,166.66666666666666,bus,1150,,4456073.5,5404113.5,4368,4479995.5,5330144.0,170,2,346,4460573.0,5401130.5,72,2,2,True,4032
1505286,401,4471617.044713764,5394858.948162116,208,4458252.830519991,5402597.545189444,NHBO,312,21.06048046875,18.36672770182292,45.45522833333334,166.66666666666666,166.66666666666666,bus,553,,4456073.5,5404113.5,4368,4479995.5,5330144.0,170,2,346,4460573.0,5401130.5,72,2,2,True,4032
1505290,333,4457483.943263821,5396275.428960823,175,4457065.093348283,5404251.203803733,NHBO,318,10.4777470703125,12.727679443359374,42.08909166666666,166.66666666666666,166.66666666666666,bicycle,1186,,4456266.5,5404228.0,1708,4466869.5,5346357.5,171,1,226,4459473.0,5404203.0,33,2,2,True,0
1505291,333,4456343.749987066,5396069.40769086,315,4458443.725066096,5400599.949380192,NHBO,318,5.87142626953125,6.910254414876302,17.283846666666665,166.66666666666666,166.66666666666666,autoPassenger,473,,4456266.5,5404228.0,1708,4466869.5,5346357.5,171,1,226,4459473.0,5404203.0,33,2,2,True,0
1505292,333,4457487.314643739,5396097.026333347,317,4458354.757457577,5400388.4113599,NHBO,318,5.64465234375,6.671533203125,15.465091666666666,166.66666666666666,166.66666666666666,bicycle,1224,,4456266.5,5404228.0,1708,4466869.5,5346357.5,171,1,226,4459473.0,5404203.0,33,2,2,True,0
1505293,333,4456760.651183609,5396338.287138276,282,4442998.503880395,5399016.697224324,NHBO,318,16.76250390625,14.0841064453125,128.31758333333337,134.60091666666668,166.66666666666666,autoPassenger,1034,,4456266.5,5404228.0,1708,4466869.5,5346357.5,171,1,226,4459473.0,5404203.0,33,2,2,True,0
1505300,324,4458466.44815385,5399817.802023062,340,4460012.01129329,5401401.182678794,NHBO,322,4.074976806640625,6.539940897623698,24.000551666666667,166.66666666666666,166.66666666666666,bicycle,1028,,4456272.5,5397546.5,4392,4478898.0,5326308.0,331,1,144,4457660.5,5405507.5,43,2,2,True,0
1505312,298,4456197.488989167,5400325.955087608,1108,4458702.693182735,5389337.551508825,NHBO,335,13.2858515625,13.06553751627604,647.5303333333334,166.66666666666666,166.66666666666666,walk,751,,4457230.0,5404222.0,4382,4482125.5,5328471.0,175,0,178,4455979.0,5403535.5,20,1,1,True,10680
1505319,115,4459661.813133937,5410471.039448213,118,4461206.019725793,5409514.435370688,NHBO,338,2.907864990234375,4.560747782389323,59.86803833333333,166.66666666666666,166.66666666666666,autoDriver,1074,,4458828.0,5404186.5,4895,4509287.0,5287768.0,191,1,144,4457299.0,5405404.5,67,2,2,True,14496
1505321,173,4456887.240706774,5404674.777820327,229,4459718.337341008,5404126.154747366,NHBO,339,3.5523056640625,4.501630655924479,20.79437666666667,166.66666666666666,166.66666666666666,autoPassenger,804,,4458786.5,5403899.5,2649,4453793.5,5333154.5,197,0,164,4454103.0,5404880.5,40,1,1,True,44844
1505322,173,4457198.774199151,5404509.720041915,184,4457264.426058967,5404522.211738251,NHBO,339,0.5877168579101563,1.1655550638834635,13.319483333333332,166.66666666666666,166.66666666666666,autoDriver,971,,4458786.5,5403899.5,2649,4453793.5,5333154.5,197,0,164,4454103.0,5404880.5,40,1,1,True,44844
1505328,207,4457674.193459932,5402840.754369531,112,4458326.756135439,5409421.991692685,NHBO,342,16.81655859375,18.21704915364583,65.73207666666666,166.66666666666666,166.66666666666666,autoPassenger,771,,4456602.5,5404118.5,1014,4426840.0,5355533.5,174,1,99,4451881.0,5402632.5,7,1,3,False,0
1505329,166,4456332.570121203,5404634.200830932,345,4460382.535555872,5400880.587995853,NHBO,342,9.391720703125,9.885043334960937,28.28109166666667,166.66666666666666,166.66666666666666,walk,1345,,4456602.5,5404118.5,1014,4426840.0,5355533.5,174,1,99,4451881.0,5402632.5,7,1,3,False,0
1505337,241,4460617.100043895,5403558.868303916,147,4454118.235473776,5405023.267328635,NHBO,354,7.910873046875,10.828268432617188,34.520043333333334,166.66666666666666,166.66666666666666,autoDriver,622,,4456968.0,5404759.5,854,4420360.0,5357737.0,173,1,349,4459222.0,5399478.0,67,1,1,True,56892
1505338,194,4457480.830541916,5403327.258053187,94,4450882.573977758,5413664.652592635,NHBO,354,16.0056015625,16.29691162109375,245.423,232.423,166.66666666666666,autoDriver,970,,4456968.0,5404759.5,854,4420360.0,5357737.0,173,1,349,4459222.0,5399478.0,67,1,1,True,56892
1505339,195,4458011.881933613,5403398.297535064,58,4441879.25866726,5417085.837270281,NHBO,354,28.228796875,25.61362101236979,47.57271333333333,166.66666666666666,166.66666666666666,autoDriver,951,,4456968.0,5404759.5,854,4420360.0,5357737.0,173,1,349,4459222.0,5399478.0,67,1,1,True,56892
1505340,186,4457543.451773188,5404242.566332471,155,4455300.331140361,5403693.383370689,NHBO,358,2.43571142578125,3.3666666666666667,18.590571666666666,166.66666666666666,166.66666666666666,autoDriver,1190,,4457720.0,5403357.5,3372,4469319.0,5337597.0,195,2,144,4457558.0,5404947.0,33,2,2,True,4944
1505341,273,4441299.416050205,5399703.962182749,91,4448020.501771531,5406262.873205653,NHBO,358,11.3786669921875,11.708645629882811,320.6805333333333,279.6805333333333,166.66666666666666,bicycle,989,,4457720.0,5403357.5,3372,4469319.0,5337597.0,195,2,144,4457558.0,5404947.0,33,2,2,True,4944
1505342,273,4441337.891019119,5399835.598779536,282,4443052.055370932,5398919.1687030485,NHBO,358,2.5290998535156253,4.252842203776042,53.31758666666666,166.66666666666666,166.66666666666666,walk,1141,,4457720.0,5403357.5,3372,4469319.0,5337597.0,195,2,144,4457558.0,5404947.0,33,2,2,True,4944
1505343,273,4441490.680734637,5400016.693119725,288,4443592.510447727,5394162.281658329,NHBO,358,9.1636552734375,11.261568196614585,266.60681666666665,166.66666666666666,166.66666666666666,walk,833,,4457720.0,5403357.5,3372,4469319.0,5337597.0,195,2,144,4457558.0,5404947.0,33,2,2,True,4944
1505345,204,4457571.799248037,5403209.153028807,108,4453298.070040287,5408834.219704122,NHBO,359,9.2293984375,13.599672444661458,25.71390166666667,166.66666666666666,166.66666666666666,walk,792,,4456631.5,5403026.0,424,4399868.0,5380639.0,201,3,297,4456873.0,5401342.0,3,1,2,False,0
1505346,142,4456608.204000331,5405036.978559362,154,4454887.607559214,5403564.297482027,NHBO,359,2.92534619140625,3.975230153401693,12.313611666666668,166.66666666666666,166.66666666666666,bicycle,685,,4456631.5,5403026.0,424,4399868.0,5380639.0,201,3,297,4456873.0,5401342.0,3,1,2,False,0
1505349,204,4457456.666968873,5402922.82465206,273,4441380.667444412,5399744.080853537,NHBO,360,20.7434921875,21.237687174479166,95.98081666666668,85.98081666666667,166.66666666666666,walk,1229,,4457816.5,5400450.0,434,4403877.0,5380621.5,314,1,346,4460757.0,5401208.5,1,1,2,False,0
1505350,204,4457340.04769655,5403230.712006404,286,4449093.89147638,5398061.777390661,NHBO,360,13.197107421875,15.872119140625,48.4869,166.66666666666666,166.66666666666666,walk,1067,,4457816.5,5400450.0,434,4403877.0,5380621.5,314,1,346,4460757.0,5401208.5,1,1,2,False,0
1505353,232,4459448.83849868,5403767.217343299,114,4460011.107885843,5408504.038551113,NHBO,364,7.1204267578125,6.535199483235677,19.973955,166.66666666666666,166.66666666666666,autoPassenger,456,,4459620.0,5405570.5,4332,4478208.5,5332506.0,215,1,347,4461335.0,5401081.0,25,1,1,True,9792
1505359,172,4456759.790242114,5404515.451837534,240,4462615.035489413,5404206.503680404,NHBO,367,7.0732011718750005,9.22789103190104,20.14714833333333,166.66666666666666,166.66666666666666,autoDriver,1057,,4459766.0,5402610.5,2222,4519766.0,5378632.0,244,0,321,4455976.5,5398594.5,28,2,2,True,624
1505364,164,4453140.804618483,5404261.915832638,167,4455945.4209710695,5404419.750429012,NHBO,370,2.410828369140625,3.326184336344401,1.1518415,166.66666666666666,166.66666666666666,autoDriver,720,,4456801.5,5404965.0,4617,4491697.0,5303878.5,142,1,144,4457733.5,5405147.5,43,1,1,True,27324
1505365,200,4456394.482583584,5403052.591309674,171,4456287.340557625,5404212.765062386,NHBO,370,2.614731689453125,3.824828084309896,8.193562833333333,166.66666666666666,166.66666666666666,autoDriver,913,,4456801.5,5404965.0,4617,4491697.0,5303878.5,142,1,144,4457733.5,5405147.5,43,1,1,True,27324
1505367,182,4456567.221111461,5403581.634578332,220,4459908.74140197,5404936.813378148,NHBO,371,4.45803271484375,6.288278706868489,29.49992333333333,166.66666666666666,166.66666666666666,walk,1081,,4458805.0,5403732.0,4687,4493766.0,5312572.0,197,1,207,4457869.5,5402867.5,31,2,2,True,6120
1505368,127,4453610.200242335,5407452.2904248,3,4438846.00835438,5418297.046328149,NHBO,371,21.38527734375,18.052294921875,166.66666666666666,166.66666666666666,166.66666666666666,autoPassenger,1204,,4458805.0,5403732.0,4687,4493766.0,5312572.0,197,1,207,4457869.5,5402867.5,31,2,2,True,6120
1505371,178,4455844.459508383,5403544.694716819,236,4460305.073127964,5403902.584928568,NHBO,372,5.10997998046875,7.128314208984375,24.698375,166.66666666666666,166.66666666666666,walk,1083,,4456221.5,5403641.5,4546,4455671.0,5302219.5,179,0,144,4457452.0,5405038.5,4,1,2,False,0
1505372,178,4456004.640381015,5403315.318418663,309,4458172.367314136,5400904.350497042,NHBO,372,4.53791162109375,6.508825174967448,17.919001666666666,166.66666666666666,166.66666666666666,autoDriver,695,,4456221.5,5403641.5,4546,4455671.0,5302219.5,179,0,144,4457452.0,5405038.5,4,1,2,False,0
1505373,178,4455810.577404628,5403515.828703054,335,4457209.912280139,5396910.935613981,NHBO,372,10.2965693359375,13.623917643229166,42.35320166666667,166.66666666666666,166.66666666666666,autoDriver,561,,4456221.5,5403641.5,4546,4455671.0,5302219.5,179,0,144,4457452.0,5405038.5,4,1,2,False,0
1505374,178,4455762.185737107,5403689.965658425,190,4458161.767730982,5404335.965518545,NHBO,372,3.9849443359375,5.743668619791666,16.77635666666667,166.66666666666666,166.66666666666666,walk,810,,4456221.5,5403641.5,4546,4455671.0,5302219.5,179,0,144,4457452.0,5405038.5,4,1,2,False,0
1505375,178,4455831.487231365,5403488.873077752,223,4459014.629359944,5404648.426555303,NHBO,372,4.025628662109375,5.636551411946615,15.187836666666668,166.66666666666666,166.66666666666666,bicycle,1126,,4456221.5,5403641.5,4546,4455671.0,5302219.5,179,0,144,4457452.0,5405038.5,4,1,2,False,0
1505383,236,4460050.63144118,5403920.283672267,97,4447805.114130219,5405045.802956199,NHBO,376,15.249806640625,18.32956949869792,37.20366666666666,166.66666666666666,166.66666666666666,bus,542,,4459754.5,5404804.5,4190,4473132.5,5327689.0,227,0,144,4457659.0,5405216.0,72,1,2,True,15636
1505384,236,4460108.610658895,5403870.487650413,170,4456085.938827696,5404146.418889006,NHBO,376,4.78993359375,6.625598653157552,21.753315,166.66666666666666,166.66666666666666,walk,1224,,4459754.5,5404804.5,4190,4473132.5,5327689.0,227,0,144,4457659.0,5405216.0,72,1,2,True,15636
1505390,158,4453206.316146155,5402146.1451300215,154,4454928.487139825,5403509.28403629,NHBO,382,3.262736572265625,3.986132049560547,6.944728333333333,166.66666666666666,166.66666666666666,walk,823,,4457561.5,5403169.5,516,4418141.0,5363857.0,204,1,212,4458196.5,5401941.5,60,1,2,False,12612
1505391,158,4453071.482825393,5401894.165055178,201,4456958.071553458,5402791.829330541,NHBO,382,5.2534296875,6.436622619628906,27.632501666666663,166.66666666666666,166.66666666666666,autoDriver,661,,4457561.5,5403169.5,516,4418141.0,5363857.0,204,1,212,4458196.5,5401941.5,60,1,2,False,12612
1505411,200,4456175.738610399,5402870.471038754,315,4458172.383693713,5400847.18138292,NHBO,400,4.06378759765625,5.471306355794271,10.6691895,166.66666666666666,166.66666666666666,walk,1067,,4459968.5,5403905.0,269,4440077.5,5399099.5,235,0,346,4460757.0,5401208.5,54,2,2,True,7596
1505416,165,4456026.0,5404718.5,71,4460137.208838188,5420013.203299581,NHBO,406,24.9182890625,18.58037516276041,435.2106166666666,166.66666666666666,166.66666666666666,autoPassenger,885,,4458955.5,5399600.5,4716,4520246.0,5327206.5,349,1,348,4463318.0,5402708.0,13,1,3,False,0
1505418,345,4459747.341194451,5400280.424164588,229,4459797.602968071,5404231.538581609,NHBO,408,5.55087890625,5.256285095214844,30.43464833333333,166.66666666666666,166.66666666666666,bicycle,633,,4458607.0,5401985.0,4721,4518189.5,5322501.0,213,0,144,4457733.5,5405147.5,58,2,2,True,7680
1505424,199,4458815.420835214,5403690.113191148,324,4458139.698517502,5400004.752497863,NHBO,420,4.72946240234375,6.699954223632813,37.280321666666666,166.66666666666666,166.66666666666666,walk,816,,4461068.0,5400144.0,944,4418778.5,5355897.5,350,0,165,4455504.5,5405034.5,88,1,2,True,26604
1505430,188,4458125.787770099,5404716.361584414,304,4457861.91320424,5401322.219166934,NHBO,422,4.52989892578125,6.4439758300781245,29.22152833333333,26.891025,166.66666666666666,walk,796,,4459664.5,5403758.5,635,4409699.5,5343685.0,235,0,144,4457450.5,5405207.5,41,1,1,True,28776
1505432,176,4455697.203856154,5403719.175180158,180,4456498.933011569,5403899.02861835,NHBO,423,2.151693603515625,3.5259371439615883,0.6871630999999999,166.66666666666666,166.66666666666666,walk,1037,,4451928.5,5402085.0,429,4402610.5,5381422.0,102,2,164,4452877.0,5404303.5,44,2,2,True,5388
1505433,176,4455950.142188301,5403980.028119244,118,4461072.105661755,5409184.634542838,NHBO,423,12.143423828125,13.041068522135417,38.15137166666667,166.66666666666666,166.66666666666666,bicycle,857,,4451928.5,5402085.0,429,4402610.5,5381422.0,102,2,164,4452877.0,5404303.5,44,2,2,True,5388
1505434,176,4455836.51290206,5404097.904461408,174,4456757.988357653,5404151.778964627,NHBO,423,2.009337646484375,2.924352010091146,4.511185,166.66666666666666,166.66666666666666,autoDriver,857,,4451928.5,5402085.0,429,4402610.5,5381422.0,102,2,164,4452877.0,5404303.5,44,2,2,True,5388
1505439,101,4452392.844979622,5402209.321144794,227,4459689.605522696,5404774.234094034,NHBO,427,8.86874609375,10.80534159342448,49.58238333333334,166.66666666666666,166.66666666666666,autoDriver,947,,4457276.0,5400100.5,2524,4436821.5,5300754.5,313,1,164,4453228.0,5403351.5,60,2,2,True,6768
1505440,178,4455999.203859513,5403580.751818843,141,4457040.524980835,5405350.937478803,NHBO,429,3.226766845703125,4.386344909667969,16.055060833333332,166.66666666666666,166.66666666666666,bicycle,1161,,4460176.0,5405555.0,459,4414113.5,5362274.5,219,2,231,4458883.5,5403964.0,31,1,1,True,38160
1505441,178,4455761.882938842,5403313.735509856,290,4446111.38357365,5398826.586310772,NHBO,429,17.750994140625,18.037858072916663,184.8793,166.66666666666666,166.66666666666666,autoPassenger,917,,4460176.0,5405555.0,459,4414113.5,5362274.5,219,2,231,4458883.5,5403964.0,31,1,1,True,38160
1505450,323,4457900.15350234,5399539.816001496,330,4457244.663217037,5397801.753484829,NHBO,444,3.776398681640625,5.604359436035156,11.470426666666668,166.66666666666666,166.66666666666666,walk,661,,4456458.5,5404324.0,2877,4463093.5,5333572.5,174,0,164,4452877.0,5404303.5,75,2,2,False,6360
1505458,249,4460094.747731508,5401990.2178002745,123,4464101.664519312,5409449.966363133,NHBO,458,11.237408203125,9.36954345703125,166.66666666666666,166.66666666666666,166.66666666666666,walk,1240,,4455048.5,5403577.5,461,4409332.5,5363840.5,154,1,253,4461512.0,5401904.5,45,1,1,True,21264
1505461,314,4457891.100828906,5400493.28737672,286,4450996.324794439,5396016.969947852,NHBO,462,9.7874970703125,10.486918131510416,41.4869,166.66666666666666,166.66666666666666,autoPassenger,709,,4458794.0,5399958.0,309,4458442.5,5401239.5,324,0,184,4457325.5,5404596.5,0,2,2,False,0
1505462,245,4459003.862190756,5402209.887302544,349,4459392.617497905,5399717.098505004,NHBO,462,2.828550537109375,4.559078470865885,18.056721666666665,166.66666666666666,166.66666666666666,walk,674,,4458794.0,5399958.0,309,4458442.5,5401239.5,324,0,184,4457325.5,5404596.5,0,2,2,False,0
1505465,212,4458051.763444175,5401904.194624536,317,4458222.184320889,5400442.756092146,NHBO,466,2.0512060546875,2.826416778564453,5.928111333333334,166.66666666666666,166.66666666666666,walk,775,,4461002.5,5400458.0,1765,4467137.5,5341433.0,350,1,347,4461580.5,5401514.0,55,1,1,True,16080
1505468,164,4453274.998950529,5404962.149451192,180,4456624.802572467,5403926.632841648,NHBO,469,3.64198193359375,5.226698303222657,4.85383,166.66666666666666,166.66666666666666,walk,887,,4450749.0,5404476.0,1140,4443350.5,5376516.5,98,1,167,4455879.0,5404410.0,17,1,1,False,5172
1505470,198,4458139.096260122,5403680.205785917,207,4457894.351538168,5402732.939437537,NHBO,472,1.300009521484375,1.7502391815185547,166.66666666666666,166.66666666666666,166.66666666666666,walk,988,,4456405.0,5404276.0,137,4456360.5,5407332.0,171,1,144,4457826.0,5405353.0,18,2,3,True,0
1505471,178,4455992.082212509,5403507.343545877,303,4457286.972115122,5401379.873642139,NHBO,472,4.3329384765625,6.3660334269205725,26.13140833333333,166.66666666666666,166.66666666666666,autoPassenger,997,,4456405.0,5404276.0,137,4456360.5,5407332.0,171,1,144,4457826.0,5405353.0,18,2,3,True,0
1505473,331,4455982.879260149,5397183.36764312,320,4456841.805575849,5399927.030647957,NHBO,475,2.777834228515625,3.8470433553059897,17.540161666666666,166.66666666666666,166.66666666666666,autoDriver,772,,4457839.5,5398163.5,3479,4465625.0,5333147.0,336,1,140,4457070.5,5405721.5,32,2,2,True,14784
1505474,155,4455482.598676275,5403514.316692477,169,4456416.722070276,5404433.918421762,NHBO,476,2.275959716796875,3.349250030517578,11.566666666666666,166.66666666666666,166.66666666666666,walk,435,,4458703.0,5401813.0,3258,4465466.5,5335822.5,213,1,143,4457171.5,5405001.5,3,2,2,False,1656
1505477,204,4457411.23666108,5403098.250707972,152,4454928.131269896,5404014.0409324,NHBO,483,2.9271142578125,4.249655151367188,6.019587166666667,166.66666666666666,166.66666666666666,autoPassenger,1201,,4456891.0,5404886.5,1523,4462210.0,5337703.0,173,0,253,4461490.5,5401836.0,40,2,2,False,11508
1505478,204,4457376.999570979,5402985.227734949,207,4457823.366503909,5402847.819045399,NHBO,483,1.0612657470703126,1.634625244140625,166.66666666666666,166.66666666666666,166.66666666666666,walk,1026,,4456891.0,5404886.5,1523,4462210.0,5337703.0,173,0,253,4461490.5,5401836.0,40,2,2,False,11508
1505479,204,4457626.636380637,5403251.806612183,314,4457749.012650465,5400450.047544428,NHBO,483,4.913912109375,6.885265604654948,11.517381666666669,166.66666666666666,166.66666666666666,walk,704,,4456891.0,5404886.5,1523,4462210.0,5337703.0,173,0,253,4461490.5,5401836.0,40,2,2,False,11508
1505482,208,4458687.8287685085,5403288.715102338,207,4457780.944384492,5402708.208850192,NHBO,489,0.6412667846679687,1.4499149322509766,166.66666666666666,166.66666666666666,166.66666666666666,autoPassenger,1219,,4462800.5,5403881.0,1241,4451769.0,5352224.5,254,1,227,4460036.0,5404527.0,14,1,3,False,0
1505486,110,4453357.657382784,5408103.149812571,147,4454129.827390162,5404712.536038689,NHBO,490,5.11836962890625,8.226424153645834,15.226255,166.66666666666666,166.66666666666666,walk,730,,4460191.0,5405685.0,4711,4503569.0,5322148.0,219,3,144,4457452.0,5405038.5,13,1,3,False,0
1505487,110,4453587.851208197,5408367.281808978,14,4437708.680022285,5412347.700443003,NHBO,490,18.654619140625,14.026565551757812,254.51783333333333,205.51783333333333,166.66666666666666,autoDriver,463,,4460191.0,5405685.0,4711,4503569.0,5322148.0,219,3,144,4457452.0,5405038.5,13,1,3,False,0
1505488,110,4453352.356181352,5408302.217507103,130,4454140.863389981,5406519.446152942,NHBO,490,1.893465698242188,2.8148717244466144,19.736535,166.66666666666666,166.66666666666666,bus,1132,,4460191.0,5405685.0,4711,4503569.0,5322148.0,219,3,144,4457452.0,5405038.5,13,1,3,False,0
1505490,205,4457685.785446449,5402958.639824645,237,4459735.95369582,5403403.10087173,NHBO,492,2.4166044921875,4.5669708251953125,14.017176666666668,166.66666666666666,166.66666666666666,bicycle,1020,,4458030.5,5400508.0,1673,4489023.0,5348164.0,312,1,228,4460176.0,5404504.0,41,1,1,True,39312
1505491,205,4457806.840999431,5403237.377946528,315,4458261.003841513,5400554.18133017,NHBO,492,2.76934423828125,4.1381080627441404,10.034836666666669,166.66666666666666,166.66666666666666,walk,871,,4458030.5,5400508.0,1673,4489023.0,5348164.0,312,1,228,4460176.0,5404504.0,41,1,1,True,39312
1505493,163,4455280.640194798,5402238.598880115,174,4456757.044413887,5404377.187524814,NHBO,493,3.226203369140625,4.1492055257161455,22.511185,166.66666666666666,166.66666666666666,autoDriver,1049,,4454710.5,5404054.0,1395,4453626.5,5339662.0,149,0,152,4454886.0,5404040.5,39,2,2,True,12768
1505494,163,4455098.826284787,5402137.073502436,161,4454954.884755284,5403150.220745448,NHBO,493,1.387705810546875,3.1164265950520837,45.85901666666667,166.66666666666666,166.66666666666666,autoDriver,961,,4454710.5,5404054.0,1395,4453626.5,5339662.0,149,0,152,4454886.0,5404040.5,39,2,2,True,12768
1505500,303,4457623.059263099,5401400.036883332,225,4459245.567116234,5404275.400206113,NHBO,495,3.90775927734375,5.47637939453125,21.00790333333333,166.66666666666666,166.66666666666666,walk,974,,4459086.0,5402287.0,3571,4468229.5,5332457.5,245,1,144,4457660.5,5405507.5,2,2,2,False,0
1505501,303,4457621.248192316,5401684.067448682,160,4454726.962699163,5403182.396693124,NHBO,495,5.72156640625,7.649999999999999,23.068621666666665,166.66666666666666,166.66666666666666,walk,678,,4459086.0,5402287.0,3571,4468229.5,5332457.5,245,1,144,4457660.5,5405507.5,2,2,2,False,0
1505503,180,4456639.544099081,5403894.394533306,225,4458907.995845081,5404104.333149906,NHBO,498,3.040885009765625,4.261871083577474,6.6306183333333335,166.66666666666666,166.66666666666666,walk,679,,4455492.5,5403641.5,2247,4537355.0,5388171.0,155,0,197,4458724.0,5403978.5,61,2,2,True,6900
1505505,205,4457678.424268122,5403098.869794681,204,4457504.762769198,5403167.662340589,NHBO,499,1.1665732421875,2.2098902384440104,2.816009833333333,166.66666666666666,166.66666666666666,walk,1005,,4457670.5,5402909.0,1690,4468968.5,5348940.5,205,0,348,4463475.5,5402807.5,69,1,2,True,13248
1505506,205,4457700.580203853,5403049.432351431,377,4466404.445666901,5403469.348540586,NHBO,499,13.4618203125,12.77256571451823,32.89823,166.66666666666666,166.66666666666666,walk,692,,4457670.5,5402909.0,1690,4468968.5,5348940.5,205,0,348,4463475.5,5402807.5,69,1,2,True,13248
1505507,224,4459600.352154296,5404612.783693266,255,4463189.190315774,5404790.507926469,NHBO,499,5.85304833984375,5.612670389811198,20.781265,166.66666666666666,166.66666666666666,bicycle,1022,,4457670.5,5402909.0,1690,4468968.5,5348940.5,205,0,348,4463475.5,5402807.5,69,1,2,True,13248
1505508,205,4457889.033124354,5403223.76696643,327,4454382.194753478,5397326.07427904,NHBO,499,11.38091796875,12.572947184244793,47.75595,166.66666666666666,166.66666666666666,autoDriver,954,,4457670.5,5402909.0,1690,4468968.5,5348940.5,205,0,348,4463475.5,5402807.5,69,1,2,True,13248
1505516,184,4457593.537616853,5404747.911672219,244,4460343.956312685,5402879.953580135,NHBO,509,4.57414013671875,6.431466674804687,22.317606666666663,166.66666666666666,166.66666666666666,bus,892,,4459116.5,5400415.0,2043,4521931.5,5396937.5,343,3,149,4454710.0,5404075.5,10,1,3,False,0
1505518,299,4456586.130245095,5400775.503544019,115,4459033.8439917,5407510.4990111645,NHBO,510,9.817205078125,12.704510498046876,59.34109333333333,166.66666666666666,166.66666666666666,bus,1018,,4451986.5,5402551.5,2040,4514916.5,5394432.5,99,2,339,4458895.0,5401307.5,33,1,1,True,34260
1505523,299,4456770.222440007,5400589.9926362,29,4441682.080261348,5397425.426035015,NHBO,520,20.24648828125,18.887418619791667,84.60226666666668,71.398445,166.66666666666666,autoPassenger,671,,4459136.5,5402318.5,470,4415298.5,5379521.5,245,0,144,4457305.5,5404950.5,56,2,1,True,19284
1505524,323,4457518.8836631,5399698.067613418,149,4454743.328681525,5404030.175801407,NHBO,521,7.7048779296875,10.87000732421875,166.66666666666666,166.66666666666666,166.66666666666666,autoDriver,1209,,4455878.5,5407487.0,1062,4424015.5,5348046.5,136,1,144,4457452.0,5405038.5,27,1,3,True,0
1505528,195,4457661.928858006,5403408.828206334,236,4460272.8443086045,5404056.624293113,NHBO,529,2.730758056640625,3.9137201944986977,14.672751666666668,166.66666666666666,166.66666666666666,bicycle,734,,4456674.5,5397317.5,2639,4458422.0,5335014.5,332,1,253,4461512.0,5401904.5,67,2,2,False,5580
1505529,195,4457801.434187338,5403445.745743015,288,4442977.619806577,5393453.306898861,NHBO,529,26.7628046875,29.31877237955729,284.6068,166.66666666666666,166.66666666666666,tramOrMetro,675,,4456674.5,5397317.5,2639,4458422.0,5335014.5,332,1,253,4461512.0,5401904.5,67,2,2,False,5580
1505532,124,4464971.847678635,5409569.729176622,254,4462442.103326737,5403463.986424304,NHBO,532,5.1762275390625,6.727664184570313,95.09257833333332,166.66666666666666,166.66666666666666,autoDriver,1056,,4459743.5,5401689.0,4194,4473235.5,5328569.5,340,0,205,4458015.5,5402917.0,31,1,1,True,18336
1505535,200,4455719.533185786,5403050.835797048,216,4458993.276305327,5405046.554659622,NHBO,534,4.27509765625,5.939363098144531,15.21736,166.66666666666666,166.66666666666666,walk,710,,4458228.5,5401629.5,1926,4468964.5,5338088.0,307,1,140,4456427.5,5406291.5,36,2,1,True,19296
1505536,247,4459219.5,5402035.0,117,4459892.666134738,5409149.528174747,NHBO,535,10.0937646484375,8.472689310709635,61.34019333333333,166.66666666666666,166.66666666666666,autoDriver,1114,,4459074.0,5401739.5,4793,4508580.5,5302537.5,247,1,297,4457005.0,5401373.5,9,1,3,False,0
1505537,247,4459219.5,5402035.0,321,4455729.177286346,5399136.687031893,NHBO,535,5.04729638671875,6.866712951660156,21.81562166666667,166.66666666666666,166.66666666666666,autoDriver,474,,4459074.0,5401739.5,4793,4508580.5,5302537.5,247,1,297,4457005.0,5401373.5,9,1,3,False,0
1505540,139,4457946.811460376,5406375.605768086,142,4456817.439321887,5405266.52984297,NHBO,537,6.04120458984375,8.152773030598958,3.1297151666666663,166.66666666666666,166.66666666666666,bicycle,1256,,4458940.0,5401076.0,4546,4456047.0,5298977.5,339,1,321,4455976.5,5398594.5,35,2,2,True,13836
1505541,139,4457821.68619871,5408012.064647104,76,4469987.264882041,5433233.567362831,NHBO,537,38.36731640625,29.54923706054688,140.0,228.0959,166.66666666666666,autoPassenger,785,,4458940.0,5401076.0,4546,4456047.0,5298977.5,339,1,321,4455976.5,5398594.5,35,2,2,True,13836
1505542,139,4457445.186587789,5407753.431404405,112,4457812.396831613,5409068.537415929,NHBO,537,9.8172001953125,13.76559855143229,365.7320666666666,166.66666666666666,166.66666666666666,walk,1059,,4458940.0,5401076.0,4546,4456047.0,5298977.5,339,1,321,4455976.5,5398594.5,35,2,2,True,13836
1505549,149,4454505.332984895,5403750.590926178,255,4465160.286194499,5404040.021664947,NHBO,541,10.987240234375,12.178662109375,166.66666666666666,166.66666666666666,166.66666666666666,autoPassenger,806,,4454194.0,5404034.0,619,4412539.5,5348394.5,148,1,297,4456996.5,5401443.0,7,1,3,False,0
1505556,196,4458144.440157896,5403763.324507806,201,4456717.289813905,5402717.73489001,NHBO,543,2.2153994140625,3.027109018961589,32.306145,166.66666666666666,166.66666666666666,autoDriver,1143,,4455727.0,5407790.0,2312,4494478.0,5354725.5,134,0,101,4452121.5,5402351.5,50,2,2,True,0
1505557,204,4457318.500034233,5403121.813526096,151,4454626.953332432,5403444.016480267,NHBO,543,3.69214501953125,4.879698689778646,12.443275,166.66666666666666,166.66666666666666,autoDriver,979,,4455727.0,5407790.0,2312,4494478.0,5354725.5,134,0,101,4452121.5,5402351.5,50,2,2,True,0
1505558,207,4457954.573825566,5402522.744014064,235,4459811.843673841,5404024.101348334,NHBO,543,3.3298857421875,4.979685465494792,14.5539825,166.66666666666666,166.66666666666666,autoDriver,788,,4455727.0,5407790.0,2312,4494478.0,5354725.5,134,0,101,4452121.5,5402351.5,50,2,2,True,0
1505564,184,4457447.095300444,5404628.5144474665,184,4457296.047212132,5404849.052534856,NHBO,550,0.2868170166015625,0.5366729736328125,8.605073333333333,166.66666666666666,166.66666666666666,autoPassenger,720,,4454470.0,5404704.5,1084,4439818.5,5345211.5,147,1,345,4459836.5,5400104.5,65,2,2,False,0
1505568,324,4458599.712080195,5399648.008227218,1107,4455238.34961776,5383166.664918325,NHBO,552,24.64492578125,19.66618448893229,57.11014,166.66666666666666,166.66666666666666,autoDriver,643,,4454910.5,5403389.0,1325,4450084.5,5340858.0,154,0,144,4457496.5,5405144.0,32,2,2,True,6144
1505569,143,4456957.937981744,5405172.214414146,132,4453643.548684108,5406284.194811934,NHBO,552,7.0940712890625,9.179385375976562,39.809095,166.66666666666666,166.66666666666666,walk,1030,,4454910.5,5403389.0,1325,4450084.5,5340858.0,154,0,144,4457496.5,5405144.0,32,2,2,True,6144
1505570,147,4454054.2024504505,5404948.615007075,142,4456527.220589076,5404909.077320846,NHBO,552,3.243633544921875,4.669830322265625,21.08582833333333,166.66666666666666,166.66666666666666,autoPassenger,600,,4454910.5,5403389.0,1325,4450084.5,5340858.0,154,0,144,4457496.5,5405144.0,32,2,2,True,6144
1505576,218,4460030.866177041,5405355.304188086,187,4457782.088816141,5404369.7949437,NHBO,557,3.067449951171875,4.059075419108073,18.458311666666667,166.66666666666666,166.66666666666666,walk,1201,,4455713.0,5403180.5,893,4421945.0,5358256.0,200,2,253,4461512.0,5401904.5,7,2,3,False,0
1505577,172,4456831.0,5404534.0,303,4457557.759344045,5401438.220626508,NHBO,557,5.0154814453125,7.246531677246094,26.96606,166.66666666666666,166.66666666666666,bus,915,,4455713.0,5403180.5,893,4421945.0,5358256.0,200,2,253,4461512.0,5401904.5,7,2,3,False,0
1505578,172,4456831.0,5404534.0,198,4458362.486098208,5403328.231352436,NHBO,557,2.918460693359375,4.00900395711263,10.89512,166.66666666666666,166.66666666666666,walk,998,,4455713.0,5403180.5,893,4421945.0,5358256.0,200,2,253,4461512.0,5401904.5,7,2,3,False,0
1505581,305,4457461.047913982,5401282.576262098,205,4457830.087120315,5402934.33201637,NHBO,560,2.690431884765625,4.5069224039713545,8.335876666666667,166.66666666666666,166.66666666666666,walk,117,,4451967.5,5402133.5,715,4417336.0,5361084.0,100,1,347,4461300.0,5401206.0,67,1,2,True,13620
1505582,305,4457528.79575061,5401153.420919444,315,4458092.6588810375,5400568.619194886,NHBO,560,1.23269384765625,1.9783360799153649,3.9457016666666656,166.66666666666666,166.66666666666666,walk,490,,4451967.5,5402133.5,715,4417336.0,5361084.0,100,1,347,4461300.0,5401206.0,67,1,2,True,13620
1505583,305,4457625.921361482,5401024.953124703,104,4445746.69300179,5410149.478628413,NHBO,560,21.12096875,19.91616414388021,41.973,38.973,166.66666666666666,autoPassenger,700,,4451967.5,5402133.5,715,4417336.0,5361084.0,100,1,347,4461300.0,5401206.0,67,1,2,True,13620
1505585,255,4464149.070920873,5403973.6760577,170,4456203.527310856,5404233.724316541,NHBO,561,9.434578125,10.408931477864584,33.64580333333333,166.66666666666666,166.66666666666666,autoPassenger,1058,,4459457.0,5399934.0,807,4419102.5,5360060.5,349,1,189,4458600.0,5404749.0,56,2,2,True,7188
1505592,204,4457518.052555579,5403123.232019076,180,4456829.30681986,5403927.863006217,NHBO,567,1.318300537109375,2.2714571634928387,0.6871630999999999,166.66666666666666,166.66666666666666,walk,935,,4458914.0,5406512.0,785,4417964.5,5359701.5,139,1,164,4452877.0,5404303.5,29,2,1,True,21624
1505599,319,4456021.87525311,5399520.231773728,209,4457680.333018789,5401736.274473211,NHBO,579,4.21203564453125,6.074008178710938,14.685371666666668,166.66666666666666,166.66666666666666,walk,865,,4457647.0,5402601.5,924,4414230.5,5357645.0,206,0,229,4459663.5,5404151.5,34,2,2,True,7284
1505602,172,4456836.59583312,5404836.148447464,180,4456783.112445159,5403714.886739908,NHBO,581,1.385430419921875,2.578400675455729,0.6871630999999999,166.66666666666666,166.66666666666666,walk,821,,4457526.5,5400628.5,2973,4457272.5,5329781.0,311,1,321,4455976.5,5398594.5,6,2,2,False,0
1505603,139,4457872.429485624,5407355.274529137,132,4453093.531396116,5405123.327648703,NHBO,581,5.55708642578125,8.515118408203126,42.61922166666667,166.66666666666666,166.66666666666666,bus,1145,,4457526.5,5400628.5,2973,4457272.5,5329781.0,311,1,321,4455976.5,5398594.5,6,2,2,False,0
1505604,198,4458319.240013789,5403449.10584897,234,4459361.075801552,5403573.891868822,NHBO,582,1.6700657958984375,2.186912027994792,4.835043833333333,166.66666666666666,166.66666666666666,autoDriver,1006,,4459710.0,5401109.5,1669,4483929.5,5348911.0,340,1,297,4456873.0,5401342.0,6,2,2,False,0
1505605,254,4463252.957197563,5403640.454359,74,4462293.001160027,5422585.768434902,NHBO,582,24.713982421875,18.076558430989586,235.24235,225.24235,166.66666666666666,autoDriver,969,,4459710.0,5401109.5,1669,4483929.5,5348911.0,340,1,297,4456873.0,5401342.0,6,2,2,False,0
1505610,306,4457972.385994634,5401077.898363305,254,4462361.159790222,5404038.805701008,NHBO,585,8.483509765625,10.389253743489585,28.22591,166.66666666666666,166.66666666666666,walk,1247,,4457924.0,5404268.5,4650,4497397.5,5326905.5,187,0,144,4457660.5,5405507.5,61,2,1,True,15876
1505611,306,4457983.123836401,5401142.310068056,167,4455907.811131561,5404393.567073733,NHBO,585,5.6845507812500005,7.991313680013021,15.751841666666666,166.66666666666666,166.66666666666666,walk,736,,4457924.0,5404268.5,4650,4497397.5,5326905.5,187,0,144,4457660.5,5405507.5,61,2,1,True,15876
1505612,21,4438003.08257709,5399160.994359538,274,4441426.553562595,5400110.325447173,NHBO,585,5.762076171875,7.609104919433594,20.074901666666666,166.66666666666666,166.66666666666666,walk,871,,4457924.0,5404268.5,4650,4497397.5,5326905.5,187,0,144,4457660.5,5405507.5,61,2,1,True,15876
1505613,218,4459938.778172821,5405365.956700501,225,4459186.922067391,5404120.835361515,NHBO,586,2.135206298828125,3.157214609781901,2.8942848333333333,166.66666666666666,166.66666666666666,walk,996,,4456525.5,5404487.5,4478,4490009.0,5316480.5,174,1,210,4458063.5,5402470.0,44,2,1,True,20664
1505614,307,4458073.217754592,5401523.111672067,312,4457702.837049149,5400630.944497979,NHBO,586,1.0436751708984375,1.8581799825032552,8.024036666666667,166.66666666666666,166.66666666666666,walk,1035,,4456525.5,5404487.5,4478,4490009.0,5316480.5,174,1,210,4458063.5,5402470.0,44,2,1,True,20664
1505615,307,4458081.837740348,5401413.234985771,180,4456823.309273766,5403933.249965145,NHBO,586,3.6788344726562494,5.524462890625,11.47932,166.66666666666666,166.66666666666666,walk,802,,4456525.5,5404487.5,4478,4490009.0,5316480.5,174,1,210,4458063.5,5402470.0,44,2,1,True,20664
1505616,340,4459905.996081105,5401016.064781496,243,4459499.58523884,5403164.026466048,NHBO,587,2.566437744140625,4.047411092122395,22.031175,166.66666666666666,166.66666666666666,autoDriver,793,,4459493.0,5403796.0,4658,4497975.5,5323508.5,232,0,184,4457372.5,5404651.0,15,2,3,False,0
1505617,273,4441289.164707764,5400035.269531312,355,4461466.083392652,5397083.499170685,NHBO,592,22.96678515625,20.537408447265623,110.91674,166.66666666666666,166.66666666666666,autoPassenger,837,,4454136.5,5404849.5,4381,4484046.5,5329762.0,147,0,253,4461512.0,5401904.5,0,1,2,False,0
1505618,329,4456425.25818899,5397807.2862396985,286,4452213.553052916,5394423.26033714,NHBO,592,7.04461865234375,7.367374165852865,30.486901666666665,166.66666666666666,166.66666666666666,autoDriver,1172,,4454136.5,5404849.5,4381,4484046.5,5329762.0,147,0,253,4461512.0,5401904.5,0,1,2,False,0
1505621,253,4461542.018164325,5402086.666618899,242,4461687.976332545,5403494.9159249365,NHBO,588,7.452205078125,8.106312561035157,17.776651666666666,166.66666666666666,166.66666666666666,autoDriver,706,,4457191.0,5400274.5,4637,4500096.0,5335565.0,302,0,318,4458469.5,5400448.0,36,1,1,True,82740
1505622,253,4461839.242612049,5402229.171837031,184,4457297.092603436,5404569.092852953,NHBO,588,6.8041494140625005,9.237576293945311,28.358228333333333,166.66666666666666,166.66666666666666,bicycle,671,,4457191.0,5400274.5,4637,4500096.0,5335565.0,302,0,318,4458469.5,5400448.0,36,1,1,True,82740
1505624,102,4451684.043859555,5399549.782973271,178,4456049.75789324,5403673.440618279,NHBO,589,6.62465478515625,11.600407918294271,15.576249166666663,166.66666666666666,166.66666666666666,bicycle,906,,4461784.5,5403698.5,4642,4491745.5,5326219.0,242,0,145,4458064.0,5405052.5,37,2,2,True,12900
1505625,363,4462029.517074398,5396017.483477769,320,4457214.591433387,5399816.52196992,NHBO,593,10.34391796875,11.960317993164065,36.862051666666666,166.66666666666666,166.66666666666666,walk,794,,4456457.5,5400282.5,2009,4485643.5,5339847.5,301,1,308,4458636.5,5401516.0,20,2,3,True,8124
1505627,225,4458944.517023311,5404285.840059882,145,4458222.213198291,5405266.254827204,NHBO,596,1.3302152099609377,1.9134109497070315,25.641686666666665,166.66666666666666,166.66666666666666,bus,738,,4457457.5,5397572.5,4384,4482873.5,5329699.5,333,1,99,4451863.5,5402680.0,45,1,1,True,20316
1505630,237,4459844.758763109,5403303.047718604,303,4457629.227446632,5401694.326631434,NHBO,598,3.950907470703125,5.587630208333334,22.99752,166.66666666666666,166.66666666666666,autoDriver,960,,4447223.0,5403606.0,84,4474928.5,5417900.0,97,2,164,4452877.0,5404303.5,59,1,2,True,4944
1505633,354,4460900.66721524,5398006.137921644,308,4458609.913999273,5401459.574413773,NHBO,601,9.1805087890625,8.172041320800782,21.13731333333333,166.66666666666666,166.66666666666666,autoDriver,822,,4454854.0,5403532.5,91,4448395.5,5407629.0,154,0,346,4461146.5,5401335.5,27,2,2,True,4104
1505634,331,4455827.160180814,5397584.872388269,333,4458380.662399921,5396060.32934858,NHBO,601,3.09085546875,3.654924011230469,4.554047166666667,166.66666666666666,166.66666666666666,bus,1254,,4454854.0,5403532.5,91,4448395.5,5407629.0,154,0,346,4461146.5,5401335.5,27,2,2,True,4104
1505636,304,4457934.30272524,5401357.028094498,357,4463022.84998761,5398203.156233874,NHBO,602,11.8716640625,11.09735107421875,41.476978333333335,166.66666666666666,166.66666666666666,walk,887,,4457979.5,5400487.0,11,4432573.0,5416009.0,314,0,231,4458883.5,5403964.0,47,1,2,True,9732
1505637,304,4457863.488624804,5401478.576455147,113,4458622.35320425,5415409.984889155,NHBO,602,14.7113525390625,14.42384236653646,47.038228333333336,166.66666666666666,166.66666666666666,bus,1097,,4457979.5,5400487.0,11,4432573.0,5416009.0,314,0,231,4458883.5,5403964.0,47,1,2,True,9732
1505640,155,4455560.860291308,5403660.791917569,336,4457936.678972286,5397870.640193398,NHBO,604,9.0564921875,11.86510213216146,58.441406666666666,166.66666666666666,166.66666666666666,autoDriver,1208,,4457585.0,5403287.5,92,4449885.5,5409490.5,204,2,331,4456264.0,5397403.0,54,1,2,True,4236
1505641,208,4458071.206714482,5402902.660532756,335,4456973.943914319,5397179.109807599,NHBO,606,8.4554716796875,10.974550374348958,21.603201666666667,166.66666666666666,166.66666666666666,autoPassenger,819,,4457807.5,5404171.5,67,4454927.5,5423835.5,187,0,253,4461512.0,5401904.5,13,2,3,False,0
1505643,307,4458346.4700266775,5401658.560941722,218,4459896.85445628,5405690.528210028,NHBO,608,5.42036083984375,7.795765177408854,26.318258333333333,166.66666666666666,166.66666666666666,walk,1075,,4454208.0,5404272.0,88,4473862.0,5412980.0,146,1,347,4461623.5,5401056.0,31,2,1,True,12972
1505644,307,4458111.234820617,5401545.762818574,102,4449989.472471016,5399517.943442385,NHBO,608,10.2683544921875,16.44715169270833,33.94437666666667,166.66666666666666,166.66666666666666,autoDriver,1048,,4454208.0,5404272.0,88,4473862.0,5412980.0,146,1,347,4461623.5,5401056.0,31,2,1,True,12972
1505646,294,4457650.918428668,5391856.182338551,1087,4451753.844553592,5389961.446584596,NHBO,609,5.7779736328125,6.237852478027344,80.74544333333333,166.66666666666666,166.66666666666666,autoDriver,828,,4455893.0,5399531.5,7,4427581.5,5415106.0,319,0,236,4460120.5,5404064.0,6,1,2,False,0
1505652,198,4458263.718364148,5403641.761038183,125,4463967.874083148,5408154.55462228,NHBO,616,8.883138671875,10.11243184407552,34.726315,33.106806666666664,166.66666666666666,bicycle,718,,4456024.0,5403938.5,119,4456930.0,5410327.0,176,2,253,4461525.0,5401859.5,35,1,1,True,24072
1505653,331,4456004.276009998,5397541.742136313,229,4459834.563174988,5404225.852428178,NHBO,616,15.252443359375,12.076332600911458,46.7012,166.66666666666666,166.66666666666666,walk,1057,,4456024.0,5403938.5,119,4456930.0,5410327.0,176,2,253,4461525.0,5401859.5,35,1,1,True,24072
1505654,124,4461919.185521693,5407887.080590699,214,4459095.339575266,5405676.028518606,NHBO,616,5.7891347656250005,7.172560628255209,21.879531666666665,166.66666666666666,166.66666666666666,autoDriver,1131,,4456024.0,5403938.5,119,4456930.0,5410327.0,176,2,253,4461525.0,5401859.5,35,1,1,True,24072
1505655,175,4457036.902166485,5404179.181667514,72,4464344.53526781,5416980.452234452,NHBO,618,17.872708984375,18.37364501953125,44.571155,166.66666666666666,166.66666666666666,autoDriver,740,,4459381.5,5402786.0,2317,4499112.5,5352946.0,243,1,253,4461490.5,5401836.0,44,1,1,True,44064
1505656,183,4456987.813198101,5403410.726381941,166,4456239.402268547,5404686.154683652,NHBO,618,1.8862894287109373,2.78277104695638,6.870418833333333,166.66666666666666,166.66666666666666,autoDriver,809,,4459381.5,5402786.0,2317,4499112.5,5352946.0,243,1,253,4461490.5,5401836.0,44,1,1,True,44064
1505665,167,4455973.5,5404410.5,194,4457557.203225882,5403695.596156957,NHBO,625,2.9612314453125,4.024590810139974,11.796709166666666,166.66666666666666,166.66666666666666,walk,1021,,4456614.0,5397146.0,2621,4456334.0,5335994.0,334,1,211,4458617.5,5402227.5,15,1,3,False,0
1505668,233,4458929.198926848,5403480.724177643,136,4455981.91355062,5407542.728313664,NHBO,623,7.276357421875,10.0721923828125,21.299401666666665,166.66666666666666,166.66666666666666,walk,1123,,4459954.5,5401310.0,4043,4468573.0,5330104.0,340,1,249,4459757.5,5401899.0,42,2,1,True,11616
1505678,185,4457844.69597837,5404834.632149164,218,4459652.654044758,5405695.374874711,NHBO,636,3.415068359375,4.430987548828125,18.033283333333333,166.66666666666666,166.66666666666666,autoDriver,667,,4456699.5,5404610.5,3759,4473301.0,5336214.5,172,1,321,4456233.5,5399144.5,59,1,2,True,13476
1505689,194,4457463.295620609,5403486.533228255,170,4456176.561625766,5404138.584893658,NHBO,656,2.3844028320312503,3.7553558349609375,9.266023333333331,166.66666666666666,166.66666666666666,walk,1382,,4458898.5,5402116.0,2820,4460125.0,5334235.0,245,1,347,4461623.5,5401056.0,30,1,1,True,28092
1505690,197,4458691.219555902,5404040.096349228,115,4460136.987231843,5407457.158673323,NHBO,656,5.67669140625,6.560757954915364,36.34109333333333,166.66666666666666,166.66666666666666,walk,566,,4458898.5,5402116.0,2820,4460125.0,5334235.0,245,1,347,4461623.5,5401056.0,30,1,1,True,28092
1505691,247,4459242.860014638,5401797.49407422,207,4457842.144836032,5402772.124927271,NHBO,657,2.38367431640625,3.6006792704264323,9.315639166666667,166.66666666666666,166.66666666666666,walk,945,,4458782.0,5398691.5,3057,4464530.0,5330370.5,326,1,140,4456992.5,5405754.5,30,2,2,True,14268
1505692,354,4460660.417036472,5397907.478756597,351,4459748.232476333,5398032.5210813,NHBO,657,2.219524658203125,3.2204411824544272,1.4837951666666669,166.66666666666666,166.66666666666666,autoDriver,636,,4458782.0,5398691.5,3057,4464530.0,5330370.5,326,1,140,4456992.5,5405754.5,30,2,2,True,14268
1505693,204,4457278.708921031,5403125.619480886,172,4456802.183342328,5404716.716278311,NHBO,657,2.330071533203125,3.7511586507161456,11.163402333333332,166.66666666666666,166.66666666666666,walk,815,,4458782.0,5398691.5,3057,4464530.0,5330370.5,326,1,140,4456992.5,5405754.5,30,2,2,True,14268
1505694,166,4456108.314703882,5404846.092948523,172,4456612.858558478,5404597.075444996,NHBO,657,0.6013397827148438,0.981694730122884,9.700069166666664,166.66666666666666,166.66666666666666,walk,956,,4458782.0,5398691.5,3057,4464530.0,5330370.5,326,1,140,4456992.5,5405754.5,30,2,2,True,14268
1505695,242,4461715.472848595,5404091.466467825,178,4455948.5715531465,5403699.264056359,NHBO,657,6.79351318359375,9.722365315755209,21.04870833333333,166.66666666666666,166.66666666666666,walk,1199,,4458782.0,5398691.5,3057,4464530.0,5330370.5,326,1,140,4456992.5,5405754.5,30,2,2,True,14268
1505696,207,4457799.375962496,5402504.838320137,70,4459900.19097734,5421095.1375459125,NHBO,657,24.6059765625,18.382147216796877,101.09441,166.66666666666666,166.66666666666666,autoDriver,1025,,4458782.0,5398691.5,3057,4464530.0,5330370.5,326,1,140,4456992.5,5405754.5,30,2,2,True,14268
1505710,172,4456589.42052059,5404586.696007265,114,4459861.816292404,5408581.830514696,NHBO,668,7.9763369140625,10.791630045572916,28.473955,166.66666666666666,166.66666666666666,walk,970,,4460863.0,5403458.0,533,4439572.5,5373711.5,241,2,308,4458636.5,5401516.0,56,1,1,True,33708
1505711,174,4456564.447060322,5404285.053311537,172,4456599.638226446,5404823.91194162,NHBO,668,0.4511259765625,0.7779010136922201,3.663400833333333,166.66666666666666,166.66666666666666,walk,661,,4460863.0,5403458.0,533,4439572.5,5373711.5,241,2,308,4458636.5,5401516.0,56,1,1,True,33708
1505712,198,4458185.286622492,5403580.306141166,353,4461805.147699989,5397915.6981351655,NHBO,669,10.89372265625,8.710825602213541,21.73535833333333,166.66666666666666,166.66666666666666,autoDriver,1046,,4459590.0,5403499.0,1025,4429370.5,5361331.5,234,1,226,4459581.0,5404390.5,25,1,2,True,6588
1505713,198,4458112.617348481,5403604.353282093,121,4461912.403289492,5408895.589681636,NHBO,669,11.6240166015625,11.717200724283854,22.183481666666665,166.66666666666666,166.66666666666666,autoDriver,1002,,4459590.0,5403499.0,1025,4429370.5,5361331.5,234,1,226,4459581.0,5404390.5,25,1,2,True,6588
1505714,211,4458735.4063893305,5402154.79723918,148,4454373.076449069,5404019.47589537,NHBO,669,6.3049765625,8.86601053873698,18.53352333333333,166.66666666666666,166.66666666666666,walk,816,,4459590.0,5403499.0,1025,4429370.5,5361331.5,234,1,226,4459581.0,5404390.5,25,1,2,True,6588
1505720,165,4456202.149788479,5405153.471332123,93,4450166.783836052,5409652.249507642,NHBO,673,9.13145703125,9.44663594563802,216.0476,166.66666666666666,166.66666666666666,walk,976,,4457990.0,5400632.0,33,4434058.5,5389570.0,312,1,318,4458474.5,5400413.0,8,1,3,False,0
1505721,224,4459336.936242543,5404598.849547552,335,4457146.298610088,5397044.5771534415,NHBO,673,14.8508310546875,11.94733378092448,33.16986833333333,32.90320166666667,166.66666666666666,autoDriver,969,,4457990.0,5400632.0,33,4434058.5,5389570.0,312,1,318,4458474.5,5400413.0,8,1,3,False,0
1505722,199,4458771.790140255,5403496.041816087,170,4456142.706082249,5404114.994412819,NHBO,673,3.50726513671875,5.1863555908203125,2.387916333333333,166.66666666666666,166.66666666666666,bicycle,733,,4457990.0,5400632.0,33,4434058.5,5389570.0,312,1,318,4458474.5,5400413.0,8,1,3,False,0
1505724,324,4458655.10314204,5400012.298321168,1108,4459160.567132864,5391726.864259546,NHBO,674,10.995095703125,9.657493082682292,291.5303333333333,166.66666666666666,166.66666666666666,bicycle,906,,4457766.5,5401708.5,291,4447611.0,5393670.5,209,0,99,4451787.5,5402630.5,73,2,2,True,14268
1505725,205,4457793.375123662,5403056.803612866,225,4458872.226943582,5404120.79398828,NHBO,674,2.47358740234375,3.917678833007813,9.957347666666667,166.66666666666666,166.66666666666666,autoDriver,886,,4457766.5,5401708.5,291,4447611.0,5393670.5,209,0,99,4451787.5,5402630.5,73,2,2,True,14268
1505731,209,4457447.918094218,5401705.173731741,211,4458585.711956119,5402107.181544309,NHBO,682,1.4293319091796874,2.1,0.8700899999999999,166.66666666666666,166.66666666666666,walk,769,,4454894.0,5403499.0,4501,4456883.5,5308527.0,154,1,209,4458031.0,5401892.5,37,1,2,True,10380
1505732,165,4455198.782268048,5404422.015023491,174,4456600.805904025,5404323.290156534,NHBO,682,1.38144775390625,1.6921143849690754,4.511185,166.66666666666666,166.66666666666666,walk,1090,,4454894.0,5403499.0,4501,4456883.5,5308527.0,154,1,209,4458031.0,5401892.5,37,1,2,True,10380
1505733,172,4456451.406396211,5404838.781216479,216,4459061.502543852,5405041.214942663,NHBO,682,3.316179443359375,4.660471598307292,17.549133333333334,166.66666666666666,166.66666666666666,walk,1173,,4454894.0,5403499.0,4501,4456883.5,5308527.0,154,1,209,4458031.0,5401892.5,37,1,2,True,10380
1505734,310,4458848.606316372,5401212.407522385,375,4472480.917871568,5409922.299390202,NHBO,682,18.7344140625,20.600358072916663,47.87590333333333,166.66666666666666,166.66666666666666,autoPassenger,722,,4454894.0,5403499.0,4501,4456883.5,5308527.0,154,1,209,4458031.0,5401892.5,37,1,2,True,10380
1505736,353,4461685.362902796,5397750.059982895,340,4460254.867268187,5401072.0995135335,NHBO,685,8.5832294921875,7.941826883951823,26.870006666666665,166.66666666666666,166.66666666666666,bicycle,728,,4462088.0,5404065.0,1259,4460980.0,5350508.5,254,0,226,4459473.0,5404203.0,33,2,1,True,12084
1505744,198,4458312.290176728,5403623.808705425,303,4457571.60942792,5401308.604126567,NHBO,696,3.29429345703125,4.716666666666667,13.031406666666667,166.66666666666666,166.66666666666666,bus,696,,4457239.0,5399937.0,2254,4519324.0,5370760.0,320,1,205,4458015.5,5402917.0,49,1,1,True,11820
1505745,354,4460897.072607926,5397324.582291152,1135,4464330.640057895,5376919.269538515,NHBO,696,31.362181640625,21.50054931640625,805.4964166666667,117.52814166666668,166.66666666666666,autoDriver,1014,,4457239.0,5399937.0,2254,4519324.0,5370760.0,320,1,205,4458015.5,5402917.0,49,1,1,True,11820
1505746,198,4458165.639740129,5403309.669415251,339,4458970.682238936,5401370.92805854,NHBO,696,3.604591796875,4.852367146809896,19.173656666666663,166.66666666666666,166.66666666666666,bus,1102,,4457239.0,5399937.0,2254,4519324.0,5370760.0,320,1,205,4458015.5,5402917.0,49,1,1,True,11820
1505757,318,4458666.181956091,5400153.817166857,339,4459314.731194104,5401662.092850491,NHBO,707,2.58099169921875,3.839986165364584,35.12359666666667,166.66666666666666,166.66666666666666,bus,1047,,4460042.0,5404756.5,1654,4478023.0,5358942.0,227,0,189,4458736.5,5404843.5,1,2,2,False,0
1505764,198,4458303.382965932,5403502.769883947,161,4455360.859293196,5402975.037401008,NHBO,712,3.060704345703125,4.3231455485026045,18.859016666666665,166.66666666666666,166.66666666666666,walk,970,,4457613.0,5402916.0,2225,4523500.0,5385453.5,204,0,140,4456639.5,5406040.5,82,2,2,True,9132
1505765,222,4458876.387997964,5406439.630517296,236,4460154.685974983,5403759.488406918,NHBO,712,3.13271240234375,4.19600346883138,18.198093333333333,166.66666666666666,166.66666666666666,walk,974,,4457613.0,5402916.0,2225,4523500.0,5385453.5,204,0,140,4456639.5,5406040.5,82,2,2,True,9132
1505766,189,4458465.490555891,5404530.237049567,206,4457376.301566243,5402785.25606874,NHBO,712,3.5373486328125,4.81709493001302,7.875109333333333,166.66666666666666,166.66666666666666,autoDriver,898,,4457613.0,5402916.0,2225,4523500.0,5385453.5,204,0,140,4456639.5,5406040.5,82,2,2,True,9132
1505769,54,4440317.0,5417404.0,99,4451734.840645211,5403228.690473694,NHBO,714,23.19233984375,18.112422688802084,44.55902833333334,166.66666666666666,166.66666666666666,walk,715,,4459402.0,5404179.5,1199,4468026.0,5370647.5,226,1,346,4460787.0,5401139.5,23,2,3,True,6420
1505770,54,4440317.0,5417404.0,186,4457511.602931668,5404402.078664942,NHBO,714,25.499384765625,20.82586873372396,50.27479666666667,52.07454,166.66666666666666,autoDriver,795,,4459402.0,5404179.5,1199,4468026.0,5370647.5,226,1,346,4460787.0,5401139.5,23,2,3,True,6420
1505772,323,4457947.324559783,5399789.539457627,98,4451197.489376308,5403471.639741936,NHBO,715,13.4602880859375,16.501547241210936,41.85736666666666,166.66666666666666,166.66666666666666,autoDriver,863,,4456389.0,5404151.5,772,4416428.0,5358410.0,171,0,140,4456389.0,5406068.0,80,1,2,True,15960
1505782,204,4457425.948786432,5403087.431114921,395,4483427.826522012,5406664.022957243,NHBO,731,36.80959765625,27.22752482096354,282.7352166666667,256.68521666666663,166.66666666666666,autoPassenger,833,,4458868.0,5399120.0,2146,4512422.5,5379729.0,326,3,346,4461077.0,5400957.0,37,2,2,False,12588
1505783,204,4457452.926152408,5402984.945377423,148,4454176.13798047,5404014.786532224,NHBO,731,4.023964599609375,5.85145263671875,8.632216666666666,166.66666666666666,166.66666666666666,autoDriver,758,,4458868.0,5399120.0,2146,4512422.5,5379729.0,326,3,346,4461077.0,5400957.0,37,2,2,False,12588
1505784,204,4457414.413341828,5403139.075275381,217,4459399.445521832,5405267.790045091,NHBO,731,4.018137451171875,5.141050211588541,14.574108833333334,166.66666666666666,166.66666666666666,walk,651,,4458868.0,5399120.0,2146,4512422.5,5379729.0,326,3,346,4461077.0,5400957.0,37,2,2,False,12588
1505785,204,4457573.727591967,5403256.667839028,187,4457963.742464092,5404401.799680257,NHBO,731,1.794360595703125,2.599625905354818,20.00341333333333,166.66666666666666,166.66666666666666,autoDriver,954,,4458868.0,5399120.0,2146,4512422.5,5379729.0,326,3,346,4461077.0,5400957.0,37,2,2,False,12588
1505786,186,4457488.672502251,5404181.158120396,254,4462357.09785783,5403780.547795329,NHBO,734,6.4867197265625,8.345530700683593,16.692574999999998,166.66666666666666,166.66666666666666,autoDriver,627,,4456648.5,5404034.5,868,4423962.5,5363651.0,180,0,176,4455843.5,5404093.5,0,1,2,False,0
1505791,343,4459248.088216074,5400473.852206797,335,4456960.8140893085,5397199.657777209,NHBO,740,5.629189453125,7.425164286295573,17.486535,166.66666666666666,166.66666666666666,autoDriver,616,,4458273.0,5401791.0,2439,4436827.5,5326988.5,212,2,141,4457026.5,5405407.5,83,2,2,True,9600
1505792,343,4459111.879489785,5400263.705698409,131,4454406.941284131,5407488.375243662,NHBO,740,11.764361328125,17.42047932942708,33.89288,166.66666666666666,166.66666666666666,autoPassenger,744,,4458273.0,5401791.0,2439,4436827.5,5326988.5,212,2,141,4457026.5,5405407.5,83,2,2,True,9600
1505793,245,4458853.606075173,5402425.717421853,189,4458630.904285047,5404560.165233893,NHBO,740,2.88589208984375,3.969744110107422,20.87809833333333,166.66666666666666,166.66666666666666,walk,1097,,4458273.0,5401791.0,2439,4436827.5,5326988.5,212,2,141,4457026.5,5405407.5,83,2,2,True,9600
1505795,222,4460289.192192501,5405868.918246176,222,4460296.042150144,5406229.815364983,NHBO,741,0.4648456726074219,0.7824579874674479,1.0246758333333332,166.66666666666666,166.66666666666666,walk,914,,4457803.0,5401027.0,1672,4489763.5,5352451.5,306,2,172,4456597.5,5404716.5,44,1,2,True,0
1505804,326,4459344.081563992,5398532.558812977,359,4463027.174997198,5397859.440207854,NHBO,747,6.2177490234375,7.525216674804687,80.28389999999999,166.66666666666666,166.66666666666666,autoDriver,861,,4453977.5,5397895.0,3164,4450468.0,5318454.0,327,1,143,4456997.0,5405220.5,30,1,1,True,34512
1505807,225,4458871.435881306,5404467.744885628,222,4459830.034558171,5405751.122649227,NHBO,750,2.386953369140625,3.315502166748047,1.0246758333333332,166.66666666666666,166.66666666666666,autoDriver,756,,4456187.0,5404517.0,3813,4472574.5,5333313.0,166,2,347,4461335.0,5401081.0,43,2,2,True,0
1505819,406,4472621.614089046,5395049.172804536,402,4471814.165139314,5398969.312527199,NHBO,769,2.77223876953125,4.192440795898437,166.66666666666666,406.9736,166.66666666666666,bicycle,710,,4456254.5,5404384.0,3209,4466321.0,5336947.0,169,0,253,4461512.0,5401904.5,55,1,2,True,31044
1505822,326,4458974.5,5398893.5,306,4457718.293786832,5401163.282194246,NHBO,773,3.138138916015625,4.899709065755208,32.38019166666667,166.66666666666666,166.66666666666666,bus,982,,4456567.5,5400534.0,4528,4460006.0,5305606.5,299,0,324,4458497.5,5399455.0,7,1,3,False,816
1505823,353,4461722.147070046,5397895.665189024,377,4466435.436891248,5404078.205540828,NHBO,775,12.2663837890625,12.042536417643229,182.8982333333333,166.66666666666666,166.66666666666666,walk,775,,4458986.5,5402411.5,3788,4474285.5,5335179.5,245,0,347,4461300.0,5401206.0,66,2,2,True,22056
1505825,354,4461335.252945215,5398309.105126966,93,4450667.94473379,5409368.011539173,NHBO,777,21.455947265625,21.51436971028646,218.0476,166.66666666666666,166.66666666666666,autoDriver,1363,,4458444.5,5403445.5,1968,4476795.0,5341978.5,198,1,153,4455362.0,5403894.5,42,2,1,True,12252
1505826,209,4457390.260880339,5401768.180350201,211,4458589.394576664,5402381.283346636,NHBO,780,1.4293319091796874,2.1,0.8700899999999999,166.66666666666666,166.66666666666666,walk,912,,4459893.5,5404229.0,1396,4454419.5,5339691.5,229,0,229,4459663.5,5404151.5,60,1,2,True,40020
1505827,167,4455959.424161608,5404236.91917463,292,4447780.386105955,5395498.905793564,NHBO,780,22.804595703125,23.50225016276041,236.65358333333333,166.66666666666666,166.66666666666666,autoPassenger,719,,4459893.5,5404229.0,1396,4454419.5,5339691.5,229,0,229,4459663.5,5404151.5,60,1,2,True,40020
1505828,223,4458985.561710939,5404782.852447039,255,4464099.993429697,5403502.483812882,NHBO,780,6.20422119140625,6.033333333333333,19.781265,166.66666666666666,166.66666666666666,walk,827,,4459893.5,5404229.0,1396,4454419.5,5339691.5,229,0,229,4459663.5,5404151.5,60,1,2,True,40020
1505829,198,4458162.130707017,5403315.811386793,297,4457161.93428209,5401084.061962558,NHBO,780,3.955113525390625,5.55,18.62308833333333,166.66666666666666,166.66666666666666,walk,818,,4459893.5,5404229.0,1396,4454419.5,5339691.5,229,0,229,4459663.5,5404151.5,60,1,2,True,40020
1505834,167,4455973.5,5404410.5,210,4458316.415922102,5402282.766476534,NHBO,784,4.35262939453125,5.810707600911458,21.78267333333333,166.66666666666666,166.66666666666666,bus,710,,4456523.5,5396941.0,3068,4463366.0,5329000.0,334,1,149,4454674.5,5403914.0,12,1,3,False,0
1505838,173,4456887.884404719,5404886.058706384,182,4456566.714910117,5403597.626872826,NHBO,785,1.932684936523437,2.663201904296875,7.041169166666666,166.66666666666666,166.66666666666666,walk,942,,4453884.5,5405004.5,2802,4464286.0,5335074.5,164,1,320,4457136.0,5399829.0,63,1,2,True,17724
1505839,173,4456985.9662108775,5404883.07432671,120,4466133.5366072375,5411104.659141992,NHBO,785,14.091791015625,18.37502237955729,34.72520833333333,166.66666666666666,166.66666666666666,walk,922,,4453884.5,5405004.5,2802,4464286.0,5335074.5,164,1,320,4457136.0,5399829.0,63,1,2,True,17724
1505843,243,4459363.862915432,5402679.499469985,245,4459178.450967395,5402314.779378362,NHBO,786,1.00129296875,1.7452870686848958,6.1827495,166.66666666666666,166.66666666666666,walk,1211,,4461377.0,5403809.0,784,4417414.0,5359791.5,242,2,144,4457660.5,5405507.5,62,2,2,True,0
1505844,243,4459571.393944986,5402804.520076984,189,4458547.02179495,5404790.540838352,NHBO,786,2.42758447265625,3.4224522908528647,15.6546245,166.66666666666666,166.66666666666666,bicycle,805,,4461377.0,5403809.0,784,4417414.0,5359791.5,242,2,144,4457660.5,5405507.5,62,2,2,True,0
1505845,243,4459002.105587103,5403105.536338961,311,4457621.105839564,5400526.923818664,NHBO,786,3.77073095703125,5.2702992757161455,24.92999,166.66666666666666,166.66666666666666,walk,600,,4461377.0,5403809.0,784,4417414.0,5359791.5,242,2,144,4457660.5,5405507.5,62,2,2,True,0
1505846,243,4459457.052580474,5403199.686282577,368,4461850.906990402,5392595.13316451,NHBO,786,13.9379580078125,15.262972005208333,34.94718,166.66666666666666,166.66666666666666,autoPassenger,693,,4461377.0,5403809.0,784,4417414.0,5359791.5,242,2,144,4457660.5,5405507.5,62,2,2,True,0
1505847,243,4459487.965065265,5403064.864317901,350,4459999.009766592,5399536.034632022,NHBO,786,4.1950244140625,6.257437642415365,36.57879666666667,166.66666666666666,166.66666666666666,autoDriver,1327,,4461377.0,5403809.0,784,4417414.0,5359791.5,242,2,144,4457660.5,5405507.5,62,2,2,True,0
1505851,137,4456402.169711001,5407306.211678995,171,4456303.618219874,5404104.352171999,NHBO,787,8.0388818359375,11.460734049479166,16.020953333333335,166.66666666666666,166.66666666666666,bus,1264,,4459658.0,5402952.0,4381,4484236.0,5329783.0,244,1,346,4461205.5,5401102.5,27,2,1,False,12096
1505853,189,4458758.428326749,5404503.722195998,176,4455887.788173702,5403836.435856363,NHBO,788,4.42856103515625,6.101270548502604,10.849356,166.66666666666666,166.66666666666666,bicycle,1222,,4455029.0,5403344.0,2306,4492759.0,5351090.0,154,1,223,4459111.5,5404542.5,83,1,2,False,17580
1505854,205,4458044.733782942,5403218.440891773,164,4454020.195533344,5404605.095462362,NHBO,790,4.92785302734375,7.447703043619792,21.282921666666667,166.66666666666666,166.66666666666666,bus,1229,,4456749.5,5404081.5,4040,4469710.5,5330775.5,180,1,147,4454688.0,5404122.5,83,2,2,True,11988
1505856,185,4458001.839303386,5404606.787938009,1167,4472418.097118325,5384663.198394973,NHBO,791,31.102681640625,22.81878662109375,420.8186833333333,139.5143,166.66666666666666,autoPassenger,1381,,4456137.0,5400356.0,55,4441072.0,5416974.0,298,0,299,4456606.0,5400502.0,67,2,2,False,15216
1505860,205,4458020.405412407,5402958.595765357,125,4464231.297168992,5408582.904749535,NHBO,794,9.856927734375,11.776654052734376,31.776316666666663,166.66666666666666,166.66666666666666,walk,1092,,4458155.5,5401887.0,4166,4473948.0,5330274.0,212,1,347,4461580.5,5401514.0,45,2,1,True,11892
1505869,339,4458879.822193291,5401603.859620514,351,4459284.895318002,5398016.69132113,NHBO,806,6.4055830078125,7.66686045328776,28.70046166666667,166.66666666666666,166.66666666666666,bus,1428,,4459010.0,5399023.5,4424,4469622.5,5320679.5,326,1,144,4457278.0,5405323.5,37,1,1,True,27324
1505873,325,4457924.139246452,5398626.026629415,242,4461464.989645864,5404050.737655517,NHBO,807,11.8129892578125,13.638379923502605,23.54536333333333,166.66666666666666,166.66666666666666,autoPassenger,1052,,4458629.0,5400814.5,2974,4457981.5,5329816.5,316,0,140,4456832.5,5406058.0,31,2,2,True,0
1505874,247,4459007.799422152,5401734.056409899,242,4461476.691167424,5403758.35019285,NHBO,807,4.5437338867187504,6.261289978027344,7.548058333333333,166.66666666666666,166.66666666666666,autoDriver,824,,4458629.0,5400814.5,2974,4457981.5,5329816.5,316,0,140,4456832.5,5406058.0,31,2,2,True,0
1505875,247,4459034.769741828,5401750.05835672,317,4458415.059434553,5400400.484586017,NHBO,807,2.486927734375,3.449531555175781,17.802163333333333,166.66666666666666,166.66666666666666,autoDriver,610,,4458629.0,5400814.5,2974,4457981.5,5329816.5,316,0,140,4456832.5,5406058.0,31,2,2,True,0
1505876,351,4459408.946463706,5397551.291629668,329,4455887.662103803,5398349.363135025,NHBO,807,4.79300634765625,5.573790486653646,45.96659,166.66666666666666,166.66666666666666,walk,1147,,4458629.0,5400814.5,2974,4457981.5,5329816.5,316,0,140,4456832.5,5406058.0,31,2,2,True,0
1505877,199,4458745.758128509,5403381.901585853,241,4460607.427915473,5403372.723471041,NHBO,807,2.240247314453125,3.0034634908040365,17.805541666666667,166.66666666666666,166.66666666666666,walk,739,,4458629.0,5400814.5,2974,4457981.5,5329816.5,316,0,140,4456832.5,5406058.0,31,2,2,True,0
1505881,127,4453347.188836772,5407412.107096834,106,4452239.267466597,5410242.981550076,NHBO,809,4.52874462890625,6.284295654296875,166.66666666666666,166.66666666666666,166.66666666666666,bicycle,949,,4457167.5,5400757.5,1697,4469053.5,5348064.0,300,1,164,4452899.0,5404596.5,57,2,1,True,14352
1505884,223,4459076.904917524,5404650.867587256,290,4444878.868469706,5398071.026568647,NHBO,811,27.238390625,20.336665852864584,177.8793,166.66666666666666,166.66666666666666,bus,1012,,4457969.5,5398533.0,1926,4468911.0,5337864.5,325,0,190,4458323.0,5404118.0,80,2,2,True,672
1505885,223,4458922.970394237,5404879.745220619,358,4463620.782587414,5398478.256009315,NHBO,811,12.806521484375,9.72972920735677,48.803246666666666,166.66666666666666,166.66666666666666,walk,743,,4457969.5,5398533.0,1926,4468911.0,5337864.5,325,0,190,4458323.0,5404118.0,80,2,2,True,672
1505887,201,4456845.45868915,5402944.683273414,225,4459129.4110452095,5404119.231947321,NHBO,813,3.932070556640625,5.552001953125,19.81421333333333,166.66666666666666,166.66666666666666,autoPassenger,654,,4459240.0,5402350.5,4570,4453132.5,5290769.5,245,0,339,4458895.0,5401307.5,34,2,1,True,18456
1505906,197,4458664.327643992,5404022.682217734,140,4456038.379544973,5406892.863188386,NHBO,833,5.04256787109375,6.114623514811198,8.808403333333333,166.66666666666666,166.66666666666666,walk,970,,4458479.5,5401902.0,3177,4463715.0,5324828.5,213,1,153,4455362.0,5403894.5,7,2,3,False,0
1505907,178,4455924.947289339,5403446.481656863,175,4456966.719327766,5404244.457673603,NHBO,833,2.390450927734375,3.4293838500976563,6.2049978333333335,166.66666666666666,166.66666666666666,autoDriver,915,,4458479.5,5401902.0,3177,4463715.0,5324828.5,213,1,153,4455362.0,5403894.5,7,2,3,False,0
1505908,214,4458909.8772978345,5405586.339538981,191,4458548.555497112,5404354.503629927,NHBO,833,1.7048306884765625,2.163926442464193,15.863025,166.66666666666666,166.66666666666666,walk,545,,4458479.5,5401902.0,3177,4463715.0,5324828.5,213,1,153,4455362.0,5403894.5,7,2,3,False,0
1505909,205,4457690.330981389,5402907.374713257,253,4461659.228449936,5402342.174265595,NHBO,833,5.69558056640625,7.935197448730468,23.069931666666665,166.66666666666666,166.66666666666666,autoDriver,563,,4458479.5,5401902.0,3177,4463715.0,5324828.5,213,1,153,4455362.0,5403894.5,7,2,3,False,0
1505910,204,4457498.994506739,5403117.803953855,354,4461755.932111997,5398582.734758831,NHBO,833,11.6601337890625,11.3163818359375,27.473816666666668,166.66666666666666,166.66666666666666,autoDriver,495,,4458479.5,5401902.0,3177,4463715.0,5324828.5,213,1,153,4455362.0,5403894.5,7,2,3,False,0
1505911,149,4454825.713479092,5403748.706055685,208,4458539.624776721,5402853.810371852,NHBO,833,4.5682421875,6.534632364908855,166.66666666666666,166.66666666666666,166.66666666666666,autoDriver,679,,4458479.5,5401902.0,3177,4463715.0,5324828.5,213,1,153,4455362.0,5403894.5,7,2,3,False,0
1505919,106,4452220.239756793,5409960.419058449,103,4452316.141424091,5401721.456982008,NHBO,841,16.24817578125,15.605501302083333,329.7709,130.03667833333333,166.66666666666666,autoDriver,705,,4455015.0,5403228.5,2114,4512921.5,5380612.5,161,2,229,4459663.5,5404151.5,54,1,1,True,29460
1505920,186,4457333.210300855,5404494.515505581,189,4458665.437316736,5404822.326829301,NHBO,841,1.750933837890625,2.372888437906901,6.659332833333334,166.66666666666666,166.66666666666666,autoDriver,1067,,4455015.0,5403228.5,2114,4512921.5,5380612.5,161,2,229,4459663.5,5404151.5,54,1,1,True,29460
1505921,194,4457613.417094426,5403302.668140969,199,4458684.307012008,5403402.309232735,NHBO,841,1.6443555908203125,2.867010243733724,7.876783333333334,166.66666666666666,166.66666666666666,autoDriver,823,,4455015.0,5403228.5,2114,4512921.5,5380612.5,161,2,229,4459663.5,5404151.5,54,1,1,True,29460
1505926,171,4456398.302077422,5404209.023268976,115,4459881.232929754,5406734.748626142,NHBO,844,7.443532226562501,9.461505126953124,47.34109333333333,166.66666666666666,166.66666666666666,bicycle,1126,,4457954.5,5404166.0,2584,4446934.5,5329893.5,187,1,348,4462608.5,5402664.5,21,1,3,True,4008
1505927,223,4458913.271760096,5404524.6506999135,331,4456439.396624511,5397643.898500534,NHBO,844,15.9880068359375,12.883242797851562,42.49164999999999,166.66666666666666,166.66666666666666,walk,877,,4457954.5,5404166.0,2584,4446934.5,5329893.5,187,1,348,4462608.5,5402664.5,21,1,3,True,4008
1505928,171,4456272.566330184,5404234.091791141,244,4460105.443227139,5402839.600989673,NHBO,844,5.3786142578125,7.179473368326823,22.261008333333333,166.66666666666666,166.66666666666666,walk,864,,4457954.5,5404166.0,2584,4446934.5,5329893.5,187,1,348,4462608.5,5402664.5,21,1,3,True,4008
1505929,171,4456336.294547276,5404228.653097044,234,4459456.1917664725,5403410.867594674,NHBO,844,4.04395849609375,5.203578694661458,13.036713333333331,166.66666666666666,166.66666666666666,walk,841,,4457954.5,5404166.0,2584,4446934.5,5329893.5,187,1,348,4462608.5,5402664.5,21,1,3,True,4008
1505934,130,4454155.947130809,5406816.482413458,188,4458423.324370839,5404672.482473006,NHBO,847,7.77132666015625,10.95398661295573,26.513526666666667,25.44952333333333,166.66666666666666,bicycle,768,,4458014.5,5398272.5,2534,4442449.5,5336851.5,336,1,228,4460075.0,5404522.5,39,2,2,True,22104
1505935,130,4454084.539906988,5406834.268914172,142,4456847.036890838,5405201.418070702,NHBO,847,6.3296201171875,8.568363444010416,35.63891666666667,26.26407333333333,166.66666666666666,walk,1008,,4458014.5,5398272.5,2534,4442449.5,5336851.5,336,1,228,4460075.0,5404522.5,39,2,2,True,22104
1505936,130,4454333.871059882,5406854.789935896,132,4451320.818541287,5406070.974886848,NHBO,847,0.8124201660156251,1.2712287902832031,13.742025833333336,166.66666666666666,166.66666666666666,walk,703,,4458014.5,5398272.5,2534,4442449.5,5336851.5,336,1,228,4460075.0,5404522.5,39,2,2,True,22104
1505937,130,4454437.195547844,5406641.53422234,274,4443437.769503119,5401016.176173971,NHBO,847,16.438771484375,18.384883626302084,90.68131666666666,86.54846666666667,166.66666666666666,autoDriver,741,,4458014.5,5398272.5,2534,4442449.5,5336851.5,336,1,228,4460075.0,5404522.5,39,2,2,True,22104
1505939,186,4457607.922440297,5404369.639938467,214,4458853.431377745,5405638.986744238,NHBO,850,2.396240966796875,3.036249796549479,6.459929333333333,166.66666666666666,166.66666666666666,walk,1214,,4458708.0,5403712.0,2648,4453274.0,5333088.0,197,2,346,4461234.5,5401229.0,18,2,3,True,0
1505943,180,4456800.06191289,5403951.2345878575,175,4457099.837016499,5404243.572844207,NHBO,854,0.9228436889648438,1.8456873575846355,7.281351666666667,166.66666666666666,166.66666666666666,autoPassenger,756,,4459552.0,5404191.0,3714,4470272.0,5332241.5,226,1,254,4462732.0,5403749.0,60,2,2,True,9996
1505952,201,4456929.342334631,5403206.327343576,176,4455827.683058918,5403856.243207293,NHBO,869,2.039690673828125,3.431634267171224,14.3973175,166.66666666666666,166.66666666666666,bus,1209,,4455925.5,5400327.5,4625,4487321.5,5293988.5,298,1,144,4457308.5,5405685.0,77,1,2,True,14832
1505953,201,4456869.66944979,5402743.175090491,274,4442351.812486798,5401185.401712174,NHBO,869,18.86339453125,21.04764404296875,68.68131666666666,68.878,166.66666666666666,walk,1330,,4455925.5,5400327.5,4625,4487321.5,5293988.5,298,1,144,4457308.5,5405685.0,77,1,2,True,14832
1505955,176,4455957.078565312,5403827.059862035,230,4460102.615231302,5404143.554633289,NHBO,872,6.0994296875,7.993835957845052,10.7924275,166.66666666666666,166.66666666666666,walk,1228,,4457779.0,5397966.5,3552,4467092.0,5332746.5,336,1,143,4457082.5,5404947.5,42,2,1,True,22008
1505956,223,4459016.565596079,5404758.490338589,275,4441642.852356725,5399434.245199505,NHBO,872,22.741328125,24.273834228515625,166.66666666666666,166.66666666666666,166.66666666666666,autoPassenger,1067,,4457779.0,5397966.5,3552,4467092.0,5332746.5,336,1,143,4457082.5,5404947.5,42,2,1,True,22008
1505957,198,4458428.063745213,5403452.775083301,224,4459344.718319951,5404584.307016059,NHBO,872,1.7396214599609376,2.293818664550781,2.7282593333333334,166.66666666666666,166.66666666666666,walk,661,,4457779.0,5397966.5,3552,4467092.0,5332746.5,336,1,143,4457082.5,5404947.5,42,2,1,True,22008
1505960,166,4456158.818319167,5404606.465415435,212,4458121.364197534,5401772.441749566,NHBO,873,4.1863193359375,5.623810831705729,18.3964,166.66666666666666,166.66666666666666,walk,922,,4459013.0,5402838.0,3625,4469488.0,5333439.5,243,1,249,4460050.0,5401865.5,79,2,2,False,27012
1505961,166,4456117.83905203,5404658.076995751,170,4456139.919516905,5404204.424669651,NHBO,873,0.4532031555175781,0.9305882771809896,2.387916333333333,166.66666666666666,166.66666666666666,walk,657,,4459013.0,5402838.0,3625,4469488.0,5333439.5,243,1,249,4460050.0,5401865.5,79,2,2,False,27012
1505962,213,4458722.15358806,5402080.765519889,107,4453382.499367658,5414840.878452046,NHBO,875,22.74321875,22.585093180338543,54.76456333333333,166.66666666666666,166.66666666666666,bus,663,,4458989.5,5406381.5,4011,4467388.0,5328644.5,222,2,234,4459440.5,5403651.5,83,1,2,True,20568
1505963,155,4455305.046658481,5403462.855642012,93,4450563.107607145,5407692.239199756,NHBO,875,8.76512109375,9.397997029622395,213.0476,166.66666666666666,166.66666666666666,walk,770,,4458989.5,5406381.5,4011,4467388.0,5328644.5,222,2,234,4459440.5,5403651.5,83,1,2,True,20568
1505964,213,4458780.762312408,5401802.56001706,218,4459711.791149673,5405322.154496359,NHBO,875,4.46773974609375,6.288546244303386,9.165948333333333,166.66666666666666,166.66666666666666,walk,1186,,4458989.5,5406381.5,4011,4467388.0,5328644.5,222,2,234,4459440.5,5403651.5,83,1,2,True,20568
1505966,197,4458610.091839909,5404088.270278945,268,4439714.856965303,5398970.452624441,NHBO,877,24.3524140625,26.57618408203125,71.12933333333334,54.89651333333334,166.66666666666666,walk,1110,,4456318.5,5403465.5,2941,4463140.5,5331778.0,179,1,184,4457622.5,5404833.5,30,2,1,True,18588
1505967,207,4457756.5079091815,5402573.471565636,109,4454163.967502481,5409360.624198885,NHBO,877,11.110271484375,16.284852091471354,37.5041,166.66666666666666,166.66666666666666,bus,783,,4456318.5,5403465.5,2941,4463140.5,5331778.0,179,1,184,4457622.5,5404833.5,30,2,1,True,18588
1505972,318,4458831.235135823,5400386.511665058,280,4443162.006848355,5399685.963584445,NHBO,882,20.794453125,22.574088541666665,100.51463333333332,100.51463333333332,166.66666666666666,autoPassenger,767,,4457670.0,5404676.5,3300,4466190.0,5334926.0,185,1,144,4457660.5,5405507.5,35,1,1,True,23748
1505973,318,4458523.485281231,5400162.308177343,222,4459219.961063882,5406369.317809237,NHBO,882,6.64891748046875,8.813086954752604,35.06045666666667,166.66666666666666,166.66666666666666,autoDriver,1066,,4457670.0,5404676.5,3300,4466190.0,5334926.0,185,1,144,4457660.5,5405507.5,35,1,1,True,23748
1505974,318,4458727.963032722,5400457.809495683,119,4458613.511688981,5409719.326728061,NHBO,882,18.953609375,18.715608723958333,114.870305,166.66666666666666,166.66666666666666,autoDriver,983,,4457670.0,5404676.5,3300,4466190.0,5334926.0,185,1,144,4457660.5,5405507.5,35,1,1,True,23748
1505977,179,4456298.91181168,5403545.202935706,368,4460729.744374709,5392795.907540439,NHBO,883,15.4630576171875,17.363859049479167,31.947181666666665,166.66666666666666,166.66666666666666,autoDriver,741,,4457148.0,5404381.0,3669,4469020.0,5332255.5,175,0,253,4461512.0,5401904.5,31,2,2,True,15660
1505979,1087,4451143.821070117,5386787.275492938,1106,4449181.862823186,5380568.562927348,NHBO,885,8.7702216796875,7.579351806640624,166.66666666666666,166.66666666666666,166.66666666666666,bicycle,610,,4456438.5,5404091.0,3249,4468282.0,5336720.0,177,1,346,4460992.5,5401026.0,76,1,2,True,5436
1505983,301,4456773.022350997,5400193.141761784,186,4457333.452899361,5404189.634340001,NHBO,891,6.60580859375,9.204388427734376,27.26447333333333,166.66666666666666,166.66666666666666,autoDriver,749,,4458602.0,5403973.0,2778,4463241.5,5336090.5,197,0,342,4459363.0,5400504.0,37,2,1,True,8700
1505985,167,4455701.178470887,5404204.06813639,254,4462713.177001717,5403614.284953219,NHBO,896,8.4743974609375,10.844876098632811,22.692576666666664,166.66666666666666,166.66666666666666,walk,1375,,4458616.5,5400690.0,55,4440465.5,5417653.0,316,1,254,4462732.0,5403749.0,59,1,2,True,16404
1505986,194,4457361.819153529,5403319.800258502,115,4460482.606783735,5406872.503564451,NHBO,896,6.6559296875000005,8.22159423828125,39.791093333333336,166.66666666666666,166.66666666666666,walk,709,,4458616.5,5400690.0,55,4440465.5,5417653.0,316,1,254,4462732.0,5403749.0,59,1,2,True,16404
1505987,149,4454620.010247494,5403777.321453104,218,4459970.321129388,5405672.23816721,NHBO,896,6.46986767578125,8.52466278076172,166.66666666666666,166.66666666666666,166.66666666666666,autoPassenger,836,,4458616.5,5400690.0,55,4440465.5,5417653.0,316,1,254,4462732.0,5403749.0,59,1,2,True,16404
1505994,307,4458290.047683484,5401686.820987633,1101,4447164.375795904,5380525.279795114,NHBO,898,30.767412109375,24.70481567382813,347.649,85.6448,166.66666666666666,autoPassenger,1105,,4458600.5,5400979.0,1608,4480259.5,5363020.0,310,1,253,4461525.0,5401859.5,75,1,2,True,17196
1505995,185,4457962.641566839,5404887.37901492,307,4458164.843805956,5401611.265650048,NHBO,898,4.68087451171875,6.690388997395833,12.957168333333334,166.66666666666666,166.66666666666666,bus,1045,,4458600.5,5400979.0,1608,4480259.5,5363020.0,310,1,253,4461525.0,5401859.5,75,1,2,True,17196
1505996,307,4458359.95149768,5401699.181990369,174,4456783.692289706,5404151.458519597,NHBO,898,4.2394794921875,6.226263427734375,19.27739833333333,166.66666666666666,166.66666666666666,autoDriver,915,,4458600.5,5400979.0,1608,4480259.5,5363020.0,310,1,253,4461525.0,5401859.5,75,1,2,True,17196
1506000,198,4458287.568765808,5403668.274913218,235,4459966.431379488,5403799.642735009,NHBO,900,1.886168823242188,2.5297704060872395,6.877254166666666,166.66666666666666,166.66666666666666,walk,1172,,4453825.5,5405065.0,2077,4502137.0,5383914.5,164,1,318,4458474.5,5400413.0,39,1,2,True,3636
1506002,299,4456696.807517918,5400725.961590769,147,4454404.422749769,5404545.275011425,NHBO,904,7.60358837890625,11.074647013346354,37.93989333333333,166.66666666666666,166.66666666666666,walk,810,,4455096.5,5403337.5,3197,4457850.5,5313391.0,154,2,346,4461012.0,5401144.5,78,1,2,True,6156
1506003,297,4456618.71740667,5401570.22588195,189,4458697.829712264,5404714.741537051,NHBO,904,5.037314453125,6.983233133951823,29.923625,166.66666666666666,166.66666666666666,autoDriver,1099,,4455096.5,5403337.5,3197,4457850.5,5313391.0,154,2,346,4461012.0,5401144.5,78,1,2,True,6156
1506004,194,4457316.317099085,5403563.577711578,102,4451651.500978473,5401490.602984385,NHBO,904,8.564521484375,14.06965840657552,21.411043333333332,166.66666666666666,166.66666666666666,autoDriver,1183,,4455096.5,5403337.5,3197,4457850.5,5313391.0,154,2,346,4461012.0,5401144.5,78,1,2,True,6156
1506006,343,4459191.465370646,5400423.299728254,162,4455168.06203704,5398591.4119703,NHBO,905,7.24000439453125,11.066141764322916,40.88800833333333,166.66666666666666,166.66666666666666,walk,1033,,4459140.0,5406270.5,204,4457563.5,5403232.5,222,0,196,4458061.0,5403999.5,85,2,2,False,3732
1506009,215,4459515.303815094,5405510.200023945,189,4458704.014572582,5404615.260666768,NHBO,910,1.8934208984375,2.614185333251953,12.551552333333332,166.66666666666666,166.66666666666666,walk,845,,4456280.5,5404309.5,582,4413931.0,5362807.0,169,0,140,4457191.0,5405931.5,48,2,1,True,34440
1506010,265,4441158.353274011,5400049.10844902,263,4440434.677347772,5399635.19151865,NHBO,910,0.8774330444335938,1.729499053955078,4.6491533333333335,166.66666666666666,166.66666666666666,autoDriver,1033,,4456280.5,5404309.5,582,4413931.0,5362807.0,169,0,140,4457191.0,5405931.5,48,2,1,True,34440
1506011,198,4458419.493017143,5403357.080531199,142,4456731.142536814,5405185.478233542,NHBO,910,3.404004638671875,4.396279907226562,11.1278055,166.66666666666666,166.66666666666666,bus,619,,4456280.5,5404309.5,582,4413931.0,5362807.0,169,0,140,4457191.0,5405931.5,48,2,1,True,34440
1506012,208,4458749.353040619,5402611.847194318,240,4462842.977579995,5404418.36706652,NHBO,910,5.95545849609375,7.327268473307291,18.14714833333333,166.66666666666666,166.66666666666666,bicycle,404,,4456280.5,5404309.5,582,4413931.0,5362807.0,169,0,140,4457191.0,5405931.5,48,2,1,True,34440
1506016,149,4454773.920649173,5403928.922690176,164,4453848.622888398,5404637.500731671,NHBO,915,0.93475244140625,1.3290154774983725,166.66666666666666,166.66666666666666,166.66666666666666,walk,828,,4459621.5,5403960.5,4797,4509502.0,5302579.5,232,0,165,4456029.5,5405334.5,61,2,2,True,6540
1506021,254,4462233.302658356,5403760.409032845,255,4463529.876106206,5404201.361680768,NHBO,918,3.841453125,4.547537740071615,12.781264166666666,166.66666666666666,166.66666666666666,autoDriver,983,,4456158.0,5404216.0,3156,4451194.0,5318560.0,170,1,235,4459821.5,5404029.0,17,1,3,False,0
1506027,134,4455693.447073706,5408116.158159167,200,4456126.084294738,5402839.271198417,NHBO,922,9.6968115234375,13.127660115559896,32.901285,166.66666666666666,166.66666666666666,autoDriver,1039,,4458345.5,5400072.5,3629,4470428.0,5334433.0,324,1,190,4458110.5,5404107.5,44,2,2,True,12528
1506028,227,4459836.580615434,5404736.823561864,223,4459044.249730078,5404689.311012573,NHBO,922,0.9618763427734376,1.373707071940104,3.831291,166.66666666666666,166.66666666666666,autoPassenger,1064,,4458345.5,5400072.5,3629,4470428.0,5334433.0,324,1,190,4458110.5,5404107.5,44,2,2,True,12528
1506035,309,4458442.5,5401239.5,403,4471484.182243965,5393917.966367877,NHBO,927,19.82312109375,17.143438720703124,47.710295,166.66666666666666,166.66666666666666,walk,632,,4459782.0,5401535.5,4536,4460602.0,5303492.5,340,0,165,4455504.5,5405034.5,7,2,3,False,612
1506036,309,4458442.5,5401239.5,400,4468059.943657998,5399768.034257537,NHBO,927,15.643216796875,12.803438313802085,49.14321666666666,166.66666666666666,166.66666666666666,autoDriver,751,,4459782.0,5401535.5,4536,4460602.0,5303492.5,340,0,165,4455504.5,5405034.5,7,2,3,False,612
1506037,309,4458442.5,5401239.5,307,4458369.106544229,5401391.855368139,NHBO,927,0.44290576171875,0.8858116149902343,2.6494606666666662,166.66666666666666,166.66666666666666,walk,1032,,4459782.0,5401535.5,4536,4460602.0,5303492.5,340,0,165,4455504.5,5405034.5,7,2,3,False,612
1506041,351,4460194.951215235,5398128.486877956,357,4462949.192442429,5398152.516388007,NHBO,929,4.14235205078125,5.637454223632813,20.126978333333334,166.66666666666666,166.66666666666666,autoDriver,937,,4456890.5,5400716.5,3024,4461466.5,5328143.5,300,0,348,4462608.5,5402664.5,61,2,2,True,0
1506047,164,4453775.799910429,5404600.244662658,187,4457851.663219466,5404241.002752317,NHBO,934,4.27123046875,5.655925496419271,17.861614999999997,166.66666666666666,166.66666666666666,autoDriver,1125,,4456412.0,5404652.5,2019,4490008.5,5338940.0,166,0,346,4460945.0,5401039.0,12,2,3,False,0
1506050,93,4450795.313683214,5409614.965419224,241,4460876.619429339,5403617.557610823,NHBO,938,14.74334375,16.66879679361979,46.538875,166.66666666666666,166.66666666666666,bicycle,802,,4456542.5,5397784.0,4214,4473309.0,5328733.0,330,1,347,4461623.5,5401056.0,36,1,1,True,21996
1506051,93,4450353.491215858,5407962.867549233,208,4458739.420501419,5402670.958789828,NHBO,938,11.8675556640625,13.48790079752604,53.49190333333333,166.66666666666666,166.66666666666666,autoDriver,708,,4456542.5,5397784.0,4214,4473309.0,5328733.0,330,1,347,4461623.5,5401056.0,36,1,1,True,21996
1506056,186,4457320.397020952,5404208.913938473,151,4454463.557559859,5403656.350865961,NHBO,944,3.431392822265625,4.803555806477864,8.558355666666667,166.66666666666666,166.66666666666666,bus,1163,,4459715.5,5403430.0,592,4409329.0,5358421.0,237,2,346,4460757.0,5401208.5,57,2,2,True,0
1506058,243,4458988.7648118,5402580.802575243,173,4457126.819378316,5404744.397863432,NHBO,947,4.25289306640625,5.696615600585938,21.65833,166.66666666666666,166.66666666666666,walk,763,,4456802.5,5403640.5,4293,4476146.5,5326086.5,182,0,297,4456873.0,5401342.0,50,2,1,True,13788
1506060,166,4456092.55455112,5404858.431394069,161,4455514.036816667,5402704.073055415,NHBO,949,2.376781005859375,3.5666666666666664,30.859016666666665,166.66666666666666,166.66666666666666,walk,881,,4457975.5,5402294.0,1062,4424071.0,5347933.0,209,0,226,4459473.0,5404203.0,76,1,2,True,30072
1506064,306,4457715.197199509,5400915.396038667,285,4445599.488742737,5402099.9549055165,NHBO,950,20.248861328125,23.99627888997396,63.707258333333336,15.936624166666666,166.66666666666666,autoPassenger,1306,,4458605.0,5404487.0,1818,4468315.0,5340267.0,191,2,167,4455879.0,5404410.0,58,1,2,True,13596
1506065,324,4458823.46485772,5399470.608998853,304,4458043.123377644,5401490.470186724,NHBO,950,1.88644873046875,3.777312215169271,18.788425,166.66666666666666,166.66666666666666,autoPassenger,803,,4458605.0,5404487.0,1818,4468315.0,5340267.0,191,2,167,4455879.0,5404410.0,58,1,2,True,13596
1506066,181,4457117.318377499,5403748.108624782,326,4458893.582830933,5399046.587842887,NHBO,950,6.26131494140625,8.622891235351563,38.76109666666667,166.66666666666666,166.66666666666666,autoDriver,1066,,4458605.0,5404487.0,1818,4468315.0,5340267.0,191,2,167,4455879.0,5404410.0,58,1,2,True,13596
1506067,212,4458316.495645522,5401986.669863626,207,4457655.849714759,5402530.344440405,NHBO,950,1.534309814453125,2.4840126037597656,166.66666666666666,166.66666666666666,166.66666666666666,autoDriver,1015,,4458605.0,5404487.0,1818,4468315.0,5340267.0,191,2,167,4455879.0,5404410.0,58,1,2,True,13596
1506068,223,4459225.432709744,5404736.036539321,181,4456931.545715919,5403864.2892862,NHBO,950,2.559619384765625,3.237412516276041,17.027338333333333,166.66666666666666,166.66666666666666,walk,913,,4458605.0,5404487.0,1818,4468315.0,5340267.0,191,2,167,4455879.0,5404410.0,58,1,2,True,13596
1506078,304,4458032.876107275,5401414.918997087,220,4459816.644809647,5405078.498532287,NHBO,965,5.24456201171875,7.563757832845052,45.76659,166.66666666666666,166.66666666666666,autoDriver,597,,4454529.0,5399437.5,1147,4459982.5,5374300.5,162,1,229,4459663.5,5404151.5,40,1,1,True,41424
1506079,198,4458148.505526188,5403620.084648505,341,4459080.967963601,5400738.794399361,NHBO,966,4.34972265625,5.830931599934896,10.288263333333331,166.66666666666666,166.66666666666666,autoPassenger,1047,,4458559.0,5404264.5,1580,4475742.5,5353789.0,191,1,188,4458210.0,5404814.5,37,2,2,True,0
1506086,124,4465225.253704626,5409257.730149962,151,4454574.224479507,5403685.55505729,NHBO,975,11.5215830078125,14.649786376953124,38.89169166666667,166.66666666666666,166.66666666666666,autoPassenger,1090,,4459818.5,5400745.5,2649,4453813.0,5333214.5,345,1,321,4455976.5,5398594.5,73,2,2,True,9852
1506087,312,4457988.968331882,5400801.7326902,321,4455866.769350545,5398688.3105631415,NHBO,975,3.31887548828125,4.477554321289063,7.737241166666666,166.66666666666666,166.66666666666666,autoPassenger,978,,4459818.5,5400745.5,2649,4453813.0,5333214.5,345,1,321,4455976.5,5398594.5,73,2,2,True,9852
1506088,322,4456554.67292867,5399259.86230685,255,4463020.122002812,5404433.793613996,NHBO,975,13.3319794921875,14.433692423502604,45.98126166666667,166.66666666666666,166.66666666666666,walk,845,,4459818.5,5400745.5,2649,4453813.0,5333214.5,345,1,321,4455976.5,5398594.5,73,2,2,True,9852
1506092,354,4461197.0,5397851.5,317,4458197.097438947,5400333.115407555,NHBO,980,5.300759765625,7.597684733072916,13.224309333333334,166.66666666666666,166.66666666666666,walk,717,,4456398.0,5404816.5,2059,4536676.0,5389043.5,166,1,134,4457134.0,5408882.5,14,2,3,False,0
1506093,354,4461197.0,5397851.5,355,4461294.238843272,5397048.877853115,NHBO,980,1.6983074951171877,2.0590933481852214,21.79479333333333,166.66666666666666,166.66666666666666,walk,639,,4456398.0,5404816.5,2059,4536676.0,5389043.5,166,1,134,4457134.0,5408882.5,14,2,3,False,0
1506099,228,4460232.481009713,5404836.627821179,219,4460201.232562014,5405355.172776938,NHBO,984,1.8231661376953123,2.792891184488932,5.55633,166.66666666666666,166.66666666666666,walk,888,,4456561.5,5399944.5,1340,4452772.5,5346881.5,320,1,229,4459663.5,5404151.5,64,2,2,True,5448
1506100,198,4458096.430962506,5403354.777795877,232,4459457.049696544,5403783.931337476,NHBO,984,1.692627685546875,2.3340469360351563,3.7681806666666655,166.66666666666666,166.66666666666666,walk,720,,4456561.5,5399944.5,1340,4452772.5,5346881.5,320,1,229,4459663.5,5404151.5,64,2,2,True,5448
1506101,187,4457770.453753882,5404382.945174843,197,4458497.258502594,5403900.835559473,NHBO,984,1.495416259765625,2.199966684977213,6.846696666666666,166.66666666666666,166.66666666666666,walk,575,,4456561.5,5399944.5,1340,4452772.5,5346881.5,320,1,229,4459663.5,5404151.5,64,2,2,True,5448
1506102,207,4457696.143456989,5402879.44163879,69,4456773.844425925,5429586.053661466,NHBO,984,34.11094921875,25.910205078125,70.36850666666666,166.66666666666666,166.66666666666666,bus,862,,4456561.5,5399944.5,1340,4452772.5,5346881.5,320,1,229,4459663.5,5404151.5,64,2,2,True,5448
1506104,359,4462972.277791446,5397927.511980695,255,4464871.595118183,5402401.930821768,NHBO,989,10.374669921875,10.03966267903646,69.78126666666667,166.66666666666666,166.66666666666666,walk,538,,4459608.5,5405681.0,3027,4462459.0,5331288.0,215,1,140,4457157.0,5405807.5,9,2,3,False,0
1506105,344,4459604.5,5400495.5,291,4446339.848140007,5394874.855246251,NHBO,989,19.161974609375,20.72996012369792,62.81643333333333,166.66666666666666,166.66666666666666,bus,678,,4459608.5,5405681.0,3027,4462459.0,5331288.0,215,1,140,4457157.0,5405807.5,9,2,3,False,0
1506107,344,4459604.5,5400495.5,348,4461586.618068578,5400137.206539581,NHBO,990,3.935070556640625,6.31282246907552,2.8288968333333333,166.66666666666666,166.66666666666666,autoPassenger,904,,4459260.0,5401672.5,1975,4471719.5,5339823.0,339,1,165,4455642.0,5404741.5,7,2,3,False,0
1506110,1615,4480171.0,5362006.0,2001,4485732.232923885,5349416.95112785,NHBO,993,28.17694140625,24.434293619791667,268.18701666666664,256.18701666666664,166.66666666666666,autoPassenger,693,,4456620.0,5403345.0,1753,4466605.0,5341150.0,182,1,253,4461490.5,5401836.0,23,1,3,False,0
1506111,1615,4480171.0,5362006.0,1641,4483033.314616798,5361967.757109402,NHBO,993,5.28460302734375,8.592027791341145,9.382263333333333,166.66666666666666,166.66666666666666,autoDriver,567,,4456620.0,5403345.0,1753,4466605.0,5341150.0,182,1,253,4461490.5,5401836.0,23,1,3,False,0
1506115,304,4457987.81295459,5401503.347341349,319,4455772.426018265,5399618.076091108,NHBO,994,3.2081904296875,4.575792439778645,4.234159666666667,166.66666666666666,166.66666666666666,walk,792,,4459144.0,5403522.5,2139,4510851.0,5378133.5,233,0,321,4455976.5,5398594.5,20,1,2,True,0
1506119,181,4456883.776950749,5404024.146661112,147,4454690.569996209,5404806.235645605,NHBO,998,3.421092041015625,5.23804931640625,9.5089925,166.66666666666666,166.66666666666666,autoDriver,1229,,4457911.5,5404206.0,3592,4468121.5,5331976.0,187,1,201,4456890.5,5403248.5,43,2,1,True,8088
1506131,207,4457727.536232817,5402756.743226481,164,4453609.54630071,5403641.519586654,NHBO,1005,4.8225458984375,6.872438049316406,20.65380833333333,166.66666666666666,166.66666666666666,autoPassenger,933,,4456273.0,5400113.5,1671,4488743.0,5353297.5,298,2,348,4463359.5,5402925.5,61,1,1,True,29016
1506138,354,4460696.2092474215,5397034.27088993,319,4456142.916722487,5399601.494852902,NHBO,1013,7.1398056640625,10.657380167643227,25.52280333333333,166.66666666666666,166.66666666666666,walk,1046,,4458009.5,5400368.5,2513,4436134.5,5300179.5,314,1,348,4463366.0,5403002.0,84,2,2,False,8640
1506139,354,4460549.250312125,5398019.967395056,367,4460573.752913745,5394517.600501889,NHBO,1013,5.75142333984375,8.483359781901042,19.019145,166.66666666666666,166.66666666666666,walk,1144,,4458009.5,5400368.5,2513,4436134.5,5300179.5,314,1,348,4463366.0,5403002.0,84,2,2,False,8640
1506142,241,4460589.388946908,5403576.705448916,224,4459433.357614676,5404622.081005431,NHBO,1014,2.60598681640625,3.260027313232422,13.800788333333331,166.66666666666666,166.66666666666666,walk,900,,4458993.5,5405201.0,2375,4528824.5,5360830.0,216,1,164,4453228.0,5403351.5,30,1,3,True,6300
1506143,143,4457211.855709098,5404969.683654068,213,4458473.230860058,5401772.219866782,NHBO,1014,4.5920986328125,5.954222615559896,21.939758333333334,166.66666666666666,166.66666666666666,bus,939,,4458993.5,5405201.0,2375,4528824.5,5360830.0,216,1,164,4453228.0,5403351.5,30,1,3,True,6300
1506144,143,4457170.003970252,5405117.193100524,103,4452155.946948856,5402016.9739551,NHBO,1014,7.38709326171875,9.290334065755207,273.7709,59.93667833333333,166.66666666666666,walk,1137,,4458993.5,5405201.0,2375,4528824.5,5360830.0,216,1,164,4453228.0,5403351.5,30,1,3,True,6300
1506145,241,4460514.659387193,5403650.1981510045,241,4460992.244958795,5403651.892052154,NHBO,1014,0.4403033142089844,0.6388195673624675,0.95114555,166.66666666666666,166.66666666666666,walk,645,,4458993.5,5405201.0,2375,4528824.5,5360830.0,216,1,164,4453228.0,5403351.5,30,1,3,True,6300
1506146,143,4456872.785707258,5404987.491053532,161,4455405.059311551,5402597.840173727,NHBO,1014,3.46889794921875,4.655711873372396,36.67568333333334,35.725683333333336,166.66666666666666,walk,902,,4458993.5,5405201.0,2375,4528824.5,5360830.0,216,1,164,4453228.0,5403351.5,30,1,3,True,6300
1506149,376,4469734.187508239,5406477.909253892,172,4456719.228658766,5404738.129317091,NHBO,1018,15.0593388671875,16.446371459960936,40.99038833333333,166.66666666666666,166.66666666666666,bus,544,,4452216.0,5401763.0,2096,4501898.0,5377909.5,103,1,348,4463366.0,5403002.0,81,2,2,True,9996
1506155,248,4459398.374926373,5402097.410508659,243,4459075.80027312,5403151.596894739,NHBO,1023,1.4855833740234374,2.4775416056315103,14.341780666666669,166.66666666666666,166.66666666666666,walk,686,,4456878.0,5400822.0,2264,4526329.0,5368247.5,300,1,164,4453228.0,5403351.5,71,1,2,True,6888
1506156,248,4459349.413429493,5401828.552319414,181,4456976.343088861,5404081.463643785,NHBO,1023,4.17381494140625,5.537385050455729,26.50074,166.66666666666666,166.66666666666666,bus,869,,4456878.0,5400822.0,2264,4526329.0,5368247.5,300,1,164,4453228.0,5403351.5,71,1,2,True,6888
1506157,248,4459422.482118608,5401995.173751588,220,4459814.734936078,5405278.009388072,NHBO,1023,4.55441064453125,4.6313023885091145,43.36659,166.66666666666666,166.66666666666666,walk,658,,4456878.0,5400822.0,2264,4526329.0,5368247.5,300,1,164,4453228.0,5403351.5,71,1,2,True,6888
1506158,248,4459271.773254392,5401884.427729778,125,4463718.328531702,5408599.295976751,NHBO,1023,11.8256484375,9.740259806315104,48.50964833333333,166.66666666666666,166.66666666666666,bus,1006,,4456878.0,5400822.0,2264,4526329.0,5368247.5,300,1,164,4453228.0,5403351.5,71,1,2,True,6888
1506164,198,4458052.544823949,5403640.385994084,247,4458964.459663767,5401826.669381524,NHBO,1026,2.970452392578125,3.9304491678873696,9.203997833333332,166.66666666666666,166.66666666666666,bus,1435,,4459372.0,5399932.5,1926,4468964.5,5338088.0,349,1,144,4457852.5,5405105.0,33,1,2,True,4164
1506165,198,4458397.990630307,5403544.735070595,134,4456857.596999402,5408169.333511644,NHBO,1026,7.6024370117187505,10.270081583658854,19.09125166666667,166.66666666666666,166.66666666666666,bicycle,754,,4459372.0,5399932.5,1926,4468964.5,5338088.0,349,1,144,4457852.5,5405105.0,33,1,2,True,4164
1506166,198,4458314.83362991,5403575.438995146,303,4457296.503805363,5401448.764626847,NHBO,1026,3.29429345703125,4.716666666666667,13.031406666666667,166.66666666666666,166.66666666666666,walk,1099,,4459372.0,5399932.5,1926,4468964.5,5338088.0,349,1,144,4457852.5,5405105.0,33,1,2,True,4164
1506168,233,4459015.75808132,5403691.616607536,142,4456801.149189158,5405115.545397267,NHBO,1027,4.1959443359375,5.378096516927084,18.652546666666662,166.66666666666666,166.66666666666666,walk,1022,,4454894.0,5403343.5,4204,4474322.5,5329312.0,154,1,139,4457292.5,5405731.5,34,2,1,True,8388
1506169,233,4459139.786881491,5403353.419119395,339,4459577.959202978,5401479.4630079055,NHBO,1027,2.636420654296875,3.548620096842448,20.65855,166.66666666666666,166.66666666666666,autoDriver,1078,,4454894.0,5403343.5,4204,4474322.5,5329312.0,154,1,139,4457292.5,5405731.5,34,2,1,True,8388
1506170,204,4457314.5,5403256.0,226,4459520.966381436,5404414.279932995,NHBO,1028,3.2364057617187503,4.684813435872396,19.640573333333336,166.66666666666666,166.66666666666666,walk,1124,,4454713.0,5403666.0,1344,4458377.0,5346971.5,151,0,156,4453158.0,5403239.0,16,1,3,False,3420
1506173,312,4457661.732943728,5400572.348063828,233,4458901.893003069,5403556.507570264,NHBO,1031,4.022318359375,5.248392232259114,31.479451666666662,166.66666666666666,166.66666666666666,bicycle,664,,4459135.0,5400041.5,2176,4495477.0,5370908.5,349,2,99,4451863.5,5402680.0,31,2,1,True,16404
1506175,339,4459620.155048044,5401238.730843115,339,4459357.07460373,5401194.958387186,NHBO,1032,0.409290771484375,0.6735692342122396,11.568553333333334,166.66666666666666,166.66666666666666,autoPassenger,886,,4458390.5,5400963.5,4628,4487846.5,5294809.5,309,1,339,4458875.5,5400964.5,50,1,1,True,10800
1506186,191,4458498.254510122,5404254.016497647,177,4456068.5940222265,5403925.941252447,NHBO,1040,4.84543701171875,6.594068400065104,4.953707833333333,166.66666666666666,166.66666666666666,walk,1105,,4459583.0,5400752.5,17,4428066.0,5396416.0,342,1,224,4459394.5,5404503.5,47,1,1,True,18588
1506190,176,4455811.764123626,5403941.193139862,1198,4468047.907129688,5363215.533486812,NHBO,1044,47.5232265625,32.50111694335938,284.6268833333333,166.66666666666666,166.66666666666666,autoDriver,870,,4458137.5,5402000.0,2393,4420318.5,5331839.0,212,1,145,4458064.0,5405052.5,44,2,2,True,11532
1506194,179,4456120.269561513,5403631.579681851,64,4450963.981486295,5419048.930850296,NHBO,1045,17.472087890625,17.125569661458332,166.66666666666666,225.10523333333333,166.66666666666666,bicycle,599,,4459174.0,5403560.5,4469,4478429.5,5319863.0,233,1,327,4455636.5,5398538.0,16,2,3,False,3624
1506195,179,4456397.114551853,5403346.315224119,13,4445883.03536128,5406067.335721188,NHBO,1045,15.788771484375,19.653363037109376,166.75446666666667,112.84778333333334,166.66666666666666,autoPassenger,1075,,4459174.0,5403560.5,4469,4478429.5,5319863.0,233,1,327,4455636.5,5398538.0,16,2,3,False,3624
1506197,165,4456026.0,5404718.5,307,4458406.3273226,5401360.076657347,NHBO,1046,5.3153320312500005,7.413917541503906,17.390503333333335,166.66666666666666,166.66666666666666,walk,616,,4454865.0,5403072.0,84,4474928.5,5417900.0,161,0,199,4458751.0,5403615.5,16,2,3,False,3756
1506198,344,4459356.1385034295,5400275.114279045,235,4459953.943891285,5403803.716768228,NHBO,1047,6.159604980468751,6.597445678710938,29.99443,166.66666666666666,166.66666666666666,autoDriver,852,,4457073.5,5403928.0,67,4454927.5,5423835.5,181,0,254,4462644.5,5403798.0,34,2,1,True,25620
1506201,198,4458322.437735815,5403376.083174681,170,4456115.672957473,5404286.641298245,NHBO,1050,3.213593017578125,4.540034993489583,17.254741666666668,166.66666666666666,166.66666666666666,walk,657,,4455766.5,5403277.0,3386,4469077.5,5336680.0,200,1,205,4458150.5,5403300.0,71,2,2,True,13188
1506202,198,4458276.838106281,5403391.671906461,339,4459425.119010221,5401220.514436128,NHBO,1050,3.604591796875,4.852367146809896,19.173656666666663,166.66666666666666,166.66666666666666,walk,948,,4455766.5,5403277.0,3386,4469077.5,5336680.0,200,1,205,4458150.5,5403300.0,71,2,2,True,13188
1506204,319,4456349.850061796,5399849.644203554,210,4458082.409711182,5402392.42995079,NHBO,1051,3.931978271484375,5.674008178710937,21.525348333333334,166.66666666666666,166.66666666666666,walk,651,,4456108.0,5403734.0,4112,4470398.0,5328426.5,177,1,345,4459711.0,5400215.0,64,2,2,True,13320
1506205,198,4458101.510898418,5403629.839873883,142,4456688.030166973,5405196.997226369,NHBO,1051,3.404004638671875,4.396279907226562,11.1278055,166.66666666666666,166.66666666666666,walk,888,,4456108.0,5403734.0,4112,4470398.0,5328426.5,177,1,345,4459711.0,5400215.0,64,2,2,True,13320
1506206,232,4459544.964046152,5404027.964137437,297,4456950.678944133,5401085.700828747,NHBO,1051,4.73644140625,6.680049641927083,20.673661666666664,166.66666666666666,166.66666666666666,walk,938,,4456108.0,5403734.0,4112,4470398.0,5328426.5,177,1,345,4459711.0,5400215.0,64,2,2,True,13320
1506207,202,4456104.83042818,5402455.3221595725,222,4460449.620222186,5406187.23038426,NHBO,1051,6.673755859375,8.823084513346354,35.69433333333333,166.66666666666666,166.66666666666666,bicycle,955,,4456108.0,5403734.0,4112,4470398.0,5328426.5,177,1,345,4459711.0,5400215.0,64,2,2,True,13320
1506213,306,4457759.518658144,5401220.73683568,286,4451102.532110176,5398027.128044384,NHBO,1057,10.5181728515625,11.868817138671876,42.4869,166.66666666666666,166.66666666666666,bus,940,,4461769.5,5403730.0,1100,4446398.0,5380376.5,242,0,243,4459036.0,5402820.0,50,1,2,True,14580
1506221,232,4459399.298165984,5403945.206238233,240,4461538.384903713,5404893.562956666,NHBO,1063,3.661094970703125,4.394647725423177,12.163814333333333,166.66666666666666,166.66666666666666,walk,662,,4459613.5,5405779.0,312,4457731.0,5400888.5,222,0,253,4461512.0,5401904.5,83,2,2,True,13680
1506222,201,4456874.20323387,5403210.603018232,286,4448781.583438165,5398134.09257744,NHBO,1063,12.883083984375,15.432476806640624,186.04771666666664,166.66666666666666,166.66666666666666,walk,619,,4459613.5,5405779.0,312,4457731.0,5400888.5,222,0,253,4461512.0,5401904.5,83,2,2,True,13680
1506223,222,4460043.625637752,5406223.88308258,187,4457807.170059877,5404395.658389706,NHBO,1063,3.40080908203125,4.3722895304361975,9.509633333333332,166.66666666666666,166.66666666666666,autoPassenger,949,,4459613.5,5405779.0,312,4457731.0,5400888.5,222,0,253,4461512.0,5401904.5,83,2,2,True,13680
1506224,209,4458004.386358653,5402333.509922336,194,4457315.677406613,5403328.327534111,NHBO,1063,2.698147705078125,3.427632141113281,11.455498333333331,166.66666666666666,166.66666666666666,bicycle,1052,,4459613.5,5405779.0,312,4457731.0,5400888.5,222,0,253,4461512.0,5401904.5,83,2,2,True,13680
1506225,240,4461580.525981152,5404610.863295534,316,4458488.407964331,5400553.259653751,NHBO,1063,8.6221435546875,9.758485921223958,28.442056666666662,166.66666666666666,166.66666666666666,walk,647,,4459613.5,5405779.0,312,4457731.0,5400888.5,222,0,253,4461512.0,5401904.5,83,2,2,True,13680
1506226,198,4458203.3719031215,5403404.229783182,151,4454646.5988450805,5403661.131285844,NHBO,1063,4.74619677734375,6.500734456380208,15.775022333333334,166.66666666666666,166.66666666666666,bus,770,,4459613.5,5405779.0,312,4457731.0,5400888.5,222,0,253,4461512.0,5401904.5,83,2,2,True,13680
1506227,326,4458267.619175138,5398822.110373621,328,4452831.161528806,5394761.337062234,NHBO,1064,11.351931640625,10.952294921875,24.692615,166.66666666666666,166.66666666666666,autoDriver,1316,,4456603.5,5400533.5,3300,4466124.5,5334942.0,299,0,144,4457826.0,5405353.0,80,2,2,True,11316
1506228,326,4458953.453313466,5398943.920579102,187,4457927.330183378,5404129.113669069,NHBO,1064,6.904865234375,9.754332478841146,65.23064333333333,166.66666666666666,166.66666666666666,autoDriver,835,,4456603.5,5400533.5,3300,4466124.5,5334942.0,299,0,144,4457826.0,5405353.0,80,2,2,True,11316
1506231,204,4457347.406463621,5402983.513620351,134,4455659.532540175,5409144.944020466,NHBO,1066,8.8297734375,12.12771504720052,21.09125166666667,166.66666666666666,166.66666666666666,autoDriver,1051,,4457558.0,5397640.5,551,4436744.0,5369372.5,333,0,347,4461300.0,5401206.0,37,2,1,True,43692
1506232,98,4452431.9710783,5403875.544021534,220,4460012.375596044,5405136.49775929,NHBO,1067,11.7991435546875,13.806358846028646,52.49992333333333,166.66666666666666,166.66666666666666,autoPassenger,1050,,4461788.5,5403494.5,496,4422483.0,5375214.5,242,0,186,4457589.5,5404462.0,66,1,2,True,14940
1506233,98,4449335.2478320105,5404976.370728557,55,4441013.832528992,5417593.941540581,NHBO,1067,20.828564453125,15.633463541666666,64.07869,166.66666666666666,166.66666666666666,autoPassenger,913,,4461788.5,5403494.5,496,4422483.0,5375214.5,242,0,186,4457589.5,5404462.0,66,1,2,True,14940
1506239,204,4457530.649708549,5402977.279153118,336,4457854.871146169,5398198.853497548,NHBO,1070,7.52981103515625,10.133756510416667,28.191406666666666,166.66666666666666,166.66666666666666,bus,970,,4454672.0,5403804.0,1020,4424292.0,5352355.0,149,0,348,4463375.5,5403096.5,37,1,2,True,10776
1506241,176,4455910.345109738,5403766.922362527,318,4458840.641651618,5400195.214271558,NHBO,1071,5.29220068359375,7.388963826497395,33.65372166666667,166.66666666666666,166.66666666666666,walk,854,,4456389.0,5404151.5,1067,4424999.0,5345733.5,171,0,144,4457826.0,5405353.0,31,2,2,True,5460
1506243,169,4456425.692301743,5404317.125736733,187,4458009.762940403,5404292.807327957,NHBO,1074,1.6660557861328125,2.313074747721354,14.090498333333333,166.66666666666666,166.66666666666666,autoPassenger,1076,,4454705.0,5403388.0,622,4413579.0,5348438.5,151,1,99,4451879.5,5402609.5,34,2,2,True,4044
1506244,340,4460278.064164232,5401336.151733723,1123,4462854.199461703,5377528.369683249,NHBO,1074,34.44274609375,26.51512451171875,674.8906666666667,56.64883333333333,166.66666666666666,autoPassenger,920,,4454705.0,5403388.0,622,4413579.0,5348438.5,151,1,99,4451879.5,5402609.5,34,2,2,True,4044
1506245,340,4460402.293718492,5400983.9421550855,124,4461438.08176837,5406131.01316607,NHBO,1074,9.74379296875,10.341747029622397,45.57230666666667,166.66666666666666,166.66666666666666,autoDriver,754,,4454705.0,5403388.0,622,4413579.0,5348438.5,151,1,99,4451879.5,5402609.5,34,2,2,True,4044
1506246,169,4456429.634232588,5404452.593751444,186,4457460.595220173,5404134.115538084,NHBO,1074,1.1491693115234376,1.6166666666666667,3.774798333333333,166.66666666666666,166.66666666666666,walk,920,,4454705.0,5403388.0,622,4413579.0,5348438.5,151,1,99,4451879.5,5402609.5,34,2,2,True,4044
1506247,340,4460401.746601253,5401193.61882099,136,4455877.787951931,5407674.156873685,NHBO,1074,10.1038798828125,14.24989217122396,28.43374,26.598395,166.66666666666666,bus,744,,4454705.0,5403388.0,622,4413579.0,5348438.5,151,1,99,4451879.5,5402609.5,34,2,2,True,4044
1506252,198,4458433.411278388,5403428.244682534,213,4458749.59349671,5401875.457039203,NHBO,1079,2.635736083984375,3.646916961669922,12.714048333333333,166.66666666666666,166.66666666666666,bicycle,972,,4457529.0,5404453.5,4043,4468573.0,5330104.0,186,1,346,4460703.0,5401245.0,28,1,1,True,16740
1506253,198,4458054.558285733,5403681.079026437,246,4459427.834236667,5402357.124008593,NHBO,1079,2.7573559570312502,3.756666564941406,6.257389333333333,166.66666666666666,166.66666666666666,autoDriver,622,,4457529.0,5404453.5,4043,4468573.0,5330104.0,186,1,346,4460703.0,5401245.0,28,1,1,True,16740
1506257,323,4457982.11338026,5399611.319591401,316,4458450.282912331,5400783.376769177,NHBO,1084,1.9036961669921877,3.1480367024739584,3.605048333333333,166.66666666666666,166.66666666666666,walk,786,,4457181.0,5400348.5,1285,4443827.0,5338298.5,302,0,249,4459880.0,5401915.0,38,2,1,True,18744
1506258,323,4457523.193128461,5399567.152565843,175,4457228.95709814,5404292.959859488,NHBO,1084,6.4600380859375,8.787579345703126,31.592041666666667,166.66666666666666,166.66666666666666,autoDriver,1134,,4457181.0,5400348.5,1285,4443827.0,5338298.5,302,0,249,4459880.0,5401915.0,38,2,1,True,18744
1506259,343,4459045.065405927,5400401.881106028,216,4459208.357506772,5405133.488048483,NHBO,1086,5.5139404296875005,7.700849914550781,30.484026666666665,166.66666666666666,166.66666666666666,bicycle,977,,4457829.5,5401223.0,356,4462155.5,5398261.5,306,2,321,4455976.5,5398594.5,21,2,1,True,12048
1506260,323,4457905.56474226,5399446.096893303,155,4455644.065453333,5403570.997258699,NHBO,1086,6.7350576171875005,9.356630452473958,36.123905,166.66666666666666,166.66666666666666,walk,480,,4457829.5,5401223.0,356,4462155.5,5398261.5,306,2,321,4455976.5,5398594.5,21,2,1,True,12048
1506263,305,4457467.76544599,5401201.674120244,322,4456775.917330787,5398775.3175139045,NHBO,1089,2.9630751953125,4.423020426432291,10.932707666666666,166.66666666666666,166.66666666666666,walk,723,,4456386.5,5403709.0,2225,4523500.0,5385453.5,177,2,187,4457784.5,5404365.5,18,1,3,False,0
1506265,309,4458225.405065323,5400955.179822105,236,4460408.850095219,5403759.023891802,NHBO,1090,5.3204326171875005,6.120569356282552,27.25079833333333,166.66666666666666,166.66666666666666,walk,763,,4456457.5,5403832.5,2025,4501535.5,5396407.5,180,1,346,4460703.0,5401245.0,52,1,2,True,6252
1506268,174,4456647.993763269,5404326.922569609,216,4459040.995595978,5405121.4001905415,NHBO,1091,2.865053955078125,3.8825709025065103,18.01618,166.66666666666666,166.66666666666666,autoDriver,641,,4459256.5,5403541.5,1047,4417748.5,5348662.0,234,2,143,4457215.5,5405242.5,48,2,1,True,20304
1506270,217,4459528.581724763,5404910.530396787,235,4459794.852492109,5403820.947903452,NHBO,1094,1.7962701416015625,2.5264261881510417,11.580074,166.66666666666666,166.66666666666666,walk,986,,4455688.0,5403357.5,4600,4483336.5,5305784.0,178,1,321,4455976.5,5398594.5,46,1,1,True,27168
1506276,207,4457859.0,5402599.0,184,4457530.212464103,5404808.781647396,NHBO,1098,3.428302734375,4.800001525878907,17.515576666666668,166.66666666666666,166.66666666666666,walk,826,,4462025.0,5403759.0,4922,4526232.0,5301970.0,242,0,348,4463375.5,5403096.5,14,1,3,False,0
1506283,174,4456723.243223372,5404408.365952858,222,4459163.839071907,5406499.14013581,NHBO,1102,4.50430615234375,5.759215291341146,5.2304805,166.66666666666666,166.66666666666666,autoDriver,1211,,4459098.5,5405721.0,4596,4477425.5,5304219.5,222,2,140,4456697.5,5405594.0,51,2,2,True,0
1506284,174,4456848.991842496,5404495.1226760615,303,4457381.5584994685,5401562.219448634,NHBO,1102,4.5643554687500005,6.468630981445313,19.63106,166.66666666666666,166.66666666666666,walk,846,,4459098.5,5405721.0,4596,4477425.5,5304219.5,222,2,140,4456697.5,5405594.0,51,2,2,True,0
1506290,115,4460084.71344109,5407353.410337877,386,4473746.184464502,5406462.749889277,NHBO,1106,15.0936201171875,17.696956380208334,258.7313833333333,221.696175,166.66666666666666,autoDriver,735,,4457299.5,5401182.5,937,4416870.0,5356022.0,305,1,145,4458064.0,5405052.5,37,2,1,True,13200
1506294,195,4457989.509540808,5403664.99542521,191,4458582.348312989,5404365.299646836,NHBO,1108,2.293967529296875,3.259045155843099,9.054318333333333,166.66666666666666,166.66666666666666,autoDriver,1190,,4446909.5,5403562.5,4368,4479995.5,5330144.0,97,1,99,4451863.5,5402680.0,17,1,1,False,1680
1506311,247,4458874.435079848,5401895.023281688,343,4459169.945959421,5400456.4919017125,NHBO,1121,1.667863037109375,2.4210464477539064,9.157554166666667,166.66666666666666,166.66666666666666,autoDriver,632,,4458463.5,5404520.5,2751,4462152.0,5337691.0,189,0,239,4461094.5,5405906.5,54,1,1,True,56436
1506319,180,4456816.881933424,5403983.771012577,256,4464916.716316458,5399820.500060071,NHBO,1131,11.7974296875,12.013662719726565,41.75577,166.66666666666666,166.66666666666666,bicycle,816,,4458851.0,5404749.0,474,4414304.0,5377664.0,223,1,348,4463457.0,5403081.0,18,1,3,True,0
1506320,180,4456680.843677857,5404056.218550146,358,4463367.343703668,5398259.198085907,NHBO,1131,14.973029296875,13.062771606445311,37.23658,166.66666666666666,166.66666666666666,bus,768,,4458851.0,5404749.0,474,4414304.0,5377664.0,223,1,348,4463457.0,5403081.0,18,1,3,True,0
1506321,180,4456546.514996238,5404071.933767709,191,4458699.257808909,5404230.65104983,NHBO,1131,2.929564208984375,4.046883138020833,7.42366,166.66666666666666,166.66666666666666,walk,781,,4458851.0,5404749.0,474,4414304.0,5377664.0,223,1,348,4463457.0,5403081.0,18,1,3,True,0
1506323,194,4457389.67043874,5403419.779894656,194,4457282.803798447,5403505.681913598,NHBO,1134,0.2286000213623047,0.3531807899475098,2.1710355000000003,166.66666666666666,166.66666666666666,walk,939,,4456199.5,5404405.5,2271,4531149.0,5374330.0,168,2,253,4461512.0,5401904.5,66,2,2,True,12444
1506324,194,4457414.099928933,5403395.938876933,245,4459167.615852823,5402498.779051729,NHBO,1134,3.5049970703125,5.098530069986979,16.021368333333335,166.66666666666666,166.66666666666666,walk,1012,,4456199.5,5404405.5,2271,4531149.0,5374330.0,168,2,253,4461512.0,5401904.5,66,2,2,True,12444
1506331,178,4455801.385854746,5403504.401687242,208,4458320.029653847,5402755.072159362,NHBO,1144,3.05826708984375,4.544935607910157,23.624031666666667,166.66666666666666,166.66666666666666,walk,925,,4459352.5,5400604.5,715,4417336.0,5361084.0,342,2,141,4457026.5,5405407.5,26,2,1,True,22188
1506332,178,4455706.128218126,5403344.719611467,294,4453160.404532231,5392019.789021771,NHBO,1144,17.573880859375,20.25844116210937,575.4308333333333,166.66666666666666,166.66666666666666,walk,569,,4459352.5,5400604.5,715,4417336.0,5361084.0,342,2,141,4457026.5,5405407.5,26,2,1,True,22188
1506333,178,4455947.919238272,5403555.185211381,317,4458379.563247156,5400368.460570155,NHBO,1144,5.384929199218751,7.592450459798177,25.272906666666664,166.66666666666666,166.66666666666666,autoDriver,1327,,4459352.5,5400604.5,715,4417336.0,5361084.0,342,2,141,4457026.5,5405407.5,26,2,1,True,22188
1506334,178,4456018.609845586,5403449.967843659,148,4454076.021171096,5403742.360346093,NHBO,1144,2.40285986328125,3.776604970296224,2.931889833333333,166.66666666666666,166.66666666666666,autoDriver,1061,,4459352.5,5400604.5,715,4417336.0,5361084.0,342,2,141,4457026.5,5405407.5,26,2,1,True,22188
1506335,178,4455673.901711015,5403458.727295787,333,4456148.160938411,5396589.928889649,NHBO,1144,10.2126103515625,12.82041015625,35.51728333333333,166.66666666666666,166.66666666666666,walk,586,,4459352.5,5400604.5,715,4417336.0,5361084.0,342,2,141,4457026.5,5405407.5,26,2,1,True,22188
1506336,178,4455698.579734715,5403645.27250265,175,4456950.895847354,5404124.23834952,NHBO,1144,2.390450927734375,3.4293838500976563,6.2049978333333335,166.66666666666666,166.66666666666666,walk,603,,4459352.5,5400604.5,715,4417336.0,5361084.0,342,2,141,4457026.5,5405407.5,26,2,1,True,22188
1506337,178,4455974.582105417,5403479.906903149,227,4459713.364868496,5404835.349781084,NHBO,1144,4.9875048828125,7.010258483886719,33.115716666666664,166.66666666666666,166.66666666666666,walk,1030,,4459352.5,5400604.5,715,4417336.0,5361084.0,342,2,141,4457026.5,5405407.5,26,2,1,True,22188
1506338,178,4455949.988947659,5403669.231124334,216,4459196.989189846,5405177.549256507,NHBO,1144,4.40658447265625,6.452455139160156,21.92290833333333,166.66666666666666,166.66666666666666,walk,889,,4459352.5,5400604.5,715,4417336.0,5361084.0,342,2,141,4457026.5,5405407.5,26,2,1,True,22188
1506339,178,4455962.459361282,5403490.714399282,370,4459246.890664162,5392567.383595298,NHBO,1144,15.43166796875,16.516033935546876,76.96015,166.66666666666666,166.66666666666666,autoDriver,545,,4459352.5,5400604.5,715,4417336.0,5361084.0,342,2,141,4457026.5,5405407.5,26,2,1,True,22188
1506344,142,4456648.8183472,5404916.959041081,142,4456832.383368247,5405144.235353982,NHBO,1147,0.2174565887451172,0.3371720314025879,3.0316243333333333,166.66666666666666,166.66666666666666,autoPassenger,843,,4458523.0,5399902.5,744,4420407.5,5360185.5,324,0,173,4457174.0,5404689.0,25,2,2,True,2784
1506345,198,4458271.323564348,5403491.535461855,371,4460461.173925654,5390834.916961526,NHBO,1148,21.406765625,14.69222717285156,61.828808333333335,166.66666666666666,166.66666666666666,bicycle,850,,4459197.0,5403696.5,840,4418362.5,5357332.5,233,1,253,4461512.0,5401904.5,6,2,2,False,5076
1506348,156,4452854.939429641,5402615.436495818,142,4456563.568163692,5404959.976832732,NHBO,1150,6.4256591796875,7.8119455973307295,29.604975,166.66666666666666,166.66666666666666,walk,766,,4456956.0,5400439.5,564,4400081.5,5350857.5,302,1,149,4454719.0,5404054.5,72,2,2,True,6276
1506349,161,4455074.510771053,5403039.937602222,95,4446646.209603172,5414446.425701479,NHBO,1151,20.81578125,16.973543294270833,269.8227,223.74986666666663,166.66666666666666,walk,1387,,4458907.5,5398782.0,635,4409699.5,5343685.0,326,2,346,4461193.5,5401162.5,26,2,3,True,13488
1506350,125,4463850.708417817,5408259.384151185,205,4457724.242007799,5403050.800732017,NHBO,1151,9.856927734375,11.776654052734376,34.990156666666664,31.295728333333333,166.66666666666666,bus,1332,,4458907.5,5398782.0,635,4409699.5,5343685.0,326,2,346,4461193.5,5401162.5,26,2,3,True,13488
1506359,175,4457012.343282915,5404352.558392872,231,4458910.764395222,5403721.395893492,NHBO,1163,2.588940673828125,3.3821617126464845,11.178395,166.66666666666666,166.66666666666666,autoDriver,628,,4455741.0,5408038.0,1189,4470610.5,5374275.0,134,1,189,4458600.0,5404749.0,40,1,1,True,22680
1506361,175,4457081.3886317415,5404325.8850945085,224,4459427.070840824,5404820.1655269945,NHBO,1163,2.566468017578125,3.138904062906901,16.264577166666665,166.66666666666666,166.66666666666666,walk,503,,4455741.0,5408038.0,1189,4470610.5,5374275.0,134,1,189,4458600.0,5404749.0,40,1,1,True,22680
1506362,175,4457236.0576524,5404220.000493188,176,4455914.530142551,5403921.957788589,NHBO,1163,2.379962890625,3.40481948852539,6.6180125,166.66666666666666,166.66666666666666,autoDriver,1141,,4455741.0,5408038.0,1189,4470610.5,5374275.0,134,1,189,4458600.0,5404749.0,40,1,1,True,22680
1506365,165,4456109.733054021,5405427.0565319015,106,4451852.062388546,5411501.66862287,NHBO,1164,10.9000224609375,14.973366292317708,198.1380166666667,166.66666666666666,166.66666666666666,autoDriver,1386,,4457707.0,5404351.5,3695,4469422.5,5331735.5,187,1,347,4461623.5,5401056.0,41,2,1,True,15684
1506373,155,4455401.209906832,5403594.941006633,235,4459740.226591825,5403871.31731255,NHBO,1179,5.40108935546875,7.267738342285156,32.11058833333333,166.66666666666666,166.66666666666666,autoPassenger,504,,4456329.0,5400048.5,4867,4500646.0,5292693.0,319,1,327,4455636.5,5398538.0,18,1,2,True,0
1506374,155,4455355.920420196,5403526.550028935,243,4459470.719687688,5402960.912219178,NHBO,1179,4.96815771484375,6.962947591145833,32.492738333333335,166.66666666666666,166.66666666666666,walk,907,,4456329.0,5400048.5,4867,4500646.0,5292693.0,319,1,327,4455636.5,5398538.0,18,1,2,True,0
1506375,155,4455321.840698326,5403449.182783076,124,4463242.919758162,5407721.690042448,NHBO,1179,10.8023759765625,12.812467447916667,57.47230666666667,166.66666666666666,166.66666666666666,autoDriver,1033,,4456329.0,5400048.5,4867,4500646.0,5292693.0,319,1,327,4455636.5,5398538.0,18,1,2,True,0
1506379,340,4459893.30745793,5401591.413995226,92,4448009.937701528,5411350.44175623,NHBO,1181,17.5899765625,18.47932942708333,232.70176666666663,39.43602333333333,166.66666666666666,autoDriver,1333,,4459021.0,5403530.0,4952,4514092.0,5274900.5,233,2,185,4457693.5,5404508.5,50,1,1,True,25224
1506382,207,4457666.70262738,5402546.082895025,198,4458231.641998616,5403361.294085247,NHBO,1188,1.300009521484375,1.7502391815185547,166.66666666666666,166.66666666666666,166.66666666666666,walk,970,,4458271.0,5398055.0,371,4460487.0,5391346.5,338,3,347,4461580.5,5401514.0,32,2,1,True,15876
1506390,216,4459008.758447885,5404905.884904039,1161,4467404.67324156,5387598.181635992,NHBO,1200,23.616392578125,17.9539794921875,208.2716,49.31966666666666,166.66666666666666,train,703,,4461175.5,5403969.5,4664,4513061.5,5335728.0,241,1,243,4459058.5,5402853.0,74,1,2,True,8664
1506391,201,4456578.045984886,5403076.277974557,142,4456652.886881957,5405088.028745191,NHBO,1201,2.900448974609375,4.293144734700521,29.04191,166.66666666666666,166.66666666666666,bicycle,1030,,4457852.0,5401208.5,3240,4466891.0,5336373.0,306,1,141,4457026.5,5405407.5,71,2,2,False,0
1506393,206,4457387.881749448,5402795.836806656,166,4456439.046955049,5404718.226611376,NHBO,1203,2.7927106933593757,4.129177856445312,14.265635,166.66666666666666,166.66666666666666,walk,740,,4458517.0,5400601.0,2686,4457938.5,5332087.5,316,1,297,4456873.0,5401342.0,35,2,1,True,8388
1506399,183,4457075.80673207,5403682.197193417,316,4458757.259426226,5400573.987649726,NHBO,1205,4.3232451171875,5.722481282552083,21.13837833333333,22.49561333333333,166.66666666666666,autoDriver,749,,4459117.0,5404011.0,15,4430174.0,5402926.5,231,0,348,4463475.5,5402807.5,1,2,2,False,0
1506403,204,4457549.203142562,5403067.819516477,214,4458946.831112517,5405352.067296636,NHBO,1211,3.788421142578125,5.011092122395834,15.522775,166.66666666666666,166.66666666666666,walk,507,,4456134.5,5403827.0,122,4463430.5,5408804.5,177,1,144,4457364.0,5405199.5,44,1,1,True,26448
1506404,198,4458230.975894546,5403650.518529926,172,4456725.278824397,5404796.890215867,NHBO,1211,2.918460693359375,4.00900395711263,10.363402333333331,166.66666666666666,166.66666666666666,autoDriver,982,,4456134.5,5403827.0,122,4463430.5,5408804.5,177,1,144,4457364.0,5405199.5,44,1,1,True,26448
1506406,259,4440519.848170971,5400856.002465442,39,4427538.282113753,5401697.528752554,NHBO,1214,12.03367578125,11.14169413248698,166.66666666666666,166.66666666666666,166.66666666666666,autoDriver,760,,4456749.5,5404153.5,2462,4416453.0,5323966.0,174,2,140,4456607.0,5406151.0,71,1,2,True,10692
1506407,368,4460483.735289097,5392418.545661755,331,4455877.998248362,5397211.638320068,NHBO,1214,10.41206640625,10.819957478841143,35.129614999999994,166.66666666666666,166.66666666666666,autoPassenger,1347,,4456749.5,5404153.5,2462,4416453.0,5323966.0,174,2,140,4456607.0,5406151.0,71,1,2,True,10692
1506411,201,4457090.584151049,5402647.13420953,316,4458730.453525302,5400731.1506001605,NHBO,1218,3.507637451171875,5.111512756347656,35.28838333333333,166.66666666666666,166.66666666666666,autoDriver,593,,4458592.5,5400946.5,4503,4456879.0,5308362.0,310,0,347,4461580.5,5401514.0,28,2,3,True,0
1506412,179,4456357.80264618,5403409.476586278,233,4459127.958635868,5403677.892261773,NHBO,1218,4.055990478515625,5.336461893717448,16.303172833333335,166.66666666666666,166.66666666666666,bicycle,602,,4458592.5,5400946.5,4503,4456879.0,5308362.0,310,0,347,4461580.5,5401514.0,28,2,3,True,0
1506413,201,4457096.011072856,5403097.974994187,244,4460158.4774090005,5403081.729980533,NHBO,1218,4.174517578125,6.027506001790364,34.036950000000004,166.66666666666666,166.66666666666666,bus,611,,4458592.5,5400946.5,4503,4456879.0,5308362.0,310,0,347,4461580.5,5401514.0,28,2,3,True,0
1506414,201,4456897.563134516,5402832.609004953,248,4459546.538497153,5401805.120541208,NHBO,1218,3.341689697265625,4.862454732259114,34.648021666666665,166.66666666666666,166.66666666666666,walk,920,,4458592.5,5400946.5,4503,4456879.0,5308362.0,310,0,347,4461580.5,5401514.0,28,2,3,True,0
1506417,312,4457820.131529236,5400590.898364513,325,4457350.966952927,5398966.288833902,NHBO,1222,3.5709970703125,5.332174173990885,17.928263333333334,166.66666666666666,166.66666666666666,bicycle,1231,,4459070.0,5405158.5,4665,4513431.5,5335704.0,216,2,141,4456886.0,5405575.0,8,2,3,False,0
1506418,198,4458194.6364342,5403408.908010296,151,4454681.559549867,5403533.57296492,NHBO,1222,4.74619677734375,6.500734456380208,15.775022333333334,166.66666666666666,166.66666666666666,autoPassenger,991,,4459070.0,5405158.5,4665,4513431.5,5335704.0,216,2,141,4456886.0,5405575.0,8,2,3,False,0
1506420,404,4470284.73234913,5392817.943597633,413,4484071.0473843645,5390310.667271595,NHBO,1223,16.559548828125,15.343415323893227,140.74814999999998,177.61481666666666,166.66666666666666,autoDriver,1029,,4462801.5,5403863.0,83,4477036.5,5425517.0,254,1,140,4456697.5,5405594.0,61,1,2,True,11004
1506421,345,4460072.23573978,5400243.818907999,133,4454461.052767402,5405034.082517915,NHBO,1223,12.22076953125,13.041544596354166,59.6503,166.66666666666666,166.66666666666666,autoPassenger,961,,4462801.5,5403863.0,83,4477036.5,5425517.0,254,1,140,4456697.5,5405594.0,61,1,2,True,11004
1506426,198,4458336.75741136,5403588.469288293,165,4455938.100436761,5405448.569600216,NHBO,1226,3.848782470703125,4.923217264811198,13.054768333333334,166.66666666666666,166.66666666666666,walk,1061,,4449068.0,5404812.5,4797,4509385.0,5302657.5,98,0,164,4452877.0,5404303.5,33,1,1,True,26340
1506438,91,4449008.13732633,5407802.854565187,543,4436296.992596911,5368955.539075059,NHBO,1247,50.01812109375,45.299072265625,446.04795,152.64998333333332,166.66666666666666,autoPassenger,524,,4457075.5,5400134.5,2019,4490043.5,5339004.5,302,1,239,4460708.5,5405489.5,43,2,2,True,0
1506441,313,4457450.256561057,5400462.713444828,323,4457889.640261479,5399949.802895351,NHBO,1254,1.6351706542968751,2.5900535583496094,5.3608155,166.66666666666666,166.66666666666666,bus,1053,,4459347.0,5401715.5,4411,4470824.5,5323277.5,248,0,144,4457305.5,5404950.5,56,2,2,True,11028
1506442,313,4457527.110925716,5400446.255055528,306,4457895.6606106665,5401020.968788974,NHBO,1254,1.6669697265625,3.16696039835612,5.250857,166.66666666666666,166.66666666666666,walk,975,,4459347.0,5401715.5,4411,4470824.5,5323277.5,248,0,144,4457305.5,5404950.5,56,2,2,True,11028
1506449,306,4458044.590604283,5401275.330130145,339,4459596.073093602,5401579.155010788,NHBO,1260,2.150455322265625,3.6872584025065103,18.84345,166.66666666666666,166.66666666666666,walk,749,,4456824.5,5403894.5,1399,4452297.0,5338305.5,180,0,346,4460488.5,5401122.0,65,1,2,True,14844
1506451,342,4459586.850431078,5400891.150195832,213,4458466.430509967,5401703.456058474,NHBO,1264,1.8414771728515624,2.6606165568033853,31.904655,166.66666666666666,166.66666666666666,autoDriver,547,,4451805.5,5402175.5,354,4461197.0,5397851.5,100,1,204,4457462.5,5403093.5,80,2,2,False,9948
1506456,175,4456885.147117005,5404474.839676547,151,4454799.366646065,5403692.103794678,NHBO,1268,3.09312890625,4.353555806477864,1.491689,166.66666666666666,166.66666666666666,walk,836,,4457496.5,5397688.5,306,4457713.0,5400980.0,333,0,253,4461512.0,5401904.5,24,1,1,True,13212
1506457,194,4457554.436549816,5403306.932611137,136,4455958.768951962,5407531.208800574,NHBO,1268,7.702587890625,11.123441569010415,13.331729166666666,166.66666666666666,166.66666666666666,bicycle,995,,4457496.5,5397688.5,306,4457713.0,5400980.0,333,0,253,4461512.0,5401904.5,24,1,1,True,13212
1506458,230,4460159.851579271,5404480.0199669385,309,4458229.879180807,5401259.965202091,NHBO,1268,5.71090576171875,6.519356282552083,13.335668333333333,6.728795000000001,166.66666666666666,autoDriver,1007,,4457496.5,5397688.5,306,4457713.0,5400980.0,333,0,253,4461512.0,5401904.5,24,1,1,True,13212
1506463,1615,4479974.5,5361986.0,1666,4481623.152132317,5353521.683678625,NHBO,1273,13.099583984375,15.09176330566406,45.505205,46.35241333333333,166.66666666666666,bicycle,582,,4457347.0,5403059.0,44,4461872.0,5432795.0,204,1,347,4461300.0,5401206.0,20,1,3,True,8112
1506464,1615,4479974.5,5361986.0,2886,4463875.592337198,5334409.02297195,NHBO,1273,43.83963671875,36.76013590494792,195.92103333333336,46.30723833333333,154.55306666666667,autoPassenger,627,,4457347.0,5403059.0,44,4461872.0,5432795.0,204,1,347,4461300.0,5401206.0,20,1,3,True,8112
1506465,1615,4479974.5,5361986.0,1217,4481333.834234125,5363620.158629892,NHBO,1273,3.4824145507812503,5.1261545817057295,14.306068333333334,166.66666666666666,166.66666666666666,walk,859,,4457347.0,5403059.0,44,4461872.0,5432795.0,204,1,347,4461300.0,5401206.0,20,1,3,True,8112
1506470,189,4458718.068008664,5404853.934137533,185,4457763.063701329,5404819.824111524,NHBO,1281,1.694740478515625,2.274541982014974,2.278171,166.66666666666666,166.66666666666666,walk,544,,4459400.5,5404727.5,3938,4466610.0,5331127.0,224,2,239,4461370.0,5405573.5,78,2,2,True,17268
1506471,294,4457422.404063616,5391610.250987044,369,4459432.869600791,5395403.774492036,NHBO,1281,7.195580078125,8.507125854492188,166.66666666666666,166.66666666666666,166.66666666666666,walk,1041,,4459400.5,5404727.5,3938,4466610.0,5331127.0,224,2,239,4461370.0,5405573.5,78,2,2,True,17268
1506475,299,4456704.803997469,5400759.503572735,104,4448831.786996558,5408748.223118433,NHBO,1283,21.9960703125,20.74885660807292,49.973,166.66666666666666,166.66666666666666,autoPassenger,532,,4458364.5,5401906.0,4686,4497454.5,5320561.5,212,1,340,4460367.5,5401086.0,72,2,2,True,6756
1506480,200,4456314.135784843,5402673.804949123,187,4458010.364481708,5404388.28111989,NHBO,1289,2.49490673828125,3.65170186360677,20.91820333333333,166.66666666666666,166.66666666666666,walk,1108,,4459467.5,5399687.0,619,4412624.5,5348435.5,349,2,254,4462709.5,5403754.5,28,2,1,True,13920
1506485,190,4458311.804390864,5404104.417009307,11,4432115.765884087,5414285.669418803,NHBO,1293,41.48967578125,37.363427734375,358.1350333333333,340.1350333333333,166.66666666666666,autoDriver,846,,4457587.0,5397672.5,1959,4476225.5,5343408.0,333,2,141,4457026.5,5405407.5,28,1,2,True,0
1506486,175,4457121.913883321,5404473.522541279,222,4459794.541251706,5405784.431612582,NHBO,1293,4.14288427734375,5.292548116048177,8.024676666666666,166.66666666666666,166.66666666666666,walk,961,,4457587.0,5397672.5,1959,4476225.5,5343408.0,333,2,141,4457026.5,5405407.5,28,1,2,True,0
1506487,195,4457876.70694235,5403554.150481087,304,4457749.943053436,5401690.828228659,NHBO,1293,3.7435458984375,5.765504964192708,20.83452833333333,166.66666666666666,166.66666666666666,walk,542,,4457587.0,5397672.5,1959,4476225.5,5343408.0,333,2,141,4457026.5,5405407.5,28,1,2,True,0
1506491,194,4457642.554178571,5403514.183031878,241,4460736.609597695,5404095.55270069,NHBO,1297,3.976716064453125,5.586944071451823,11.872210666666666,166.66666666666666,166.66666666666666,walk,631,,4458724.0,5403480.5,2773,4464488.5,5336506.5,199,0,348,4463457.0,5403081.0,49,2,2,True,10140
1506492,306,4457652.589847841,5400939.599043453,152,4455121.157521712,5403738.786459625,NHBO,1297,5.652109375,8.128153483072916,20.800941666666667,166.66666666666666,166.66666666666666,walk,641,,4458724.0,5403480.5,2773,4464488.5,5336506.5,199,0,348,4463457.0,5403081.0,49,2,2,True,10140
1506493,249,4460440.17974928,5401873.753068337,384,4479474.2616447685,5404226.051838712,NHBO,1297,25.46140234375,17.201033528645834,166.66666666666666,166.66666666666666,166.66666666666666,autoDriver,611,,4458724.0,5403480.5,2773,4464488.5,5336506.5,199,0,348,4463457.0,5403081.0,49,2,2,True,10140
1506494,123,4464351.170568023,5409430.620631427,123,4464322.657936088,5409055.887385125,NHBO,1297,0.6248690795898437,1.196497090657552,2.898699,166.66666666666666,166.66666666666666,walk,1173,,4458724.0,5403480.5,2773,4464488.5,5336506.5,199,0,348,4463457.0,5403081.0,49,2,2,True,10140
1506495,146,4454189.100225083,5404401.3568236055,354,4461957.44308587,5398752.635973007,NHBO,1299,14.58490625,15.312801106770833,47.07382,166.66666666666666,166.66666666666666,autoDriver,593,,4456676.5,5408068.5,2489,4432549.5,5312710.0,138,0,333,4458191.5,5396539.0,37,2,1,True,16896
1506502,207,4457931.393120664,5402843.83762305,172,4456562.183656612,5404576.32625298,NHBO,1305,3.057563720703125,4.718236287434896,11.163402333333332,166.66666666666666,166.66666666666666,autoDriver,876,,4456825.5,5407833.5,2548,4444899.0,5337574.5,138,1,145,4458064.0,5405052.5,2,2,2,False,1320
1506506,101,4452154.292729536,5402197.254296089,165,4455099.211785202,5404542.567078992,NHBO,1312,5.1732666015625,6.286665852864584,29.653391666666668,166.66666666666666,166.66666666666666,autoDriver,1076,,4458586.5,5400645.5,4588,4477115.0,5305096.0,316,2,141,4457026.5,5405407.5,48,1,1,True,25980
1506509,352,4461287.674085032,5398009.291929062,304,4457900.737583673,5401395.389074772,NHBO,1313,7.76619677734375,9.948176066080729,34.163041666666665,166.66666666666666,166.66666666666666,autoDriver,1019,,4455516.5,5403547.0,724,4418065.0,5360248.5,155,1,253,4461512.0,5401904.5,44,2,2,True,12324
1506510,207,4457788.683059754,5402682.872525718,195,4457886.135531506,5403303.785106481,NHBO,1313,1.8955518798828128,2.7972925821940104,2.436303666666667,166.66666666666666,166.66666666666666,walk,755,,4455516.5,5403547.0,724,4418065.0,5360248.5,155,1,253,4461512.0,5401904.5,44,2,2,True,12324
1506511,103,4452080.54340846,5401772.577871128,324,4458766.937362105,5399585.145182091,NHBO,1313,10.225416015625,13.04479268391927,56.94698833333334,42.68032166666667,166.66666666666666,autoPassenger,1209,,4455516.5,5403547.0,724,4418065.0,5360248.5,155,1,253,4461512.0,5401904.5,44,2,2,True,12324
1506521,307,4458184.386185721,5401649.336689619,313,4457268.242534864,5400367.341683995,NHBO,1322,2.045388916015625,3.6886924743652334,5.975275,166.66666666666666,166.66666666666666,walk,957,,4458723.5,5400773.5,3752,4473085.5,5336664.0,316,2,229,4459663.5,5404151.5,48,1,2,True,12948
1506522,307,4458290.865000592,5401448.125847353,318,4458536.33219371,5400185.85381098,NHBO,1322,1.456892578125,2.2054402669270834,15.436093333333334,166.66666666666666,166.66666666666666,bus,975,,4458723.5,5400773.5,3752,4473085.5,5336664.0,316,2,229,4459663.5,5404151.5,48,1,2,True,12948
1506529,138,4456925.768042901,5407808.743510533,155,4455267.074366991,5403384.623872592,NHBO,1331,9.2432685546875,13.023135375976562,48.890571666666666,47.923905,166.66666666666666,autoPassenger,814,,4458510.0,5400582.0,2038,4506594.0,5400305.5,316,1,318,4458469.5,5400448.0,70,1,2,True,21276
1506539,198,4458111.892573694,5403430.487892632,125,4463958.13664738,5408216.971034058,NHBO,1341,8.883138671875,10.11243184407552,34.726315,33.106806666666664,166.66666666666666,walk,1059,,4462130.0,5404065.5,2404,4415879.0,5328448.0,254,0,348,4463420.5,5402938.0,31,2,1,True,25668
1506554,187,4457738.545925208,5404421.715506788,144,4457424.042676156,5405229.965915526,NHBO,1356,0.86861865234375,1.1270084381103516,3.873840833333333,166.66666666666666,166.66666666666666,walk,841,,4456994.5,5404738.0,1047,4418256.5,5348503.5,173,0,153,4455362.0,5403894.5,66,1,2,True,20928
1506555,340,4459867.002391564,5401017.114190543,380,4474749.321075049,5399926.067404606,NHBO,1359,21.546228515625,17.258194986979166,183.54575,166.66666666666666,166.66666666666666,autoDriver,1077,,4458359.5,5401054.5,196,4458059.0,5403845.0,309,1,178,4455979.0,5403535.5,38,2,2,True,12804
1506556,198,4458265.349129188,5403582.244968267,177,4456275.834642425,5403785.226054081,NHBO,1359,3.47677392578125,5.4275767008463545,11.755615,166.66666666666666,166.66666666666666,autoDriver,825,,4458359.5,5401054.5,196,4458059.0,5403845.0,309,1,178,4455979.0,5403535.5,38,2,2,True,12804
1506557,339,4459145.515932948,5401038.01728596,151,4454805.476692846,5403359.060303983,NHBO,1359,6.6800322265625,8.732840983072917,30.958355,166.66666666666666,166.66666666666666,walk,730,,4458359.5,5401054.5,196,4458059.0,5403845.0,309,1,178,4455979.0,5403535.5,38,2,2,True,12804
1506558,194,4457559.39997055,5403439.81141427,205,4457747.918013741,5403214.821290713,NHBO,1359,1.9487041015625,3.133307139078776,3.8927005,166.66666666666666,166.66666666666666,autoDriver,644,,4458359.5,5401054.5,196,4458059.0,5403845.0,309,1,178,4455979.0,5403535.5,38,2,2,True,12804
1506559,204,4457516.900586135,5403125.65015771,219,4460137.749799292,5405605.612399415,NHBO,1359,5.0509326171875,6.380404663085938,23.59566833333333,166.66666666666666,166.66666666666666,walk,586,,4458359.5,5401054.5,196,4458059.0,5403845.0,309,1,178,4455979.0,5403535.5,38,2,2,True,12804
1506560,165,4455763.800314711,5404643.602282987,218,4459844.763618444,5405503.72105285,NHBO,1359,5.5523935546875,7.138115437825521,21.21825833333333,166.66666666666666,166.66666666666666,autoPassenger,1053,,4458359.5,5401054.5,196,4458059.0,5403845.0,309,1,178,4455979.0,5403535.5,38,2,2,True,12804
1506561,196,4458318.158350592,5403875.91552759,196,4458328.142539428,5403735.663279934,NHBO,1359,0.2395078887939453,0.3602483113606771,3.587921166666667,166.66666666666666,166.66666666666666,walk,787,,4458359.5,5401054.5,196,4458059.0,5403845.0,309,1,178,4455979.0,5403535.5,38,2,2,True,12804
1506569,1131,4463587.552462007,5376105.354900232,1244,4458895.7364376895,5361934.726777651,NHBO,1361,20.373775390625,18.870048014322915,166.66666666666666,45.22472666666667,166.66666666666666,autoDriver,788,,4456102.0,5404242.5,2465,4416902.5,5323627.5,170,1,229,4459663.5,5404151.5,48,1,1,True,21444
1506570,1131,4463605.839348446,5376382.657456709,15,4432135.633493846,5403446.692014966,NHBO,1361,57.75153515625,50.8304931640625,166.66666666666666,152.66068333333334,166.66666666666666,autoPassenger,1162,,4456102.0,5404242.5,2465,4416902.5,5323627.5,170,1,229,4459663.5,5404151.5,48,1,1,True,21444
1506573,198,4458301.717806926,5403547.495724287,342,4459616.539517405,5400765.083917784,NHBO,1364,4.3323994140625,5.669218444824219,16.939694166666666,17.031232666666668,166.66666666666666,autoDriver,681,,4456106.5,5397372.5,194,4457351.5,5403656.0,331,0,140,4456309.5,5405791.0,14,2,3,False,0
1506574,142,4456689.008153215,5405253.257902906,95,4447199.5346293785,5414077.44637478,NHBO,1364,21.71346875,17.44178670247396,237.74986666666663,228.74986666666663,166.66666666666666,autoDriver,1049,,4456106.5,5397372.5,194,4457351.5,5403656.0,331,0,140,4456309.5,5405791.0,14,2,3,False,0
1506575,131,4454622.33561813,5407440.861007837,119,4458299.043048269,5410352.836359659,NHBO,1364,6.2610380859375,9.547483317057292,95.870305,166.66666666666666,166.66666666666666,autoDriver,1082,,4456106.5,5397372.5,194,4457351.5,5403656.0,331,0,140,4456309.5,5405791.0,14,2,3,False,0
1506576,143,4457132.947944236,5405245.367591234,217,4459379.009792421,5405083.678208908,NHBO,1365,3.6168017578125,4.366878255208333,14.792995,166.66666666666666,166.66666666666666,autoDriver,1048,,4457412.0,5403738.0,3240,4466921.0,5336258.5,192,1,144,4457259.5,5405376.5,39,1,1,True,27132
1506579,376,4468348.097444528,5406066.113985788,255,4464203.726188784,5402266.883080325,NHBO,1368,9.2831103515625,10.573209635416667,14.815256666666668,166.66666666666666,166.66666666666666,walk,679,,4455870.5,5404056.5,55,4441140.0,5416967.0,176,1,339,4458895.0,5401307.5,73,2,2,True,19620
1506580,245,4459239.318223757,5402201.361103776,349,4459564.316708394,5399362.985828611,NHBO,1368,2.828550537109375,4.559078470865885,18.056721666666665,166.66666666666666,166.66666666666666,walk,607,,4455870.5,5404056.5,55,4441140.0,5416967.0,176,1,339,4458895.0,5401307.5,73,2,2,True,19620
1506583,321,4456326.448977119,5398993.014171426,314,4457892.635116156,5400154.255089558,NHBO,1369,2.72051953125,3.776225026448568,10.242352333333336,166.66666666666666,166.66666666666666,walk,616,,4458947.5,5404205.0,4744,4493571.0,5299541.0,225,0,334,4456717.370793296,5396983.565560624,70,1,2,True,18972
1506584,205,4457770.9178493405,5403071.2794618765,289,4438589.552982356,5396210.5639446415,NHBO,1369,27.890603515625,28.13562418619792,207.81868333333333,197.81868333333333,166.66666666666666,autoDriver,636,,4458947.5,5404205.0,4744,4493571.0,5299541.0,225,0,334,4456717.370793296,5396983.565560624,70,1,2,True,18972
1506587,232,4459533.284970781,5404040.565909058,215,4459368.677132415,5405427.167076228,NHBO,1370,2.3432470703125,3.490741475423177,12.291626666666668,166.66666666666666,166.66666666666666,walk,860,,4456100.5,5403334.5,2987,4453448.5,5325228.5,179,1,208,4458584.5,5403139.0,46,1,1,True,29976
1506588,232,4459597.574285787,5403891.351321466,233,4459116.383514247,5403341.984620495,NHBO,1370,0.84000244140625,1.311364237467448,5.3075195,166.66666666666666,166.66666666666666,walk,979,,4456100.5,5403334.5,2987,4453448.5,5325228.5,179,1,208,4458584.5,5403139.0,46,1,1,True,29976
1506604,197,4458600.7989428975,5403945.724442613,300,4456932.843373144,5400575.292104072,NHBO,1391,5.00311669921875,7.239854431152343,12.897628333333332,166.66666666666666,166.66666666666666,bicycle,1057,,4452479.0,5401569.0,800,4418528.5,5359075.5,162,1,186,4457293.5,5404346.5,33,2,2,True,4884
1506610,173,4457141.705886165,5404695.862696656,186,4457520.694613574,5404332.784584527,NHBO,1396,0.7892381591796875,1.0516309102376302,4.234447,166.66666666666666,166.66666666666666,walk,854,,4454877.5,5403433.5,819,4420251.0,5359554.0,154,1,188,4458251.5,5404848.5,34,2,2,True,7740
1506615,223,4459164.076369137,5404722.774409152,403,4471172.995421866,5394129.855332233,NHBO,1397,20.76724609375,15.56460469563802,201.7102833333333,166.66666666666666,166.66666666666666,autoPassenger,1064,,4459219.5,5404208.0,753,4416154.0,5360099.0,225,2,316,4458581.5,5400804.0,8,2,3,False,0
1506616,223,4458855.774882462,5404754.995202095,324,4458560.132480426,5399861.071520806,NHBO,1397,6.25843310546875,8.467054239908855,33.180319999999995,166.66666666666666,166.66666666666666,bicycle,1015,,4459219.5,5404208.0,753,4416154.0,5360099.0,225,2,316,4458581.5,5400804.0,8,2,3,False,0
1506620,204,4457638.707771863,5403015.482307065,242,4461526.175920376,5403664.252669518,NHBO,1399,5.5152666015625,7.895530700683594,9.341521666666669,166.66666666666666,166.66666666666666,bicycle,831,,4455575.5,5399143.0,2114,4512876.0,5380715.5,162,1,185,4457766.0,5404614.0,6,2,2,False,0
1506621,204,4457424.080281468,5403176.705982736,339,4459022.2717748815,5401513.830870496,NHBO,1399,3.83070361328125,5.549592590332031,22.541576666666668,166.66666666666666,166.66666666666666,walk,1251,,4455575.5,5399143.0,2114,4512876.0,5380715.5,162,1,185,4457766.0,5404614.0,6,2,2,False,0
1506626,198,4458118.993905028,5403417.687941111,55,4440942.339910684,5417337.492639119,NHBO,1402,27.07278125,23.271728515625,66.07869,50.97867,166.66666666666666,autoDriver,763,,4458871.5,5405269.5,3756,4473806.0,5337063.0,216,0,347,4461580.5,5401514.0,50,1,2,True,11448
1506628,340,4460432.528238525,5401276.231457425,316,4458726.264120483,5400605.757274416,NHBO,1403,3.074571533203125,5.013016764322916,3.605048666666667,166.66666666666666,166.66666666666666,autoDriver,905,,4457307.5,5404503.0,4302,4477301.0,5325667.5,184,0,228,4460075.0,5404522.5,47,2,1,True,16512
1506633,326,4458366.952461626,5398795.320697444,254,4462823.313957396,5404002.66044407,NHBO,1404,9.99966796875,10.976952107747396,92.059245,166.66666666666666,166.66666666666666,bus,761,,4458721.5,5401888.0,4797,4509385.0,5302813.0,213,2,144,4457659.0,5405216.0,18,1,1,True,6228
1506647,167,4455730.235695527,5404352.640709754,156,4452866.98649164,5403065.056312297,NHBO,1420,5.39606103515625,6.72399393717448,8.158784,166.66666666666666,166.66666666666666,walk,1103,,4457646.5,5403390.0,2758,4463558.0,5336703.5,194,1,253,4461487.0,5401866.5,59,2,2,True,8136
1506649,198,4458336.0,5403471.0,223,4459236.77195149,5404672.960569807,NHBO,1421,2.083502197265625,2.565255228678385,7.507679166666667,166.66666666666666,166.66666666666666,walk,1224,,4459770.5,5403838.5,3756,4473806.0,5337063.0,235,0,144,4457565.5,5405283.5,22,1,3,True,9432
1506650,198,4458336.0,5403471.0,356,4462821.250888891,5398150.462829661,NHBO,1421,11.8326494140625,10.07781982421875,32.236761666666666,166.66666666666666,166.66666666666666,autoDriver,1043,,4459770.5,5403838.5,3756,4473806.0,5337063.0,235,0,144,4457565.5,5405283.5,22,1,3,True,9432
1506651,198,4458336.0,5403471.0,222,4459861.50863652,5405947.029864504,NHBO,1421,3.3160380859375,4.447462972005209,5.876806666666667,166.66666666666666,166.66666666666666,walk,761,,4459770.5,5403838.5,3756,4473806.0,5337063.0,235,0,144,4457565.5,5405283.5,22,1,3,True,9432
1506656,102,4449622.412886876,5403129.906745016,254,4462120.688279593,5403646.0407011695,NHBO,1424,14.42941015625,21.59139607747396,42.15924,166.66666666666666,166.66666666666666,walk,1180,,4458721.5,5401888.0,2800,4464923.5,5335492.5,213,2,189,4458600.0,5404749.0,85,2,2,False,19380
1506665,247,4458901.183638008,5401935.382643622,310,4458594.731703508,5400907.03094915,NHBO,1430,1.4362432861328125,1.9037071228027345,18.787316666666666,166.66666666666666,166.66666666666666,autoDriver,1318,,4456423.5,5403886.5,827,4419724.5,5358914.5,177,1,225,4459219.5,5404196.5,32,2,1,True,16212
1506666,354,4461040.097469637,5398492.199920709,344,4459477.817309904,5400336.475869658,NHBO,1430,4.2726259765625,6.924036153157552,50.46041666666667,166.66666666666666,166.66666666666666,autoPassenger,790,,4456423.5,5403886.5,827,4419724.5,5358914.5,177,1,225,4459219.5,5404196.5,32,2,1,True,16212
1506669,198,4458124.790387434,5403348.759058413,234,4459267.5035859,5403682.724907591,NHBO,1432,1.6700657958984375,2.186912027994792,4.835043833333333,166.66666666666666,166.66666666666666,walk,728,,4459132.5,5406685.5,3153,4450164.0,5318781.5,139,3,253,4461512.0,5401904.5,24,2,1,True,17340
1506685,198,4458349.956923581,5403679.029275731,310,4458698.21857677,5401275.784954791,NHBO,1448,3.295599609375,4.397259012858073,14.10732,166.66666666666666,166.66666666666666,walk,1116,,4459143.5,5405660.5,2389,4409744.5,5323725.0,214,0,144,4457660.5,5405507.5,27,1,2,True,7536
1506691,305,4457374.566843801,5400992.250540625,362,4463275.972007356,5397334.516847982,NHBO,1451,11.6029462890625,10.892234293619792,79.30755,166.66666666666666,166.66666666666666,autoPassenger,943,,4457930.0,5400418.5,683,4416910.5,5360655.5,314,1,144,4457296.0,5405048.0,34,2,1,True,8292
1506698,204,4457563.5,5403232.5,302,4457156.909988691,5400334.684914987,NHBO,1455,5.084630859375,7.268150838216146,16.474048333333332,166.66666666666666,166.66666666666666,walk,936,,4454472.0,5403724.5,548,4436144.5,5368217.0,149,1,145,4458064.0,5405052.5,14,1,3,False,0
1506699,326,4458733.560207598,5399294.965250183,208,4458311.358445627,5402627.468755314,NHBO,1457,4.888640625,6.99326171875,42.21711666666667,166.66666666666666,166.66666666666666,walk,849,,4456428.0,5407511.5,560,4396316.0,5357898.0,137,2,140,4456743.0,5406346.0,32,2,1,True,21456
1506704,204,4457411.309817726,5403286.13908414,185,4457773.853697862,5404804.85776423,NHBO,1460,2.255053466796875,3.197687530517578,10.806671666666666,166.66666666666666,166.66666666666666,walk,632,,4455861.5,5399433.0,2674,4457221.0,5333234.5,319,1,144,4457721.5,5405641.0,73,2,2,True,9168
1506705,204,4457261.833979622,5403088.316672874,178,4455864.309199147,5403695.462861936,NHBO,1460,1.8293408203125,2.9514742533365883,7.177489666666666,166.66666666666666,166.66666666666666,walk,502,,4455861.5,5399433.0,2674,4457221.0,5333234.5,319,1,144,4457721.5,5405641.0,73,2,2,True,9168
1506706,204,4457488.731577834,5402923.482504192,72,4462374.5229988815,5415107.56726407,NHBO,1460,18.3741875,19.120827229817703,38.571155,166.66666666666666,166.66666666666666,autoDriver,966,,4455861.5,5399433.0,2674,4457221.0,5333234.5,319,1,144,4457721.5,5405641.0,73,2,2,True,9168
1506708,318,4458728.855272283,5400197.854939858,340,4459906.168399593,5401599.059817433,NHBO,1462,3.240216552734375,5.0657806396484375,25.23667333333333,166.66666666666666,166.66666666666666,bus,652,,4458405.5,5400406.0,2025,4501857.5,5396250.5,317,0,347,4461580.5,5401514.0,69,2,2,True,18972
1506709,318,4458605.771268191,5400492.847308635,245,4458994.007700516,5402193.572253175,NHBO,1462,2.497648681640625,3.66727294921875,27.223925,166.66666666666666,166.66666666666666,walk,890,,4458405.5,5400406.0,2025,4501857.5,5396250.5,317,0,347,4461580.5,5401514.0,69,2,2,True,18972
1506710,318,4458744.721568012,5400160.474903619,331,4455950.436754305,5397382.360395769,NHBO,1462,4.95800927734375,6.827448018391927,17.894185,166.66666666666666,166.66666666666666,autoPassenger,697,,4458405.5,5400406.0,2025,4501857.5,5396250.5,317,0,347,4461580.5,5401514.0,69,2,2,True,18972
1506711,286,4450751.344859951,5396829.875105944,372,4465962.287733207,5389677.55250825,NHBO,1462,19.867099609375,17.478568522135415,86.4159,166.66666666666666,166.66666666666666,autoPassenger,693,,4458405.5,5400406.0,2025,4501857.5,5396250.5,317,0,347,4461580.5,5401514.0,69,2,2,True,18972
1506712,286,4451442.756807959,5396303.284782934,286,4449352.977229413,5400688.312678621,NHBO,1462,2.046828125,1.9153218587239584,4.047715833333333,166.66666666666666,166.66666666666666,walk,921,,4458405.5,5400406.0,2025,4501857.5,5396250.5,317,0,347,4461580.5,5401514.0,69,2,2,True,18972
1506714,331,4456414.440856192,5396978.886522216,243,4459274.142613086,5402580.642084456,NHBO,1463,7.837501953125,10.922261555989584,36.55940833333333,166.66666666666666,166.66666666666666,walk,827,,4449132.5,5404836.5,1703,4466505.0,5345606.0,98,2,254,4462614.0,5403822.0,52,2,2,True,17292
1506723,207,4457981.341735825,5402652.921950651,1086,4440671.367991086,5387684.27451459,NHBO,1467,31.711826171875,32.639058430989586,556.5808,166.66666666666666,166.66666666666666,autoDriver,839,,4459094.0,5406652.5,198,4458336.0,5403471.0,139,1,147,4454790.5,5404158.5,1,1,2,False,0
1506724,198,4458366.17001338,5403488.867390653,1162,4464303.414934879,5386775.849507072,NHBO,1467,22.779134765625,17.986794026692706,189.58928333333333,24.846028333333333,166.66666666666666,autoPassenger,1030,,4459094.0,5406652.5,198,4458336.0,5403471.0,139,1,147,4454790.5,5404158.5,1,1,2,False,0
1506729,244,4459731.161504587,5402623.689830013,4,4439408.341924921,5418092.067642845,NHBO,1469,30.767240234375,28.549003092447915,182.0992666666667,166.66666666666666,166.66666666666666,autoDriver,897,,4459413.5,5399932.5,945,4418241.0,5355500.0,349,1,241,4461011.0,5404068.0,24,2,1,True,11748
1506732,323,4457779.514996447,5399855.562060227,1087,4450913.399188159,5387615.89547841,NHBO,1472,16.511826171875,19.210603841145836,239.5586166666667,166.66666666666666,166.66666666666666,walk,792,,4458601.5,5401041.5,1714,4475676.0,5347558.0,310,2,144,4457276.5,5405656.5,41,2,2,True,1788
1506733,231,4459007.988363746,5403749.25705191,221,4460071.851096925,5405143.328689498,NHBO,1472,2.300276123046875,3.337712097167969,12.578291666666669,166.66666666666666,166.66666666666666,walk,965,,4458601.5,5401041.5,1714,4475676.0,5347558.0,310,2,144,4457276.5,5405656.5,41,2,2,True,1788
1506734,356,4462170.589278908,5398121.413422864,357,4462858.3250432,5398244.666903317,NHBO,1472,0.663633544921875,1.2730233510335287,16.876981666666666,166.66666666666666,166.66666666666666,walk,918,,4458601.5,5401041.5,1714,4475676.0,5347558.0,310,2,144,4457276.5,5405656.5,41,2,2,True,1788
1506744,244,4460306.600710717,5402998.465842556,233,4459146.953343803,5403674.996748281,NHBO,1480,2.036550537109375,2.8590596516927085,18.56142833333333,166.66666666666666,166.66666666666666,bicycle,962,,4458148.5,5400602.5,3441,4469072.5,5334617.0,315,1,140,4456939.0,5406040.0,31,2,2,True,2088
1506745,199,4458717.539844907,5403416.3212866485,254,4462649.098967721,5403860.756287806,NHBO,1480,4.90369091796875,6.545753479003906,25.52591,166.66666666666666,166.66666666666666,walk,975,,4458148.5,5400602.5,3441,4469072.5,5334617.0,315,1,140,4456939.0,5406040.0,31,2,2,True,2088
1506748,142,4456507.984060022,5404971.447966226,243,4459552.949474453,5402959.148848619,NHBO,1482,5.100009765625,6.72682851155599,19.91756,166.66666666666666,166.66666666666666,walk,569,,4458349.5,5400972.5,3492,4466429.0,5333210.0,309,1,164,4452877.0,5404303.5,67,2,2,False,12492
1506753,368,4461663.817366833,5391701.414096662,1165,4472262.617152923,5384989.244463916,NHBO,1485,16.01568359375,15.259866333007812,414.1315,186.1375833333333,166.66666666666666,autoDriver,585,,4459454.0,5405141.0,3707,4470455.0,5332732.0,217,1,253,4461512.0,5401904.5,18,2,1,True,5820
1506754,368,4461655.167455067,5391634.613770116,350,4461051.548722656,5400836.883042544,NHBO,1485,11.909921875,12.519261678059896,18.22055,166.66666666666666,166.66666666666666,autoDriver,750,,4459454.0,5405141.0,3707,4470455.0,5332732.0,217,1,253,4461512.0,5401904.5,18,2,1,True,5820
1504848,193,4457982.5,5403739.5,123,4463874.427394219,5409184.111492652,NHBW,26,12.0304072265625,12.13954366048177,31.17881833333333,166.66666666666666,166.66666666666666,autoDriver,559,,4457932.5,5403233.5,4801,4504759.0,5301423.5,205,0,222,4458859.5,5406485.5,32,1,1,True,34056
1504858,104,4446521.5,5409711.5,96,4441800.80386466,5406968.933700478,NHBW,35,8.958483398437501,11.4930419921875,56.22067833333333,166.66666666666666,166.66666666666666,bicycle,1065,,4447776.0,5404714.0,2418,4420226.0,5326492.5,98,1,346,4460757.0,5401208.5,26,2,1,True,62976
1504859,104,4446521.5,5409711.5,98,4451710.0471186,5403414.089369023,NHBW,35,13.56796484375,9.460555013020834,45.32403333333333,166.66666666666666,166.66666666666666,autoDriver,971,,4447776.0,5404714.0,2418,4420226.0,5326492.5,98,1,346,4460757.0,5401208.5,26,2,1,True,62976
1504890,1213,4481626.5,5365813.0,1621,4480288.592778842,5361027.443694101,NHBW,67,6.5318427734375,8.226979573567709,27.62855833333333,166.66666666666666,166.66666666666666,autoDriver,923,,4455034.5,5403942.0,1581,4474798.5,5353037.5,152,0,253,4461551.0,5401820.5,61,2,1,True,7764
1504894,185,4457688.5,5404570.5,217,4459351.129621095,5404962.756628416,NHBW,75,2.569763671875,3.067861175537109,15.574108833333334,166.66666666666666,166.66666666666666,walk,885,,4457320.0,5400942.5,4529,4460716.0,5305085.0,305,1,164,4452899.0,5404596.5,50,1,1,True,21552
1504901,195,4457867.0,5403423.5,252,4461092.787954751,5402092.594729253,NHBW,84,4.626732421875,6.420386759440104,8.572505,166.66666666666666,166.66666666666666,walk,943,,4455072.0,5403340.0,3814,4473599.0,5334252.0,154,0,144,4457278.0,5405323.5,49,1,1,True,15984
1504902,195,4457867.0,5403423.5,201,4456621.841420519,5403090.62178236,NHBW,84,2.147807861328125,3.3836039225260417,26.216573333333333,166.66666666666666,166.66666666666666,walk,924,,4455072.0,5403340.0,3814,4473599.0,5334252.0,154,0,144,4457278.0,5405323.5,49,1,1,True,15984
1504922,327,4453765.0,5398415.0,348,4462978.060629569,5401495.280082282,NHBW,101,12.2329375,12.57494099934896,53.5341,166.66666666666666,166.66666666666666,bicycle,1087,,4457115.5,5400985.5,2230,4533772.5,5387332.0,297,0,184,4457325.5,5404596.5,56,2,1,True,12612
1504940,399,4470622.5,5399917.0,410,4486882.727399033,5400805.237134313,NHBW,123,26.094990234375,19.138893636067703,121.08135,193.08135,166.66666666666666,autoDriver,502,,4459755.5,5405362.0,4150,4472713.0,5330110.5,218,0,345,4459733.5,5400132.0,45,2,1,True,15852
1504941,399,4470622.5,5399917.0,407,4476103.743745828,5389521.817810832,NHBW,123,14.93235546875,15.58549296061198,243.43595,177.43595,166.66666666666666,autoDriver,483,,4459755.5,5405362.0,4150,4472713.0,5330110.5,218,0,345,4459733.5,5400132.0,45,2,1,True,15852
1504945,244,4459691.0,5402794.5,140,4457239.495195085,5405910.225015174,NHBW,124,7.24948193359375,9.1240966796875,16.2584025,166.66666666666666,166.66666666666666,autoDriver,708,,4458508.5,5404509.5,2781,4463637.0,5335663.0,189,1,318,4458474.5,5400413.0,37,1,1,True,41712
1504951,339,4459513.326625743,5401603.419395048,205,4457832.201876698,5403293.2626193175,NHBW,131,2.807732666015625,4.211532084147136,13.334701666666666,166.66666666666666,166.66666666666666,walk,763,,4458454.5,5401030.5,3985,4465565.0,5329203.5,310,1,239,4460916.0,5405727.5,20,2,3,True,0
1504953,7,4426097.5,5416253.0,147,4454709.881874915,5404497.74500031,NHBW,132,41.18946875,37.987406412760414,57.25286499999999,166.66666666666666,166.66666666666666,autoDriver,479,,4458601.5,5401041.5,2874,4462371.0,5333121.5,310,1,187,4457705.0,5404436.5,38,1,1,True,58284
1504954,7,4426097.5,5416253.0,112,4457921.669656299,5408626.523101385,NHBW,132,42.3416328125,42.02950032552084,216.7320833333333,166.66666666666666,166.66666666666666,bicycle,808,,4458601.5,5401041.5,2874,4462371.0,5333121.5,310,1,187,4457705.0,5404436.5,38,1,1,True,58284
1504955,7,4426097.5,5416253.0,9,4423756.522350577,5407813.290565508,NHBW,132,12.560818359375,16.899656168619792,323.3270166666666,318.3270166666666,166.66666666666666,autoDriver,782,,4458601.5,5401041.5,2874,4462371.0,5333121.5,310,1,187,4457705.0,5404436.5,38,1,1,True,58284
1504956,7,4426097.5,5416253.0,133,4454316.356643673,5405208.121031544,NHBW,132,41.7757109375,38.34404703776042,108.261255,166.66666666666666,166.66666666666666,bicycle,565,,4458601.5,5401041.5,2874,4462371.0,5333121.5,310,1,187,4457705.0,5404436.5,38,1,1,True,58284
1504959,197,4458697.555742782,5403858.371798632,225,4459124.412782479,5404311.319669799,NHBW,135,1.1714520263671877,1.6767152150472004,6.928223333333333,166.66666666666666,166.66666666666666,autoPassenger,853,,4459355.0,5403356.5,1753,4466615.5,5341057.0,234,1,346,4460689.0,5401052.0,60,2,2,True,12072
1504967,165,4456104.5,5405097.5,165,4455327.007547261,5404684.195870211,NHBW,144,0.35599169921875,0.4338898658752441,0.888102,166.66666666666666,166.66666666666666,walk,510,,4446635.5,5403341.5,3437,4468594.5,5334818.0,97,0,339,4458895.0,5401307.5,29,1,1,True,18744
1504973,133,4454806.0,5405195.0,2185,4499060.205472773,5370474.264536189,NHBW,145,100.2030703125,58.49401041666667,256.93691666666666,181.77893333333336,166.66666666666666,autoDriver,899,,4452633.0,5402548.5,3560,4467398.5,5332289.0,156,0,145,4458064.0,5405052.5,25,2,1,True,14112
1504983,106,4452742.5,5411180.5,104,4445931.613961804,5411621.994486735,NHBW,146,10.9883818359375,10.713803100585938,44.973,166.66666666666666,166.66666666666666,bicycle,821,,4458919.0,5398386.0,4251,4477364.0,5330530.0,338,1,346,4460757.0,5401208.5,28,1,1,True,19560
1504984,106,4452742.5,5411180.5,133,4454691.270001556,5405202.118493779,NHBW,146,8.996944335937501,12.97473856608073,23.504956666666665,166.66666666666666,166.66666666666666,autoDriver,1042,,4458919.0,5398386.0,4251,4477364.0,5330530.0,338,1,346,4460757.0,5401208.5,28,1,1,True,19560
1504985,106,4452742.5,5411180.5,255,4464031.8779941015,5404744.233078104,NHBW,146,18.409625,21.978426106770836,107.78126666666668,166.66666666666666,166.66666666666666,autoDriver,945,,4458919.0,5398386.0,4251,4477364.0,5330530.0,338,1,346,4460757.0,5401208.5,28,1,1,True,19560
1504986,106,4452742.5,5411180.5,155,4455539.910105072,5403585.4828177,NHBW,146,10.47059375,15.2809814453125,47.59057166666666,166.66666666666666,166.66666666666666,walk,529,,4458919.0,5398386.0,4251,4477364.0,5330530.0,338,1,346,4460757.0,5401208.5,28,1,1,True,19560
1504987,106,4452742.5,5411180.5,74,4462298.028391335,5420794.839222501,NHBW,146,22.611982421875,25.661002604166665,320.24235,262.51685,166.66666666666666,bicycle,548,,4458919.0,5398386.0,4251,4477364.0,5330530.0,338,1,346,4460757.0,5401208.5,28,1,1,True,19560
1505002,144,4457711.0,5405274.0,250,4460660.679537563,5402968.002802139,NHBW,160,4.63658740234375,5.9108225504557295,30.79640333333333,166.66666666666666,166.66666666666666,walk,899,,4456902.0,5400752.0,4858,4510184.5,5301365.5,300,1,165,4455828.0,5405076.0,38,1,1,True,33288
1505003,144,4457711.0,5405274.0,92,4447894.583908034,5412821.994028072,NHBW,160,14.87953515625,14.19388936360677,232.70176666666663,44.486023333333335,166.66666666666666,train,863,,4456902.0,5400752.0,4858,4510184.5,5301365.5,300,1,165,4455828.0,5405076.0,38,1,1,True,33288
1505007,147,4454499.0,5404394.5,356,4462325.620817624,5398475.001971684,NHBW,162,14.8972802734375,16.446842447916666,51.47009333333333,166.66666666666666,166.66666666666666,autoDriver,1094,,4457496.5,5404503.5,2996,4459039.0,5330029.5,184,2,347,4461374.5,5401232.5,67,2,1,True,6420
1505020,321,4456233.5,5399144.5,400,4466851.033716415,5397455.621318271,NHBW,171,15.955771484375,14.990259806315104,214.1432166666667,166.66666666666666,166.66666666666666,autoDriver,984,,4460927.0,5403618.5,2480,4432217.0,5323880.0,241,1,184,4457622.5,5404833.5,50,1,1,True,19152
1505022,321,4456233.5,5399144.5,287,4449465.02099201,5393564.100857753,NHBW,171,11.290263671875,12.751883951822917,136.71569999999997,166.66666666666666,166.66666666666666,autoDriver,750,,4460927.0,5403618.5,2480,4432217.0,5323880.0,241,1,184,4457622.5,5404833.5,50,1,1,True,19152
1505037,286,4451177.5,5398181.5,376,4469213.112040776,5406951.641173137,NHBW,175,30.86152734375,25.04679565429688,96.58735,166.66666666666666,166.66666666666666,bicycle,1117,,4456195.0,5399424.5,4744,4494056.5,5299441.0,319,2,187,4457903.0,5404445.5,44,1,1,True,22512
1505038,286,4451177.5,5398181.5,292,4446673.624566063,5395510.297548247,NHBW,175,4.17014111328125,5.3,184.65358333333333,166.66666666666666,166.66666666666666,autoDriver,944,,4456195.0,5399424.5,4744,4494056.5,5299441.0,319,2,187,4457903.0,5404445.5,44,1,1,True,22512
1505039,286,4451177.5,5398181.5,252,4460637.302412333,5401731.821440539,NHBW,175,16.77615625,16.087584431966146,74.17513833333334,166.66666666666666,166.66666666666666,autoDriver,1139,,4456195.0,5399424.5,4744,4494056.5,5299441.0,319,2,187,4457903.0,5404445.5,44,1,1,True,22512
1505051,153,4455362.0,5403894.5,149,4454730.612223183,5403779.799856134,NHBW,192,0.7746942138671875,1.361814626057943,166.66666666666666,166.66666666666666,166.66666666666666,walk,582,,4455635.5,5399619.0,1589,4472192.5,5351290.0,162,0,145,4458064.0,5405052.5,54,1,1,True,28632
1505057,229,4459663.5,5404151.5,198,4458267.0909539005,5403566.473425505,NHBW,197,2.2744853515625,3.05491460164388,13.430348333333336,166.66666666666666,166.66666666666666,walk,1037,,4458873.0,5404619.5,265,4440953.5,5400018.5,223,0,99,4451863.5,5402680.0,38,1,1,True,23580
1505058,229,4459663.5,5404151.5,373,4464490.497542517,5389242.28660771,NHBW,197,17.501392578125,11.239640299479166,87.96228333333333,166.66666666666666,166.66666666666666,autoDriver,841,,4458873.0,5404619.5,265,4440953.5,5400018.5,223,0,99,4451863.5,5402680.0,38,1,1,True,23580
1505059,229,4459663.5,5404151.5,149,4454645.034092537,5404064.120856275,NHBW,197,5.76167529296875,7.445328267415364,166.66666666666666,166.66666666666666,166.66666666666666,autoDriver,1326,,4458873.0,5404619.5,265,4440953.5,5400018.5,223,0,99,4451863.5,5402680.0,38,1,1,True,23580
1505088,376,4463724.0,5405691.5,347,4461848.830992791,5401304.703766567,NHBW,218,14.3127607421875,13.873238118489583,59.06845,166.66666666666666,166.66666666666666,autoDriver,438,,4456759.0,5405023.0,1161,4467760.5,5385898.5,142,2,145,4458064.0,5405052.5,46,2,1,True,23460
1505089,376,4463724.0,5405691.5,1140,4445155.045568814,5371227.82818542,NHBW,218,54.0724765625,37.1595947265625,513.2175,490.4675,166.66666666666666,tramOrMetro,512,,4456759.0,5405023.0,1161,4467760.5,5385898.5,142,2,145,4458064.0,5405052.5,46,2,1,True,23460
1505090,376,4463724.0,5405691.5,125,4464405.281449186,5408679.529732808,NHBW,218,7.46137841796875,8.329851786295572,79.00965,58.22022666666667,166.66666666666666,autoDriver,807,,4456759.0,5405023.0,1161,4467760.5,5385898.5,142,2,145,4458064.0,5405052.5,46,2,1,True,23460
1505091,376,4463724.0,5405691.5,142,4456511.274421668,5405030.919502005,NHBW,218,15.5448837890625,16.833646647135417,39.96114166666667,166.66666666666666,166.66666666666666,autoDriver,748,,4456759.0,5405023.0,1161,4467760.5,5385898.5,142,2,145,4458064.0,5405052.5,46,2,1,True,23460
1505092,376,4463724.0,5405691.5,145,4458474.870234378,5405090.243309276,NHBW,218,13.0101591796875,13.632991536458333,41.62251333333334,166.66666666666666,166.66666666666666,walk,794,,4456759.0,5405023.0,1161,4467760.5,5385898.5,142,2,145,4458064.0,5405052.5,46,2,1,True,23460
1505104,174,4456581.132446105,5404238.290266305,325,4457635.265549264,5399295.424634091,NHBW,228,8.74332421875,12.415959676106771,21.211596666666665,166.66666666666666,166.66666666666666,bus,489,,4458658.5,5402983.0,4579,4453281.5,5290120.0,208,1,321,4455976.5,5398594.5,27,1,3,True,13776
1505108,252,4460536.0,5401867.5,243,4459105.673086552,5402939.398906967,NHBW,230,1.9312946777343751,2.5716517130533854,7.802027333333333,166.66666666666666,166.66666666666666,walk,770,,4459452.5,5403963.0,4551,4447761.5,5298650.0,232,1,346,4461175.5,5401215.0,51,1,1,True,22332
1505109,252,4460536.0,5401867.5,195,4457919.453611457,5403533.932337408,NHBW,230,4.626732421875,6.420386759440104,19.452816666666667,166.66666666666666,166.66666666666666,walk,465,,4459452.5,5403963.0,4551,4447761.5,5298650.0,232,1,346,4461175.5,5401215.0,51,1,1,True,22332
1505130,190,4458053.0,5404207.5,132,4451011.293790315,5406262.036359869,NHBW,244,8.236306640625001,11.106448364257812,31.517153333333333,166.66666666666666,166.66666666666666,autoDriver,774,,4457728.5,5401674.0,4892,4507592.5,5288375.0,304,2,140,4456689.0,5406381.0,34,1,1,True,29952
1505131,190,4458053.0,5404207.5,1191,4470293.7812359445,5371935.329284182,NHBW,244,39.613140625,26.136444091796875,267.4250166666667,166.66666666666666,166.66666666666666,autoDriver,590,,4457728.5,5401674.0,4892,4507592.5,5288375.0,304,2,140,4456689.0,5406381.0,34,1,1,True,29952
1505132,190,4458053.0,5404207.5,1086,4441882.263161302,5383225.689827947,NHBW,244,38.63709765625,33.76803385416667,548.7808,166.66666666666666,166.66666666666666,autoDriver,495,,4457728.5,5401674.0,4892,4507592.5,5288375.0,304,2,140,4456689.0,5406381.0,34,1,1,True,29952
1505179,140,4457157.0,5405807.5,138,4456801.061172298,5407403.996885824,NHBW,279,8.7391767578125,11.65452168782552,11.27902,166.66666666666666,166.66666666666666,autoDriver,843,,4459198.5,5402275.0,2597,4452308.5,5331019.5,245,1,346,4460540.0,5401017.5,48,2,1,True,24600
1505180,140,4457157.0,5405807.5,144,4457446.801676073,5405452.480038873,NHBW,279,3.399233642578125,4.989032491048177,25.024246666666667,166.66666666666666,166.66666666666666,walk,1023,,4459198.5,5402275.0,2597,4452308.5,5331019.5,245,1,346,4460540.0,5401017.5,48,2,1,True,24600
1505186,242,4461847.5,5403791.5,251,4461364.641005298,5403244.428764413,NHBW,283,3.6557280273437502,5.182803853352865,7.481322666666667,166.66666666666666,166.66666666666666,walk,807,,4458701.0,5403764.0,4632,4485201.5,5301795.5,197,1,140,4456795.0,5405487.0,49,1,1,True,32100
1505187,242,4461847.5,5403791.5,255,4464600.851477827,5404894.317678864,NHBW,283,3.754918701171875,4.067594909667969,22.781265,166.66666666666666,166.66666666666666,bicycle,1035,,4458701.0,5403764.0,4632,4485201.5,5301795.5,197,1,140,4456795.0,5405487.0,49,1,1,True,32100
1505188,242,4461847.5,5403791.5,376,4465721.847558023,5405723.941110205,NHBW,283,9.45333984375,10.629836018880209,36.58735,166.66666666666666,166.66666666666666,autoDriver,793,,4458701.0,5403764.0,4632,4485201.5,5301795.5,197,1,140,4456795.0,5405487.0,49,1,1,True,32100
1505189,242,4461847.5,5403791.5,254,4462778.467669745,5403495.671671341,NHBW,283,1.2732532958984375,2.559139506022136,14.692575,166.66666666666666,166.66666666666666,bicycle,603,,4458701.0,5403764.0,4632,4485201.5,5301795.5,197,1,140,4456795.0,5405487.0,49,1,1,True,32100
1505190,242,4461847.5,5403791.5,323,4457726.335312114,5399804.469439609,NHBW,283,7.63903564453125,10.684217325846356,19.099508333333333,166.66666666666666,166.66666666666666,bus,482,,4458701.0,5403764.0,4632,4485201.5,5301795.5,197,1,140,4456795.0,5405487.0,49,1,1,True,32100
1505215,329,4455864.026610119,5398301.93653499,210,4458327.631709473,5402131.660843777,NHBW,302,5.88578076171875,8.159704081217448,27.273098333333333,166.66666666666666,166.66666666666666,bicycle,798,,4456995.5,5403780.5,3148,4441482.5,5322324.5,181,0,347,4461580.5,5401514.0,33,2,1,True,7224
1505226,299,4456688.0,5400635.0,253,4461638.858710816,5402379.785956471,NHBW,310,7.083353515625,9.468733723958334,41.51993,166.66666666666666,166.66666666666666,walk,951,,4456775.5,5405006.0,2284,4502990.5,5358826.5,142,0,213,4458812.0,5402111.5,21,2,1,True,13308
1505297,133,4454806.0,5405195.0,1386,4462313.872457074,5345646.546927946,NHBW,363,78.4105390625,49.12102457682292,298.9212166666667,142.40923333333333,166.66666666666666,autoPassenger,538,,4447947.0,5404529.5,1379,4459450.0,5345815.0,98,0,140,4456939.0,5406040.0,24,2,1,True,11964
1505299,127,4453418.5,5407541.0,9,4429322.83990601,5402522.019854882,NHBW,365,38.6239609375,34.25145670572917,166.66666666666666,166.66666666666666,166.66666666666666,autoDriver,1078,,4456519.5,5404901.0,4952,4514092.0,5274900.5,142,0,145,4458064.0,5405052.5,21,2,1,True,11016
1505317,255,4463749.5,5402632.0,244,4460155.265000747,5403108.713807253,NHBW,384,7.91429052734375,8.358842468261718,40.62292833333333,166.66666666666666,166.66666666666666,bus,742,,4454559.5,5404088.0,662,4415238.5,5360911.5,149,1,321,4455976.5,5398594.5,55,1,1,True,32304
1505332,286,4451177.5,5398181.5,16,4426444.907215673,5394541.116794434,NHBW,394,26.58033984375,22.34698486328125,446.53535,145.81133333333332,166.66666666666666,autoDriver,1275,,4454399.5,5404385.0,475,4415215.5,5377311.0,146,1,227,4459854.0,5404577.5,39,1,1,True,23352
1505393,280,4443005.5,5399872.0,288,4443125.086691105,5393952.724187559,NHBW,434,10.0508134765625,12.46085917154948,166.60681666666665,166.66666666666666,166.66666666666666,bicycle,496,,4457294.0,5404132.5,460,4412927.5,5364285.0,186,1,140,4457070.5,5405721.5,69,2,1,True,6108
1505394,280,4443005.5,5399872.0,284,4445748.64916201,5398523.175783319,NHBW,434,2.516732666015625,3.1193033854166665,63.21848333333333,166.66666666666666,166.66666666666666,bicycle,1059,,4457294.0,5404132.5,460,4412927.5,5364285.0,186,1,140,4457070.5,5405721.5,69,2,1,True,6108
1505395,280,4443005.5,5399872.0,28,4439531.730450968,5399467.157001136,NHBW,434,4.36514306640625,6.389332580566406,70.18801666666667,166.66666666666666,166.66666666666666,autoDriver,1040,,4457294.0,5404132.5,460,4412927.5,5364285.0,186,1,140,4457070.5,5405721.5,69,2,1,True,6108
1505467,199,4458629.223253609,5403634.1997448,92,4449098.047797084,5409831.051933265,NHBW,499,15.668427734375,15.11587931315104,20.70178,59.33602333333333,166.66666666666666,autoDriver,764,,4457670.5,5402909.0,1690,4468968.5,5348940.5,205,0,348,4463475.5,5402807.5,69,1,2,True,13248
1505475,366,4461009.0,5393780.0,323,4457325.360590509,5399335.499248689,NHBW,506,8.6644443359375,10.00942891438802,25.137675,166.66666666666666,166.66666666666666,autoDriver,1074,,4457070.5,5404885.5,1035,4417048.0,5349450.0,173,0,348,4463475.5,5402807.5,39,1,1,True,18732
1505480,255,4463869.0,5402699.5,253,4461943.732040087,5402435.11012494,NHBW,510,8.9734423828125,8.001459757486979,27.138965,166.66666666666666,166.66666666666666,autoDriver,324,,4451986.5,5402551.5,2040,4514916.5,5394432.5,99,2,339,4458895.0,5401307.5,33,1,1,True,34260
1505495,133,4454099.0,5405302.0,178,4455761.727827762,5403431.594887269,NHBW,516,3.584284912109375,4.386447143554688,31.794,166.66666666666666,166.66666666666666,walk,868,,4455541.0,5399302.0,1045,4418099.0,5349312.0,162,0,308,4458816.0,5401435.0,58,1,1,True,37896
1505496,133,4454099.0,5405302.0,253,4461542.042371547,5402267.467415275,NHBW,516,10.5934189453125,13.330597941080727,45.46993,166.66666666666666,166.66666666666666,autoDriver,492,,4455541.0,5399302.0,1045,4418099.0,5349312.0,162,0,308,4458816.0,5401435.0,58,1,1,True,37896
1505509,284,4444702.0,5399818.0,5,4434208.700664518,5420678.885348717,NHBW,522,31.25141796875,29.981656901041667,166.80601666666666,166.66666666666666,166.66666666666666,autoDriver,487,,4455963.5,5407830.5,4590,4478014.0,5305645.0,134,1,318,4458474.5,5400413.0,24,2,1,True,7656
1505510,284,4444702.0,5399818.0,347,4461485.479784989,5401172.429817449,NHBW,522,27.624806640625,23.971364339192707,76.66494166666666,166.66666666666666,166.66666666666666,autoDriver,1275,,4455963.5,5407830.5,4590,4478014.0,5305645.0,134,1,318,4458474.5,5400413.0,24,2,1,True,7656
1505511,284,4444702.0,5399818.0,247,4458877.550687482,5402047.207794069,NHBW,522,18.81939453125,21.27660115559896,65.84381666666667,166.66666666666666,166.66666666666666,bus,1062,,4455963.5,5407830.5,4590,4478014.0,5305645.0,134,1,318,4458474.5,5400413.0,24,2,1,True,7656
1505526,70,4459651.0,5423004.0,74,4463140.717934056,5420259.760922067,NHBW,544,6.090806640625,7.549750264485677,166.66666666666666,436.24235,166.66666666666666,autoDriver,595,,4456451.5,5404785.0,2325,4509647.5,5356449.0,172,2,346,4460703.0,5401245.0,28,1,1,True,15708
1505544,164,4452899.0,5404596.5,408,4473205.265213738,5392212.846779804,NHBW,551,26.506837890625,25.351511637369796,258.87785,166.66666666666666,166.66666666666666,autoDriver,1037,,4458774.5,5404538.5,2425,4437622.5,5332039.5,189,0,147,4454499.0,5404394.5,36,1,1,True,26040
1505545,164,4452899.0,5404596.5,144,4458034.593839072,5405439.459970594,NHBW,551,5.04394580078125,6.603554280598958,28.07854833333333,166.66666666666666,166.66666666666666,autoDriver,746,,4458774.5,5404538.5,2425,4437622.5,5332039.5,189,0,147,4454499.0,5404394.5,36,1,1,True,26040
1505546,164,4452899.0,5404596.5,166,4456175.700229783,5404862.163202282,NHBW,551,3.332569580078125,4.392850748697916,3.6766741666666665,166.66666666666666,166.66666666666666,autoDriver,873,,4458774.5,5404538.5,2425,4437622.5,5332039.5,189,0,147,4454499.0,5404394.5,36,1,1,True,26040
1505547,164,4452899.0,5404596.5,253,4461610.287820633,5402113.832891644,NHBW,551,10.197849609375,13.461767578125,28.069931666666665,166.66666666666666,166.66666666666666,bus,488,,4458774.5,5404538.5,2425,4437622.5,5332039.5,189,0,147,4454499.0,5404394.5,36,1,1,True,26040
1505548,164,4452899.0,5404596.5,331,4456402.9706182685,5396917.755784822,NHBW,551,11.8442626953125,16.296290079752605,41.60797166666667,166.66666666666666,166.66666666666666,autoDriver,575,,4458774.5,5404538.5,2425,4437622.5,5332039.5,189,0,147,4454499.0,5404394.5,36,1,1,True,26040
1505560,89,4468726.0,5425970.0,410,4486941.518609954,5398080.422376287,NHBW,555,41.62244921875,33.49920857747396,223.08135,166.66666666666666,166.66666666666666,autoDriver,448,,4458396.0,5400544.0,3187,4462196.0,5320639.5,315,1,144,4457259.5,5405376.5,49,2,1,True,12720
1505584,346,4460992.5,5401026.0,204,4457270.6123913415,5403049.374466195,NHBW,567,5.05905078125,7.04600830078125,17.0358175,166.66666666666666,166.66666666666666,autoPassenger,1073,,4458914.0,5406512.0,785,4417964.5,5359701.5,139,1,164,4452877.0,5404303.5,29,2,1,True,21624
1505606,388,4483736.0,5409752.5,387,4482953.617305018,5415624.624697343,NHBW,583,11.721900390625,13.842926025390623,8.075133833333334,166.66666666666666,166.66666666666666,walk,914,,4454783.5,5404591.0,4351,4488892.0,5335210.5,147,1,211,4458617.5,5402227.5,46,2,1,True,28896
1505607,388,4483736.0,5409752.5,385,4477133.08026972,5407682.33229412,NHBW,583,10.937794921875,10.22703653971354,241.28518333333332,230.35185,166.66666666666666,autoDriver,1186,,4454783.5,5404591.0,4351,4488892.0,5335210.5,147,1,211,4458617.5,5402227.5,46,2,1,True,28896
1505660,331,4456185.5,5397266.5,35,4435939.304504405,5394483.439768525,NHBW,618,25.129005859375,23.299749755859374,151.94675,166.66666666666666,166.66666666666666,autoDriver,748,,4459381.5,5402786.0,2317,4499112.5,5352946.0,243,1,253,4461490.5,5401836.0,44,1,1,True,44064
1505681,408,4471811.5,5393527.5,410,4486744.53219026,5399214.9386250535,NHBW,634,20.128802734375,15.782058715820312,166.66666666666666,259.3891,166.66666666666666,autoDriver,751,,4456328.5,5399123.5,2817,4458867.5,5333895.0,321,1,145,4458215.0,5404919.0,27,2,1,True,14988
1505700,1110,4459547.5,5386934.0,217,4459274.287339035,5404953.27036856,NHBW,647,26.60883203125,17.724422200520834,68.44965,166.66666666666666,166.66666666666666,autoDriver,771,,4456510.0,5404863.5,3740,4472410.5,5337169.5,172,1,229,4459663.5,5404151.5,47,1,1,True,19560
1505701,1110,4459547.5,5386934.0,962,4418030.963911025,5355199.574662716,NHBW,647,63.23105078125,49.95597737630208,260.39168333333333,181.42671666666664,236.42671666666664,autoDriver,756,,4456510.0,5404863.5,3740,4472410.5,5337169.5,172,1,229,4459663.5,5404151.5,47,1,1,True,19560
1505702,1110,4459547.5,5386934.0,362,4463575.630444204,5397299.106298114,NHBW,647,19.26494921875,13.868839518229166,104.30755,166.66666666666666,166.66666666666666,autoDriver,531,,4456510.0,5404863.5,3740,4472410.5,5337169.5,172,1,229,4459663.5,5404151.5,47,1,1,True,19560
1505703,1110,4459547.5,5386934.0,1032,4439888.453585193,5353961.059895268,NHBW,647,52.776546875,40.53293050130208,409.31916666666666,190.86451666666665,369.31916666666666,autoDriver,1067,,4456510.0,5404863.5,3740,4472410.5,5337169.5,172,1,229,4459663.5,5404151.5,47,1,1,True,19560
1505704,1110,4459547.5,5386934.0,361,4462413.753743006,5397526.467417277,NHBW,647,19.659228515625,14.883284505208334,54.4859,166.66666666666666,166.66666666666666,bus,476,,4456510.0,5404863.5,3740,4472410.5,5337169.5,172,1,229,4459663.5,5404151.5,47,1,1,True,19560
1505717,478,4423429.0,5377577.5,467,4415739.657951454,5380352.613149514,NHBW,651,11.460869140625,9.28672892252604,23.14238,166.66666666666666,166.66666666666666,autoDriver,833,,4461936.5,5404242.0,3538,4465852.5,5331340.5,240,1,229,4459663.5,5404151.5,44,2,1,True,27828
1505718,478,4423429.0,5377577.5,534,4435146.234228396,5376402.470307318,NHBW,651,16.77947265625,15.476001993815103,166.66666666666666,117.53431,166.66666666666666,autoDriver,934,,4461936.5,5404242.0,3538,4465852.5,5331340.5,240,1,229,4459663.5,5404151.5,44,2,1,True,27828
1505719,478,4423429.0,5377577.5,483,4435974.761599508,5385839.846318779,NHBW,651,17.257634765625,18.4634765625,114.07922333333332,166.66666666666666,166.66666666666666,autoDriver,733,,4461936.5,5404242.0,3538,4465852.5,5331340.5,240,1,229,4459663.5,5404151.5,44,2,1,True,27828
1505741,248,4459560.0,5401948.5,305,4457606.491748973,5401123.604833363,NHBW,666,2.626678955078125,4.19375483194987,23.147905,166.66666666666666,166.66666666666666,walk,873,,4456279.0,5403494.0,482,4432980.5,5383506.5,179,0,226,4459362.0,5404408.0,54,2,1,True,15696
1505742,248,4459560.0,5401948.5,141,4457033.617225788,5405313.360189156,NHBW,666,5.6933125,7.526418050130208,25.50205,166.66666666666666,166.66666666666666,walk,426,,4456279.0,5403494.0,482,4432980.5,5383506.5,179,0,226,4459362.0,5404408.0,54,2,1,True,15696
1505750,104,4446521.5,5409711.5,284,4445721.847677367,5399256.5845003305,NHBW,667,13.879103515625,15.3890380859375,275.6853333333333,204.21846666666667,166.66666666666666,autoDriver,840,,4459220.5,5398711.5,484,4431600.0,5372922.0,326,1,346,4461175.5,5401215.0,52,1,1,True,49416
1505767,1108,4460355.0,5391178.5,1127,4462466.524804183,5376301.45127893,NHBW,676,17.838203125,15.647653198242187,166.66666666666666,166.66666666666666,166.66666666666666,walk,1030,,4459771.0,5403816.5,1143,4452792.0,5365603.0,235,0,144,4457660.5,5405507.5,46,2,1,True,24888
1505794,288,4444353.5,5392839.5,26,4439530.605360902,5399966.173527316,NHBW,698,9.3038876953125,9.038770548502605,166.66666666666666,214.2576833333333,166.66666666666666,autoDriver,775,,4456758.5,5400446.5,1067,4424999.0,5345733.5,301,1,140,4456309.5,5405791.0,48,1,1,True,50184
1505798,198,4458343.5,5403364.5,99,4451834.136607258,5402680.406112843,NHBW,699,7.09160595703125,8.750046793619791,25.059031666666662,166.66666666666666,166.66666666666666,autoDriver,1270,,4457792.5,5404300.5,2025,4501535.5,5396407.5,187,2,316,4458581.5,5400804.0,50,2,1,True,25272
1505799,198,4458343.5,5403364.5,230,4460152.101561572,5404238.272484035,NHBW,699,2.61617919921875,3.5777608235677083,2.7758233333333333,166.66666666666666,166.66666666666666,autoDriver,942,,4457792.5,5404300.5,2025,4501535.5,5396407.5,187,2,316,4458581.5,5400804.0,50,2,1,True,25272
1505800,198,4458343.5,5403364.5,249,4460429.096216284,5402227.193302643,NHBW,699,4.16969873046875,4.1,166.66666666666666,166.66666666666666,166.66666666666666,autoDriver,931,,4457792.5,5404300.5,2025,4501535.5,5396407.5,187,2,316,4458581.5,5400804.0,50,2,1,True,25272
1505801,198,4458343.5,5403364.5,253,4461358.469635389,5402021.169564465,NHBW,699,5.2347304687500005,6.968916320800781,16.2866,166.66666666666666,166.66666666666666,autoDriver,1095,,4457792.5,5404300.5,2025,4501535.5,5396407.5,187,2,316,4458581.5,5400804.0,50,2,1,True,25272
1505842,144,4457660.5,5405507.5,144,4457537.6277717855,5405351.6878887545,NHBW,735,0.3502176818847656,0.5030958811442057,3.873840833333333,166.66666666666666,166.66666666666666,autoDriver,700,,4455866.0,5407153.5,4481,4484815.0,5318190.0,140,1,140,4456427.5,5406291.5,50,2,1,True,30960
1505857,157,4453657.0,5403010.0,113,4458952.232711419,5411143.526511628,NHBW,743,16.0790703125,17.28644612630208,49.471561666666666,166.66666666666666,166.66666666666666,autoDriver,1047,,4459840.5,5404121.0,4679,4489068.5,5320737.0,229,1,228,4460176.0,5404504.0,17,2,1,False,6996
1505858,157,4453657.0,5403010.0,132,4452449.287519679,5406382.16633955,NHBW,743,6.04386865234375,7.720099385579427,31.76819833333333,166.66666666666666,166.66666666666666,autoDriver,1056,,4459840.5,5404121.0,4679,4489068.5,5320737.0,229,1,228,4460176.0,5404504.0,17,2,1,False,6996
1505859,157,4453657.0,5403010.0,347,4461907.466059168,5401386.27285042,NHBW,743,9.7936162109375,12.101666259765626,52.28693,166.66666666666666,166.66666666666666,autoDriver,1030,,4459840.5,5404121.0,4679,4489068.5,5320737.0,229,1,228,4460176.0,5404504.0,17,2,1,False,6996
1505862,122,4463312.0,5408872.5,147,4454610.34815158,5404819.680292974,NHBW,747,12.0041220703125,15.737843831380207,43.35636,166.66666666666666,166.66666666666666,autoDriver,1129,,4453977.5,5397895.0,3164,4450468.0,5318454.0,327,1,143,4456997.0,5405220.5,30,1,1,True,34512
1505868,341,4458928.0,5400766.0,305,4457584.878072079,5401188.143541163,NHBW,757,3.341609375,5.162109883626302,11.87013,166.66666666666666,166.66666666666666,autoDriver,488,,4460109.5,5403959.0,4068,4470481.5,5331088.0,236,0,224,4459394.5,5404503.5,49,2,1,True,12300
1505872,225,4459219.5,5404196.5,145,4458090.109314805,5404985.695185317,NHBW,758,1.3302152099609377,1.9134109497070315,25.641686666666665,166.66666666666666,166.66666666666666,bicycle,659,,4458051.5,5401621.0,3195,4453847.5,5312221.5,307,2,165,4455557.0,5404580.0,39,1,1,True,113724
1505893,1162,4468268.5,5385661.5,1532,4464251.78953305,5338755.650567417,NHBW,772,62.20090625,40.938623046875,366.587,86.14047833333333,363.88101666666665,autoDriver,453,,4455851.5,5403819.5,4687,4492243.5,5313314.0,176,0,346,4461012.0,5401144.5,42,2,1,True,14316
1505894,1162,4468268.5,5385661.5,1142,4443924.783816728,5370501.269605211,NHBW,772,42.57126953125,32.68009033203125,327.26211666666666,67.26210499999999,166.66666666666666,autoDriver,756,,4455851.5,5403819.5,4687,4492243.5,5313314.0,176,0,346,4461012.0,5401144.5,42,2,1,True,14316
1505900,223,4458974.5,5404747.0,237,4459855.433228019,5403576.151995566,NHBW,776,2.137452880859375,3.208208211263021,9.648894166666665,166.66666666666666,166.66666666666666,autoDriver,776,,4456301.0,5404633.5,2416,4417846.0,5324345.5,166,1,165,4455504.5,5405034.5,45,1,1,True,33168
1505965,525,4425401.5,5368489.5,649,4416360.061425155,5362611.362844284,NHBW,821,18.53789453125,13.47118428548177,121.67181666666669,166.66666666666666,117.27979333333332,autoDriver,965,,4461415.0,5403606.5,2820,4460231.5,5334306.5,242,0,164,4452877.0,5404303.5,38,1,1,True,48504
1505970,1110,4460081.0,5386407.5,284,4445555.587151805,5399383.127301705,NHBW,822,26.068263671875,25.13363647460937,161.6853166666667,166.66666666666666,166.66666666666666,autoDriver,418,,4456608.0,5408180.0,2817,4458994.0,5333818.0,134,1,164,4453228.0,5403351.5,35,2,1,True,37572
1505997,164,4453228.0,5403351.5,93,4450390.659128605,5408704.778484641,NHBW,842,7.28604150390625,7.338352457682292,213.0476,166.66666666666666,166.66666666666666,walk,1044,,4455866.0,5403928.0,4243,4475817.5,5330338.5,176,1,346,4460757.0,5401208.5,51,2,1,False,15648
1505998,164,4453228.0,5403351.5,144,4457920.017394435,5405065.873858437,NHBW,842,5.04394580078125,6.603554280598958,28.07854833333333,166.66666666666666,166.66666666666666,autoDriver,766,,4455866.0,5403928.0,4243,4475817.5,5330338.5,176,1,346,4460757.0,5401208.5,51,2,1,False,15648
1506033,354,4461109.5,5397745.0,397,4476862.81420796,5402934.5335122775,NHBW,865,21.164146484375,16.849712117513022,238.88925,166.66666666666666,166.66666666666666,autoDriver,789,,4457313.5,5403022.0,799,4418370.0,5359136.0,204,1,229,4459663.5,5404151.5,41,2,1,True,15336
1506034,354,4461109.5,5397745.0,354,4460992.896464395,5398335.954713517,NHBW,865,0.5125724487304688,0.7417961120605469,8.140486666666666,166.66666666666666,166.66666666666666,walk,839,,4457313.5,5403022.0,799,4418370.0,5359136.0,204,1,229,4459663.5,5404151.5,41,2,1,True,15336
1506038,434,4404336.26995635,5380572.875211435,428,4402088.991531384,5381719.320463391,NHBW,866,2.91945166015625,5.128162638346354,22.155901666666665,166.66666666666666,166.66666666666666,walk,990,,4456700.0,5404825.0,721,4417805.5,5360220.0,172,0,167,4455833.5,5404124.5,25,2,3,True,13200
1506054,228,4460075.0,5404522.5,1110,4460140.098297708,5384447.14938353,NHBW,879,25.773521484375,16.91169128417969,455.41066666666666,166.66666666666666,166.66666666666666,autoDriver,1141,,4459606.0,5404830.0,3605,4469811.0,5334131.0,224,1,324,4458681.0,5400025.5,38,1,1,True,44808
1506055,228,4460075.0,5404522.5,308,4458472.060362369,5401346.067393612,NHBW,879,5.18096630859375,5.744380696614583,22.89051333333333,166.66666666666666,166.66666666666666,bus,1281,,4459606.0,5404830.0,3605,4469811.0,5334131.0,224,1,324,4458681.0,5400025.5,38,1,1,True,44808
1506070,140,4456309.5,5405791.0,243,4458997.841349215,5402940.827514133,NHBW,888,6.4996406250000005,8.07294158935547,21.24273833333333,166.66666666666666,166.66666666666666,walk,1191,,4455935.0,5400415.5,3609,4469375.0,5333723.5,298,2,346,4460488.5,5401122.0,44,2,1,True,17472
1506096,41,4460869.0,5433253.0,80,4461990.36877537,5430451.437753608,NHBW,909,9.77669921875,9.222084554036458,75.54417333333333,205.54416666666663,166.66666666666666,autoDriver,770,,4452732.5,5402570.0,2104,4509329.0,5378291.0,156,1,228,4460075.0,5404522.5,46,1,1,True,47040
1506103,250,4461209.0,5402519.0,165,4455552.08768147,5405411.696926788,NHBW,910,6.3659873046875,8.089002990722657,34.04385166666667,166.66666666666666,166.66666666666666,autoDriver,822,,4456280.5,5404309.5,582,4413931.0,5362807.0,169,0,140,4457191.0,5405931.5,48,2,1,True,34440
1506112,232,4459549.5,5404087.5,64,4451376.875088885,5419007.659788129,NHBW,917,21.410958984375,21.96388142903646,166.66666666666666,225.10523333333333,166.66666666666666,autoDriver,1357,,4456277.5,5403700.5,551,4436900.5,5369330.5,177,1,145,4458064.0,5405052.5,48,2,1,True,15072
1506113,232,4459549.5,5404087.5,152,4455234.601935209,5403904.590485394,NHBW,917,5.487806640625,7.171192932128906,13.068597333333337,166.66666666666666,166.66666666666666,walk,1157,,4456277.5,5403700.5,551,4436900.5,5369330.5,177,1,145,4458064.0,5405052.5,48,2,1,True,15072
1506121,14,4438431.0,5412139.0,61,4445834.131271879,5419201.710647338,NHBW,926,13.643455078125,13.0047607421875,292.09863333333334,166.66666666666666,166.66666666666666,bicycle,977,,4455992.5,5399412.0,431,4402871.0,5381673.5,319,0,346,4460689.0,5401052.0,41,2,1,True,127968
1506134,310,4458691.9082534425,5401276.576898545,250,4460703.196177313,5403189.9256885415,NHBW,937,4.73857373046875,6.155625406901041,45.531151666666666,166.66666666666666,166.66666666666666,bicycle,1364,,4454858.5,5403299.0,2501,4436366.0,5301831.0,161,1,346,4461206.5,5400939.0,25,2,3,True,6024
1506135,369,4459233.618140036,5395118.556066111,288,4443803.86220664,5392187.239505451,NHBW,937,24.2571484375,22.22392374674479,425.6068,166.66666666666666,166.66666666666666,bicycle,768,,4454858.5,5403299.0,2501,4436366.0,5301831.0,161,1,346,4461206.5,5400939.0,25,2,3,True,6024
1506154,61,4442423.5,5415850.0,54,4440215.886089215,5417653.295317703,NHBW,947,5.7375458984375,7.204080200195312,45.865746666666666,166.66666666666666,166.66666666666666,walk,436,,4456802.5,5403640.5,4293,4476146.5,5326086.5,182,0,297,4456873.0,5401342.0,50,2,1,True,13788
1506182,322,4456834.0,5398795.5,211,4458740.579447615,5402495.752909395,NHBW,965,5.33818310546875,7.524556986490885,8.675738333333333,166.66666666666666,166.66666666666666,autoDriver,851,,4454529.0,5399437.5,1147,4459982.5,5374300.5,162,1,229,4459663.5,5404151.5,40,1,1,True,41424
1506187,148,4454242.0,5403737.0,147,4454750.509795817,5404658.844785348,NHBW,969,0.8497068481445312,1.3946414947509769,166.66666666666666,166.66666666666666,166.66666666666666,bicycle,968,,4455760.5,5407782.0,4560,4469657.0,5301162.5,134,0,173,4457174.0,5404689.0,43,1,1,True,36048
1506237,143,4457215.5,5405242.5,303,4457486.26415331,5401457.839332171,NHBW,1001,5.25065673828125,7.023972574869791,27.6162,166.66666666666666,166.66666666666666,walk,819,,4458199.0,5401512.0,2446,4415239.5,5324144.5,307,1,226,4459453.0,5404135.5,36,1,1,True,29100
1506238,143,4457215.5,5405242.5,147,4454716.776522442,5404444.526757278,NHBW,1001,4.05028466796875,5.7403101603190105,18.286336666666667,166.66666666666666,166.66666666666666,walk,876,,4458199.0,5401512.0,2446,4415239.5,5324144.5,307,1,226,4459453.0,5404135.5,36,1,1,True,29100
1506249,138,4456985.786989906,5407535.70034545,361,4462789.753819059,5396938.108595261,NHBW,1007,17.2051875,17.032936604817706,70.332275,67.80527000000001,166.66666666666666,walk,817,,4457229.0,5401499.5,2403,4415276.0,5328491.0,297,2,164,4452877.0,5404303.5,52,2,1,True,12288
1506254,113,4460094.0,5412482.5,6,4439799.05064688,5421129.335630697,NHBW,1009,33.97472265625,32.643210856119794,259.7019833333333,117.70198333333332,166.66666666666666,autoDriver,990,,4454346.0,5404537.0,1166,4472772.5,5385018.5,147,1,316,4458581.5,5400804.0,46,2,1,True,11076
1506271,308,4458488.295125558,5401454.506984813,165,4456153.633872013,5405422.383393592,NHBW,1024,5.08874853515625,6.914618428548177,15.888102166666666,166.66666666666666,166.66666666666666,autoDriver,778,,4459101.5,5406482.5,3512,4465640.0,5332767.5,222,1,346,4460540.0,5401017.5,20,1,3,True,6024
1506281,72,4459361.5,5415034.5,253,4461990.576880363,5402388.623021812,NHBW,1030,19.2716640625,18.27085978190104,59.06993,166.66666666666666,166.66666666666666,autoPassenger,762,,4456056.5,5404281.0,2325,4509698.0,5356474.5,170,0,144,4457785.5,5405223.0,32,1,1,True,18276
1506286,164,4452877.0,5404303.5,476,4429164.630210868,5375430.967147809,NHBW,1032,48.8997265625,46.624454752604166,260.25945,131.25945,166.66666666666666,autoDriver,465,,4458390.5,5400963.5,4628,4487846.5,5294809.5,309,1,339,4458875.5,5400964.5,50,1,1,True,10800
1506287,164,4452877.0,5404303.5,208,4458249.544964207,5402885.423403138,NHBW,1032,5.32397998046875,7.498821512858073,27.523791666666668,166.66666666666666,166.66666666666666,autoDriver,922,,4458390.5,5400963.5,4628,4487846.5,5294809.5,309,1,339,4458875.5,5400964.5,50,1,1,True,10800
1506288,164,4452877.0,5404303.5,218,4459690.612022401,5405389.939197558,NHBW,1032,7.22560498046875,9.488852945963542,23.96825833333333,166.66666666666666,166.66666666666666,walk,497,,4458390.5,5400963.5,4628,4487846.5,5294809.5,309,1,339,4458875.5,5400964.5,50,1,1,True,10800
1506296,406,4472041.5,5393724.5,1189,4471559.50016992,5373804.481838466,NHBW,1037,30.182177734375,20.505586751302083,462.3465833333333,382.5100333333333,166.66666666666666,autoPassenger,967,,4458440.5,5400232.0,4424,4469527.0,5320521.0,317,1,253,4461570.0,5401891.0,35,2,1,True,35028
1506297,406,4472041.5,5393724.5,60,4441855.018696251,5419362.001784416,NHBW,1037,48.98577734375,43.24018961588541,166.66666666666666,166.66666666666666,166.66666666666666,autoDriver,830,,4458440.5,5400232.0,4424,4469527.0,5320521.0,317,1,253,4461570.0,5401891.0,35,2,1,True,35028
1506298,406,4472041.5,5393724.5,1163,4468792.551534113,5385294.153930903,NHBW,1037,11.5363525390625,10.762411499023438,361.2775333333333,166.66666666666666,166.66666666666666,bicycle,746,,4458440.5,5400232.0,4424,4469527.0,5320521.0,317,1,253,4461570.0,5401891.0,35,2,1,True,35028
1506299,406,4472041.5,5393724.5,348,4462640.227209418,5401621.035652729,NHBW,1037,18.0514765625,16.379972330729167,378.53411666666665,378.53411666666665,166.66666666666666,bicycle,781,,4458440.5,5400232.0,4424,4469527.0,5320521.0,317,1,253,4461570.0,5401891.0,35,2,1,True,35028
1506300,406,4472041.5,5393724.5,356,4462806.508308322,5398041.713709964,NHBW,1037,12.9951162109375,12.17570292154948,423.9034166666667,394.9034166666667,166.66666666666666,autoDriver,806,,4458440.5,5400232.0,4424,4469527.0,5320521.0,317,1,253,4461570.0,5401891.0,35,2,1,True,35028
1506303,365,4456484.0,5393830.0,249,4460324.855775065,5401837.311897949,NHBW,1038,14.0349453125,11.877009073893229,166.66666666666666,166.66666666666666,166.66666666666666,tramOrMetro,546,,4456266.5,5404228.0,1690,4468968.5,5348940.5,171,1,233,4459043.0,5403419.0,40,2,1,True,3876
1506307,365,4457763.0,5394115.5,144,4457485.975090318,5405693.828011604,NHBW,1043,19.975208984375,17.707609049479167,76.20485833333333,59.421525,166.66666666666666,autoDriver,845,,4459146.0,5401962.5,488,4415388.5,5372996.5,247,1,140,4456571.0,5405677.0,48,1,1,True,24276
1506308,365,4457763.0,5394115.5,327,4455484.078139956,5394727.534008312,NHBW,1043,6.5361162109375,6.619658406575521,179.6247,166.66666666666666,166.66666666666666,autoDriver,537,,4459146.0,5401962.5,488,4415388.5,5372996.5,247,1,140,4456571.0,5405677.0,48,1,1,True,24276
1506309,365,4457763.0,5394115.5,717,4418675.314813936,5361148.278875476,NHBW,1043,67.7981953125,49.59307047526042,365.42603333333335,122.215975,166.66666666666666,autoDriver,743,,4459146.0,5401962.5,488,4415388.5,5372996.5,247,1,140,4456571.0,5405677.0,48,1,1,True,24276
1506328,253,4461965.250709275,5402146.079976425,409,4471567.490585249,5388972.303088732,NHBW,1060,23.262529296875,16.169405110677083,285.6381666666667,169.92148333333336,166.66666666666666,autoDriver,821,,4456162.5,5399506.5,869,4424393.5,5361928.0,319,0,164,4453254.0,5404918.5,85,2,2,True,14472
1506343,144,4457565.5,5405283.5,165,4455985.089908127,5405593.028546474,NHBW,1066,3.4155908203125,4.309925842285156,21.84698,166.66666666666666,166.66666666666666,walk,749,,4457558.0,5397640.5,551,4436744.0,5369372.5,333,0,347,4461300.0,5401206.0,37,2,1,True,43692
1506363,347,4461453.5,5401552.5,205,4457690.688577129,5403285.495823083,NHBW,1085,5.27164697265625,7.241281127929687,17.331348333333334,166.66666666666666,166.66666666666666,autoDriver,842,,4457167.5,5400757.5,3852,4473960.5,5332190.5,300,0,143,4457084.0,5405002.0,25,1,1,True,16320
1506364,347,4461453.5,5401552.5,129,4453715.897982177,5406788.907594636,NHBW,1085,12.285087890625,16.67806599934896,49.745066666666666,166.66666666666666,166.66666666666666,bicycle,886,,4457167.5,5400757.5,3852,4473960.5,5332190.5,300,0,143,4457084.0,5405002.0,25,1,1,True,16320
1506383,9,4430135.5,5402593.0,286,4451313.376488323,5396691.574887646,NHBW,1106,30.686978515625,25.66459757486979,200.04771666666664,154.04771666666664,166.66666666666666,autoDriver,847,,4457299.5,5401182.5,937,4416870.0,5356022.0,305,1,145,4458064.0,5405052.5,37,2,1,True,13200
1506384,9,4430135.5,5402593.0,28,4439421.285053239,5399414.856028399,NHBW,1106,19.027140625,15.525662231445311,84.73801666666667,166.66666666666666,166.66666666666666,bus,489,,4457299.5,5401182.5,937,4416870.0,5356022.0,305,1,145,4458064.0,5405052.5,37,2,1,True,13200
1506394,2,4438657.5,5418966.5,1060,4424134.433566322,5348257.184425411,NHBW,1115,88.0965859375,82.25052897135417,479.2278,170.61111666666665,459.2278,autoDriver,770,,4456129.5,5399698.5,8,4442044.5,5429253.0,319,1,184,4457372.5,5404651.0,42,2,1,True,10704
1506400,1110,4460394.0,5386503.5,371,4460691.964140887,5391528.396677164,NHBW,1116,7.33472119140625,7.445123799641927,59.06090833333334,166.66666666666666,166.66666666666666,walk,780,,4458341.5,5401434.5,2337,4493096.5,5349677.0,307,1,224,4459394.5,5404503.5,20,2,1,True,6360
1506408,375,4470809.0,5410715.0,249,4460160.614080403,5401862.324083836,NHBW,1124,17.058177734375,16.852145385742187,166.66666666666666,166.66666666666666,166.66666666666666,autoDriver,1065,,4458204.5,5402020.0,3551,4466509.0,5331508.0,212,2,145,4458057.5,5405151.0,31,1,1,True,21204
1506409,375,4470809.0,5410715.0,161,4454896.539410389,5402915.052901619,NHBW,1124,19.392251953125,21.46780802408854,70.85901666666666,166.66666666666666,166.66666666666666,autoDriver,566,,4458204.5,5402020.0,3551,4466509.0,5331508.0,212,2,145,4458057.5,5405151.0,31,1,1,True,21204
1506410,375,4470809.0,5410715.0,1366,4460268.261603033,5347892.844003908,NHBW,1124,85.9198359375,56.83489990234375,334.0709,138.60298333333333,326.0469,autoDriver,1016,,4458204.5,5402020.0,3551,4466509.0,5331508.0,212,2,145,4458057.5,5405151.0,31,1,1,True,21204
1506427,309,4458254.5,5401090.0,165,4455666.131790394,5405417.057726344,NHBW,1139,5.84518115234375,7.799076843261719,15.888102166666666,166.66666666666666,166.66666666666666,bus,1080,,4456866.5,5401597.0,1589,4472192.5,5351290.0,297,0,140,4457055.0,5405881.0,36,2,1,False,5328
1506435,161,4454982.985115755,5403164.173398687,115,4460406.792285178,5407742.986721357,NHBW,1145,8.737580078125001,10.844007364908856,67.34076666666667,166.66666666666666,166.66666666666666,walk,770,,4456451.5,5404785.0,772,4416428.0,5358410.0,172,2,189,4458600.0,5404749.0,67,1,2,True,21468
1506436,44,4461310.679239647,5432521.074020844,81,4473532.845380822,5427442.180447885,NHBW,1145,18.107625,17.98604532877604,270.62126666666666,166.66666666666666,166.66666666666666,autoDriver,857,,4456451.5,5404785.0,772,4416428.0,5358410.0,172,2,189,4458600.0,5404749.0,67,1,2,True,21468
1506444,292,4448313.0,5392814.0,363,4467219.561901555,5400407.01276312,NHBW,1156,19.744431640625,19.217041015625,166.66666666666666,319.4748666666666,166.66666666666666,autoDriver,760,,4459658.0,5401055.5,442,4396535.5,5363690.0,340,1,230,4460174.0,5404449.5,28,2,1,True,22956
1506445,292,4448313.0,5392814.0,482,4431997.745484396,5385287.281341312,NHBW,1156,20.3969375,24.52018432617188,16.5765025,166.66666666666666,166.66666666666666,autoDriver,719,,4459658.0,5401055.5,442,4396535.5,5363690.0,340,1,230,4460174.0,5404449.5,28,2,1,True,22956
1506484,1178,4484814.5,5387597.0,362,4463433.480344838,5397284.301088499,NHBW,1203,37.8731796875,25.283186848958334,166.66666666666666,166.66666666666666,166.66666666666666,autoDriver,722,,4458517.0,5400601.0,2686,4457938.5,5332087.5,316,1,297,4456873.0,5401342.0,35,2,1,True,8388
1506489,104,4446769.5,5409826.0,4,4439236.592300535,5417790.898715555,NHBW,1207,12.469921875,10.277337646484376,158.0992666666667,166.66666666666666,166.66666666666666,autoDriver,463,,4456827.5,5404692.5,636,4408427.5,5339357.0,172,2,144,4457852.5,5405105.0,23,2,1,True,14364
1506490,104,4446769.5,5409826.0,92,4450485.082067168,5411100.917086626,NHBW,1207,4.30256640625,2.6666666666666665,206.70176666666663,95.20269333333334,166.66666666666666,bicycle,518,,4456827.5,5404692.5,636,4408427.5,5339357.0,172,2,144,4457852.5,5405105.0,23,2,1,True,14364
1506497,407,4476392.0,5392953.0,1176,4483762.984429749,5387855.0889521735,NHBW,1212,12.69076171875,11.320916748046876,371.6833333333333,371.6833333333333,166.66666666666666,autoDriver,838,,4458690.5,5398841.5,1246,4453392.5,5358210.5,326,0,348,4463359.5,5402925.5,43,2,1,True,26988
1506498,407,4476392.0,5392953.0,256,4467255.93874189,5402357.399465634,NHBW,1212,19.253619140625,20.72626953125,355.75576666666666,177.2975,166.66666666666666,walk,799,,4458690.5,5398841.5,1246,4453392.5,5358210.5,326,0,348,4463359.5,5402925.5,43,2,1,True,26988
1506516,198,4458284.121128646,5403304.509406291,141,4456920.356570132,5405316.264321671,NHBW,1232,3.054708251953125,3.916323089599609,11.768055,166.66666666666666,166.66666666666666,walk,1036,,4457607.5,5404170.0,636,4408427.5,5339357.0,186,1,339,4458895.0,5401307.5,36,2,2,True,8292
1506525,122,4463489.5,5408327.5,315,4458190.469149961,5400752.142355478,NHBW,1245,13.5547275390625,12.765352376302085,48.84708333333333,166.66666666666666,166.66666666666666,autoDriver,777,,4461787.0,5403924.5,2867,4463012.5,5333735.0,242,1,190,4458100.5,5404131.0,26,2,1,True,18636
1506526,122,4463489.5,5408327.5,244,4459936.68261325,5402523.434622554,NHBW,1245,11.67876171875,11.605465698242188,48.389595,166.66666666666666,166.66666666666666,autoDriver,341,,4461787.0,5403924.5,2867,4463012.5,5333735.0,242,1,190,4458100.5,5404131.0,26,2,1,True,18636
1506531,15,4430100.5,5402719.5,308,4458570.028303808,5401343.390130924,NHBW,1246,33.4908515625,34.48377278645833,622.9267500000001,41.92096333333333,166.66666666666666,autoDriver,1126,,4456919.5,5404530.0,403,4471101.0,5393784.0,173,0,178,4455843.5,5403552.5,41,1,1,True,51888
1506532,15,4430100.5,5402719.5,22,4438122.155942548,5400623.435352723,NHBW,1246,12.597306640625,9.680477905273438,166.66666666666666,50.912056666666665,166.66666666666666,bicycle,927,,4456919.5,5404530.0,403,4471101.0,5393784.0,173,0,178,4455843.5,5403552.5,41,1,1,True,51888
1506533,15,4430100.5,5402719.5,284,4445232.27948607,5399723.239381319,NHBW,1246,19.86891796875,18.068424479166666,166.66666666666666,54.21848333333333,166.66666666666666,autoDriver,1086,,4456919.5,5404530.0,403,4471101.0,5393784.0,173,0,178,4455843.5,5403552.5,41,1,1,True,51888
1506534,15,4430100.5,5402719.5,30,4439012.685038898,5399163.175912025,NHBW,1246,16.082427734375,13.982868448893228,166.66666666666666,39.42676666666667,166.66666666666666,autoDriver,727,,4456919.5,5404530.0,403,4471101.0,5393784.0,173,0,178,4455843.5,5403552.5,41,1,1,True,51888
1506535,15,4430100.5,5402719.5,15,4432418.145525596,5405280.303415565,NHBW,1246,3.2713046875000003,3.2174532572428385,186.4017,166.66666666666666,166.66666666666666,walk,888,,4456919.5,5404530.0,403,4471101.0,5393784.0,173,0,178,4455843.5,5403552.5,41,1,1,True,51888
1506544,196,4458267.0,5403968.5,228,4460243.959969392,5404815.416049785,NHBW,1261,2.735906982421875,4.063797760009765,10.160033333333333,166.66666666666666,166.66666666666666,walk,752,,4459840.5,5404121.0,4156,4472877.0,5329721.5,229,1,144,4457333.5,5405161.0,55,1,1,True,30396
1506547,249,4459817.0,5401779.5,104,4446539.862360933,5409864.973151084,NHBW,1262,23.49820703125,20.22178955078125,166.66666666666666,166.66666666666666,166.66666666666666,autoDriver,770,,4456308.0,5400429.5,441,4396400.5,5363729.5,298,0,141,4457002.5,5405558.5,42,2,1,True,29868
1506548,249,4459817.0,5401779.5,197,4458629.841549521,5403897.727493304,NHBW,1262,4.10119921875,3.997886149088542,166.66666666666666,166.66666666666666,166.66666666666666,autoDriver,778,,4456308.0,5400429.5,441,4396400.5,5363729.5,298,0,141,4457002.5,5405558.5,42,2,1,True,29868
1506549,249,4459817.0,5401779.5,355,4461499.183344363,5397215.098430212,NHBW,1262,5.878166015625,3.353333282470703,166.66666666666666,166.66666666666666,166.66666666666666,autoDriver,715,,4456308.0,5400429.5,441,4396400.5,5363729.5,298,0,141,4457002.5,5405558.5,42,2,1,True,29868
1506564,347,4461635.757166418,5401254.631597617,253,4461982.088277752,5401866.876353391,NHBW,1276,1.0663419189453125,1.2881502787272134,34.06993166666666,166.66666666666666,166.66666666666666,walk,1136,,4459559.5,5400091.5,4570,4453202.5,5290721.5,349,2,99,4451834.0,5402627.5,27,1,3,False,0
1506565,224,4459464.957069499,5404811.634718558,346,4460777.679956561,5401352.264790153,NHBW,1276,4.62848681640625,4.156003824869791,18.26026,166.66666666666666,166.66666666666666,walk,557,,4459559.5,5400091.5,4570,4453202.5,5290721.5,349,2,99,4451834.0,5402627.5,27,1,3,False,0
1506566,189,4458463.100618952,5404707.737263677,355,4461555.045902609,5397001.993699185,NHBW,1276,10.150583984375,7.425515747070312,39.91674,166.66666666666666,166.66666666666666,autoDriver,696,,4459559.5,5400091.5,4570,4453202.5,5290721.5,349,2,99,4451834.0,5402627.5,27,1,3,False,0
1506571,187,4457705.0,5404436.5,348,4461606.491190071,5400249.211936826,NHBW,1279,8.3772431640625,8.703421020507813,24.534098333333333,24.041166666666665,166.66666666666666,walk,559,,4458893.0,5401673.0,1047,4417878.0,5348755.0,339,2,155,4455416.0,5403622.5,52,1,1,True,10596
1506582,131,4454125.0,5406980.5,172,4456633.502070353,5404681.82864556,NHBW,1288,7.58675830078125,11.111088053385416,28.576066666666662,27.630413333333333,166.66666666666666,autoDriver,1198,,4456755.0,5397334.0,4922,4526293.0,5302325.0,332,0,346,4460703.0,5401245.0,22,2,1,True,17796
1506601,175,4457213.0,5404344.5,164,4452493.770476003,5404722.343586629,NHBW,1310,3.4160800781250003,4.509517415364583,12.716255666666664,166.66666666666666,166.66666666666666,bus,800,,4458325.0,5399889.5,3894,4475162.0,5331936.5,324,0,143,4457215.5,5405242.5,29,1,1,True,11076
1506605,197,4458724.0,5403978.5,193,4457697.586274821,5403903.774130852,NHBW,1318,1.2554327392578126,1.71999994913737,166.66666666666666,166.66666666666666,166.66666666666666,autoDriver,1212,,4456881.5,5400927.0,800,4418765.5,5359262.0,297,2,185,4457665.5,5404829.0,30,1,1,True,9480
1506609,249,4459733.0,5401708.0,155,4455456.381346788,5403410.808176553,NHBW,1321,8.024248046875,8.766666666666666,166.66666666666666,166.66666666666666,166.66666666666666,autoPassenger,774,,4459177.0,5404975.5,3286,4465414.0,5334971.0,216,1,144,4457826.0,5405353.0,48,2,1,True,13368
1506622,197,4458724.0,5403978.5,273,4441374.981022224,5399750.654965479,NHBW,1336,22.023212890625,23.005904134114584,97.98081666666668,85.98081666666667,166.66666666666666,autoDriver,1106,,4457158.5,5404191.5,4625,4487480.0,5293974.0,175,1,347,4461580.5,5401514.0,54,2,1,True,11280
1506629,75,4468463.0,5433644.5,2126,4514658.42799257,5380939.369519743,NHBW,1342,92.429765625,73.32473958333333,921.7793,290.28388333333334,166.66666666666666,autoDriver,716,,4456645.5,5396946.5,208,4458237.0,5402559.0,334,1,144,4457333.5,5405161.0,49,1,1,True,30036
1506643,145,4458215.0,5404919.0,308,4458783.94697208,5401418.088951781,NHBW,1355,4.000646240234375,5.22704569498698,29.05189833333333,30.41418333333333,166.66666666666666,autoDriver,502,,4456816.5,5404950.5,2247,4537515.0,5388514.5,142,0,140,4456985.0,5406125.5,41,2,1,True,18960
1506658,253,4461512.0,5401904.5,1088,4447002.061348413,5384009.7222828055,NHBW,1370,26.315318359375,26.62811482747396,342.2406833333333,86.01151666666667,166.66666666666666,autoDriver,446,,4456100.5,5403334.5,2987,4453448.5,5325228.5,179,1,208,4458584.5,5403139.0,46,1,1,True,29976
1506664,318,4458688.5,5400107.5,145,4458689.869220893,5405488.126339736,NHBW,1375,5.4588525390625,7.174223836263021,45.55212333333333,166.66666666666666,166.66666666666666,autoDriver,1072,,4456946.0,5404224.0,199,4458722.5,5403602.5,175,0,182,4456837.0,5403305.5,31,1,1,True,10068
1506688,255,4463737.395260311,5402987.352187013,233,4459050.063168074,5403670.944856216,NHBW,1409,6.208693359375,5.961295572916667,18.361375,166.66666666666666,166.66666666666666,walk,611,,4455724.5,5407523.5,3370,4468838.5,5337072.5,136,1,165,4455828.0,5405076.0,32,2,2,True,19848
1506689,99,4452040.288703237,5402874.237718039,180,4456701.960163088,5403829.10705499,NHBW,1409,6.05257861328125,7.297208658854166,23.061688333333333,166.66666666666666,166.66666666666666,autoDriver,1119,,4455724.5,5407523.5,3370,4468838.5,5337072.5,136,1,165,4455828.0,5405076.0,32,2,2,True,19848
1506697,161,4455543.139730856,5402732.436212468,251,4461264.254087654,5403225.521262837,NHBW,1420,7.32054736328125,9.415689086914062,35.546776666666666,166.66666666666666,166.66666666666666,walk,425,,4457646.5,5403390.0,2758,4463558.0,5336703.5,194,1,253,4461487.0,5401866.5,59,2,2,True,8136
1506701,327,4455636.5,5398538.0,242,4461470.527285739,5403482.437449743,NHBW,1426,18.2176953125,14.15406290690104,55.33872,166.66666666666666,166.66666666666666,walk,499,,4457964.0,5402782.0,3660,4468624.0,5332762.5,207,0,348,4463366.0,5403002.0,44,2,1,True,22524
1506702,327,4455636.5,5398538.0,362,4463507.648858878,5397068.01868675,NHBW,1426,10.4896826171875,9.304196166992188,197.30755,166.66666666666666,166.66666666666666,autoDriver,1343,,4457964.0,5402782.0,3660,4468624.0,5332762.5,207,0,348,4463366.0,5403002.0,44,2,1,True,22524
1506703,327,4455636.5,5398538.0,182,4456597.5739527205,5403512.849618014,NHBW,1426,12.5621064453125,13.78826904296875,47.46583333333333,166.66666666666666,166.66666666666666,bicycle,1021,,4457964.0,5402782.0,3660,4468624.0,5332762.5,207,0,348,4463366.0,5403002.0,44,2,1,True,22524
1506713,132,4455248.5,5406032.0,132,4454890.753191038,5405889.240225729,NHBW,1429,0.7266630249023438,1.1753917694091798,9.742024999999998,166.66666666666666,166.66666666666666,autoDriver,694,,4458741.5,5404363.0,4199,4473267.0,5329406.5,191,1,348,4463366.0,5403002.0,36,1,1,True,37440
1506715,143,4456997.0,5405220.5,222,4460421.956543693,5406053.83484562,NHBW,1430,4.79546533203125,6.043218994140625,2.2580093333333333,166.66666666666666,166.66666666666666,autoDriver,610,,4456423.5,5403886.5,827,4419724.5,5358914.5,177,1,225,4459219.5,5404196.5,32,2,1,True,16212
1506716,143,4456997.0,5405220.5,105,4455062.626445234,5411791.786023246,NHBW,1430,17.89975390625,19.12236328125,55.52381166666667,166.66666666666666,166.66666666666666,autoDriver,823,,4456423.5,5403886.5,827,4419724.5,5358914.5,177,1,225,4459219.5,5404196.5,32,2,1,True,16212
1506717,143,4456997.0,5405220.5,251,4461664.905293027,5402747.067027015,NHBW,1430,6.36808984375,8.137412516276042,23.76344333333333,166.66666666666666,166.66666666666666,walk,751,,4456423.5,5403886.5,827,4419724.5,5358914.5,177,1,225,4459219.5,5404196.5,32,2,1,True,16212
1506725,301,4456493.197873199,5400487.936468278,329,4456124.002476122,5398205.280087382,NHBW,1436,3.2899880371093757,4.931128438313802,19.261341666666667,166.66666666666666,166.66666666666666,autoDriver,542,,4461915.5,5404010.5,1765,4466886.0,5341307.0,242,0,144,4457452.0,5405038.5,18,1,3,True,0
1506730,145,4458064.0,5405052.5,384,4480785.706886625,5404727.135290998,NHBW,1439,30.1515703125,21.48222452799479,51.28637666666667,166.66666666666666,166.66666666666666,autoDriver,817,,4459067.5,5404819.5,165,4456026.0,5404718.5,223,1,185,4457681.0,5404681.5,52,2,1,True,19476
1506740,255,4463853.5,5402689.5,210,4458224.676875414,5402301.52638731,NHBW,1446,8.205833007812501,8.6615966796875,37.44045833333333,166.66666666666666,166.66666666666666,autoDriver,723,,4458393.5,5400471.0,551,4436847.5,5369254.0,317,1,188,4458251.5,5404848.5,55,1,1,True,23508
1506746,190,4458323.0,5404118.0,187,4457941.825031902,5404443.123710775,NHBW,1449,1.3399166259765625,1.7868582407633464,9.509633333333332,166.66666666666666,166.66666666666666,autoDriver,768,,4457696.5,5402824.5,4332,4478247.5,5332620.0,207,1,347,4461795.5,5401052.0,25,2,1,True,13500
1506747,248,4459446.5,5401923.5,1174,4473708.788882825,5377620.201221762,NHBW,1450,32.032638671875,22.14822184244792,263.13526666666667,193.34211666666667,166.66666666666666,autoDriver,1123,,4459778.5,5400934.0,4943,4524698.5,5293864.5,340,0,348,4463401.5,5402753.5,35,1,1,True,26460
1506750,355,4461533.0,5397363.0,356,4462156.273695052,5398479.089188033,NHBW,1453,1.784784912109375,2.6244857788085936,8.981535833333334,166.66666666666666,166.66666666666666,autoDriver,1091,,4459807.0,5403866.5,1780,4469046.0,5341590.0,235,0,348,4463475.5,5402807.5,42,1,1,True,37140
1506757,81,4476904.0,5425725.5,397,4477873.2376542,5401980.340960449,NHBW,1457,33.86701953125,35.94918619791667,320.74300000000005,309.88925,166.66666666666666,autoDriver,717,,4456428.0,5407511.5,560,4396316.0,5357898.0,137,2,140,4456743.0,5406346.0,32,2,1,True,21456
1506769,1714,4475621.5,5347610.5,1902,4471011.301116682,5340313.22427684,NHBW,1466,10.5276767578125,11.852435302734374,42.71478666666667,166.66666666666666,16.918769333333334,autoDriver,627,,4451924.5,5404553.5,55,4440667.5,5417230.0,98,0,153,4455516.5,5403899.0,36,2,1,True,32616
1506770,1714,4475621.5,5347610.5,1670,4490806.344170528,5353741.004898141,NHBW,1466,21.77095703125,21.02195434570313,112.24455,81.83705,166.66666666666666,autoDriver,748,,4451924.5,5404553.5,55,4440667.5,5417230.0,98,0,153,4455516.5,5403899.0,36,2,1,True,32616
1506771,1714,4475621.5,5347610.5,3042,4464228.978065985,5330842.737948034,NHBW,1466,25.27380859375,23.98570556640625,97.3381,166.66666666666666,33.928795,autoDriver,715,,4451924.5,5404553.5,55,4440667.5,5417230.0,98,0,153,4455516.5,5403899.0,36,2,1,True,32616
1506778,346,4460998.5,5401263.0,252,4461062.188438763,5402227.7242522165,NHBW,1473,2.74926611328125,3.461432393391927,166.66666666666666,166.66666666666666,166.66666666666666,walk,777,,4457946.0,5404133.0,2126,4514763.0,5379856.0,187,0,140,4456697.5,5405594.0,54,1,1,True,33144
1506779,346,4460998.5,5401263.0,354,4461323.807625127,5398112.967218396,NHBW,1473,8.11993359375,6.244331868489583,48.14048666666667,166.66666666666666,166.66666666666666,walk,1019,,4457946.0,5404133.0,2126,4514763.0,5379856.0,187,0,140,4456697.5,5405594.0,54,1,1,True,33144
1506790,96,4444091.0,5405927.5,378,4472825.4452842185,5403709.428472258,NHBW,1484,36.31180859375,34.75181884765625,188.28411666666668,166.66666666666666,166.66666666666666,autoDriver,994,,4462176.0,5403693.5,3501,4468079.5,5334383.0,254,0,347,4461335.0,5401081.0,44,2,1,True,15204
