driving license_no,driving license_yes,gender_female,gender_male,employment_employed,employment_student,employment_unemployed,Purpose_Home-based education,Purpose_Home-based other,Purpose_Home-based recreation,Purpose_Home-based shopping,Purpose_Home-based work,Purpose_Non-home-based other,Purpose_Non-home-based work,age,monthly income,household car,coordx_hh,coordy_hh,coordx_sch,coordy_sch,coordx_job,coordy_job,distance,time_auto,time_bus,time_train,time_tram_metro,origin,destination,household_zone,school_zone,job_zone,departure_time,departure_time_return,mode
0.0,1.0,0.0,1.0,1.0,0.0,0.0,0.0,0.0,0.0,0.0,1.0,0.0,0.0,2.0,9.0,1.0,4459357.5,5404594.5,4466840.5,5333328.5,4458584.5,5403139.0,5.6593476562500005,7.731978861490885,25.601961666666668,166.66666666666666,166.66666666666666,307.0,150.0,224.0,3490.0,208.0,654.0,804.0,4.0
1.0,0.0,1.0,0.0,1.0,0.0,0.0,0.0,0.0,0.0,0.0,1.0,0.0,0.0,2.0,9.0,1.0,4459635.5,5404950.5,4416457.0,5385187.0,4456029.5,5405334.5,35.8358046875,31.491703287760416,132.35271,166.66666666666666,166.66666666666666,307.0,62.0,217.0,38.0,165.0,560.0,759.0,4.0
0.0,1.0,0.0,1.0,1.0,0.0,0.0,0.0,0.0,0.0,0.0,1.0,0.0,0.0,2.0,9.0,0.0,4456909.5,5404174.5,4476952.5,5305155.0,4459782.0,5400204.0,3.7057646484375,4.7559972127278645,29.82395,166.66666666666666,166.66666666666666,217.0,210.0,175.0,4588.0,345.0,566.0,1082.0,4.0
0.0,1.0,1.0,0.0,1.0,0.0,0.0,0.0,0.0,0.0,0.0,1.0,0.0,0.0,1.0,9.0,1.0,4447776.0,5404714.0,4420226.0,5326492.5,4460757.0,5401208.5,7.1937324218750005,8.885196940104166,277.2063166666667,166.66666666666666,166.66666666666666,97.0,104.0,98.0,2418.0,346.0,439.0,1033.0,1.0
0.0,1.0,0.0,1.0,1.0,0.0,0.0,0.0,0.0,0.0,0.0,1.0,0.0,0.0,1.0,9.0,1.0,4456444.5,5406434.5,4412426.5,5375911.5,4456697.5,5405594.0,9.7155654296875,10.846780395507812,71.43400833333334,166.66666666666666,166.66666666666666,97.0,133.0,140.0,449.0,140.0,365.0,937.0,1.0
0.0,1.0,0.0,1.0,1.0,0.0,0.0,0.0,0.0,0.0,0.0,1.0,0.0,0.0,3.0,9.0,0.0,4459260.0,5403390.0,4469422.5,5331735.5,4455966.5,5397096.0,8.07601708984375,8.403016662597656,31.000765,166.66666666666666,166.66666666666666,219.0,348.0,234.0,3695.0,331.0,449.0,1110.0,4.0
0.0,1.0,1.0,0.0,1.0,0.0,0.0,0.0,0.0,0.0,0.0,1.0,0.0,0.0,5.0,9.0,0.0,4455034.5,5403942.0,4474798.5,5353037.5,4461551.0,5401820.5,56.498171875,41.494771321614586,107.07183333333334,166.66666666666666,166.66666666666666,254.0,1213.0,152.0,1581.0,253.0,396.0,731.0,1.0
0.0,1.0,0.0,1.0,1.0,0.0,0.0,0.0,0.0,0.0,0.0,1.0,0.0,0.0,3.0,9.0,0.0,4456652.5,5403668.0,4431066.0,5344851.5,4458717.0,5401331.5,6.8171953125,8.716914876302083,166.66666666666666,166.66666666666666,166.66666666666666,101.0,127.0,182.0,1074.0,308.0,392.0,699.0,1.0
0.0,1.0,1.0,0.0,1.0,0.0,0.0,0.0,0.0,0.0,0.0,1.0,0.0,0.0,2.0,9.0,0.0,4456456.5,5404915.5,4446216.5,5338439.5,4458475.0,5402320.5,7.968109375,10.385831705729167,41.16307,166.66666666666666,166.66666666666666,148.0,250.0,142.0,1319.0,211.0,401.0,942.0,1.0
0.0,1.0,0.0,1.0,1.0,0.0,0.0,0.0,0.0,0.0,0.0,1.0,0.0,0.0,1.0,9.0,2.0,4456712.0,5407911.5,4449318.0,5341578.0,4457622.5,5404833.5,8.24019921875,11.201010131835938,36.249966666666666,166.66666666666666,166.66666666666666,148.0,346.0,138.0,1321.0,184.0,452.0,1149.0,1.0
1.0,0.0,0.0,1.0,1.0,0.0,0.0,0.0,0.0,0.0,0.0,1.0,0.0,0.0,2.0,9.0,0.0,4454585.5,5403703.5,4463687.0,5309696.0,4455843.5,5404093.5,2.2755378417968752,3.537678527832031,7.596860833333333,166.66666666666666,166.66666666666666,205.0,231.0,149.0,4549.0,176.0,468.0,1033.0,5.0
0.0,1.0,1.0,0.0,1.0,0.0,0.0,0.0,0.0,0.0,0.0,1.0,0.0,0.0,4.0,9.0,1.0,4458244.5,5403480.0,4452017.5,5343078.5,4461513.0,5401573.5,1.672876953125,2.6907808939615885,1.7125206666666666,166.66666666666666,166.66666666666666,340.0,308.0,198.0,1308.0,347.0,720.0,1318.0,2.0
0.0,1.0,0.0,1.0,1.0,0.0,0.0,0.0,0.0,0.0,0.0,1.0,0.0,0.0,3.0,9.0,0.0,4455072.0,5403340.0,4473599.0,5334252.0,4457278.0,5405323.5,3.60026416015625,5.209860229492188,15.104716666666668,14.65952,166.66666666666666,244.0,195.0,154.0,3814.0,144.0,425.0,1080.0,3.0
0.0,1.0,0.0,1.0,1.0,0.0,0.0,0.0,0.0,0.0,0.0,1.0,0.0,0.0,4.0,9.0,1.0,4460195.5,5403740.0,4536602.0,5389760.0,4461206.5,5400939.0,3.9407333984375,6.0391693115234375,16.508558333333333,166.66666666666666,166.66666666666666,315.0,346.0,236.0,2054.0,346.0,389.0,921.0,1.0
0.0,1.0,1.0,0.0,1.0,0.0,0.0,0.0,0.0,0.0,0.0,1.0,0.0,0.0,4.0,9.0,0.0,4457115.5,5400985.5,4533772.5,5387332.0,4457325.5,5404596.5,9.0492255859375,9.255877685546874,40.75595,166.66666666666666,166.66666666666666,315.0,327.0,297.0,2230.0,184.0,461.0,1113.0,1.0
0.0,1.0,0.0,1.0,1.0,0.0,0.0,0.0,0.0,0.0,0.0,1.0,0.0,0.0,3.0,9.0,1.0,4459875.0,5400372.5,4451086.0,5335179.0,4463475.5,5402807.5,1.8293101806640624,2.840826924641927,27.146986666666663,166.66666666666666,166.66666666666666,349.0,324.0,345.0,2564.0,348.0,482.0,987.0,5.0
0.0,1.0,1.0,0.0,1.0,0.0,0.0,0.0,0.0,0.0,0.0,1.0,0.0,0.0,2.0,9.0,0.0,4458001.0,5400565.0,4460063.5,5342235.0,4458063.5,5402470.0,35.49829296875,34.35000406901042,166.66666666666666,166.66666666666666,166.66666666666666,245.0,39.0,312.0,1430.0,210.0,1225.0,340.0,1.0
0.0,1.0,1.0,0.0,1.0,0.0,0.0,0.0,0.0,0.0,0.0,1.0,0.0,0.0,3.0,9.0,0.0,4459755.5,5405362.0,4472713.0,5330110.5,4459733.5,5400132.0,18.10130078125,15.418772379557293,37.17976,19.40835,166.66666666666666,242.0,399.0,218.0,4150.0,345.0,567.0,1086.0,3.0
0.0,1.0,0.0,1.0,1.0,0.0,0.0,0.0,0.0,0.0,0.0,1.0,0.0,0.0,2.0,9.0,1.0,4458508.5,5404509.5,4463637.0,5335663.0,4458474.5,5400413.0,4.983409667968751,7.3627685546874995,26.6683,166.66666666666666,166.66666666666666,324.0,244.0,189.0,2781.0,318.0,416.0,609.0,2.0
0.0,1.0,0.0,1.0,1.0,0.0,0.0,0.0,0.0,0.0,0.0,1.0,0.0,0.0,3.0,9.0,0.0,4459409.5,5401827.0,4468830.0,5340984.5,4458841.0,5402416.5,12.724548828125,15.566316731770833,48.79236166666667,166.66666666666666,166.66666666666666,336.0,99.0,248.0,1781.0,211.0,743.0,83.0,1.0
0.0,1.0,1.0,0.0,1.0,0.0,0.0,0.0,0.0,0.0,0.0,1.0,0.0,0.0,3.0,3.0,0.0,4454828.5,5403977.0,4462414.5,5328884.5,4457171.5,5405001.5,6.5068383789062505,8.79569600423177,20.385175,166.66666666666666,166.66666666666666,336.0,205.0,149.0,3069.0,143.0,483.0,1005.0,1.0
0.0,1.0,1.0,0.0,0.0,1.0,0.0,0.0,0.0,0.0,0.0,1.0,0.0,0.0,1.0,0.0,1.0,4458454.5,5401030.5,4465565.0,5329203.5,4460916.0,5405727.5,4.88858154296875,7.69056396484375,42.74221666666666,166.66666666666666,166.66666666666666,336.0,339.0,310.0,3985.0,239.0,516.0,1042.0,1.0
0.0,1.0,0.0,1.0,1.0,0.0,0.0,0.0,0.0,0.0,0.0,1.0,0.0,0.0,2.0,9.0,1.0,4458601.5,5401041.5,4462371.0,5333121.5,4457705.0,5404436.5,48.94615234375,48.52064615885416,344.1929666666667,166.66666666666666,166.66666666666666,313.0,7.0,310.0,2874.0,187.0,617.0,1211.0,1.0
0.0,1.0,1.0,0.0,1.0,0.0,0.0,0.0,0.0,0.0,0.0,1.0,0.0,0.0,2.0,9.0,1.0,4456558.5,5408159.0,4461444.0,5330760.5,4461487.0,5401866.5,5.2832451171875,8.23714345296224,28.203648333333334,166.66666666666666,166.66666666666666,313.0,346.0,134.0,3007.0,253.0,604.0,1203.0,1.0
0.0,1.0,1.0,0.0,1.0,0.0,0.0,0.0,0.0,0.0,0.0,1.0,0.0,0.0,3.0,9.0,0.0,4456324.0,5404296.0,4467717.0,5336057.5,4459919.5,5404036.5,19.554158203125,15.296994018554686,32.17975833333333,14.475016666666669,166.66666666666666,340.0,399.0,171.0,3320.0,235.0,774.0,1393.0,3.0
0.0,1.0,0.0,1.0,1.0,0.0,0.0,0.0,0.0,0.0,0.0,1.0,0.0,0.0,1.0,9.0,0.0,4446635.5,5403341.5,4468594.5,5334818.0,4458895.0,5401307.5,1.148177734375,1.7369340260823567,0.8881020833333333,166.66666666666666,166.66666666666666,168.0,165.0,97.0,3437.0,339.0,450.0,837.0,5.0
0.0,1.0,0.0,1.0,1.0,0.0,0.0,0.0,0.0,0.0,0.0,1.0,0.0,0.0,1.0,9.0,0.0,4461550.5,5401826.0,4510068.5,5300043.0,4461494.0,5401279.5,21.1636953125,22.77733154296875,49.68531833333333,166.66666666666666,166.66666666666666,222.0,284.0,253.0,4882.0,347.0,578.0,741.0,1.0
0.0,1.0,0.0,1.0,1.0,0.0,0.0,0.0,0.0,0.0,0.0,1.0,0.0,0.0,2.0,9.0,1.0,4456902.0,5400752.0,4510184.5,5301365.5,4455828.0,5405076.0,2.336200927734375,3.662487030029297,24.272096666666663,166.66666666666666,166.66666666666666,142.0,144.0,300.0,4858.0,165.0,417.0,974.0,2.0
0.0,1.0,1.0,0.0,1.0,0.0,0.0,0.0,0.0,0.0,0.0,1.0,0.0,0.0,5.0,8.0,2.0,4457496.5,5404503.5,4459039.0,5330029.5,4461374.5,5401232.5,6.989229980468751,11.542440795898438,48.04027166666666,46.23390333333333,166.66666666666666,138.0,147.0,184.0,2996.0,347.0,356.0,981.0,4.0
0.0,1.0,0.0,1.0,1.0,0.0,0.0,0.0,0.0,0.0,0.0,1.0,0.0,0.0,2.0,9.0,2.0,4455098.5,5403689.0,4428224.5,5331412.0,4458064.0,5405052.5,43.46101953125,35.49899088541667,358.14681666666667,122.14681,278.14681666666667,305.0,486.0,154.0,2424.0,145.0,485.0,587.0,1.0
0.0,1.0,0.0,1.0,1.0,0.0,0.0,0.0,0.0,0.0,0.0,1.0,0.0,0.0,4.0,9.0,1.0,4460927.0,5403618.5,4432217.0,5323880.0,4457622.5,5404833.5,13.524138671875,18.485758463541668,35.71861666666667,166.66666666666666,166.66666666666666,135.0,321.0,241.0,2480.0,184.0,464.0,1067.0,4.0
0.0,1.0,0.0,1.0,1.0,0.0,0.0,0.0,0.0,0.0,0.0,1.0,0.0,0.0,4.0,9.0,1.0,4460927.0,5403618.5,4432217.0,5323880.0,4457622.5,5404833.5,13.524138671875,18.485758463541668,35.71861666666667,166.66666666666666,166.66666666666666,135.0,321.0,241.0,2480.0,184.0,377.0,528.0,1.0
0.0,1.0,1.0,0.0,1.0,0.0,0.0,0.0,0.0,0.0,0.0,1.0,0.0,0.0,3.0,6.0,0.0,4462329.0,5404258.5,4487846.5,5294809.5,4458343.5,5403364.5,8.24674609375,10.70067647298177,35.591406666666664,166.66666666666666,166.66666666666666,179.0,336.0,240.0,4628.0,198.0,350.0,970.0,1.0
0.0,1.0,0.0,1.0,1.0,0.0,0.0,0.0,0.0,0.0,0.0,1.0,0.0,0.0,3.0,9.0,2.0,4456195.0,5399424.5,4494056.5,5299441.0,4457903.0,5404445.5,13.914041015625,16.439039103190105,55.4869,166.66666666666666,166.66666666666666,179.0,286.0,319.0,4744.0,187.0,472.0,645.0,1.0
0.0,1.0,0.0,1.0,1.0,0.0,0.0,0.0,0.0,0.0,0.0,1.0,0.0,0.0,3.0,9.0,1.0,4458479.5,5400230.0,4493254.0,5351869.0,4457687.0,5405085.5,6.6557641601562505,9.028370157877603,33.638191666666664,166.66666666666666,166.66666666666666,299.0,144.0,318.0,2302.0,144.0,582.0,1245.0,1.0
0.0,1.0,0.0,1.0,1.0,0.0,0.0,0.0,0.0,0.0,0.0,1.0,0.0,0.0,5.0,9.0,0.0,4459097.5,5405016.0,4442882.0,5402796.5,4457589.0,5405675.0,5.04369873046875,6.2337793986002605,35.541093333333336,166.66666666666666,166.66666666666666,231.0,115.0,216.0,285.0,144.0,480.0,749.0,1.0
0.0,1.0,1.0,0.0,1.0,0.0,0.0,0.0,0.0,0.0,0.0,1.0,0.0,0.0,4.0,9.0,0.0,4459008.0,5403466.0,4468381.0,5348383.5,4458382.0,5403231.0,8.38818359375,9.356463623046874,62.71031166666666,166.66666666666666,166.66666666666666,331.0,357.0,233.0,1684.0,208.0,1312.0,685.0,5.0
0.0,1.0,0.0,1.0,1.0,0.0,0.0,0.0,0.0,0.0,0.0,1.0,0.0,0.0,1.0,9.0,0.0,4454829.0,5403739.5,4463495.5,5372164.5,4456571.0,5397597.0,6.672515625,6.855515543619791,22.781265,166.66666666666666,166.66666666666666,189.0,255.0,149.0,1151.0,332.0,515.0,1320.0,1.0
0.0,1.0,0.0,1.0,1.0,0.0,0.0,0.0,0.0,0.0,0.0,1.0,0.0,0.0,4.0,9.0,1.0,4456533.0,5404331.0,4415634.5,5323054.0,4457377.5,5404731.0,12.552623046875,17.967559814453125,59.29208499999999,166.66666666666666,166.66666666666666,324.0,111.0,174.0,2467.0,184.0,398.0,759.0,1.0
0.0,1.0,0.0,1.0,1.0,0.0,0.0,0.0,0.0,0.0,0.0,1.0,0.0,0.0,3.0,9.0,1.0,4459327.0,5400418.0,4460487.0,5391346.5,4460063.0,5403592.0,4.393681640625,5.680690511067708,11.77221,166.66666666666666,166.66666666666666,186.0,241.0,344.0,371.0,238.0,407.0,935.0,1.0
0.0,1.0,1.0,0.0,1.0,0.0,0.0,0.0,0.0,0.0,0.0,1.0,0.0,0.0,3.0,9.0,2.0,4456759.0,5405023.0,4467760.5,5385898.5,4458064.0,5405052.5,13.90852734375,14.75180155436198,38.58735,166.66666666666666,166.66666666666666,186.0,376.0,142.0,1161.0,145.0,796.0,153.0,1.0
0.0,1.0,1.0,0.0,1.0,0.0,0.0,0.0,0.0,0.0,0.0,1.0,0.0,0.0,4.0,6.0,1.0,4458753.5,5399160.0,4472820.0,5384978.0,4458474.5,5400413.0,3.21002001953125,2.5600001017252603,12.662951666666666,166.66666666666666,166.66666666666666,236.0,346.0,326.0,1166.0,318.0,355.0,716.0,4.0
0.0,1.0,0.0,1.0,0.0,1.0,0.0,0.0,0.0,0.0,0.0,1.0,0.0,0.0,1.0,9.0,1.0,4458658.5,5402983.0,4453281.5,5290120.0,4455976.5,5398594.5,6.3764609375,9.14426066080729,26.134643333333333,166.66666666666666,166.66666666666666,301.0,174.0,208.0,4579.0,321.0,486.0,1093.0,2.0
0.0,1.0,1.0,0.0,1.0,0.0,0.0,0.0,0.0,0.0,0.0,1.0,0.0,0.0,4.0,9.0,2.0,4458973.5,5399227.0,4526722.0,5379259.0,4455843.5,5404093.5,7.9194326171875,10.13744099934896,287.7709,69.32001166666667,166.66666666666666,144.0,103.0,326.0,2227.0,176.0,429.0,929.0,1.0
0.0,1.0,0.0,1.0,0.0,0.0,1.0,0.0,0.0,0.0,0.0,1.0,0.0,0.0,1.0,9.0,1.0,4460144.5,5404902.5,4501122.5,5303113.0,4461782.0,5400963.5,6.21629248046875,6.354215494791666,50.31912,166.66666666666666,166.66666666666666,98.0,133.0,221.0,4755.0,347.0,283.0,824.0,2.0
0.0,1.0,1.0,0.0,0.0,1.0,0.0,0.0,0.0,0.0,0.0,1.0,0.0,0.0,1.0,0.0,1.0,4456001.0,5399333.0,4524286.0,5390001.5,4457452.0,5405038.5,4.78301953125,6.145328267415365,166.66666666666666,166.66666666666666,166.66666666666666,223.0,149.0,319.0,2221.0,144.0,499.0,948.0,1.0
0.0,1.0,0.0,1.0,1.0,0.0,0.0,0.0,0.0,0.0,0.0,1.0,0.0,0.0,1.0,9.0,0.0,4456108.0,5403734.0,4463823.5,5333337.0,4457836.5,5398010.5,11.9030966796875,12.946843465169271,80.80726666666666,80.2354,166.66666666666666,317.0,371.0,177.0,2899.0,336.0,578.0,1178.0,0.0
0.0,1.0,0.0,1.0,1.0,0.0,0.0,0.0,0.0,0.0,0.0,1.0,0.0,0.0,3.0,9.0,1.0,4458678.5,5402031.0,4483013.0,5294513.0,4461551.0,5401820.5,1.731726318359375,2.351500193277994,2.7758230000000004,166.66666666666666,166.66666666666666,231.0,230.0,213.0,4619.0,253.0,543.0,1334.0,1.0
0.0,1.0,1.0,0.0,1.0,0.0,0.0,0.0,0.0,0.0,0.0,1.0,0.0,0.0,1.0,8.0,2.0,4459332.5,5401025.0,4479515.5,5299064.5,4458105.5,5404598.0,17.073875,12.53990987141927,52.75595,166.66666666666666,166.66666666666666,231.0,327.0,339.0,4619.0,188.0,390.0,1011.0,1.0
0.0,1.0,1.0,0.0,1.0,0.0,0.0,0.0,0.0,0.0,0.0,1.0,0.0,0.0,2.0,9.0,0.0,4460199.5,5399680.0,4457990.5,5331183.5,4461570.0,5401891.0,2.68666259765625,3.937739817301432,16.561096666666668,166.66666666666666,166.66666666666666,310.0,326.0,350.0,2687.0,253.0,369.0,1006.0,4.0
0.0,1.0,1.0,0.0,1.0,0.0,0.0,0.0,0.0,0.0,0.0,1.0,0.0,0.0,2.0,9.0,1.0,4459881.0,5403938.5,4510725.5,5293034.5,4460425.5,5400988.5,5.76343310546875,7.969272867838542,68.56109166666667,166.66666666666666,166.66666666666666,234.0,326.0,235.0,4885.0,340.0,554.0,1006.0,1.0
0.0,1.0,0.0,1.0,1.0,0.0,0.0,0.0,0.0,0.0,0.0,1.0,0.0,0.0,2.0,9.0,1.0,4459214.5,5404651.0,4452581.0,5317990.0,4457778.5,5405671.5,11.8626142578125,9.581124877929687,45.26586666666667,166.66666666666666,166.66666666666666,145.0,352.0,223.0,3168.0,144.0,471.0,969.0,1.0
0.0,1.0,0.0,1.0,1.0,0.0,0.0,0.0,0.0,0.0,0.0,1.0,0.0,0.0,3.0,9.0,1.0,4452190.5,5402224.0,4448109.0,5314276.5,4460174.0,5404449.5,8.378916015625,11.132546997070312,40.89513333333333,166.66666666666666,166.66666666666666,152.0,347.0,101.0,3171.0,230.0,514.0,1084.0,1.0
0.0,1.0,1.0,0.0,1.0,0.0,0.0,0.0,0.0,0.0,0.0,1.0,0.0,0.0,2.0,9.0,1.0,4457890.0,5402722.5,4444761.0,5311963.0,4457174.0,5404689.0,5.226237792968751,6.110391235351562,10.0,166.66666666666666,166.66666666666666,158.0,181.0,207.0,4489.0,173.0,484.0,578.0,1.0
1.0,0.0,1.0,0.0,1.0,0.0,0.0,0.0,0.0,0.0,0.0,1.0,0.0,0.0,2.0,9.0,0.0,4455968.5,5407799.5,4446196.5,5308293.0,4457420.5,5405292.0,44.427578125,29.204219563802084,241.58991666666668,184.6005166666667,166.66666666666666,324.0,1196.0,134.0,4493.0,144.0,408.0,1233.0,1.0
0.0,1.0,1.0,0.0,1.0,0.0,0.0,0.0,0.0,0.0,0.0,1.0,0.0,0.0,1.0,9.0,0.0,4456775.5,5405006.0,4502990.5,5358826.5,4458812.0,5402111.5,15.7148486328125,19.133955891927084,46.53914333333333,166.66666666666666,166.66666666666666,97.0,299.0,142.0,2284.0,213.0,316.0,968.0,2.0
0.0,1.0,0.0,1.0,1.0,0.0,0.0,0.0,0.0,0.0,0.0,1.0,0.0,0.0,3.0,9.0,0.0,4459491.0,5402723.0,4484826.0,5311967.5,4460075.0,5404522.5,18.282248046875,16.997742716471354,317.01151666666664,166.66666666666666,166.66666666666666,324.0,1109.0,243.0,4482.0,228.0,458.0,535.0,1.0
0.0,1.0,0.0,1.0,1.0,0.0,0.0,0.0,0.0,0.0,0.0,1.0,0.0,0.0,4.0,9.0,0.0,4459664.0,5405366.5,4473472.0,5339433.0,4462732.0,5403749.0,32.06102734375,27.487394205729167,67.36072166666666,70.563355,166.66666666666666,247.0,53.0,218.0,1981.0,254.0,376.0,998.0,1.0
0.0,1.0,0.0,1.0,1.0,0.0,0.0,0.0,0.0,0.0,0.0,1.0,0.0,0.0,3.0,9.0,0.0,4456202.5,5403242.5,4472210.5,5327470.5,4455504.5,5405034.5,6.981173828125,9.235960896809896,25.18819166666667,166.66666666666666,166.66666666666666,314.0,144.0,200.0,4266.0,165.0,537.0,803.0,1.0
0.0,1.0,0.0,1.0,1.0,0.0,0.0,0.0,0.0,0.0,0.0,1.0,0.0,0.0,1.0,9.0,0.0,4457230.0,5404222.0,4482125.5,5328471.0,4455979.0,5403535.5,37.87209375,35.41706136067708,168.80601666666666,166.66666666666666,166.66666666666666,314.0,5.0,175.0,4382.0,178.0,426.0,982.0,1.0
0.0,1.0,1.0,0.0,0.0,0.0,1.0,0.0,0.0,0.0,0.0,1.0,0.0,0.0,2.0,7.0,2.0,4456783.0,5403025.5,4466298.0,5339994.5,4458600.0,5404749.0,1.629581298828125,1.971548334757487,32.76743166666667,166.66666666666666,166.66666666666666,253.0,348.0,201.0,1807.0,189.0,853.0,1320.0,5.0
0.0,1.0,1.0,0.0,0.0,0.0,1.0,0.0,0.0,0.0,0.0,1.0,0.0,0.0,2.0,7.0,2.0,4456783.0,5403025.5,4466298.0,5339994.5,4458600.0,5404749.0,8.3733505859375,6.543682352701823,49.91674,166.66666666666666,166.66666666666666,253.0,355.0,201.0,1807.0,189.0,1220.0,296.0,5.0
0.0,1.0,0.0,1.0,1.0,0.0,0.0,0.0,0.0,0.0,0.0,1.0,0.0,0.0,5.0,9.0,1.0,4456968.0,5404759.5,4420360.0,5357737.0,4459222.0,5399478.0,0.8247621459960938,1.3626200358072915,14.441375666666666,166.66666666666666,166.66666666666666,184.0,144.0,173.0,854.0,349.0,491.0,1010.0,5.0
0.0,1.0,0.0,1.0,1.0,0.0,0.0,0.0,0.0,0.0,0.0,1.0,0.0,0.0,1.0,9.0,1.0,4459380.0,5402539.5,4410954.0,5349180.0,4459765.5,5404551.0,5.397884765625,7.538220723470052,16.562956666666665,166.66666666666666,166.66666666666666,184.0,242.0,243.0,627.0,227.0,470.0,768.0,1.0
0.0,1.0,0.0,1.0,1.0,0.0,0.0,0.0,0.0,0.0,0.0,1.0,0.0,0.0,2.0,9.0,3.0,4457472.5,5399300.0,4433247.0,5346920.0,4461490.5,5401836.0,5.0329462890625,6.897848510742187,10.1701,166.66666666666666,166.66666666666666,173.0,139.0,323.0,1077.0,253.0,464.0,703.0,1.0
0.0,1.0,0.0,1.0,1.0,0.0,0.0,0.0,0.0,0.0,0.0,1.0,0.0,0.0,2.0,9.0,1.0,4457826.0,5398173.0,4439340.0,5315066.0,4459082.5,5402788.0,4.027174072265625,4.804659016927083,10.959029999999998,166.66666666666666,166.66666666666666,154.0,99.0,336.0,2495.0,243.0,527.0,1136.0,4.0
0.0,1.0,0.0,1.0,1.0,0.0,0.0,0.0,0.0,0.0,0.0,1.0,0.0,0.0,3.0,9.0,1.0,4456801.5,5404965.0,4491697.0,5303878.5,4457733.5,5405147.5,9.3428798828125,10.359517415364584,166.66666666666666,166.66666666666666,166.66666666666666,164.0,249.0,142.0,4617.0,144.0,429.0,984.0,5.0
0.0,1.0,1.0,0.0,1.0,0.0,0.0,0.0,0.0,0.0,0.0,1.0,0.0,0.0,1.0,9.0,0.0,4456351.5,5404066.0,4512743.5,5367880.0,4459401.5,5404390.0,27.210271484375,21.136260986328125,430.3550833333333,117.14773333333332,166.66666666666666,207.0,1166.0,177.0,2212.0,226.0,582.0,1143.0,0.0
0.0,1.0,0.0,1.0,0.0,0.0,1.0,0.0,0.0,0.0,0.0,1.0,0.0,0.0,1.0,9.0,1.0,4457942.0,5401553.5,4418793.5,5358400.5,4454737.5,5404188.5,75.840921875,44.14841715494792,198.28615,101.44113833333334,192.25426666666667,223.0,1822.0,304.0,836.0,147.0,474.0,960.0,1.0
0.0,1.0,0.0,1.0,1.0,0.0,0.0,0.0,0.0,0.0,0.0,1.0,0.0,0.0,4.0,9.0,1.0,4454559.5,5404088.0,4415238.5,5360911.5,4455976.5,5398594.5,3.754918701171875,4.067594909667969,22.781265,166.66666666666666,166.66666666666666,242.0,255.0,149.0,662.0,321.0,443.0,697.0,2.0
0.0,1.0,0.0,1.0,1.0,0.0,0.0,0.0,0.0,0.0,0.0,1.0,0.0,0.0,1.0,9.0,1.0,4454073.0,5404115.5,4534384.0,5376837.0,4457821.5,5403167.0,19.587275390625,20.560664876302084,50.68531833333333,166.66666666666666,166.66666666666666,224.0,284.0,146.0,2250.0,205.0,440.0,997.0,1.0
0.0,1.0,1.0,0.0,1.0,0.0,0.0,0.0,0.0,0.0,0.0,1.0,0.0,0.0,3.0,7.0,0.0,4457521.5,5401366.5,4463589.5,5376797.0,4460075.0,5404522.5,14.4399677734375,14.025898234049478,40.68531833333333,166.66666666666666,166.66666666666666,164.0,284.0,303.0,1129.0,228.0,402.0,663.0,1.0
0.0,1.0,1.0,0.0,1.0,0.0,0.0,0.0,0.0,0.0,0.0,1.0,0.0,0.0,2.0,9.0,1.0,4457197.0,5404131.0,4508908.0,5294820.5,4461245.5,5401339.5,18.49021484375,16.55725911458333,180.17975,50.408350000000006,166.66666666666666,325.0,399.0,175.0,4887.0,346.0,471.0,1057.0,3.0
0.0,1.0,0.0,1.0,1.0,0.0,0.0,0.0,0.0,0.0,0.0,1.0,0.0,0.0,4.0,9.0,1.0,4455859.5,5396914.0,4515931.0,5329612.0,4459581.0,5404390.5,1.75216748046875,2.45316162109375,22.60823333333333,166.66666666666666,166.66666666666666,245.0,199.0,331.0,4675.0,226.0,384.0,901.0,5.0
0.0,1.0,0.0,1.0,1.0,0.0,0.0,0.0,0.0,0.0,0.0,1.0,0.0,0.0,1.0,7.0,1.0,4459803.0,5403898.0,4448554.5,5330024.0,4455843.5,5404093.5,1.802833740234375,2.387276458740234,12.7921275,166.66666666666666,166.66666666666666,245.0,346.0,235.0,2587.0,176.0,373.0,861.0,2.0
0.0,1.0,0.0,1.0,1.0,0.0,0.0,0.0,0.0,0.0,0.0,1.0,0.0,0.0,3.0,9.0,0.0,4459664.5,5403758.5,4409699.5,5343685.0,4457450.5,5405207.5,5.34523583984375,5.426666768391927,15.073006666666666,166.66666666666666,166.66666666666666,198.0,346.0,235.0,635.0,144.0,430.0,589.0,1.0
0.0,1.0,0.0,1.0,1.0,0.0,0.0,0.0,0.0,0.0,0.0,1.0,0.0,0.0,3.0,9.0,1.0,4456876.0,5398994.0,4412465.5,5361345.0,4460850.5,5401254.0,8.6229287109375,11.015929158528646,43.67503666666666,166.66666666666666,166.66666666666666,241.0,137.0,322.0,584.0,346.0,494.0,1018.0,1.0
0.0,1.0,1.0,0.0,1.0,0.0,0.0,0.0,0.0,0.0,0.0,1.0,0.0,0.0,5.0,8.0,1.0,4457294.0,5404132.5,4412927.5,5364285.0,4457070.5,5405721.5,20.785546875,22.259287516276043,81.51463333333332,73.51463333333332,166.66666666666666,216.0,280.0,186.0,460.0,140.0,428.0,890.0,3.0
0.0,1.0,0.0,1.0,1.0,0.0,0.0,0.0,0.0,0.0,0.0,1.0,0.0,0.0,3.0,9.0,1.0,4462431.5,5404108.0,4415391.0,5359881.5,4457267.5,5405595.5,1.821338134765625,2.5394851684570314,4.518470333333333,166.66666666666666,166.66666666666666,302.0,309.0,240.0,752.0,144.0,435.0,956.0,2.0
0.0,1.0,0.0,1.0,1.0,0.0,0.0,0.0,0.0,0.0,0.0,1.0,0.0,0.0,3.0,9.0,1.0,4458440.5,5403847.5,4434920.0,5374993.5,4456594.5,5400463.0,30.843708984375,31.233357747395832,166.66666666666666,166.66666666666666,166.66666666666666,173.0,39.0,196.0,534.0,301.0,506.0,1103.0,4.0
0.0,1.0,0.0,1.0,1.0,0.0,0.0,0.0,0.0,0.0,0.0,1.0,0.0,0.0,1.0,9.0,0.0,4458723.5,5405089.5,4420933.5,5372811.5,4456547.5,5403133.5,5.816625,7.725913492838542,36.349050000000005,166.66666666666666,166.66666666666666,154.0,227.0,145.0,497.0,200.0,382.0,988.0,1.0
0.0,1.0,0.0,1.0,1.0,0.0,0.0,0.0,0.0,0.0,0.0,1.0,0.0,0.0,3.0,9.0,2.0,4455928.5,5399611.0,4425933.0,5378090.0,4460475.0,5401415.5,4.5909765625,6.476818339029948,45.564485,166.66666666666666,166.66666666666666,304.0,250.0,319.0,476.0,346.0,744.0,1085.0,1.0
0.0,1.0,0.0,1.0,1.0,0.0,0.0,0.0,0.0,0.0,0.0,1.0,0.0,0.0,2.0,9.0,1.0,4457973.0,5403207.0,4405201.0,5366322.5,4459663.5,5404151.5,3.36507958984375,5.279656473795573,9.0,166.66666666666666,166.66666666666666,317.0,345.0,205.0,455.0,229.0,455.0,1019.0,4.0
0.0,1.0,0.0,1.0,1.0,0.0,0.0,0.0,0.0,0.0,0.0,1.0,0.0,0.0,1.0,9.0,1.0,4460006.5,5404908.5,4395787.0,5371019.0,4463359.5,5402925.5,4.13296630859375,5.97086181640625,166.66666666666666,166.66666666666666,166.66666666666666,317.0,249.0,220.0,439.0,348.0,424.0,1248.0,4.0
0.0,1.0,0.0,1.0,1.0,0.0,0.0,0.0,0.0,0.0,0.0,1.0,0.0,0.0,3.0,9.0,1.0,4455048.5,5403577.5,4409332.5,5363840.5,4461512.0,5401904.5,6.5828969726562505,9.97191874186198,28.655808333333333,166.66666666666666,166.66666666666666,306.0,147.0,154.0,461.0,253.0,411.0,1090.0,4.0
0.0,1.0,0.0,1.0,1.0,0.0,0.0,0.0,0.0,0.0,0.0,1.0,0.0,0.0,1.0,9.0,1.0,4459007.5,5402326.0,4466124.5,5334942.0,4452877.0,5404303.5,4.664073730468751,6.487484741210937,37.3068,166.66666666666666,166.66666666666666,344.0,226.0,245.0,3300.0,164.0,441.0,923.0,1.0
0.0,1.0,0.0,1.0,1.0,0.0,0.0,0.0,0.0,0.0,0.0,1.0,0.0,0.0,1.0,9.0,0.0,4458886.5,5402240.5,4471587.0,5332011.5,4460036.0,5404527.0,3.153656494140625,5.39914296468099,12.429656666666666,166.66666666666666,166.66666666666666,344.0,347.0,245.0,3732.0,227.0,407.0,971.0,1.0
1.0,0.0,0.0,1.0,1.0,0.0,0.0,0.0,0.0,0.0,0.0,1.0,0.0,0.0,0.0,7.0,1.0,4450749.0,5404476.0,4443350.5,5376516.5,4455879.0,5404410.0,16.330583984375,18.58380737304688,299.0,166.66666666666666,166.66666666666666,142.0,364.0,98.0,1140.0,167.0,431.0,926.0,4.0
0.0,1.0,0.0,1.0,1.0,0.0,0.0,0.0,0.0,0.0,0.0,1.0,0.0,0.0,3.0,9.0,0.0,4460804.5,5400634.5,4463430.5,5408804.5,4457267.5,5405595.5,11.1623828125,13.629449462890625,54.33818833333333,166.66666666666666,166.66666666666666,101.0,347.0,350.0,122.0,144.0,264.0,873.0,1.0
0.0,1.0,1.0,0.0,1.0,0.0,0.0,0.0,0.0,0.0,0.0,1.0,0.0,0.0,3.0,7.0,1.0,4456381.5,5407180.0,4458953.0,5404089.0,4457147.0,5405571.5,42.70362890625,38.77918294270833,335.1929666666667,166.66666666666666,166.66666666666666,101.0,7.0,140.0,231.0,141.0,540.0,1022.0,4.0
0.0,1.0,1.0,0.0,1.0,0.0,0.0,0.0,0.0,0.0,0.0,1.0,0.0,0.0,3.0,7.0,1.0,4456381.5,5407180.0,4458953.0,5404089.0,4457147.0,5405571.5,42.70362890625,38.77918294270833,335.1929666666667,166.66666666666666,166.66666666666666,101.0,7.0,140.0,231.0,141.0,406.0,1014.0,1.0
0.0,1.0,0.0,1.0,1.0,0.0,0.0,0.0,0.0,0.0,0.0,1.0,0.0,0.0,4.0,9.0,1.0,4460037.0,5405477.5,4471132.5,5334806.0,4457158.0,5404844.0,31.707458984375,27.673838297526043,477.4427,237.44271666666663,166.66666666666666,326.0,1147.0,218.0,3457.0,173.0,468.0,808.0,1.0
1.0,0.0,0.0,1.0,1.0,0.0,0.0,0.0,0.0,0.0,0.0,1.0,0.0,0.0,2.0,9.0,1.0,4457278.0,5404255.5,4463376.0,5331480.5,4457074.0,5404868.5,2.1426240234375,3.202506510416667,10.953474,166.66666666666666,166.66666666666666,194.0,233.0,186.0,2944.0,173.0,428.0,946.0,5.0
0.0,1.0,0.0,1.0,1.0,0.0,0.0,0.0,0.0,0.0,0.0,1.0,0.0,0.0,3.0,9.0,1.0,4458030.5,5400508.0,4489023.0,5348164.0,4460176.0,5404504.0,12.428748046875,16.247467041015625,55.01681333333333,166.66666666666666,166.66666666666666,161.0,121.0,312.0,1673.0,228.0,425.0,979.0,1.0
0.0,1.0,0.0,1.0,1.0,0.0,0.0,0.0,0.0,0.0,0.0,1.0,0.0,0.0,4.0,9.0,0.0,4452517.0,5402256.5,4464183.5,5338109.0,4452877.0,5404303.5,10.90080078125,13.897982788085937,54.82443333333333,166.66666666666666,166.66666666666666,350.0,101.0,158.0,1547.0,164.0,484.0,874.0,2.0
0.0,1.0,0.0,1.0,1.0,0.0,0.0,0.0,0.0,0.0,0.0,1.0,0.0,0.0,2.0,9.0,0.0,4457776.5,5402688.5,4446993.0,5329866.0,4461512.0,5401904.5,2.12671142578125,3.119268544514974,3.492738666666667,166.66666666666666,166.66666666666666,232.0,243.0,207.0,2584.0,253.0,484.0,1091.0,5.0
0.0,1.0,0.0,1.0,1.0,0.0,0.0,0.0,0.0,0.0,0.0,1.0,0.0,0.0,2.0,9.0,0.0,4457070.5,5404885.5,4417048.0,5349450.0,4463475.5,5402807.5,8.9563427734375,10.080611165364584,32.85433333333333,166.66666666666666,166.66666666666666,317.0,366.0,173.0,1035.0,348.0,424.0,885.0,4.0
0.0,1.0,0.0,1.0,1.0,0.0,0.0,0.0,0.0,0.0,0.0,1.0,0.0,0.0,2.0,9.0,2.0,4451986.5,5402551.5,4514916.5,5394432.5,4458895.0,5401307.5,7.584822265625,7.713074747721354,26.781265,166.66666666666666,166.66666666666666,187.0,255.0,99.0,2040.0,339.0,435.0,1043.0,2.0
0.0,1.0,0.0,1.0,1.0,0.0,0.0,0.0,0.0,0.0,0.0,1.0,0.0,0.0,5.0,9.0,1.0,4456637.5,5404433.0,4417291.5,5365259.5,4460030.0,5403936.5,20.97102734375,16.05542500813802,179.3716,33.93633166666667,166.66666666666666,211.0,1161.0,174.0,514.0,235.0,478.0,1019.0,3.0
0.0,1.0,0.0,1.0,1.0,0.0,0.0,0.0,0.0,0.0,0.0,1.0,0.0,0.0,2.0,9.0,1.0,4456433.0,5404405.5,4404881.0,5336787.5,4455976.5,5398594.5,2.22630859375,3.9940101623535154,8.702626666666667,166.66666666666666,166.66666666666666,176.0,147.0,169.0,634.0,321.0,459.0,38.0,1.0
0.0,1.0,1.0,0.0,1.0,0.0,0.0,0.0,0.0,0.0,0.0,1.0,0.0,0.0,2.0,7.0,1.0,4456182.5,5397267.5,4402642.0,5362718.5,4461512.0,5401904.5,16.186119140625,16.43186747233073,37.68531833333333,166.66666666666666,166.66666666666666,176.0,284.0,331.0,573.0,253.0,474.0,1170.0,0.0
0.0,1.0,0.0,1.0,1.0,0.0,0.0,0.0,0.0,0.0,0.0,1.0,0.0,0.0,4.0,9.0,0.0,4455541.0,5399302.0,4418099.0,5349312.0,4458816.0,5401435.0,2.829049560546875,3.1565012613932293,22.36125333333333,166.66666666666666,166.66666666666666,166.0,133.0,162.0,1045.0,308.0,419.0,1045.0,1.0
0.0,1.0,1.0,0.0,1.0,0.0,0.0,0.0,0.0,0.0,0.0,1.0,0.0,0.0,1.0,9.0,1.0,4455963.5,5407830.5,4478014.0,5305645.0,4458474.5,5400413.0,18.988291015625,18.28216145833333,217.6853166666667,208.3351333333333,166.66666666666666,326.0,284.0,134.0,4590.0,318.0,887.0,129.0,1.0
0.0,1.0,1.0,0.0,1.0,0.0,0.0,0.0,0.0,0.0,0.0,1.0,0.0,0.0,2.0,9.0,2.0,4458633.0,5401106.5,4469260.5,5331019.0,4456572.5,5405549.5,2.968673828125,4.4625,4.05,166.66666666666666,166.66666666666666,338.0,345.0,310.0,4031.0,140.0,449.0,738.0,4.0
0.0,1.0,0.0,1.0,1.0,0.0,0.0,0.0,0.0,0.0,0.0,1.0,0.0,0.0,2.0,9.0,0.0,4459743.5,5401689.0,4473235.5,5328569.5,4458015.5,5402917.0,17.947427734375,21.21607869466146,59.81643333333333,166.66666666666666,166.66666666666666,247.0,291.0,340.0,4194.0,205.0,442.0,1207.0,1.0
0.0,1.0,0.0,1.0,1.0,0.0,0.0,0.0,0.0,0.0,0.0,1.0,0.0,0.0,3.0,9.0,1.0,4457911.5,5404206.0,4524824.0,5312975.0,4461139.5,5401184.0,24.441494140625,18.833638509114586,202.1216,32.152998333333336,166.66666666666666,222.0,1161.0,187.0,4728.0,346.0,571.0,1314.0,3.0
0.0,1.0,0.0,1.0,1.0,0.0,0.0,0.0,0.0,0.0,0.0,1.0,0.0,0.0,1.0,9.0,2.0,4456451.5,5404785.0,4509647.5,5356449.0,4460703.0,5401245.0,25.8890390625,19.538824462890624,94.09441,166.66666666666666,166.66666666666666,182.0,70.0,172.0,2325.0,346.0,805.0,1131.0,1.0
0.0,1.0,0.0,1.0,1.0,0.0,0.0,0.0,0.0,0.0,0.0,1.0,0.0,0.0,4.0,9.0,0.0,4458687.5,5400600.5,4511108.5,5349023.0,4459392.0,5404493.0,2.43050537109375,3.2134577433268228,9.207128333333332,166.66666666666666,166.66666666666666,182.0,141.0,316.0,2351.0,226.0,456.0,696.0,1.0
0.0,1.0,0.0,1.0,1.0,0.0,0.0,0.0,0.0,0.0,0.0,1.0,0.0,0.0,2.0,9.0,0.0,4458774.5,5404538.5,4437622.5,5332039.5,4454499.0,5404394.5,3.9157001953125,4.738483683268229,37.877833333333335,166.66666666666666,166.66666666666666,158.0,164.0,189.0,2425.0,147.0,511.0,1102.0,5.0
0.0,1.0,1.0,0.0,1.0,0.0,0.0,0.0,0.0,0.0,0.0,1.0,0.0,0.0,3.0,9.0,1.0,4458396.0,5400544.0,4462196.0,5320639.5,4457259.5,5405376.5,36.306375,26.204477945963543,376.8316,342.8316,166.66666666666666,336.0,89.0,315.0,3187.0,144.0,822.0,1125.0,1.0
0.0,1.0,0.0,1.0,1.0,0.0,0.0,0.0,0.0,0.0,0.0,1.0,0.0,0.0,1.0,9.0,0.0,4456738.0,5400588.0,4420407.5,5360185.5,4457312.5,5404285.5,6.2610771484375,6.21676991780599,28.767433333333333,166.66666666666666,166.66666666666666,229.0,348.0,299.0,744.0,186.0,355.0,892.0,4.0
0.0,1.0,1.0,0.0,1.0,0.0,0.0,0.0,0.0,0.0,0.0,1.0,0.0,0.0,1.0,9.0,1.0,4458914.0,5406512.0,4417964.5,5359701.5,4452877.0,5404303.5,4.244095703125,3.769757080078125,28.508556666666667,166.66666666666666,166.66666666666666,229.0,346.0,139.0,785.0,164.0,427.0,697.0,4.0
0.0,1.0,0.0,1.0,1.0,0.0,0.0,0.0,0.0,0.0,0.0,1.0,0.0,0.0,2.0,9.0,1.0,4458782.5,5406072.0,4419343.5,5361162.0,4458895.0,5401307.5,3.28947705078125,4.767059326171875,14.749079333333333,166.66666666666666,166.66666666666666,186.0,210.0,139.0,732.0,339.0,382.0,917.0,1.0
0.0,1.0,0.0,1.0,0.0,1.0,0.0,0.0,0.0,0.0,0.0,1.0,0.0,0.0,1.0,7.0,0.0,4459119.5,5403620.0,4416812.5,5356087.5,4463429.5,5402987.5,11.6602900390625,15.910300699869792,179.1380166666667,166.66666666666666,166.66666666666666,166.0,106.0,233.0,937.0,348.0,476.0,1008.0,4.0
0.0,1.0,0.0,1.0,0.0,0.0,1.0,0.0,0.0,0.0,0.0,1.0,0.0,0.0,7.0,9.0,2.0,4459209.0,5401676.0,4416201.0,5356797.0,4459763.5,5400155.0,4.38264404296875,5.605550638834635,29.84905,166.66666666666666,166.66666666666666,142.0,227.0,339.0,926.0,345.0,456.0,713.0,2.0
0.0,1.0,1.0,0.0,1.0,0.0,0.0,0.0,0.0,0.0,0.0,1.0,0.0,0.0,3.0,9.0,1.0,4454783.5,5404591.0,4488892.0,5335210.5,4458617.5,5402227.5,40.21159375,31.09335327148437,230.5521833333333,180.5521833333333,166.66666666666666,312.0,388.0,147.0,4351.0,211.0,866.0,134.0,1.0
0.0,1.0,1.0,0.0,1.0,0.0,0.0,0.0,0.0,0.0,0.0,1.0,0.0,0.0,5.0,9.0,0.0,4457924.0,5404268.5,4497397.5,5326905.5,4457660.5,5405507.5,10.8213095703125,11.405877685546876,298.0,166.66666666666666,166.66666666666666,315.0,364.0,187.0,4650.0,144.0,441.0,842.0,4.0
0.0,1.0,0.0,1.0,1.0,0.0,0.0,0.0,0.0,0.0,0.0,1.0,0.0,0.0,4.0,9.0,0.0,4462567.0,5403609.0,4485922.0,5337439.0,4456979.5,5405169.5,7.70986962890625,10.881785074869793,32.617153333333334,166.66666666666666,166.66666666666666,222.0,132.0,254.0,4342.0,143.0,384.0,941.0,1.0
0.0,1.0,1.0,0.0,1.0,0.0,0.0,0.0,0.0,0.0,0.0,1.0,0.0,0.0,2.0,9.0,1.0,4457125.0,5404653.0,4487270.0,5327474.5,4457400.0,5405235.5,7.51667041015625,6.191890462239583,30.165706666666665,166.66666666666666,166.66666666666666,222.0,116.0,173.0,4402.0,144.0,350.0,881.0,1.0
0.0,1.0,0.0,1.0,1.0,0.0,0.0,0.0,0.0,0.0,0.0,1.0,0.0,0.0,3.0,9.0,1.0,4457457.5,5397572.5,4482873.5,5329699.5,4451863.5,5402680.0,6.72373779296875,8.719640096028646,20.89168833333333,166.66666666666666,166.66666666666666,235.0,151.0,333.0,4384.0,99.0,371.0,899.0,1.0
0.0,1.0,1.0,0.0,1.0,0.0,0.0,0.0,0.0,0.0,0.0,1.0,0.0,0.0,1.0,9.0,1.0,4459727.5,5404133.5,4443055.0,5412160.5,4456984.0,5405024.0,2.325744384765625,3.8804351806640622,17.899168333333332,166.66666666666666,166.66666666666666,177.0,201.0,229.0,95.0,143.0,1004.0,129.0,5.0
1.0,0.0,1.0,0.0,1.0,0.0,0.0,0.0,0.0,0.0,0.0,1.0,0.0,0.0,4.0,9.0,1.0,4456052.5,5404133.5,4455277.5,5429410.5,4460850.5,5401254.0,4.487421875,5.388836669921875,4.562423333333333,166.66666666666666,166.66666666666666,156.0,155.0,170.0,69.0,346.0,398.0,906.0,1.0
0.0,1.0,0.0,1.0,1.0,0.0,0.0,0.0,0.0,0.0,0.0,1.0,0.0,0.0,2.0,9.0,3.0,4459540.0,5404970.5,4460097.0,5408159.0,4456378.0,5405887.5,4.2768466796875,4.660480244954427,29.457385,166.66666666666666,166.66666666666666,331.0,338.0,217.0,116.0,140.0,450.0,972.0,1.0
0.0,1.0,1.0,0.0,0.0,0.0,1.0,0.0,0.0,0.0,0.0,1.0,0.0,0.0,3.0,9.0,2.0,4457615.0,5400300.0,4476542.0,5408171.5,4461525.0,5401859.5,1.802833740234375,2.387276458740234,12.7921275,166.66666666666666,166.66666666666666,245.0,346.0,313.0,90.0,253.0,414.0,1040.0,4.0
0.0,1.0,0.0,1.0,1.0,0.0,0.0,0.0,0.0,0.0,0.0,1.0,0.0,0.0,3.0,9.0,1.0,4460258.0,5404209.5,4442066.0,5423558.0,4459419.5,5402093.5,8.4097744140625,8.1619384765625,27.773406666666663,166.66666666666666,166.66666666666666,333.0,363.0,230.0,62.0,248.0,298.0,812.0,1.0
0.0,1.0,0.0,1.0,1.0,0.0,0.0,0.0,0.0,0.0,0.0,1.0,0.0,0.0,2.0,9.0,0.0,4459201.0,5405020.5,4448617.5,5419880.5,4455754.0,5403594.5,9.4015146484375,9.026233927408851,53.06677166666667,166.66666666666666,166.66666666666666,213.0,361.0,216.0,63.0,178.0,456.0,954.0,1.0
0.0,1.0,0.0,1.0,1.0,0.0,0.0,0.0,0.0,0.0,0.0,1.0,0.0,0.0,3.0,9.0,1.0,4459381.5,5402786.0,4499112.5,5352946.0,4461490.5,5401836.0,9.119091796875,12.445257568359375,24.19767833333333,166.66666666666666,166.66666666666666,197.0,331.0,243.0,2317.0,253.0,437.0,993.0,1.0
0.0,1.0,1.0,0.0,1.0,0.0,0.0,0.0,0.0,0.0,0.0,1.0,0.0,0.0,3.0,9.0,1.0,4459954.5,5401310.0,4468573.0,5330104.0,4459757.5,5401899.0,6.6709912109375,8.734403483072917,31.638383333333334,166.66666666666666,166.66666666666666,151.0,316.0,340.0,4043.0,249.0,413.0,994.0,4.0
0.0,1.0,1.0,0.0,1.0,0.0,0.0,0.0,0.0,0.0,0.0,1.0,0.0,0.0,1.0,9.0,1.0,4456328.5,5399123.5,4458867.5,5333895.0,4458215.0,5404919.0,17.441134765625,17.65456746419271,84.87785666666667,166.66666666666666,166.66666666666666,350.0,408.0,321.0,2817.0,145.0,552.0,1039.0,2.0
0.0,1.0,0.0,1.0,1.0,0.0,0.0,0.0,0.0,0.0,0.0,1.0,0.0,0.0,3.0,9.0,0.0,4458925.5,5404469.5,4461629.0,5327356.5,4460174.0,5404449.5,5.2609208984375,7.404695638020833,18.135206666666665,166.66666666666666,166.66666666666666,190.0,147.0,225.0,3097.0,230.0,943.0,1295.0,2.0
0.0,1.0,1.0,0.0,1.0,0.0,0.0,0.0,0.0,0.0,0.0,1.0,0.0,0.0,1.0,9.0,0.0,4458682.0,5404332.0,4456914.0,5334906.5,4461351.5,5401478.0,3.3233916015625,4.501487223307292,0.4050530833333333,166.66666666666666,166.66666666666666,309.0,338.0,191.0,2624.0,347.0,457.0,1003.0,4.0
0.0,1.0,1.0,0.0,1.0,0.0,0.0,0.0,0.0,0.0,0.0,1.0,0.0,0.0,3.0,6.0,1.0,4458004.5,5400494.0,4463296.5,5335930.0,4458636.5,5401516.0,12.71465234375,13.133043416341144,47.10135833333333,166.66666666666666,166.66666666666666,178.0,361.0,314.0,2779.0,308.0,811.0,1127.0,1.0
0.0,1.0,0.0,1.0,1.0,0.0,0.0,0.0,0.0,0.0,0.0,1.0,0.0,0.0,3.0,9.0,1.0,4456510.0,5404863.5,4472410.5,5337169.5,4459663.5,5404151.5,25.31130859375,16.324859619140625,446.41066666666666,166.66666666666666,166.66666666666666,235.0,1110.0,172.0,3740.0,229.0,446.0,976.0,1.0
0.0,1.0,0.0,1.0,1.0,0.0,0.0,0.0,0.0,0.0,0.0,1.0,0.0,0.0,3.0,9.0,0.0,4459960.0,5405384.5,4459987.5,5335147.5,4458105.5,5404598.0,10.38937890625,10.50474650065104,45.634705,166.66666666666666,166.66666666666666,244.0,118.0,218.0,2737.0,188.0,334.0,1027.0,1.0
0.0,1.0,1.0,0.0,1.0,0.0,0.0,0.0,0.0,0.0,0.0,1.0,0.0,0.0,3.0,9.0,1.0,4461936.5,5404242.0,4465852.5,5331340.5,4459663.5,5404151.5,53.66471875,51.78729248046875,433.24556666666666,242.0,166.66666666666666,178.0,478.0,240.0,3538.0,229.0,719.0,744.0,1.0
0.0,1.0,1.0,0.0,1.0,0.0,0.0,0.0,0.0,0.0,0.0,1.0,0.0,0.0,3.0,9.0,1.0,4456569.5,5404620.0,4473117.5,5336880.5,4457778.5,5405671.5,6.04557470703125,8.301033528645833,28.839673333333334,166.66666666666666,166.66666666666666,178.0,346.0,172.0,3750.0,144.0,378.0,772.0,1.0
0.0,1.0,1.0,0.0,1.0,0.0,0.0,0.0,0.0,0.0,0.0,1.0,0.0,0.0,3.0,9.0,0.0,4456592.5,5397874.0,4469003.5,5340101.0,4460703.0,5401245.0,10.8148046875,11.645006306966144,218.0476,166.66666666666666,166.66666666666666,187.0,93.0,330.0,1883.0,346.0,456.0,1046.0,1.0
0.0,1.0,1.0,0.0,1.0,0.0,0.0,0.0,0.0,0.0,0.0,1.0,0.0,0.0,1.0,9.0,0.0,4455691.5,5404051.5,4469345.5,5333775.5,4458003.5,5403062.0,3.5871550292968752,4.996080017089843,4.833522,166.66666666666666,166.66666666666666,181.0,148.0,176.0,3609.0,205.0,817.0,1045.0,5.0
1.0,0.0,1.0,0.0,1.0,0.0,0.0,0.0,0.0,0.0,0.0,1.0,0.0,0.0,1.0,9.0,2.0,4456467.0,5404869.5,4448578.5,5377274.5,4455504.5,5405034.5,27.11903515625,26.501458740234373,666.4271666666666,163.46068333333332,166.66666666666666,101.0,15.0,172.0,1139.0,165.0,327.0,973.0,0.0
0.0,1.0,0.0,1.0,1.0,0.0,0.0,0.0,0.0,0.0,0.0,1.0,0.0,0.0,2.0,9.0,0.0,4455078.0,5403741.5,4503021.0,5367532.0,4457716.0,5398636.0,2.97942578125,4.4491729736328125,8.9691895,166.66666666666666,166.66666666666666,207.0,315.0,152.0,2202.0,325.0,885.0,927.0,5.0
0.0,1.0,0.0,1.0,1.0,0.0,0.0,0.0,0.0,0.0,0.0,1.0,0.0,0.0,4.0,9.0,1.0,4459220.5,5398711.5,4431600.0,5372922.0,4461175.5,5401215.0,22.649978515625,21.80980224609375,49.973,166.66666666666666,166.66666666666666,298.0,104.0,326.0,484.0,346.0,215.0,768.0,4.0
0.0,1.0,0.0,1.0,1.0,0.0,0.0,0.0,0.0,0.0,0.0,1.0,0.0,0.0,3.0,9.0,0.0,4460264.0,5403741.0,4424393.5,5361928.0,4455638.5,5398558.0,15.3544716796875,16.977401733398438,44.58735,166.66666666666666,166.66666666666666,170.0,376.0,236.0,869.0,327.0,461.0,975.0,1.0
0.0,1.0,1.0,0.0,1.0,0.0,0.0,0.0,0.0,0.0,0.0,1.0,0.0,0.0,3.0,9.0,0.0,4459771.0,5403816.5,4452792.0,5365603.0,4457660.5,5405507.5,10.734490234375,9.476289876302085,393.5303333333333,166.66666666666666,166.66666666666666,344.0,1108.0,235.0,1143.0,144.0,491.0,886.0,0.0
0.0,1.0,0.0,1.0,1.0,0.0,0.0,0.0,0.0,0.0,0.0,1.0,0.0,0.0,2.0,9.0,2.0,4457377.5,5404131.5,4456645.5,5393411.5,4460226.5,5404735.5,3.75926708984375,3.838866933186849,30.755948333333333,166.66666666666666,166.66666666666666,335.0,327.0,186.0,364.0,228.0,161.0,1086.0,1.0
0.0,1.0,1.0,0.0,0.0,0.0,1.0,0.0,0.0,0.0,0.0,1.0,0.0,0.0,4.0,0.0,1.0,4456389.0,5404151.5,4504492.0,5341439.5,4461570.0,5401891.0,6.7167109375,6.519879659016927,53.35007333333333,166.66666666666666,166.66666666666666,331.0,355.0,171.0,2366.0,253.0,542.0,1165.0,0.0
0.0,1.0,1.0,0.0,1.0,0.0,0.0,0.0,0.0,0.0,0.0,1.0,0.0,0.0,2.0,9.0,0.0,4456723.5,5397167.0,4428093.5,5326243.0,4458214.0,5401865.0,4.7293203125000005,6.016916402180989,7.561096166666666,166.66666666666666,166.66666666666666,329.0,326.0,334.0,2419.0,212.0,438.0,665.0,1.0
0.0,1.0,0.0,1.0,1.0,0.0,0.0,0.0,0.0,0.0,0.0,1.0,0.0,0.0,3.0,9.0,1.0,4456758.5,5400446.5,4424999.0,5345733.5,4456309.5,5405791.0,23.102681640625,23.98110148111979,261.60681666666665,166.66666666666666,166.66666666666666,304.0,288.0,301.0,1067.0,140.0,400.0,1011.0,1.0
0.0,1.0,0.0,1.0,1.0,0.0,0.0,0.0,0.0,0.0,0.0,1.0,0.0,0.0,3.0,7.0,1.0,4459831.5,5403731.0,4476989.0,5332285.0,4457598.0,5404485.5,9.605279296875,10.354339599609377,46.95178333333333,166.66666666666666,166.66666666666666,336.0,226.0,235.0,3908.0,186.0,530.0,792.0,5.0
0.0,1.0,1.0,0.0,0.0,0.0,1.0,0.0,0.0,0.0,0.0,1.0,0.0,0.0,1.0,9.0,0.0,4458938.0,5398401.5,4437930.5,5341910.0,4461512.0,5401904.5,1.395645263671875,2.378392791748047,7.625038666666667,166.66666666666666,166.66666666666666,300.0,309.0,338.0,1085.0,253.0,909.0,1398.0,5.0
0.0,1.0,1.0,0.0,1.0,0.0,0.0,0.0,0.0,0.0,0.0,1.0,0.0,0.0,1.0,9.0,0.0,4458265.0,5400154.0,4469869.0,5301299.5,4459876.0,5404622.5,4.2736953125,5.622876993815104,29.18819166666667,166.66666666666666,166.66666666666666,245.0,144.0,317.0,4560.0,227.0,469.0,1037.0,1.0
0.0,1.0,1.0,0.0,1.0,0.0,0.0,0.0,0.0,0.0,0.0,1.0,0.0,0.0,1.0,9.0,1.0,4458854.0,5403622.0,4515934.5,5385832.0,4456795.0,5405487.0,4.4263525390625,4.273945109049479,37.16396666666667,166.66666666666666,166.66666666666666,245.0,227.0,233.0,2083.0,140.0,461.0,1014.0,1.0
0.0,1.0,0.0,1.0,1.0,0.0,0.0,0.0,0.0,0.0,0.0,1.0,0.0,0.0,4.0,9.0,2.0,4457287.5,5404142.5,4447332.0,5303155.5,4458510.5,5404453.5,3.1333974609375,4.163385518391927,14.773309333333332,14.6067525,166.66666666666666,191.0,308.0,186.0,4496.0,190.0,467.0,1315.0,5.0
0.0,1.0,0.0,1.0,1.0,0.0,0.0,0.0,0.0,0.0,0.0,1.0,0.0,0.0,4.0,9.0,2.0,4457287.5,5404142.5,4447332.0,5303155.5,4458510.5,5404453.5,3.1333974609375,4.163385518391927,14.773309333333332,14.6067525,166.66666666666666,191.0,308.0,186.0,4496.0,190.0,787.0,1321.0,1.0
0.0,1.0,1.0,0.0,1.0,0.0,0.0,0.0,0.0,0.0,0.0,1.0,0.0,0.0,3.0,9.0,3.0,4454094.5,5404026.5,4462890.5,5334330.0,4461490.5,5401836.0,4.2394794921875,6.226263427734375,14.25717,166.66666666666666,166.66666666666666,174.0,307.0,148.0,2865.0,253.0,552.0,875.0,5.0
0.0,1.0,1.0,0.0,1.0,0.0,0.0,0.0,0.0,0.0,0.0,1.0,0.0,0.0,4.0,9.0,1.0,4455866.0,5407153.5,4484815.0,5318190.0,4456427.5,5406291.5,8.800419921875001,12.103064982096354,31.18819166666667,166.66666666666666,166.66666666666666,322.0,144.0,140.0,4481.0,140.0,510.0,1056.0,1.0
1.0,0.0,1.0,0.0,1.0,0.0,0.0,0.0,0.0,0.0,0.0,1.0,0.0,0.0,3.0,9.0,1.0,4456476.0,5396954.0,4455239.0,5403722.0,4457475.0,5404851.0,9.4911845703125,12.028980509440103,34.85554166666667,166.66666666666666,166.66666666666666,134.0,241.0,334.0,152.0,184.0,451.0,1240.0,1.0
0.0,1.0,1.0,0.0,1.0,0.0,0.0,0.0,0.0,0.0,0.0,1.0,0.0,0.0,2.0,9.0,0.0,4454938.5,5403724.5,4467023.5,5335849.5,4457558.0,5404947.0,2.2038984375,3.09600346883138,13.470546666666666,166.66666666666666,166.66666666666666,222.0,229.0,152.0,3310.0,144.0,653.0,1089.0,5.0
0.0,1.0,0.0,1.0,1.0,0.0,0.0,0.0,0.0,0.0,0.0,1.0,0.0,0.0,2.0,9.0,1.0,4453977.5,5397895.0,4450468.0,5318454.0,4456997.0,5405220.5,9.219482421875,11.635409545898437,32.113535,166.66666666666666,166.66666666666666,173.0,122.0,327.0,3164.0,143.0,420.0,989.0,1.0
0.0,1.0,1.0,0.0,1.0,0.0,0.0,0.0,0.0,0.0,0.0,1.0,0.0,0.0,4.0,9.0,0.0,4460909.5,5399832.0,4436755.0,5345468.5,4459405.0,5404372.0,7.27563916015625,9.975980631510415,29.18819166666667,166.66666666666666,166.66666666666666,323.0,144.0,350.0,1078.0,226.0,296.0,879.0,1.0
0.0,1.0,1.0,0.0,1.0,0.0,0.0,0.0,0.0,0.0,0.0,1.0,0.0,0.0,3.0,9.0,0.0,4460109.5,5403959.0,4470481.5,5331088.0,4459394.5,5404503.5,4.94526513671875,6.877984619140625,20.77875,19.557186666666663,166.66666666666666,195.0,341.0,236.0,4068.0,224.0,667.0,1212.0,1.0
0.0,1.0,0.0,1.0,1.0,0.0,0.0,0.0,0.0,0.0,0.0,1.0,0.0,0.0,3.0,9.0,2.0,4455691.5,5404051.5,4402712.0,5381013.5,4459481.0,5403691.0,2.579613525390625,3.668290201822917,15.140484999999998,166.66666666666666,166.66666666666666,350.0,354.0,176.0,429.0,234.0,364.0,634.0,5.0
1.0,0.0,1.0,0.0,0.0,0.0,1.0,0.0,0.0,0.0,0.0,1.0,0.0,0.0,0.0,0.0,0.0,4461787.0,5403924.5,4512719.5,5295697.5,4456270.5,5397291.0,18.813474609375,19.30881958007813,55.87590333333333,166.66666666666666,166.66666666666666,350.0,375.0,242.0,4886.0,331.0,456.0,965.0,0.0
0.0,1.0,1.0,0.0,1.0,0.0,0.0,0.0,0.0,0.0,0.0,1.0,0.0,0.0,3.0,9.0,1.0,4458816.0,5403365.0,4454072.0,5318272.5,4459394.5,5404503.5,2.35719140625,3.0538129170735675,1.2417361,166.66666666666666,166.66666666666666,142.0,140.0,199.0,3168.0,224.0,421.0,928.0,2.0
0.0,1.0,1.0,0.0,1.0,0.0,0.0,0.0,0.0,0.0,0.0,1.0,0.0,0.0,3.0,9.0,0.0,4455851.5,5403819.5,4492243.5,5313314.0,4461012.0,5401144.5,19.21206640625,17.12459513346354,176.25594999999998,72.062695,166.66666666666666,336.0,1162.0,176.0,4687.0,346.0,303.0,308.0,1.0
0.0,1.0,0.0,1.0,1.0,0.0,0.0,0.0,0.0,0.0,0.0,1.0,0.0,0.0,3.0,9.0,1.0,4456301.0,5404633.5,4417846.0,5324345.5,4455504.5,5405034.5,4.62544873046875,6.402201843261719,30.859811666666666,32.06957166666666,166.66666666666666,304.0,223.0,166.0,2416.0,165.0,728.0,932.0,3.0
0.0,1.0,1.0,0.0,1.0,0.0,0.0,0.0,0.0,0.0,0.0,1.0,0.0,0.0,4.0,9.0,0.0,4459463.5,5399725.0,4492145.0,5325370.0,4461525.0,5401859.5,12.5696962890625,11.20085957845052,23.70178,49.46935666666666,166.66666666666666,179.0,92.0,349.0,4641.0,253.0,455.0,1091.0,2.0
0.0,1.0,1.0,0.0,1.0,0.0,0.0,0.0,0.0,0.0,0.0,1.0,0.0,0.0,4.0,9.0,1.0,4460114.0,5405531.5,4491968.0,5351046.5,4459747.0,5403420.5,8.9645615234375,8.053333536783853,226.70176666666663,56.20269,166.66666666666666,137.0,92.0,219.0,2297.0,237.0,299.0,422.0,1.0
0.0,1.0,0.0,1.0,1.0,0.0,0.0,0.0,0.0,0.0,0.0,1.0,0.0,0.0,2.0,9.0,1.0,4452513.0,5402644.5,4422249.0,5357790.0,4452877.0,5404303.5,2.0278072509765623,3.597320556640625,7.876783333333334,166.66666666666666,166.66666666666666,204.0,199.0,156.0,901.0,164.0,462.0,708.0,4.0
0.0,1.0,1.0,0.0,1.0,0.0,0.0,0.0,0.0,0.0,0.0,1.0,0.0,0.0,4.0,9.0,1.0,4457167.5,5400757.5,4469053.5,5348064.0,4452899.0,5404596.5,10.987240234375,12.178662109375,166.66666666666666,166.66666666666666,166.66666666666666,149.0,255.0,300.0,1697.0,164.0,946.0,1179.0,4.0
0.0,1.0,1.0,0.0,1.0,0.0,0.0,0.0,0.0,0.0,0.0,1.0,0.0,0.0,2.0,9.0,0.0,4459240.0,5402350.5,4453132.5,5290769.5,4458895.0,5401307.5,6.59687255859375,7.860615539550781,32.23659833333333,166.66666666666666,166.66666666666666,314.0,253.0,245.0,4570.0,339.0,1021.0,175.0,2.0
0.0,1.0,0.0,1.0,1.0,0.0,0.0,0.0,0.0,0.0,0.0,1.0,0.0,0.0,2.0,9.0,0.0,4461415.0,5403606.5,4460231.5,5334306.5,4452877.0,5404303.5,63.0225234375,48.88550618489583,289.82796666666667,295.82796666666667,166.66666666666666,319.0,525.0,242.0,2820.0,164.0,432.0,1106.0,1.0
0.0,1.0,1.0,0.0,1.0,0.0,0.0,0.0,0.0,0.0,0.0,1.0,0.0,0.0,2.0,9.0,1.0,4456608.0,5408180.0,4458994.0,5333818.0,4453228.0,5403351.5,19.398927734375,18.263382975260416,446.41066666666666,166.66666666666666,166.66666666666666,319.0,1110.0,134.0,2817.0,164.0,304.0,831.0,1.0
0.0,1.0,0.0,1.0,1.0,0.0,0.0,0.0,0.0,0.0,0.0,1.0,0.0,0.0,4.0,9.0,1.0,4459444.5,5399684.5,4495292.5,5370793.5,4458584.5,5403139.0,3.9343122558593753,5.14202880859375,1.7125206666666666,166.66666666666666,166.66666666666666,338.0,308.0,349.0,2178.0,208.0,540.0,1073.0,1.0
0.0,1.0,0.0,1.0,1.0,0.0,0.0,0.0,0.0,0.0,0.0,1.0,0.0,0.0,3.0,9.0,3.0,4457646.5,5401085.0,4468914.5,5332733.0,4456313.5,5403634.5,6.4618232421875,9.130613199869792,44.56781333333333,166.66666666666666,166.66666666666666,350.0,187.0,305.0,3664.0,179.0,369.0,884.0,4.0
0.0,1.0,0.0,1.0,1.0,0.0,0.0,0.0,0.0,0.0,0.0,1.0,0.0,0.0,4.0,9.0,2.0,4455015.0,5403228.5,4512921.5,5380612.5,4459663.5,5404151.5,0.5168864135742187,0.6964080174763997,9.509633333333332,166.66666666666666,166.66666666666666,186.0,187.0,161.0,2114.0,229.0,522.0,1126.0,1.0
1.0,0.0,1.0,0.0,1.0,0.0,0.0,0.0,0.0,0.0,0.0,1.0,0.0,0.0,4.0,9.0,1.0,4455866.0,5403928.0,4475817.5,5330338.5,4460757.0,5401208.5,3.754343994140625,4.959517415364584,16.174761666666665,166.66666666666666,166.66666666666666,186.0,164.0,176.0,4243.0,346.0,542.0,924.0,1.0
0.0,1.0,0.0,1.0,1.0,0.0,0.0,0.0,0.0,0.0,0.0,1.0,0.0,0.0,2.0,9.0,1.0,4459896.5,5403896.0,4465665.5,5329629.0,4455504.5,5405034.5,5.562314453125,7.913353474934896,25.08032166666667,166.66666666666666,166.66666666666666,232.0,324.0,235.0,3984.0,165.0,511.0,9.0,5.0
0.0,1.0,0.0,1.0,1.0,0.0,0.0,0.0,0.0,0.0,0.0,1.0,0.0,0.0,3.0,9.0,0.0,4458532.5,5401094.5,4417631.0,5358038.0,4462509.0,5402931.5,4.80459619140625,6.457624308268229,16.74935,166.66666666666666,166.66666666666666,213.0,167.0,310.0,833.0,348.0,540.0,707.0,2.0
0.0,1.0,0.0,1.0,1.0,0.0,0.0,0.0,0.0,0.0,0.0,1.0,0.0,0.0,2.0,9.0,1.0,4457748.0,5398232.5,4417739.5,5360018.5,4457302.0,5404678.5,9.74379296875,10.341747029622397,45.57230666666667,166.66666666666666,166.66666666666666,340.0,124.0,336.0,785.0,184.0,1362.0,479.0,1.0
0.0,1.0,1.0,0.0,1.0,0.0,0.0,0.0,0.0,0.0,0.0,1.0,0.0,0.0,3.0,9.0,1.0,4457313.5,5403022.0,4418370.0,5359136.0,4459663.5,5404151.5,5.02245849609375,7.796013895670573,21.140485,166.66666666666666,166.66666666666666,340.0,354.0,204.0,799.0,229.0,357.0,774.0,4.0
1.0,0.0,1.0,0.0,1.0,0.0,0.0,0.0,0.0,0.0,0.0,1.0,0.0,0.0,5.0,9.0,1.0,4456471.0,5400344.0,4483066.5,5390235.5,4457660.5,5405507.5,6.7167109375,6.519879659016927,53.35007333333333,166.66666666666666,166.66666666666666,331.0,355.0,301.0,412.0,144.0,382.0,669.0,1.0
1.0,0.0,0.0,1.0,1.0,0.0,0.0,0.0,0.0,0.0,0.0,1.0,0.0,0.0,2.0,9.0,0.0,4459264.5,5404746.0,4469149.0,5336409.0,4463375.5,5403096.5,3.43320751953125,4.513103739420573,17.410588333333333,166.66666666666666,166.66666666666666,175.0,235.0,224.0,3392.0,348.0,476.0,1108.0,5.0
0.0,1.0,0.0,1.0,1.0,0.0,0.0,0.0,0.0,0.0,0.0,1.0,0.0,0.0,2.0,9.0,1.0,4459606.0,5404830.0,4469811.0,5334131.0,4458681.0,5400025.5,7.14836474609375,8.487464396158854,27.53288333333333,26.681943333333333,166.66666666666666,317.0,228.0,224.0,3605.0,324.0,447.0,734.0,3.0
0.0,1.0,0.0,1.0,1.0,0.0,0.0,0.0,0.0,0.0,0.0,1.0,0.0,0.0,3.0,9.0,1.0,4456780.0,5402080.5,4468248.5,5336931.0,4461257.5,5401380.0,2.864189697265625,7.762250264485677,4.280410333333333,166.66666666666666,166.66666666666666,102.0,99.0,203.0,3234.0,347.0,546.0,1141.0,1.0
0.0,1.0,1.0,0.0,1.0,0.0,0.0,0.0,0.0,0.0,0.0,1.0,0.0,0.0,3.0,9.0,2.0,4455935.0,5400415.5,4469375.0,5333723.5,4460488.5,5401122.0,10.241251953125,16.20116475423177,37.20460166666667,166.66666666666666,166.66666666666666,102.0,140.0,298.0,3609.0,346.0,311.0,892.0,1.0
0.0,1.0,1.0,0.0,1.0,0.0,0.0,0.0,0.0,0.0,0.0,1.0,0.0,0.0,4.0,5.0,1.0,4457049.5,5397017.5,4481084.0,5363125.0,4461275.0,5401357.0,19.53980078125,21.40648396809896,35.87590333333333,166.66666666666666,166.66666666666666,165.0,375.0,335.0,1612.0,347.0,361.0,526.0,1.0
0.0,1.0,0.0,1.0,0.0,0.0,1.0,0.0,0.0,0.0,0.0,1.0,0.0,0.0,2.0,5.0,1.0,4453825.5,5405065.0,4502137.0,5383914.5,4458474.5,5400413.0,3.450228759765625,3.911681620279948,15.918743833333334,166.66666666666666,166.66666666666666,174.0,133.0,164.0,2077.0,318.0,520.0,879.0,2.0
0.0,1.0,0.0,1.0,1.0,0.0,0.0,0.0,0.0,0.0,0.0,1.0,0.0,0.0,4.0,9.0,1.0,4458527.0,5403191.5,4416635.0,5357026.0,4459036.0,5402820.0,3.254941162109375,3.935303243001302,15.400411666666669,166.66666666666666,166.66666666666666,219.0,187.0,208.0,782.0,243.0,463.0,1042.0,5.0
0.0,1.0,1.0,0.0,1.0,0.0,0.0,0.0,0.0,0.0,0.0,1.0,0.0,0.0,2.0,9.0,1.0,4458694.5,5398349.5,4415245.5,5324381.0,4455976.5,5398594.5,8.13235302734375,10.337001546223958,30.62028833333333,166.66666666666666,166.66666666666666,205.0,332.0,338.0,2446.0,321.0,544.0,1118.0,2.0
0.0,1.0,0.0,1.0,1.0,0.0,0.0,0.0,0.0,0.0,0.0,1.0,0.0,0.0,3.0,9.0,1.0,4452732.5,5402570.0,4509329.0,5378291.0,4460075.0,5404522.5,34.915296875,25.026226806640626,251.69585,187.1743,166.66666666666666,216.0,41.0,156.0,2104.0,228.0,375.0,844.0,1.0
0.0,1.0,1.0,0.0,1.0,0.0,0.0,0.0,0.0,0.0,0.0,1.0,0.0,0.0,3.0,9.0,0.0,4456280.5,5404309.5,4413931.0,5362807.0,4457191.0,5405931.5,3.137763916015625,4.871100362141927,28.829736666666665,166.66666666666666,166.66666666666666,216.0,250.0,169.0,582.0,140.0,546.0,1062.0,1.0
0.0,1.0,0.0,1.0,1.0,0.0,0.0,0.0,0.0,0.0,0.0,1.0,0.0,0.0,3.0,9.0,1.0,4459044.0,5403884.5,4452286.5,5338406.5,4461164.0,5401081.5,10.1404755859375,10.945955403645833,35.27220833333333,166.66666666666666,166.66666666666666,336.0,241.0,231.0,1399.0,346.0,456.0,785.0,4.0
0.0,1.0,0.0,1.0,1.0,0.0,0.0,0.0,0.0,0.0,0.0,1.0,0.0,0.0,2.0,9.0,1.0,4459391.0,5400586.0,4472358.0,5334959.5,4461490.5,5401836.0,4.288208984375,5.632569885253906,166.66666666666666,166.66666666666666,166.66666666666666,149.0,144.0,342.0,3772.0,253.0,490.0,1034.0,1.0
0.0,1.0,1.0,0.0,1.0,0.0,0.0,0.0,0.0,0.0,0.0,1.0,0.0,0.0,3.0,9.0,0.0,4455992.5,5399412.0,4402871.0,5381673.5,4460689.0,5401052.0,28.190310546875,24.61542561848958,245.51783333333333,224.51783333333333,166.66666666666666,212.0,14.0,319.0,431.0,346.0,458.0,831.0,1.0
0.0,1.0,1.0,0.0,0.0,0.0,1.0,0.0,0.0,0.0,0.0,1.0,0.0,0.0,5.0,0.0,0.0,4456890.5,5400716.5,4461466.5,5328143.5,4462608.5,5402664.5,12.80560546875,12.466688028971356,177.89823333333334,166.66666666666666,166.66666666666666,350.0,377.0,300.0,3024.0,348.0,416.0,991.0,0.0
0.0,1.0,0.0,1.0,1.0,0.0,0.0,0.0,0.0,0.0,0.0,1.0,0.0,0.0,2.0,9.0,1.0,4459777.0,5405522.0,4471265.0,5324796.0,4461580.5,5401514.0,3.215986083984375,4.763265991210938,16.270773333333334,166.66666666666666,166.66666666666666,350.0,308.0,218.0,4130.0,347.0,359.0,756.0,1.0
0.0,1.0,1.0,0.0,1.0,0.0,0.0,0.0,0.0,0.0,0.0,1.0,0.0,0.0,1.0,9.0,0.0,4455433.5,5403476.5,4526921.5,5368899.5,4460323.0,5404275.5,2.36174609375,3.424641672770182,20.081838333333334,166.66666666666666,166.66666666666666,199.0,206.0,155.0,2266.0,230.0,357.0,738.0,4.0
0.0,1.0,0.0,1.0,1.0,0.0,0.0,0.0,0.0,0.0,0.0,1.0,0.0,0.0,2.0,9.0,1.0,4456542.5,5397784.0,4473309.0,5328733.0,4461623.5,5401056.0,3.919644775390625,5.449923197428386,10.494396666666669,166.66666666666666,166.66666666666666,309.0,321.0,330.0,4214.0,347.0,423.0,698.0,5.0
0.0,1.0,1.0,0.0,1.0,0.0,0.0,0.0,0.0,0.0,0.0,1.0,0.0,0.0,2.0,9.0,0.0,4455545.0,5399328.0,4464797.0,5325474.5,4461487.0,5401866.5,2.048522216796875,2.5786402384440104,30.934465,166.66666666666666,166.66666666666666,145.0,144.0,162.0,3140.0,253.0,511.0,907.0,4.0
0.0,1.0,1.0,0.0,1.0,0.0,0.0,0.0,0.0,0.0,0.0,1.0,0.0,0.0,4.0,9.0,0.0,4456802.5,5403640.5,4476146.5,5326086.5,4456873.0,5401342.0,22.430216796875,17.670574951171876,316.09863333333334,166.66666666666666,166.66666666666666,101.0,61.0,182.0,4293.0,297.0,603.0,1121.0,0.0
0.0,1.0,0.0,1.0,1.0,0.0,0.0,0.0,0.0,0.0,0.0,1.0,0.0,0.0,4.0,9.0,1.0,4456226.5,5404045.5,4475405.5,5333060.5,4461139.5,5401184.0,7.751775390625,8.0859130859375,36.4869,166.66666666666666,166.66666666666666,319.0,286.0,177.0,3877.0,346.0,423.0,1032.0,1.0
0.0,1.0,0.0,1.0,1.0,0.0,0.0,0.0,0.0,0.0,0.0,1.0,0.0,0.0,3.0,9.0,0.0,4455760.5,5407782.0,4469657.0,5301162.5,4457174.0,5404689.0,8.07693603515625,10.58629862467448,26.96391833333333,166.66666666666666,166.66666666666666,241.0,148.0,134.0,4560.0,173.0,461.0,1039.0,1.0
0.0,1.0,0.0,1.0,1.0,0.0,0.0,0.0,0.0,0.0,0.0,1.0,0.0,0.0,4.0,9.0,0.0,4457441.5,5402891.0,4461208.0,5302189.0,4455504.5,5405034.5,13.2668525390625,10.37529296875,12.972998333333331,166.66666666666666,166.66666666666666,135.0,104.0,206.0,4539.0,165.0,508.0,1064.0,1.0
0.0,1.0,0.0,1.0,1.0,0.0,0.0,0.0,0.0,0.0,0.0,1.0,0.0,0.0,3.0,9.0,1.0,4459057.0,5406727.5,4458953.0,5404089.0,4456379.5,5405458.0,25.862703125,18.92009073893229,217.2449,43.37531333333333,166.66666666666666,245.0,382.0,139.0,231.0,165.0,754.0,1008.0,3.0
0.0,1.0,0.0,1.0,1.0,0.0,0.0,0.0,0.0,0.0,0.0,1.0,0.0,0.0,3.0,9.0,0.0,4459260.0,5403390.0,4508862.5,5302056.0,4455976.5,5398594.5,6.4302353515625,6.717079671223958,42.052546666666665,166.66666666666666,166.66666666666666,350.0,229.0,234.0,4828.0,321.0,494.0,73.0,1.0
0.0,1.0,0.0,1.0,1.0,0.0,0.0,0.0,0.0,0.0,0.0,1.0,0.0,0.0,2.0,9.0,0.0,4455902.0,5403584.0,4444936.0,5342748.0,4461512.0,5401904.5,17.208904296875,17.6142822265625,50.37156166666667,166.66666666666666,166.66666666666666,98.0,113.0,178.0,1265.0,253.0,481.0,904.0,1.0
0.0,1.0,0.0,1.0,1.0,0.0,0.0,0.0,0.0,0.0,0.0,1.0,0.0,0.0,3.0,9.0,1.0,4459078.0,5406361.5,4456490.5,5334307.5,4461335.0,5401081.0,9.557056640625,12.547735595703124,30.992576666666665,166.66666666666666,166.66666666666666,154.0,254.0,222.0,2669.0,347.0,581.0,1162.0,4.0
0.0,1.0,0.0,1.0,1.0,0.0,0.0,0.0,0.0,0.0,0.0,1.0,0.0,0.0,2.0,9.0,1.0,4458199.0,5401512.0,4415239.5,5324144.5,4459453.0,5404135.5,9.4340537109375,12.046720377604167,46.101505,166.66666666666666,166.66666666666666,336.0,143.0,307.0,2446.0,226.0,274.0,703.0,1.0
0.0,1.0,0.0,1.0,1.0,0.0,0.0,0.0,0.0,0.0,0.0,1.0,0.0,0.0,5.0,9.0,2.0,4456273.0,5400113.5,4488743.0,5353297.5,4463359.5,5402925.5,47.7621015625,30.55304158528645,138.42286666666666,103.876595,166.66666666666666,213.0,1160.0,298.0,1671.0,348.0,381.0,1122.0,1.0
0.0,1.0,1.0,0.0,1.0,0.0,0.0,0.0,0.0,0.0,0.0,1.0,0.0,0.0,4.0,9.0,2.0,4457229.0,5401499.5,4415276.0,5328491.0,4452877.0,5404303.5,9.23228125,13.066971842447916,32.881526666666666,166.66666666666666,166.66666666666666,178.0,138.0,297.0,2403.0,164.0,413.0,1018.0,1.0
0.0,1.0,1.0,0.0,1.0,0.0,0.0,0.0,0.0,0.0,0.0,1.0,0.0,0.0,3.0,9.0,1.0,4454346.0,5404537.0,4472772.5,5385018.5,4458581.5,5400804.0,8.713564453125,10.155392456054688,16.93822833333333,166.66666666666666,166.66666666666666,218.0,113.0,147.0,1166.0,316.0,409.0,788.0,1.0
0.0,1.0,0.0,1.0,0.0,1.0,0.0,0.0,0.0,0.0,0.0,1.0,0.0,0.0,2.0,8.0,1.0,4458993.5,5405201.0,4528824.5,5360830.0,4453228.0,5403351.5,4.98104833984375,6.704547627766927,14.166088833333331,166.66666666666666,166.66666666666666,242.0,185.0,216.0,2375.0,164.0,370.0,928.0,2.0
0.0,1.0,0.0,1.0,0.0,1.0,0.0,0.0,0.0,0.0,0.0,1.0,0.0,0.0,1.0,8.0,1.0,4459101.5,5406482.5,4465640.0,5332767.5,4460540.0,5401017.5,4.000646240234375,5.22704569498698,29.05189833333333,30.41418333333333,166.66666666666666,145.0,308.0,222.0,3512.0,346.0,808.0,1399.0,3.0
1.0,0.0,1.0,0.0,1.0,0.0,0.0,0.0,0.0,0.0,0.0,1.0,0.0,0.0,1.0,9.0,1.0,4457055.5,5404251.5,4472027.0,5333800.5,4460822.0,5405567.0,5.44563671875,7.145425415039062,20.417875,21.412096666666667,166.66666666666666,186.0,318.0,175.0,3800.0,239.0,1133.0,38.0,3.0
0.0,1.0,0.0,1.0,1.0,0.0,0.0,0.0,0.0,0.0,0.0,1.0,0.0,0.0,2.0,9.0,0.0,4456056.5,5404281.0,4509698.0,5356474.5,4457785.5,5405223.0,17.6837890625,17.919045003255206,173.57116666666667,166.66666666666666,166.66666666666666,254.0,72.0,170.0,2325.0,144.0,401.0,922.0,1.0
0.0,1.0,1.0,0.0,1.0,0.0,0.0,0.0,0.0,0.0,0.0,1.0,0.0,0.0,3.0,9.0,0.0,4460127.5,5405808.0,4453539.5,5326733.0,4459286.0,5404275.5,7.97706396484375,10.054376220703125,43.642085,166.66666666666666,166.66666666666666,219.0,111.0,222.0,2980.0,226.0,407.0,802.0,1.0
0.0,1.0,0.0,1.0,1.0,0.0,0.0,0.0,0.0,0.0,0.0,1.0,0.0,0.0,2.0,9.0,1.0,4457037.5,5404434.0,4476068.5,5343459.5,4457452.0,5405038.5,4.7118154296875,6.576554870605468,41.387345,166.66666666666666,166.66666666666666,340.0,250.0,175.0,1959.0,144.0,342.0,934.0,1.0
0.0,1.0,1.0,0.0,1.0,0.0,0.0,0.0,0.0,0.0,0.0,1.0,0.0,0.0,2.0,9.0,1.0,4458440.5,5400232.0,4469527.0,5320521.0,4461570.0,5401891.0,20.362509765625,17.485555013020832,226.00725,166.66666666666666,166.66666666666666,340.0,406.0,317.0,4424.0,253.0,429.0,1144.0,1.0
0.0,1.0,1.0,0.0,1.0,0.0,0.0,0.0,0.0,0.0,0.0,1.0,0.0,0.0,3.0,5.0,1.0,4456266.5,5404228.0,4468968.5,5348940.5,4459043.0,5403419.0,9.642724609375,11.634435017903646,37.36722,38.09956666666667,166.66666666666666,312.0,365.0,171.0,1690.0,233.0,391.0,850.0,1.0
0.0,1.0,0.0,1.0,1.0,0.0,0.0,0.0,0.0,0.0,0.0,1.0,0.0,0.0,3.0,9.0,1.0,4459583.0,5400752.5,4428066.0,5396416.0,4459394.5,5404503.5,5.8442216796875,8.036322021484375,166.66666666666666,166.66666666666666,166.66666666666666,149.0,310.0,342.0,17.0,224.0,464.0,678.0,5.0
0.0,1.0,1.0,0.0,1.0,0.0,0.0,0.0,0.0,0.0,0.0,1.0,0.0,0.0,3.0,6.0,1.0,4457678.5,5397983.5,4434055.5,5389588.5,4459765.5,5404551.0,13.88819140625,14.616708374023435,166.66666666666666,166.66666666666666,166.66666666666666,149.0,352.0,336.0,33.0,227.0,1029.0,147.0,4.0
0.0,1.0,0.0,1.0,1.0,0.0,0.0,0.0,0.0,0.0,0.0,1.0,0.0,0.0,3.0,9.0,1.0,4459146.0,5401962.5,4415388.5,5372996.5,4456571.0,5405677.0,14.4782822265625,18.218686930338546,51.73388666666666,49.36132,166.66666666666666,152.0,365.0,247.0,488.0,140.0,728.0,1025.0,1.0
0.0,1.0,1.0,0.0,1.0,0.0,0.0,0.0,0.0,0.0,0.0,1.0,0.0,0.0,2.0,9.0,0.0,4457558.0,5397640.5,4436744.0,5369372.5,4461300.0,5401206.0,6.106357421875,8.187120056152343,32.32152333333333,166.66666666666666,166.66666666666666,343.0,144.0,333.0,551.0,347.0,443.0,889.0,1.0
1.0,0.0,0.0,1.0,1.0,0.0,0.0,0.0,0.0,0.0,0.0,1.0,0.0,0.0,1.0,9.0,0.0,4456600.0,5404337.0,4432980.5,5383506.5,4456104.5,5405097.5,17.450935546875,17.814337158203124,61.657145,166.66666666666666,166.66666666666666,241.0,105.0,174.0,482.0,165.0,469.0,673.0,2.0
0.0,1.0,0.0,1.0,1.0,0.0,0.0,0.0,0.0,0.0,0.0,1.0,0.0,0.0,3.0,9.0,0.0,4457781.0,5402948.5,4438382.0,5362970.0,4453158.0,5403239.0,21.928193359375,26.882130940755207,312.3131666666667,166.66666666666666,166.66666666666666,169.0,293.0,205.0,1030.0,156.0,531.0,1119.0,1.0
0.0,1.0,1.0,0.0,1.0,0.0,0.0,0.0,0.0,0.0,0.0,1.0,0.0,0.0,1.0,9.0,2.0,4457829.5,5401223.0,4462155.5,5398261.5,4455976.5,5398594.5,20.87244921875,20.547373453776043,92.87785666666667,166.66666666666666,166.66666666666666,314.0,408.0,306.0,356.0,321.0,457.0,962.0,4.0
0.0,1.0,0.0,1.0,1.0,0.0,0.0,0.0,0.0,0.0,0.0,1.0,0.0,0.0,4.0,9.0,1.0,4454937.5,5403507.0,4453281.5,5290120.0,4456873.0,5401342.0,7.910873046875,10.828268432617188,34.520043333333334,166.66666666666666,166.66666666666666,241.0,147.0,154.0,4579.0,297.0,604.0,1150.0,1.0
0.0,1.0,0.0,1.0,1.0,0.0,0.0,0.0,0.0,0.0,0.0,1.0,0.0,0.0,3.0,9.0,1.0,4455688.0,5403357.5,4483336.5,5305784.0,4455976.5,5398594.5,26.096345703125,17.414080810546874,381.41066666666666,166.66666666666666,166.66666666666666,220.0,1110.0,178.0,4600.0,321.0,1125.0,217.0,1.0
0.0,1.0,1.0,0.0,1.0,0.0,0.0,0.0,0.0,0.0,0.0,1.0,0.0,0.0,3.0,9.0,1.0,4456171.0,5403768.5,4447611.0,5393670.5,4460703.0,5401245.0,5.13797412109375,5.559872436523437,29.82714833333333,166.66666666666666,166.66666666666666,220.0,247.0,177.0,291.0,346.0,478.0,1017.0,1.0
0.0,1.0,0.0,1.0,1.0,0.0,0.0,0.0,0.0,0.0,0.0,1.0,0.0,0.0,3.0,9.0,2.0,4459741.0,5405452.5,4493532.0,5352353.0,4452877.0,5404303.5,9.4319482421875,13.330325317382812,38.517155,166.66666666666666,166.66666666666666,243.0,132.0,218.0,2294.0,164.0,475.0,1087.0,1.0
0.0,1.0,0.0,1.0,0.0,1.0,0.0,0.0,0.0,0.0,0.0,1.0,0.0,0.0,1.0,9.0,1.0,4455915.0,5404069.5,4421945.0,5358256.0,4457299.0,5405404.5,7.143190917968751,9.418916829427085,23.63659833333333,166.66666666666666,166.66666666666666,174.0,253.0,176.0,893.0,144.0,336.0,631.0,2.0
0.0,1.0,1.0,0.0,1.0,0.0,0.0,0.0,0.0,0.0,0.0,1.0,0.0,0.0,2.0,9.0,1.0,4457299.5,5401182.5,4416870.0,5356022.0,4458064.0,5405052.5,39.96746875,38.81413167317708,311.3270166666666,293.3270166666666,166.66666666666666,216.0,9.0,305.0,937.0,145.0,462.0,618.0,1.0
0.0,1.0,0.0,1.0,1.0,0.0,0.0,0.0,0.0,0.0,0.0,1.0,0.0,0.0,3.0,9.0,1.0,4459343.0,5402465.0,4461567.0,5328338.0,4458816.0,5401435.0,5.1639755859375,6.961231994628906,166.66666666666666,166.66666666666666,166.66666666666666,216.0,149.0,246.0,3024.0,308.0,480.0,949.0,4.0
0.0,1.0,0.0,1.0,1.0,0.0,0.0,0.0,0.0,0.0,0.0,1.0,0.0,0.0,3.0,9.0,1.0,4459343.0,5402465.0,4461567.0,5328338.0,4458816.0,5401435.0,5.1639755859375,6.961231994628906,166.66666666666666,166.66666666666666,166.66666666666666,216.0,149.0,246.0,3024.0,308.0,887.0,237.0,5.0
0.0,1.0,0.0,1.0,1.0,0.0,0.0,0.0,0.0,0.0,0.0,1.0,0.0,0.0,4.0,9.0,1.0,4459766.0,5400436.0,4463128.5,5408100.5,4451879.5,5402609.5,14.3587568359375,17.238846842447916,48.047716666666666,166.66666666666666,166.66666666666666,187.0,286.0,345.0,122.0,99.0,336.0,354.0,1.0
0.0,1.0,1.0,0.0,1.0,0.0,0.0,0.0,0.0,0.0,0.0,1.0,0.0,0.0,3.0,9.0,1.0,4456129.5,5399698.5,4442044.5,5429253.0,4457372.5,5404651.0,30.558376953125,26.5465799967448,84.71966666666667,166.66666666666666,166.66666666666666,187.0,2.0,319.0,8.0,184.0,538.0,1046.0,1.0
0.0,1.0,0.0,1.0,1.0,0.0,0.0,0.0,0.0,0.0,0.0,1.0,0.0,0.0,4.0,9.0,0.0,4458463.5,5404520.5,4462152.0,5337691.0,4461094.5,5405906.5,0.7266043090820312,1.0502274831136067,17.117383333333333,166.66666666666666,166.66666666666666,247.0,339.0,189.0,2751.0,239.0,624.0,1125.0,1.0
0.0,1.0,0.0,1.0,1.0,0.0,0.0,0.0,0.0,0.0,0.0,1.0,0.0,0.0,1.0,9.0,2.0,4457617.5,5400182.0,4468725.0,5330936.0,4455941.0,5405229.5,4.5309599609375,5.894383239746094,29.18819166666667,166.66666666666666,166.66666666666666,247.0,144.0,313.0,4018.0,165.0,324.0,849.0,2.0
0.0,1.0,0.0,1.0,1.0,0.0,0.0,0.0,0.0,0.0,0.0,1.0,0.0,0.0,2.0,9.0,2.0,4458204.5,5402020.0,4466509.0,5331508.0,4458057.5,5405151.0,17.05484765625,18.327443440755207,31.875903333333333,166.66666666666666,166.66666666666666,187.0,375.0,212.0,3551.0,145.0,935.0,1373.0,1.0
0.0,1.0,0.0,1.0,1.0,0.0,0.0,0.0,0.0,0.0,0.0,1.0,0.0,0.0,4.0,9.0,1.0,4454835.5,5403626.0,4458104.5,5334476.5,4457711.0,5405274.0,2.662978759765625,3.7266342163085935,14.188191666666668,166.66666666666666,166.66666666666666,204.0,144.0,151.0,2678.0,144.0,406.0,833.0,5.0
0.0,1.0,0.0,1.0,1.0,0.0,0.0,0.0,0.0,0.0,0.0,1.0,0.0,0.0,3.0,9.0,0.0,4456959.5,5404331.5,4458867.5,5333895.0,4457147.0,5405571.5,6.2359599609375005,8.257046508789063,33.33819166666667,166.66666666666666,166.66666666666666,344.0,144.0,175.0,2817.0,141.0,345.0,475.0,2.0
0.0,1.0,0.0,1.0,1.0,0.0,0.0,0.0,0.0,0.0,0.0,1.0,0.0,0.0,5.0,9.0,2.0,4452727.5,5402135.5,4432375.5,5330335.0,4458783.0,5402432.0,1.081131103515625,1.6588443756103517,166.66666666666666,166.66666666666666,166.66666666666666,172.0,141.0,158.0,2432.0,211.0,607.0,1017.0,1.0
0.0,1.0,1.0,0.0,1.0,0.0,0.0,0.0,0.0,0.0,0.0,1.0,0.0,0.0,4.0,9.0,2.0,4456450.5,5404654.5,4470547.0,5366074.5,4458895.0,5401307.5,2.64304052734375,3.6255109151204414,1.2417361,166.66666666666666,166.66666666666666,172.0,140.0,172.0,1195.0,339.0,472.0,607.0,1.0
0.0,1.0,1.0,0.0,1.0,0.0,0.0,0.0,0.0,0.0,0.0,1.0,0.0,0.0,4.0,9.0,2.0,4456450.5,5404654.5,4470547.0,5366074.5,4458895.0,5401307.5,2.64304052734375,3.6255109151204414,1.2417361,166.66666666666666,166.66666666666666,172.0,140.0,172.0,1195.0,339.0,490.0,1217.0,1.0
0.0,1.0,0.0,1.0,1.0,0.0,0.0,0.0,0.0,0.0,0.0,1.0,0.0,0.0,1.0,9.0,2.0,4459447.5,5403377.5,4481119.0,5363344.5,4457720.0,5404649.0,8.334591796875,11.71613260904948,37.49419833333333,166.66666666666666,166.66666666666666,172.0,110.0,234.0,1212.0,185.0,568.0,1108.0,1.0
0.0,1.0,0.0,1.0,1.0,0.0,0.0,0.0,0.0,0.0,0.0,1.0,0.0,0.0,1.0,9.0,1.0,4458385.5,5401850.0,4418141.0,5363857.0,4459938.5,5404242.5,2.16826171875,3.211034138997396,6.551678999999999,166.66666666666666,166.66666666666666,186.0,179.0,212.0,516.0,229.0,502.0,763.0,1.0
0.0,1.0,1.0,0.0,1.0,0.0,0.0,0.0,0.0,0.0,0.0,1.0,0.0,0.0,1.0,9.0,1.0,4459658.0,5401055.5,4396535.5,5363690.0,4460174.0,5404449.5,22.411583984375,28.303531901041666,367.65358333333336,166.66666666666666,166.66666666666666,102.0,292.0,340.0,442.0,230.0,358.0,1180.0,1.0
0.0,1.0,1.0,0.0,0.0,0.0,1.0,0.0,0.0,0.0,0.0,1.0,0.0,0.0,2.0,6.0,1.0,4458529.0,5398871.5,4471442.5,5326038.0,4463359.5,5402925.5,10.472884765625,11.458170572916666,41.4869,166.66666666666666,166.66666666666666,315.0,286.0,326.0,4133.0,348.0,648.0,1427.0,4.0
0.0,1.0,1.0,0.0,1.0,0.0,0.0,0.0,0.0,0.0,0.0,1.0,0.0,0.0,1.0,9.0,1.0,4459590.5,5403490.0,4502590.0,5312304.0,4459121.5,5401852.5,3.038400390625,3.920609792073568,16.944543333333332,166.66666666666666,166.66666666666666,245.0,347.0,234.0,4712.0,247.0,493.0,933.0,5.0
0.0,1.0,0.0,1.0,1.0,0.0,0.0,0.0,0.0,0.0,0.0,1.0,0.0,0.0,2.0,9.0,0.0,4457570.5,5400313.0,4500140.5,5302647.0,4458774.5,5398358.5,8.34703515625,10.91627197265625,36.54050333333333,166.66666666666666,166.66666666666666,100.0,307.0,313.0,4751.0,338.0,401.0,1022.0,2.0
0.0,1.0,1.0,0.0,1.0,0.0,0.0,0.0,0.0,0.0,0.0,1.0,0.0,0.0,2.0,5.0,1.0,4456209.0,5404609.0,4497110.0,5304062.5,4461512.0,5401904.5,8.319933593750001,10.670287068684896,37.20460166666667,166.66666666666666,166.66666666666666,100.0,140.0,166.0,4741.0,253.0,674.0,1189.0,4.0
0.0,1.0,1.0,0.0,1.0,0.0,0.0,0.0,0.0,0.0,0.0,1.0,0.0,0.0,5.0,9.0,0.0,4457030.5,5397499.0,4485764.5,5377237.0,4451863.5,5402680.0,3.039630615234376,4.315621948242187,28.897001666666664,166.66666666666666,166.66666666666666,201.0,165.0,333.0,1187.0,99.0,846.0,1346.0,5.0
1.0,0.0,1.0,0.0,1.0,0.0,0.0,0.0,0.0,0.0,0.0,1.0,0.0,0.0,5.0,9.0,1.0,4456508.5,5404947.0,4522034.5,5308416.0,4463394.0,5402695.5,1.9218668212890624,2.954699198404948,27.858276666666665,166.66666666666666,166.66666666666666,201.0,210.0,142.0,4899.0,348.0,433.0,996.0,1.0
0.0,1.0,1.0,0.0,1.0,0.0,0.0,0.0,0.0,0.0,0.0,1.0,0.0,0.0,3.0,9.0,2.0,4462370.5,5404062.5,4510725.5,5293034.5,4463375.5,5403096.5,4.9058310546875,6.417286682128906,14.881964166666668,166.66666666666666,166.66666666666666,176.0,224.0,254.0,4885.0,348.0,721.0,1299.0,4.0
0.0,1.0,0.0,1.0,1.0,0.0,0.0,0.0,0.0,0.0,0.0,1.0,0.0,0.0,1.0,0.0,1.0,4458516.0,5404210.0,4469214.0,5433158.5,4458064.0,5405052.5,21.52676953125,22.613014729817703,52.625208333333326,166.66666666666666,166.66666666666666,320.0,120.0,191.0,75.0,145.0,1118.0,101.0,1.0
0.0,1.0,1.0,0.0,1.0,0.0,0.0,0.0,0.0,0.0,0.0,1.0,0.0,0.0,2.0,9.0,3.0,4458271.0,5398055.0,4460487.0,5391346.5,4461580.5,5401514.0,5.23455322265625,7.082293701171875,11.032408333333333,166.66666666666666,166.66666666666666,139.0,143.0,338.0,371.0,347.0,806.0,1367.0,5.0
0.0,1.0,1.0,0.0,1.0,0.0,0.0,0.0,0.0,0.0,0.0,1.0,0.0,0.0,5.0,9.0,1.0,4458732.5,5404535.5,4412826.5,5363031.5,4461580.5,5401514.0,2.795658203125,3.4661936442057293,7.680635499999999,166.66666666666666,166.66666666666666,148.0,157.0,189.0,578.0,347.0,532.0,1060.0,4.0
0.0,1.0,1.0,0.0,1.0,0.0,0.0,0.0,0.0,0.0,0.0,1.0,0.0,0.0,1.0,9.0,2.0,4456827.5,5404692.5,4408427.5,5339357.0,4457852.5,5405105.0,17.48790234375,14.25512186686198,35.973,166.66666666666666,166.66666666666666,166.0,104.0,172.0,636.0,144.0,437.0,657.0,1.0
0.0,1.0,0.0,1.0,1.0,0.0,0.0,0.0,0.0,0.0,0.0,1.0,0.0,0.0,3.0,9.0,2.0,4458856.5,5398015.5,4412077.0,5336580.0,4461964.0,5405814.0,4.089004638671876,5.8034515380859375,15.481943333333334,166.66666666666666,166.66666666666666,172.0,228.0,338.0,2384.0,239.0,372.0,1156.0,1.0
0.0,1.0,1.0,0.0,1.0,0.0,0.0,0.0,0.0,0.0,0.0,1.0,0.0,0.0,3.0,4.0,1.0,4455518.5,5403731.0,4416704.0,5365080.5,4456543.5,5406056.5,0.2858490600585937,0.5716981252034505,3.031624666666666,166.66666666666666,166.66666666666666,172.0,142.0,153.0,511.0,140.0,457.0,699.0,5.0
0.0,1.0,1.0,0.0,1.0,0.0,0.0,0.0,0.0,0.0,0.0,1.0,0.0,0.0,1.0,9.0,1.0,4458822.5,5404626.0,4417057.0,5347978.5,4457452.0,5405038.5,5.22045556640625,7.389323425292969,17.352335,15.041878333333331,166.66666666666666,172.0,309.0,189.0,1048.0,144.0,484.0,1279.0,3.0
0.0,1.0,1.0,0.0,1.0,0.0,0.0,0.0,0.0,0.0,0.0,1.0,0.0,0.0,3.0,9.0,0.0,4458690.5,5398841.5,4453392.5,5358210.5,4463359.5,5402925.5,24.331490234375,21.21982421875,217.43595,166.66666666666666,166.66666666666666,339.0,407.0,326.0,1246.0,348.0,1033.0,178.0,1.0
0.0,1.0,0.0,1.0,1.0,0.0,0.0,0.0,0.0,0.0,0.0,1.0,0.0,0.0,5.0,9.0,1.0,4460092.5,5404116.0,4451556.5,5341924.5,4457826.0,5405353.0,0.6960534057617188,1.451364008585612,166.66666666666666,166.66666666666666,166.66666666666666,206.0,207.0,230.0,1310.0,144.0,417.0,1192.0,5.0
0.0,1.0,1.0,0.0,1.0,0.0,0.0,0.0,0.0,0.0,0.0,1.0,0.0,0.0,2.0,9.0,1.0,4456363.0,5407644.5,4463136.0,5376669.0,4458156.5,5402439.5,3.28667138671875,4.541332499186198,31.24178,166.66666666666666,166.66666666666666,311.0,349.0,137.0,1128.0,210.0,359.0,891.0,4.0
0.0,1.0,0.0,1.0,1.0,0.0,0.0,0.0,0.0,0.0,0.0,1.0,0.0,0.0,4.0,9.0,1.0,4459747.0,5403959.0,4477211.5,5425110.0,4458064.0,5405052.5,8.07413720703125,11.442979939778644,36.8909,166.66666666666666,166.66666666666666,147.0,346.0,235.0,83.0,145.0,338.0,1133.0,1.0
0.0,1.0,0.0,1.0,1.0,0.0,0.0,0.0,0.0,0.0,0.0,1.0,0.0,0.0,2.0,9.0,0.0,4449068.0,5404812.5,4509385.0,5302657.5,4452877.0,5404303.5,4.7804169921875,6.238247680664062,60.60196166666666,166.66666666666666,166.66666666666666,245.0,163.0,98.0,4797.0,164.0,366.0,732.0,1.0
0.0,1.0,0.0,1.0,1.0,0.0,0.0,0.0,0.0,0.0,0.0,1.0,0.0,0.0,4.0,9.0,0.0,4457508.5,5400344.0,4454392.5,5357846.5,4460075.0,5404522.5,10.1122275390625,12.296473185221354,48.521,166.66666666666666,166.66666666666666,301.0,366.0,313.0,1247.0,228.0,319.0,862.0,4.0
0.0,1.0,1.0,0.0,1.0,0.0,0.0,0.0,0.0,0.0,0.0,1.0,0.0,0.0,3.0,9.0,0.0,4455994.0,5403718.0,4517456.0,5325191.5,4458137.0,5404661.0,22.269880859375,20.654691569010417,370.1098666666667,98.859245,166.66666666666666,333.0,1092.0,176.0,4722.0,188.0,441.0,1021.0,1.0
0.0,1.0,1.0,0.0,1.0,0.0,0.0,0.0,0.0,0.0,0.0,1.0,0.0,0.0,1.0,9.0,1.0,4461787.0,5403924.5,4463012.5,5333735.0,4458100.5,5404131.0,8.7378896484375,7.651092020670573,22.113535,166.66666666666666,166.66666666666666,229.0,122.0,242.0,2867.0,190.0,482.0,750.0,2.0
0.0,1.0,0.0,1.0,1.0,0.0,0.0,0.0,0.0,0.0,0.0,1.0,0.0,0.0,3.0,9.0,0.0,4456919.5,5404530.0,4471101.0,5393784.0,4455843.5,5403552.5,18.17023828125,18.93329060872396,658.4271666666666,169.86068333333333,166.66666666666666,97.0,15.0,173.0,403.0,178.0,474.0,810.0,1.0
0.0,1.0,0.0,1.0,1.0,0.0,0.0,0.0,0.0,0.0,0.0,1.0,0.0,0.0,2.0,9.0,1.0,4460988.0,5400615.5,4444888.5,5342692.5,4457007.0,5405952.0,8.8269453125,8.242725118001301,54.75577,166.66666666666666,166.66666666666666,226.0,256.0,350.0,1265.0,140.0,423.0,847.0,1.0
0.0,1.0,0.0,1.0,1.0,0.0,0.0,0.0,0.0,0.0,0.0,1.0,0.0,0.0,4.0,9.0,1.0,4459060.0,5401895.5,4461466.5,5328143.5,4461580.5,5401514.0,26.258671875,27.64052124023437,361.60175,32.17439,166.66666666666666,311.0,1089.0,247.0,3024.0,347.0,456.0,1023.0,3.0
0.0,1.0,0.0,1.0,1.0,0.0,0.0,0.0,0.0,0.0,0.0,1.0,0.0,0.0,4.0,9.0,1.0,4459840.5,5404121.0,4472877.0,5329721.5,4457333.5,5405161.0,1.58181298828125,2.031104405721029,9.654546166666668,166.66666666666666,166.66666666666666,204.0,196.0,229.0,4156.0,144.0,1301.0,538.0,5.0
0.0,1.0,0.0,1.0,1.0,0.0,0.0,0.0,0.0,0.0,0.0,1.0,0.0,0.0,3.0,9.0,1.0,4459861.5,5406106.5,4473879.0,5330227.5,4457026.5,5405407.5,0.3977530212402344,0.5,11.517399166666667,166.66666666666666,166.66666666666666,217.0,224.0,222.0,4166.0,141.0,597.0,1161.0,5.0
0.0,1.0,1.0,0.0,1.0,0.0,0.0,0.0,0.0,0.0,0.0,1.0,0.0,0.0,4.0,5.0,1.0,4458725.5,5399862.5,4465665.5,5329629.0,4457660.5,5405507.5,7.61807275390625,10.47510782877604,21.88011,166.66666666666666,166.66666666666666,313.0,251.0,324.0,3984.0,144.0,364.0,968.0,1.0
0.0,1.0,0.0,1.0,1.0,0.0,0.0,0.0,0.0,0.0,0.0,1.0,0.0,0.0,4.0,9.0,2.0,4458893.0,5401673.0,4417878.0,5348755.0,4455416.0,5403622.5,1.4779437255859376,1.9466267903645835,14.205411666666668,166.66666666666666,166.66666666666666,191.0,187.0,339.0,1047.0,155.0,402.0,774.0,1.0
0.0,1.0,1.0,0.0,1.0,0.0,0.0,0.0,0.0,0.0,0.0,1.0,0.0,0.0,3.0,9.0,1.0,4456579.5,5404191.5,4417893.0,5361399.0,4457154.5,5405163.5,4.2095341796875,5.603474934895833,14.061843833333334,166.66666666666666,166.66666666666666,176.0,140.0,174.0,714.0,143.0,496.0,677.0,4.0
0.0,1.0,1.0,0.0,1.0,0.0,0.0,0.0,0.0,0.0,0.0,1.0,0.0,0.0,1.0,3.0,1.0,4460338.0,5403707.0,4416336.5,5360209.0,4457395.5,5404949.5,6.3529033203125005,8.707297770182292,28.839673333333334,166.66666666666666,166.66666666666666,176.0,346.0,236.0,679.0,144.0,400.0,863.0,1.0
0.0,1.0,1.0,0.0,1.0,0.0,0.0,0.0,0.0,0.0,0.0,1.0,0.0,0.0,1.0,9.0,0.0,4456755.0,5397334.0,4526293.0,5302325.0,4460703.0,5401245.0,11.0966728515625,15.307861328125,40.42621333333333,166.66666666666666,166.66666666666666,241.0,131.0,332.0,4922.0,346.0,705.0,1371.0,4.0
0.0,1.0,0.0,1.0,1.0,0.0,0.0,0.0,0.0,0.0,0.0,1.0,0.0,0.0,2.0,9.0,2.0,4458879.0,5404024.0,4418065.0,5360248.5,4461623.5,5401056.0,6.304509765625,8.843009440104167,31.792655,166.66666666666666,166.66666666666666,350.0,200.0,231.0,724.0,347.0,493.0,1014.0,2.0
0.0,1.0,0.0,1.0,1.0,0.0,0.0,0.0,0.0,0.0,0.0,1.0,0.0,0.0,1.0,2.0,1.0,4459408.5,5402764.0,4460167.0,5338182.5,4457372.5,5404651.0,1.639711669921875,2.5595133463541666,3.2168345,166.66666666666666,166.66666666666666,181.0,185.0,243.0,1480.0,184.0,1058.0,1440.0,1.0
0.0,1.0,0.0,1.0,1.0,0.0,0.0,0.0,0.0,0.0,0.0,1.0,0.0,0.0,4.0,9.0,1.0,4454167.0,5403956.5,4452119.5,5331696.0,4459473.0,5404203.0,4.4885058593750005,6.090220642089844,30.62425,166.66666666666666,166.66666666666666,154.0,144.0,148.0,2571.0,226.0,400.0,533.0,1.0
0.0,1.0,0.0,1.0,1.0,0.0,0.0,0.0,0.0,0.0,0.0,1.0,0.0,0.0,2.0,9.0,2.0,4456323.5,5404261.0,4481015.5,5363378.5,4458010.5,5402880.0,7.0738994140625,9.760066731770833,28.716255,166.66666666666666,166.66666666666666,316.0,164.0,171.0,1212.0,207.0,347.0,901.0,1.0
0.0,1.0,1.0,0.0,1.0,0.0,0.0,0.0,0.0,0.0,0.0,1.0,0.0,0.0,4.0,9.0,1.0,4459899.0,5400988.5,4471221.5,5351390.0,4463366.0,5403002.0,6.6549228515625005,11.650714111328124,38.96526666666667,166.66666666666666,166.66666666666666,102.0,164.0,340.0,1572.0,348.0,541.0,1207.0,1.0
0.0,1.0,0.0,1.0,1.0,0.0,0.0,0.0,0.0,0.0,0.0,1.0,0.0,0.0,2.0,7.0,0.0,4459356.0,5401804.0,4456774.5,5360178.0,4457665.5,5404829.0,5.45259716796875,9.843896484375,14.7789255,166.66666666666666,166.66666666666666,102.0,151.0,248.0,1243.0,185.0,322.0,863.0,1.0
0.0,1.0,0.0,1.0,1.0,0.0,0.0,0.0,0.0,0.0,0.0,1.0,0.0,0.0,1.0,9.0,0.0,4458325.0,5399889.5,4475162.0,5331936.5,4457215.5,5405242.5,8.380513671875,13.867026774088542,17.244236666666666,166.66666666666666,166.66666666666666,102.0,175.0,324.0,3894.0,143.0,447.0,698.0,1.0
0.0,1.0,0.0,1.0,1.0,0.0,0.0,0.0,0.0,0.0,0.0,1.0,0.0,0.0,3.0,9.0,2.0,4458586.5,5400645.5,4477115.0,5305096.0,4457026.5,5405407.5,15.0077333984375,18.399627685546875,40.309648333333335,166.66666666666666,166.66666666666666,158.0,125.0,316.0,4588.0,141.0,494.0,1091.0,1.0
0.0,1.0,0.0,1.0,1.0,0.0,0.0,0.0,0.0,0.0,0.0,1.0,0.0,0.0,2.0,9.0,2.0,4456881.5,5400927.0,4418765.5,5359262.0,4457665.5,5404829.0,5.476171875,7.500360107421875,21.085028333333334,166.66666666666666,166.66666666666666,146.0,197.0,297.0,800.0,185.0,1231.0,431.0,1.0
0.0,1.0,1.0,0.0,1.0,0.0,0.0,0.0,0.0,0.0,0.0,1.0,0.0,0.0,4.0,9.0,1.0,4457158.5,5404191.5,4487480.0,5293974.0,4461580.5,5401514.0,0.5336858520507812,0.8081313451131185,5.5966955,166.66666666666666,166.66666666666666,191.0,197.0,175.0,4625.0,347.0,835.0,1384.0,5.0
0.0,1.0,0.0,1.0,1.0,0.0,0.0,0.0,0.0,0.0,0.0,1.0,0.0,0.0,3.0,9.0,3.0,4457094.5,5405168.0,4467828.0,5336001.0,4458080.5,5404846.0,33.6778359375,26.43341064453125,74.63426166666666,166.66666666666666,166.66666666666666,314.0,67.0,143.0,3320.0,188.0,559.0,664.0,2.0
0.0,1.0,0.0,1.0,1.0,0.0,0.0,0.0,0.0,0.0,0.0,1.0,0.0,0.0,3.0,9.0,1.0,4456645.5,5396946.5,4458237.0,5402559.0,4457333.5,5405161.0,40.4404921875,28.961505126953124,268.6487,209.2653666666667,166.66666666666666,217.0,75.0,334.0,208.0,144.0,857.0,1181.0,1.0
0.0,1.0,0.0,1.0,1.0,0.0,0.0,0.0,0.0,0.0,0.0,1.0,0.0,0.0,2.0,9.0,1.0,4459089.5,5400624.0,4514448.5,5399963.0,4457026.5,5405407.5,3.737133544921875,4.72437744140625,26.49376833333333,166.66666666666666,166.66666666666666,143.0,227.0,341.0,2034.0,141.0,1057.0,209.0,2.0
0.0,1.0,0.0,1.0,1.0,0.0,0.0,0.0,0.0,0.0,0.0,1.0,0.0,0.0,3.0,9.0,1.0,4461124.5,5403992.0,4439753.5,5400351.5,4458584.5,5403139.0,10.0723056640625,12.361671956380208,42.46593333333333,166.66666666666666,166.66666666666666,240.0,133.0,241.0,258.0,208.0,363.0,615.0,1.0
0.0,1.0,0.0,1.0,1.0,0.0,0.0,0.0,0.0,0.0,0.0,1.0,0.0,0.0,2.0,9.0,1.0,4458893.0,5401673.0,4461228.0,5432592.0,4455504.5,5405034.5,3.90495751953125,5.529865010579427,24.402128333333334,166.66666666666666,166.66666666666666,172.0,210.0,339.0,43.0,165.0,493.0,754.0,1.0
0.0,1.0,0.0,1.0,1.0,0.0,0.0,0.0,0.0,0.0,0.0,1.0,0.0,0.0,3.0,9.0,1.0,4456102.0,5404242.5,4416902.5,5323627.5,4459663.5,5404151.5,0.807832275390625,1.3357382456461588,2.9697365,166.66666666666666,166.66666666666666,225.0,226.0,170.0,2465.0,229.0,481.0,1150.0,1.0
0.0,1.0,0.0,1.0,1.0,0.0,0.0,0.0,0.0,0.0,0.0,1.0,0.0,0.0,1.0,9.0,1.0,4460307.0,5399849.5,4525771.0,5301416.0,4455976.5,5398594.5,3.913580322265625,5.429038492838542,17.453596666666666,14.120442666666666,166.66666666666666,225.0,139.0,350.0,4918.0,321.0,477.0,818.0,1.0
0.0,1.0,0.0,1.0,1.0,0.0,0.0,0.0,0.0,0.0,0.0,1.0,0.0,0.0,3.0,9.0,1.0,4456100.5,5403334.5,4453448.5,5325228.5,4458584.5,5403139.0,5.8896279296875,7.948883056640625,20.736598333333333,166.66666666666666,166.66666666666666,187.0,253.0,179.0,2987.0,208.0,435.0,782.0,5.0
0.0,1.0,0.0,1.0,1.0,0.0,0.0,0.0,0.0,0.0,0.0,1.0,0.0,0.0,1.0,9.0,3.0,4460000.5,5403849.0,4465565.0,5329203.5,4456547.5,5403133.5,0.86861865234375,1.1270084381103516,3.873840833333333,166.66666666666666,166.66666666666666,187.0,144.0,235.0,3985.0,200.0,371.0,834.0,1.0
0.0,1.0,0.0,1.0,1.0,0.0,0.0,0.0,0.0,0.0,0.0,1.0,0.0,0.0,3.0,9.0,1.0,4456611.5,5404605.0,4458432.0,5346950.0,4457475.0,5404851.0,15.1097255859375,15.09940185546875,303.7734,166.66666666666666,166.66666666666666,152.0,363.0,172.0,1344.0,184.0,447.0,925.0,4.0
0.0,1.0,0.0,1.0,1.0,0.0,0.0,0.0,0.0,0.0,0.0,1.0,0.0,0.0,2.0,9.0,0.0,4456946.0,5404224.0,4458722.5,5403602.5,4456837.0,5403305.5,5.57825439453125,7.837764994303385,34.038016666666664,166.66666666666666,166.66666666666666,177.0,318.0,175.0,199.0,182.0,900.0,1109.0,1.0
0.0,1.0,0.0,1.0,1.0,0.0,0.0,0.0,0.0,0.0,0.0,1.0,0.0,0.0,2.0,9.0,1.0,4456625.5,5403806.0,4469108.0,5348827.0,4460174.0,5404449.5,4.39757421875,5.82249501546224,13.069931666666667,166.66666666666666,166.66666666666666,234.0,253.0,180.0,1693.0,230.0,609.0,890.0,5.0
0.0,1.0,0.0,1.0,0.0,1.0,0.0,0.0,0.0,0.0,0.0,1.0,0.0,0.0,1.0,9.0,1.0,4462428.0,5404319.0,4474313.0,5335112.5,4458195.5,5404715.5,9.2069296875,6.533269246419271,36.96586666666667,166.66666666666666,166.66666666666666,236.0,352.0,240.0,3788.0,188.0,822.0,9.0,2.0
0.0,1.0,0.0,1.0,1.0,0.0,0.0,0.0,0.0,0.0,0.0,1.0,0.0,0.0,2.0,9.0,0.0,4460133.0,5405608.5,4440933.5,5399133.5,4455976.5,5398594.5,7.2752158203125,8.58545633951823,24.742821666666668,166.66666666666666,166.66666666666666,228.0,311.0,219.0,272.0,321.0,528.0,1105.0,2.0
0.0,1.0,1.0,0.0,1.0,0.0,0.0,0.0,0.0,0.0,0.0,1.0,0.0,0.0,3.0,9.0,0.0,4457307.5,5404503.0,4477301.0,5325667.5,4460075.0,5404522.5,16.0968125,18.929593912760417,45.81643333333333,166.66666666666666,166.66666666666666,312.0,291.0,184.0,4302.0,228.0,468.0,955.0,0.0
0.0,1.0,0.0,1.0,1.0,0.0,0.0,0.0,0.0,0.0,0.0,1.0,0.0,0.0,1.0,8.0,2.0,4458721.5,5401888.0,4509385.0,5302813.0,4457659.0,5405216.0,2.5670637207031253,3.6412981669108073,0.8634916333333332,166.66666666666666,166.66666666666666,312.0,319.0,213.0,4797.0,144.0,449.0,980.0,1.0
0.0,1.0,0.0,1.0,1.0,0.0,0.0,0.0,0.0,0.0,0.0,1.0,0.0,0.0,1.0,8.0,2.0,4458721.5,5401888.0,4509385.0,5302813.0,4457659.0,5405216.0,2.5670637207031253,3.6412981669108073,0.8634916333333332,166.66666666666666,166.66666666666666,312.0,319.0,213.0,4797.0,144.0,438.0,858.0,1.0
0.0,1.0,0.0,1.0,1.0,0.0,0.0,0.0,0.0,0.0,0.0,1.0,0.0,0.0,3.0,9.0,1.0,4458927.0,5405995.5,4501904.0,5327393.0,4458215.0,5404919.0,3.831074951171875,5.431644185384115,44.211958333333335,166.66666666666666,166.66666666666666,234.0,201.0,222.0,4659.0,145.0,534.0,1176.0,1.0
0.0,1.0,1.0,0.0,0.0,0.0,1.0,0.0,0.0,0.0,0.0,1.0,0.0,0.0,4.0,6.0,0.0,4459672.0,5404969.0,4469793.0,5338736.0,4461512.0,5401904.5,4.610380371093751,4.386827596028645,26.508556666666667,166.66666666666666,166.66666666666666,234.0,346.0,220.0,1922.0,253.0,468.0,776.0,0.0
1.0,0.0,1.0,0.0,0.0,0.0,1.0,0.0,0.0,0.0,0.0,1.0,0.0,0.0,6.0,9.0,2.0,4458302.0,5399938.5,4498111.0,5323618.0,4463375.5,5403096.5,3.842636962890625,5.158622233072917,19.91673833333333,166.66666666666666,166.66666666666666,350.0,355.0,324.0,4658.0,348.0,5.0,574.0,5.0
0.0,1.0,0.0,1.0,1.0,0.0,0.0,0.0,0.0,0.0,0.0,1.0,0.0,0.0,3.0,9.0,1.0,4458230.5,5404104.5,4463376.0,5331480.5,4461512.0,5401904.5,7.97340234375,10.576896158854169,30.063626666666668,166.66666666666666,166.66666666666666,254.0,179.0,190.0,2944.0,253.0,469.0,1102.0,2.0
0.0,1.0,1.0,0.0,1.0,0.0,0.0,0.0,0.0,0.0,0.0,1.0,0.0,0.0,3.0,9.0,0.0,4457964.0,5402782.0,4468624.0,5332762.5,4463366.0,5403002.0,14.0713134765625,15.968630981445312,70.62471666666667,166.66666666666666,166.66666666666666,169.0,327.0,207.0,3660.0,348.0,419.0,862.0,1.0
0.0,1.0,0.0,1.0,1.0,0.0,0.0,0.0,0.0,0.0,0.0,1.0,0.0,0.0,2.0,9.0,1.0,4458741.5,5404363.0,4473267.0,5329406.5,4463366.0,5403002.0,10.123583984375,13.92277323404948,42.517155,166.66666666666666,166.66666666666666,312.0,132.0,191.0,4199.0,348.0,563.0,981.0,2.0
0.0,1.0,1.0,0.0,1.0,0.0,0.0,0.0,0.0,0.0,0.0,1.0,0.0,0.0,2.0,9.0,1.0,4456423.5,5403886.5,4419724.5,5358914.5,4459219.5,5404196.5,6.03735693359375,7.737013244628906,36.44968333333334,166.66666666666666,166.66666666666666,312.0,143.0,177.0,827.0,225.0,715.0,1131.0,1.0
0.0,1.0,1.0,0.0,1.0,0.0,0.0,0.0,0.0,0.0,0.0,1.0,0.0,0.0,1.0,9.0,3.0,4459132.5,5406685.5,4450164.0,5318781.5,4461512.0,5401904.5,3.361677001953125,4.273988850911458,166.66666666666666,166.66666666666666,166.66666666666666,350.0,249.0,139.0,3153.0,253.0,595.0,1170.0,5.0
0.0,1.0,0.0,1.0,1.0,0.0,0.0,0.0,0.0,0.0,0.0,1.0,0.0,0.0,2.0,9.0,1.0,4459950.5,5403440.5,4509482.0,5378188.0,4458581.5,5400804.0,2.052367431640625,2.8954396565755207,4.677491333333333,166.66666666666666,166.66666666666666,180.0,165.0,237.0,2104.0,316.0,475.0,883.0,1.0
0.0,1.0,1.0,0.0,1.0,0.0,0.0,0.0,0.0,0.0,0.0,1.0,0.0,0.0,4.0,9.0,1.0,4459067.5,5404819.5,4456026.0,5404718.5,4457681.0,5404681.5,3.16777685546875,4.77253926595052,13.199051666666666,166.66666666666666,166.66666666666666,171.0,145.0,223.0,165.0,185.0,456.0,1054.0,5.0
0.0,1.0,1.0,0.0,0.0,1.0,0.0,0.0,0.0,0.0,0.0,1.0,0.0,0.0,1.0,5.0,3.0,4455938.0,5404227.0,4468665.5,5337761.5,4457432.0,5405192.0,13.386796875,13.949635823567707,47.59441666666667,60.2944,166.66666666666666,98.0,269.0,167.0,1925.0,144.0,453.0,931.0,1.0
0.0,1.0,0.0,1.0,1.0,0.0,0.0,0.0,0.0,0.0,0.0,1.0,0.0,0.0,3.0,9.0,1.0,4446835.0,5403333.0,4469022.0,5330715.0,4456279.5,5405325.0,14.1623193359375,13.900345865885416,321.01151666666664,166.66666666666666,166.66666666666666,334.0,1109.0,97.0,4027.0,165.0,602.0,1022.0,1.0
0.0,1.0,1.0,0.0,1.0,0.0,0.0,0.0,0.0,0.0,0.0,1.0,0.0,0.0,2.0,9.0,0.0,4459382.0,5402758.0,4416795.5,5365204.0,4462812.0,5402676.0,4.10119921875,3.997886149088542,166.66666666666666,166.66666666666666,166.66666666666666,197.0,249.0,243.0,511.0,348.0,351.0,794.0,1.0
0.0,1.0,0.0,1.0,1.0,0.0,0.0,0.0,0.0,0.0,0.0,1.0,0.0,0.0,4.0,9.0,1.0,4458393.5,5400471.0,4436847.5,5369254.0,4458251.5,5404848.5,12.5747529296875,13.115744018554688,56.44792833333333,166.66666666666666,166.66666666666666,320.0,255.0,317.0,551.0,188.0,511.0,1024.0,1.0
0.0,1.0,0.0,1.0,1.0,0.0,0.0,0.0,0.0,0.0,0.0,1.0,0.0,0.0,3.0,9.0,0.0,4459807.0,5403866.5,4469046.0,5341590.0,4463475.5,5402807.5,11.062890625,8.283074951171875,47.91674,45.46674,166.66666666666666,187.0,355.0,235.0,1780.0,348.0,642.0,1113.0,1.0
0.0,1.0,1.0,0.0,1.0,0.0,0.0,0.0,0.0,0.0,0.0,1.0,0.0,0.0,2.0,9.0,2.0,4456428.0,5407511.5,4396316.0,5357898.0,4456743.0,5406346.0,43.9263828125,35.24917805989583,543.7212833333333,233.62126666666663,166.66666666666666,324.0,81.0,137.0,560.0,140.0,394.0,753.0,
0.0,1.0,0.0,1.0,1.0,0.0,0.0,0.0,0.0,0.0,0.0,1.0,0.0,0.0,2.0,9.0,1.0,4456655.5,5408228.0,4440777.5,5417293.0,4461234.5,5401229.0,21.271328125,17.118636067708334,176.2716,28.086331666666663,166.66666666666666,340.0,1161.0,134.0,55.0,346.0,406.0,627.0,1.0
0.0,1.0,1.0,0.0,1.0,0.0,0.0,0.0,0.0,0.0,0.0,1.0,0.0,0.0,2.0,9.0,0.0,4451924.5,5404553.5,4440667.5,5417230.0,4455516.5,5403899.0,63.24027734375,36.38916829427083,193.5635333333333,101.68019166666666,166.66666666666666,340.0,1714.0,98.0,55.0,153.0,425.0,494.0,1.0
0.0,1.0,0.0,1.0,1.0,0.0,0.0,0.0,0.0,0.0,0.0,1.0,0.0,0.0,1.0,9.0,1.0,4454981.0,5403500.0,4480171.0,5362006.0,4458064.0,5405052.5,4.4156962890625,5.688760375976562,9.900766,166.66666666666666,166.66666666666666,211.0,348.0,154.0,1615.0,145.0,413.0,458.0,5.0
0.0,1.0,1.0,0.0,1.0,0.0,0.0,0.0,0.0,0.0,0.0,1.0,0.0,0.0,1.0,9.0,2.0,4459807.5,5404121.5,4479974.5,5361986.0,4455200.5,5403016.5,7.19705224609375,9.859566243489583,21.58554,166.66666666666666,166.66666666666666,211.0,331.0,229.0,1615.0,161.0,464.0,1099.0,4.0
0.0,1.0,0.0,1.0,1.0,0.0,0.0,0.0,0.0,0.0,0.0,1.0,0.0,0.0,4.0,9.0,0.0,4457946.0,5404133.0,4514763.0,5379856.0,4456697.5,5405594.0,8.2573828125,9.0469970703125,28.823006666666668,166.66666666666666,166.66666666666666,168.0,346.0,187.0,2126.0,140.0,447.0,1191.0,1.0
0.0,1.0,0.0,1.0,1.0,0.0,0.0,0.0,0.0,0.0,0.0,1.0,0.0,0.0,3.0,9.0,1.0,4456447.0,5402618.0,4460446.5,5330549.0,4455976.5,5398594.5,18.8011875,17.268044026692706,202.6247,166.66666666666666,166.66666666666666,98.0,327.0,200.0,3001.0,321.0,470.0,923.0,1.0
0.0,1.0,1.0,0.0,1.0,0.0,0.0,0.0,0.0,0.0,0.0,1.0,0.0,0.0,3.0,9.0,0.0,4462176.0,5403693.5,4468079.5,5334383.0,4461335.0,5401081.0,17.873888671875,19.220865885416668,35.22067833333333,166.66666666666666,166.66666666666666,186.0,96.0,254.0,3501.0,347.0,424.0,793.0,1.0
0.0,1.0,0.0,1.0,1.0,0.0,0.0,0.0,0.0,0.0,0.0,1.0,0.0,0.0,3.0,9.0,2.0,4457512.0,5403027.0,4508141.5,5303282.0,4452877.0,5404303.5,4.34602587890625,5.241079711914063,26.755948333333333,166.66666666666666,166.66666666666666,330.0,327.0,204.0,4780.0,164.0,908.0,126.0,0.0
1.0,0.0,0.0,1.0,0.0,1.0,0.0,1.0,0.0,0.0,0.0,0.0,0.0,0.0,0.0,0.0,1.0,4457881.5,5404141.5,4509916.0,5342250.0,4457056.5,5401411.5,1.204975830078125,1.8307027180989583,3.7681806666666655,166.66666666666666,166.66666666666666,224.0,232.0,187.0,2349.0,297.0,490.0,1266.0,2.0
1.0,0.0,0.0,1.0,0.0,1.0,0.0,1.0,0.0,0.0,0.0,0.0,0.0,0.0,0.0,0.0,1.0,4456535.5,5407465.0,4468226.5,5333063.0,4456673.5,5406079.5,1.204975830078125,1.8307027180989583,3.7681806666666655,166.66666666666666,166.66666666666666,224.0,232.0,138.0,3511.0,140.0,787.0,1121.0,4.0
1.0,0.0,0.0,1.0,0.0,1.0,0.0,1.0,0.0,0.0,0.0,0.0,0.0,0.0,0.0,0.0,2.0,4460026.0,5403523.5,4452662.0,5313519.5,4455504.5,5405034.5,1.337767333984375,1.6493470509847006,1.1518416666666669,166.66666666666666,166.66666666666666,174.0,167.0,237.0,3195.0,165.0,527.0,907.0,5.0
1.0,0.0,0.0,1.0,0.0,0.0,1.0,1.0,0.0,0.0,0.0,0.0,0.0,0.0,0.0,0.0,2.0,4457923.0,5404332.5,4432269.5,5356147.0,4462630.0,5403017.5,1.878945678710937,2.9732574462890624,11.822133333333332,166.66666666666666,166.66666666666666,174.0,204.0,187.0,1028.0,348.0,475.0,1062.0,0.0
1.0,0.0,0.0,1.0,0.0,1.0,0.0,1.0,0.0,0.0,0.0,0.0,0.0,0.0,0.0,0.0,0.0,4456771.0,5403936.5,4465618.0,5338691.5,4457005.0,5401373.5,0.9097730712890624,1.1599966684977214,0.888102,166.66666666666666,166.66666666666666,142.0,165.0,180.0,1826.0,297.0,466.0,748.0,5.0
1.0,0.0,0.0,1.0,0.0,1.0,0.0,1.0,0.0,0.0,0.0,0.0,0.0,0.0,0.0,3.0,2.0,4460030.0,5401073.5,4496084.5,5379556.5,4457296.0,5405048.0,0.783398681640625,1.4876434326171877,28.39363833333333,166.66666666666666,166.66666666666666,138.0,137.0,340.0,2072.0,144.0,470.0,793.0,5.0
1.0,0.0,0.0,1.0,0.0,1.0,0.0,1.0,0.0,0.0,0.0,0.0,0.0,0.0,0.0,0.0,1.0,4457902.0,5403050.0,4484175.0,5389644.5,4459581.0,5404390.5,1.2767236328125,1.97975705464681,11.603793333333334,166.66666666666666,166.66666666666666,175.0,194.0,205.0,415.0,226.0,592.0,932.0,4.0
1.0,0.0,0.0,1.0,0.0,1.0,0.0,1.0,0.0,0.0,0.0,0.0,0.0,0.0,0.0,0.0,1.0,4459522.5,5401280.5,4482359.5,5361860.0,4453228.0,5403351.5,4.61388720703125,6.460392252604167,22.43329,166.66666666666666,166.66666666666666,219.0,207.0,339.0,1636.0,164.0,448.0,547.0,5.0
1.0,0.0,1.0,0.0,0.0,1.0,0.0,1.0,0.0,0.0,0.0,0.0,0.0,0.0,0.0,0.0,3.0,4458273.0,5400741.5,4478947.5,5362345.0,4457716.0,5398636.0,4.40974560546875,5.05,22.572308333333336,166.66666666666666,166.66666666666666,219.0,124.0,315.0,1603.0,325.0,464.0,1022.0,2.0
1.0,0.0,1.0,0.0,0.0,1.0,0.0,1.0,0.0,0.0,0.0,0.0,0.0,0.0,0.0,0.0,1.0,4459027.5,5402025.5,4481119.0,5363344.5,4458064.0,5405052.5,0.7786685180664062,1.2166666666666666,6.819458333333333,166.66666666666666,166.66666666666666,219.0,222.0,247.0,1212.0,145.0,890.0,1262.0,5.0
1.0,0.0,1.0,0.0,0.0,1.0,0.0,1.0,0.0,0.0,0.0,0.0,0.0,0.0,0.0,0.0,0.0,4459663.5,5405538.0,4471413.5,5351486.5,4462630.0,5403017.5,0.2188723602294922,0.388549009958903,3.663400833333333,166.66666666666666,166.66666666666666,172.0,172.0,218.0,1572.0,348.0,466.0,653.0,2.0
1.0,0.0,1.0,0.0,0.0,1.0,0.0,1.0,0.0,0.0,0.0,0.0,0.0,0.0,0.0,0.0,0.0,4459663.5,5405538.0,4471413.5,5351486.5,4462630.0,5403017.5,0.2188723602294922,0.388549009958903,3.663400833333333,166.66666666666666,166.66666666666666,172.0,172.0,218.0,1572.0,348.0,515.0,1072.0,2.0
1.0,0.0,0.0,1.0,0.0,0.0,1.0,1.0,0.0,0.0,0.0,0.0,0.0,0.0,0.0,0.0,2.0,4459726.0,5401441.5,4463635.0,5330271.0,4457778.5,5405671.5,1.1956220703125,1.7186288197835289,0.8881020833333333,166.66666666666666,166.66666666666666,172.0,165.0,340.0,3036.0,144.0,486.0,1116.0,2.0
1.0,0.0,0.0,1.0,0.0,1.0,0.0,1.0,0.0,0.0,0.0,0.0,0.0,0.0,0.0,0.0,2.0,4457812.5,5397977.5,4464347.5,5338662.0,4456597.5,5404716.5,1.084122802734375,1.7057851155598958,9.0591725,166.66666666666666,166.66666666666666,187.0,194.0,336.0,1532.0,172.0,470.0,1078.0,2.0
1.0,0.0,1.0,0.0,0.0,1.0,0.0,1.0,0.0,0.0,0.0,0.0,0.0,0.0,0.0,2.0,0.0,4459734.0,5401593.5,4474713.0,5369014.0,4460413.0,5401033.5,1.0999489746093751,2.2043126424153647,3.380193,166.66666666666666,166.66666666666666,317.0,306.0,340.0,1194.0,340.0,494.0,814.0,2.0
1.0,0.0,1.0,0.0,0.0,1.0,0.0,1.0,0.0,0.0,0.0,0.0,0.0,0.0,0.0,3.0,2.0,4460008.0,5403706.5,4472196.0,5363529.0,4456873.0,5401342.0,0.9979563598632812,1.4435194651285808,7.566045666666667,166.66666666666666,166.66666666666666,317.0,312.0,235.0,1566.0,297.0,461.0,718.0,0.0
1.0,0.0,0.0,1.0,0.0,1.0,0.0,1.0,0.0,0.0,0.0,0.0,0.0,0.0,0.0,0.0,0.0,4458869.0,5403619.0,4485764.5,5377237.0,4458064.0,5405052.5,0.2374407196044922,0.4088300069173177,3.7681806666666655,166.66666666666666,166.66666666666666,232.0,232.0,233.0,1187.0,145.0,483.0,778.0,4.0
0.0,1.0,0.0,1.0,1.0,0.0,0.0,1.0,0.0,0.0,0.0,0.0,0.0,0.0,2.0,9.0,0.0,4458312.0,5401301.5,4489123.5,5366438.5,4458134.0,5402398.5,8.9278916015625,7.939793395996094,24.113535,166.66666666666666,166.66666666666666,232.0,122.0,307.0,1224.0,210.0,417.0,902.0,2.0
0.0,1.0,0.0,1.0,0.0,0.0,1.0,1.0,0.0,0.0,0.0,0.0,0.0,0.0,5.0,9.0,1.0,4458300.5,5404605.5,4474931.5,5353167.5,4458127.5,5403996.0,6.2451894531250005,8.809044392903646,43.11353333333333,166.66666666666666,166.66666666666666,254.0,122.0,188.0,1594.0,196.0,532.0,1088.0,0.0
0.0,1.0,0.0,1.0,0.0,0.0,1.0,1.0,0.0,0.0,0.0,0.0,0.0,0.0,5.0,9.0,1.0,4458300.5,5404605.5,4474931.5,5353167.5,4458127.5,5403996.0,5.2682265625,7.003353881835937,24.22554166666667,166.66666666666666,166.66666666666666,254.0,198.0,188.0,1594.0,196.0,484.0,829.0,0.0
1.0,0.0,1.0,0.0,0.0,1.0,0.0,1.0,0.0,0.0,0.0,0.0,0.0,0.0,0.0,0.0,0.0,4459227.0,5404574.5,4460013.5,5347274.0,4460075.0,5404522.5,2.671889892578125,4.031360626220703,12.67109,166.66666666666666,166.66666666666666,184.0,204.0,223.0,1375.0,228.0,555.0,915.0,2.0
1.0,0.0,1.0,0.0,0.0,1.0,0.0,1.0,0.0,0.0,0.0,0.0,0.0,0.0,0.0,0.0,2.0,4456482.0,5403985.5,4458384.5,5345553.0,4457296.0,5405048.0,2.36517138671875,3.392927042643229,6.441650833333333,166.66666666666666,166.66666666666666,184.0,183.0,180.0,1356.0,144.0,471.0,660.0,4.0
1.0,0.0,0.0,1.0,0.0,1.0,0.0,1.0,0.0,0.0,0.0,0.0,0.0,0.0,0.0,0.0,1.0,4458814.5,5405537.0,4475395.5,5331121.0,4457026.5,5405407.5,3.5915605468750003,5.610850016276042,9.679931666666668,166.66666666666666,166.66666666666666,340.0,207.0,145.0,4232.0,141.0,469.0,779.0,2.0
1.0,0.0,0.0,1.0,0.0,1.0,0.0,1.0,0.0,0.0,0.0,0.0,0.0,0.0,1.0,9.0,1.0,4456120.0,5404623.5,4466734.0,5338267.0,4461240.0,5401170.0,85.188828125,64.63819580078125,787.7793,176.28388333333334,166.66666666666666,202.0,2126.0,166.0,1840.0,346.0,446.0,935.0,3.0
1.0,0.0,1.0,0.0,0.0,1.0,0.0,1.0,0.0,0.0,0.0,0.0,0.0,0.0,0.0,0.0,2.0,4453951.0,5404446.5,4491472.5,5342216.0,4457589.0,5405675.0,1.1649068603515624,1.9885096232096355,6.094213333333333,166.66666666666666,166.66666666666666,299.0,305.0,164.0,2344.0,144.0,463.0,813.0,0.0
0.0,1.0,0.0,1.0,0.0,1.0,0.0,1.0,0.0,0.0,0.0,0.0,0.0,0.0,1.0,9.0,2.0,4456571.5,5404932.5,4489724.0,5379194.0,4455869.5,5404449.5,77.855359375,46.75782877604166,204.8728166666667,87.442245,190.81563333333327,191.0,3441.0,142.0,2073.0,167.0,424.0,731.0,3.0
1.0,0.0,1.0,0.0,0.0,1.0,0.0,1.0,0.0,0.0,0.0,0.0,0.0,0.0,0.0,0.0,0.0,4459438.5,5401999.5,4450431.5,5397523.0,4457660.5,5405507.5,2.052367431640625,2.8954396565755207,4.677491333333333,166.66666666666666,166.66666666666666,180.0,165.0,248.0,286.0,144.0,458.0,729.0,0.0
1.0,0.0,1.0,0.0,0.0,1.0,0.0,1.0,0.0,0.0,0.0,0.0,0.0,0.0,0.0,0.0,1.0,4459663.5,5405449.0,4470426.5,5323437.5,4458064.0,5405052.5,1.3618330078125,2.0553070068359376,2.1710355000000003,166.66666666666666,166.66666666666666,180.0,194.0,218.0,4415.0,145.0,464.0,776.0,2.0
0.0,1.0,1.0,0.0,0.0,0.0,1.0,1.0,0.0,0.0,0.0,0.0,0.0,0.0,2.0,6.0,2.0,4457601.0,5403486.0,4482851.5,5407642.5,4457452.0,5405038.5,1.8630732421875,2.5688318888346355,19.70056333333333,166.66666666666666,166.66666666666666,145.0,198.0,194.0,393.0,144.0,434.0,883.0,0.0
1.0,0.0,1.0,0.0,0.0,1.0,0.0,1.0,0.0,0.0,0.0,0.0,0.0,0.0,0.0,4.0,2.0,4458842.0,5402255.5,4515205.5,5380751.0,4461157.5,5401303.0,2.4267041015625,3.663998667399088,7.857771333333333,166.66666666666666,166.66666666666666,216.0,196.0,211.0,2169.0,346.0,1056.0,1164.0,5.0
0.0,1.0,1.0,0.0,0.0,1.0,0.0,1.0,0.0,0.0,0.0,0.0,0.0,0.0,1.0,9.0,1.0,4462431.5,5404108.0,4514267.5,5324576.5,4455666.5,5402663.5,26.5052265625,22.94354451497396,75.078695,65.99533666666667,166.66666666666666,144.0,55.0,240.0,4703.0,200.0,824.0,1162.0,3.0
1.0,0.0,0.0,1.0,0.0,0.0,1.0,1.0,0.0,0.0,0.0,0.0,0.0,0.0,0.0,0.0,1.0,4453833.0,5404874.0,4528319.0,5309965.0,4461147.5,5401156.5,5.1762275390625,6.727664184570313,48.57230666666667,166.66666666666666,166.66666666666666,254.0,124.0,164.0,4906.0,346.0,464.0,822.0,0.0
1.0,0.0,0.0,1.0,0.0,0.0,1.0,1.0,0.0,0.0,0.0,0.0,0.0,0.0,0.0,0.0,2.0,4456574.5,5403427.5,4522034.5,5308416.0,4456391.221396581,5407902.984976075,5.2682265625,7.003353881835937,24.22554166666667,166.66666666666666,166.66666666666666,254.0,198.0,182.0,4899.0,135.0,501.0,1175.0,0.0
1.0,0.0,0.0,1.0,0.0,1.0,0.0,1.0,0.0,0.0,0.0,0.0,0.0,0.0,0.0,0.0,1.0,4459108.0,5406724.0,4513637.5,5317044.0,4457826.0,5405353.0,2.274252197265625,2.952221171061198,2.816009833333333,166.66666666666666,166.66666666666666,197.0,204.0,139.0,4707.0,144.0,443.0,964.0,5.0
1.0,0.0,0.0,1.0,0.0,1.0,0.0,1.0,0.0,0.0,0.0,0.0,0.0,0.0,0.0,0.0,1.0,4459359.5,5400834.5,4506116.0,5291808.0,4458895.0,5401307.5,1.6323282470703124,2.659586842854817,2.1710355000000003,166.66666666666666,166.66666666666666,197.0,194.0,342.0,4897.0,339.0,582.0,904.0,5.0
1.0,0.0,0.0,1.0,0.0,0.0,1.0,1.0,0.0,0.0,0.0,0.0,0.0,0.0,0.0,0.0,2.0,4460845.5,5399898.0,4503959.5,5300847.0,4457826.0,5405353.0,4.78098583984375,6.783303833007812,22.114553333333333,166.66666666666666,166.66666666666666,324.0,198.0,350.0,4806.0,144.0,492.0,811.0,2.0
1.0,0.0,0.0,1.0,0.0,0.0,1.0,1.0,0.0,0.0,0.0,0.0,0.0,0.0,0.0,0.0,0.0,4455664.0,5407650.0,4511592.0,5289353.5,4458974.5,5404747.0,1.9378909912109368,3.2839958190917966,16.84252,166.66666666666666,166.66666666666666,324.0,305.0,136.0,4896.0,223.0,433.0,917.0,2.0
0.0,1.0,1.0,0.0,0.0,1.0,0.0,1.0,0.0,0.0,0.0,0.0,0.0,0.0,1.0,0.0,0.0,4458220.5,5400694.0,4499453.0,5386655.0,4460546.0,5401841.5,77.75390625,46.253031412760414,199.8728166666667,107.70799166666669,185.81563333333327,223.0,3441.0,315.0,2031.0,252.0,404.0,646.0,3.0
0.0,1.0,1.0,0.0,0.0,1.0,0.0,1.0,0.0,0.0,0.0,0.0,0.0,0.0,1.0,0.0,1.0,4456741.0,5404109.0,4522985.0,5358525.5,4459436.0,5404706.5,2.083502197265625,2.565255228678385,15.616878333333332,166.66666666666666,166.66666666666666,223.0,198.0,174.0,2376.0,224.0,551.0,999.0,0.0
0.0,1.0,1.0,0.0,0.0,1.0,0.0,1.0,0.0,0.0,0.0,0.0,0.0,0.0,1.0,0.0,1.0,4456001.0,5399333.0,4524286.0,5390001.5,4457452.0,5405038.5,2.464904052734375,3.2134908040364585,11.253795,166.66666666666666,166.66666666666666,223.0,194.0,319.0,2221.0,144.0,471.0,537.0,4.0
0.0,1.0,1.0,0.0,0.0,1.0,0.0,1.0,0.0,0.0,0.0,0.0,0.0,0.0,1.0,0.0,1.0,4456536.0,5397172.0,4467607.0,5335274.0,4461374.5,5401232.5,1.0999489746093751,2.2043126424153647,3.380193,166.66666666666666,166.66666666666666,317.0,306.0,334.0,3341.0,347.0,784.0,1283.0,4.0
1.0,0.0,0.0,1.0,0.0,1.0,0.0,1.0,0.0,0.0,0.0,0.0,0.0,0.0,0.0,0.0,0.0,4455866.0,5403928.0,4464936.5,5335136.5,4455976.5,5398594.5,1.0999489746093751,2.2043126424153647,3.380193,166.66666666666666,166.66666666666666,317.0,306.0,176.0,2806.0,321.0,838.0,1066.0,2.0
1.0,0.0,1.0,0.0,0.0,1.0,0.0,1.0,0.0,0.0,0.0,0.0,0.0,0.0,0.0,0.0,1.0,4451961.5,5402182.0,4479600.5,5329916.5,4457475.0,5404948.0,3.65571435546875,5.30209706624349,11.982678333333332,166.66666666666666,166.66666666666666,248.0,204.0,100.0,4360.0,144.0,450.0,784.0,4.0
1.0,0.0,0.0,1.0,0.0,1.0,0.0,1.0,0.0,0.0,0.0,0.0,0.0,0.0,0.0,0.0,1.0,4458753.0,5401882.5,4517364.5,5310488.5,4457005.0,5401373.5,0.4948374328613281,0.812605349222819,5.808372,166.66666666666666,166.66666666666666,310.0,309.0,213.0,4770.0,297.0,468.0,861.0,2.0
1.0,0.0,1.0,0.0,0.0,1.0,0.0,1.0,0.0,0.0,0.0,0.0,0.0,0.0,0.0,0.0,1.0,4455897.0,5398083.5,4474153.0,5315590.5,4457681.0,5404681.5,1.5288853759765626,3.0621851603190104,12.813526666666666,166.66666666666666,166.66666666666666,324.0,306.0,329.0,4458.0,185.0,489.0,883.0,4.0
1.0,0.0,0.0,1.0,0.0,1.0,0.0,1.0,0.0,0.0,0.0,0.0,0.0,0.0,0.0,0.0,1.0,4458690.0,5398487.0,4459564.5,5316232.0,4458895.0,5401307.5,4.83310791015625,7.177645365397136,20.897891666666663,166.66666666666666,166.66666666666666,324.0,204.0,338.0,3198.0,339.0,590.0,953.0,5.0
0.0,1.0,1.0,0.0,0.0,1.0,0.0,1.0,0.0,0.0,0.0,0.0,0.0,0.0,1.0,0.0,1.0,4457576.0,5398486.0,4524248.0,5293348.5,4462608.5,5402664.5,2.970452392578125,3.9304491678873696,7.8110875,166.66666666666666,166.66666666666666,247.0,198.0,336.0,4939.0,348.0,494.0,921.0,4.0
1.0,0.0,1.0,0.0,0.0,1.0,0.0,1.0,0.0,0.0,0.0,0.0,0.0,0.0,1.0,0.0,1.0,4454069.0,5404770.0,4486450.0,5336884.0,4460998.5,5401263.0,2.009432373046875,2.72466786702474,22.524901666666665,166.66666666666666,166.66666666666666,247.0,199.0,147.0,4347.0,346.0,509.0,818.0,2.0
1.0,0.0,0.0,1.0,0.0,0.0,1.0,1.0,0.0,0.0,0.0,0.0,0.0,0.0,0.0,0.0,1.0,4457816.5,5400450.0,4403877.0,5380621.5,4460757.0,5401208.5,2.3636396484375,3.379560343424479,10.181303833333336,166.66666666666666,166.66666666666666,173.0,204.0,314.0,434.0,346.0,523.0,883.0,0.0
0.0,1.0,1.0,0.0,1.0,0.0,0.0,1.0,0.0,0.0,0.0,0.0,0.0,0.0,1.0,9.0,0.0,4447947.0,5404529.5,4459450.0,5345815.0,4456939.0,5406040.0,2.929183349609375,4.2107091267903645,16.508413333333333,166.66666666666666,166.66666666666666,217.0,194.0,98.0,1379.0,140.0,456.0,745.0,5.0
1.0,0.0,1.0,0.0,0.0,0.0,1.0,1.0,0.0,0.0,0.0,0.0,0.0,0.0,0.0,0.0,0.0,4458456.5,5401170.0,4532210.5,5388275.0,4457043.5,5405258.5,7.03021728515625,9.540421549479166,26.99375,166.66666666666666,166.66666666666666,154.0,344.0,310.0,2229.0,143.0,489.0,705.0,0.0
0.0,1.0,0.0,1.0,1.0,0.0,0.0,1.0,0.0,0.0,0.0,0.0,0.0,0.0,1.0,9.0,0.0,4459920.0,5405824.5,4487759.0,5399147.5,4460540.0,5401017.5,1.300009521484375,1.7502391815185547,166.66666666666666,166.66666666666666,166.66666666666666,207.0,198.0,222.0,410.0,346.0,463.0,983.0,5.0
1.0,0.0,1.0,0.0,0.0,0.0,1.0,1.0,0.0,0.0,0.0,0.0,0.0,0.0,0.0,0.0,1.0,4458879.0,5405964.5,4406149.0,5355087.5,4454031.0,5404306.0,8.3503837890625,11.997285970052085,166.66666666666666,166.66666666666666,166.66666666666666,184.0,127.0,222.0,598.0,164.0,839.0,1336.0,3.0
0.0,1.0,0.0,1.0,1.0,0.0,0.0,1.0,0.0,0.0,0.0,0.0,0.0,0.0,1.0,9.0,1.0,4454073.0,5404115.5,4534384.0,5376837.0,4457821.5,5403167.0,3.6203845214843753,4.663746643066406,11.973563333333336,166.66666666666666,166.66666666666666,224.0,204.0,146.0,2250.0,205.0,231.0,573.0,2.0
1.0,0.0,0.0,1.0,0.0,1.0,0.0,1.0,0.0,0.0,0.0,0.0,0.0,0.0,0.0,2.0,0.0,4456642.5,5400171.0,4461026.5,5393813.0,4458895.0,5401307.5,7.55231494140625,12.815064493815104,28.676085,166.66666666666666,166.66666666666666,102.0,165.0,301.0,367.0,339.0,431.0,725.0,0.0
1.0,0.0,0.0,1.0,0.0,1.0,0.0,1.0,0.0,0.0,0.0,0.0,0.0,0.0,0.0,0.0,1.0,4458955.5,5399600.5,4520246.0,5327206.5,4463318.0,5402708.0,2.587881591796875,3.457555898030599,0.8881020833333333,166.66666666666666,166.66666666666666,164.0,165.0,349.0,4716.0,348.0,448.0,768.0,2.0
0.0,1.0,0.0,1.0,1.0,0.0,0.0,1.0,0.0,0.0,0.0,0.0,0.0,0.0,1.0,7.0,1.0,4459803.0,5403898.0,4448554.5,5330024.0,4455843.5,5404093.5,2.51313525390625,4.017914326985677,20.57618,166.66666666666666,166.66666666666666,245.0,305.0,235.0,2587.0,176.0,470.0,809.0,2.0
1.0,0.0,0.0,1.0,0.0,1.0,0.0,1.0,0.0,0.0,0.0,0.0,0.0,0.0,0.0,0.0,0.0,4459331.0,5405186.5,4451083.5,5318732.0,4455516.5,5403899.0,2.612271240234375,3.969622548421224,10.027066,166.66666666666666,166.66666666666666,245.0,207.0,217.0,3156.0,153.0,497.0,855.0,2.0
1.0,0.0,0.0,1.0,0.0,1.0,0.0,1.0,0.0,0.0,0.0,0.0,0.0,0.0,0.0,0.0,3.0,4455577.5,5403345.0,4417426.5,5366658.0,4463375.5,5403096.5,0.8024502563476563,1.0,12.381762666666669,166.66666666666666,166.66666666666666,198.0,208.0,155.0,499.0,348.0,466.0,861.0,2.0
1.0,0.0,0.0,1.0,0.0,1.0,0.0,1.0,0.0,0.0,0.0,0.0,0.0,0.0,0.0,0.0,1.0,4456337.5,5397621.5,4424883.5,5356982.5,4457259.5,5405376.5,1.271569091796875,1.8347830454508465,10.411679,166.66666666666666,166.66666666666666,198.0,183.0,331.0,918.0,144.0,480.0,755.0,5.0
1.0,0.0,0.0,1.0,0.0,1.0,0.0,1.0,0.0,0.0,0.0,0.0,0.0,0.0,0.0,0.0,1.0,4452367.5,5402179.0,4435991.5,5367664.0,4461560.0,5400916.5,5.14423828125,6.316465759277344,22.572308333333336,166.66666666666666,166.66666666666666,218.0,124.0,101.0,550.0,347.0,559.0,893.0,2.0
0.0,1.0,1.0,0.0,0.0,1.0,0.0,1.0,0.0,0.0,0.0,0.0,0.0,0.0,2.0,0.0,1.0,4455831.5,5399649.0,4413591.0,5348561.0,4457296.0,5405048.0,3.515690185546875,5.180605570475261,6.209961666666667,166.66666666666666,166.66666666666666,306.0,198.0,319.0,620.0,144.0,490.0,836.0,4.0
1.0,0.0,1.0,0.0,0.0,1.0,0.0,1.0,0.0,0.0,0.0,0.0,0.0,0.0,0.0,0.0,0.0,4459581.5,5403456.0,4459604.5,5400495.5,4457372.5,5404651.0,5.71058203125,6.746558634440104,28.905995,166.66666666666666,166.66666666666666,101.0,204.0,234.0,344.0,184.0,484.0,956.0,0.0
0.0,1.0,0.0,1.0,0.0,1.0,0.0,1.0,0.0,0.0,0.0,0.0,0.0,0.0,1.0,5.0,2.0,4458912.5,5403852.0,4465125.0,5334535.5,4461597.5,5401976.0,81.4468515625,61.25306803385416,274.8091166666666,83.47828833333332,267.4974,197.0,844.0,231.0,2814.0,253.0,389.0,672.0,3.0
1.0,0.0,0.0,1.0,0.0,0.0,1.0,1.0,0.0,0.0,0.0,0.0,0.0,0.0,0.0,0.0,0.0,4459287.0,5404612.0,4466509.0,5331508.0,4461374.5,5401232.5,0.5791864013671875,0.7522199630737305,166.66666666666666,166.66666666666666,166.66666666666666,197.0,198.0,224.0,3551.0,347.0,475.0,803.0,4.0
1.0,0.0,1.0,0.0,0.0,0.0,1.0,1.0,0.0,0.0,0.0,0.0,0.0,0.0,0.0,0.0,2.0,4455128.5,5403799.5,4511668.0,5348629.5,4461580.5,5401514.0,1.7891353759765625,2.48836186726888,36.06368833333333,166.66666666666666,166.66666666666666,161.0,183.0,152.0,2360.0,347.0,509.0,809.0,5.0
0.0,1.0,1.0,0.0,0.0,1.0,0.0,1.0,0.0,0.0,0.0,0.0,0.0,0.0,1.0,7.0,0.0,4459814.5,5400476.0,4414353.0,5382693.5,4459810.5,5402058.0,88.3109921875,68.52720540364584,228.6285,128.57711666666668,166.66666666666666,102.0,3707.0,345.0,465.0,249.0,411.0,944.0,0.0
0.0,1.0,1.0,0.0,0.0,1.0,0.0,1.0,0.0,0.0,0.0,0.0,0.0,0.0,1.0,6.0,0.0,4460191.0,5405685.0,4396535.5,5363690.0,4457225.5,5406060.0,72.8471484375,50.70872802734375,189.5635333333333,144.13008333333337,166.66666666666666,102.0,1714.0,219.0,442.0,140.0,418.0,753.0,3.0
1.0,0.0,0.0,1.0,0.0,1.0,0.0,1.0,0.0,0.0,0.0,0.0,0.0,0.0,0.0,0.0,3.0,4459116.5,5400415.0,4521931.5,5396937.5,4454710.0,5404075.5,2.90174462890625,4.0674560546875,5.814566666666667,166.66666666666666,166.66666666666666,189.0,172.0,343.0,2043.0,149.0,431.0,740.0,2.0
1.0,0.0,0.0,1.0,0.0,1.0,0.0,1.0,0.0,0.0,0.0,0.0,0.0,0.0,0.0,0.0,0.0,4456804.0,5404215.5,4512151.5,5324223.0,4457026.5,5405407.5,2.191817626953125,3.0507136027018227,19.617061666666665,166.66666666666666,166.66666666666666,221.0,232.0,174.0,4697.0,141.0,436.0,849.0,4.0
1.0,0.0,0.0,1.0,0.0,1.0,0.0,1.0,0.0,0.0,0.0,0.0,0.0,0.0,0.0,0.0,0.0,4458883.0,5403364.5,4461684.5,5338554.0,4455484.5,5403861.5,4.79014306640625,6.590769958496094,19.02313666666667,166.66666666666666,166.66666666666666,221.0,172.0,233.0,1490.0,153.0,1402.0,84.0,4.0
1.0,0.0,1.0,0.0,0.0,1.0,0.0,1.0,0.0,0.0,0.0,0.0,0.0,0.0,0.0,0.0,1.0,4457709.5,5404288.0,4455796.0,5338246.0,4455976.5,5398594.5,4.226794921875,5.757862345377604,11.870131666666666,166.66666666666666,166.66666666666666,338.0,305.0,187.0,1412.0,321.0,507.0,788.0,2.0
1.0,0.0,0.0,1.0,0.0,1.0,0.0,1.0,0.0,0.0,0.0,0.0,0.0,0.0,0.0,0.0,1.0,4459074.0,5401739.5,4508580.5,5302537.5,4457005.0,5401373.5,1.4249114990234375,2.33685785929362,18.83875,166.66666666666666,166.66666666666666,304.0,247.0,247.0,4793.0,297.0,456.0,468.0,1.0
1.0,0.0,1.0,0.0,0.0,1.0,0.0,1.0,0.0,0.0,0.0,0.0,0.0,0.0,0.0,0.0,2.0,4455713.0,5403180.5,4421945.0,5358256.0,4461512.0,5401904.5,1.66769775390625,2.3909756978352865,10.227964333333333,166.66666666666666,166.66666666666666,187.0,172.0,200.0,893.0,253.0,484.0,782.0,4.0
0.0,1.0,0.0,1.0,1.0,0.0,0.0,1.0,0.0,0.0,0.0,0.0,0.0,0.0,1.0,9.0,0.0,4456738.0,5400588.0,4420407.5,5360185.5,4457312.5,5404285.5,4.7507451171875,5.949346923828125,21.672935,166.66666666666666,166.66666666666666,229.0,167.0,299.0,744.0,186.0,454.0,943.0,1.0
0.0,1.0,0.0,1.0,1.0,0.0,0.0,1.0,0.0,0.0,0.0,0.0,0.0,0.0,1.0,9.0,0.0,4456738.0,5400588.0,4420407.5,5360185.5,4457312.5,5404285.5,4.15524853515625,5.424842325846354,17.240303333333333,166.66666666666666,166.66666666666666,229.0,204.0,299.0,744.0,186.0,437.0,735.0,2.0
1.0,0.0,1.0,0.0,0.0,1.0,0.0,1.0,0.0,0.0,0.0,0.0,0.0,0.0,0.0,0.0,1.0,4458375.5,5402028.5,4415647.5,5353415.0,4461525.0,5401859.5,1.581574951171875,2.6069793701171875,0.8785780666666666,166.66666666666666,166.66666666666666,177.0,152.0,212.0,980.0,253.0,508.0,1044.0,4.0
1.0,0.0,1.0,0.0,0.0,1.0,0.0,1.0,0.0,0.0,0.0,0.0,0.0,0.0,0.0,0.0,1.0,4457521.0,5402907.0,4478745.5,5337302.5,4456689.0,5406381.0,1.2041881103515626,1.7427917480468749,3.5023353333333334,166.66666666666666,166.66666666666666,212.0,309.0,204.0,4304.0,140.0,475.0,813.0,0.0
1.0,0.0,1.0,0.0,0.0,0.0,1.0,1.0,0.0,0.0,0.0,0.0,0.0,0.0,0.0,0.0,1.0,4459710.0,5401109.5,4483929.5,5348911.0,4456873.0,5401342.0,2.295078125,3.1166666666666667,2.0,166.66666666666666,166.66666666666666,212.0,198.0,340.0,1669.0,297.0,456.0,816.0,4.0
1.0,0.0,0.0,1.0,0.0,1.0,0.0,1.0,0.0,0.0,0.0,0.0,0.0,0.0,0.0,3.0,1.0,4457123.5,5404800.0,4460039.5,5413579.5,4459126.0,5404160.5,4.78909765625,4.681967163085938,49.67382,166.66666666666666,166.66666666666666,333.0,354.0,173.0,113.0,231.0,461.0,780.0,5.0
0.0,1.0,0.0,1.0,1.0,0.0,0.0,1.0,0.0,0.0,0.0,0.0,0.0,0.0,2.0,9.0,0.0,4459201.0,5405020.5,4448617.5,5419880.5,4455754.0,5403594.5,2.0261126708984376,3.2921300252278645,37.60669,35.541175,166.66666666666666,213.0,305.0,216.0,63.0,178.0,406.0,1031.0,1.0
0.0,1.0,1.0,0.0,0.0,0.0,1.0,1.0,0.0,0.0,0.0,0.0,0.0,0.0,3.0,9.0,1.0,4456024.0,5399466.5,4470731.0,5332926.0,4460929.5,5404052.0,4.2601142578125,5.643878173828125,10.341081666666666,166.66666666666666,166.66666666666666,100.0,152.0,319.0,3646.0,241.0,500.0,712.0,0.0
0.0,1.0,1.0,0.0,0.0,0.0,1.0,1.0,0.0,0.0,0.0,0.0,0.0,0.0,3.0,9.0,1.0,4456024.0,5399466.5,4470731.0,5332926.0,4460929.5,5404052.0,2.390086669921875,7.424371846516927,6.847187333333333,166.66666666666666,166.66666666666666,100.0,102.0,319.0,3646.0,241.0,985.0,1295.0,2.0
1.0,0.0,1.0,0.0,0.0,1.0,0.0,1.0,0.0,0.0,0.0,0.0,0.0,0.0,0.0,0.0,1.0,4454621.0,5399035.0,4476101.5,5327123.5,4456997.0,5405220.5,3.69214501953125,4.879698689778646,18.73820333333333,166.66666666666666,166.66666666666666,151.0,204.0,162.0,4288.0,143.0,472.0,920.0,5.0
1.0,0.0,1.0,0.0,0.0,1.0,0.0,1.0,0.0,0.0,0.0,0.0,0.0,0.0,0.0,0.0,1.0,4454621.0,5399035.0,4476101.5,5327123.5,4456997.0,5405220.5,3.69214501953125,4.879698689778646,18.73820333333333,166.66666666666666,166.66666666666666,151.0,204.0,162.0,4288.0,143.0,467.0,801.0,2.0
1.0,0.0,0.0,1.0,0.0,1.0,0.0,1.0,0.0,0.0,0.0,0.0,0.0,0.0,0.0,0.0,1.0,4456614.0,5397146.0,4456334.0,5335994.0,4458617.5,5402227.5,2.08787744140625,3.1702224731445314,7.749348333333333,166.66666666666666,166.66666666666666,151.0,167.0,334.0,2621.0,211.0,521.0,855.0,0.0
1.0,0.0,1.0,0.0,0.0,1.0,0.0,1.0,0.0,0.0,0.0,0.0,0.0,0.0,0.0,0.0,0.0,4446889.0,5403567.0,4460173.5,5336315.0,4453158.0,5403239.0,2.08787744140625,3.1702224731445314,7.749348333333333,166.66666666666666,166.66666666666666,151.0,167.0,97.0,2705.0,156.0,473.0,705.0,5.0
1.0,0.0,1.0,0.0,0.0,1.0,0.0,1.0,0.0,0.0,0.0,0.0,0.0,0.0,0.0,0.0,3.0,4451526.5,5401824.0,4469725.5,5336081.0,4460597.0,5401093.5,0.9097730712890624,1.1599966684977214,0.888102,166.66666666666666,166.66666666666666,142.0,165.0,102.0,3429.0,346.0,477.0,706.0,5.0
1.0,0.0,1.0,0.0,0.0,1.0,0.0,1.0,0.0,0.0,0.0,0.0,0.0,0.0,0.0,0.0,3.0,4451526.5,5401824.0,4469725.5,5336081.0,4460597.0,5401093.5,0.9097730712890624,1.1599966684977214,0.888102,166.66666666666666,166.66666666666666,142.0,165.0,102.0,3429.0,346.0,471.0,950.0,4.0
1.0,0.0,1.0,0.0,0.0,1.0,0.0,1.0,0.0,0.0,0.0,0.0,0.0,0.0,0.0,0.0,1.0,4456372.5,5397203.5,4468950.5,5333256.5,4456973.5,5408747.5,2.815615478515625,4.138434600830078,10.514637166666668,166.66666666666666,166.66666666666666,142.0,204.0,331.0,3618.0,134.0,465.0,904.0,0.0
1.0,0.0,0.0,1.0,0.0,1.0,0.0,1.0,0.0,0.0,0.0,0.0,0.0,0.0,0.0,0.0,2.0,4455938.0,5404227.0,4475482.0,5332014.0,4457836.5,5398010.5,2.867107666015625,3.94132080078125,11.922408333333331,166.66666666666666,166.66666666666666,190.0,204.0,167.0,3895.0,336.0,524.0,952.0,4.0
0.0,1.0,0.0,1.0,0.0,1.0,0.0,1.0,0.0,0.0,0.0,0.0,0.0,0.0,1.0,0.0,2.0,4458096.5,5403454.0,4466495.5,5334540.5,4461071.0,5401134.5,1.5155042724609376,2.166879526774089,3.356615,166.66666666666666,166.66666666666666,178.0,165.0,198.0,3308.0,346.0,461.0,562.0,2.0
0.0,1.0,0.0,1.0,0.0,1.0,0.0,1.0,0.0,0.0,0.0,0.0,0.0,0.0,1.0,0.0,2.0,4458096.5,5403454.0,4466495.5,5334540.5,4461071.0,5401134.5,1.5155042724609376,2.166879526774089,3.356615,166.66666666666666,166.66666666666666,178.0,165.0,198.0,3308.0,346.0,519.0,729.0,2.0
0.0,1.0,0.0,1.0,0.0,0.0,1.0,1.0,0.0,0.0,0.0,0.0,0.0,0.0,1.0,8.0,1.0,4459590.0,5403499.0,4429370.5,5361331.5,4459581.0,5404390.5,4.4239306640625005,6.487634785970052,18.18663666666667,166.66666666666666,166.66666666666666,300.0,198.0,234.0,1025.0,226.0,515.0,1115.0,4.0
1.0,0.0,0.0,1.0,0.0,0.0,1.0,1.0,0.0,0.0,0.0,0.0,0.0,0.0,0.0,0.0,0.0,4452553.5,5403352.0,4428066.0,5396416.0,4457645.5,5404410.0,5.67760107421875,8.511537170410156,27.790905,166.66666666666666,166.66666666666666,170.0,305.0,164.0,17.0,186.0,466.0,700.0,2.0
1.0,0.0,1.0,0.0,0.0,1.0,0.0,1.0,0.0,0.0,0.0,0.0,0.0,0.0,0.0,0.0,0.0,4458287.0,5403406.5,4498995.5,5301691.5,4458105.5,5404598.0,2.150455322265625,3.6872584025065103,11.850920666666669,166.66666666666666,166.66666666666666,339.0,306.0,198.0,4748.0,188.0,473.0,687.0,2.0
1.0,0.0,1.0,0.0,0.0,0.0,1.0,1.0,0.0,0.0,0.0,0.0,0.0,0.0,0.0,0.0,1.0,4459739.0,5401530.0,4499277.5,5304693.5,4458584.5,5403139.0,1.4601317138671874,2.753284200032552,9.8508575,166.66666666666666,166.66666666666666,300.0,306.0,340.0,4745.0,208.0,461.0,853.0,5.0
1.0,0.0,1.0,0.0,0.0,0.0,1.0,1.0,0.0,0.0,0.0,0.0,0.0,0.0,0.0,0.0,1.0,4459739.0,5401530.0,4499277.5,5304693.5,4458584.5,5403139.0,4.4239306640625005,6.487634785970052,18.18663666666667,166.66666666666666,166.66666666666666,300.0,198.0,340.0,4745.0,208.0,721.0,1345.0,4.0
0.0,1.0,1.0,0.0,0.0,1.0,0.0,1.0,0.0,0.0,0.0,0.0,0.0,0.0,1.0,8.0,1.0,4459402.0,5404179.5,4468026.0,5370647.5,4460787.0,5401139.5,30.513591796875,28.666534423828125,72.56858333333332,75.06805833333333,166.66666666666666,345.0,54.0,226.0,1199.0,346.0,448.0,675.0,0.0
0.0,1.0,0.0,1.0,0.0,1.0,0.0,1.0,0.0,0.0,0.0,0.0,0.0,0.0,1.0,0.0,1.0,4453699.5,5405096.0,4464430.5,5331459.0,4461374.5,5401232.5,81.7105,62.5642333984375,509.2838833333333,182.7838833333333,166.66666666666666,322.0,2126.0,164.0,2959.0,347.0,425.0,689.0,0.0
1.0,0.0,1.0,0.0,0.0,1.0,0.0,1.0,0.0,0.0,0.0,0.0,0.0,0.0,0.0,0.0,0.0,4458610.5,5400563.5,4471230.0,5339701.0,4462608.5,5402664.5,2.005357299804688,2.995117696126302,3.3019306666666663,166.66666666666666,166.66666666666666,182.0,152.0,316.0,1908.0,348.0,461.0,1042.0,0.0
1.0,0.0,1.0,0.0,0.0,1.0,0.0,1.0,0.0,0.0,0.0,0.0,0.0,0.0,0.0,0.0,1.0,4455177.0,5403316.5,4441947.5,5417686.0,4458841.0,5402416.5,1.0010354614257813,1.5737096150716146,2.816009833333333,166.66666666666666,166.66666666666666,182.0,204.0,154.0,58.0,211.0,479.0,802.0,2.0
0.0,1.0,1.0,0.0,0.0,1.0,0.0,1.0,0.0,0.0,0.0,0.0,0.0,0.0,1.0,9.0,2.0,4455774.0,5402293.5,4466421.0,5352884.5,4462614.0,5403822.0,5.15625537109375,7.230943298339843,10.383953333333332,166.66666666666666,166.66666666666666,323.0,198.0,202.0,1260.0,254.0,570.0,895.0,4.0
1.0,0.0,1.0,0.0,0.0,1.0,0.0,1.0,0.0,0.0,0.0,0.0,0.0,0.0,0.0,0.0,1.0,4459750.0,5405010.5,4416540.0,5364231.5,4457475.0,5404948.0,1.7494906005859376,2.586969248453776,12.345173333333332,166.66666666666666,166.66666666666666,201.0,194.0,220.0,515.0,144.0,437.0,782.0,5.0
1.0,0.0,0.0,1.0,0.0,1.0,0.0,1.0,0.0,0.0,0.0,0.0,0.0,0.0,0.0,2.0,0.0,4456567.5,5400534.0,4460006.0,5305606.5,4458497.5,5399455.0,2.206728759765625,2.906921895345052,62.56109666666667,166.66666666666666,166.66666666666666,336.0,326.0,299.0,4528.0,324.0,443.0,792.0,0.0
1.0,0.0,1.0,0.0,0.0,0.0,1.0,1.0,0.0,0.0,0.0,0.0,0.0,0.0,0.0,2.0,2.0,4457908.0,5401053.0,4419102.0,5362619.5,4463394.0,5402695.5,7.47768896484375,9.73941446940104,17.9,166.66666666666666,166.66666666666666,336.0,198.0,306.0,699.0,348.0,468.0,743.0,0.0
1.0,0.0,0.0,1.0,0.0,1.0,0.0,1.0,0.0,0.0,0.0,0.0,0.0,0.0,0.0,0.0,1.0,4456523.5,5396941.0,4463366.0,5329000.0,4454674.5,5403914.0,1.5814366455078126,2.2127100626627603,1.1518416666666669,166.66666666666666,166.66666666666666,179.0,167.0,334.0,3068.0,149.0,485.0,1024.0,4.0
1.0,0.0,1.0,0.0,0.0,1.0,0.0,1.0,0.0,0.0,0.0,0.0,0.0,0.0,1.0,3.0,0.0,4456321.0,5399415.5,4432813.5,5324515.0,4461513.0,5401573.5,2.71816552734375,3.74770024617513,6.441650833333333,166.66666666666666,166.66666666666666,189.0,183.0,319.0,2436.0,347.0,474.0,834.0,0.0
0.0,1.0,1.0,0.0,0.0,1.0,0.0,1.0,0.0,0.0,0.0,0.0,0.0,0.0,1.0,5.0,2.0,4456323.5,5404261.0,4493608.5,5305245.0,4457026.5,5405407.5,1.214606201171875,1.7096293131510416,1.7783939999999998,166.66666666666666,166.66666666666666,189.0,231.0,171.0,4732.0,141.0,466.0,705.0,2.0
1.0,0.0,1.0,0.0,0.0,1.0,0.0,1.0,0.0,0.0,0.0,0.0,0.0,0.0,0.0,0.0,0.0,4458777.0,5404393.5,4457827.5,5332076.5,4457333.5,5405846.5,5.19680029296875,6.817390950520833,13.549785,166.66666666666666,166.66666666666666,222.0,204.0,191.0,2686.0,139.0,426.0,795.0,2.0
0.0,1.0,0.0,1.0,0.0,1.0,0.0,1.0,0.0,0.0,0.0,0.0,0.0,0.0,1.0,0.0,0.0,4458691.0,5404525.5,4453200.0,5407002.5,4461012.0,5401144.5,2.579613525390625,3.668290201822917,15.140484999999998,166.66666666666666,166.66666666666666,350.0,354.0,189.0,128.0,346.0,464.0,1142.0,4.0
0.0,1.0,0.0,1.0,0.0,1.0,0.0,1.0,0.0,0.0,0.0,0.0,0.0,0.0,1.0,7.0,0.0,4459219.5,5402539.0,4510572.0,5292994.0,4458474.5,5400413.0,1.886168823242188,2.5297704060872395,12.617221666666667,166.66666666666666,166.66666666666666,235.0,198.0,243.0,4885.0,318.0,480.0,955.0,4.0
0.0,1.0,1.0,0.0,0.0,1.0,0.0,1.0,0.0,0.0,0.0,0.0,0.0,0.0,1.0,9.0,2.0,4459201.5,5402511.0,4509181.0,5302180.0,4458469.5,5400448.0,5.1063994140625,7.392295837402344,14.736637333333334,166.66666666666666,166.66666666666666,301.0,198.0,243.0,4826.0,318.0,460.0,901.0,2.0
1.0,0.0,1.0,0.0,0.0,1.0,0.0,1.0,0.0,0.0,0.0,0.0,0.0,0.0,0.0,0.0,0.0,4458898.5,5399041.0,4459348.0,5347387.0,4456413.0,5405736.0,2.484436767578125,3.773633829752604,8.2255625,166.66666666666666,166.66666666666666,232.0,194.0,326.0,1364.0,140.0,490.0,625.0,4.0
0.0,1.0,1.0,0.0,0.0,1.0,0.0,1.0,0.0,0.0,0.0,0.0,0.0,0.0,1.0,9.0,0.0,4456700.0,5404825.0,4417805.5,5360220.0,4455833.5,5404124.5,2.105913330078125,2.764436340332032,11.675745,166.66666666666666,166.66666666666666,175.0,198.0,172.0,721.0,167.0,472.0,907.0,5.0
1.0,0.0,0.0,1.0,0.0,1.0,0.0,1.0,0.0,0.0,0.0,0.0,0.0,0.0,0.0,0.0,1.0,4459749.5,5401562.5,4461185.5,5336960.5,4456552.5,5404619.0,1.0536055908203126,1.753213119506836,9.174415,166.66666666666666,166.66666666666666,155.0,152.0,340.0,2709.0,172.0,473.0,967.0,2.0
0.0,1.0,0.0,1.0,0.0,1.0,0.0,1.0,0.0,0.0,0.0,0.0,0.0,0.0,1.0,9.0,0.0,4459900.5,5405693.5,4479265.0,5320026.0,4453228.0,5403351.5,87.6882578125,80.54423014322917,427.0639333333333,116.26666666666668,411.0,102.0,945.0,218.0,4470.0,164.0,373.0,651.0,3.0
1.0,0.0,1.0,0.0,0.0,1.0,0.0,1.0,0.0,0.0,0.0,0.0,0.0,0.0,0.0,2.0,0.0,4459782.0,5401535.5,4460602.0,5303492.5,4455504.5,5405034.5,1.2041881103515626,1.7427917480468749,3.5023353333333334,166.66666666666666,166.66666666666666,212.0,309.0,340.0,4536.0,165.0,495.0,1028.0,5.0
1.0,0.0,1.0,0.0,0.0,1.0,0.0,1.0,0.0,0.0,0.0,0.0,0.0,0.0,0.0,0.0,0.0,4456412.0,5404652.5,4490008.5,5338940.0,4460945.0,5401039.0,3.69214501953125,4.879698689778646,18.73820333333333,166.66666666666666,166.66666666666666,151.0,204.0,166.0,2019.0,346.0,454.0,695.0,4.0
0.0,1.0,0.0,1.0,0.0,1.0,0.0,1.0,0.0,0.0,0.0,0.0,0.0,0.0,1.0,9.0,0.0,4459187.0,5402172.0,4433179.5,5314311.0,4463519.5,5402880.5,75.415875,47.07755940755208,255.3878,127.62317666666668,244.7374,333.0,3363.0,245.0,2490.0,348.0,397.0,536.0,0.0
1.0,0.0,0.0,1.0,0.0,1.0,0.0,1.0,0.0,0.0,0.0,0.0,0.0,0.0,0.0,0.0,0.0,4459198.5,5405115.0,4467925.0,5337797.5,4461512.0,5401904.5,2.452009033203125,3.9473302205403646,13.525855,166.66666666666666,166.66666666666666,319.0,305.0,216.0,1875.0,253.0,455.0,825.0,2.0
0.0,1.0,0.0,1.0,1.0,0.0,0.0,1.0,0.0,0.0,0.0,0.0,0.0,0.0,3.0,9.0,0.0,4455760.5,5407782.0,4469657.0,5301162.5,4457174.0,5404689.0,3.184906982421875,4.147356923421224,7.199710666666666,166.66666666666666,166.66666666666666,241.0,198.0,134.0,4560.0,173.0,478.0,736.0,2.0
1.0,0.0,1.0,0.0,0.0,1.0,0.0,1.0,0.0,0.0,0.0,0.0,0.0,0.0,0.0,0.0,1.0,4456398.0,5404816.5,4536676.0,5389043.5,4457134.0,5408882.5,2.579613525390625,3.668290201822917,15.140484999999998,166.66666666666666,166.66666666666666,350.0,354.0,166.0,2059.0,134.0,494.0,1039.0,5.0
1.0,0.0,1.0,0.0,0.0,1.0,0.0,1.0,0.0,0.0,0.0,0.0,0.0,0.0,0.0,0.0,2.0,4456696.0,5404231.5,4528237.0,5386761.0,4456320.0,5397595.5,5.09932568359375,7.238424173990885,23.92501833333333,166.66666666666666,166.66666666666666,350.0,305.0,174.0,2233.0,331.0,473.0,854.0,4.0
1.0,0.0,1.0,0.0,0.0,1.0,0.0,1.0,0.0,0.0,0.0,0.0,0.0,0.0,0.0,0.0,1.0,4459229.0,5405704.0,4440268.5,5352219.0,4457688.5,5404570.5,2.579613525390625,3.668290201822917,15.140484999999998,166.66666666666666,166.66666666666666,350.0,354.0,222.0,1233.0,185.0,624.0,737.0,4.0
1.0,0.0,1.0,0.0,0.0,1.0,0.0,1.0,0.0,0.0,0.0,0.0,0.0,0.0,0.0,0.0,1.0,4459608.5,5405681.0,4462459.0,5331288.0,4457157.0,5405807.5,1.69301220703125,3.255745697021484,28.19375,166.66666666666666,166.66666666666666,350.0,344.0,215.0,3027.0,140.0,546.0,1095.0,2.0
1.0,0.0,1.0,0.0,0.0,1.0,0.0,1.0,0.0,0.0,0.0,0.0,0.0,0.0,0.0,0.0,1.0,4459260.0,5401672.5,4471719.5,5339823.0,4455642.0,5404741.5,1.69301220703125,3.255745697021484,28.19375,166.66666666666666,166.66666666666666,350.0,344.0,339.0,1975.0,165.0,589.0,953.0,2.0
1.0,0.0,1.0,0.0,0.0,1.0,0.0,1.0,0.0,0.0,0.0,0.0,0.0,0.0,0.0,0.0,1.0,4459260.0,5401672.5,4471719.5,5339823.0,4455642.0,5404741.5,1.69301220703125,3.255745697021484,28.19375,166.66666666666666,166.66666666666666,350.0,344.0,339.0,1975.0,165.0,470.0,802.0,2.0
1.0,0.0,0.0,1.0,0.0,1.0,0.0,1.0,0.0,0.0,0.0,0.0,0.0,0.0,1.0,0.0,1.0,4456620.0,5403345.0,4466605.0,5341150.0,4461490.5,5401836.0,61.11068359375,41.80575358072917,82.83841166666666,90.25202666666668,166.66666666666666,140.0,1615.0,182.0,1753.0,253.0,421.0,758.0,0.0
1.0,0.0,1.0,0.0,0.0,1.0,0.0,1.0,0.0,0.0,0.0,0.0,0.0,0.0,0.0,0.0,2.0,4456883.0,5404027.0,4470190.5,5332702.5,4461623.5,5401056.0,1.6732926025390626,2.784046173095703,6.662700333333333,166.66666666666666,166.66666666666666,154.0,146.0,181.0,3703.0,347.0,484.0,747.0,5.0
1.0,0.0,0.0,1.0,0.0,1.0,0.0,1.0,0.0,0.0,0.0,0.0,0.0,0.0,0.0,5.0,0.0,4454713.0,5403666.0,4458377.0,5346971.5,4453158.0,5403239.0,0.7338553466796875,1.4547247568766275,2.816009833333333,166.66666666666666,166.66666666666666,194.0,204.0,151.0,1344.0,156.0,431.0,671.0,5.0
1.0,0.0,1.0,0.0,0.0,1.0,0.0,1.0,0.0,0.0,0.0,0.0,0.0,0.0,0.0,0.0,0.0,4452176.0,5402652.5,4497935.5,5323477.5,4458097.5,5396607.0,0.2286000213623047,0.3531807899475098,2.1710355000000003,166.66666666666666,166.66666666666666,194.0,194.0,99.0,4658.0,333.0,465.0,776.0,2.0
1.0,0.0,1.0,0.0,0.0,1.0,0.0,1.0,0.0,0.0,0.0,0.0,0.0,0.0,0.0,0.0,1.0,4461190.5,5400122.0,4448578.5,5377274.5,4456594.5,5400463.0,28.863744140625,25.96155598958333,91.41202833333334,87.38239,166.66666666666666,312.0,55.0,350.0,1139.0,301.0,469.0,654.0,0.0
1.0,0.0,1.0,0.0,0.0,1.0,0.0,1.0,0.0,0.0,0.0,0.0,0.0,0.0,0.0,5.0,0.0,4454865.0,5403072.0,4474928.5,5417900.0,4458751.0,5403615.5,1.4199425048828125,1.8018511454264323,2.245858833333333,166.66666666666666,166.66666666666666,152.0,165.0,161.0,84.0,199.0,483.0,809.0,2.0
1.0,0.0,0.0,1.0,0.0,0.0,1.0,1.0,0.0,0.0,0.0,0.0,0.0,0.0,0.0,0.0,0.0,4454553.5,5403998.0,4402680.0,5381846.0,4457821.0,5400124.5,1.716424072265625,2.2304763793945312,16.454906666666666,166.66666666666666,166.66666666666666,143.0,165.0,149.0,428.0,314.0,480.0,825.0,4.0
0.0,1.0,1.0,0.0,0.0,1.0,0.0,1.0,0.0,0.0,0.0,0.0,0.0,0.0,1.0,8.0,1.0,4458648.0,5400478.5,4468914.5,5332733.0,4460962.0,5401225.5,3.170170166015625,4.010476430257161,17.898491666666665,166.66666666666666,166.66666666666666,219.0,198.0,318.0,3664.0,346.0,493.0,945.0,2.0
0.0,1.0,0.0,1.0,1.0,0.0,0.0,1.0,0.0,0.0,0.0,0.0,0.0,0.0,1.0,9.0,1.0,4457529.0,5404453.5,4468573.0,5330104.0,4460703.0,5401245.0,8.53990625,11.693037923177084,25.58122,166.66666666666666,166.66666666666666,331.0,198.0,186.0,4043.0,346.0,448.0,1245.0,2.0
1.0,0.0,0.0,1.0,0.0,1.0,0.0,1.0,0.0,0.0,0.0,0.0,0.0,0.0,0.0,0.0,0.0,4462025.0,5403759.0,4526232.0,5301970.0,4463375.5,5403096.5,0.6412667846679687,1.4499149322509766,166.66666666666666,166.66666666666666,166.66666666666666,208.0,207.0,242.0,4922.0,348.0,499.0,920.0,5.0
1.0,0.0,0.0,1.0,0.0,1.0,0.0,1.0,0.0,0.0,0.0,0.0,0.0,0.0,0.0,0.0,2.0,4457357.0,5403026.5,4458388.5,5345438.0,4457330.0,5404689.5,0.6412667846679687,1.4499149322509766,166.66666666666666,166.66666666666666,166.66666666666666,208.0,207.0,204.0,1356.0,184.0,398.0,836.0,0.0
1.0,0.0,0.0,1.0,0.0,1.0,0.0,1.0,0.0,0.0,0.0,0.0,0.0,0.0,0.0,0.0,1.0,4456721.0,5405088.5,4460980.0,5350508.5,4452877.0,5404303.5,1.5942591552734375,2.439586893717448,11.2509095,166.66666666666666,166.66666666666666,208.0,194.0,142.0,1259.0,164.0,466.0,1065.0,2.0
0.0,1.0,0.0,1.0,0.0,1.0,0.0,1.0,0.0,0.0,0.0,0.0,0.0,0.0,1.0,9.0,1.0,4455915.0,5404069.5,4421945.0,5358256.0,4457299.0,5405404.5,80.2380078125,49.31969807942709,224.8728166666667,98.38100666666666,210.81563333333327,174.0,3441.0,176.0,893.0,144.0,409.0,795.0,3.0
0.0,1.0,1.0,0.0,1.0,0.0,0.0,1.0,0.0,0.0,0.0,0.0,0.0,0.0,3.0,9.0,1.0,4456129.5,5399698.5,4442044.5,5429253.0,4457372.5,5404651.0,1.213771728515625,1.7610697428385416,11.494357333333332,166.66666666666666,166.66666666666666,187.0,198.0,319.0,8.0,184.0,462.0,965.0,2.0
1.0,0.0,1.0,0.0,0.0,1.0,0.0,1.0,0.0,0.0,0.0,0.0,0.0,0.0,0.0,0.0,0.0,4458542.0,5404227.0,4477010.0,5425824.0,4457008.5,5405651.0,0.1972267456054687,0.3944534619649251,2.380192833333333,166.66666666666666,166.66666666666666,306.0,306.0,191.0,81.0,141.0,460.0,750.0,4.0
1.0,0.0,1.0,0.0,0.0,1.0,0.0,1.0,0.0,0.0,0.0,0.0,0.0,0.0,0.0,0.0,1.0,4456392.0,5403334.0,4471189.0,5393791.5,4458895.0,5401307.5,0.4821685180664062,0.9093209584554036,1.9856685,166.66666666666666,166.66666666666666,315.0,309.0,179.0,403.0,339.0,484.0,849.0,5.0
1.0,0.0,0.0,1.0,0.0,1.0,0.0,1.0,0.0,0.0,0.0,0.0,0.0,0.0,0.0,0.0,1.0,4456199.5,5404405.5,4454181.0,5404404.0,4451879.5,5402609.5,3.354071533203125,4.559393310546875,3.888102166666666,166.66666666666666,166.66666666666666,200.0,165.0,168.0,146.0,99.0,469.0,826.0,5.0
0.0,1.0,0.0,1.0,1.0,0.0,0.0,1.0,0.0,0.0,0.0,0.0,0.0,0.0,1.0,0.0,1.0,4458516.0,5404210.0,4469214.0,5433158.5,4458064.0,5405052.5,6.1609365234375,8.22747802734375,32.41172666666667,166.66666666666666,166.66666666666666,320.0,231.0,191.0,75.0,145.0,795.0,1031.0,2.0
1.0,0.0,1.0,0.0,1.0,0.0,0.0,1.0,0.0,0.0,0.0,0.0,0.0,0.0,1.0,0.0,1.0,4456689.0,5403729.5,4513787.0,5302108.0,4456759.0,5403586.0,2.205849365234375,3.1050732930501304,17.334968333333332,166.66666666666666,166.66666666666666,320.0,305.0,180.0,4861.0,182.0,472.0,657.0,1.0
1.0,0.0,0.0,1.0,1.0,0.0,0.0,1.0,0.0,0.0,0.0,0.0,0.0,0.0,1.0,9.0,0.0,4457731.5,5402716.5,4508651.5,5304420.0,4459663.5,5404151.5,0.84000244140625,1.311364237467448,3.7681803333333335,166.66666666666666,166.66666666666666,233.0,232.0,207.0,4851.0,229.0,494.0,788.0,5.0
1.0,0.0,0.0,1.0,0.0,1.0,0.0,1.0,0.0,0.0,0.0,0.0,0.0,0.0,0.0,0.0,0.0,4458254.0,5401174.0,4432407.5,5312865.0,4457260.0,5405557.5,0.783398681640625,1.4876434326171877,28.39363833333333,166.66666666666666,166.66666666666666,138.0,137.0,309.0,2488.0,144.0,455.0,704.0,2.0
1.0,0.0,1.0,0.0,0.0,0.0,1.0,1.0,0.0,0.0,0.0,0.0,0.0,0.0,0.0,0.0,1.0,4458073.5,5403383.5,4467653.0,5346317.5,4457665.5,5404829.0,1.2206121826171876,2.063939030965169,2.380193,166.66666666666666,166.66666666666666,212.0,306.0,198.0,1710.0,185.0,467.0,933.0,0.0
1.0,0.0,0.0,1.0,0.0,1.0,0.0,1.0,0.0,0.0,0.0,0.0,0.0,0.0,0.0,4.0,0.0,4458965.0,5405126.0,4439038.5,5417039.5,4458785.0,5401566.0,0.4861211547851563,0.9722422281901042,4.102762333333334,166.66666666666666,166.66666666666666,311.0,305.0,216.0,56.0,308.0,522.0,942.0,4.0
1.0,0.0,0.0,1.0,0.0,1.0,0.0,1.0,0.0,0.0,0.0,0.0,0.0,0.0,1.0,8.0,3.0,4458619.5,5398274.5,4436726.5,5369288.5,4458816.0,5401435.0,22.87187890625,19.90965372721354,78.078695,46.300891666666665,166.66666666666666,139.0,55.0,338.0,551.0,308.0,452.0,940.0,3.0
1.0,0.0,0.0,1.0,0.0,1.0,0.0,1.0,0.0,0.0,0.0,0.0,0.0,0.0,0.0,0.0,0.0,4455863.5,5403301.0,4501475.0,5396281.0,4458600.0,5404749.0,6.47483740234375,7.53434092203776,12.065285,166.66666666666666,166.66666666666666,333.0,312.0,178.0,2025.0,189.0,467.0,771.0,2.0
1.0,0.0,0.0,1.0,0.0,1.0,0.0,1.0,0.0,0.0,0.0,0.0,0.0,0.0,0.0,0.0,1.0,4459486.0,5405060.5,4476436.0,5326000.5,4455828.0,5405076.0,10.295775390625,11.728897094726562,48.93184,166.66666666666666,166.66666666666666,97.0,258.0,217.0,4293.0,165.0,467.0,748.0,4.0
1.0,0.0,0.0,1.0,0.0,1.0,0.0,1.0,0.0,0.0,0.0,0.0,0.0,0.0,0.0,0.0,1.0,4457919.0,5400169.5,4467168.5,5342210.0,4457147.0,5405571.5,1.463861328125,2.4214096069335938,2.515556333333333,166.66666666666666,166.66666666666666,314.0,306.0,314.0,1757.0,141.0,378.0,733.0,5.0
1.0,0.0,0.0,1.0,0.0,1.0,0.0,1.0,0.0,0.0,0.0,0.0,0.0,0.0,0.0,0.0,0.0,4454748.5,5403968.0,4484339.0,5328893.5,4457517.0,5404901.0,1.463861328125,2.4214096069335938,2.515556333333333,166.66666666666666,166.66666666666666,314.0,306.0,149.0,4390.0,144.0,522.0,835.0,4.0
0.0,1.0,0.0,1.0,0.0,1.0,0.0,1.0,0.0,0.0,0.0,0.0,0.0,0.0,1.0,9.0,1.0,4457347.0,5403059.0,4461872.0,5432795.0,4461300.0,5401206.0,56.60603515625,41.50145670572917,127.164225,127.87165,166.66666666666666,319.0,1615.0,204.0,44.0,347.0,461.0,759.0,3.0
0.0,1.0,1.0,0.0,1.0,0.0,0.0,1.0,0.0,0.0,0.0,0.0,0.0,0.0,1.0,3.0,1.0,4460338.0,5403707.0,4416336.5,5360209.0,4457395.5,5404949.5,3.190720458984375,4.978776041666666,11.095121666666667,166.66666666666666,166.66666666666666,176.0,198.0,236.0,679.0,144.0,457.0,680.0,2.0
0.0,1.0,1.0,0.0,1.0,0.0,0.0,1.0,0.0,0.0,0.0,0.0,0.0,0.0,1.0,3.0,1.0,4460338.0,5403707.0,4416336.5,5360209.0,4457395.5,5404949.5,1.295521484375,2.150244649251302,0.8785780666666666,166.66666666666666,166.66666666666666,176.0,152.0,236.0,679.0,144.0,439.0,619.0,1.0
0.0,1.0,0.0,1.0,1.0,0.0,0.0,1.0,0.0,0.0,0.0,0.0,0.0,0.0,1.0,2.0,1.0,4459408.5,5402764.0,4460167.0,5338182.5,4457372.5,5404651.0,1.648816650390625,2.2611109415690103,11.150405,166.66666666666666,166.66666666666666,181.0,198.0,243.0,1480.0,184.0,476.0,903.0,1.0
1.0,0.0,1.0,0.0,0.0,1.0,0.0,1.0,0.0,0.0,0.0,0.0,0.0,0.0,0.0,7.0,1.0,4459326.0,5402167.5,4460602.0,5303492.5,4459663.5,5404151.5,5.350408203125,6.362727864583333,26.905995,166.66666666666666,166.66666666666666,158.0,204.0,246.0,4536.0,229.0,425.0,964.0,0.0
1.0,0.0,1.0,0.0,0.0,1.0,0.0,1.0,0.0,0.0,0.0,0.0,0.0,0.0,0.0,7.0,0.0,4457585.0,5400736.0,4463582.0,5332266.0,4451914.5,5402551.5,5.350408203125,6.362727864583333,26.905995,166.66666666666666,166.66666666666666,158.0,204.0,311.0,2933.0,99.0,531.0,1035.0,0.0
0.0,1.0,1.0,0.0,0.0,1.0,0.0,1.0,0.0,0.0,0.0,0.0,0.0,0.0,1.0,6.0,1.0,4460595.5,5403594.0,4417805.5,5360220.0,4458895.0,5401307.5,59.92290234375,43.35020345052083,89.44080000000001,166.66666666666666,166.66666666666666,146.0,1615.0,241.0,721.0,339.0,446.0,676.0,2.0
1.0,0.0,0.0,1.0,1.0,0.0,0.0,1.0,0.0,0.0,0.0,0.0,0.0,0.0,1.0,9.0,2.0,4459605.0,5400155.5,4499316.0,5305341.5,4456997.0,5405220.5,8.639720703125,12.522596232096356,22.908563333333333,166.66666666666666,166.66666666666666,134.0,167.0,344.0,4745.0,143.0,468.0,930.0,2.0
1.0,0.0,0.0,1.0,0.0,0.0,1.0,1.0,0.0,0.0,0.0,0.0,0.0,0.0,0.0,0.0,2.0,4457492.0,5404300.0,4476349.5,5333867.0,4460757.0,5401208.5,2.918460693359375,4.00900395711263,10.89512,166.66666666666666,166.66666666666666,172.0,198.0,186.0,3872.0,346.0,437.0,732.0,0.0
1.0,0.0,0.0,1.0,0.0,1.0,0.0,1.0,0.0,0.0,0.0,0.0,0.0,0.0,0.0,0.0,0.0,4456201.5,5404107.0,4501016.0,5302789.5,4461580.5,5401514.0,2.504563232421875,3.1957550048828125,12.982682333333337,166.66666666666666,166.66666666666666,187.0,167.0,170.0,4757.0,347.0,436.0,649.0,2.0
0.0,1.0,1.0,0.0,0.0,1.0,0.0,1.0,0.0,0.0,0.0,0.0,0.0,0.0,1.0,0.0,1.0,4458379.5,5400779.5,4467195.5,5334950.0,4457589.5,5404462.0,25.749681640625,21.60118408203125,72.078695,49.300891666666665,166.66666666666666,187.0,55.0,315.0,3339.0,186.0,420.0,827.0,0.0
1.0,0.0,1.0,0.0,0.0,1.0,0.0,1.0,0.0,0.0,0.0,0.0,0.0,0.0,0.0,0.0,1.0,4457446.0,5399298.0,4439132.0,5400959.0,4459849.5,5404545.0,1.794360595703125,2.599625905354818,13.559890666666666,166.66666666666666,166.66666666666666,187.0,204.0,325.0,21.0,227.0,399.0,709.0,4.0
1.0,0.0,1.0,0.0,0.0,1.0,0.0,1.0,0.0,0.0,0.0,0.0,0.0,0.0,0.0,0.0,1.0,4455626.0,5399571.5,4491234.5,5317194.0,4461512.0,5401904.5,79.0019375,48.97743733723959,241.46553333333333,110.08348833333332,227.96553333333333,241.0,3336.0,162.0,4480.0,253.0,427.0,655.0,3.0
1.0,0.0,1.0,0.0,0.0,1.0,0.0,1.0,0.0,0.0,0.0,0.0,0.0,0.0,0.0,0.0,0.0,4456389.5,5404317.5,4492130.0,5351022.0,4452877.0,5404303.5,5.51230615234375,6.294248453776041,35.57230666666667,166.66666666666666,166.66666666666666,241.0,124.0,169.0,2297.0,164.0,440.0,832.0,2.0
0.0,1.0,0.0,1.0,0.0,1.0,0.0,1.0,0.0,0.0,0.0,0.0,0.0,0.0,1.0,9.0,1.0,4462428.0,5404319.0,4474313.0,5335112.5,4458195.5,5404715.5,28.843375,25.22586873372396,64.25192,63.959855,166.66666666666666,236.0,54.0,240.0,3788.0,188.0,448.0,872.0,3.0
1.0,0.0,1.0,0.0,0.0,0.0,1.0,1.0,0.0,0.0,0.0,0.0,0.0,0.0,0.0,0.0,1.0,4455575.5,5399143.0,4512876.0,5380715.5,4457766.0,5404614.0,4.33037353515625,6.083725992838541,15.114214,166.66666666666666,166.66666666666666,228.0,204.0,162.0,2114.0,185.0,488.0,981.0,4.0
0.0,1.0,0.0,1.0,0.0,1.0,0.0,1.0,0.0,0.0,0.0,0.0,0.0,0.0,1.0,9.0,0.0,4459770.5,5403838.5,4473806.0,5337063.0,4457565.5,5405283.5,4.025520751953125,5.867567443847657,16.431188333333335,166.66666666666666,166.66666666666666,154.0,198.0,235.0,3756.0,144.0,464.0,737.0,2.0
1.0,0.0,1.0,0.0,0.0,1.0,0.0,1.0,0.0,0.0,0.0,0.0,0.0,0.0,0.0,0.0,1.0,4456264.5,5397268.0,4416978.5,5361299.5,4457259.5,5405376.5,2.3284296875,3.6732577006022136,11.421998333333333,166.66666666666666,166.66666666666666,169.0,204.0,331.0,675.0,144.0,485.0,802.0,5.0
1.0,0.0,1.0,0.0,0.0,1.0,0.0,1.0,0.0,0.0,0.0,0.0,0.0,0.0,0.0,0.0,1.0,4458876.0,5402325.5,4466765.0,5342259.5,4460951.0,5401256.5,2.3284296875,3.6732577006022136,11.421998333333333,166.66666666666666,166.66666666666666,169.0,204.0,245.0,1746.0,346.0,1037.0,1260.0,2.0
1.0,0.0,0.0,1.0,0.0,1.0,0.0,1.0,0.0,0.0,0.0,0.0,0.0,0.0,0.0,0.0,0.0,4459873.5,5400748.5,4461250.5,5330005.0,4462630.0,5403017.5,2.4740419921875,3.570995076497396,3.3019306666666663,166.66666666666666,166.66666666666666,180.0,152.0,345.0,3013.0,348.0,470.0,819.0,5.0
1.0,0.0,0.0,1.0,0.0,1.0,0.0,1.0,0.0,0.0,0.0,0.0,0.0,0.0,0.0,0.0,1.0,4461686.5,5404021.0,4477951.0,5359206.5,4457852.5,5405105.0,1.3618330078125,2.0553070068359376,2.1710355000000003,166.66666666666666,166.66666666666666,180.0,194.0,242.0,1654.0,144.0,802.0,1121.0,4.0
0.0,1.0,1.0,0.0,1.0,0.0,0.0,1.0,0.0,0.0,0.0,0.0,0.0,0.0,1.0,9.0,1.0,4457696.5,5402824.5,4478247.5,5332620.0,4461795.5,5401052.0,2.269256103515625,3.3166666666666664,8.875505500000001,166.66666666666666,166.66666666666666,211.0,208.0,207.0,4332.0,347.0,558.0,799.0,4.0
0.0,1.0,1.0,0.0,1.0,0.0,0.0,1.0,0.0,0.0,0.0,0.0,0.0,0.0,2.0,9.0,1.0,4457930.0,5400418.5,4416910.5,5360655.5,4457296.0,5405048.0,1.579075439453125,2.570147959391276,6.672595,166.66666666666666,166.66666666666666,301.0,305.0,314.0,683.0,144.0,452.0,817.0,5.0
1.0,0.0,1.0,0.0,0.0,1.0,0.0,1.0,0.0,0.0,0.0,0.0,0.0,0.0,0.0,0.0,0.0,4458290.0,5401271.5,4462783.0,5376540.0,4459765.5,5404551.0,1.094583740234375,1.847010803222656,1.4893146666666666,166.66666666666666,166.66666666666666,301.0,298.0,309.0,1127.0,227.0,487.0,727.0,5.0
1.0,0.0,0.0,1.0,0.0,1.0,0.0,1.0,0.0,0.0,0.0,0.0,0.0,0.0,0.0,0.0,1.0,4454472.0,5403724.5,4436144.5,5368217.0,4458064.0,5405052.5,1.794360595703125,2.599625905354818,13.559890666666666,166.66666666666666,166.66666666666666,187.0,204.0,149.0,548.0,145.0,612.0,936.0,0.0
1.0,0.0,1.0,0.0,0.0,1.0,0.0,1.0,0.0,0.0,0.0,0.0,0.0,0.0,0.0,5.0,1.0,4458822.0,5405727.0,4468013.0,5334698.0,4458816.0,5401435.0,9.0947314453125,10.57271016438802,28.192576666666664,166.66666666666666,166.66666666666666,98.0,204.0,139.0,3363.0,308.0,455.0,794.0,2.0
1.0,0.0,1.0,0.0,1.0,0.0,0.0,1.0,0.0,0.0,0.0,0.0,0.0,0.0,0.0,3.0,1.0,4456516.0,5397718.5,4474043.5,5326778.0,4457660.5,5405507.5,1.6486971435546875,2.423597971598307,9.468819166666666,166.66666666666666,166.66666666666666,186.0,204.0,330.0,4271.0,144.0,459.0,692.0,2.0
1.0,0.0,0.0,1.0,0.0,1.0,0.0,0.0,0.0,0.0,1.0,0.0,0.0,0.0,0.0,0.0,2.0,4460026.0,5403523.5,4452662.0,5313519.5,4455504.5,5405034.5,3.1044345703125003,4.109517669677734,12.123243333333331,166.66666666666666,166.66666666666666,174.0,164.0,237.0,3195.0,165.0,563.0,607.0,5.0
0.0,1.0,1.0,0.0,0.0,0.0,1.0,0.0,0.0,0.0,1.0,0.0,0.0,0.0,3.0,0.0,1.0,4459460.5,5404080.0,4517718.0,5324899.5,4457660.5,5405507.5,4.50181005859375,6.033807373046875,17.513066666666667,166.66666666666666,166.66666666666666,142.0,212.0,232.0,4718.0,144.0,690.0,742.0,1.0
0.0,1.0,0.0,1.0,0.0,0.0,1.0,0.0,0.0,0.0,1.0,0.0,0.0,0.0,1.0,0.0,2.0,4462704.5,5403608.0,4513161.5,5278628.0,4458895.0,5401307.5,6.9877197265625,9.700445556640624,27.48032,166.66666666666666,166.66666666666666,142.0,324.0,254.0,4948.0,339.0,812.0,861.0,1.0
0.0,1.0,0.0,1.0,0.0,0.0,1.0,0.0,0.0,0.0,1.0,0.0,0.0,0.0,1.0,0.0,2.0,4462704.5,5403608.0,4513161.5,5278628.0,4458895.0,5401307.5,0.9097730712890624,1.1599966684977214,0.888102,166.66666666666666,166.66666666666666,142.0,165.0,254.0,4948.0,339.0,681.0,682.0,4.0
0.0,1.0,0.0,1.0,1.0,0.0,0.0,0.0,0.0,0.0,1.0,0.0,0.0,0.0,2.0,9.0,0.0,4457932.5,5403233.5,4504759.0,5301423.5,4458859.5,5406485.5,7.67395947265625,11.255086263020834,25.650748333333336,20.093786666666663,166.66666666666666,138.0,195.0,205.0,4801.0,222.0,717.0,745.0,1.0
0.0,1.0,1.0,0.0,0.0,0.0,1.0,0.0,0.0,0.0,1.0,0.0,0.0,0.0,1.0,4.0,1.0,4452218.0,5401947.5,4486548.0,5320302.0,4461580.5,5401514.0,9.4330634765625,13.454653930664062,51.975695,51.009025,166.66666666666666,138.0,99.0,103.0,4474.0,347.0,1009.0,1039.0,1.0
0.0,1.0,1.0,0.0,0.0,0.0,1.0,0.0,0.0,0.0,1.0,0.0,0.0,0.0,1.0,4.0,1.0,4452218.0,5401947.5,4486548.0,5320302.0,4461580.5,5401514.0,0.4055507507324218,0.7673451741536458,11.279021666666669,166.66666666666666,166.66666666666666,138.0,138.0,103.0,4474.0,347.0,1130.0,1153.0,0.0
0.0,1.0,1.0,0.0,0.0,0.0,1.0,0.0,0.0,0.0,1.0,0.0,0.0,0.0,5.0,9.0,0.0,4456108.0,5403734.0,4471164.0,5333171.5,4458474.5,5400413.0,0.35625732421875,0.6414855321248373,60.77090333333333,166.66666666666666,166.66666666666666,103.0,103.0,177.0,3656.0,318.0,511.0,664.0,1.0
0.0,1.0,0.0,1.0,1.0,0.0,0.0,0.0,0.0,0.0,1.0,0.0,0.0,0.0,3.0,9.0,0.0,4459260.0,5403390.0,4469422.5,5331735.5,4455966.5,5397096.0,5.816082031250001,6.916752624511719,55.23596666666666,49.22175,166.66666666666666,219.0,125.0,234.0,3695.0,331.0,831.0,860.0,1.0
0.0,1.0,0.0,1.0,1.0,0.0,0.0,0.0,0.0,0.0,1.0,0.0,0.0,0.0,3.0,9.0,0.0,4459260.0,5403390.0,4469422.5,5331735.5,4455966.5,5397096.0,0.8161050415039063,1.4093701680501305,1.6193961666666663,166.66666666666666,166.66666666666666,219.0,218.0,234.0,3695.0,331.0,641.0,659.0,4.0
0.0,1.0,0.0,1.0,0.0,0.0,1.0,0.0,0.0,0.0,1.0,0.0,0.0,0.0,5.0,9.0,1.0,4455684.0,5398604.5,4468756.5,5320209.0,4460945.0,5401039.0,1.3944671630859375,2.5488794962565104,10.401743333333334,166.66666666666666,166.66666666666666,218.0,220.0,321.0,4423.0,346.0,558.0,668.0,1.0
1.0,0.0,1.0,0.0,0.0,1.0,0.0,0.0,0.0,0.0,1.0,0.0,0.0,0.0,0.0,3.0,2.0,4460008.0,5403706.5,4472196.0,5363529.0,4456873.0,5401342.0,3.643880126953125,5.1723073323567705,21.256553333333333,166.66666666666666,166.66666666666666,317.0,243.0,235.0,1566.0,297.0,623.0,645.0,5.0
1.0,0.0,1.0,0.0,0.0,1.0,0.0,0.0,0.0,0.0,1.0,0.0,0.0,0.0,0.0,3.0,2.0,4460008.0,5403706.5,4472196.0,5363529.0,4456873.0,5401342.0,3.43244677734375,4.858527628580729,8.585282333333334,166.66666666666666,166.66666666666666,317.0,321.0,235.0,1566.0,297.0,1198.0,1259.0,5.0
1.0,0.0,1.0,0.0,0.0,1.0,0.0,0.0,0.0,0.0,1.0,0.0,0.0,0.0,0.0,3.0,2.0,4460008.0,5403706.5,4472196.0,5363529.0,4456873.0,5401342.0,1.0063928833007814,1.8223215738932288,5.3608155,166.66666666666666,166.66666666666666,317.0,323.0,235.0,1566.0,297.0,572.0,573.0,1.0
0.0,1.0,1.0,0.0,0.0,0.0,1.0,0.0,0.0,0.0,1.0,0.0,0.0,0.0,5.0,9.0,2.0,4456256.0,5403410.5,4442975.5,5337163.0,4455976.5,5398594.5,5.533384277343751,7.741314697265625,31.85361,31.66969,166.66666666666666,340.0,215.0,179.0,2541.0,321.0,645.0,888.0,1.0
0.0,1.0,0.0,1.0,0.0,0.0,1.0,0.0,0.0,0.0,1.0,0.0,0.0,0.0,7.0,9.0,1.0,4455929.0,5398306.5,4435823.0,5337186.5,4451794.0,5402680.5,0.297766357421875,0.6444811503092448,3.8927005,166.66666666666666,166.66666666666666,205.0,205.0,329.0,2428.0,99.0,1006.0,1011.0,1.0
0.0,1.0,0.0,1.0,1.0,0.0,0.0,0.0,0.0,0.0,1.0,0.0,0.0,0.0,3.0,9.0,0.0,4455072.0,5403340.0,4473599.0,5334252.0,4457278.0,5405323.5,3.60026416015625,5.209860229492188,15.104716666666668,14.65952,166.66666666666666,244.0,195.0,154.0,3814.0,144.0,589.0,683.0,1.0
0.0,1.0,1.0,0.0,0.0,0.0,1.0,0.0,0.0,0.0,1.0,0.0,0.0,0.0,7.0,9.0,1.0,4456633.0,5404692.5,4459463.5,5403782.0,4461487.0,5401866.5,3.34112158203125,3.793298848470052,166.66666666666666,166.66666666666666,166.66666666666666,149.0,101.0,172.0,232.0,253.0,531.0,601.0,1.0
0.0,1.0,1.0,0.0,0.0,0.0,1.0,0.0,0.0,0.0,1.0,0.0,0.0,0.0,7.0,9.0,1.0,4456633.0,5404692.5,4459463.5,5403782.0,4461487.0,5401866.5,6.9725517578125,10.12669881184896,166.66666666666666,166.66666666666666,166.66666666666666,149.0,300.0,172.0,232.0,253.0,704.0,724.0,0.0
1.0,0.0,1.0,0.0,0.0,0.0,1.0,0.0,0.0,0.0,1.0,0.0,0.0,0.0,5.0,9.0,1.0,4457478.0,5403032.5,4456831.0,5404534.0,4456385.5,5405715.0,9.5193232421875,13.54637451171875,32.881526666666666,166.66666666666666,166.66666666666666,177.0,138.0,204.0,172.0,140.0,593.0,607.0,5.0
0.0,1.0,0.0,1.0,1.0,0.0,0.0,0.0,0.0,0.0,1.0,0.0,0.0,0.0,3.0,9.0,2.0,4459045.5,5405656.5,4458974.5,5398893.5,4461175.5,5401215.0,6.109564453125,7.791855875651041,18.6464,166.66666666666666,166.66666666666666,140.0,212.0,214.0,326.0,346.0,643.0,646.0,0.0
0.0,1.0,0.0,1.0,0.0,0.0,1.0,0.0,0.0,0.0,1.0,0.0,0.0,0.0,2.0,9.0,1.0,4459673.5,5400831.5,4467765.5,5330872.0,4458875.5,5400964.5,2.822647705078125,3.621898905436198,13.43216,166.66666666666666,166.66666666666666,234.0,185.0,345.0,3967.0,339.0,1055.0,1094.0,2.0
1.0,0.0,1.0,0.0,0.0,0.0,1.0,0.0,0.0,0.0,1.0,0.0,0.0,0.0,6.0,7.0,1.0,4457291.5,5404232.0,4467882.5,5336434.0,4455976.5,5398594.5,1.9303649902343751,2.903911844889323,21.20398,166.66666666666666,166.66666666666666,339.0,310.0,186.0,3251.0,321.0,629.0,633.0,5.0
0.0,1.0,0.0,1.0,0.0,0.0,1.0,0.0,0.0,0.0,1.0,0.0,0.0,0.0,7.0,9.0,0.0,4456764.5,5400297.5,4470432.0,5340866.0,4455642.0,5404741.5,1.4362432861328125,1.9037071228027345,18.787316666666666,166.66666666666666,166.66666666666666,247.0,310.0,301.0,1896.0,165.0,678.0,695.0,0.0
1.0,0.0,1.0,0.0,0.0,0.0,1.0,0.0,0.0,0.0,1.0,0.0,0.0,0.0,6.0,9.0,1.0,4459241.0,5404975.0,4452639.5,5338035.5,4457712.0,5402474.5,3.579758544921875,5.26444346110026,23.95568666666667,166.66666666666666,166.66666666666666,349.0,325.0,216.0,1405.0,209.0,580.0,637.0,2.0
0.0,1.0,1.0,0.0,0.0,0.0,1.0,0.0,0.0,0.0,1.0,0.0,0.0,0.0,4.0,9.0,1.0,4457939.5,5404927.0,4451680.0,5336448.0,4457645.5,5404410.0,2.7315341796875,4.009833526611328,21.234985,166.66666666666666,166.66666666666666,218.0,237.0,144.0,2562.0,186.0,978.0,1183.0,5.0
1.0,0.0,1.0,0.0,0.0,1.0,0.0,0.0,0.0,0.0,1.0,0.0,0.0,0.0,0.0,0.0,2.0,4456482.0,5403985.5,4458384.5,5345553.0,4457296.0,5405048.0,2.15791943359375,3.530053456624349,0.1932608333333333,166.66666666666666,166.66666666666666,184.0,195.0,180.0,1356.0,144.0,559.0,616.0,5.0
0.0,1.0,0.0,1.0,0.0,0.0,1.0,0.0,0.0,0.0,1.0,0.0,0.0,0.0,7.0,9.0,1.0,4458769.0,5399869.5,4453392.5,5358210.5,4461597.5,5401976.0,2.7869228515625,4.421888732910157,27.28171333333333,166.66666666666666,166.66666666666666,220.0,242.0,324.0,1246.0,253.0,636.0,675.0,5.0
0.0,1.0,0.0,1.0,0.0,0.0,1.0,0.0,0.0,0.0,1.0,0.0,0.0,0.0,5.0,9.0,0.0,4457123.5,5404800.0,4462470.0,5332292.5,4459011.0,5400951.5,2.036550537109375,2.8590596516927085,15.086627166666666,166.66666666666666,166.66666666666666,233.0,244.0,173.0,2925.0,339.0,652.0,737.0,5.0
0.0,1.0,0.0,1.0,0.0,0.0,1.0,0.0,0.0,0.0,1.0,0.0,0.0,0.0,5.0,9.0,1.0,4456201.5,5404107.0,4463454.0,5332339.0,4455642.0,5404741.5,1.2732532958984375,2.559139506022136,33.486576666666664,166.66666666666666,166.66666666666666,254.0,242.0,170.0,2933.0,165.0,1122.0,1152.0,5.0
0.0,1.0,1.0,0.0,0.0,0.0,1.0,0.0,0.0,0.0,1.0,0.0,0.0,0.0,5.0,9.0,1.0,4459355.0,5403356.5,4466615.5,5341057.0,4460689.0,5401052.0,1.3723966064453126,2.4214322408040365,28.39714833333333,166.66666666666666,166.66666666666666,254.0,240.0,234.0,1753.0,346.0,681.0,695.0,5.0
0.0,1.0,1.0,0.0,0.0,0.0,1.0,0.0,0.0,0.0,1.0,0.0,0.0,0.0,5.0,9.0,1.0,4459355.0,5403356.5,4466615.5,5341057.0,4460689.0,5401052.0,4.073696044921875,5.858982340494792,41.91307,166.66666666666666,166.66666666666666,254.0,250.0,234.0,1753.0,346.0,1050.0,1077.0,1.0
0.0,1.0,1.0,0.0,0.0,0.0,1.0,0.0,0.0,0.0,1.0,0.0,0.0,0.0,5.0,9.0,1.0,4460144.5,5405459.5,4469269.5,5329941.5,4461623.5,5401056.0,0.399121826171875,0.6091332753499349,166.66666666666666,166.66666666666666,166.66666666666666,233.0,234.0,219.0,4062.0,347.0,1065.0,1084.0,5.0
0.0,1.0,0.0,1.0,0.0,0.0,1.0,0.0,0.0,0.0,1.0,0.0,0.0,0.0,6.0,9.0,1.0,4458785.5,5399936.0,4463438.5,5330339.5,4453228.0,5403351.5,1.9256881103515624,2.884083811442057,9.125838333333332,166.66666666666666,166.66666666666666,188.0,194.0,324.0,3036.0,164.0,947.0,960.0,2.0
1.0,0.0,1.0,0.0,0.0,0.0,1.0,0.0,0.0,0.0,1.0,0.0,0.0,0.0,6.0,9.0,1.0,4460155.0,5405445.0,4456425.5,5334400.5,4461580.5,5401514.0,2.727279541015625,3.71474380493164,18.684226666666667,166.66666666666666,166.66666666666666,188.0,243.0,219.0,2668.0,347.0,1100.0,1131.0,4.0
0.0,1.0,1.0,0.0,0.0,0.0,1.0,0.0,0.0,0.0,1.0,0.0,0.0,0.0,7.0,9.0,1.0,4456052.5,5404133.5,4473267.0,5329406.5,4460929.0,5405629.5,1.8338353271484376,3.11605224609375,5.302554333333333,166.66666666666666,166.66666666666666,182.0,205.0,170.0,4199.0,239.0,548.0,1038.0,5.0
0.0,1.0,0.0,1.0,0.0,0.0,1.0,0.0,0.0,0.0,1.0,0.0,0.0,0.0,5.0,9.0,0.0,4458874.0,5405185.5,4507711.5,5301489.5,4463420.5,5402938.0,1.2347080078125,2.390262095133464,22.95299333333333,166.66666666666666,166.66666666666666,138.0,136.0,216.0,4821.0,348.0,1075.0,1099.0,5.0
0.0,1.0,1.0,0.0,1.0,0.0,0.0,0.0,0.0,0.0,1.0,0.0,0.0,0.0,5.0,8.0,2.0,4457496.5,5404503.5,4459039.0,5330029.5,4461374.5,5401232.5,0.4055507507324218,0.7673451741536458,11.279021666666669,166.66666666666666,166.66666666666666,138.0,138.0,184.0,2996.0,347.0,644.0,649.0,5.0
0.0,1.0,1.0,0.0,1.0,0.0,0.0,0.0,0.0,0.0,1.0,0.0,0.0,0.0,5.0,8.0,2.0,4457496.5,5404503.5,4459039.0,5330029.5,4461374.5,5401232.5,9.5795625,13.6451171875,35.157169999999994,35.79078833333333,166.66666666666666,138.0,307.0,184.0,2996.0,347.0,662.0,663.0,4.0
0.0,1.0,0.0,1.0,0.0,0.0,1.0,0.0,0.0,0.0,1.0,0.0,0.0,0.0,5.0,9.0,0.0,4459026.0,5406333.0,4424748.5,5339296.5,4451787.5,5402630.5,8.23971484375,11.632326253255208,166.66666666666666,166.66666666666666,166.66666666666666,149.0,326.0,222.0,2395.0,99.0,664.0,677.0,4.0
0.0,1.0,1.0,0.0,0.0,0.0,1.0,0.0,0.0,0.0,1.0,0.0,0.0,0.0,2.0,0.0,2.0,4454009.5,5404886.5,4411488.5,5326903.0,4457826.0,5405353.0,15.140310546875,14.907974243164062,184.8982333333333,166.66666666666666,166.66666666666666,305.0,377.0,164.0,2387.0,144.0,788.0,1097.0,1.0
0.0,1.0,0.0,1.0,1.0,0.0,0.0,0.0,0.0,0.0,1.0,0.0,0.0,0.0,3.0,9.0,2.0,4456195.0,5399424.5,4494056.5,5299441.0,4457903.0,5404445.5,8.6563515625,12.124660237630208,27.35395,166.66666666666666,166.66666666666666,179.0,138.0,319.0,4744.0,187.0,736.0,772.0,1.0
0.0,1.0,1.0,0.0,0.0,0.0,1.0,0.0,0.0,0.0,1.0,0.0,0.0,0.0,6.0,9.0,0.0,4457802.5,5398605.0,4498245.5,5346784.5,4459663.5,5404151.5,0.9372229614257812,1.3682652791341146,23.438211666666668,166.66666666666666,166.66666666666666,329.0,332.0,325.0,2340.0,229.0,649.0,660.0,4.0
0.0,1.0,1.0,0.0,0.0,0.0,1.0,0.0,0.0,0.0,1.0,0.0,0.0,0.0,6.0,9.0,0.0,4457802.5,5398605.0,4498245.5,5346784.5,4459663.5,5404151.5,7.81831298828125,8.9872314453125,41.90342666666666,166.66666666666666,166.66666666666666,329.0,356.0,325.0,2340.0,229.0,646.0,652.0,1.0
0.0,1.0,0.0,1.0,1.0,0.0,0.0,0.0,0.0,0.0,1.0,0.0,0.0,0.0,4.0,9.0,0.0,4455635.5,5399619.0,4472192.5,5351290.0,4458064.0,5405052.5,7.46236474609375,10.48807881673177,28.06604,166.66666666666666,166.66666666666666,232.0,322.0,162.0,1589.0,145.0,618.0,663.0,1.0
0.0,1.0,0.0,1.0,1.0,0.0,0.0,0.0,0.0,0.0,1.0,0.0,0.0,0.0,4.0,9.0,1.0,4456533.0,5404331.0,4415634.5,5323054.0,4457377.5,5404731.0,3.130044921875,5.053326924641927,34.64932,166.66666666666666,166.66666666666666,324.0,345.0,174.0,2467.0,184.0,525.0,667.0,1.0
1.0,0.0,1.0,0.0,0.0,0.0,1.0,0.0,0.0,0.0,1.0,0.0,0.0,0.0,5.0,9.0,1.0,4458532.0,5403882.5,4522890.5,5316829.0,4457333.5,5405161.0,3.955113525390625,5.55,19.1233,166.66666666666666,166.66666666666666,297.0,198.0,197.0,4725.0,144.0,657.0,671.0,5.0
1.0,0.0,0.0,1.0,0.0,0.0,1.0,0.0,0.0,0.0,1.0,0.0,0.0,0.0,0.0,0.0,0.0,4460324.5,5400087.5,4449036.0,5292764.0,4457615.5,5405005.5,7.17248828125,7.094383748372396,37.010866666666665,166.66666666666666,166.66666666666666,145.0,345.0,350.0,4556.0,144.0,723.0,792.0,0.0
0.0,1.0,0.0,1.0,1.0,0.0,0.0,0.0,0.0,0.0,1.0,0.0,0.0,0.0,4.0,9.0,1.0,4456411.5,5404767.0,4506779.5,5391034.5,4458636.5,5401516.0,0.4079255065917969,0.5289467493693034,8.323842333333333,166.66666666666666,166.66666666666666,144.0,185.0,166.0,2037.0,308.0,798.0,874.0,1.0
0.0,1.0,0.0,1.0,0.0,0.0,1.0,0.0,0.0,0.0,1.0,0.0,0.0,0.0,3.0,9.0,2.0,4459217.0,5401957.5,4502590.0,5312304.0,4455976.5,5398594.5,1.6805625,3.1094317118326824,2.387916333333333,166.66666666666666,166.66666666666666,180.0,170.0,247.0,4712.0,321.0,557.0,572.0,5.0
0.0,1.0,0.0,1.0,1.0,0.0,0.0,0.0,0.0,0.0,1.0,0.0,0.0,0.0,2.0,9.0,2.0,4457728.5,5401674.0,4507592.5,5288375.0,4456689.0,5406381.0,0.839207275390625,1.4280328114827474,5.695374,166.66666666666666,166.66666666666666,254.0,254.0,304.0,4892.0,140.0,617.0,640.0,4.0
0.0,1.0,1.0,0.0,0.0,0.0,1.0,0.0,0.0,0.0,1.0,0.0,0.0,0.0,2.0,6.0,1.0,4459060.0,5406443.0,4497110.0,5304062.5,4461580.5,5401514.0,4.90369091796875,6.545753479003906,35.24561,166.66666666666666,166.66666666666666,254.0,199.0,222.0,4741.0,347.0,605.0,650.0,1.0
0.0,1.0,1.0,0.0,0.0,0.0,1.0,0.0,0.0,0.0,1.0,0.0,0.0,0.0,5.0,9.0,1.0,4457639.0,5404216.5,4515071.5,5306151.5,4451879.5,5402609.5,4.41168408203125,6.251643371582031,25.752821666666662,166.66666666666666,166.66666666666666,245.0,178.0,186.0,4772.0,99.0,502.0,1062.0,5.0
0.0,1.0,1.0,0.0,0.0,0.0,1.0,0.0,0.0,0.0,1.0,0.0,0.0,0.0,7.0,8.0,1.0,4456836.5,5404951.5,4512425.0,5295397.5,4461525.0,5401859.5,1.9312279052734376,2.9766499837239584,1.1518415,166.66666666666666,166.66666666666666,173.0,167.0,142.0,4886.0,253.0,559.0,799.0,5.0
0.0,1.0,1.0,0.0,1.0,0.0,0.0,0.0,0.0,0.0,1.0,0.0,0.0,0.0,4.0,9.0,0.0,4459207.0,5406456.5,4514073.0,5399902.0,4458895.0,5401307.5,6.6337021484375,8.914694213867188,36.552596666666666,36.77611666666667,166.66666666666666,223.0,323.0,222.0,2034.0,339.0,1024.0,1440.0,1.0
0.0,1.0,0.0,1.0,1.0,0.0,0.0,0.0,0.0,0.0,1.0,0.0,0.0,0.0,3.0,9.0,1.0,4458701.0,5403764.0,4485201.5,5301795.5,4456795.0,5405487.0,2.6327431640625,3.964036051432291,12.6377,166.66666666666666,166.66666666666666,248.0,205.0,197.0,4632.0,140.0,604.0,746.0,5.0
0.0,1.0,1.0,0.0,0.0,0.0,1.0,0.0,0.0,0.0,1.0,0.0,0.0,0.0,5.0,9.0,2.0,4456667.5,5404988.5,4480028.5,5334616.0,4461623.5,5401056.0,0.6072867431640625,1.1097293853759769,166.66666666666666,166.66666666666666,166.66666666666666,149.0,146.0,142.0,4311.0,347.0,561.0,1026.0,5.0
1.0,0.0,0.0,1.0,0.0,1.0,0.0,0.0,0.0,0.0,1.0,0.0,0.0,0.0,0.0,0.0,1.0,4458753.0,5401882.5,4517364.5,5310488.5,4457005.0,5401373.5,0.4948374328613281,0.812605349222819,5.808372,166.66666666666666,166.66666666666666,310.0,309.0,213.0,4770.0,297.0,814.0,861.0,5.0
0.0,1.0,0.0,1.0,0.0,0.0,1.0,0.0,0.0,0.0,1.0,0.0,0.0,0.0,3.0,9.0,1.0,4459442.5,5403903.5,4519135.0,5299523.0,4462608.5,5402664.5,0.4948374328613281,0.812605349222819,5.808372,166.66666666666666,166.66666666666666,310.0,309.0,232.0,4910.0,348.0,440.0,508.0,1.0
0.0,1.0,1.0,0.0,0.0,0.0,1.0,0.0,0.0,0.0,1.0,0.0,0.0,0.0,5.0,9.0,2.0,4458432.5,5401243.5,4511218.0,5302297.5,4461374.5,5401232.5,0.8467905883789063,1.5101975758870445,32.96486,166.66666666666666,166.66666666666666,134.0,138.0,309.0,4854.0,347.0,494.0,568.0,5.0
0.0,1.0,0.0,1.0,0.0,0.0,1.0,0.0,0.0,0.0,1.0,0.0,0.0,0.0,5.0,9.0,1.0,4447207.5,5403651.0,4453664.0,5325920.0,4463366.0,5403002.0,1.7370521240234376,1.5697962443033855,166.66666666666666,166.66666666666666,166.66666666666666,327.0,327.0,97.0,2986.0,348.0,652.0,678.0,4.0
0.0,1.0,0.0,1.0,1.0,0.0,0.0,0.0,0.0,0.0,1.0,0.0,0.0,0.0,2.0,9.0,1.0,4459214.5,5404651.0,4452581.0,5317990.0,4457778.5,5405671.5,3.163083251953125,4.319070943196614,21.817135,166.66666666666666,166.66666666666666,145.0,207.0,223.0,3168.0,144.0,699.0,776.0,1.0
0.0,1.0,0.0,1.0,1.0,0.0,0.0,0.0,0.0,0.0,1.0,0.0,0.0,0.0,3.0,9.0,1.0,4452190.5,5402224.0,4448109.0,5314276.5,4460174.0,5404449.5,4.6477255859375,6.264569600423177,166.66666666666666,166.66666666666666,166.66666666666666,152.0,199.0,101.0,3171.0,230.0,1009.0,1052.0,1.0
0.0,1.0,1.0,0.0,1.0,0.0,0.0,0.0,0.0,0.0,1.0,0.0,0.0,0.0,2.0,9.0,1.0,4457890.0,5402722.5,4444761.0,5311963.0,4457174.0,5404689.0,4.4753271484375,6.353604125976562,19.831571666666665,166.66666666666666,166.66666666666666,158.0,200.0,207.0,4489.0,173.0,667.0,748.0,1.0
0.0,1.0,0.0,1.0,0.0,0.0,1.0,0.0,0.0,0.0,1.0,0.0,0.0,0.0,5.0,9.0,1.0,4453718.0,5404911.0,4443922.0,5326403.5,4452877.0,5404303.5,0.480472412109375,0.9612014134724934,11.144615666666663,166.66666666666666,166.66666666666666,248.0,245.0,164.0,2575.0,164.0,719.0,761.0,5.0
0.0,1.0,0.0,1.0,0.0,0.0,1.0,0.0,0.0,0.0,1.0,0.0,0.0,0.0,5.0,9.0,1.0,4456088.0,5400407.5,4440451.5,5326657.0,4461512.0,5401904.5,5.639568359375001,7.909912109375,57.97894333333333,166.66666666666666,166.66666666666666,326.0,199.0,298.0,2442.0,253.0,392.0,419.0,5.0
0.0,1.0,0.0,1.0,0.0,0.0,1.0,0.0,0.0,0.0,1.0,0.0,0.0,0.0,6.0,9.0,1.0,4457070.5,5400624.5,4464631.5,5323033.5,4457293.5,5404346.5,4.11745849609375,5.120385233561198,9.898471666666667,166.66666666666666,166.66666666666666,156.0,147.0,300.0,3181.0,186.0,784.0,1005.0,5.0
1.0,0.0,1.0,0.0,0.0,0.0,1.0,0.0,0.0,0.0,1.0,0.0,0.0,0.0,4.0,6.0,0.0,4456993.0,5404437.0,4481999.0,5336742.0,4457852.5,5405105.0,4.2768466796875,4.660480244954427,19.62758333333333,166.66666666666666,166.66666666666666,338.0,331.0,175.0,4317.0,144.0,1070.0,1130.0,1.0
0.0,1.0,0.0,1.0,0.0,0.0,1.0,0.0,0.0,0.0,1.0,0.0,0.0,0.0,6.0,9.0,0.0,4459343.5,5400300.5,4460273.0,5328580.0,4456855.5,5405422.5,4.5798271484375,5.929961140950521,10.340473333333334,166.66666666666666,166.66666666666666,222.0,181.0,344.0,3016.0,141.0,756.0,787.0,5.0
0.0,1.0,0.0,1.0,1.0,0.0,0.0,0.0,0.0,0.0,1.0,0.0,0.0,0.0,3.0,9.0,0.0,4459491.0,5402723.0,4484826.0,5311967.5,4460075.0,5404522.5,2.4859091796875,3.666637674967448,17.07122,166.66666666666666,166.66666666666666,324.0,212.0,243.0,4482.0,228.0,632.0,699.0,1.0
0.0,1.0,0.0,1.0,0.0,0.0,1.0,0.0,0.0,0.0,1.0,0.0,0.0,0.0,5.0,9.0,1.0,4456802.5,5397278.0,4444849.5,5338097.0,4455976.5,5398594.5,0.3154906921386718,0.4099966367085774,9.045811,166.66666666666666,166.66666666666666,166.0,142.0,334.0,1294.0,321.0,650.0,732.0,5.0
0.0,1.0,0.0,1.0,0.0,0.0,1.0,0.0,0.0,0.0,1.0,0.0,0.0,0.0,5.0,9.0,1.0,4456802.5,5397278.0,4444849.5,5338097.0,4455976.5,5398594.5,4.06715283203125,5.195554097493489,30.84905,166.66666666666666,166.66666666666666,166.0,227.0,334.0,1294.0,321.0,640.0,655.0,1.0
0.0,1.0,1.0,0.0,0.0,0.0,1.0,0.0,0.0,0.0,1.0,0.0,0.0,0.0,2.0,6.0,2.0,4457720.0,5403357.5,4469319.0,5337597.0,4457558.0,5404947.0,0.7756428833007812,1.407069778442383,4.511185,166.66666666666666,166.66666666666666,173.0,174.0,195.0,3372.0,144.0,1084.0,1102.0,0.0
0.0,1.0,0.0,1.0,0.0,0.0,1.0,0.0,0.0,0.0,1.0,0.0,0.0,0.0,5.0,9.0,1.0,4460412.0,5400045.5,4453490.0,5413936.5,4459854.0,5404577.5,2.5781337890625,2.9414220174153645,30.64109333333333,166.66666666666666,166.66666666666666,222.0,115.0,350.0,107.0,227.0,703.0,735.0,5.0
0.0,1.0,1.0,0.0,0.0,0.0,1.0,0.0,0.0,0.0,1.0,0.0,0.0,0.0,4.0,0.0,1.0,4457740.0,5401507.5,4468725.0,5330936.0,4457515.5,5405361.5,5.39778466796875,7.209688822428386,35.75665333333333,166.66666666666666,166.66666666666666,222.0,339.0,304.0,4018.0,144.0,490.0,541.0,2.0
1.0,0.0,1.0,0.0,0.0,0.0,1.0,0.0,0.0,0.0,1.0,0.0,0.0,0.0,1.0,9.0,1.0,4459477.5,5400621.0,4402071.0,5372983.5,4458629.0,5404447.0,2.9307431640625,4.049762980143229,23.978896666666667,166.66666666666666,166.66666666666666,184.0,208.0,342.0,448.0,191.0,963.0,1008.0,4.0
0.0,1.0,0.0,1.0,1.0,0.0,0.0,0.0,0.0,0.0,1.0,0.0,0.0,0.0,2.0,9.0,1.0,4454399.5,5404385.0,4415215.5,5377311.0,4459854.0,5404577.5,4.06680859375,5.908248901367188,166.66666666666666,166.66666666666666,166.66666666666666,149.0,207.0,146.0,475.0,227.0,1113.0,1236.0,4.0
0.0,1.0,1.0,0.0,0.0,0.0,1.0,0.0,0.0,0.0,1.0,0.0,0.0,0.0,2.0,9.0,0.0,4458253.0,5401234.5,4476003.0,5343156.5,4458521.5,5404684.0,1.23269384765625,1.9783360799153649,4.1027621666666665,166.66666666666666,166.66666666666666,315.0,305.0,309.0,1962.0,188.0,504.0,545.0,5.0
1.0,0.0,0.0,1.0,0.0,0.0,1.0,0.0,0.0,0.0,1.0,0.0,0.0,0.0,0.0,0.0,1.0,4459651.0,5399846.5,4474903.0,5325484.5,4458639.5,5400219.5,0.8725769653320312,1.6901378631591797,2.6494606666666662,166.66666666666666,166.66666666666666,315.0,307.0,350.0,4297.0,318.0,754.0,983.0,1.0
0.0,1.0,1.0,0.0,0.0,0.0,1.0,0.0,0.0,0.0,1.0,0.0,0.0,0.0,4.0,9.0,0.0,4459968.5,5403905.0,4440077.5,5399099.5,4460757.0,5401208.5,7.2145498046875005,13.265836588541667,20.998238333333333,166.66666666666666,166.66666666666666,102.0,200.0,235.0,269.0,346.0,734.0,975.0,0.0
0.0,1.0,0.0,1.0,1.0,0.0,0.0,0.0,0.0,0.0,1.0,0.0,0.0,0.0,4.0,9.0,3.0,4457530.5,5404122.5,4475053.0,5326690.0,4461164.0,5401081.5,2.390086669921875,7.424371846516927,4.344748,166.66666666666666,166.66666666666666,102.0,100.0,186.0,4296.0,346.0,728.0,771.0,5.0
0.0,1.0,0.0,1.0,1.0,0.0,0.0,0.0,0.0,0.0,1.0,0.0,0.0,0.0,4.0,9.0,3.0,4457530.5,5404122.5,4475053.0,5326690.0,4461164.0,5401081.5,2.390086669921875,7.424371846516927,4.344748,166.66666666666666,166.66666666666666,102.0,100.0,186.0,4296.0,346.0,992.0,1080.0,5.0
0.0,1.0,1.0,0.0,0.0,0.0,1.0,0.0,0.0,0.0,1.0,0.0,0.0,0.0,7.0,9.0,1.0,4459609.0,5403893.5,4530112.5,5305726.5,4456873.0,5401342.0,1.6942598876953123,2.929108683268229,166.66666666666666,166.66666666666666,166.66666666666666,244.0,246.0,232.0,4915.0,297.0,956.0,995.0,5.0
0.0,1.0,0.0,1.0,0.0,0.0,1.0,0.0,0.0,0.0,1.0,0.0,0.0,0.0,7.0,9.0,0.0,4461068.0,5400144.0,4418778.5,5355897.5,4455504.5,5405034.5,7.311434570312499,10.859815470377605,8.776397666666666,166.66666666666666,166.66666666666666,162.0,199.0,350.0,944.0,165.0,951.0,984.0,5.0
0.0,1.0,0.0,1.0,1.0,0.0,0.0,0.0,0.0,0.0,1.0,0.0,0.0,0.0,2.0,9.0,2.0,4460176.0,5405555.0,4414113.5,5362274.5,4458883.5,5403964.0,2.425277587890625,3.3268763224283853,15.700561666666664,166.66666666666666,166.66666666666666,142.0,178.0,219.0,459.0,231.0,886.0,910.0,1.0
0.0,1.0,0.0,1.0,1.0,0.0,0.0,0.0,0.0,0.0,1.0,0.0,0.0,0.0,3.0,9.0,1.0,4456876.0,5398994.0,4412465.5,5361345.0,4460850.5,5401254.0,6.0300361328125005,7.76253407796224,30.628591666666665,166.66666666666666,166.66666666666666,241.0,142.0,322.0,584.0,346.0,737.0,752.0,1.0
1.0,0.0,1.0,0.0,0.0,0.0,1.0,0.0,0.0,0.0,1.0,0.0,0.0,0.0,6.0,8.0,0.0,4451776.5,5401894.5,4413078.0,5360702.0,4453228.0,5403351.5,2.67904443359375,3.612308247884114,4.702145,166.66666666666666,166.66666666666666,223.0,195.0,102.0,588.0,164.0,886.0,995.0,5.0
0.0,1.0,0.0,1.0,0.0,0.0,1.0,0.0,0.0,0.0,1.0,0.0,0.0,0.0,6.0,9.0,1.0,4459045.5,5401865.0,4419955.5,5381348.0,4455976.5,5398594.5,4.60872265625,6.259344482421875,38.04663833333333,166.66666666666666,166.66666666666666,234.0,299.0,247.0,469.0,321.0,701.0,725.0,5.0
0.0,1.0,1.0,0.0,0.0,0.0,1.0,0.0,0.0,0.0,1.0,0.0,0.0,0.0,6.0,9.0,0.0,4459513.0,5403846.5,4411627.5,5336685.5,4463482.5,5402732.0,2.133296630859375,2.784028116861979,21.90825166666667,166.66666666666666,166.66666666666666,234.0,247.0,232.0,2383.0,348.0,632.0,666.0,5.0
0.0,1.0,1.0,0.0,0.0,0.0,1.0,0.0,0.0,0.0,1.0,0.0,0.0,0.0,6.0,9.0,0.0,4459513.0,5403846.5,4411627.5,5336685.5,4463482.5,5402732.0,6.30571826171875,8.467271931966145,33.51215833333333,166.66666666666666,166.66666666666666,234.0,146.0,232.0,2383.0,348.0,575.0,607.0,0.0
1.0,0.0,1.0,0.0,0.0,0.0,1.0,0.0,0.0,0.0,1.0,0.0,0.0,0.0,6.0,8.0,0.0,4456458.5,5404324.0,4463093.5,5333572.5,4452877.0,5404303.5,2.937666015625,3.866666666666666,19.679891666666663,166.66666666666666,166.66666666666666,236.0,208.0,174.0,2877.0,164.0,574.0,647.0,5.0
1.0,0.0,1.0,0.0,0.0,0.0,1.0,0.0,0.0,0.0,1.0,0.0,0.0,0.0,6.0,8.0,0.0,4456458.5,5404324.0,4463093.5,5333572.5,4452877.0,5404303.5,6.977421875,8.492054239908853,29.772905,166.66666666666666,166.66666666666666,236.0,323.0,174.0,2877.0,164.0,1066.0,1070.0,4.0
1.0,0.0,1.0,0.0,0.0,0.0,1.0,0.0,0.0,0.0,1.0,0.0,0.0,0.0,5.0,9.0,1.0,4454826.5,5403354.5,4510851.0,5378133.5,4461494.0,5401279.5,2.236457763671875,3.1854161580403644,20.407956666666667,166.66666666666666,166.66666666666666,248.0,199.0,151.0,2139.0,347.0,641.0,743.0,1.0
0.0,1.0,1.0,0.0,0.0,0.0,1.0,0.0,0.0,0.0,1.0,0.0,0.0,0.0,6.0,9.0,1.0,4459110.5,5406499.0,4436169.5,5358377.0,4457005.0,5401373.5,6.754501464843751,9.502717081705727,20.86818833333333,166.66666666666666,166.66666666666666,192.0,137.0,222.0,1029.0,297.0,649.0,672.0,1.0
0.0,1.0,0.0,1.0,0.0,0.0,1.0,0.0,0.0,0.0,1.0,0.0,0.0,0.0,7.0,9.0,1.0,4456092.0,5407930.5,4436757.0,5370565.0,4461512.0,5401904.5,0.93475244140625,1.3290154774983725,166.66666666666666,166.66666666666666,166.66666666666666,149.0,164.0,135.0,532.0,253.0,521.0,569.0,5.0
0.0,1.0,1.0,0.0,0.0,0.0,1.0,0.0,0.0,0.0,1.0,0.0,0.0,0.0,3.0,9.0,1.0,4461182.0,5403434.0,4396286.0,5357836.0,4457026.5,5405407.5,3.5709970703125,5.332174173990885,17.928263333333334,166.66666666666666,166.66666666666666,312.0,325.0,241.0,560.0,141.0,1066.0,1073.0,0.0
0.0,1.0,0.0,1.0,0.0,0.0,1.0,0.0,0.0,0.0,1.0,0.0,0.0,0.0,1.0,0.0,0.0,4459218.0,5404867.5,4466744.0,5332279.0,4463429.5,5402987.5,2.172873291015625,2.9052805582682293,15.890573333333332,166.66666666666666,166.66666666666666,142.0,155.0,223.0,3522.0,348.0,580.0,630.0,1.0
0.0,1.0,0.0,1.0,0.0,0.0,1.0,0.0,0.0,0.0,1.0,0.0,0.0,0.0,3.0,5.0,1.0,4455023.0,5403422.0,4470825.0,5329614.5,4458064.0,5405052.5,5.086828125,7.686882527669271,31.39142333333333,166.66666666666666,166.66666666666666,147.0,208.0,154.0,4105.0,145.0,590.0,597.0,0.0
1.0,0.0,1.0,0.0,0.0,0.0,1.0,0.0,0.0,0.0,1.0,0.0,0.0,0.0,0.0,3.0,1.0,4458703.0,5401813.0,4465466.5,5335822.5,4457171.5,5405001.5,1.9843927001953128,3.596978759765625,7.590572666666667,166.66666666666666,166.66666666666666,147.0,155.0,213.0,3258.0,143.0,543.0,614.0,0.0
1.0,0.0,1.0,0.0,0.0,0.0,1.0,0.0,0.0,0.0,1.0,0.0,0.0,0.0,4.0,0.0,0.0,4455978.5,5400277.0,4464275.0,5326562.0,4453228.0,5403351.5,2.0457481689453125,2.848094431559245,3.587921166666667,166.66666666666666,166.66666666666666,223.0,196.0,298.0,3131.0,164.0,702.0,912.0,0.0
0.0,1.0,0.0,1.0,0.0,0.0,1.0,0.0,0.0,0.0,1.0,0.0,0.0,0.0,4.0,9.0,1.0,4458167.5,5400531.0,4461563.0,5331628.0,4457660.5,5405507.5,2.73762255859375,3.954754638671875,25.71307,166.66666666666666,166.66666666666666,223.0,250.0,315.0,2856.0,144.0,495.0,514.0,0.0
0.0,1.0,1.0,0.0,1.0,0.0,0.0,0.0,0.0,0.0,1.0,0.0,0.0,0.0,2.0,9.0,1.0,4457429.0,5403330.0,4461567.0,5328338.0,4461530.0,5401746.5,2.611558837890625,4.152437845865886,9.678771,166.66666666666666,166.66666666666666,194.0,176.0,194.0,3024.0,253.0,598.0,639.0,1.0
0.0,1.0,0.0,1.0,1.0,0.0,0.0,0.0,0.0,0.0,1.0,0.0,0.0,0.0,3.0,9.0,1.0,4458030.5,5400508.0,4489023.0,5348164.0,4460176.0,5404504.0,2.839452880859375,4.24445063273112,21.40176333333333,166.66666666666666,166.66666666666666,161.0,205.0,312.0,1673.0,228.0,1032.0,1045.0,1.0
0.0,1.0,1.0,0.0,0.0,0.0,1.0,0.0,0.0,0.0,1.0,0.0,0.0,0.0,2.0,9.0,0.0,4454710.5,5404054.0,4453626.5,5339662.0,4454886.0,5404040.5,3.70392919921875,4.044449869791666,56.20776666666666,166.66666666666666,166.66666666666666,161.0,101.0,149.0,1395.0,152.0,1068.0,1073.0,1.0
0.0,1.0,1.0,0.0,0.0,0.0,1.0,0.0,0.0,0.0,1.0,0.0,0.0,0.0,2.0,9.0,0.0,4454710.5,5404054.0,4453626.5,5339662.0,4454886.0,5404040.5,1.387705810546875,3.116426595052084,73.86862833333333,166.66666666666666,166.66666666666666,161.0,163.0,149.0,1395.0,152.0,860.0,861.0,1.0
0.0,1.0,1.0,0.0,0.0,0.0,1.0,0.0,0.0,0.0,1.0,0.0,0.0,0.0,5.0,8.0,0.0,4455492.5,5403641.5,4537355.0,5388171.0,4458724.0,5403978.5,2.5472270507812502,3.864918518066406,13.860222333333333,166.66666666666666,166.66666666666666,208.0,180.0,155.0,2247.0,197.0,692.0,743.0,5.0
0.0,1.0,0.0,1.0,0.0,0.0,1.0,0.0,0.0,0.0,1.0,0.0,0.0,0.0,5.0,9.0,0.0,4457670.5,5402909.0,4468968.5,5348940.5,4463475.5,5402807.5,2.588847412109375,3.424230702718099,9.084327166666666,166.66666666666666,166.66666666666666,184.0,224.0,205.0,1690.0,348.0,1040.0,1042.0,5.0
1.0,0.0,0.0,1.0,0.0,0.0,1.0,0.0,0.0,0.0,1.0,0.0,0.0,0.0,0.0,0.0,0.0,4462557.0,5404022.5,4400905.5,5369856.0,4457660.5,5405507.5,4.9747207031250005,7.0019587198893225,16.212756666666667,166.66666666666666,166.66666666666666,232.0,176.0,254.0,447.0,144.0,841.0,909.0,1.0
0.0,1.0,0.0,1.0,1.0,0.0,0.0,0.0,0.0,0.0,1.0,0.0,0.0,0.0,2.0,9.0,0.0,4457070.5,5404885.5,4417048.0,5349450.0,4463475.5,5402807.5,6.89490625,9.582147216796876,166.66666666666666,166.66666666666666,166.66666666666666,317.0,149.0,173.0,1035.0,348.0,693.0,760.0,4.0
0.0,1.0,0.0,1.0,1.0,0.0,0.0,0.0,0.0,0.0,1.0,0.0,0.0,0.0,2.0,9.0,0.0,4457070.5,5404885.5,4417048.0,5349450.0,4463475.5,5402807.5,4.5687724609375,6.38230234781901,16.908643333333334,166.66666666666666,166.66666666666666,317.0,331.0,173.0,1035.0,348.0,1235.0,1277.0,5.0
0.0,1.0,1.0,0.0,1.0,0.0,0.0,0.0,0.0,0.0,1.0,0.0,0.0,0.0,4.0,9.0,0.0,4459136.5,5402318.5,4415298.5,5379521.5,4457305.5,5404950.5,3.84291943359375,5.527584838867187,36.46830166666667,166.66666666666666,166.66666666666666,326.0,299.0,245.0,470.0,144.0,811.0,852.0,0.0
0.0,1.0,0.0,1.0,0.0,0.0,1.0,0.0,0.0,0.0,1.0,0.0,0.0,0.0,5.0,9.0,1.0,4458872.0,5405215.0,4473470.5,5335420.5,4457660.5,5405507.5,2.91506689453125,4.012770334879558,4.656136666666667,166.66666666666666,166.66666666666666,314.0,319.0,216.0,3781.0,144.0,711.0,717.0,1.0
0.0,1.0,0.0,1.0,0.0,0.0,1.0,0.0,0.0,0.0,1.0,0.0,0.0,0.0,5.0,9.0,1.0,4458872.0,5405215.0,4473470.5,5335420.5,4457660.5,5405507.5,4.913912109375,6.885265604654948,10.004465,166.66666666666666,166.66666666666666,314.0,204.0,216.0,3781.0,144.0,486.0,528.0,0.0
1.0,0.0,1.0,0.0,0.0,0.0,1.0,0.0,0.0,0.0,1.0,0.0,0.0,0.0,5.0,7.0,1.0,4456674.5,5397317.5,4458422.0,5335014.5,4461512.0,5401904.5,5.45733203125,7.537977600097656,16.099373333333332,12.76383,166.66666666666666,314.0,195.0,332.0,2639.0,253.0,1150.0,1284.0,5.0
0.0,1.0,1.0,0.0,1.0,0.0,0.0,0.0,0.0,0.0,1.0,0.0,0.0,0.0,2.0,9.0,2.0,4458633.0,5401106.5,4469260.5,5331019.0,4456572.5,5405549.5,1.042239990234375,1.509535090128581,20.561096666666668,166.66666666666666,166.66666666666666,338.0,326.0,310.0,4031.0,140.0,1039.0,1041.0,1.0
0.0,1.0,0.0,1.0,0.0,0.0,1.0,0.0,0.0,0.0,1.0,0.0,0.0,0.0,3.0,4.0,2.0,4458162.0,5398272.5,4472027.0,5333800.5,4460945.0,5401039.0,3.80461767578125,5.589414978027344,29.95467,166.66666666666666,166.66666666666666,304.0,237.0,338.0,3800.0,346.0,701.0,739.0,1.0
0.0,1.0,1.0,0.0,0.0,0.0,1.0,0.0,0.0,0.0,1.0,0.0,0.0,0.0,5.0,9.0,0.0,4454829.0,5403739.5,4420111.0,5360939.0,4451863.5,5402680.0,10.7475712890625,13.105617268880208,50.37156166666667,166.66666666666666,166.66666666666666,134.0,113.0,149.0,736.0,99.0,822.0,1037.0,2.0
0.0,1.0,1.0,0.0,1.0,0.0,0.0,0.0,0.0,0.0,1.0,0.0,0.0,0.0,5.0,9.0,2.0,4457214.5,5399748.5,4419707.0,5363181.5,4457215.5,5405242.5,2.54305615234375,3.9587450663248696,13.373771666666666,166.66666666666666,166.66666666666666,222.0,191.0,320.0,701.0,143.0,677.0,701.0,0.0
0.0,1.0,0.0,1.0,0.0,0.0,1.0,0.0,0.0,0.0,1.0,0.0,0.0,0.0,7.0,9.0,2.0,4459209.0,5401676.0,4416201.0,5356797.0,4459763.5,5400155.0,0.76869384765625,1.340584945678711,5.161295,166.66666666666666,166.66666666666666,142.0,170.0,339.0,926.0,345.0,1000.0,1030.0,0.0
0.0,1.0,1.0,0.0,0.0,0.0,1.0,0.0,0.0,0.0,1.0,0.0,0.0,0.0,2.0,9.0,0.0,4457647.0,5402601.5,4414230.5,5357645.0,4459663.5,5404151.5,3.508849853515625,4.877736409505208,31.307736666666663,31.005786666666665,166.66666666666666,212.0,187.0,206.0,924.0,229.0,562.0,581.0,1.0
1.0,0.0,1.0,0.0,0.0,0.0,1.0,0.0,0.0,0.0,1.0,0.0,0.0,0.0,0.0,0.0,1.0,4457526.5,5400628.5,4457272.5,5329781.0,4455976.5,5398594.5,6.3910693359375,8.473184204101562,23.769051666666662,24.03740833333333,166.66666666666666,212.0,139.0,311.0,2973.0,321.0,539.0,1092.0,4.0
0.0,1.0,0.0,1.0,1.0,0.0,0.0,0.0,0.0,0.0,1.0,0.0,0.0,0.0,4.0,9.0,0.0,4462567.0,5403609.0,4485922.0,5337439.0,4456979.5,5405169.5,3.3160380859375,4.447462972005209,10.780761666666669,166.66666666666666,166.66666666666666,222.0,198.0,254.0,4342.0,143.0,642.0,652.0,5.0
0.0,1.0,1.0,0.0,0.0,0.0,1.0,0.0,0.0,0.0,1.0,0.0,0.0,0.0,1.0,6.0,0.0,4454854.0,5403532.5,4448395.5,5407629.0,4461146.5,5401335.5,0.7581340942382813,0.9441075007120768,4.437005666666667,166.66666666666666,166.66666666666666,334.0,331.0,154.0,91.0,346.0,936.0,1017.0,1.0
0.0,1.0,0.0,1.0,0.0,0.0,1.0,0.0,0.0,0.0,1.0,0.0,0.0,0.0,3.0,9.0,0.0,4457979.5,5400487.0,4432573.0,5416009.0,4458883.5,5403964.0,1.5618438720703125,2.4511517842610675,0.0238975816666666,166.66666666666666,166.66666666666666,176.0,171.0,314.0,11.0,231.0,804.0,859.0,5.0
0.0,1.0,1.0,0.0,0.0,0.0,1.0,0.0,0.0,0.0,1.0,0.0,0.0,0.0,3.0,2.0,1.0,4458815.0,5404372.0,4468120.5,5422917.0,4463327.0,5402795.5,6.30598828125,7.610969034830729,49.3162,166.66666666666666,166.66666666666666,333.0,345.0,191.0,85.0,348.0,629.0,848.0,0.0
0.0,1.0,1.0,0.0,1.0,0.0,0.0,0.0,0.0,0.0,1.0,0.0,0.0,0.0,3.0,9.0,0.0,4458187.0,5402327.0,4465349.0,5333486.0,4461329.0,5400357.0,1.636509521484375,2.287511444091797,13.166218333333331,166.66666666666666,166.66666666666666,142.0,181.0,210.0,3472.0,348.0,690.0,745.0,4.0
1.0,0.0,1.0,0.0,0.0,0.0,1.0,0.0,0.0,0.0,1.0,0.0,0.0,0.0,6.0,9.0,2.0,4459531.5,5405020.5,4474339.5,5329872.0,4459663.5,5404151.5,2.97493359375,4.243092600504557,7.143920833333333,166.66666666666666,166.66666666666666,222.0,235.0,217.0,4174.0,229.0,601.0,651.0,1.0
0.0,1.0,1.0,0.0,0.0,0.0,1.0,0.0,0.0,0.0,1.0,0.0,0.0,0.0,5.0,8.0,1.0,4457128.5,5404391.0,4502023.5,5383807.5,4460050.0,5401865.5,4.47155908203125,6.504249064127604,12.358655,166.66666666666666,166.66666666666666,335.0,314.0,175.0,2069.0,249.0,786.0,1060.0,1.0
0.0,1.0,1.0,0.0,0.0,0.0,1.0,0.0,0.0,0.0,1.0,0.0,0.0,0.0,1.0,0.0,1.0,4456390.0,5403845.5,4492854.5,5345049.5,4460174.0,5404449.5,3.185457763671875,4.700679524739583,13.904391666666667,166.66666666666666,166.66666666666666,207.0,318.0,177.0,2339.0,230.0,574.0,614.0,4.0
0.0,1.0,0.0,1.0,0.0,0.0,1.0,0.0,0.0,0.0,1.0,0.0,0.0,0.0,1.0,8.0,1.0,4459590.0,5403499.0,4429370.5,5361331.5,4459581.0,5404390.5,3.081078369140625,4.654163614908854,8.325699333333333,166.66666666666666,166.66666666666666,300.0,211.0,234.0,1025.0,226.0,494.0,511.0,1.0
0.0,1.0,1.0,0.0,0.0,0.0,1.0,0.0,0.0,0.0,1.0,0.0,0.0,0.0,2.0,0.0,0.0,4460171.5,5404810.5,4483336.5,5305784.0,4456054.5,5403543.5,8.2829619140625,11.962313842773437,19.048191666666664,166.66666666666666,166.66666666666666,170.0,138.0,228.0,4600.0,179.0,643.0,671.0,5.0
0.0,1.0,1.0,0.0,0.0,0.0,1.0,0.0,0.0,0.0,1.0,0.0,0.0,0.0,6.0,9.0,0.0,4457766.5,5401708.5,4447611.0,5393670.5,4451787.5,5402630.5,1.325165283203125,2.2314598083496096,5.946986666666667,166.66666666666666,166.66666666666666,312.0,324.0,209.0,291.0,99.0,1194.0,1256.0,1.0
0.0,1.0,1.0,0.0,0.0,0.0,1.0,0.0,0.0,0.0,1.0,0.0,0.0,0.0,6.0,9.0,0.0,4457766.5,5401708.5,4447611.0,5393670.5,4451787.5,5402630.5,3.11014306640625,4.485988362630208,14.349865666666666,166.66666666666666,166.66666666666666,312.0,205.0,209.0,291.0,99.0,625.0,637.0,1.0
0.0,1.0,1.0,0.0,0.0,0.0,1.0,0.0,0.0,0.0,1.0,0.0,0.0,0.0,5.0,9.0,0.0,4458810.0,5399676.0,4497451.0,5391747.5,4455869.5,5404449.5,1.7023763427734375,2.935200500488281,9.354906666666666,166.66666666666666,166.66666666666666,218.0,227.0,324.0,2071.0,167.0,927.0,936.0,5.0
0.0,1.0,1.0,0.0,0.0,0.0,1.0,0.0,0.0,0.0,1.0,0.0,0.0,0.0,2.0,9.0,1.0,4457906.0,5402863.0,4462998.5,5328540.0,4459222.0,5399478.0,2.976131591796875,4.155251057942708,18.012186666666665,166.66666666666666,166.66666666666666,339.0,208.0,207.0,3073.0,349.0,551.0,573.0,5.0
0.0,1.0,1.0,0.0,0.0,0.0,1.0,0.0,0.0,0.0,1.0,0.0,0.0,0.0,2.0,9.0,1.0,4457906.0,5402863.0,4462998.5,5328540.0,4459222.0,5399478.0,1.0927940673828125,1.546823247273763,10.882776666666668,166.66666666666666,166.66666666666666,339.0,342.0,207.0,3073.0,349.0,955.0,966.0,4.0
0.0,1.0,0.0,1.0,1.0,0.0,0.0,0.0,0.0,0.0,1.0,0.0,0.0,0.0,3.0,7.0,1.0,4459831.5,5403731.0,4476989.0,5332285.0,4457598.0,5404485.5,1.661126708984375,2.1704427083333333,30.09563333333333,166.66666666666666,166.66666666666666,336.0,322.0,235.0,3908.0,186.0,1014.0,1340.0,5.0
1.0,0.0,1.0,0.0,0.0,0.0,1.0,0.0,0.0,0.0,1.0,0.0,0.0,0.0,0.0,0.0,1.0,4459739.0,5401530.0,4499277.5,5304693.5,4458584.5,5403139.0,2.120040771484375,3.64829584757487,6.946986666666667,166.66666666666666,166.66666666666666,300.0,324.0,340.0,4745.0,208.0,1059.0,1361.0,5.0
0.0,1.0,1.0,0.0,0.0,0.0,1.0,0.0,0.0,0.0,1.0,0.0,0.0,0.0,7.0,9.0,2.0,4449075.5,5404751.5,4482107.0,5361064.0,4458382.0,5403231.0,5.71550927734375,7.386742146809896,18.13011,166.66666666666666,166.66666666666666,175.0,251.0,98.0,1649.0,208.0,533.0,570.0,5.0
0.0,1.0,0.0,1.0,0.0,0.0,1.0,0.0,0.0,0.0,1.0,0.0,0.0,0.0,7.0,9.0,0.0,4456389.0,5404151.5,4416428.0,5358410.0,4456389.0,5406068.0,4.55669189453125,6.095989481608073,24.21645333333333,166.66666666666666,166.66666666666666,334.0,323.0,171.0,772.0,140.0,660.0,692.0,1.0
0.0,1.0,0.0,1.0,0.0,0.0,1.0,0.0,0.0,0.0,1.0,0.0,0.0,0.0,6.0,9.0,1.0,4456528.0,5397880.5,4418051.0,5351554.5,4460442.5,5400913.0,2.50161767578125,3.368886566162109,6.645409666666667,166.66666666666666,166.66666666666666,197.0,210.0,330.0,1004.0,340.0,610.0,633.0,5.0
0.0,1.0,1.0,0.0,0.0,0.0,1.0,0.0,0.0,0.0,1.0,0.0,0.0,0.0,5.0,0.0,0.0,4456212.5,5403350.5,4432776.5,5324518.5,4458474.5,5400413.0,2.907839111328125,3.948226165771484,24.09367,166.66666666666666,166.66666666666666,197.0,201.0,179.0,2436.0,318.0,555.0,572.0,5.0
1.0,0.0,0.0,1.0,1.0,0.0,0.0,0.0,0.0,0.0,1.0,0.0,0.0,0.0,1.0,9.0,2.0,4457661.0,5404259.5,4465247.0,5328873.0,4461512.0,5401904.5,2.44341357421875,3.1737833658854164,13.13773,166.66666666666666,166.66666666666666,174.0,190.0,187.0,3090.0,253.0,597.0,631.0,0.0
0.0,1.0,1.0,0.0,0.0,1.0,0.0,0.0,0.0,0.0,1.0,0.0,0.0,0.0,1.0,9.0,1.0,4458557.0,5404514.0,4445597.5,5361132.5,4462608.5,5402664.5,5.4096181640625005,6.445203653971354,8.240632166666666,166.66666666666666,166.66666666666666,333.0,324.0,189.0,1229.0,348.0,520.0,525.0,2.0
0.0,1.0,0.0,1.0,0.0,0.0,1.0,0.0,0.0,0.0,1.0,0.0,0.0,0.0,6.0,9.0,0.0,4455037.0,5403385.5,4476105.0,5324203.0,4461077.0,5400957.0,5.4204580078125,5.778654479980469,44.615026666666665,166.66666666666666,166.66666666666666,216.0,248.0,154.0,4448.0,346.0,447.0,576.0,1.0
0.0,1.0,0.0,1.0,0.0,0.0,1.0,0.0,0.0,0.0,1.0,0.0,0.0,0.0,6.0,9.0,2.0,4454930.0,5403323.0,4419176.5,5359934.0,4458785.0,5401566.0,1.2305157470703123,2.117865880330404,6.787563333333334,166.66666666666666,166.66666666666666,304.0,310.0,154.0,807.0,308.0,497.0,579.0,5.0
0.0,1.0,0.0,1.0,0.0,0.0,1.0,0.0,0.0,0.0,1.0,0.0,0.0,0.0,4.0,9.0,0.0,4456254.5,5404384.0,4466321.0,5336947.0,4461512.0,5401904.5,2.0242427978515627,2.6487703959147133,15.755225,166.66666666666666,166.66666666666666,215.0,191.0,169.0,3209.0,253.0,516.0,573.0,4.0
0.0,1.0,1.0,0.0,1.0,0.0,0.0,0.0,0.0,0.0,1.0,0.0,0.0,0.0,3.0,9.0,1.0,4458816.0,5403365.0,4454072.0,5318272.5,4459394.5,5404503.5,3.333145263671875,4.229883321126302,13.932384999999998,166.66666666666666,166.66666666666666,142.0,145.0,199.0,3168.0,224.0,611.0,621.0,4.0
0.0,1.0,1.0,0.0,0.0,0.0,1.0,0.0,0.0,0.0,1.0,0.0,0.0,0.0,5.0,0.0,2.0,4461377.0,5403809.0,4417414.0,5359791.5,4457660.5,5405507.5,4.61446630859375,6.339552815755209,19.659405,166.66666666666666,166.66666666666666,172.0,243.0,242.0,784.0,144.0,647.0,692.0,5.0
1.0,0.0,1.0,0.0,1.0,0.0,0.0,0.0,0.0,0.0,1.0,0.0,0.0,0.0,1.0,9.0,1.0,4459658.0,5402952.0,4484236.0,5329783.0,4461205.5,5401102.5,7.700560058593751,11.023653157552085,16.118187499999998,166.66666666666666,166.66666666666666,172.0,137.0,244.0,4381.0,346.0,655.0,662.0,1.0
0.0,1.0,1.0,0.0,0.0,0.0,1.0,0.0,0.0,0.0,1.0,0.0,0.0,0.0,7.0,9.0,1.0,4456749.5,5404081.5,4469710.5,5330775.5,4454688.0,5404122.5,3.2555224609375,5.3488820393880205,19.56069666666667,166.66666666666666,166.66666666666666,177.0,205.0,180.0,4040.0,147.0,1067.0,1097.0,5.0
1.0,0.0,1.0,0.0,0.0,0.0,1.0,0.0,0.0,0.0,1.0,0.0,0.0,0.0,5.0,9.0,0.0,4456137.0,5400356.0,4441072.0,5416974.0,4456606.0,5400502.0,2.690095458984375,3.425360616048177,17.84583333333333,166.66666666666666,166.66666666666666,227.0,185.0,298.0,55.0,299.0,720.0,758.0,5.0
0.0,1.0,1.0,0.0,1.0,0.0,0.0,0.0,0.0,0.0,1.0,0.0,0.0,0.0,4.0,9.0,1.0,4457167.5,5400757.5,4469053.5,5348064.0,4452899.0,5404596.5,4.9441923828125,8.011548868815105,166.66666666666666,166.66666666666666,166.66666666666666,149.0,127.0,300.0,1697.0,164.0,769.0,807.0,1.0
0.0,1.0,1.0,0.0,0.0,0.0,1.0,0.0,0.0,0.0,1.0,0.0,0.0,0.0,7.0,2.0,0.0,4457969.5,5398533.0,4468911.0,5337864.5,4458323.0,5404118.0,0.2514467010498047,0.3864596366882324,3.831291,166.66666666666666,166.66666666666666,223.0,223.0,325.0,1926.0,190.0,565.0,1265.0,5.0
0.0,1.0,1.0,0.0,0.0,1.0,0.0,0.0,0.0,0.0,1.0,0.0,0.0,0.0,2.0,0.0,1.0,4456829.0,5405111.5,4459097.5,5346675.5,4457262.5,5404683.0,2.1871196289062502,3.1697105407714843,9.354906666666666,166.66666666666666,166.66666666666666,222.0,227.0,142.0,1373.0,184.0,902.0,960.0,4.0
0.0,1.0,1.0,0.0,0.0,0.0,1.0,0.0,0.0,0.0,1.0,0.0,0.0,0.0,4.0,0.0,1.0,4456790.5,5403806.0,4432813.5,5324515.0,4462608.5,5402664.5,7.36897412109375,9.552994791666666,14.335247833333334,166.66666666666666,166.66666666666666,338.0,194.0,180.0,2436.0,348.0,847.0,871.0,4.0
0.0,1.0,0.0,1.0,0.0,0.0,1.0,0.0,0.0,0.0,1.0,0.0,0.0,0.0,7.0,9.0,1.0,4455919.0,5400398.0,4418331.0,5360319.5,4461787.5,5400766.5,1.7728936767578125,3.0695597330729165,35.416016666666664,166.66666666666666,166.66666666666666,340.0,213.0,298.0,724.0,348.0,1119.0,1155.0,5.0
0.0,1.0,0.0,1.0,0.0,0.0,1.0,0.0,0.0,0.0,1.0,0.0,0.0,0.0,5.0,9.0,0.0,4458002.0,5402373.5,4460166.0,5338094.5,4459747.0,5403420.5,0.6072867431640625,1.1097293853759769,166.66666666666666,166.66666666666666,166.66666666666666,146.0,149.0,209.0,1482.0,237.0,1003.0,1024.0,1.0
0.0,1.0,0.0,1.0,0.0,0.0,1.0,0.0,0.0,0.0,1.0,0.0,0.0,0.0,1.0,6.0,1.0,4454937.5,5403507.0,4457619.0,5400958.5,4456989.0,5403348.5,1.609228515625,2.292090352376302,9.99089,166.66666666666666,166.66666666666666,192.0,171.0,154.0,305.0,183.0,917.0,975.0,5.0
1.0,0.0,1.0,0.0,1.0,0.0,0.0,0.0,0.0,0.0,1.0,0.0,0.0,0.0,4.0,9.0,1.0,4455866.0,5403928.0,4475817.5,5330338.5,4460757.0,5401208.5,2.2065908203125,2.990373229980469,3.708761333333333,166.66666666666666,166.66666666666666,186.0,225.0,176.0,4243.0,346.0,635.0,674.0,1.0
0.0,1.0,0.0,1.0,0.0,1.0,0.0,0.0,0.0,0.0,1.0,0.0,0.0,0.0,1.0,6.0,1.0,4457954.5,5404166.0,4446934.5,5329893.5,4462608.5,5402664.5,1.7496904296875,2.447089131673177,4.382906166666667,166.66666666666666,166.66666666666666,235.0,223.0,187.0,2584.0,348.0,668.0,669.0,5.0
1.0,0.0,1.0,0.0,1.0,0.0,0.0,0.0,0.0,0.0,1.0,0.0,0.0,0.0,0.0,8.0,1.0,4458337.5,5403596.5,4457859.0,5402599.0,4463547.0,5402729.5,2.5601162109375,3.574008178710937,5.556136666666666,166.66666666666666,166.66666666666666,303.0,319.0,198.0,207.0,348.0,982.0,1045.0,4.0
1.0,0.0,1.0,0.0,0.0,0.0,1.0,0.0,0.0,0.0,1.0,0.0,0.0,0.0,6.0,0.0,1.0,4451996.0,5402414.0,4469233.5,5336424.0,4457314.5,5403156.0,0.4230967712402343,0.7817490259806315,12.518532333333331,166.66666666666666,166.66666666666666,349.0,349.0,100.0,3392.0,204.0,567.0,601.0,1.0
1.0,0.0,1.0,0.0,0.0,1.0,0.0,0.0,0.0,0.0,1.0,0.0,0.0,0.0,0.0,0.0,0.0,4458898.5,5399041.0,4459348.0,5347387.0,4456413.0,5405736.0,2.2798015136718752,3.314364624023437,9.061983333333334,166.66666666666666,166.66666666666666,232.0,211.0,326.0,1364.0,140.0,581.0,593.0,1.0
0.0,1.0,1.0,0.0,0.0,0.0,1.0,0.0,0.0,0.0,1.0,0.0,0.0,0.0,7.0,9.0,1.0,4456837.0,5400782.5,4418548.0,5360424.5,4463366.0,5403002.0,0.9048263549804688,1.3611249287923175,3.492738666666667,166.66666666666666,166.66666666666666,244.0,243.0,299.0,725.0,348.0,647.0,652.0,5.0
0.0,1.0,0.0,1.0,0.0,0.0,1.0,0.0,0.0,0.0,1.0,0.0,0.0,0.0,6.0,9.0,1.0,4455925.5,5400327.5,4487321.5,5293988.5,4457308.5,5405685.0,2.193126708984375,3.1880956013997395,23.93743333333333,166.66666666666666,166.66666666666666,186.0,201.0,298.0,4625.0,144.0,1067.0,1068.0,5.0
0.0,1.0,1.0,0.0,0.0,0.0,1.0,0.0,0.0,0.0,1.0,0.0,0.0,0.0,6.0,8.0,1.0,4458798.5,5402043.0,4459359.0,5333871.5,4461580.5,5401514.0,2.16826171875,3.211034138997396,6.551678999999999,166.66666666666666,166.66666666666666,186.0,179.0,213.0,2818.0,347.0,621.0,713.0,5.0
0.0,1.0,1.0,0.0,0.0,0.0,1.0,0.0,0.0,0.0,1.0,0.0,0.0,0.0,6.0,8.0,1.0,4458798.5,5402043.0,4459359.0,5333871.5,4461580.5,5401514.0,3.804620849609375,4.842548116048177,4.631671166666666,166.66666666666666,166.66666666666666,186.0,222.0,213.0,2818.0,347.0,806.0,844.0,2.0
0.0,1.0,0.0,1.0,0.0,0.0,1.0,0.0,0.0,0.0,1.0,0.0,0.0,0.0,3.0,0.0,3.0,4459293.0,5404184.5,4463252.0,5331681.5,4463519.5,5402880.5,1.0550650634765626,1.2903687795003256,5.307519999999999,166.66666666666666,166.66666666666666,235.0,233.0,226.0,2944.0,348.0,546.0,586.0,1.0
0.0,1.0,0.0,1.0,0.0,0.0,1.0,0.0,0.0,0.0,1.0,0.0,0.0,0.0,7.0,9.0,2.0,4458989.5,5406381.5,4467388.0,5328644.5,4459440.5,5403651.5,2.668814697265625,4.059400939941407,13.60724,166.66666666666666,166.66666666666666,173.0,155.0,222.0,4011.0,234.0,683.0,701.0,5.0
0.0,1.0,0.0,1.0,0.0,0.0,1.0,0.0,0.0,0.0,1.0,0.0,0.0,0.0,7.0,9.0,2.0,4458989.5,5406381.5,4467388.0,5328644.5,4459440.5,5403651.5,1.004553466796875,1.999228286743164,2.278171,166.66666666666666,166.66666666666666,173.0,185.0,222.0,4011.0,234.0,485.0,505.0,1.0
0.0,1.0,1.0,0.0,0.0,0.0,1.0,0.0,0.0,0.0,1.0,0.0,0.0,0.0,2.0,9.0,0.0,4457148.0,5404381.0,4469020.0,5332255.5,4461512.0,5401904.5,2.3894687500000003,3.7927645365397136,10.967594333333333,166.66666666666666,166.66666666666666,146.0,179.0,175.0,3669.0,253.0,1136.0,1202.0,0.0
0.0,1.0,1.0,0.0,0.0,0.0,1.0,0.0,0.0,0.0,1.0,0.0,0.0,0.0,6.0,5.0,2.0,4459873.5,5400748.5,4468502.0,5328946.5,4457364.0,5405199.5,0.2582659912109375,0.4727797508239746,11.352494333333334,166.66666666666666,166.66666666666666,235.0,232.0,345.0,4091.0,144.0,550.0,739.0,5.0
0.0,1.0,1.0,0.0,0.0,0.0,1.0,0.0,0.0,0.0,1.0,0.0,0.0,0.0,6.0,9.0,2.0,4456965.0,5400581.5,4537217.0,5388108.5,4459082.5,5402788.0,5.54825634765625,6.725214131673177,53.46722,57.34545,166.66666666666666,331.0,365.0,300.0,2238.0,243.0,496.0,595.0,1.0
0.0,1.0,0.0,1.0,0.0,0.0,1.0,0.0,0.0,0.0,1.0,0.0,0.0,0.0,6.0,9.0,1.0,4458600.5,5400979.0,4480259.5,5363020.0,4461525.0,5401859.5,6.79416455078125,9.47631123860677,18.300166666666662,18.690193333333333,166.66666666666666,313.0,185.0,310.0,1608.0,253.0,837.0,876.0,1.0
0.0,1.0,0.0,1.0,1.0,0.0,0.0,0.0,0.0,0.0,1.0,0.0,0.0,0.0,4.0,9.0,1.0,4458527.0,5403191.5,4416635.0,5357026.0,4459036.0,5402820.0,1.41723876953125,2.063733927408854,5.799041166666667,166.66666666666666,166.66666666666666,219.0,216.0,208.0,782.0,243.0,556.0,711.0,1.0
0.0,1.0,1.0,0.0,0.0,0.0,1.0,0.0,0.0,0.0,1.0,0.0,0.0,0.0,4.0,9.0,2.0,4461960.0,5404038.5,4497169.0,5322959.0,4460757.0,5401208.5,4.61388720703125,6.460392252604167,22.43329,166.66666666666666,166.66666666666666,219.0,207.0,242.0,4676.0,346.0,1052.0,1090.0,1.0
0.0,1.0,0.0,1.0,1.0,0.0,0.0,0.0,0.0,0.0,1.0,0.0,0.0,0.0,3.0,9.0,1.0,4459977.5,5403721.0,4452343.0,5317390.5,4463457.0,5403081.0,0.918964599609375,1.5120335896809896,7.041156666666667,166.66666666666666,166.66666666666666,322.0,320.0,235.0,3193.0,348.0,625.0,644.0,5.0
0.0,1.0,1.0,0.0,1.0,0.0,0.0,0.0,0.0,0.0,1.0,0.0,0.0,0.0,2.0,9.0,1.0,4458694.5,5398349.5,4415245.5,5324381.0,4455976.5,5398594.5,1.465979248046875,2.630914052327474,7.876783333333334,166.66666666666666,166.66666666666666,205.0,199.0,338.0,2446.0,321.0,561.0,608.0,2.0
0.0,1.0,0.0,1.0,0.0,0.0,1.0,0.0,0.0,0.0,1.0,0.0,0.0,0.0,7.0,9.0,1.0,4459211.0,5401754.5,4526198.5,5302155.5,4459293.5,5404206.5,1.6399097900390625,2.365906524658203,11.985193333333331,166.66666666666666,166.66666666666666,247.0,309.0,247.0,4922.0,226.0,532.0,644.0,5.0
0.0,1.0,1.0,0.0,1.0,0.0,0.0,0.0,0.0,0.0,1.0,0.0,0.0,0.0,3.0,9.0,1.0,4456277.5,5403700.5,4436900.5,5369330.5,4458064.0,5405052.5,6.8656748046875,7.11477305094401,23.15911333333333,166.66666666666666,166.66666666666666,240.0,247.0,177.0,551.0,145.0,615.0,640.0,0.0
0.0,1.0,1.0,0.0,1.0,0.0,0.0,0.0,0.0,0.0,1.0,0.0,0.0,0.0,3.0,9.0,1.0,4456277.5,5403700.5,4436900.5,5369330.5,4458064.0,5405052.5,8.351869140625,9.461130777994793,19.602335,166.66666666666666,166.66666666666666,240.0,309.0,177.0,551.0,145.0,718.0,750.0,4.0
1.0,0.0,0.0,1.0,1.0,0.0,0.0,0.0,0.0,0.0,1.0,0.0,0.0,0.0,0.0,7.0,0.0,4462570.5,5403636.5,4446233.0,5307995.0,4454894.5,5404379.0,6.77528466796875,8.968638102213541,35.926075,166.66666666666666,166.66666666666666,336.0,243.0,254.0,4493.0,165.0,958.0,1004.0,0.0
0.0,1.0,0.0,1.0,1.0,0.0,0.0,0.0,0.0,0.0,1.0,0.0,0.0,0.0,2.0,9.0,1.0,4459391.0,5400586.0,4472358.0,5334959.5,4461490.5,5401836.0,1.7077237548828126,2.841759999593099,166.66666666666666,166.66666666666666,166.66666666666666,149.0,176.0,342.0,3772.0,253.0,653.0,670.0,5.0
0.0,1.0,1.0,0.0,1.0,0.0,0.0,0.0,0.0,0.0,1.0,0.0,0.0,0.0,3.0,9.0,0.0,4455992.5,5399412.0,4402871.0,5381673.5,4460689.0,5401052.0,2.189217041015625,3.1401705423990887,13.223873833333332,166.66666666666666,166.66666666666666,212.0,342.0,319.0,431.0,346.0,631.0,657.0,1.0
0.0,1.0,1.0,0.0,1.0,0.0,0.0,0.0,0.0,0.0,1.0,0.0,0.0,0.0,3.0,9.0,0.0,4455992.5,5399412.0,4402871.0,5381673.5,4460689.0,5401052.0,2.618671875,3.506145731608073,17.119471666666666,166.66666666666666,166.66666666666666,212.0,200.0,319.0,431.0,346.0,1085.0,1110.0,5.0
0.0,1.0,1.0,0.0,1.0,0.0,0.0,0.0,0.0,0.0,1.0,0.0,0.0,0.0,1.0,9.0,0.0,4455433.5,5403476.5,4526921.5,5368899.5,4460323.0,5404275.5,3.0964804687500003,4.635101826985677,32.455525,166.66666666666666,166.66666666666666,199.0,304.0,155.0,2266.0,230.0,673.0,843.0,1.0
0.0,1.0,1.0,0.0,0.0,0.0,1.0,0.0,0.0,0.0,1.0,0.0,0.0,0.0,7.0,9.0,1.0,4457060.5,5400871.5,4479601.0,5329995.0,4459120.0,5406332.0,5.32964599609375,6.554796854654948,26.5146,166.66666666666666,166.66666666666666,174.0,158.0,300.0,4360.0,222.0,751.0,832.0,4.0
0.0,1.0,1.0,0.0,1.0,0.0,0.0,0.0,0.0,0.0,1.0,0.0,0.0,0.0,2.0,6.0,1.0,4452702.5,5402572.0,4475405.5,5333060.5,4460453.5,5400995.5,6.40071728515625,8.43704833984375,29.420115,29.353448333333333,166.66666666666666,309.0,151.0,156.0,3877.0,346.0,539.0,552.0,1.0
0.0,1.0,0.0,1.0,0.0,0.0,1.0,0.0,0.0,0.0,1.0,0.0,0.0,0.0,4.0,9.0,1.0,4459918.0,5403839.5,4464833.5,5322311.0,4458283.5,5401851.0,2.8428356933593752,4.134406026204427,23.93015,166.66666666666666,166.66666666666666,196.0,220.0,235.0,3183.0,212.0,559.0,649.0,5.0
0.0,1.0,0.0,1.0,0.0,0.0,1.0,0.0,0.0,0.0,1.0,0.0,0.0,0.0,6.0,9.0,0.0,4457975.5,5402294.0,4424071.0,5347933.0,4459473.0,5404203.0,5.91795458984375,7.221960957845052,17.99321666666667,166.66666666666666,166.66666666666666,101.0,166.0,209.0,1062.0,226.0,983.0,1023.0,5.0
0.0,1.0,0.0,1.0,1.0,0.0,0.0,0.0,0.0,0.0,1.0,0.0,0.0,0.0,4.0,9.0,1.0,4456226.5,5404045.5,4475405.5,5333060.5,4461139.5,5401184.0,1.96436181640625,3.856271616617839,46.80863833333333,166.66666666666666,166.66666666666666,319.0,162.0,177.0,3877.0,346.0,994.0,1031.0,1.0
1.0,0.0,1.0,0.0,0.0,0.0,1.0,0.0,0.0,0.0,1.0,0.0,0.0,0.0,0.0,0.0,0.0,4457157.5,5404656.5,4461936.0,5432728.0,4458299.5,5404743.0,2.78333251953125,4.3444574991861975,10.82844,166.66666666666666,166.66666666666666,205.0,189.0,173.0,44.0,188.0,602.0,645.0,0.0
0.0,1.0,1.0,0.0,0.0,0.0,1.0,0.0,0.0,0.0,1.0,0.0,0.0,0.0,5.0,9.0,1.0,4455938.0,5404227.0,4463823.5,5333337.0,4462732.0,5403749.0,3.69896142578125,5.2136077880859375,18.693638333333336,166.66666666666666,166.66666666666666,154.0,207.0,167.0,2899.0,254.0,927.0,938.0,0.0
1.0,0.0,0.0,1.0,0.0,0.0,1.0,0.0,0.0,0.0,1.0,0.0,0.0,0.0,7.0,9.0,0.0,4450622.0,5404735.0,4456883.5,5308527.0,4463547.0,5402729.5,3.0069921875,5.212582906087239,19.774905,166.66666666666666,166.66666666666666,324.0,342.0,98.0,4501.0,348.0,1064.0,1102.0,5.0
0.0,1.0,1.0,0.0,0.0,0.0,1.0,0.0,0.0,0.0,1.0,0.0,0.0,0.0,6.0,9.0,0.0,4459711.5,5402951.0,4459463.5,5403782.0,4453158.0,5403239.0,5.509458984375,7.549824015299479,24.603731666666665,166.66666666666666,166.66666666666666,245.0,152.0,244.0,232.0,156.0,870.0,903.0,1.0
1.0,0.0,0.0,1.0,0.0,0.0,1.0,0.0,0.0,0.0,1.0,0.0,0.0,0.0,6.0,9.0,0.0,4456828.0,5400341.0,4452621.0,5338099.5,4463461.5,5402880.0,0.6726078491210937,1.0847894032796224,24.898481666666665,166.66666666666666,166.66666666666666,188.0,145.0,301.0,1405.0,348.0,1047.0,1079.0,5.0
0.0,1.0,1.0,0.0,1.0,0.0,0.0,0.0,0.0,0.0,1.0,0.0,0.0,0.0,3.0,9.0,1.0,4457911.5,5404206.0,4468121.5,5331976.0,4456890.5,5403248.5,2.8472998046875,3.994195048014322,1.1666666666666667,166.66666666666666,166.66666666666666,154.0,181.0,187.0,3592.0,201.0,632.0,637.0,4.0
1.0,0.0,1.0,0.0,0.0,1.0,0.0,0.0,0.0,0.0,1.0,0.0,0.0,0.0,0.0,0.0,2.0,4456883.0,5404027.0,4470190.5,5332702.5,4461623.5,5401056.0,3.934841064453125,5.674307250976563,8.778170833333332,166.66666666666666,166.66666666666666,154.0,185.0,181.0,3703.0,347.0,549.0,634.0,1.0
1.0,0.0,0.0,1.0,0.0,0.0,1.0,0.0,0.0,0.0,1.0,0.0,0.0,0.0,0.0,0.0,1.0,4460224.0,5400078.5,4504542.0,5341432.0,4456673.5,5406079.5,6.6051318359375,7.542234293619791,166.66666666666666,166.66666666666666,166.66666666666666,336.0,249.0,350.0,2366.0,140.0,560.0,579.0,5.0
0.0,1.0,0.0,1.0,0.0,0.0,1.0,0.0,0.0,0.0,1.0,0.0,0.0,0.0,6.0,9.0,1.0,4456270.5,5403636.0,4483270.0,5390263.0,4460278.5,5404182.5,0.4821685180664062,0.9093209584554036,1.9856685,166.66666666666666,166.66666666666666,315.0,309.0,179.0,412.0,230.0,648.0,696.0,5.0
0.0,1.0,1.0,0.0,0.0,0.0,1.0,0.0,0.0,0.0,1.0,0.0,0.0,0.0,6.0,4.0,1.0,4455893.5,5403473.0,4482991.0,5407731.0,4461623.5,5401056.0,1.8808380126953128,2.588275146484375,14.87423,166.66666666666666,166.66666666666666,315.0,247.0,178.0,393.0,347.0,596.0,623.0,0.0
0.0,1.0,0.0,1.0,0.0,1.0,0.0,0.0,0.0,0.0,1.0,0.0,0.0,0.0,2.0,8.0,1.0,4458993.5,5405201.0,4528824.5,5360830.0,4453228.0,5403351.5,0.8792352905273437,1.4937253316243488,5.538875833333334,166.66666666666666,166.66666666666666,242.0,241.0,216.0,2375.0,164.0,992.0,1103.0,4.0
0.0,1.0,0.0,1.0,0.0,1.0,0.0,0.0,0.0,0.0,1.0,0.0,0.0,0.0,2.0,8.0,1.0,4458993.5,5405201.0,4528824.5,5360830.0,4453228.0,5403351.5,6.02808642578125,8.003564453125,13.3564525,166.66666666666666,166.66666666666666,242.0,143.0,216.0,2375.0,164.0,940.0,968.0,2.0
0.0,1.0,1.0,0.0,0.0,1.0,0.0,0.0,0.0,0.0,1.0,0.0,0.0,0.0,1.0,7.0,1.0,4456813.0,5397386.5,4506842.0,5372019.0,4458895.0,5401307.5,3.6557280273437502,5.182803853352865,7.481322666666667,166.66666666666666,166.66666666666666,242.0,251.0,332.0,2204.0,339.0,1164.0,1321.0,5.0
0.0,1.0,1.0,0.0,0.0,0.0,1.0,0.0,0.0,0.0,1.0,0.0,0.0,0.0,5.0,5.0,1.0,4451957.5,5401745.0,4515934.5,5385832.0,4461300.0,5401206.0,6.2152099609375,9.509764607747396,37.72718833333333,166.66666666666666,166.66666666666666,147.0,304.0,102.0,2083.0,347.0,1111.0,1112.0,4.0
0.0,1.0,0.0,1.0,0.0,0.0,1.0,0.0,0.0,0.0,1.0,0.0,0.0,0.0,2.0,6.0,1.0,4459372.0,5399932.5,4468964.5,5338088.0,4457852.5,5405105.0,0.7918088989257812,1.4395870208740231,166.66666666666666,166.66666666666666,166.66666666666666,194.0,198.0,349.0,1926.0,144.0,638.0,692.0,4.0
0.0,1.0,1.0,0.0,1.0,0.0,0.0,0.0,0.0,0.0,1.0,0.0,0.0,0.0,2.0,9.0,1.0,4458440.5,5400232.0,4469527.0,5320521.0,4461570.0,5401891.0,4.109839355468751,5.8385060628255205,19.67384,166.66666666666666,166.66666666666666,340.0,197.0,317.0,4424.0,253.0,1058.0,1065.0,5.0
1.0,0.0,1.0,0.0,0.0,1.0,0.0,0.0,0.0,0.0,1.0,0.0,0.0,0.0,0.0,0.0,2.0,4459316.5,5402480.5,4456645.5,5393411.5,4458895.0,5401307.5,1.7182117919921875,2.8663243611653644,166.66666666666666,166.66666666666666,166.66666666666666,149.0,178.0,246.0,364.0,339.0,622.0,699.0,5.0
1.0,0.0,1.0,0.0,0.0,1.0,0.0,0.0,0.0,0.0,1.0,0.0,0.0,0.0,0.0,5.0,1.0,4459174.0,5403560.5,4478429.5,5319863.0,4455636.5,5398538.0,1.5489951171875,2.3495503743489583,3.5516796666666663,166.66666666666666,166.66666666666666,152.0,179.0,233.0,4469.0,327.0,1181.0,1281.0,0.0
0.0,1.0,1.0,0.0,1.0,0.0,0.0,0.0,0.0,0.0,1.0,0.0,0.0,0.0,2.0,9.0,0.0,4457073.5,5403928.0,4454927.5,5423835.5,4462644.5,5403798.0,2.208243896484375,3.3184659322102865,7.460417166666666,166.66666666666666,166.66666666666666,245.0,344.0,181.0,67.0,254.0,1003.0,1033.0,4.0
0.0,1.0,1.0,0.0,0.0,0.0,1.0,0.0,0.0,0.0,1.0,0.0,0.0,0.0,6.0,9.0,1.0,4455766.5,5403277.0,4469077.5,5336680.0,4458150.5,5403300.0,1.886168823242188,2.5297704060872395,12.617221666666667,166.66666666666666,166.66666666666666,235.0,198.0,200.0,3386.0,205.0,667.0,723.0,2.0
0.0,1.0,0.0,1.0,0.0,0.0,1.0,0.0,0.0,0.0,1.0,0.0,0.0,0.0,7.0,9.0,0.0,4458544.0,5401922.5,4477338.0,5332286.5,4457452.0,5405038.5,3.552864013671875,5.190096028645833,10.492918833333333,166.66666666666666,166.66666666666666,205.0,341.0,213.0,3917.0,144.0,619.0,746.0,4.0
0.0,1.0,1.0,0.0,0.0,0.0,1.0,0.0,0.0,0.0,1.0,0.0,0.0,0.0,6.0,9.0,0.0,4461628.5,5403887.5,4441044.0,5416917.5,4463366.0,5403002.0,2.2755378417968752,3.537678527832031,7.596860833333333,166.66666666666666,166.66666666666666,205.0,231.0,242.0,55.0,348.0,665.0,722.0,4.0
0.0,1.0,1.0,0.0,0.0,0.0,1.0,0.0,0.0,0.0,1.0,0.0,0.0,0.0,7.0,9.0,0.0,4456162.5,5399506.5,4424393.5,5361928.0,4453254.0,5404918.5,1.1721774902343751,2.6701380411783853,25.66916333333333,166.66666666666666,166.66666666666666,345.0,342.0,319.0,869.0,164.0,606.0,650.0,5.0
0.0,1.0,1.0,0.0,0.0,0.0,1.0,0.0,0.0,0.0,1.0,0.0,0.0,0.0,7.0,9.0,0.0,4456603.5,5400533.5,4466124.5,5334942.0,4457826.0,5405353.0,3.9157001953125,4.738483683268229,37.877833333333335,166.66666666666666,166.66666666666666,158.0,164.0,299.0,3300.0,144.0,585.0,618.0,5.0
0.0,1.0,0.0,1.0,0.0,0.0,1.0,0.0,0.0,0.0,1.0,0.0,0.0,0.0,5.0,9.0,0.0,4461788.5,5403494.5,4422483.0,5375214.5,4457589.5,5404462.0,4.443630859375,4.85786641438802,166.66666666666666,166.66666666666666,166.66666666666666,99.0,98.0,242.0,496.0,186.0,488.0,534.0,1.0
0.0,1.0,1.0,0.0,0.0,0.0,1.0,0.0,0.0,0.0,1.0,0.0,0.0,0.0,2.0,6.0,1.0,4454705.0,5403388.0,4413579.0,5348438.5,4451879.5,5402609.5,6.071875,8.69546915690104,27.70228,27.770965,166.66666666666666,169.0,340.0,151.0,622.0,99.0,746.0,833.0,0.0
0.0,1.0,1.0,0.0,0.0,0.0,1.0,0.0,0.0,0.0,1.0,0.0,0.0,0.0,2.0,6.0,1.0,4454705.0,5403388.0,4413579.0,5348438.5,4451879.5,5402609.5,2.3284296875,3.6732577006022136,11.421998333333333,166.66666666666666,166.66666666666666,169.0,204.0,151.0,622.0,99.0,678.0,742.0,1.0
1.0,0.0,0.0,1.0,0.0,0.0,1.0,0.0,0.0,0.0,1.0,0.0,0.0,0.0,0.0,0.0,2.0,4455082.5,5396077.0,4455973.5,5404410.5,4460176.0,5404504.0,4.7818408203125005,7.01202392578125,14.026406666666666,166.66666666666666,166.66666666666666,169.0,203.0,327.0,167.0,228.0,485.0,497.0,0.0
1.0,0.0,0.0,1.0,0.0,0.0,1.0,0.0,0.0,0.0,1.0,0.0,0.0,0.0,0.0,0.0,1.0,4459790.5,5404073.0,4482616.5,5361592.5,4458697.0,5400887.0,3.055921875,4.6403355916341145,14.021871,166.66666666666666,166.66666666666666,169.0,207.0,235.0,1648.0,316.0,863.0,965.0,4.0
0.0,1.0,1.0,0.0,0.0,0.0,1.0,0.0,0.0,0.0,1.0,0.0,0.0,0.0,4.0,0.0,0.0,4456984.5,5403899.5,4460956.5,5332326.5,4463401.5,5402753.5,0.4493651428222656,0.5883978525797526,4.437005666666667,166.66666666666666,166.66666666666666,331.0,331.0,181.0,2845.0,348.0,839.0,881.0,4.0
0.0,1.0,0.0,1.0,0.0,0.0,1.0,0.0,0.0,0.0,1.0,0.0,0.0,0.0,7.0,9.0,0.0,4456969.5,5400352.0,4467248.0,5353603.5,4459394.5,5404503.5,5.17783837890625,6.514956665039063,49.45215333333333,166.66666666666666,166.66666666666666,162.0,331.0,302.0,1569.0,224.0,636.0,673.0,4.0
0.0,1.0,1.0,0.0,1.0,0.0,0.0,0.0,0.0,0.0,1.0,0.0,0.0,0.0,2.0,9.0,0.0,4457181.0,5400348.5,4443827.0,5338298.5,4459880.0,5401915.0,2.054975341796875,3.587747446695964,16.402475,166.66666666666666,166.66666666666666,303.0,323.0,302.0,1285.0,249.0,837.0,964.0,5.0
0.0,1.0,1.0,0.0,0.0,0.0,1.0,0.0,0.0,0.0,1.0,0.0,0.0,0.0,4.0,0.0,2.0,4461281.5,5403733.5,4519324.0,5370760.0,4453228.0,5403351.5,3.407233154296875,4.430802917480468,23.182746666666667,166.66666666666666,166.66666666666666,241.0,245.0,242.0,2254.0,164.0,1170.0,1174.0,1.0
0.0,1.0,0.0,1.0,1.0,0.0,0.0,0.0,0.0,0.0,1.0,0.0,0.0,0.0,4.0,9.0,1.0,4454937.5,5403507.0,4453281.5,5290120.0,4456873.0,5401342.0,3.5353427734375003,3.403721618652344,166.66666666666666,166.66666666666666,166.66666666666666,241.0,249.0,154.0,4579.0,297.0,561.0,575.0,5.0
0.0,1.0,0.0,1.0,0.0,0.0,1.0,0.0,0.0,0.0,1.0,0.0,0.0,0.0,5.0,9.0,1.0,4456240.0,5399288.5,4415304.0,5378706.5,4458323.0,5404118.0,9.1213564453125,8.827884928385416,213.0476,166.66666666666666,166.66666666666666,134.0,93.0,321.0,471.0,190.0,624.0,758.0,1.0
0.0,1.0,1.0,0.0,1.0,0.0,0.0,0.0,0.0,0.0,1.0,0.0,0.0,0.0,3.0,9.0,1.0,4456171.0,5403768.5,4447611.0,5393670.5,4460703.0,5401245.0,3.8203291015625,5.266904195149739,24.907141666666668,166.66666666666666,166.66666666666666,220.0,181.0,177.0,291.0,346.0,411.0,486.0,1.0
0.0,1.0,1.0,0.0,0.0,0.0,1.0,0.0,0.0,0.0,1.0,0.0,0.0,0.0,3.0,0.0,0.0,4452367.0,5401708.0,4463464.5,5327029.5,4459841.0,5404615.5,2.54845458984375,4.2461400349934895,7.692532333333333,166.66666666666666,166.66666666666666,208.0,244.0,103.0,3117.0,227.0,1039.0,458.0,1.0
1.0,0.0,0.0,1.0,0.0,1.0,0.0,0.0,0.0,0.0,1.0,0.0,0.0,0.0,0.0,0.0,2.0,4457357.0,5403026.5,4458388.5,5345438.0,4457330.0,5404689.5,0.292720703125,0.5838810602823893,8.875505500000001,166.66666666666666,166.66666666666666,208.0,208.0,204.0,1356.0,184.0,616.0,696.0,0.0
0.0,1.0,0.0,1.0,0.0,0.0,1.0,0.0,0.0,0.0,1.0,0.0,0.0,0.0,6.0,9.0,2.0,4458600.0,5404741.0,4416795.0,5361343.5,4461623.5,5401056.0,6.07678125,8.443831380208334,22.58251166666667,166.66666666666666,166.66666666666666,233.0,147.0,189.0,672.0,347.0,785.0,836.0,2.0
0.0,1.0,0.0,1.0,0.0,0.0,1.0,0.0,0.0,0.0,1.0,0.0,0.0,0.0,4.0,9.0,0.0,4460001.0,5404053.0,4420847.0,5358269.0,4457171.5,5405001.5,0.94072216796875,1.137304178873698,8.822224,166.66666666666666,166.66666666666666,332.0,331.0,235.0,888.0,143.0,623.0,629.0,1.0
0.0,1.0,1.0,0.0,0.0,0.0,1.0,0.0,0.0,0.0,1.0,0.0,0.0,0.0,4.0,5.0,1.0,4459139.0,5401764.0,4490070.5,5339125.0,4456908.5,5405651.5,0.94072216796875,1.137304178873698,8.822224,166.66666666666666,166.66666666666666,332.0,331.0,247.0,2020.0,141.0,692.0,768.0,1.0
0.0,1.0,1.0,0.0,1.0,0.0,0.0,0.0,0.0,0.0,1.0,0.0,0.0,0.0,2.0,9.0,1.0,4456247.5,5400452.0,4453537.5,5407664.0,4451914.5,5402551.5,1.4362432861328125,1.9037071228027345,18.794675,166.66666666666666,166.66666666666666,310.0,247.0,298.0,127.0,99.0,1074.0,1203.0,1.0
0.0,1.0,1.0,0.0,0.0,0.0,1.0,0.0,0.0,0.0,1.0,0.0,0.0,0.0,3.0,9.0,0.0,4459721.5,5405556.5,4467870.0,5338155.0,4457565.5,5405283.5,1.0056378784179687,1.7169113159179688,3.4142083333333333,166.66666666666666,166.66666666666666,306.0,303.0,218.0,1867.0,144.0,451.0,534.0,4.0
0.0,1.0,1.0,0.0,1.0,0.0,0.0,0.0,0.0,0.0,1.0,0.0,0.0,0.0,4.0,9.0,2.0,4456450.5,5404654.5,4470547.0,5366074.5,4458895.0,5401307.5,4.01626611328125,5.646531677246093,17.1464,166.66666666666666,166.66666666666666,172.0,212.0,172.0,1195.0,339.0,489.0,500.0,1.0
1.0,0.0,1.0,0.0,0.0,0.0,1.0,0.0,0.0,0.0,1.0,0.0,0.0,0.0,0.0,5.0,1.0,4457595.5,5403121.0,4400905.5,5369856.0,4460075.0,5404522.5,1.2351763916015626,1.7942775726318358,4.3723455,166.66666666666666,166.66666666666666,298.0,297.0,204.0,447.0,228.0,720.0,752.0,2.0
0.0,1.0,1.0,0.0,1.0,0.0,0.0,0.0,0.0,0.0,1.0,0.0,0.0,0.0,1.0,9.0,1.0,4459658.0,5401055.5,4396535.5,5363690.0,4460174.0,5404449.5,2.212854736328125,6.925790913899739,8.937909999999999,166.66666666666666,166.66666666666666,102.0,101.0,340.0,442.0,230.0,914.0,932.0,1.0
1.0,0.0,0.0,1.0,0.0,0.0,1.0,0.0,0.0,0.0,1.0,0.0,0.0,0.0,7.0,9.0,2.0,4460219.5,5404750.5,4463393.0,5376621.5,4461512.0,5401904.5,0.480472412109375,0.9612014134724934,15.873635,166.66666666666666,166.66666666666666,245.0,248.0,228.0,1129.0,253.0,911.0,997.0,5.0
0.0,1.0,0.0,1.0,1.0,0.0,0.0,0.0,0.0,0.0,1.0,0.0,0.0,0.0,2.0,9.0,1.0,4455567.0,5403543.5,4476542.0,5408171.5,4457622.5,5404833.5,2.828550537109375,4.559078470865885,18.056721666666665,166.66666666666666,166.66666666666666,245.0,349.0,155.0,90.0,184.0,554.0,720.0,5.0
0.0,1.0,0.0,1.0,0.0,0.0,1.0,0.0,0.0,0.0,1.0,0.0,0.0,0.0,1.0,0.0,1.0,4456329.0,5400048.5,4500646.0,5292693.0,4455636.5,5398538.0,0.8248297729492188,1.5966121673583984,11.590573333333332,166.66666666666666,166.66666666666666,176.0,155.0,319.0,4867.0,327.0,860.0,924.0,1.0
0.0,1.0,0.0,1.0,0.0,0.0,1.0,0.0,0.0,0.0,1.0,0.0,0.0,0.0,6.0,9.0,1.0,4456807.0,5404263.5,4506123.0,5306101.5,4456542.0,5397490.0,0.4403033142089844,0.6388195673624675,0.95114555,166.66666666666666,166.66666666666666,241.0,241.0,174.0,4767.0,331.0,683.0,710.0,5.0
0.0,1.0,1.0,0.0,0.0,0.0,1.0,0.0,0.0,0.0,1.0,0.0,0.0,0.0,5.0,9.0,1.0,4458396.0,5403464.5,4490009.0,5316480.5,4463394.0,5402695.5,7.0932031250000005,9.346420288085938,45.60878833333334,166.66666666666666,166.66666666666666,299.0,219.0,198.0,4478.0,348.0,687.0,856.0,0.0
0.0,1.0,1.0,0.0,1.0,0.0,0.0,0.0,0.0,0.0,1.0,0.0,0.0,0.0,2.0,9.0,3.0,4458271.0,5398055.0,4460487.0,5391346.5,4461580.5,5401514.0,5.68007568359375,8.212562052408854,18.08170833333333,166.66666666666666,166.66666666666666,139.0,205.0,338.0,371.0,347.0,587.0,619.0,4.0
0.0,1.0,1.0,0.0,1.0,0.0,0.0,0.0,0.0,0.0,1.0,0.0,0.0,0.0,2.0,9.0,3.0,4458271.0,5398055.0,4460487.0,5391346.5,4461580.5,5401514.0,6.04120458984375,8.152773030598958,3.1297151666666663,166.66666666666666,166.66666666666666,139.0,142.0,338.0,371.0,347.0,669.0,689.0,5.0
0.0,1.0,0.0,1.0,0.0,0.0,1.0,0.0,0.0,0.0,1.0,0.0,0.0,0.0,5.0,9.0,0.0,4458173.0,5403586.5,4497397.5,5326905.5,4458064.0,5405052.5,5.52834716796875,7.6660105387369795,25.596400000000003,166.66666666666666,166.66666666666666,148.0,212.0,198.0,4650.0,145.0,719.0,726.0,0.0
0.0,1.0,1.0,0.0,1.0,0.0,0.0,0.0,0.0,0.0,1.0,0.0,0.0,0.0,2.0,9.0,2.0,4460273.0,5404159.5,4485940.0,5337445.0,4463375.5,5403096.5,3.729843994140625,4.710227457682292,166.66666666666666,166.66666666666666,166.66666666666666,138.0,127.0,230.0,4342.0,348.0,814.0,877.0,5.0
1.0,0.0,1.0,0.0,0.0,0.0,1.0,0.0,0.0,0.0,1.0,0.0,0.0,0.0,6.0,0.0,1.0,4457852.0,5401208.5,4466891.0,5336373.0,4457026.5,5405407.5,3.76092333984375,6.167317199707031,20.29916833333333,166.66666666666666,166.66666666666666,147.0,201.0,306.0,3240.0,141.0,577.0,599.0,0.0
0.0,1.0,0.0,1.0,1.0,0.0,0.0,0.0,0.0,0.0,1.0,0.0,0.0,0.0,2.0,9.0,0.0,4453811.5,5404696.5,4446196.5,5308293.0,4458584.5,5403139.0,5.406931640625,7.687750244140624,16.767587333333335,166.66666666666666,166.66666666666666,166.0,306.0,164.0,4493.0,208.0,540.0,605.0,1.0
0.0,1.0,0.0,1.0,0.0,0.0,1.0,0.0,0.0,0.0,1.0,0.0,0.0,0.0,6.0,9.0,2.0,4456749.5,5404153.5,4416453.0,5323966.0,4456607.0,5406151.0,22.045771484375,23.22297566731771,67.69613,39.77439833333334,166.66666666666666,315.0,259.0,174.0,2462.0,140.0,768.0,1161.0,1.0
0.0,1.0,1.0,0.0,0.0,1.0,0.0,0.0,0.0,0.0,1.0,0.0,0.0,0.0,1.0,0.0,0.0,4458592.5,5400946.5,4456879.0,5308362.0,4461580.5,5401514.0,1.5597515869140626,2.263369496663412,5.635012333333333,166.66666666666666,166.66666666666666,204.0,179.0,310.0,4503.0,347.0,445.0,497.0,4.0
0.0,1.0,1.0,0.0,1.0,0.0,0.0,0.0,0.0,0.0,1.0,0.0,0.0,0.0,2.0,9.0,1.0,4456363.0,5407644.5,4463136.0,5376669.0,4458156.5,5402439.5,7.8120263671875,8.809426879882812,25.91673833333333,166.66666666666666,166.66666666666666,311.0,355.0,137.0,1128.0,210.0,538.0,559.0,1.0
0.0,1.0,1.0,0.0,0.0,0.0,1.0,0.0,0.0,0.0,1.0,0.0,0.0,0.0,5.0,8.0,1.0,4457852.0,5402717.5,4509974.0,5301650.0,4461512.0,5401904.5,2.8672824707031253,4.297578430175781,10.011185,166.66666666666666,166.66666666666666,147.0,174.0,207.0,4835.0,253.0,496.0,499.0,5.0
0.0,1.0,1.0,0.0,1.0,0.0,0.0,0.0,0.0,0.0,1.0,0.0,0.0,0.0,4.0,9.0,0.0,4450497.5,5404735.0,4493992.5,5305033.5,4457645.5,5404410.0,5.93964990234375,7.823333231608073,19.305836666666668,166.66666666666666,166.66666666666666,174.0,252.0,98.0,4732.0,186.0,665.0,725.0,1.0
0.0,1.0,1.0,0.0,0.0,0.0,1.0,0.0,0.0,0.0,1.0,0.0,0.0,0.0,5.0,9.0,1.0,4458947.0,5404864.5,4446171.5,5307828.0,4455843.5,5404093.5,3.1354072265625,4.398660786946614,30.359016666666665,166.66666666666666,166.66666666666666,173.0,161.0,223.0,4493.0,176.0,654.0,683.0,0.0
0.0,1.0,1.0,0.0,0.0,0.0,1.0,0.0,0.0,0.0,1.0,0.0,0.0,0.0,7.0,6.0,1.0,4455993.5,5401776.0,4525887.5,5302095.5,4461512.0,5401904.5,5.7210595703125,8.584305826822916,166.66666666666666,166.66666666666666,166.66666666666666,154.0,127.0,202.0,4919.0,253.0,689.0,707.0,5.0
0.0,1.0,0.0,1.0,0.0,0.0,1.0,0.0,0.0,0.0,1.0,0.0,0.0,0.0,6.0,9.0,1.0,4457579.0,5403325.5,4462088.0,5407974.5,4461512.0,5401904.5,3.78388427734375,5.668939717610677,163.9433,166.66666666666666,166.66666666666666,170.0,202.0,194.0,124.0,253.0,825.0,1082.0,0.0
0.0,1.0,0.0,1.0,0.0,0.0,1.0,0.0,0.0,0.0,1.0,0.0,0.0,0.0,1.0,0.0,0.0,4456712.5,5397891.0,4468914.5,5332733.0,4457660.5,5405507.5,2.929183349609375,4.2107091267903645,16.508413333333333,166.66666666666666,166.66666666666666,217.0,194.0,330.0,3664.0,144.0,679.0,818.0,1.0
0.0,1.0,1.0,0.0,0.0,0.0,1.0,0.0,0.0,0.0,1.0,0.0,0.0,0.0,5.0,9.0,3.0,4454246.5,5404035.5,4465665.5,5329629.0,4457216.5,5405345.5,0.1866330413818359,0.3585545857747396,5.991348833333333,166.66666666666666,166.66666666666666,146.0,146.0,148.0,3984.0,141.0,503.0,572.0,5.0
0.0,1.0,1.0,0.0,1.0,0.0,0.0,0.0,0.0,0.0,1.0,0.0,0.0,0.0,4.0,5.0,1.0,4458725.5,5399862.5,4465665.5,5329629.0,4457660.5,5405507.5,1.277843017578125,2.555686187744141,11.724056666666666,166.66666666666666,166.66666666666666,313.0,300.0,324.0,3984.0,144.0,996.0,999.0,1.0
0.0,1.0,0.0,1.0,1.0,0.0,0.0,0.0,0.0,0.0,1.0,0.0,0.0,0.0,1.0,9.0,1.0,4459010.0,5402383.5,4439038.5,5417039.5,4460174.0,5404449.5,4.54265576171875,5.618908182779948,24.08314833333333,166.66666666666666,166.66666666666666,241.0,214.0,245.0,56.0,230.0,647.0,650.0,1.0
0.0,1.0,1.0,0.0,1.0,0.0,0.0,0.0,0.0,0.0,1.0,0.0,0.0,0.0,1.0,9.0,0.0,4456755.0,5397334.0,4526293.0,5302325.0,4460703.0,5401245.0,11.044228515625,9.209689331054689,48.32957333333333,166.66666666666666,166.66666666666666,241.0,361.0,332.0,4922.0,346.0,1019.0,1101.0,1.0
0.0,1.0,0.0,1.0,1.0,0.0,0.0,0.0,0.0,0.0,1.0,0.0,0.0,0.0,4.0,9.0,1.0,4454167.0,5403956.5,4452119.5,5331696.0,4459473.0,5404203.0,3.80426904296875,5.788872782389323,18.94542833333333,166.66666666666666,166.66666666666666,154.0,205.0,148.0,2571.0,226.0,741.0,842.0,1.0
0.0,1.0,1.0,0.0,0.0,0.0,1.0,0.0,0.0,0.0,1.0,0.0,0.0,0.0,6.0,9.0,0.0,4457306.0,5401288.0,4492817.5,5351205.0,4455976.5,5398594.5,11.4995859375,13.631085205078124,56.0,166.66666666666666,166.66666666666666,97.0,20.0,305.0,2306.0,321.0,667.0,712.0,2.0
1.0,0.0,0.0,1.0,0.0,0.0,1.0,0.0,0.0,0.0,1.0,0.0,0.0,0.0,7.0,9.0,1.0,4456172.5,5399387.5,4438219.5,5318756.0,4460075.0,5404522.5,0.3726466064453125,0.5,5.279734333333334,166.66666666666666,166.66666666666666,210.0,212.0,319.0,2485.0,228.0,1002.0,58.0,5.0
0.0,1.0,0.0,1.0,1.0,0.0,0.0,0.0,0.0,0.0,1.0,0.0,0.0,0.0,3.0,9.0,2.0,4458586.5,5400645.5,4477115.0,5305096.0,4457026.5,5405407.5,0.8247265014648437,1.3239288330078125,15.791103333333332,166.66666666666666,166.66666666666666,158.0,101.0,316.0,4588.0,141.0,1100.0,1136.0,1.0
0.0,1.0,0.0,1.0,0.0,0.0,1.0,0.0,0.0,0.0,1.0,0.0,0.0,0.0,5.0,9.0,1.0,4458203.0,5401097.0,4500041.0,5302967.0,4461512.0,5401904.5,1.82214501953125,2.7697410583496094,10.59196,166.66666666666666,166.66666666666666,321.0,298.0,309.0,4748.0,253.0,615.0,658.0,1.0
0.0,1.0,0.0,1.0,1.0,0.0,0.0,0.0,0.0,0.0,1.0,0.0,0.0,0.0,3.0,9.0,1.0,4455803.0,5397657.5,4469172.0,5331980.0,4459942.5,5403941.5,1.6140164794921876,2.470139058430989,166.66666666666666,166.66666666666666,166.66666666666666,167.0,177.0,331.0,3687.0,235.0,1057.0,1082.0,1.0
0.0,1.0,0.0,1.0,0.0,0.0,1.0,0.0,0.0,0.0,1.0,0.0,0.0,0.0,6.0,9.0,1.0,4458510.0,5400582.0,4506594.0,5400305.5,4458469.5,5400448.0,0.8467905883789063,1.5101975758870445,32.96486,166.66666666666666,166.66666666666666,134.0,138.0,316.0,2038.0,318.0,1013.0,1045.0,4.0
0.0,1.0,1.0,0.0,0.0,0.0,1.0,0.0,0.0,0.0,1.0,0.0,0.0,0.0,2.0,9.0,1.0,4455825.0,5404064.0,4463565.0,5325524.5,4457452.0,5405038.5,3.155998291015625,4.185621134440104,11.1704295,166.66666666666666,166.66666666666666,134.0,139.0,176.0,3142.0,144.0,578.0,588.0,0.0
0.0,1.0,0.0,1.0,0.0,0.0,1.0,0.0,0.0,0.0,1.0,0.0,0.0,0.0,5.0,9.0,2.0,4458861.5,5403299.0,4415245.5,5324381.0,4453228.0,5403351.5,0.6013397827148438,0.981694730122884,5.121706666666666,166.66666666666666,166.66666666666666,172.0,166.0,243.0,2446.0,164.0,883.0,1041.0,5.0
0.0,1.0,1.0,0.0,1.0,0.0,0.0,0.0,0.0,0.0,1.0,0.0,0.0,0.0,2.0,9.0,0.0,4454972.5,5403319.5,4470087.5,5330511.0,4463366.0,5403002.0,3.710206298828125,4.89364980061849,47.385295,166.66666666666666,166.66666666666666,198.0,163.0,154.0,4069.0,348.0,600.0,999.0,0.0
0.0,1.0,1.0,0.0,0.0,0.0,1.0,0.0,0.0,0.0,1.0,0.0,0.0,0.0,6.0,4.0,1.0,4454010.5,5397859.5,4479710.5,5336407.0,4458895.0,5401307.5,0.67255908203125,1.3451180775960283,2.328231666666667,166.66666666666666,166.66666666666666,172.0,173.0,327.0,3795.0,339.0,1121.0,1176.0,1.0
0.0,1.0,0.0,1.0,0.0,0.0,1.0,0.0,0.0,0.0,1.0,0.0,0.0,0.0,6.0,9.0,1.0,4456882.5,5397062.5,4483314.0,5390233.5,4461347.0,5404897.5,1.7023763427734375,2.935200500488281,9.354906666666666,166.66666666666666,166.66666666666666,218.0,227.0,335.0,412.0,240.0,630.0,647.0,5.0
0.0,1.0,1.0,0.0,1.0,0.0,0.0,0.0,0.0,0.0,1.0,0.0,0.0,0.0,3.0,9.0,0.0,4456816.5,5404950.5,4537515.0,5388514.5,4456985.0,5406125.5,2.1359951171875,3.593458557128906,19.03759,166.66666666666666,166.66666666666666,176.0,146.0,142.0,2247.0,140.0,867.0,887.0,5.0
0.0,1.0,0.0,1.0,0.0,0.0,1.0,0.0,0.0,0.0,1.0,0.0,0.0,0.0,5.0,9.0,0.0,4456994.5,5404738.0,4418256.5,5348503.5,4455362.0,5403894.5,3.3680849609375,4.638909912109375,32.74992,166.66666666666666,166.66666666666666,245.0,187.0,173.0,1047.0,153.0,526.0,555.0,1.0
0.0,1.0,1.0,0.0,0.0,0.0,1.0,0.0,0.0,0.0,1.0,0.0,0.0,0.0,5.0,0.0,1.0,4462407.0,5403814.0,4471120.5,5324762.5,4458150.0,5404632.5,2.4490673828125,3.3137413024902345,17.09035833333333,166.66666666666666,166.66666666666666,245.0,191.0,254.0,4130.0,188.0,794.0,863.0,0.0
0.0,1.0,1.0,0.0,0.0,0.0,1.0,0.0,0.0,0.0,1.0,0.0,0.0,0.0,6.0,9.0,0.0,4456052.5,5404133.5,4443951.0,5338235.0,4457026.5,5405407.5,8.1769853515625,10.786224365234377,28.70800833333333,28.141338333333334,166.66666666666666,139.0,312.0,170.0,1285.0,141.0,592.0,615.0,4.0
0.0,1.0,0.0,1.0,1.0,0.0,0.0,0.0,0.0,0.0,1.0,0.0,0.0,0.0,3.0,9.0,1.0,4456102.0,5404242.5,4416902.5,5323627.5,4459663.5,5404151.5,3.386410400390625,4.662712097167969,17.94523333333333,166.66666666666666,166.66666666666666,225.0,182.0,170.0,2465.0,229.0,675.0,678.0,1.0
0.0,1.0,0.0,1.0,1.0,0.0,0.0,0.0,0.0,0.0,1.0,0.0,0.0,0.0,3.0,9.0,1.0,4456100.5,5403334.5,4453448.5,5325228.5,4458584.5,5403139.0,2.347524658203125,3.314013671875,17.871221666666667,166.66666666666666,166.66666666666666,187.0,232.0,179.0,2987.0,208.0,786.0,838.0,5.0
0.0,1.0,0.0,1.0,1.0,0.0,0.0,0.0,0.0,0.0,1.0,0.0,0.0,0.0,2.0,9.0,0.0,4456946.0,5404224.0,4458722.5,5403602.5,4456837.0,5403305.5,3.828186279296875,5.649283854166667,7.475595,166.66666666666666,166.66666666666666,177.0,185.0,175.0,199.0,182.0,658.0,712.0,4.0
0.0,1.0,0.0,1.0,0.0,0.0,1.0,0.0,0.0,0.0,1.0,0.0,0.0,0.0,6.0,9.0,1.0,4457533.0,5402948.0,4507799.5,5301431.0,4457684.5,5404720.0,2.68666259765625,3.937739817301432,30.78756333333333,166.66666666666666,166.66666666666666,326.0,310.0,204.0,4821.0,185.0,645.0,700.0,5.0
0.0,1.0,0.0,1.0,0.0,1.0,0.0,0.0,0.0,0.0,1.0,0.0,0.0,0.0,1.0,9.0,1.0,4462428.0,5404319.0,4474313.0,5335112.5,4458195.5,5404715.5,1.9074688720703128,2.4,9.818445833333334,166.66666666666666,166.66666666666666,236.0,223.0,240.0,3788.0,188.0,1008.0,1078.0,5.0
1.0,0.0,1.0,0.0,0.0,1.0,0.0,0.0,0.0,0.0,1.0,0.0,0.0,0.0,0.0,0.0,2.0,4459219.5,5404208.0,4416154.0,5360099.0,4458581.5,5400804.0,1.15378076171875,1.958883285522461,3.831291,166.66666666666666,166.66666666666666,228.0,223.0,225.0,753.0,316.0,618.0,629.0,2.0
1.0,0.0,1.0,0.0,0.0,0.0,1.0,0.0,0.0,0.0,1.0,0.0,0.0,0.0,0.0,0.0,1.0,4455575.5,5399143.0,4512876.0,5380715.5,4457766.0,5404614.0,0.7099896240234375,1.41997922261556,6.297881,166.66666666666666,166.66666666666666,228.0,224.0,162.0,2114.0,185.0,1087.0,1098.0,5.0
1.0,0.0,1.0,0.0,0.0,0.0,1.0,0.0,0.0,0.0,1.0,0.0,0.0,0.0,7.0,4.0,1.0,4454316.5,5404674.0,4467128.5,5335027.0,4460703.0,5401245.0,0.1937183990478515,0.30596284866333,5.597250833333334,166.66666666666666,166.66666666666666,164.0,148.0,147.0,3339.0,346.0,737.0,889.0,5.0
0.0,1.0,1.0,0.0,0.0,0.0,1.0,0.0,0.0,0.0,1.0,0.0,0.0,0.0,6.0,9.0,1.0,4459756.0,5403411.0,4460125.0,5334235.0,4461449.0,5401623.0,7.63753076171875,10.040099080403646,20.692576666666664,166.66666666666666,166.66666666666666,172.0,254.0,237.0,2820.0,347.0,1099.0,1133.0,4.0
0.0,1.0,0.0,1.0,0.0,0.0,1.0,0.0,0.0,0.0,1.0,0.0,0.0,0.0,5.0,9.0,1.0,4456011.5,5407771.5,4471282.0,5393803.0,4461580.5,5401514.0,1.1347261962890625,1.9222904205322264,0.1932608333333333,166.66666666666666,166.66666666666666,186.0,195.0,134.0,403.0,347.0,609.0,610.0,1.0
0.0,1.0,0.0,1.0,1.0,0.0,0.0,0.0,0.0,0.0,1.0,0.0,0.0,0.0,3.0,9.0,1.0,4458927.0,5405995.5,4501904.0,5327393.0,4458215.0,5404919.0,2.878841064453125,3.720245361328125,12.109681666666669,166.66666666666666,166.66666666666666,234.0,186.0,222.0,4659.0,145.0,715.0,721.0,4.0
0.0,1.0,1.0,0.0,1.0,0.0,0.0,0.0,0.0,0.0,1.0,0.0,0.0,0.0,2.0,9.0,1.0,4456423.5,5403886.5,4419724.5,5358914.5,4459219.5,5404196.5,6.1309443359375,8.460492451985678,32.34048666666666,166.66666666666666,166.66666666666666,312.0,354.0,177.0,827.0,225.0,710.0,723.0,1.0
0.0,1.0,1.0,0.0,1.0,0.0,0.0,0.0,0.0,0.0,1.0,0.0,0.0,0.0,2.0,9.0,1.0,4456423.5,5403886.5,4419724.5,5358914.5,4459219.5,5404196.5,2.221636962890625,2.9361554463704427,20.328008333333333,166.66666666666666,166.66666666666666,312.0,247.0,177.0,827.0,225.0,622.0,692.0,5.0
0.0,1.0,0.0,1.0,1.0,0.0,0.0,0.0,0.0,0.0,1.0,0.0,0.0,0.0,4.0,9.0,0.0,4457083.0,5404445.0,4471903.0,5331602.0,4459036.0,5402820.0,2.06134228515625,2.507397206624349,166.66666666666666,166.66666666666666,166.66666666666666,98.0,98.0,175.0,3843.0,243.0,521.0,535.0,1.0
0.0,1.0,1.0,0.0,0.0,1.0,0.0,0.0,0.0,0.0,1.0,0.0,0.0,0.0,1.0,5.0,3.0,4455938.0,5404227.0,4468665.5,5337761.5,4457432.0,5405192.0,2.06134228515625,2.507397206624349,166.66666666666666,166.66666666666666,166.66666666666666,98.0,98.0,167.0,1925.0,144.0,527.0,657.0,1.0
0.0,1.0,0.0,1.0,1.0,0.0,0.0,0.0,0.0,0.0,1.0,0.0,0.0,0.0,3.0,9.0,1.0,4446835.0,5403333.0,4469022.0,5330715.0,4456279.5,5405325.0,0.7581340942382813,0.9441075007120768,4.437005666666667,166.66666666666666,166.66666666666666,334.0,331.0,97.0,4027.0,165.0,593.0,611.0,5.0
0.0,1.0,1.0,0.0,0.0,0.0,1.0,0.0,0.0,0.0,1.0,0.0,0.0,0.0,5.0,9.0,1.0,4458962.5,5400801.5,4501322.5,5302855.5,4456313.5,5403634.5,1.0612657470703126,1.634625244140625,2.816009833333333,166.66666666666666,166.66666666666666,207.0,204.0,341.0,4758.0,179.0,660.0,675.0,0.0
0.0,1.0,0.0,1.0,0.0,0.0,1.0,0.0,0.0,0.0,1.0,0.0,0.0,0.0,5.0,9.0,0.0,4458723.0,5404236.5,4461977.0,5341665.0,4457333.5,5405846.5,2.5568330078125,3.918552907307943,12.67014,166.66666666666666,166.66666666666666,207.0,178.0,191.0,1438.0,139.0,674.0,721.0,1.0
0.0,1.0,1.0,0.0,0.0,0.0,1.0,0.0,0.0,0.0,1.0,0.0,0.0,0.0,6.0,9.0,1.0,4455861.5,5399433.0,4457221.0,5333234.5,4457721.5,5405641.0,1.6950660400390625,2.200001525878906,7.371623333333333,166.66666666666666,166.66666666666666,198.0,204.0,319.0,2674.0,144.0,553.0,600.0,5.0
0.0,1.0,1.0,0.0,0.0,0.0,1.0,0.0,0.0,0.0,1.0,0.0,0.0,0.0,4.0,9.0,2.0,4449132.5,5404836.5,4466505.0,5345606.0,4462614.0,5403822.0,4.8959809570312505,7.1702423095703125,10.087655000000002,166.66666666666666,166.66666666666666,324.0,331.0,98.0,1703.0,254.0,809.0,818.0,5.0
0.0,1.0,1.0,0.0,1.0,0.0,0.0,0.0,0.0,0.0,1.0,0.0,0.0,0.0,1.0,9.0,1.0,4459413.5,5399932.5,4418241.0,5355500.0,4461011.0,5404068.0,0.9522252197265624,1.2831960042317707,5.2797350000000005,166.66666666666666,166.66666666666666,211.0,212.0,349.0,945.0,241.0,431.0,465.0,5.0
0.0,1.0,1.0,0.0,1.0,0.0,0.0,0.0,0.0,0.0,1.0,0.0,0.0,0.0,1.0,9.0,1.0,4459413.5,5399932.5,4418241.0,5355500.0,4461011.0,5404068.0,1.8282061767578128,2.6628875732421875,5.920962,166.66666666666666,166.66666666666666,211.0,244.0,349.0,945.0,241.0,726.0,727.0,5.0
0.0,1.0,0.0,1.0,1.0,0.0,0.0,0.0,0.0,0.0,1.0,0.0,0.0,0.0,4.0,9.0,0.0,4457946.0,5404133.0,4514763.0,5379856.0,4456697.5,5405594.0,3.50536962890625,5.919264729817709,16.258198333333333,166.66666666666666,166.66666666666666,168.0,205.0,187.0,2126.0,140.0,555.0,604.0,4.0
0.0,1.0,0.0,1.0,1.0,0.0,0.0,0.0,0.0,0.0,1.0,0.0,0.0,0.0,4.0,9.0,0.0,4457946.0,5404133.0,4514763.0,5379856.0,4456697.5,5405594.0,3.720478515625,5.192850748697917,4.633270333333333,166.66666666666666,166.66666666666666,168.0,164.0,187.0,2126.0,140.0,562.0,860.0,1.0
0.0,1.0,0.0,1.0,0.0,1.0,0.0,0.0,1.0,0.0,0.0,0.0,0.0,0.0,1.0,9.0,1.0,4457355.0,5400015.0,4466663.0,5331123.5,4463375.5,5403096.5,6.655666015625,9.043035888671875,25.38467166666667,166.66666666666666,166.66666666666666,323.0,186.0,323.0,3939.0,348.0,456.0,542.0,0.0
1.0,0.0,1.0,0.0,1.0,0.0,0.0,0.0,1.0,0.0,0.0,0.0,0.0,0.0,2.0,9.0,1.0,4459635.5,5404950.5,4416457.0,5385187.0,4456029.5,5405334.5,15.3387255859375,12.482753499348958,51.14321666666666,166.66666666666666,166.66666666666666,307.0,400.0,217.0,38.0,165.0,846.0,940.0,1.0
1.0,0.0,1.0,0.0,1.0,0.0,0.0,0.0,1.0,0.0,0.0,0.0,0.0,0.0,2.0,9.0,1.0,4459635.5,5404950.5,4416457.0,5385187.0,4456029.5,5405334.5,2.291262939453125,3.2576324462890622,8.69664,166.66666666666666,166.66666666666666,307.0,299.0,217.0,38.0,165.0,855.0,912.0,5.0
0.0,1.0,0.0,1.0,1.0,0.0,0.0,0.0,1.0,0.0,0.0,0.0,0.0,0.0,3.0,9.0,1.0,4456712.5,5404189.0,4421932.0,5357339.5,4461795.5,5401052.0,7.8112412109375,6.876607259114583,33.668038333333335,166.66666666666666,166.66666666666666,224.0,118.0,174.0,898.0,347.0,872.0,1172.0,1.0
1.0,0.0,1.0,0.0,0.0,0.0,1.0,0.0,1.0,0.0,0.0,0.0,0.0,0.0,3.0,0.0,1.0,4456667.5,5404988.5,4430057.0,5367544.5,4458636.5,5401516.0,21.82733984375,18.400807698567707,26.285186666666668,166.66666666666666,166.66666666666666,224.0,385.0,142.0,536.0,308.0,490.0,503.0,1.0
1.0,0.0,0.0,1.0,0.0,1.0,0.0,0.0,1.0,0.0,0.0,0.0,0.0,0.0,0.0,0.0,1.0,4456535.5,5407465.0,4468226.5,5333063.0,4456673.5,5406079.5,7.8112412109375,6.876607259114583,33.668038333333335,166.66666666666666,166.66666666666666,224.0,118.0,138.0,3511.0,140.0,552.0,974.0,1.0
0.0,1.0,0.0,1.0,1.0,0.0,0.0,0.0,1.0,0.0,0.0,0.0,0.0,0.0,2.0,9.0,2.0,4456611.0,5404762.5,4463701.0,5369681.0,4457171.5,5405001.5,2.8672824707031253,4.297578430175781,11.262175,166.66666666666666,166.66666666666666,174.0,147.0,172.0,1152.0,143.0,966.0,43.0,0.0
0.0,1.0,0.0,1.0,1.0,0.0,0.0,0.0,1.0,0.0,0.0,0.0,0.0,0.0,3.0,9.0,1.0,4458120.5,5400341.0,4508217.5,5368004.0,4452877.0,5404303.5,5.9762734375,8.073954264322916,21.138381666666664,166.66666666666666,166.66666666666666,142.0,316.0,317.0,2213.0,164.0,902.0,1299.0,4.0
1.0,0.0,1.0,0.0,0.0,0.0,1.0,0.0,1.0,0.0,0.0,0.0,0.0,0.0,6.0,9.0,1.0,4454194.0,5404034.0,4471474.5,5418187.5,4458064.0,5405052.5,6.2724931640625,8.788021850585938,33.680661666666666,166.66666666666666,166.66666666666666,146.0,310.0,148.0,85.0,145.0,537.0,581.0,5.0
1.0,0.0,1.0,0.0,0.0,0.0,1.0,0.0,1.0,0.0,0.0,0.0,0.0,0.0,6.0,9.0,1.0,4454194.0,5404034.0,4471474.5,5418187.5,4458064.0,5405052.5,11.5230830078125,16.450812784830728,22.06456166666667,166.66666666666666,166.66666666666666,146.0,107.0,148.0,85.0,145.0,1187.0,232.0,1.0
0.0,1.0,0.0,1.0,1.0,0.0,0.0,0.0,1.0,0.0,0.0,0.0,0.0,0.0,2.0,9.0,0.0,4457932.5,5403233.5,4504759.0,5301423.5,4458859.5,5406485.5,10.2465,14.271571858723958,58.99928,51.54216333333333,166.66666666666666,138.0,343.0,205.0,4801.0,222.0,699.0,729.0,1.0
0.0,1.0,1.0,0.0,0.0,0.0,1.0,0.0,1.0,0.0,0.0,0.0,0.0,0.0,5.0,9.0,0.0,4456108.0,5403734.0,4471164.0,5333171.5,4458474.5,5400413.0,4.472953125,5.720066324869792,21.413136666666663,52.58439166666667,166.66666666666666,103.0,146.0,177.0,3656.0,318.0,1151.0,136.0,4.0
0.0,1.0,0.0,1.0,1.0,0.0,0.0,0.0,1.0,0.0,0.0,0.0,0.0,0.0,1.0,9.0,1.0,4456444.5,5406434.5,4412426.5,5375911.5,4456697.5,5405594.0,14.4598857421875,17.109806315104166,32.344285,166.66666666666666,166.66666666666666,97.0,225.0,140.0,449.0,140.0,907.0,1046.0,1.0
1.0,0.0,0.0,1.0,0.0,1.0,0.0,0.0,1.0,0.0,0.0,0.0,0.0,0.0,0.0,0.0,1.0,4459522.5,5401280.5,4482359.5,5361860.0,4453228.0,5403351.5,5.89996826171875,7.892113749186198,27.88548833333333,166.66666666666666,166.66666666666666,219.0,178.0,339.0,1636.0,164.0,631.0,899.0,4.0
1.0,0.0,1.0,0.0,0.0,1.0,0.0,0.0,1.0,0.0,0.0,0.0,0.0,0.0,0.0,0.0,0.0,4457612.5,5404773.5,4477336.5,5332285.5,4461490.5,5401836.0,4.4948012695312505,6.09456787109375,22.75860833333333,166.66666666666666,166.66666666666666,172.0,236.0,184.0,3917.0,253.0,622.0,766.0,1.0
0.0,1.0,0.0,1.0,0.0,0.0,1.0,0.0,1.0,0.0,0.0,0.0,0.0,0.0,2.0,9.0,1.0,4458908.5,5402192.5,4460660.0,5409670.0,4457969.0,5403241.5,3.378589111328125,4.65893046061198,21.179736666666667,166.66666666666666,166.66666666666666,243.0,312.0,245.0,118.0,205.0,1055.0,1127.0,4.0
0.0,1.0,0.0,1.0,0.0,0.0,1.0,0.0,1.0,0.0,0.0,0.0,0.0,0.0,2.0,9.0,1.0,4458908.5,5402192.5,4460660.0,5409670.0,4457969.0,5403241.5,2.626635009765625,3.542433675130208,9.592258333333332,166.66666666666666,166.66666666666666,243.0,235.0,245.0,118.0,205.0,1250.0,1346.0,5.0
0.0,1.0,0.0,1.0,0.0,0.0,1.0,0.0,1.0,0.0,0.0,0.0,0.0,0.0,5.0,9.0,1.0,4455684.0,5398604.5,4468756.5,5320209.0,4460945.0,5401039.0,3.45849462890625,4.624554443359375,30.041093333333333,166.66666666666666,166.66666666666666,218.0,115.0,321.0,4423.0,346.0,1207.0,1339.0,5.0
1.0,0.0,0.0,1.0,0.0,1.0,0.0,0.0,1.0,0.0,0.0,0.0,0.0,0.0,0.0,0.0,2.0,4457812.5,5397977.5,4464347.5,5338662.0,4456597.5,5404716.5,3.40080908203125,4.3722895304361975,1.02467575,166.66666666666666,166.66666666666666,187.0,222.0,336.0,1532.0,172.0,1043.0,1171.0,5.0
0.0,1.0,1.0,0.0,0.0,0.0,1.0,0.0,1.0,0.0,0.0,0.0,0.0,0.0,2.0,9.0,2.0,4457416.0,5400239.0,4469214.0,5433158.5,4460703.0,5401245.0,1.3806009521484377,1.6797414143880207,11.096699,166.66666666666666,166.66666666666666,187.0,223.0,313.0,75.0,346.0,696.0,855.0,5.0
0.0,1.0,1.0,0.0,1.0,0.0,0.0,0.0,1.0,0.0,0.0,0.0,0.0,0.0,3.0,6.0,0.0,4458720.5,5402335.5,4465198.5,5365406.0,4458811.0,5400991.0,2.486927734375,3.449531555175781,9.387786666666669,166.66666666666666,166.66666666666666,317.0,247.0,211.0,1160.0,310.0,633.0,644.0,0.0
1.0,0.0,1.0,0.0,0.0,1.0,0.0,0.0,1.0,0.0,0.0,0.0,0.0,0.0,0.0,2.0,0.0,4459734.0,5401593.5,4474713.0,5369014.0,4460413.0,5401033.5,5.6163466796875,7.695048014322917,20.99001833333333,166.66666666666666,166.66666666666666,317.0,174.0,340.0,1194.0,340.0,1102.0,160.0,1.0
1.0,0.0,0.0,1.0,0.0,1.0,0.0,0.0,1.0,0.0,0.0,0.0,0.0,0.0,0.0,0.0,0.0,4458869.0,5403619.0,4485764.5,5377237.0,4458064.0,5405052.5,7.1204267578125,6.535199483235677,19.973955,166.66666666666666,166.66666666666666,232.0,114.0,233.0,1187.0,145.0,878.0,967.0,1.0
1.0,0.0,0.0,1.0,0.0,1.0,0.0,0.0,1.0,0.0,0.0,0.0,0.0,0.0,0.0,0.0,0.0,4458869.0,5403619.0,4485764.5,5377237.0,4458064.0,5405052.5,13.4806748046875,12.265779622395833,43.85433333333334,166.66666666666666,166.66666666666666,232.0,366.0,233.0,1187.0,145.0,735.0,1352.0,0.0
0.0,1.0,0.0,1.0,0.0,0.0,1.0,0.0,1.0,0.0,0.0,0.0,0.0,0.0,5.0,9.0,1.0,4458300.5,5404605.5,4474931.5,5353167.5,4458127.5,5403996.0,15.76050390625,12.455246988932291,56.13395,166.66666666666666,166.66666666666666,254.0,333.0,188.0,1594.0,196.0,546.0,653.0,1.0
0.0,1.0,1.0,0.0,1.0,0.0,0.0,0.0,1.0,0.0,0.0,0.0,0.0,0.0,2.0,9.0,0.0,4456456.5,5404915.5,4446216.5,5338439.5,4458475.0,5402320.5,3.7050576171875,5.968569437662761,22.730511666666665,166.66666666666666,166.66666666666666,148.0,130.0,142.0,1319.0,211.0,933.0,1098.0,1.0
0.0,1.0,1.0,0.0,0.0,0.0,1.0,0.0,1.0,0.0,0.0,0.0,0.0,0.0,4.0,9.0,1.0,4456052.0,5407882.5,4457697.5,5313283.0,4457452.0,5405038.5,7.02688916015625,8.642732747395833,36.509635,32.62844,166.66666666666666,103.0,187.0,135.0,3197.0,144.0,611.0,676.0,5.0
0.0,1.0,1.0,0.0,0.0,0.0,1.0,0.0,1.0,0.0,0.0,0.0,0.0,0.0,5.0,9.0,2.0,4456256.0,5403410.5,4442975.5,5337163.0,4455976.5,5398594.5,0.858697998046875,1.5262020111083985,18.004588333333334,166.66666666666666,166.66666666666666,340.0,339.0,179.0,2541.0,321.0,1162.0,1434.0,1.0
1.0,0.0,1.0,0.0,0.0,0.0,1.0,0.0,1.0,0.0,0.0,0.0,0.0,0.0,7.0,9.0,0.0,4456258.5,5400147.0,4458608.5,5335838.5,4459036.0,5402820.0,3.648415283203125,5.680777486165365,11.761138833333332,166.66666666666666,166.66666666666666,205.0,142.0,298.0,2632.0,243.0,658.0,696.0,5.0
1.0,0.0,1.0,0.0,0.0,0.0,1.0,0.0,1.0,0.0,0.0,0.0,0.0,0.0,7.0,9.0,0.0,4456258.5,5400147.0,4458608.5,5335838.5,4459036.0,5402820.0,8.836072265625,12.398185221354169,22.09125166666667,166.66666666666666,166.66666666666666,205.0,134.0,298.0,2632.0,243.0,733.0,785.0,1.0
0.0,1.0,1.0,0.0,0.0,0.0,1.0,0.0,1.0,0.0,0.0,0.0,0.0,0.0,7.0,9.0,1.0,4456633.0,5404692.5,4459463.5,5403782.0,4461487.0,5401866.5,10.987240234375,12.178662109375,166.66666666666666,166.66666666666666,166.66666666666666,149.0,255.0,172.0,232.0,253.0,925.0,1148.0,1.0
1.0,0.0,1.0,0.0,0.0,0.0,1.0,0.0,1.0,0.0,0.0,0.0,0.0,0.0,5.0,9.0,1.0,4457478.0,5403032.5,4456831.0,5404534.0,4456385.5,5405715.0,5.70997021484375,7.700890096028646,33.115716666666664,166.66666666666666,166.66666666666666,177.0,227.0,204.0,172.0,140.0,578.0,600.0,5.0
0.0,1.0,0.0,1.0,1.0,0.0,0.0,0.0,1.0,0.0,0.0,0.0,0.0,0.0,3.0,9.0,1.0,4459018.0,5403785.0,4454152.5,5404403.5,4457826.0,5405353.0,26.03533984375,19.917110188802084,272.1212333333333,166.66666666666666,166.66666666666666,98.0,12.0,231.0,146.0,144.0,807.0,900.0,1.0
0.0,1.0,0.0,1.0,1.0,0.0,0.0,0.0,1.0,0.0,0.0,0.0,0.0,0.0,2.0,9.0,2.0,4456023.0,5398393.5,4464019.0,5337587.0,4459581.0,5404390.5,5.8896279296875,7.948883056640625,20.736598333333333,166.66666666666666,166.66666666666666,187.0,253.0,329.0,2761.0,226.0,1366.0,293.0,4.0
1.0,0.0,1.0,0.0,0.0,0.0,1.0,0.0,1.0,0.0,0.0,0.0,0.0,0.0,6.0,9.0,1.0,4459241.0,5404975.0,4452639.5,5338035.5,4457712.0,5402474.5,9.267302734375,9.243379720052085,29.14714833333333,166.66666666666666,166.66666666666666,349.0,240.0,216.0,1405.0,209.0,538.0,863.0,1.0
0.0,1.0,1.0,0.0,0.0,0.0,1.0,0.0,1.0,0.0,0.0,0.0,0.0,0.0,4.0,9.0,1.0,4457939.5,5404927.0,4451680.0,5336448.0,4457645.5,5404410.0,0.3283495788574219,0.5966424306233724,1.6193961666666663,166.66666666666666,166.66666666666666,218.0,218.0,144.0,2562.0,186.0,909.0,997.0,5.0
0.0,1.0,0.0,1.0,1.0,0.0,0.0,0.0,1.0,0.0,0.0,0.0,0.0,0.0,2.0,9.0,1.0,4462276.0,5403824.5,4457879.5,5347052.0,4452877.0,5404303.5,0.858697998046875,1.5262020111083985,18.004588333333334,166.66666666666666,166.66666666666666,340.0,339.0,254.0,1343.0,164.0,1175.0,156.0,5.0
0.0,1.0,1.0,0.0,1.0,0.0,0.0,0.0,1.0,0.0,0.0,0.0,0.0,0.0,2.0,9.0,0.0,4458001.0,5400565.0,4460063.5,5342235.0,4458063.5,5402470.0,3.94216259765625,3.643158213297526,24.18311333333333,166.66666666666666,166.66666666666666,245.0,235.0,312.0,1430.0,210.0,1277.0,1382.0,5.0
0.0,1.0,0.0,1.0,0.0,0.0,1.0,0.0,1.0,0.0,0.0,0.0,0.0,0.0,7.0,9.0,1.0,4458769.0,5399869.5,4453392.5,5358210.5,4461597.5,5401976.0,2.488040771484375,3.68229242960612,14.013363333333333,166.66666666666666,166.66666666666666,220.0,197.0,324.0,1246.0,253.0,944.0,1032.0,2.0
1.0,0.0,1.0,0.0,0.0,0.0,1.0,0.0,1.0,0.0,0.0,0.0,0.0,0.0,4.0,0.0,0.0,4456110.5,5401777.5,4459333.0,5358256.0,4457826.0,5405353.0,15.818962890625,18.273038736979167,166.66666666666666,166.66666666666666,166.66666666666666,350.0,127.0,202.0,1249.0,144.0,965.0,990.0,1.0
0.0,1.0,0.0,1.0,0.0,0.0,1.0,0.0,1.0,0.0,0.0,0.0,0.0,0.0,6.0,9.0,1.0,4458936.5,5405060.0,4465385.0,5340444.0,4461520.5,5405681.5,3.919644775390625,5.449923197428386,9.808371,166.66666666666666,166.66666666666666,321.0,309.0,216.0,1794.0,239.0,911.0,1166.0,1.0
0.0,1.0,1.0,0.0,1.0,0.0,0.0,0.0,1.0,0.0,0.0,0.0,0.0,0.0,2.0,9.0,1.0,4456558.5,5408159.0,4461444.0,5330760.5,4461487.0,5401866.5,6.83746435546875,9.418488566080727,23.349075,166.66666666666666,166.66666666666666,313.0,173.0,134.0,3007.0,253.0,1080.0,1094.0,0.0
1.0,0.0,0.0,1.0,0.0,1.0,0.0,0.0,1.0,0.0,0.0,0.0,0.0,0.0,0.0,0.0,1.0,4458814.5,5405537.0,4475395.5,5331121.0,4457026.5,5405407.5,5.98435498046875,8.747935994466145,23.86475,166.66666666666666,166.66666666666666,340.0,177.0,145.0,4232.0,141.0,517.0,1057.0,4.0
1.0,0.0,1.0,0.0,0.0,0.0,1.0,0.0,1.0,0.0,0.0,0.0,0.0,0.0,0.0,0.0,0.0,4459332.0,5401976.5,4512512.5,5378271.0,4457215.5,5405242.5,0.9458003540039064,1.5523610432942707,4.858365833333334,166.66666666666666,166.66666666666666,235.0,237.0,248.0,2151.0,143.0,712.0,746.0,5.0
1.0,0.0,1.0,0.0,0.0,0.0,1.0,0.0,1.0,0.0,0.0,0.0,0.0,0.0,0.0,0.0,0.0,4459332.0,5401976.5,4512512.5,5378271.0,4457215.5,5405242.5,3.794628662109375,4.97977040608724,19.130436666666665,166.66666666666666,166.66666666666666,235.0,174.0,248.0,2151.0,143.0,670.0,801.0,1.0
0.0,1.0,1.0,0.0,0.0,0.0,1.0,0.0,1.0,0.0,0.0,0.0,0.0,0.0,6.0,6.0,1.0,4457552.5,5398523.5,4474181.0,5328990.0,4460992.5,5401026.0,2.8672824707031253,4.297578430175781,10.011185,166.66666666666666,166.66666666666666,147.0,174.0,325.0,4208.0,346.0,710.0,814.0,2.0
0.0,1.0,1.0,0.0,0.0,0.0,1.0,0.0,1.0,0.0,0.0,0.0,0.0,0.0,7.0,9.0,1.0,4456052.5,5404133.5,4473267.0,5329406.5,4460929.0,5405629.5,5.36659521484375,7.502545166015625,23.672111666666662,166.66666666666666,166.66666666666666,182.0,323.0,170.0,4199.0,239.0,890.0,926.0,4.0
0.0,1.0,0.0,1.0,1.0,0.0,0.0,0.0,1.0,0.0,0.0,0.0,0.0,0.0,4.0,9.0,1.0,4458096.0,5399828.0,4462459.0,5331288.0,4461782.0,5400963.5,16.0585810546875,12.998169962565104,286.0,166.66666666666666,166.66666666666666,222.0,369.0,324.0,3027.0,347.0,513.0,788.0,0.0
1.0,0.0,0.0,1.0,0.0,0.0,1.0,0.0,1.0,0.0,0.0,0.0,0.0,0.0,0.0,0.0,1.0,4457952.5,5402710.5,4416455.5,5324159.5,4460540.0,5401017.5,24.87230859375,25.22650960286458,219.81868333333333,187.81868333333333,166.66666666666666,305.0,289.0,207.0,2457.0,346.0,967.0,984.0,0.0
1.0,0.0,0.0,1.0,0.0,0.0,1.0,0.0,1.0,0.0,0.0,0.0,0.0,0.0,0.0,0.0,1.0,4451965.0,5401878.0,4417675.0,5337416.0,4457589.0,5405675.0,12.486861328125,12.266779581705729,45.984705,44.46803833333333,166.66666666666666,305.0,118.0,102.0,2391.0,144.0,904.0,1084.0,1.0
0.0,1.0,1.0,0.0,1.0,0.0,0.0,0.0,1.0,0.0,0.0,0.0,0.0,0.0,3.0,9.0,1.0,4454585.5,5403703.5,4491809.0,5358020.0,4456029.5,5405334.5,2.918460693359375,4.00900395711263,10.363402333333331,166.66666666666666,166.66666666666666,198.0,172.0,149.0,2277.0,165.0,433.0,493.0,5.0
0.0,1.0,1.0,0.0,0.0,0.0,1.0,0.0,1.0,0.0,0.0,0.0,0.0,0.0,3.0,0.0,1.0,4458265.0,5400558.5,4493532.0,5352353.0,4457614.5,5405437.5,2.247725830078125,3.283577728271484,8.9151875,166.66666666666666,166.66666666666666,299.0,306.0,315.0,2294.0,144.0,1095.0,1182.0,1.0
0.0,1.0,0.0,1.0,1.0,0.0,0.0,0.0,1.0,0.0,0.0,0.0,0.0,0.0,4.0,9.0,0.0,4455635.5,5399619.0,4472192.5,5351290.0,4458064.0,5405052.5,1.86533203125,2.644847869873047,6.659332833333334,166.66666666666666,166.66666666666666,232.0,189.0,162.0,1589.0,145.0,944.0,947.0,5.0
0.0,1.0,0.0,1.0,1.0,0.0,0.0,0.0,1.0,0.0,0.0,0.0,0.0,0.0,5.0,9.0,0.0,4459097.5,5405016.0,4442882.0,5402796.5,4457589.0,5405675.0,1.696799072265625,2.378795115152995,15.1494975,166.66666666666666,166.66666666666666,231.0,187.0,216.0,285.0,144.0,815.0,1144.0,4.0
0.0,1.0,0.0,1.0,1.0,0.0,0.0,0.0,1.0,0.0,0.0,0.0,0.0,0.0,5.0,9.0,0.0,4459097.5,5405016.0,4442882.0,5402796.5,4457589.0,5405675.0,10.75759765625,8.164241536458333,33.140485,166.66666666666666,166.66666666666666,231.0,354.0,216.0,285.0,144.0,572.0,722.0,5.0
0.0,1.0,0.0,1.0,1.0,0.0,0.0,0.0,1.0,0.0,0.0,0.0,0.0,0.0,1.0,3.0,0.0,4460280.5,5403779.0,4451471.5,5382661.0,4461512.0,5401904.5,4.31300927734375,5.957919311523438,27.69028666666667,166.66666666666666,166.66666666666666,180.0,248.0,236.0,1106.0,253.0,777.0,938.0,5.0
1.0,0.0,1.0,0.0,0.0,1.0,0.0,0.0,1.0,0.0,0.0,0.0,0.0,0.0,0.0,0.0,1.0,4459663.5,5405449.0,4470426.5,5323437.5,4458064.0,5405052.5,3.49356103515625,4.817089335123698,12.124068333333334,166.66666666666666,166.66666666666666,180.0,232.0,218.0,4415.0,145.0,1275.0,1281.0,0.0
0.0,1.0,0.0,1.0,1.0,0.0,0.0,0.0,1.0,0.0,0.0,0.0,0.0,0.0,1.0,9.0,0.0,4454829.0,5403739.5,4463495.5,5372164.5,4456571.0,5397597.0,4.192790527343751,5.656131490071615,11.052435,166.66666666666666,166.66666666666666,189.0,200.0,149.0,1151.0,332.0,1194.0,1233.0,1.0
0.0,1.0,1.0,0.0,1.0,0.0,0.0,0.0,1.0,0.0,0.0,0.0,0.0,0.0,2.0,9.0,0.0,4457891.0,5401149.5,4477071.5,5403036.5,4463359.5,5402925.5,4.73438232421875,6.791350809733073,10.760141,166.66666666666666,166.66666666666666,329.0,316.0,306.0,397.0,348.0,1064.0,1098.0,1.0
0.0,1.0,1.0,0.0,1.0,0.0,0.0,0.0,1.0,0.0,0.0,0.0,0.0,0.0,2.0,9.0,0.0,4457891.0,5401149.5,4477071.5,5403036.5,4463359.5,5402925.5,12.222908203125,15.935556030273435,50.379045,166.66666666666666,166.66666666666666,329.0,133.0,306.0,397.0,348.0,790.0,815.0,1.0
0.0,1.0,1.0,0.0,1.0,0.0,0.0,0.0,1.0,0.0,0.0,0.0,0.0,0.0,4.0,9.0,1.0,4457782.5,5400639.5,4463393.0,5376621.5,4458052.5,5405014.0,2.4859091796875,3.666637674967448,17.07122,166.66666666666666,166.66666666666666,324.0,212.0,312.0,1129.0,145.0,905.0,949.0,1.0
1.0,0.0,1.0,0.0,0.0,1.0,0.0,0.0,1.0,0.0,0.0,0.0,0.0,0.0,0.0,0.0,1.0,4452135.5,5402143.0,4470610.5,5374275.0,4457395.5,5404949.5,1.150811279296875,1.694567616780599,3.663400833333333,166.66666666666666,166.66666666666666,186.0,172.0,101.0,1189.0,144.0,974.0,1044.0,5.0
0.0,1.0,0.0,1.0,0.0,0.0,1.0,0.0,1.0,0.0,0.0,0.0,0.0,0.0,5.0,9.0,1.0,4454722.0,5404204.5,4472371.0,5403337.5,4457826.0,5405353.0,13.6419111328125,15.348598225911458,218.0476,166.66666666666666,166.66666666666666,236.0,93.0,147.0,378.0,144.0,473.0,487.0,1.0
1.0,0.0,1.0,0.0,0.0,0.0,1.0,0.0,1.0,0.0,0.0,0.0,0.0,0.0,5.0,9.0,1.0,4458532.0,5403882.5,4522890.5,5316829.0,4457333.5,5405161.0,6.511935058593751,8.613086954752603,47.31958833333333,166.66666666666666,166.66666666666666,297.0,219.0,197.0,4725.0,144.0,989.0,14.0,4.0
0.0,1.0,1.0,0.0,0.0,0.0,1.0,0.0,1.0,0.0,0.0,0.0,0.0,0.0,3.0,8.0,0.0,4458212.0,5400440.5,4437413.5,5304051.5,4454466.0,5404089.0,3.69809375,5.520008341471354,22.019983333333336,166.66666666666666,166.66666666666666,216.0,205.0,317.0,2531.0,149.0,865.0,1158.0,5.0
0.0,1.0,1.0,0.0,0.0,1.0,0.0,0.0,1.0,0.0,0.0,0.0,0.0,0.0,1.0,9.0,1.0,4458732.0,5404728.0,4511821.0,5331878.5,4457157.0,5405807.5,2.3076103515625,3.316345723470052,17.545295,166.66666666666666,166.66666666666666,216.0,236.0,189.0,4667.0,140.0,509.0,829.0,4.0
1.0,0.0,1.0,0.0,0.0,0.0,1.0,0.0,1.0,0.0,0.0,0.0,0.0,0.0,0.0,5.0,0.0,4457971.5,5404271.0,4530138.5,5365485.0,4455504.5,5405034.5,1.2297478027343751,2.187506357828776,1.6193961666666663,166.66666666666666,166.66666666666666,216.0,218.0,187.0,2273.0,165.0,944.0,1005.0,4.0
1.0,0.0,1.0,0.0,0.0,1.0,0.0,0.0,1.0,0.0,0.0,0.0,0.0,0.0,0.0,4.0,2.0,4458842.0,5402255.5,4515205.5,5380751.0,4461157.5,5401303.0,5.3768544921875,7.459554036458333,26.285668333333334,18.460933333333333,166.66666666666666,216.0,309.0,211.0,2169.0,346.0,914.0,973.0,1.0
1.0,0.0,1.0,0.0,0.0,1.0,0.0,0.0,1.0,0.0,0.0,0.0,0.0,0.0,0.0,4.0,2.0,4458842.0,5402255.5,4515205.5,5380751.0,4461157.5,5401303.0,7.03384375,9.831039428710938,39.72793333333333,39.81811666666667,166.66666666666666,216.0,323.0,211.0,2169.0,346.0,512.0,646.0,1.0
0.0,1.0,1.0,0.0,0.0,0.0,1.0,0.0,1.0,0.0,0.0,0.0,0.0,0.0,6.0,9.0,1.0,4455869.0,5404080.0,4531149.0,5374330.0,4461335.0,5401081.0,2.1845300292968752,3.2845118204752604,31.460416666666667,166.66666666666666,166.66666666666666,213.0,344.0,176.0,2271.0,347.0,1288.0,50.0,4.0
0.0,1.0,1.0,0.0,0.0,0.0,1.0,0.0,1.0,0.0,0.0,0.0,0.0,0.0,6.0,9.0,1.0,4455869.0,5404080.0,4531149.0,5374330.0,4461335.0,5401081.0,12.471150390625,17.479974365234376,55.7041,166.66666666666666,166.66666666666666,213.0,109.0,176.0,2271.0,347.0,697.0,837.0,5.0
0.0,1.0,0.0,1.0,0.0,0.0,1.0,0.0,1.0,0.0,0.0,0.0,0.0,0.0,6.0,7.0,1.0,4457953.5,5400481.5,4500140.5,5302647.0,4463394.0,5402695.5,5.3016044921875,7.297578430175781,21.6324,166.66666666666666,166.66666666666666,223.0,147.0,314.0,4751.0,348.0,1076.0,1131.0,5.0
0.0,1.0,0.0,1.0,0.0,0.0,1.0,0.0,1.0,0.0,0.0,0.0,0.0,0.0,3.0,9.0,2.0,4459217.0,5401957.5,4502590.0,5312304.0,4455976.5,5398594.5,14.91968359375,15.038849894205727,243.423,232.423,166.66666666666666,180.0,94.0,247.0,4712.0,321.0,855.0,960.0,1.0
0.0,1.0,1.0,0.0,0.0,0.0,1.0,0.0,1.0,0.0,0.0,0.0,0.0,0.0,2.0,6.0,1.0,4459060.0,5406443.0,4497110.0,5304062.5,4461580.5,5401514.0,1.2732532958984375,2.559139506022136,33.486576666666664,166.66666666666666,166.66666666666666,254.0,242.0,222.0,4741.0,347.0,709.0,753.0,5.0
0.0,1.0,1.0,0.0,0.0,0.0,1.0,0.0,1.0,0.0,0.0,0.0,0.0,0.0,2.0,5.0,1.0,4457031.0,5404815.5,4496316.5,5302914.0,4463366.0,5403002.0,0.9705106811523436,1.4641342163085938,6.659332833333334,166.66666666666666,166.66666666666666,197.0,189.0,173.0,4742.0,348.0,548.0,558.0,5.0
0.0,1.0,1.0,0.0,0.0,0.0,1.0,0.0,1.0,0.0,0.0,0.0,0.0,0.0,2.0,5.0,1.0,4457031.0,5404815.5,4496316.5,5302914.0,4463366.0,5403002.0,2.387557861328125,3.203333282470703,11.714445,166.66666666666666,166.66666666666666,197.0,175.0,173.0,4742.0,348.0,594.0,721.0,5.0
1.0,0.0,0.0,1.0,0.0,0.0,1.0,0.0,1.0,0.0,0.0,0.0,0.0,0.0,0.0,0.0,2.0,4460845.5,5399898.0,4503959.5,5300847.0,4457826.0,5405353.0,4.020218505859375,6.150650024414063,20.970375,166.66666666666666,166.66666666666666,324.0,207.0,350.0,4806.0,144.0,924.0,1005.0,5.0
0.0,1.0,0.0,1.0,0.0,0.0,1.0,0.0,1.0,0.0,0.0,0.0,0.0,0.0,2.0,9.0,1.0,4457487.5,5398164.0,4520537.5,5312528.0,4459237.5,5406511.0,2.120040771484375,3.64829584757487,22.174225,166.66666666666666,166.66666666666666,324.0,300.0,336.0,4724.0,222.0,576.0,668.0,1.0
1.0,0.0,1.0,0.0,0.0,0.0,1.0,0.0,1.0,0.0,0.0,0.0,0.0,0.0,0.0,0.0,0.0,4456509.0,5408264.0,4497653.5,5312090.5,4461782.0,5400963.5,1.88644873046875,3.777312215169271,18.788425,166.66666666666666,166.66666666666666,324.0,304.0,134.0,4729.0,347.0,566.0,731.0,5.0
0.0,1.0,1.0,0.0,0.0,0.0,1.0,0.0,1.0,0.0,0.0,0.0,0.0,0.0,6.0,9.0,2.0,4459809.0,5404227.5,4508575.5,5324415.0,4463394.0,5402695.5,12.2411767578125,15.962356567382812,46.20300333333333,166.66666666666666,166.66666666666666,333.0,147.0,229.0,4694.0,348.0,618.0,830.0,0.0
0.0,1.0,1.0,0.0,0.0,0.0,1.0,0.0,1.0,0.0,0.0,0.0,0.0,0.0,7.0,4.0,1.0,4456110.0,5403864.5,4525303.5,5304413.5,4459036.0,5402820.0,4.39285791015625,6.01778564453125,17.87131,166.66666666666666,166.66666666666666,202.0,199.0,177.0,4913.0,243.0,989.0,1003.0,5.0
0.0,1.0,1.0,0.0,0.0,0.0,1.0,0.0,1.0,0.0,0.0,0.0,0.0,0.0,7.0,4.0,1.0,4456110.0,5403864.5,4525303.5,5304413.5,4459036.0,5402820.0,5.02922705078125,6.729888916015625,60.417875,166.66666666666666,166.66666666666666,202.0,318.0,177.0,4913.0,243.0,671.0,726.0,5.0
0.0,1.0,1.0,0.0,1.0,0.0,0.0,0.0,1.0,0.0,0.0,0.0,0.0,0.0,3.0,9.0,1.0,4457892.0,5400538.0,4511615.0,5374422.0,4458299.5,5404743.0,0.4821685180664062,0.9093209584554036,1.9856685,166.66666666666666,166.66666666666666,315.0,309.0,312.0,2206.0,188.0,609.0,666.0,5.0
0.0,1.0,1.0,0.0,0.0,1.0,0.0,0.0,1.0,0.0,0.0,0.0,0.0,0.0,1.0,0.0,1.0,4456001.0,5399333.0,4524286.0,5390001.5,4457452.0,5405038.5,2.8228291015625,3.6729695638020834,30.262533333333334,166.66666666666666,166.66666666666666,223.0,243.0,319.0,2221.0,144.0,1088.0,116.0,1.0
0.0,1.0,0.0,1.0,0.0,0.0,1.0,0.0,1.0,0.0,0.0,0.0,0.0,0.0,5.0,9.0,0.0,4459281.5,5402326.5,4468309.0,5332906.5,4458064.0,5405052.5,2.470897705078125,3.620461273193359,21.13652,166.66666666666666,166.66666666666666,218.0,235.0,246.0,3511.0,145.0,1277.0,1380.0,2.0
0.0,1.0,1.0,0.0,0.0,0.0,1.0,0.0,1.0,0.0,0.0,0.0,0.0,0.0,3.0,0.0,1.0,4456099.0,5403759.5,4465880.0,5332237.5,4463547.0,5402729.5,3.6411472167968753,3.244429270426432,22.478805,166.66666666666666,166.66666666666666,248.0,230.0,177.0,3518.0,348.0,122.0,155.0,5.0
0.0,1.0,0.0,1.0,0.0,0.0,1.0,0.0,1.0,0.0,0.0,0.0,0.0,0.0,7.0,9.0,0.0,4458866.0,5406082.0,4508630.5,5304426.0,4460998.5,5401263.0,5.31192041015625,7.458154296875,26.50733333333333,166.66666666666666,166.66666666666666,170.0,310.0,222.0,4851.0,346.0,1003.0,1081.0,5.0
0.0,1.0,0.0,1.0,0.0,0.0,1.0,0.0,1.0,0.0,0.0,0.0,0.0,0.0,7.0,9.0,0.0,4458866.0,5406082.0,4508630.5,5304426.0,4460998.5,5401263.0,6.7973076171875,9.844200642903646,27.946988333333334,166.66666666666666,166.66666666666666,170.0,324.0,222.0,4851.0,346.0,558.0,634.0,2.0
0.0,1.0,1.0,0.0,0.0,0.0,1.0,0.0,1.0,0.0,0.0,0.0,0.0,0.0,4.0,9.0,2.0,4455712.0,5403303.5,4455610.5,5328119.5,4457660.5,5405507.5,11.0089150390625,11.683196004231773,33.536856666666665,166.66666666666666,166.66666666666666,327.0,211.0,178.0,2980.0,144.0,1003.0,1013.0,1.0
0.0,1.0,1.0,0.0,0.0,0.0,1.0,0.0,1.0,0.0,0.0,0.0,0.0,0.0,4.0,9.0,2.0,4455712.0,5403303.5,4455610.5,5328119.5,4457660.5,5405507.5,12.9473095703125,14.563720703125,47.684225,166.66666666666666,166.66666666666666,327.0,195.0,178.0,2980.0,144.0,794.0,831.0,1.0
0.0,1.0,1.0,0.0,0.0,0.0,1.0,0.0,1.0,0.0,0.0,0.0,0.0,0.0,4.0,9.0,2.0,4455712.0,5403303.5,4455610.5,5328119.5,4457660.5,5405507.5,8.330387695312501,8.816071573893229,187.65358333333333,166.66666666666666,166.66666666666666,327.0,292.0,178.0,2980.0,144.0,614.0,767.0,0.0
0.0,1.0,0.0,1.0,1.0,0.0,0.0,0.0,1.0,0.0,0.0,0.0,0.0,0.0,2.0,9.0,1.0,4459214.5,5404651.0,4452581.0,5317990.0,4457778.5,5405671.5,5.4002880859375,7.242684427897135,0.09909064,166.66666666666666,166.66666666666666,145.0,148.0,223.0,3168.0,144.0,1302.0,1377.0,5.0
0.0,1.0,0.0,1.0,0.0,0.0,1.0,0.0,1.0,0.0,0.0,0.0,0.0,0.0,5.0,9.0,1.0,4456088.0,5400407.5,4440451.5,5326657.0,4461512.0,5401904.5,7.0729892578125,9.718787638346354,58.28928666666666,166.66666666666666,166.66666666666666,326.0,188.0,298.0,2442.0,253.0,1026.0,2.0,5.0
0.0,1.0,1.0,0.0,1.0,0.0,0.0,0.0,1.0,0.0,0.0,0.0,0.0,0.0,1.0,9.0,0.0,4456775.5,5405006.0,4502990.5,5358826.5,4458812.0,5402111.5,15.2594599609375,18.280330403645834,57.967355,166.66666666666666,166.66666666666666,97.0,312.0,142.0,2284.0,213.0,1316.0,1338.0,4.0
0.0,1.0,1.0,0.0,0.0,0.0,1.0,0.0,1.0,0.0,0.0,0.0,0.0,0.0,2.0,0.0,1.0,4456266.5,5404228.0,4466869.5,5346357.5,4459473.0,5404203.0,15.462865234375,11.903712972005208,46.57450833333333,166.66666666666666,166.66666666666666,219.0,333.0,171.0,1708.0,226.0,866.0,991.0,4.0
0.0,1.0,0.0,1.0,0.0,0.0,1.0,0.0,1.0,0.0,0.0,0.0,0.0,0.0,5.0,9.0,1.0,4456802.5,5397278.0,4444849.5,5338097.0,4455976.5,5398594.5,5.0356845703125,6.740477498372396,25.642143333333333,166.66666666666666,166.66666666666666,166.0,247.0,334.0,1294.0,321.0,1027.0,1084.0,1.0
0.0,1.0,0.0,1.0,1.0,0.0,0.0,0.0,1.0,0.0,0.0,0.0,0.0,0.0,3.0,9.0,0.0,4458786.5,5403899.5,4453793.5,5333154.5,4454103.0,5404880.5,1.679046630859375,2.9183331807454427,2.328231666666667,166.66666666666666,166.66666666666666,170.0,173.0,197.0,2649.0,164.0,621.0,706.0,1.0
0.0,1.0,0.0,1.0,1.0,0.0,0.0,0.0,1.0,0.0,0.0,0.0,0.0,0.0,3.0,9.0,0.0,4458786.5,5403899.5,4453793.5,5333154.5,4454103.0,5404880.5,3.101764892578125,4.56612803141276,5.773690833333333,166.66666666666666,166.66666666666666,170.0,154.0,197.0,2649.0,164.0,1035.0,43.0,1.0
0.0,1.0,1.0,0.0,1.0,0.0,0.0,0.0,1.0,0.0,0.0,0.0,0.0,0.0,4.0,9.0,0.0,4456479.0,5404189.0,4440268.5,5352219.0,4457452.0,5405038.5,9.380919921875,12.929509480794271,34.859095,166.66666666666666,166.66666666666666,147.0,345.0,174.0,1233.0,144.0,673.0,690.0,2.0
0.0,1.0,1.0,0.0,1.0,0.0,0.0,0.0,1.0,0.0,0.0,0.0,0.0,0.0,4.0,9.0,0.0,4456479.0,5404189.0,4440268.5,5352219.0,4457452.0,5405038.5,7.32181201171875,9.99012654622396,11.524675,166.66666666666666,166.66666666666666,147.0,222.0,174.0,1233.0,144.0,854.0,978.0,4.0
0.0,1.0,1.0,0.0,0.0,0.0,1.0,0.0,1.0,0.0,0.0,0.0,0.0,0.0,2.0,7.0,2.0,4456783.0,5403025.5,4466298.0,5339994.5,4458600.0,5404749.0,5.40743505859375,7.279717000325521,20.125681666666665,166.66666666666666,166.66666666666666,253.0,189.0,201.0,1807.0,189.0,869.0,1101.0,5.0
0.0,1.0,1.0,0.0,0.0,0.0,1.0,0.0,1.0,0.0,0.0,0.0,0.0,0.0,2.0,9.0,1.0,4456026.5,5408833.5,4444491.5,5338338.0,4457712.0,5402474.5,3.689405029296875,5.346800231933594,37.16436333333333,166.66666666666666,166.66666666666666,300.0,349.0,134.0,1292.0,209.0,1061.0,1213.0,1.0
0.0,1.0,1.0,0.0,0.0,0.0,1.0,0.0,1.0,0.0,0.0,0.0,0.0,0.0,2.0,9.0,1.0,4456026.5,5408833.5,4444491.5,5338338.0,4457712.0,5402474.5,2.0252706298828125,3.093853251139323,3.022803,166.66666666666666,166.66666666666666,300.0,319.0,134.0,1292.0,209.0,1213.0,1305.0,1.0
0.0,1.0,1.0,0.0,0.0,0.0,1.0,0.0,1.0,0.0,0.0,0.0,0.0,0.0,2.0,6.0,2.0,4457720.0,5403357.5,4469319.0,5337597.0,4457558.0,5404947.0,0.7892381591796875,1.0516309102376302,4.234447,166.66666666666666,166.66666666666666,173.0,186.0,195.0,3372.0,144.0,1035.0,1089.0,1.0
0.0,1.0,1.0,0.0,0.0,0.0,1.0,0.0,1.0,0.0,0.0,0.0,0.0,0.0,2.0,6.0,2.0,4457720.0,5403357.5,4469319.0,5337597.0,4457558.0,5404947.0,20.36752734375,21.040277099609376,92.98081666666668,166.66666666666666,166.66666666666666,173.0,273.0,195.0,3372.0,144.0,952.0,983.0,0.0
0.0,1.0,1.0,0.0,0.0,0.0,1.0,0.0,1.0,0.0,0.0,0.0,0.0,0.0,1.0,2.0,0.0,4459766.0,5402610.5,4519766.0,5378632.0,4455976.5,5398594.5,3.083915283203125,4.417233784993489,18.04289333333333,166.66666666666666,166.66666666666666,154.0,172.0,244.0,2222.0,321.0,591.0,613.0,1.0
1.0,0.0,0.0,1.0,0.0,0.0,1.0,0.0,1.0,0.0,0.0,0.0,0.0,0.0,0.0,0.0,0.0,4456221.5,5403641.5,4455671.0,5302219.5,4457452.0,5405038.5,2.47394873046875,3.830513763427734,13.141208333333331,166.66666666666666,166.66666666666666,164.0,178.0,179.0,4546.0,144.0,1194.0,1248.0,0.0
0.0,1.0,0.0,1.0,0.0,0.0,1.0,0.0,1.0,0.0,0.0,0.0,0.0,0.0,6.0,9.0,0.0,4459754.5,5404804.5,4473132.5,5327689.0,4457659.0,5405216.0,11.73535546875,18.045658365885416,43.75283666666667,166.66666666666666,166.66666666666666,102.0,244.0,227.0,4190.0,144.0,766.0,817.0,1.0
0.0,1.0,0.0,1.0,0.0,0.0,1.0,0.0,1.0,0.0,0.0,0.0,0.0,0.0,6.0,9.0,0.0,4459754.5,5404804.5,4473132.5,5327689.0,4457659.0,5405216.0,11.370271484375,17.451798502604166,38.48154666666667,166.66666666666666,166.66666666666666,102.0,236.0,227.0,4190.0,144.0,890.0,1360.0,5.0
0.0,1.0,1.0,0.0,0.0,0.0,1.0,0.0,1.0,0.0,0.0,0.0,0.0,0.0,5.0,4.0,1.0,4452198.0,5401729.0,4490745.0,5321538.5,4461512.0,5401904.5,10.475005859375,16.36396179199219,25.17761833333333,166.66666666666666,166.66666666666666,102.0,225.0,103.0,4679.0,253.0,1085.0,54.0,0.0
0.0,1.0,0.0,1.0,0.0,0.0,1.0,0.0,1.0,0.0,0.0,0.0,0.0,0.0,4.0,9.0,1.0,4461432.5,5400465.0,4484283.5,5328808.5,4463366.0,5403002.0,7.810955078125001,10.01731669108073,30.210038333333333,166.66666666666666,166.66666666666666,241.0,150.0,348.0,4390.0,348.0,1152.0,1181.0,1.0
1.0,0.0,1.0,0.0,0.0,0.0,1.0,0.0,1.0,0.0,0.0,0.0,0.0,0.0,6.0,4.0,1.0,4456441.0,5407365.5,4417544.0,5358405.5,4460703.0,5401245.0,2.54106591796875,3.509737141927084,11.24392,166.66666666666666,166.66666666666666,187.0,235.0,137.0,831.0,346.0,730.0,752.0,5.0
1.0,0.0,0.0,1.0,0.0,0.0,1.0,0.0,1.0,0.0,0.0,0.0,0.0,0.0,5.0,9.0,1.0,4457561.5,5403169.5,4418141.0,5363857.0,4458196.5,5401941.5,7.54669580078125,9.047804768880209,34.3646,166.66666666666666,166.66666666666666,223.0,158.0,204.0,516.0,212.0,694.0,829.0,5.0
0.0,1.0,0.0,1.0,0.0,0.0,1.0,0.0,1.0,0.0,0.0,0.0,0.0,0.0,1.0,9.0,1.0,4457942.0,5401553.5,4418793.5,5358400.5,4454737.5,5404188.5,3.95983935546875,5.249474080403646,40.903463333333335,166.66666666666666,166.66666666666666,223.0,201.0,304.0,836.0,147.0,1239.0,133.0,5.0
0.0,1.0,0.0,1.0,0.0,0.0,1.0,0.0,1.0,0.0,0.0,0.0,0.0,0.0,6.0,9.0,0.0,4458968.5,5404707.0,4436277.5,5369449.0,4456313.5,5403634.5,2.0252706298828125,3.093853251139323,11.415785666666666,166.66666666666666,166.66666666666666,319.0,300.0,223.0,541.0,179.0,933.0,1275.0,5.0
0.0,1.0,0.0,1.0,0.0,0.0,1.0,0.0,1.0,0.0,0.0,0.0,0.0,0.0,6.0,9.0,0.0,4458968.5,5404707.0,4436277.5,5369449.0,4456313.5,5403634.5,3.81416015625,5.30433858235677,9.117803333333336,166.66666666666666,166.66666666666666,319.0,318.0,223.0,541.0,179.0,972.0,1218.0,1.0
1.0,0.0,1.0,0.0,0.0,0.0,1.0,0.0,1.0,0.0,0.0,0.0,0.0,0.0,7.0,9.0,2.0,4455895.0,5399731.5,4403060.0,5356603.0,4461623.5,5401056.0,8.400798828125,10.509943644205729,35.06688333333333,166.66666666666666,166.66666666666666,243.0,332.0,319.0,571.0,347.0,654.0,1225.0,2.0
1.0,0.0,1.0,0.0,0.0,0.0,1.0,0.0,1.0,0.0,0.0,0.0,0.0,0.0,7.0,9.0,2.0,4455895.0,5399731.5,4403060.0,5356603.0,4461623.5,5401056.0,3.037790283203125,4.311050415039063,17.322591666666664,18.067046666666663,166.66666666666666,243.0,315.0,319.0,571.0,347.0,760.0,1016.0,2.0
1.0,0.0,1.0,0.0,0.0,0.0,1.0,0.0,1.0,0.0,0.0,0.0,0.0,0.0,7.0,9.0,2.0,4455895.0,5399731.5,4403060.0,5356603.0,4461623.5,5401056.0,2.720499267578125,3.776009114583333,23.909676666666662,166.66666666666666,166.66666666666666,243.0,342.0,319.0,571.0,347.0,1060.0,1355.0,5.0
0.0,1.0,0.0,1.0,0.0,0.0,1.0,0.0,1.0,0.0,0.0,0.0,0.0,0.0,6.0,9.0,1.0,4457296.0,5404011.0,4399925.0,5354113.5,4459222.0,5399478.0,2.8026123046875,3.70743153889974,4.3723455,166.66666666666666,166.66666666666666,318.0,297.0,192.0,567.0,349.0,535.0,1070.0,2.0
0.0,1.0,1.0,0.0,0.0,0.0,1.0,0.0,1.0,0.0,0.0,0.0,0.0,0.0,2.0,9.0,0.0,4458253.0,5401234.5,4476003.0,5343156.5,4458521.5,5404684.0,5.0102568359375,6.83379160563151,20.636596666666662,166.66666666666666,166.66666666666666,315.0,174.0,309.0,1962.0,188.0,715.0,738.0,0.0
0.0,1.0,1.0,0.0,0.0,0.0,1.0,0.0,1.0,0.0,0.0,0.0,0.0,0.0,2.0,9.0,0.0,4458253.0,5401234.5,4476003.0,5343156.5,4458521.5,5404684.0,3.95053369140625,5.3534291585286455,18.91501333333333,166.66666666666666,166.66666666666666,315.0,182.0,309.0,1962.0,188.0,1058.0,1096.0,5.0
1.0,0.0,0.0,1.0,0.0,0.0,1.0,0.0,1.0,0.0,0.0,0.0,0.0,0.0,0.0,0.0,1.0,4459651.0,5399846.5,4474903.0,5325484.5,4458639.5,5400219.5,11.3914609375,12.141806030273438,14.747181666666668,166.66666666666666,166.66666666666666,315.0,368.0,350.0,4297.0,318.0,940.0,941.0,1.0
1.0,0.0,0.0,1.0,0.0,1.0,0.0,0.0,1.0,0.0,0.0,0.0,0.0,0.0,0.0,2.0,0.0,4456642.5,5400171.0,4461026.5,5393813.0,4458895.0,5401307.5,6.079251953125,10.950606282552084,8.461395833333333,166.66666666666666,166.66666666666666,102.0,154.0,301.0,367.0,339.0,478.0,654.0,0.0
0.0,1.0,1.0,0.0,1.0,0.0,0.0,0.0,1.0,0.0,0.0,0.0,0.0,0.0,3.0,7.0,0.0,4457521.5,5401366.5,4463589.5,5376797.0,4460075.0,5404522.5,3.64198193359375,5.226698303222657,4.85383,166.66666666666666,166.66666666666666,164.0,180.0,303.0,1129.0,228.0,606.0,657.0,1.0
0.0,1.0,1.0,0.0,1.0,0.0,0.0,0.0,1.0,0.0,0.0,0.0,0.0,0.0,1.0,9.0,0.0,4454208.0,5404434.5,4459990.5,5373464.5,4458875.5,5400964.5,3.480785888671875,4.48856455485026,6.585701666666667,166.66666666666666,166.66666666666666,164.0,142.0,146.0,1147.0,339.0,624.0,642.0,5.0
0.0,1.0,1.0,0.0,0.0,0.0,1.0,0.0,1.0,0.0,0.0,0.0,0.0,0.0,7.0,9.0,1.0,4459609.0,5403893.5,4530112.5,5305726.5,4456873.0,5401342.0,5.84985107421875,7.777983601888021,17.244471666666666,166.66666666666666,166.66666666666666,244.0,142.0,232.0,4915.0,297.0,1186.0,1328.0,5.0
0.0,1.0,1.0,0.0,0.0,0.0,1.0,0.0,1.0,0.0,0.0,0.0,0.0,0.0,7.0,9.0,1.0,4459609.0,5403893.5,4530112.5,5305726.5,4456873.0,5401342.0,1.8282061767578128,2.6628875732421875,0.92564895,166.66666666666666,166.66666666666666,244.0,211.0,232.0,4915.0,297.0,731.0,976.0,5.0
0.0,1.0,1.0,0.0,0.0,0.0,1.0,0.0,1.0,0.0,0.0,0.0,0.0,0.0,4.0,9.0,0.0,4458607.0,5401985.0,4518189.5,5322501.0,4457733.5,5405147.5,6.98279248046875,8.430439758300782,8.803668333333333,166.66666666666666,166.66666666666666,156.0,97.0,213.0,4721.0,144.0,1118.0,1193.0,4.0
0.0,1.0,1.0,0.0,0.0,0.0,1.0,0.0,1.0,0.0,0.0,0.0,0.0,0.0,4.0,9.0,0.0,4458607.0,5401985.0,4518189.5,5322501.0,4457733.5,5405147.5,3.700609619140625,4.294364929199219,166.66666666666666,166.66666666666666,166.66666666666666,156.0,149.0,213.0,4721.0,144.0,1028.0,16.0,1.0
0.0,1.0,1.0,0.0,0.0,0.0,1.0,0.0,1.0,0.0,0.0,0.0,0.0,0.0,4.0,9.0,0.0,4458607.0,5401985.0,4518189.5,5322501.0,4457733.5,5405147.5,11.6334482421875,14.151345825195312,45.05329666666667,166.66666666666666,166.66666666666666,156.0,345.0,213.0,4721.0,144.0,651.0,712.0,1.0
0.0,1.0,0.0,1.0,1.0,0.0,0.0,0.0,1.0,0.0,0.0,0.0,0.0,0.0,4.0,9.0,1.0,4455859.5,5396914.0,4515931.0,5329612.0,4459581.0,5404390.5,2.612271240234375,3.969622548421224,10.027066,166.66666666666666,166.66666666666666,245.0,207.0,331.0,4675.0,226.0,880.0,1046.0,5.0
0.0,1.0,1.0,0.0,0.0,0.0,1.0,0.0,1.0,0.0,0.0,0.0,0.0,0.0,2.0,0.0,1.0,4457106.5,5404386.0,4416614.0,5358792.5,4461512.0,5401904.5,22.697138671875,24.93023681640625,109.98081666666668,89.98081666666667,166.66666666666666,245.0,273.0,175.0,767.0,253.0,1185.0,313.0,0.0
0.0,1.0,1.0,0.0,0.0,0.0,1.0,0.0,1.0,0.0,0.0,0.0,0.0,0.0,3.0,7.0,2.0,4451928.5,5402085.0,4402610.5,5381422.0,4452877.0,5404303.5,3.190720458984375,4.978776041666666,16.238721666666667,166.66666666666666,166.66666666666666,198.0,176.0,102.0,429.0,164.0,1116.0,356.0,5.0
0.0,1.0,0.0,1.0,1.0,0.0,0.0,0.0,1.0,0.0,0.0,0.0,0.0,0.0,3.0,9.0,1.0,4456876.0,5398994.0,4412465.5,5361345.0,4460850.5,5401254.0,26.293470703125,17.798805745442706,430.41066666666666,166.66666666666666,166.66666666666666,241.0,1110.0,322.0,584.0,346.0,1168.0,1403.0,1.0
0.0,1.0,0.0,1.0,0.0,0.0,1.0,0.0,1.0,0.0,0.0,0.0,0.0,0.0,6.0,9.0,1.0,4458558.5,5403344.0,4471441.0,5330952.0,4456973.5,5408747.5,5.239927734375,6.066282653808594,26.421211666666665,166.66666666666666,166.66666666666666,236.0,343.0,199.0,4077.0,134.0,912.0,1256.0,5.0
0.0,1.0,1.0,0.0,0.0,1.0,0.0,0.0,1.0,0.0,0.0,0.0,0.0,0.0,2.0,0.0,1.0,4455831.5,5399649.0,4413591.0,5348561.0,4457296.0,5405048.0,0.8888152465820313,1.600561014811198,10.127011166666668,166.66666666666666,166.66666666666666,306.0,310.0,319.0,620.0,144.0,1223.0,1384.0,5.0
0.0,1.0,0.0,1.0,1.0,0.0,0.0,0.0,1.0,0.0,0.0,0.0,0.0,0.0,1.0,4.0,2.0,4456235.0,5407707.5,4412816.0,5368892.0,4461570.0,5401891.0,6.26176806640625,8.374129740397136,26.4,166.66666666666666,166.66666666666666,312.0,154.0,135.0,491.0,253.0,759.0,849.0,1.0
0.0,1.0,0.0,1.0,1.0,0.0,0.0,0.0,1.0,0.0,0.0,0.0,0.0,0.0,1.0,9.0,1.0,4459007.5,5402326.0,4466124.5,5334942.0,4452877.0,5404303.5,5.46726220703125,7.732699584960938,19.232605,166.66666666666666,166.66666666666666,344.0,194.0,245.0,3300.0,164.0,1421.0,45.0,1.0
0.0,1.0,0.0,1.0,1.0,0.0,0.0,0.0,1.0,0.0,0.0,0.0,0.0,0.0,4.0,9.0,1.0,4461002.5,5400458.0,4467137.5,5341433.0,4461580.5,5401514.0,4.50181005859375,6.033807373046875,17.513066666666667,166.66666666666666,166.66666666666666,142.0,212.0,350.0,1765.0,347.0,615.0,1171.0,5.0
1.0,0.0,0.0,1.0,1.0,0.0,0.0,0.0,1.0,0.0,0.0,0.0,0.0,0.0,0.0,7.0,1.0,4450749.0,5404476.0,4443350.5,5376516.5,4455879.0,5404410.0,2.574814697265625,3.6116007486979167,10.698051,166.66666666666666,166.66666666666666,142.0,194.0,98.0,1140.0,167.0,1059.0,1134.0,1.0
1.0,0.0,0.0,1.0,1.0,0.0,0.0,0.0,1.0,0.0,0.0,0.0,0.0,0.0,0.0,7.0,1.0,4450749.0,5404476.0,4443350.5,5376516.5,4455879.0,5404410.0,3.480785888671875,4.48856455485026,7.080150833333334,166.66666666666666,166.66666666666666,142.0,164.0,98.0,1140.0,167.0,859.0,951.0,1.0
0.0,1.0,1.0,0.0,0.0,0.0,1.0,0.0,1.0,0.0,0.0,0.0,0.0,0.0,2.0,9.0,1.0,4457839.5,5398163.5,4465625.0,5333147.0,4457070.5,5405721.5,11.607111328125,16.4843505859375,42.37468666666667,166.66666666666666,166.66666666666666,147.0,331.0,336.0,3479.0,140.0,878.0,1046.0,1.0
0.0,1.0,0.0,1.0,0.0,0.0,1.0,0.0,1.0,0.0,0.0,0.0,0.0,0.0,1.0,0.0,0.0,4462049.0,5403976.5,4511078.0,5378313.5,4458215.0,5404919.0,3.84397900390625,4.792387898763021,22.87973333333333,166.66666666666666,166.66666666666666,223.0,212.0,242.0,2139.0,145.0,612.0,664.0,1.0
1.0,0.0,1.0,0.0,0.0,0.0,1.0,0.0,1.0,0.0,0.0,0.0,0.0,0.0,3.0,9.0,0.0,4456891.0,5404886.5,4462210.0,5337703.0,4461490.5,5401836.0,2.274252197265625,2.952221171061198,2.816009833333333,166.66666666666666,166.66666666666666,197.0,204.0,173.0,1523.0,253.0,555.0,722.0,2.0
1.0,0.0,0.0,1.0,0.0,1.0,0.0,0.0,1.0,0.0,0.0,0.0,0.0,0.0,0.0,0.0,3.0,4460191.0,5405685.0,4503569.0,5322148.0,4457452.0,5405038.5,9.2158955078125,13.380961100260416,22.560865,166.66666666666666,166.66666666666666,194.0,110.0,219.0,4711.0,144.0,841.0,1146.0,1.0
1.0,0.0,0.0,1.0,0.0,0.0,1.0,0.0,1.0,0.0,0.0,0.0,0.0,0.0,0.0,0.0,2.0,4460041.5,5400947.0,4493113.5,5349620.5,4457785.5,5405223.0,4.7959677734375,6.292792765299479,10.66919,10.655319166666668,166.66666666666666,194.0,315.0,340.0,2337.0,144.0,1052.0,1218.0,4.0
0.0,1.0,1.0,0.0,0.0,0.0,1.0,0.0,1.0,0.0,0.0,0.0,0.0,0.0,2.0,9.0,0.0,4454710.5,5404054.0,4453626.5,5339662.0,4454886.0,5404040.5,5.1710708007812505,6.95,12.148328333333334,166.66666666666666,166.66666666666666,161.0,297.0,149.0,1395.0,152.0,1176.0,204.0,1.0
0.0,1.0,1.0,0.0,0.0,0.0,1.0,0.0,1.0,0.0,0.0,0.0,0.0,0.0,2.0,9.0,0.0,4454710.5,5404054.0,4453626.5,5339662.0,4454886.0,5404040.5,2.006653076171875,2.702107493082682,22.473178333333333,166.66666666666666,166.66666666666666,161.0,204.0,149.0,1395.0,152.0,788.0,1054.0,5.0
0.0,1.0,1.0,0.0,0.0,0.0,1.0,0.0,1.0,0.0,0.0,0.0,0.0,0.0,2.0,9.0,0.0,4454710.5,5404054.0,4453626.5,5339662.0,4454886.0,5404040.5,1.388042236328125,2.445287831624349,31.92037333333333,166.66666666666666,166.66666666666666,161.0,177.0,149.0,1395.0,152.0,836.0,895.0,5.0
0.0,1.0,1.0,0.0,0.0,0.0,1.0,0.0,1.0,0.0,0.0,0.0,0.0,0.0,2.0,9.0,0.0,4454710.5,5404054.0,4453626.5,5339662.0,4454886.0,5404040.5,3.399726806640625,4.4,28.186531666666667,166.66666666666666,166.66666666666666,161.0,210.0,149.0,1395.0,152.0,1076.0,1085.0,5.0
1.0,0.0,1.0,0.0,0.0,0.0,1.0,0.0,1.0,0.0,0.0,0.0,0.0,0.0,0.0,0.0,1.0,4459086.0,5402287.0,4468229.5,5332457.5,4457660.5,5405507.5,4.5102509765625,6.116666666666666,13.9930175,166.66666666666666,166.66666666666666,161.0,303.0,245.0,3571.0,144.0,1077.0,1099.0,5.0
0.0,1.0,0.0,1.0,0.0,0.0,1.0,0.0,1.0,0.0,0.0,0.0,0.0,0.0,4.0,9.0,0.0,4459896.5,5403896.0,4459817.5,5334779.0,4461374.5,5401232.5,6.94128125,8.257797241210938,48.34109333333333,166.66666666666666,166.66666666666666,208.0,115.0,235.0,2739.0,347.0,600.0,813.0,4.0
0.0,1.0,1.0,0.0,0.0,0.0,1.0,0.0,1.0,0.0,0.0,0.0,0.0,0.0,5.0,8.0,0.0,4455492.5,5403641.5,4537355.0,5388171.0,4458724.0,5403978.5,4.79120849609375,6.566666666666666,20.678251666666664,166.66666666666666,166.66666666666666,208.0,349.0,155.0,2247.0,197.0,826.0,871.0,5.0
0.0,1.0,0.0,1.0,0.0,0.0,1.0,0.0,1.0,0.0,0.0,0.0,0.0,0.0,5.0,9.0,0.0,4457670.5,5402909.0,4468968.5,5348940.5,4463475.5,5402807.5,3.361928466796875,5.177866617838542,15.813044166666666,166.66666666666666,166.66666666666666,184.0,205.0,205.0,1690.0,348.0,936.0,959.0,1.0
0.0,1.0,1.0,0.0,0.0,0.0,1.0,0.0,1.0,0.0,0.0,0.0,0.0,0.0,1.0,5.0,0.0,4459170.0,5400115.0,4486323.0,5396811.5,4455828.0,5405076.0,1.204975830078125,1.8307027180989583,2.7282593333333334,166.66666666666666,166.66666666666666,232.0,224.0,343.0,2032.0,165.0,517.0,721.0,1.0
0.0,1.0,0.0,1.0,1.0,0.0,0.0,0.0,1.0,0.0,0.0,0.0,0.0,0.0,2.0,9.0,0.0,4457070.5,5404885.5,4417048.0,5349450.0,4463475.5,5402807.5,3.37543408203125,4.9993647257486975,9.97984,166.66666666666666,166.66666666666666,317.0,205.0,173.0,1035.0,348.0,1233.0,1352.0,5.0
0.0,1.0,0.0,1.0,1.0,0.0,0.0,0.0,1.0,0.0,0.0,0.0,0.0,0.0,4.0,9.0,0.0,4461865.0,5403487.0,4399321.0,5377745.5,4458064.0,5405052.5,1.750933837890625,2.372888437906901,0.8477212333333333,166.66666666666666,166.66666666666666,189.0,186.0,242.0,423.0,145.0,858.0,942.0,5.0
0.0,1.0,1.0,0.0,0.0,0.0,1.0,0.0,1.0,0.0,0.0,0.0,0.0,0.0,4.0,0.0,1.0,4452647.5,5402335.0,4477010.0,5425824.0,4461117.5,5400920.0,12.4557431640625,9.991624959309895,28.483795,166.66666666666666,166.66666666666666,189.0,351.0,158.0,81.0,346.0,500.0,532.0,0.0
1.0,0.0,0.0,1.0,0.0,1.0,0.0,0.0,1.0,0.0,0.0,0.0,0.0,0.0,0.0,0.0,3.0,4459116.5,5400415.0,4521931.5,5396937.5,4454710.0,5404075.5,2.111576904296875,3.108215077718099,8.605073333333333,166.66666666666666,166.66666666666666,189.0,184.0,343.0,2043.0,149.0,1235.0,1349.0,1.0
0.0,1.0,1.0,0.0,1.0,0.0,0.0,0.0,1.0,0.0,0.0,0.0,0.0,0.0,2.0,7.0,1.0,4456182.5,5397267.5,4402642.0,5362718.5,4461512.0,5401904.5,24.016396484375,21.8878885904948,377.0072666666667,377.0072666666667,166.66666666666666,176.0,406.0,331.0,573.0,253.0,1066.0,1087.0,0.0
0.0,1.0,0.0,1.0,0.0,0.0,1.0,0.0,1.0,0.0,0.0,0.0,0.0,0.0,5.0,0.0,1.0,4461186.5,5403943.5,4415388.5,5372996.5,4461623.5,5401056.0,26.66737109375,25.344783528645834,46.707258333333336,166.66666666666666,166.66666666666666,326.0,285.0,241.0,488.0,347.0,519.0,821.0,1.0
0.0,1.0,0.0,1.0,0.0,1.0,0.0,0.0,1.0,0.0,0.0,0.0,0.0,0.0,1.0,9.0,2.0,4459850.5,5405008.0,4513061.5,5335728.0,4459765.5,5404551.0,24.245388671875,26.890311686197915,52.93734499999999,166.66666666666666,166.66666666666666,240.0,96.0,220.0,4664.0,227.0,782.0,1007.0,1.0
0.0,1.0,0.0,1.0,1.0,0.0,0.0,0.0,1.0,0.0,0.0,0.0,0.0,0.0,2.0,9.0,1.0,4458431.5,5402585.5,4464425.5,5324136.5,4458347.0,5401843.0,4.5387939453125,5.959007771809896,25.792576666666665,166.66666666666666,166.66666666666666,221.0,254.0,208.0,3180.0,212.0,1200.0,1322.0,1.0
1.0,0.0,0.0,1.0,0.0,1.0,0.0,0.0,1.0,0.0,0.0,0.0,0.0,0.0,0.0,0.0,0.0,4456804.0,5404215.5,4512151.5,5324223.0,4457026.5,5405407.5,5.7004892578125,6.327778116861979,31.86749333333333,28.645241666666667,166.66666666666666,221.0,308.0,174.0,4697.0,141.0,932.0,1031.0,4.0
0.0,1.0,0.0,1.0,0.0,0.0,1.0,0.0,1.0,0.0,0.0,0.0,0.0,0.0,3.0,4.0,2.0,4458162.0,5398272.5,4472027.0,5333800.5,4460945.0,5401039.0,6.2152099609375,9.509764607747396,36.00656333333333,166.66666666666666,166.66666666666666,304.0,147.0,338.0,3800.0,346.0,628.0,763.0,1.0
0.0,1.0,0.0,1.0,0.0,0.0,1.0,0.0,1.0,0.0,0.0,0.0,0.0,0.0,3.0,4.0,2.0,4458162.0,5398272.5,4472027.0,5333800.5,4460945.0,5401039.0,4.41806494140625,6.470415751139323,27.784465,27.59995333333333,166.66666666666666,304.0,174.0,338.0,3800.0,346.0,1190.0,1195.0,1.0
0.0,1.0,1.0,0.0,0.0,0.0,1.0,0.0,1.0,0.0,0.0,0.0,0.0,0.0,2.0,9.0,1.0,4458940.0,5401076.0,4456047.0,5298977.5,4455976.5,5398594.5,2.152783447265625,2.3666666666666667,17.453595,14.120442666666666,166.66666666666666,222.0,139.0,339.0,4546.0,321.0,516.0,680.0,5.0
0.0,1.0,0.0,1.0,0.0,0.0,1.0,0.0,1.0,0.0,0.0,0.0,0.0,0.0,5.0,9.0,1.0,4457456.5,5404118.0,4478742.0,5371458.5,4459407.0,5404502.0,9.4262783203125,11.416553751627603,44.00776666666666,166.66666666666666,166.66666666666666,342.0,101.0,186.0,1220.0,224.0,990.0,1236.0,4.0
1.0,0.0,1.0,0.0,0.0,0.0,1.0,0.0,1.0,0.0,0.0,0.0,0.0,0.0,5.0,0.0,1.0,4454470.0,5404704.5,4439818.5,5345211.5,4459836.5,5400104.5,5.90181787109375,7.93787841796875,27.856213333333333,27.133123333333334,166.66666666666666,342.0,184.0,147.0,1084.0,345.0,1176.0,1349.0,1.0
0.0,1.0,0.0,1.0,1.0,0.0,0.0,0.0,1.0,0.0,0.0,0.0,0.0,0.0,2.0,9.0,0.0,4458774.5,5404538.5,4437622.5,5332039.5,4454499.0,5404394.5,7.53773388671875,9.071728515625,25.87839333333333,166.66666666666666,166.66666666666666,158.0,231.0,189.0,2425.0,147.0,1186.0,1193.0,1.0
1.0,0.0,0.0,1.0,0.0,0.0,1.0,0.0,1.0,0.0,0.0,0.0,0.0,0.0,0.0,0.0,0.0,4456228.0,5400537.0,4420318.5,5331839.0,4456054.5,5403543.5,8.514826171875,10.610619099934896,49.270788333333336,166.66666666666666,166.66666666666666,158.0,297.0,298.0,2393.0,179.0,1076.0,1254.0,1.0
0.0,1.0,1.0,0.0,0.0,0.0,1.0,0.0,1.0,0.0,0.0,0.0,0.0,0.0,2.0,9.0,0.0,4459161.5,5402450.5,4412826.5,5363031.5,4457043.5,5405258.5,2.010196166992188,3.0167388916015625,9.994663333333332,166.66666666666666,166.66666666666666,187.0,168.0,245.0,578.0,143.0,1040.0,1087.0,1.0
0.0,1.0,1.0,0.0,0.0,0.0,1.0,0.0,1.0,0.0,0.0,0.0,0.0,0.0,2.0,9.0,0.0,4459161.5,5402450.5,4412826.5,5363031.5,4457043.5,5405258.5,7.584822265625,7.713074747721354,26.781265,166.66666666666666,166.66666666666666,187.0,255.0,245.0,578.0,143.0,1192.0,1296.0,5.0
1.0,0.0,1.0,0.0,0.0,1.0,0.0,0.0,1.0,0.0,0.0,0.0,0.0,0.0,0.0,0.0,2.0,4455713.0,5403180.5,4421945.0,5358256.0,4461512.0,5401904.5,3.067449951171875,4.059075419108073,16.01006,166.66666666666666,166.66666666666666,187.0,218.0,200.0,893.0,253.0,1110.0,1207.0,1.0
0.0,1.0,0.0,1.0,0.0,0.0,1.0,0.0,1.0,0.0,0.0,0.0,0.0,0.0,5.0,9.0,1.0,4451967.5,5402133.5,4417336.0,5361084.0,4461300.0,5401206.0,5.09932568359375,7.238424173990885,23.92501833333333,166.66666666666666,166.66666666666666,350.0,305.0,100.0,715.0,347.0,1137.0,1328.0,1.0
0.0,1.0,0.0,1.0,1.0,0.0,0.0,0.0,1.0,0.0,0.0,0.0,0.0,0.0,5.0,9.0,1.0,4460990.0,5403498.0,4419213.5,5359624.0,4457852.5,5405105.0,9.56690234375,11.740352376302084,34.3646,166.66666666666666,166.66666666666666,222.0,158.0,241.0,812.0,144.0,436.0,592.0,1.0
0.0,1.0,0.0,1.0,1.0,0.0,0.0,0.0,1.0,0.0,0.0,0.0,0.0,0.0,2.0,8.0,1.0,4456753.0,5408076.0,4419298.0,5352931.0,4456795.0,5405487.0,2.5513383789062503,3.549049886067708,3.6766741666666665,166.66666666666666,166.66666666666666,177.0,166.0,138.0,998.0,140.0,601.0,625.0,5.0
1.0,0.0,1.0,0.0,0.0,0.0,1.0,0.0,1.0,0.0,0.0,0.0,0.0,0.0,0.0,0.0,3.0,4456837.5,5404591.5,4418123.0,5360202.5,4452899.0,5404596.5,2.42272265625,3.806539154052736,11.921999166666666,166.66666666666666,166.66666666666666,177.0,204.0,172.0,724.0,164.0,1014.0,1181.0,1.0
1.0,0.0,1.0,0.0,0.0,0.0,1.0,0.0,1.0,0.0,0.0,0.0,0.0,0.0,7.0,7.0,1.0,4459998.0,5404841.0,4424292.0,5352355.0,4451111.5,5401735.5,4.53775732421875,5.9492238362630205,19.74817833333333,166.66666666666666,166.66666666666666,142.0,232.0,227.0,1020.0,102.0,436.0,584.0,5.0
1.0,0.0,1.0,0.0,0.0,0.0,1.0,0.0,1.0,0.0,0.0,0.0,0.0,0.0,7.0,7.0,1.0,4459998.0,5404841.0,4424292.0,5352355.0,4451111.5,5401735.5,1.909385498046875,2.304921213785807,166.66666666666666,166.66666666666666,166.66666666666666,142.0,171.0,227.0,1020.0,102.0,923.0,1047.0,1.0
0.0,1.0,1.0,0.0,0.0,0.0,1.0,0.0,1.0,0.0,0.0,0.0,0.0,0.0,2.0,9.0,0.0,4457647.0,5402601.5,4414230.5,5357645.0,4459663.5,5404151.5,3.85976318359375,5.407341512044271,10.28947,166.66666666666666,166.66666666666666,212.0,319.0,206.0,924.0,229.0,1297.0,1372.0,1.0
1.0,0.0,1.0,0.0,0.0,0.0,1.0,0.0,1.0,0.0,0.0,0.0,0.0,0.0,0.0,0.0,1.0,4457526.5,5400628.5,4457272.5,5329781.0,4455976.5,5398594.5,4.01626611328125,5.646531677246093,16.59673666666667,166.66666666666666,166.66666666666666,212.0,172.0,311.0,2973.0,321.0,507.0,907.0,5.0
1.0,0.0,1.0,0.0,0.0,0.0,1.0,0.0,1.0,0.0,0.0,0.0,0.0,0.0,0.0,0.0,1.0,4459710.0,5401109.5,4483929.5,5348911.0,4456873.0,5401342.0,6.14936767578125,8.514037577311198,28.492576666666665,166.66666666666666,166.66666666666666,212.0,254.0,340.0,1669.0,297.0,747.0,775.0,1.0
0.0,1.0,1.0,0.0,1.0,0.0,0.0,0.0,1.0,0.0,0.0,0.0,0.0,0.0,3.0,9.0,1.0,4456525.5,5404487.5,4490009.0,5316480.5,4458063.5,5402470.0,4.170947265625,5.44600118001302,20.264675,166.66666666666666,166.66666666666666,174.0,218.0,174.0,4478.0,210.0,1216.0,33.0,4.0
0.0,1.0,1.0,0.0,1.0,0.0,0.0,0.0,1.0,0.0,0.0,0.0,0.0,0.0,3.0,9.0,1.0,4456525.5,5404487.5,4490009.0,5316480.5,4458063.5,5402470.0,4.2394794921875,6.226263427734375,14.25717,166.66666666666666,166.66666666666666,174.0,307.0,174.0,4478.0,210.0,557.0,707.0,4.0
1.0,0.0,1.0,0.0,0.0,1.0,0.0,0.0,1.0,0.0,0.0,0.0,0.0,0.0,0.0,0.0,0.0,4459493.0,5403796.0,4497975.5,5323508.5,4457372.5,5404651.0,5.6223896484375,7.9954686482747395,20.750085,20.523856666666667,166.66666666666666,174.0,340.0,232.0,4658.0,184.0,879.0,1089.0,5.0
0.0,1.0,0.0,1.0,1.0,0.0,0.0,0.0,1.0,0.0,0.0,0.0,0.0,0.0,2.0,9.0,0.0,4457191.0,5400274.5,4500096.0,5335565.0,4458469.5,5400448.0,8.344568359375,11.289821370442708,41.66993,166.66666666666666,166.66666666666666,319.0,253.0,302.0,4637.0,318.0,723.0,816.0,1.0
0.0,1.0,0.0,1.0,1.0,0.0,0.0,0.0,1.0,0.0,0.0,0.0,0.0,0.0,2.0,9.0,0.0,4457191.0,5400274.5,4500096.0,5335565.0,4458469.5,5400448.0,3.609290771484375,5.264973958333333,11.066128333333332,166.66666666666666,166.66666666666666,319.0,307.0,302.0,4637.0,318.0,1110.0,1354.0,4.0
1.0,0.0,0.0,1.0,0.0,0.0,1.0,0.0,1.0,0.0,0.0,0.0,0.0,0.0,0.0,0.0,0.0,4458688.0,5405704.5,4484656.0,5333780.0,4458150.0,5404632.5,1.07033349609375,1.9334849039713544,12.061455,166.66666666666666,166.66666666666666,319.0,298.0,139.0,4336.0,188.0,1170.0,1361.0,5.0
0.0,1.0,1.0,0.0,0.0,1.0,0.0,0.0,1.0,0.0,0.0,0.0,0.0,0.0,1.0,9.0,1.0,4456457.5,5400282.5,4485643.5,5339847.5,4458636.5,5401516.0,15.154080078125,15.09627685546875,303.7734,166.66666666666666,166.66666666666666,154.0,363.0,301.0,2009.0,308.0,682.0,712.0,4.0
0.0,1.0,1.0,0.0,0.0,1.0,0.0,0.0,1.0,0.0,0.0,0.0,0.0,0.0,1.0,9.0,1.0,4456457.5,5400282.5,4485643.5,5339847.5,4458636.5,5401516.0,6.5415966796875,8.73154093424479,26.134925,166.66666666666666,166.66666666666666,154.0,218.0,301.0,2009.0,308.0,594.0,698.0,5.0
0.0,1.0,0.0,1.0,0.0,0.0,1.0,0.0,1.0,0.0,0.0,0.0,0.0,0.0,4.0,6.0,2.0,4447223.0,5403606.0,4474928.5,5417900.0,4452877.0,5404303.5,15.354259765625,11.771939086914063,40.624116666666666,166.66666666666666,166.66666666666666,334.0,237.0,97.0,84.0,164.0,1226.0,1337.0,1.0
0.0,1.0,0.0,1.0,0.0,0.0,1.0,0.0,1.0,0.0,0.0,0.0,0.0,0.0,1.0,6.0,1.0,4459306.0,5404489.5,4461228.0,5432592.0,4457598.0,5404485.5,5.935972167968751,7.459063720703125,53.24292833333333,166.66666666666666,166.66666666666666,334.0,162.0,226.0,43.0,186.0,1200.0,1439.0,5.0
0.0,1.0,1.0,0.0,0.0,0.0,1.0,0.0,1.0,0.0,0.0,0.0,0.0,0.0,1.0,6.0,0.0,4454854.0,5403532.5,4448395.5,5407629.0,4461146.5,5401335.5,6.23929150390625,6.444105529785156,48.14048666666667,166.66666666666666,166.66666666666666,334.0,354.0,154.0,91.0,346.0,928.0,1104.0,5.0
0.0,1.0,0.0,1.0,0.0,0.0,1.0,0.0,1.0,0.0,0.0,0.0,0.0,0.0,3.0,9.0,0.0,4457979.5,5400487.0,4432573.0,5416009.0,4458883.5,5403964.0,4.4939765625,6.77408192952474,29.151195,166.66666666666666,166.66666666666666,176.0,304.0,314.0,11.0,231.0,1071.0,1130.0,2.0
0.0,1.0,0.0,1.0,0.0,0.0,1.0,0.0,1.0,0.0,0.0,0.0,0.0,0.0,4.0,6.0,2.0,4457585.0,5403287.5,4449885.5,5409490.5,4456264.0,5397403.0,4.487421875,5.388836669921875,4.562423333333333,166.66666666666666,166.66666666666666,156.0,155.0,204.0,92.0,331.0,1044.0,83.0,0.0
0.0,1.0,1.0,0.0,1.0,0.0,0.0,0.0,1.0,0.0,0.0,0.0,0.0,0.0,2.0,9.0,1.0,4454208.0,5404272.0,4473862.0,5412980.0,4461623.5,5401056.0,5.681316406250001,8.21939697265625,16.832794166666666,166.66666666666666,166.66666666666666,331.0,307.0,146.0,88.0,347.0,600.0,1114.0,0.0
1.0,0.0,0.0,1.0,0.0,0.0,1.0,0.0,1.0,0.0,0.0,0.0,0.0,0.0,0.0,0.0,0.0,4455893.0,5399531.5,4427581.5,5415106.0,4460120.5,5404064.0,7.11697021484375,7.576107279459635,98.43086,166.66666666666666,166.66666666666666,331.0,294.0,319.0,7.0,236.0,612.0,645.0,0.0
0.0,1.0,0.0,1.0,1.0,0.0,0.0,0.0,1.0,0.0,0.0,0.0,0.0,0.0,2.0,9.0,3.0,4459540.0,5404970.5,4460097.0,5408159.0,4456378.0,5405887.5,1.4079693603515626,2.3191431681315104,0.5037596,166.66666666666666,166.66666666666666,331.0,330.0,217.0,116.0,140.0,1067.0,1249.0,5.0
0.0,1.0,0.0,1.0,1.0,0.0,0.0,0.0,1.0,0.0,0.0,0.0,0.0,0.0,3.0,9.0,1.0,4460258.0,5404209.5,4442066.0,5423558.0,4459419.5,5402093.5,7.74236083984375,8.500448099772136,33.743815,166.66666666666666,166.66666666666666,333.0,247.0,230.0,62.0,248.0,865.0,881.0,0.0
0.0,1.0,1.0,0.0,0.0,0.0,1.0,0.0,1.0,0.0,0.0,0.0,0.0,0.0,3.0,2.0,1.0,4458815.0,5404372.0,4468120.5,5422917.0,4463327.0,5402795.5,6.6846337890625005,8.043150329589844,17.932795,166.66666666666666,166.66666666666666,333.0,307.0,191.0,85.0,348.0,846.0,900.0,1.0
0.0,1.0,1.0,0.0,0.0,0.0,1.0,0.0,1.0,0.0,0.0,0.0,0.0,0.0,3.0,2.0,1.0,4458815.0,5404372.0,4468120.5,5422917.0,4463327.0,5402795.5,8.03476318359375,6.449614969889323,27.486901666666665,166.66666666666666,166.66666666666666,333.0,286.0,191.0,85.0,348.0,915.0,1294.0,5.0
1.0,0.0,0.0,1.0,0.0,1.0,0.0,0.0,1.0,0.0,0.0,0.0,0.0,0.0,0.0,3.0,1.0,4457123.5,5404800.0,4460039.5,5413579.5,4459126.0,5404160.5,6.410145996093751,6.785345967610677,48.28390666666667,166.66666666666666,166.66666666666666,333.0,359.0,173.0,113.0,231.0,1191.0,1371.0,1.0
0.0,1.0,0.0,1.0,1.0,0.0,0.0,0.0,1.0,0.0,0.0,0.0,0.0,0.0,2.0,9.0,0.0,4459201.0,5405020.5,4448617.5,5419880.5,4455754.0,5403594.5,6.7830341796875,9.399080403645833,44.871923333333335,166.66666666666666,166.66666666666666,213.0,331.0,216.0,63.0,178.0,991.0,1039.0,5.0
0.0,1.0,0.0,1.0,1.0,0.0,0.0,0.0,1.0,0.0,0.0,0.0,0.0,0.0,2.0,9.0,0.0,4459201.0,5405020.5,4448617.5,5419880.5,4455754.0,5403594.5,4.2423095703125,5.851969909667969,17.097426666666667,166.66666666666666,166.66666666666666,213.0,171.0,216.0,63.0,178.0,802.0,963.0,1.0
0.0,1.0,1.0,0.0,0.0,0.0,1.0,0.0,1.0,0.0,0.0,0.0,0.0,0.0,3.0,9.0,1.0,4456024.0,5399466.5,4470731.0,5332926.0,4460929.5,5404052.0,9.9013310546875,12.575787353515626,36.516666666666666,166.66666666666666,166.66666666666666,100.0,341.0,319.0,3646.0,241.0,449.0,531.0,1.0
1.0,0.0,1.0,0.0,0.0,1.0,0.0,0.0,1.0,0.0,0.0,0.0,0.0,0.0,0.0,0.0,1.0,4454621.0,5399035.0,4476101.5,5327123.5,4456997.0,5405220.5,8.011775878906251,13.43671366373698,36.71486,166.66666666666666,166.66666666666666,151.0,138.0,162.0,4288.0,143.0,687.0,719.0,0.0
1.0,0.0,1.0,0.0,0.0,1.0,0.0,0.0,1.0,0.0,0.0,0.0,0.0,0.0,0.0,0.0,0.0,4446889.0,5403567.0,4460173.5,5336315.0,4453158.0,5403239.0,8.09173974609375,10.92186787923177,34.69985833333333,166.66666666666666,166.66666666666666,151.0,298.0,97.0,2705.0,156.0,832.0,928.0,1.0
0.0,1.0,1.0,0.0,1.0,0.0,0.0,0.0,1.0,0.0,0.0,0.0,0.0,0.0,3.0,9.0,1.0,4459954.5,5401310.0,4468573.0,5330104.0,4459757.5,5401899.0,6.1883837890625,7.952790323893229,22.40317333333333,166.66666666666666,166.66666666666666,151.0,233.0,340.0,4043.0,249.0,1208.0,1229.0,0.0
0.0,1.0,0.0,1.0,0.0,0.0,1.0,0.0,1.0,0.0,0.0,0.0,0.0,0.0,5.0,9.0,2.0,4452681.5,5402096.0,4464405.0,5331536.0,4451834.0,5402627.5,1.0485418701171876,3.4006278991699217,6.847187333333333,166.66666666666666,166.66666666666666,102.0,102.0,158.0,2959.0,99.0,1223.0,213.0,5.0
0.0,1.0,0.0,1.0,0.0,0.0,1.0,0.0,1.0,0.0,0.0,0.0,0.0,0.0,3.0,9.0,1.0,4458667.5,5400799.0,4474774.5,5329795.0,4457558.0,5404947.0,4.35692431640625,6.176781717936198,15.839910833333333,166.66666666666666,166.66666666666666,213.0,172.0,316.0,4178.0,144.0,1161.0,1229.0,1.0
1.0,0.0,0.0,1.0,0.0,1.0,0.0,0.0,1.0,0.0,0.0,0.0,0.0,0.0,0.0,0.0,1.0,4455934.5,5407994.0,4468174.0,5341457.0,4455754.5,5405558.0,2.353136962890625,3.440013631184896,0.1932608333333333,166.66666666666666,166.66666666666666,190.0,195.0,134.0,1773.0,165.0,792.0,818.0,0.0
0.0,1.0,0.0,1.0,1.0,0.0,0.0,0.0,1.0,0.0,0.0,0.0,0.0,0.0,3.0,9.0,0.0,4458925.5,5404469.5,4461629.0,5327356.5,4460174.0,5404449.5,1.4762418212890625,2.0931073506673177,7.903170833333333,166.66666666666666,166.66666666666666,190.0,233.0,225.0,3097.0,230.0,783.0,798.0,5.0
0.0,1.0,0.0,1.0,1.0,0.0,0.0,0.0,1.0,0.0,0.0,0.0,0.0,0.0,3.0,9.0,0.0,4458925.5,5404469.5,4461629.0,5327356.5,4460174.0,5404449.5,2.215685546875,3.172479756673177,23.824638333333333,166.66666666666666,166.66666666666666,190.0,220.0,225.0,3097.0,230.0,466.0,477.0,5.0
0.0,1.0,1.0,0.0,0.0,0.0,1.0,0.0,1.0,0.0,0.0,0.0,0.0,0.0,3.0,7.0,1.0,4456705.5,5404898.0,4464944.0,5330486.5,4457343.0,5405242.0,5.17512158203125,7.060673014322917,10.691689,166.66666666666666,166.66666666666666,190.0,151.0,172.0,3058.0,144.0,759.0,761.0,1.0
0.0,1.0,0.0,1.0,1.0,0.0,0.0,0.0,1.0,0.0,0.0,0.0,0.0,0.0,3.0,9.0,1.0,4454553.5,5403998.0,4468990.5,5331935.0,4458474.5,5400413.0,25.318412109375,21.87734578450521,196.68615,166.66666666666666,166.66666666666666,178.0,52.0,149.0,3687.0,318.0,1154.0,120.0,1.0
1.0,0.0,0.0,1.0,0.0,0.0,1.0,0.0,1.0,0.0,0.0,0.0,0.0,0.0,2.0,8.0,1.0,4456872.5,5405178.0,4472616.0,5329203.5,4457157.0,5405807.5,11.841888671875,12.353725179036458,36.87806333333333,166.66666666666666,166.66666666666666,97.0,260.0,143.0,4188.0,140.0,927.0,1.0,1.0
1.0,0.0,0.0,1.0,0.0,0.0,1.0,0.0,1.0,0.0,0.0,0.0,0.0,0.0,2.0,8.0,1.0,4456872.5,5405178.0,4472616.0,5329203.5,4457157.0,5405807.5,14.004228515625,16.49232177734375,33.968513333333334,166.66666666666666,166.66666666666666,97.0,189.0,143.0,4188.0,140.0,841.0,1375.0,1.0
0.0,1.0,1.0,0.0,0.0,0.0,1.0,0.0,1.0,0.0,0.0,0.0,0.0,0.0,5.0,8.0,1.0,4457128.5,5404391.0,4502023.5,5383807.5,4460050.0,5401865.5,0.674825439453125,1.284959538777669,20.224235,166.66666666666666,166.66666666666666,335.0,332.0,175.0,2069.0,249.0,905.0,1164.0,5.0
0.0,1.0,0.0,1.0,0.0,0.0,1.0,0.0,1.0,0.0,0.0,0.0,0.0,0.0,3.0,9.0,2.0,4457828.5,5404131.0,4501898.0,5377909.5,4463547.0,5402729.5,8.5555185546875,11.203774007161458,32.576075,166.66666666666666,166.66666666666666,335.0,243.0,187.0,2096.0,348.0,905.0,990.0,5.0
0.0,1.0,0.0,1.0,0.0,0.0,1.0,0.0,1.0,0.0,0.0,0.0,0.0,0.0,3.0,9.0,2.0,4457828.5,5404131.0,4501898.0,5377909.5,4463547.0,5402729.5,15.85840625,13.652059936523438,31.025483333333334,166.66666666666666,166.66666666666666,335.0,242.0,187.0,2096.0,348.0,813.0,871.0,1.0
0.0,1.0,1.0,0.0,1.0,0.0,0.0,0.0,1.0,0.0,0.0,0.0,0.0,0.0,4.0,9.0,0.0,4456279.0,5403494.0,4432980.5,5383506.5,4459362.0,5404408.0,7.55896435546875,9.802066040039062,9.024675,166.66666666666666,166.66666666666666,164.0,222.0,179.0,482.0,226.0,1076.0,1335.0,1.0
0.0,1.0,0.0,1.0,1.0,0.0,0.0,0.0,1.0,0.0,0.0,0.0,0.0,0.0,3.0,9.0,0.0,4460264.0,5403741.0,4424393.5,5361928.0,4455638.5,5398558.0,3.785772705078125,5.323439025878907,6.982057166666666,166.66666666666666,166.66666666666666,170.0,164.0,236.0,869.0,327.0,641.0,980.0,0.0
0.0,1.0,1.0,0.0,0.0,0.0,1.0,0.0,1.0,0.0,0.0,0.0,0.0,0.0,2.0,0.0,0.0,4460171.5,5404810.5,4483336.5,5305784.0,4456054.5,5403543.5,5.83962451171875,7.90628916422526,15.538876666666663,166.66666666666666,166.66666666666666,170.0,241.0,228.0,4600.0,179.0,1118.0,1151.0,1.0
0.0,1.0,1.0,0.0,0.0,0.0,1.0,0.0,1.0,0.0,0.0,0.0,0.0,0.0,6.0,9.0,0.0,4457766.5,5401708.5,4447611.0,5393670.5,4451787.5,5402630.5,11.3329794921875,14.97184549967448,38.15847166666666,166.66666666666666,166.66666666666666,312.0,134.0,209.0,291.0,99.0,1145.0,1370.0,1.0
0.0,1.0,1.0,0.0,0.0,0.0,1.0,0.0,1.0,0.0,0.0,0.0,0.0,0.0,6.0,9.0,0.0,4457766.5,5401708.5,4447611.0,5393670.5,4451787.5,5402630.5,0.6007694702148437,0.9723684946695964,5.808372,166.66666666666666,166.66666666666666,312.0,309.0,209.0,291.0,99.0,1046.0,1287.0,5.0
0.0,1.0,1.0,0.0,1.0,0.0,0.0,0.0,1.0,0.0,0.0,0.0,0.0,0.0,2.0,9.0,1.0,4459274.0,5403596.5,4522969.5,5305887.5,4454705.0,5404465.5,27.624267578125,23.31844278971354,371.7320666666666,166.66666666666666,166.66666666666666,335.0,112.0,234.0,4905.0,147.0,675.0,727.0,1.0
0.0,1.0,1.0,0.0,0.0,0.0,1.0,0.0,1.0,0.0,0.0,0.0,0.0,0.0,2.0,6.0,1.0,4461241.5,5400495.0,4458795.5,5307110.0,4458853.5,5404018.0,1.6820042724609376,2.1797414143880207,15.710316666666667,166.66666666666666,166.66666666666666,171.0,187.0,350.0,4518.0,231.0,742.0,1311.0,5.0
0.0,1.0,0.0,1.0,1.0,0.0,0.0,0.0,1.0,0.0,0.0,0.0,0.0,0.0,3.0,9.0,0.0,4447587.5,5404599.5,4448399.0,5355029.5,4455885.5,5404300.5,4.71026025390625,6.228473409016927,18.54064,18.191813333333336,166.66666666666666,311.0,231.0,97.0,1239.0,167.0,1072.0,1159.0,1.0
0.0,1.0,0.0,1.0,1.0,0.0,0.0,0.0,1.0,0.0,0.0,0.0,0.0,0.0,3.0,9.0,0.0,4447587.5,5404599.5,4448399.0,5355029.5,4455885.5,5404300.5,5.18255126953125,7.091239929199219,16.881285000000002,166.66666666666666,166.66666666666666,311.0,180.0,97.0,1239.0,167.0,958.0,1105.0,0.0
0.0,1.0,1.0,0.0,1.0,0.0,0.0,0.0,1.0,0.0,0.0,0.0,0.0,0.0,2.0,9.0,0.0,4462088.0,5404065.0,4460980.0,5350508.5,4459473.0,5404203.0,7.85292236328125,9.478823852539062,15.402025,166.66666666666666,166.66666666666666,311.0,353.0,254.0,1259.0,226.0,593.0,779.0,4.0
1.0,0.0,0.0,1.0,0.0,0.0,1.0,0.0,1.0,0.0,0.0,0.0,0.0,0.0,0.0,0.0,1.0,4456436.0,5404452.5,4460254.0,5421707.0,4455843.5,5404093.5,1.2299918212890626,1.7239110310872396,14.036801666666666,166.66666666666666,166.66666666666666,311.0,297.0,169.0,70.0,176.0,1032.0,1319.0,0.0
1.0,0.0,0.0,1.0,0.0,0.0,1.0,0.0,1.0,0.0,0.0,0.0,0.0,0.0,0.0,0.0,1.0,4456436.0,5404452.5,4460254.0,5421707.0,4455843.5,5404093.5,5.18255126953125,7.091239929199219,16.881285000000002,166.66666666666666,166.66666666666666,311.0,180.0,169.0,70.0,176.0,1174.0,1214.0,1.0
0.0,1.0,1.0,0.0,0.0,0.0,1.0,0.0,1.0,0.0,0.0,0.0,0.0,0.0,2.0,9.0,1.0,4457906.0,5402863.0,4462998.5,5328540.0,4459222.0,5399478.0,7.4864462890625,10.259701538085938,31.40838833333333,166.66666666666666,166.66666666666666,339.0,331.0,207.0,3073.0,349.0,547.0,648.0,4.0
0.0,1.0,1.0,0.0,0.0,0.0,1.0,0.0,1.0,0.0,0.0,0.0,0.0,0.0,2.0,9.0,1.0,4457906.0,5402863.0,4462998.5,5328540.0,4459222.0,5399478.0,2.58099169921875,3.839986165364584,20.417875,166.66666666666666,166.66666666666666,339.0,318.0,207.0,3073.0,349.0,965.0,1051.0,5.0
0.0,1.0,1.0,0.0,0.0,0.0,1.0,0.0,1.0,0.0,0.0,0.0,0.0,0.0,1.0,9.0,0.0,4458938.0,5398401.5,4437930.5,5341910.0,4461512.0,5401904.5,1.12963720703125,1.7709677378336588,13.711863333333334,166.66666666666666,166.66666666666666,300.0,303.0,338.0,1085.0,253.0,1115.0,1193.0,5.0
0.0,1.0,1.0,0.0,0.0,0.0,1.0,0.0,1.0,0.0,0.0,0.0,0.0,0.0,7.0,9.0,2.0,4449075.5,5404751.5,4482107.0,5361064.0,4458382.0,5403231.0,2.248140625,2.853812917073568,0.8785780666666666,166.66666666666666,166.66666666666666,175.0,152.0,98.0,1649.0,208.0,533.0,647.0,1.0
0.0,1.0,0.0,1.0,0.0,0.0,1.0,0.0,1.0,0.0,0.0,0.0,0.0,0.0,4.0,9.0,1.0,4456919.5,5404530.0,4438564.0,5317702.5,4463394.0,5402695.5,2.9842646484375,4.606281026204427,17.12625,166.66666666666666,166.66666666666666,205.0,297.0,173.0,3160.0,348.0,1015.0,1114.0,4.0
0.0,1.0,0.0,1.0,0.0,0.0,1.0,0.0,1.0,0.0,0.0,0.0,0.0,0.0,7.0,9.0,1.0,4462148.5,5404146.5,4487385.0,5328596.0,4457826.0,5405353.0,6.40301611328125,7.715997314453125,27.649453333333334,166.66666666666666,166.66666666666666,156.0,206.0,240.0,4397.0,144.0,514.0,577.0,5.0
1.0,0.0,1.0,0.0,0.0,0.0,1.0,0.0,1.0,0.0,0.0,0.0,0.0,0.0,2.0,9.0,3.0,4458868.0,5399120.0,4512422.5,5379729.0,4461077.0,5400957.0,1.4187581787109376,2.1141695658365887,17.603183333333334,166.66666666666666,166.66666666666666,201.0,204.0,326.0,2146.0,346.0,840.0,855.0,5.0
1.0,0.0,0.0,1.0,0.0,0.0,1.0,0.0,1.0,0.0,0.0,0.0,0.0,0.0,0.0,0.0,1.0,4457320.0,5400942.5,4518331.5,5384995.5,4460832.0,5404059.0,1.4187581787109376,2.1141695658365887,17.603183333333334,166.66666666666666,166.66666666666666,201.0,204.0,305.0,2217.0,241.0,896.0,1068.0,5.0
0.0,1.0,0.0,1.0,0.0,0.0,1.0,0.0,1.0,0.0,0.0,0.0,0.0,0.0,6.0,9.0,0.0,4455037.0,5403385.5,4476105.0,5324203.0,4461077.0,5400957.0,2.149831787109375,3.363434855143229,8.827255000000001,166.66666666666666,166.66666666666666,216.0,235.0,154.0,4448.0,346.0,1063.0,1375.0,1.0
0.0,1.0,1.0,0.0,0.0,0.0,1.0,0.0,1.0,0.0,0.0,0.0,0.0,0.0,7.0,9.0,2.0,4458273.0,5401791.0,4436827.5,5326988.5,4457026.5,5405407.5,3.681278076171875,5.136606852213542,36.356795000000005,166.66666666666666,166.66666666666666,216.0,245.0,212.0,2439.0,141.0,957.0,1137.0,1.0
0.0,1.0,1.0,0.0,0.0,0.0,1.0,0.0,1.0,0.0,0.0,0.0,0.0,0.0,7.0,9.0,2.0,4458273.0,5401791.0,4436827.5,5326988.5,4457026.5,5405407.5,5.5139404296875005,7.700849914550781,33.763945,166.66666666666666,166.66666666666666,216.0,343.0,212.0,2439.0,141.0,515.0,690.0,5.0
0.0,1.0,0.0,1.0,0.0,1.0,0.0,0.0,1.0,0.0,0.0,0.0,0.0,0.0,2.0,9.0,1.0,4460087.5,5403444.0,4432092.5,5339080.0,4461300.0,5401206.0,3.794628662109375,4.97977040608724,14.683634499999998,166.66666666666666,166.66666666666666,174.0,235.0,238.0,2421.0,347.0,530.0,697.0,5.0
0.0,1.0,0.0,1.0,1.0,0.0,0.0,0.0,1.0,0.0,0.0,0.0,0.0,0.0,2.0,9.0,1.0,4453977.5,5397895.0,4450468.0,5318454.0,4456997.0,5405220.5,7.445849609375,10.151528930664062,55.56109666666667,166.66666666666666,166.66666666666666,173.0,326.0,327.0,3164.0,143.0,693.0,1009.0,1.0
1.0,0.0,1.0,0.0,0.0,1.0,0.0,0.0,1.0,0.0,0.0,0.0,0.0,0.0,0.0,0.0,0.0,4458610.5,5400563.5,4471230.0,5339701.0,4462608.5,5402664.5,1.899116943359375,3.034800211588541,5.814566666666667,166.66666666666666,166.66666666666666,182.0,172.0,316.0,1908.0,348.0,716.0,732.0,1.0
0.0,1.0,1.0,0.0,0.0,0.0,1.0,0.0,1.0,0.0,0.0,0.0,0.0,0.0,3.0,0.0,2.0,4456187.0,5404517.0,4472574.5,5333313.0,4461335.0,5401081.0,3.386410400390625,4.662712097167969,6.263952166666667,166.66666666666666,166.66666666666666,182.0,225.0,166.0,3813.0,347.0,88.0,354.0,5.0
0.0,1.0,1.0,0.0,1.0,0.0,0.0,0.0,1.0,0.0,0.0,0.0,0.0,0.0,4.0,9.0,0.0,4460909.5,5399832.0,4436755.0,5345468.5,4459405.0,5404372.0,6.29780126953125,7.264069620768229,23.91673833333333,166.66666666666666,166.66666666666666,323.0,355.0,350.0,1078.0,226.0,568.0,1180.0,1.0
0.0,1.0,0.0,1.0,0.0,0.0,1.0,0.0,1.0,0.0,0.0,0.0,0.0,0.0,4.0,9.0,1.0,4459613.0,5400136.0,4418051.0,5351554.5,4461580.5,5401514.0,4.6870141601562505,7.0653564453125,15.3919495,166.66666666666666,166.66666666666666,195.0,147.0,344.0,1004.0,347.0,990.0,1106.0,5.0
1.0,0.0,1.0,0.0,0.0,1.0,0.0,0.0,1.0,0.0,0.0,0.0,0.0,0.0,0.0,0.0,1.0,4459750.0,5405010.5,4416540.0,5364231.5,4457475.0,5404948.0,5.980046875,7.9420227050781245,23.463615,166.66666666666666,166.66666666666666,201.0,222.0,220.0,515.0,144.0,763.0,795.0,0.0
0.0,1.0,0.0,1.0,1.0,0.0,0.0,0.0,1.0,0.0,0.0,0.0,0.0,0.0,3.0,9.0,2.0,4455691.5,5404051.5,4402712.0,5381013.5,4459481.0,5403691.0,7.9431083984375,8.481660970052083,37.354615,166.66666666666666,166.66666666666666,350.0,188.0,176.0,429.0,234.0,1157.0,1180.0,1.0
0.0,1.0,0.0,1.0,0.0,0.0,1.0,0.0,1.0,0.0,0.0,0.0,0.0,0.0,4.0,9.0,0.0,4456254.5,5404384.0,4466321.0,5336947.0,4461512.0,5401904.5,23.0945234375,18.64392496744792,368.0072666666667,368.0072666666667,166.66666666666666,215.0,406.0,169.0,3209.0,253.0,606.0,770.0,1.0
1.0,0.0,1.0,0.0,0.0,0.0,1.0,0.0,1.0,0.0,0.0,0.0,0.0,0.0,0.0,2.0,2.0,4457908.0,5401053.0,4419102.0,5362619.5,4463394.0,5402695.5,3.224509521484375,4.981925964355469,21.52280333333333,166.66666666666666,166.66666666666666,336.0,319.0,306.0,699.0,348.0,1118.0,1156.0,5.0
0.0,1.0,1.0,0.0,0.0,0.0,1.0,0.0,1.0,0.0,0.0,0.0,0.0,0.0,5.0,9.0,0.0,4458986.5,5402411.5,4474285.5,5335179.5,4461300.0,5401206.0,9.4242275390625,8.781787109375,19.402025,166.66666666666666,166.66666666666666,244.0,353.0,245.0,3788.0,347.0,1178.0,181.0,5.0
1.0,0.0,1.0,0.0,0.0,0.0,1.0,0.0,1.0,0.0,0.0,0.0,0.0,0.0,0.0,0.0,1.0,4459939.5,5405684.5,4469134.0,5335510.0,4458584.5,5403139.0,1.88644873046875,3.777312215169271,14.713653333333331,166.66666666666666,166.66666666666666,304.0,324.0,218.0,3427.0,208.0,985.0,1004.0,5.0
1.0,0.0,0.0,1.0,0.0,1.0,0.0,0.0,1.0,0.0,0.0,0.0,0.0,0.0,0.0,0.0,1.0,4456523.5,5396941.0,4463366.0,5329000.0,4454674.5,5403914.0,1.5597515869140626,2.263369496663412,12.118825,166.66666666666666,166.66666666666666,179.0,204.0,334.0,3068.0,149.0,1207.0,1396.0,4.0
0.0,1.0,1.0,0.0,1.0,0.0,0.0,0.0,1.0,0.0,0.0,0.0,0.0,0.0,4.0,9.0,0.0,4459463.5,5399725.0,4492145.0,5325370.0,4461525.0,5401859.5,20.490166015625,21.36237182617188,79.62207833333333,166.66666666666666,166.66666666666666,179.0,278.0,349.0,4641.0,253.0,612.0,613.0,0.0
0.0,1.0,0.0,1.0,0.0,0.0,1.0,0.0,1.0,0.0,0.0,0.0,0.0,0.0,5.0,9.0,1.0,4453884.5,5405004.5,4464286.0,5335074.5,4457136.0,5399829.0,0.67255908203125,1.3451180775960283,2.328231666666667,166.66666666666666,166.66666666666666,172.0,173.0,164.0,2802.0,320.0,1093.0,1394.0,1.0
1.0,0.0,0.0,1.0,0.0,0.0,1.0,0.0,1.0,0.0,0.0,0.0,0.0,0.0,7.0,9.0,1.0,4455029.0,5403344.0,4492759.0,5351090.0,4459111.5,5404542.5,2.488501953125,3.5147305806477864,6.659332833333334,166.66666666666666,166.66666666666666,222.0,189.0,154.0,2306.0,223.0,1173.0,1211.0,5.0
0.0,1.0,1.0,0.0,0.0,0.0,1.0,0.0,1.0,0.0,0.0,0.0,0.0,0.0,7.0,9.0,1.0,4456749.5,5404081.5,4469710.5,5330775.5,4454688.0,5404122.5,5.23561962890625,7.412187194824218,32.81125333333333,166.66666666666666,166.66666666666666,177.0,248.0,180.0,4040.0,147.0,934.0,1167.0,2.0
0.0,1.0,0.0,1.0,1.0,0.0,0.0,0.0,1.0,0.0,0.0,0.0,0.0,0.0,3.0,9.0,0.0,4458387.0,5404023.0,4474772.0,5345186.0,4462608.5,5402664.5,5.41229443359375,7.929119873046875,6.582795,166.66666666666666,166.66666666666666,348.0,307.0,196.0,1728.0,348.0,1139.0,1189.0,1.0
0.0,1.0,0.0,1.0,1.0,0.0,0.0,0.0,1.0,0.0,0.0,0.0,0.0,0.0,3.0,9.0,0.0,4458387.0,5404023.0,4474772.0,5345186.0,4462608.5,5402664.5,7.773950195312499,7.981351216634114,28.300975,166.66666666666666,166.66666666666666,348.0,188.0,196.0,1728.0,348.0,982.0,1242.0,1.0
0.0,1.0,0.0,1.0,1.0,0.0,0.0,0.0,1.0,0.0,0.0,0.0,0.0,0.0,2.0,9.0,1.0,4452513.0,5402644.5,4422249.0,5357790.0,4452877.0,5404303.5,13.0254267578125,12.54619649251302,47.773408333333336,166.66666666666666,166.66666666666666,204.0,363.0,156.0,901.0,164.0,907.0,1238.0,1.0
0.0,1.0,0.0,1.0,0.0,0.0,1.0,0.0,1.0,0.0,0.0,0.0,0.0,0.0,6.0,9.0,0.0,4452490.5,5402312.5,4417859.5,5359635.0,4456688.0,5400635.0,0.971532470703125,1.832699966430664,2.3639726666666667,166.66666666666666,166.66666666666666,342.0,340.0,158.0,787.0,299.0,626.0,658.0,5.0
0.0,1.0,0.0,1.0,1.0,0.0,0.0,0.0,1.0,0.0,0.0,0.0,0.0,0.0,2.0,9.0,1.0,4458410.0,5401313.5,4457559.5,5403495.0,4459222.0,5399478.0,8.626501953125,11.519833374023438,36.00239333333333,28.22126,166.66666666666666,222.0,320.0,307.0,194.0,349.0,882.0,1012.0,0.0
0.0,1.0,1.0,0.0,0.0,1.0,0.0,0.0,1.0,0.0,0.0,0.0,0.0,0.0,2.0,0.0,1.0,4456829.0,5405111.5,4459097.5,5346675.5,4457262.5,5404683.0,0.9619730224609376,1.8463565826416013,12.573116,166.66666666666666,166.66666666666666,222.0,218.0,142.0,1373.0,184.0,1091.0,1151.0,5.0
0.0,1.0,0.0,1.0,1.0,0.0,0.0,0.0,1.0,0.0,0.0,0.0,0.0,0.0,2.0,9.0,0.0,4461415.0,5403606.5,4460231.5,5334306.5,4452877.0,5404303.5,14.8154384765625,17.205950927734374,304.3131666666667,166.66666666666666,166.66666666666666,319.0,293.0,242.0,2820.0,164.0,993.0,1081.0,1.0
0.0,1.0,1.0,0.0,1.0,0.0,0.0,0.0,1.0,0.0,0.0,0.0,0.0,0.0,2.0,9.0,1.0,4456608.0,5408180.0,4458994.0,5333818.0,4453228.0,5403351.5,22.86118359375,22.910532633463543,98.0,166.66666666666666,166.66666666666666,319.0,20.0,134.0,2817.0,164.0,1126.0,1210.0,0.0
0.0,1.0,0.0,1.0,0.0,0.0,1.0,0.0,1.0,0.0,0.0,0.0,0.0,0.0,7.0,9.0,1.0,4455919.0,5400398.0,4418331.0,5360319.5,4461787.5,5400766.5,3.1506064453125,5.621783955891927,20.561096666666668,166.66666666666666,166.66666666666666,340.0,326.0,298.0,724.0,348.0,440.0,457.0,5.0
1.0,0.0,1.0,0.0,0.0,0.0,1.0,0.0,1.0,0.0,0.0,0.0,0.0,0.0,6.0,9.0,1.0,4456575.0,5397283.5,4457314.5,5403256.0,4461453.5,5401552.5,1.410191162109375,2.2452542622884115,4.843816166666667,166.66666666666666,166.66666666666666,340.0,247.0,334.0,204.0,347.0,1232.0,1421.0,5.0
0.0,1.0,0.0,1.0,0.0,0.0,1.0,0.0,1.0,0.0,0.0,0.0,0.0,0.0,7.0,9.0,1.0,4451457.0,5401767.0,4468355.5,5335496.0,4454547.0,5404447.0,4.406138671875,5.900549825032552,9.384804333333332,166.66666666666666,166.66666666666666,146.0,100.0,102.0,3335.0,147.0,1197.0,1203.0,1.0
0.0,1.0,0.0,1.0,0.0,0.0,1.0,0.0,1.0,0.0,0.0,0.0,0.0,0.0,7.0,9.0,1.0,4451457.0,5401767.0,4468355.5,5335496.0,4454547.0,5404447.0,0.4281518249511719,0.7680344899495443,0.09909064,166.66666666666666,166.66666666666666,146.0,148.0,102.0,3335.0,147.0,628.0,633.0,5.0
1.0,0.0,1.0,0.0,0.0,1.0,0.0,0.0,1.0,0.0,0.0,0.0,0.0,0.0,0.0,0.0,1.0,4457990.5,5400925.5,4464488.5,5336506.5,4457295.0,5405276.5,7.7578803710937505,11.174066162109376,40.13032166666667,166.66666666666666,166.66666666666666,146.0,324.0,306.0,2773.0,144.0,649.0,813.0,4.0
0.0,1.0,0.0,1.0,0.0,0.0,1.0,0.0,1.0,0.0,0.0,0.0,0.0,0.0,4.0,9.0,1.0,4458414.5,5401339.0,4499941.0,5303137.5,4461623.5,5401056.0,6.13264453125,8.296688842773438,23.076688333333333,166.66666666666666,166.66666666666666,350.0,299.0,307.0,4748.0,347.0,530.0,622.0,1.0
0.0,1.0,0.0,1.0,0.0,1.0,0.0,0.0,1.0,0.0,0.0,0.0,0.0,0.0,1.0,0.0,0.0,4458691.0,5404525.5,4453200.0,5407002.5,4461012.0,5401144.5,15.828845703125,19.045865885416667,213.0476,166.66666666666666,166.66666666666666,350.0,93.0,189.0,128.0,346.0,886.0,1032.0,1.0
0.0,1.0,0.0,1.0,0.0,1.0,0.0,0.0,1.0,0.0,0.0,0.0,0.0,0.0,1.0,0.0,0.0,4458691.0,5404525.5,4453200.0,5407002.5,4461012.0,5401144.5,7.7021044921875,10.983395385742188,31.09673666666667,166.66666666666666,166.66666666666666,350.0,172.0,189.0,128.0,346.0,843.0,932.0,1.0
0.0,1.0,0.0,1.0,1.0,0.0,0.0,0.0,1.0,0.0,0.0,0.0,0.0,0.0,1.0,9.0,1.0,4460134.5,5403307.0,4511078.0,5378313.5,4457828.0,5404485.5,2.43571142578125,3.3666666666666667,18.590571666666666,166.66666666666666,166.66666666666666,186.0,155.0,238.0,2139.0,187.0,1187.0,1220.0,1.0
0.0,1.0,0.0,1.0,0.0,1.0,0.0,0.0,1.0,0.0,0.0,0.0,0.0,0.0,1.0,6.0,1.0,4457954.5,5404166.0,4446934.5,5329893.5,4462608.5,5402664.5,4.26006103515625,5.546437072753906,21.913216666666663,166.66666666666666,166.66666666666666,235.0,171.0,187.0,2584.0,348.0,804.0,851.0,5.0
1.0,0.0,0.0,1.0,0.0,0.0,1.0,0.0,1.0,0.0,0.0,0.0,0.0,0.0,0.0,6.0,0.0,4461769.5,5403540.0,4452218.0,5331753.0,4458134.0,5402398.5,5.1945283203125,7.061462910970052,19.41514,166.66666666666666,166.66666666666666,146.0,198.0,242.0,2569.0,210.0,539.0,886.0,5.0
1.0,0.0,0.0,1.0,0.0,0.0,1.0,0.0,1.0,0.0,0.0,0.0,0.0,0.0,0.0,6.0,0.0,4461769.5,5403540.0,4452218.0,5331753.0,4458134.0,5402398.5,7.231498046875,9.5895751953125,11.524675,166.66666666666666,166.66666666666666,146.0,222.0,242.0,2569.0,210.0,835.0,939.0,1.0
0.0,1.0,1.0,0.0,0.0,0.0,1.0,0.0,1.0,0.0,0.0,0.0,0.0,0.0,2.0,9.0,1.0,4458014.5,5398272.5,4442449.5,5336851.5,4460075.0,5404522.5,3.38547705078125,5.634181213378906,21.99717833333333,166.66666666666666,166.66666666666666,146.0,130.0,336.0,2534.0,228.0,853.0,917.0,1.0
1.0,0.0,1.0,0.0,1.0,0.0,0.0,0.0,1.0,0.0,0.0,0.0,0.0,0.0,0.0,8.0,1.0,4458337.5,5403596.5,4457859.0,5402599.0,4463547.0,5402729.5,4.5643554687500005,6.468630981445313,20.075043333333333,166.66666666666666,166.66666666666666,303.0,174.0,198.0,207.0,348.0,804.0,983.0,5.0
0.0,1.0,0.0,1.0,0.0,0.0,1.0,0.0,1.0,0.0,0.0,0.0,0.0,0.0,6.0,9.0,0.0,4462607.5,5403979.0,4468923.5,5332745.0,4457278.0,5405323.5,16.3399140625,16.453571573893228,363.65358333333336,166.66666666666666,166.66666666666666,349.0,292.0,254.0,3664.0,144.0,482.0,759.0,1.0
0.0,1.0,0.0,1.0,0.0,0.0,1.0,0.0,1.0,0.0,0.0,0.0,0.0,0.0,6.0,9.0,0.0,4462607.5,5403979.0,4468923.5,5332745.0,4457278.0,5405323.5,2.58923095703125,3.511144002278646,22.400651666666665,166.66666666666666,166.66666666666666,349.0,310.0,254.0,3664.0,144.0,871.0,1064.0,1.0
1.0,0.0,1.0,0.0,0.0,0.0,1.0,0.0,1.0,0.0,0.0,0.0,0.0,0.0,6.0,0.0,1.0,4451996.0,5402414.0,4469233.5,5336424.0,4457314.5,5403156.0,3.6838583984375,5.640517171223959,18.78314,166.66666666666666,166.66666666666666,349.0,243.0,100.0,3392.0,204.0,1123.0,1230.0,0.0
0.0,1.0,0.0,1.0,1.0,0.0,0.0,0.0,1.0,0.0,0.0,0.0,0.0,0.0,2.0,9.0,1.0,4459896.5,5403896.0,4465665.5,5329629.0,4455504.5,5405034.5,3.77631298828125,5.070733642578125,12.692575,166.66666666666666,166.66666666666666,232.0,254.0,235.0,3984.0,165.0,1213.0,1375.0,5.0
0.0,1.0,0.0,1.0,1.0,0.0,0.0,0.0,1.0,0.0,0.0,0.0,0.0,0.0,2.0,9.0,1.0,4459896.5,5403896.0,4465665.5,5329629.0,4455504.5,5405034.5,4.052213134765625,5.561948140462239,9.463402333333333,166.66666666666666,166.66666666666666,232.0,172.0,235.0,3984.0,165.0,920.0,1225.0,5.0
0.0,1.0,1.0,0.0,0.0,0.0,1.0,0.0,1.0,0.0,0.0,0.0,0.0,0.0,1.0,2.0,0.0,4458119.0,5401139.0,4465665.5,5329629.0,4458895.0,5401307.5,8.875607421875,10.77322998046875,28.07569833333333,166.66666666666666,166.66666666666666,232.0,99.0,309.0,3984.0,339.0,438.0,501.0,0.0
0.0,1.0,1.0,0.0,0.0,0.0,1.0,0.0,1.0,0.0,0.0,0.0,0.0,0.0,7.0,9.0,1.0,4456837.0,5400782.5,4418548.0,5360424.5,4463366.0,5403002.0,4.76001416015625,6.462285868326823,19.381511666666665,166.66666666666666,166.66666666666666,244.0,200.0,299.0,725.0,348.0,1052.0,1194.0,5.0
1.0,0.0,1.0,0.0,0.0,0.0,1.0,0.0,1.0,0.0,0.0,0.0,0.0,0.0,6.0,9.0,1.0,4459013.0,5402838.0,4469488.0,5333439.5,4460050.0,5401865.5,3.946821044921875,4.838054911295573,14.676674333333333,166.66666666666666,166.66666666666666,217.0,166.0,243.0,3625.0,249.0,622.0,741.0,4.0
0.0,1.0,1.0,0.0,0.0,0.0,1.0,0.0,1.0,0.0,0.0,0.0,0.0,0.0,6.0,9.0,1.0,4458892.5,5405883.0,4466496.0,5334294.0,4459058.5,5402853.0,8.7882880859375,12.345145670572917,24.18398,166.66666666666666,166.66666666666666,135.0,206.0,222.0,3467.0,243.0,1030.0,1.0,1.0
0.0,1.0,1.0,0.0,0.0,0.0,1.0,0.0,1.0,0.0,0.0,0.0,0.0,0.0,6.0,9.0,1.0,4458892.5,5405883.0,4466496.0,5334294.0,4459058.5,5402853.0,7.35923486328125,9.999315388997395,28.903171666666665,166.66666666666666,166.66666666666666,135.0,233.0,222.0,3467.0,243.0,721.0,844.0,1.0
0.0,1.0,0.0,1.0,0.0,0.0,1.0,0.0,1.0,0.0,0.0,0.0,0.0,0.0,7.0,9.0,2.0,4458989.5,5406381.5,4467388.0,5328644.5,4459440.5,5403651.5,4.39049267578125,5.805183410644531,24.409846666666667,166.66666666666666,166.66666666666666,173.0,213.0,222.0,4011.0,234.0,946.0,959.0,5.0
0.0,1.0,1.0,0.0,0.0,0.0,1.0,0.0,1.0,0.0,0.0,0.0,0.0,0.0,6.0,0.0,0.0,4454643.0,5403725.0,4460655.5,5333670.5,4457215.5,5405242.5,5.21696728515625,8.027768961588542,12.7842,166.66666666666666,166.66666666666666,350.0,301.0,149.0,2837.0,143.0,562.0,691.0,5.0
0.0,1.0,0.0,1.0,1.0,0.0,0.0,0.0,1.0,0.0,0.0,0.0,0.0,0.0,2.0,9.0,1.0,4457670.0,5404676.5,4466190.0,5334926.0,4457660.5,5405507.5,6.9231201171875005,9.72409464518229,43.34698,166.66666666666666,166.66666666666666,146.0,318.0,185.0,3300.0,144.0,429.0,612.0,5.0
1.0,0.0,1.0,0.0,0.0,0.0,1.0,0.0,1.0,0.0,0.0,0.0,0.0,0.0,0.0,0.0,0.0,4459883.0,5404266.5,4471088.5,5333819.5,4457778.5,5405671.5,3.153320068359375,4.269278462727865,18.700455,166.66666666666666,166.66666666666666,146.0,142.0,229.0,3635.0,144.0,1146.0,1210.0,1.0
0.0,1.0,0.0,1.0,0.0,0.0,1.0,0.0,1.0,0.0,0.0,0.0,0.0,0.0,6.0,7.0,1.0,4456438.5,5404091.0,4468282.0,5336720.0,4460992.5,5401026.0,26.090125,22.502935791015624,331.5586,166.66666666666666,166.66666666666666,235.0,1087.0,177.0,3249.0,346.0,667.0,1226.0,0.0
0.0,1.0,0.0,1.0,1.0,0.0,0.0,0.0,1.0,0.0,0.0,0.0,0.0,0.0,1.0,6.0,0.0,4457633.0,5403457.5,4473210.5,5331459.5,4461295.0,5401156.0,12.3058642578125,18.624517822265624,43.66295,166.66666666666666,166.66666666666666,102.0,346.0,194.0,3848.0,347.0,1185.0,5.0,1.0
0.0,1.0,0.0,1.0,0.0,0.0,1.0,0.0,1.0,0.0,0.0,0.0,0.0,0.0,6.0,9.0,1.0,4458600.5,5400979.0,4480259.5,5363020.0,4461525.0,5401859.5,2.045388916015625,3.6886924743652334,5.299461666666666,166.66666666666666,166.66666666666666,313.0,307.0,310.0,1608.0,253.0,484.0,562.0,5.0
0.0,1.0,0.0,1.0,0.0,0.0,1.0,0.0,1.0,0.0,0.0,0.0,0.0,0.0,7.0,9.0,1.0,4459211.0,5401754.5,4526198.5,5302155.5,4459293.5,5404206.5,4.863989746093751,6.68529764811198,27.44669333333333,166.66666666666666,166.66666666666666,247.0,169.0,247.0,4922.0,226.0,1177.0,1269.0,1.0
0.0,1.0,0.0,1.0,0.0,0.0,1.0,0.0,1.0,0.0,0.0,0.0,0.0,0.0,7.0,9.0,1.0,4459211.0,5401754.5,4526198.5,5302155.5,4459293.5,5404206.5,3.93854248046875,5.408113098144531,27.51736,166.66666666666666,166.66666666666666,247.0,216.0,247.0,4922.0,226.0,1225.0,1373.0,4.0
0.0,1.0,0.0,1.0,0.0,0.0,1.0,0.0,1.0,0.0,0.0,0.0,0.0,0.0,7.0,9.0,1.0,4459211.0,5401754.5,4526198.5,5302155.5,4459293.5,5404206.5,3.625349365234375,4.910415649414063,32.749923333333335,166.66666666666666,166.66666666666666,247.0,187.0,247.0,4922.0,226.0,980.0,1291.0,0.0
0.0,1.0,0.0,1.0,0.0,0.0,1.0,0.0,1.0,0.0,0.0,0.0,0.0,0.0,3.0,9.0,0.0,4447714.5,5404593.5,4446390.0,5380249.5,4456279.5,5405325.0,4.6062724609375,6.20550537109375,16.191775,166.66666666666666,166.66666666666666,240.0,189.0,98.0,1100.0,165.0,1126.0,1277.0,5.0
1.0,0.0,1.0,0.0,0.0,0.0,1.0,0.0,1.0,0.0,0.0,0.0,0.0,0.0,3.0,5.0,2.0,4459289.0,5403485.0,4460358.5,5315786.5,4463429.5,5402987.5,3.8879428710937503,5.193127950032552,25.13791833333333,166.66666666666666,166.66666666666666,336.0,312.0,234.0,3199.0,348.0,1038.0,1168.0,1.0
1.0,0.0,1.0,0.0,0.0,0.0,1.0,0.0,1.0,0.0,0.0,0.0,0.0,0.0,6.0,9.0,1.0,4458373.5,5400382.5,4466101.5,5330875.5,4457826.0,5405353.0,20.705669921875,22.33913981119792,166.66666666666666,166.66666666666666,166.66666666666666,149.0,270.0,317.0,3942.0,144.0,894.0,1051.0,0.0
0.0,1.0,0.0,1.0,1.0,0.0,0.0,0.0,1.0,0.0,0.0,0.0,0.0,0.0,3.0,9.0,1.0,4454106.0,5404828.5,4425232.5,5358665.5,4456934.5,5405545.5,2.429284423828125,3.604300944010417,10.494459,166.66666666666666,166.66666666666666,212.0,300.0,147.0,904.0,141.0,1026.0,1049.0,1.0
0.0,1.0,0.0,1.0,1.0,0.0,0.0,0.0,1.0,0.0,0.0,0.0,0.0,0.0,5.0,9.0,1.0,4459828.0,5404584.5,4416844.0,5365079.0,4461206.5,5400939.0,9.5688037109375,10.419085693359374,68.75576666666666,166.66666666666666,166.66666666666666,350.0,256.0,227.0,511.0,346.0,882.0,908.0,1.0
0.0,1.0,0.0,1.0,1.0,0.0,0.0,0.0,1.0,0.0,0.0,0.0,0.0,0.0,5.0,9.0,1.0,4459828.0,5404584.5,4416844.0,5365079.0,4461206.5,5400939.0,9.6392685546875,11.026430257161458,12.019143333333332,166.66666666666666,166.66666666666666,350.0,367.0,227.0,511.0,346.0,650.0,780.0,5.0
0.0,1.0,1.0,0.0,1.0,0.0,0.0,0.0,1.0,0.0,0.0,0.0,0.0,0.0,3.0,9.0,1.0,4449154.0,5404615.5,4507891.5,5293728.0,4459581.0,5404390.5,4.3633017578125,6.066930643717448,14.388391166666665,166.66666666666666,166.66666666666666,151.0,195.0,98.0,4878.0,226.0,841.0,940.0,2.0
0.0,1.0,1.0,0.0,1.0,0.0,0.0,0.0,1.0,0.0,0.0,0.0,0.0,0.0,3.0,9.0,1.0,4449154.0,5404615.5,4507891.5,5293728.0,4459581.0,5404390.5,3.98473095703125,5.280437215169271,16.016119333333332,166.66666666666666,166.66666666666666,151.0,206.0,98.0,4878.0,226.0,503.0,648.0,0.0
1.0,0.0,1.0,0.0,0.0,1.0,0.0,0.0,1.0,0.0,0.0,0.0,0.0,0.0,0.0,0.0,0.0,4456412.0,5404652.5,4490008.5,5338940.0,4460945.0,5401039.0,1.36753857421875,2.137243143717448,23.98956833333333,166.66666666666666,166.66666666666666,151.0,164.0,166.0,2019.0,346.0,468.0,560.0,5.0
1.0,0.0,1.0,0.0,0.0,1.0,0.0,0.0,1.0,0.0,0.0,0.0,0.0,0.0,0.0,0.0,0.0,4462720.0,5404251.5,4511061.5,5349094.5,4461374.5,5401232.5,4.3911547851562505,7.114311218261719,17.962576666666667,166.66666666666666,166.66666666666666,151.0,132.0,240.0,2351.0,347.0,437.0,471.0,5.0
0.0,1.0,0.0,1.0,1.0,0.0,0.0,0.0,1.0,0.0,0.0,0.0,0.0,0.0,2.0,9.0,1.0,4456542.5,5397784.0,4473309.0,5328733.0,4461623.5,5401056.0,13.347197265625,15.451790364583331,219.0476,166.66666666666666,166.66666666666666,309.0,93.0,330.0,4214.0,347.0,858.0,1075.0,4.0
0.0,1.0,1.0,0.0,0.0,0.0,1.0,0.0,1.0,0.0,0.0,0.0,0.0,0.0,4.0,0.0,2.0,4459715.5,5403430.0,4409329.0,5358421.0,4460757.0,5401208.5,4.464634765625,6.290619913736979,22.080705,17.140908333333336,166.66666666666666,196.0,340.0,237.0,592.0,346.0,875.0,1005.0,1.0
0.0,1.0,1.0,0.0,0.0,0.0,1.0,0.0,1.0,0.0,0.0,0.0,0.0,0.0,4.0,0.0,2.0,4459715.5,5403430.0,4409329.0,5358421.0,4460757.0,5401208.5,1.4914468994140626,1.95,0.8477212333333333,166.66666666666666,166.66666666666666,196.0,186.0,237.0,592.0,346.0,922.0,1165.0,5.0
0.0,1.0,0.0,1.0,0.0,0.0,1.0,0.0,1.0,0.0,0.0,0.0,0.0,0.0,6.0,9.0,0.0,4457975.5,5402294.0,4424071.0,5347933.0,4459473.0,5404203.0,17.15516796875,17.799847412109376,56.83842333333334,72.31438333333334,166.66666666666666,101.0,264.0,209.0,1062.0,226.0,467.0,596.0,2.0
0.0,1.0,1.0,0.0,0.0,0.0,1.0,0.0,1.0,0.0,0.0,0.0,0.0,0.0,3.0,0.0,1.0,4456998.5,5397464.5,4514916.5,5394432.5,4461487.0,5401866.5,3.224509521484375,4.981925964355469,34.82474,166.66666666666666,166.66666666666666,319.0,336.0,333.0,2040.0,253.0,940.0,1037.0,1.0
0.0,1.0,1.0,0.0,0.0,0.0,1.0,0.0,1.0,0.0,0.0,0.0,0.0,0.0,3.0,0.0,1.0,4456998.5,5397464.5,4514916.5,5394432.5,4461487.0,5401866.5,7.45795166015625,10.18496602376302,30.138875,166.66666666666666,166.66666666666666,319.0,241.0,333.0,2040.0,253.0,1125.0,1425.0,0.0
0.0,1.0,1.0,0.0,0.0,0.0,1.0,0.0,1.0,0.0,0.0,0.0,0.0,0.0,3.0,0.0,1.0,4456998.5,5397464.5,4514916.5,5394432.5,4461487.0,5401866.5,3.2081904296875,4.575792439778645,14.760348333333331,166.66666666666666,166.66666666666666,319.0,304.0,333.0,2040.0,253.0,1020.0,1052.0,1.0
0.0,1.0,1.0,0.0,0.0,0.0,1.0,0.0,1.0,0.0,0.0,0.0,0.0,0.0,3.0,8.0,1.0,4458008.0,5403590.5,4470400.0,5323350.0,4453228.0,5403351.5,2.5448408203125,4.236886342366536,5.050919666666667,166.66666666666666,166.66666666666666,205.0,306.0,195.0,4415.0,164.0,993.0,1399.0,1.0
1.0,0.0,1.0,0.0,0.0,0.0,1.0,0.0,1.0,0.0,0.0,0.0,0.0,0.0,0.0,0.0,1.0,4459902.5,5404205.0,4458795.5,5307110.0,4461474.0,5401633.0,3.508121337890625,5.19376475016276,19.986016666666668,166.66666666666666,166.66666666666666,205.0,229.0,229.0,4518.0,347.0,977.0,1233.0,1.0
1.0,0.0,1.0,0.0,0.0,0.0,1.0,0.0,1.0,0.0,0.0,0.0,0.0,0.0,0.0,0.0,1.0,4459902.5,5404205.0,4458795.5,5307110.0,4461474.0,5401633.0,16.750183593750002,18.59491373697917,72.73208333333334,166.66666666666666,166.66666666666666,205.0,112.0,229.0,4518.0,347.0,1046.0,1172.0,0.0
0.0,1.0,0.0,1.0,1.0,0.0,0.0,0.0,1.0,0.0,0.0,0.0,0.0,0.0,4.0,9.0,1.0,4457536.5,5400677.5,4473961.5,5345697.5,4460703.0,5401245.0,5.3908525390625,7.561973063151042,36.43217,166.66666666666666,166.66666666666666,220.0,303.0,311.0,1724.0,346.0,557.0,651.0,1.0
0.0,1.0,0.0,1.0,1.0,0.0,0.0,0.0,1.0,0.0,0.0,0.0,0.0,0.0,3.0,9.0,1.0,4454529.0,5399437.5,4459982.5,5374300.5,4459663.5,5404151.5,3.2081904296875,4.575792439778645,14.760348333333331,166.66666666666666,166.66666666666666,319.0,304.0,162.0,1147.0,229.0,935.0,1036.0,5.0
1.0,0.0,1.0,0.0,0.0,0.0,1.0,0.0,1.0,0.0,0.0,0.0,0.0,0.0,6.0,3.0,0.0,4456482.0,5397720.0,4498860.5,5362902.5,4457660.5,5405507.5,2.120040771484375,3.64829584757487,22.174225,166.66666666666666,166.66666666666666,324.0,300.0,330.0,2279.0,144.0,933.0,1029.0,0.0
0.0,1.0,1.0,0.0,0.0,0.0,1.0,0.0,1.0,0.0,0.0,0.0,0.0,0.0,6.0,9.0,0.0,4459711.5,5402951.0,4459463.5,5403782.0,4453158.0,5403239.0,3.407233154296875,4.430802917480468,17.538875,166.66666666666666,166.66666666666666,245.0,241.0,244.0,232.0,156.0,923.0,1087.0,1.0
1.0,0.0,1.0,0.0,0.0,1.0,0.0,0.0,1.0,0.0,0.0,0.0,0.0,0.0,0.0,0.0,2.0,4456696.0,5404231.5,4528237.0,5386761.0,4456320.0,5397595.5,8.751294921875001,9.462206013997395,40.01764666666666,166.66666666666666,166.66666666666666,350.0,214.0,174.0,2233.0,331.0,713.0,717.0,1.0
1.0,0.0,1.0,0.0,0.0,0.0,1.0,0.0,1.0,0.0,0.0,0.0,0.0,0.0,6.0,7.0,1.0,4461957.5,5404211.5,4445597.5,5361132.5,4461512.0,5401904.5,6.1628833007812505,8.50882822672526,30.413653333333333,28.31365333333333,166.66666666666666,188.0,324.0,240.0,1229.0,253.0,989.0,1023.0,0.0
1.0,0.0,1.0,0.0,0.0,0.0,1.0,0.0,1.0,0.0,0.0,0.0,0.0,0.0,6.0,7.0,1.0,4461957.5,5404211.5,4445597.5,5361132.5,4461512.0,5401904.5,22.46498828125,18.47476806640625,187.97358333333327,166.66666666666666,166.66666666666666,188.0,402.0,240.0,1229.0,253.0,1238.0,1400.0,1.0
1.0,0.0,1.0,0.0,0.0,1.0,0.0,0.0,1.0,0.0,0.0,0.0,0.0,0.0,0.0,0.0,1.0,4459229.0,5405704.0,4440268.5,5352219.0,4457688.5,5404570.5,5.9323525390625,8.480834452311198,35.70203333333333,166.66666666666666,166.66666666666666,350.0,190.0,222.0,1233.0,185.0,1041.0,1118.0,4.0
1.0,0.0,1.0,0.0,0.0,1.0,0.0,0.0,1.0,0.0,0.0,0.0,0.0,0.0,0.0,0.0,1.0,4459608.5,5405681.0,4462459.0,5331288.0,4457157.0,5405807.5,4.4693583984375005,6.298120625813802,13.283906666666669,166.66666666666666,166.66666666666666,350.0,359.0,215.0,3027.0,140.0,612.0,877.0,5.0
0.0,1.0,0.0,1.0,0.0,0.0,1.0,0.0,1.0,0.0,0.0,0.0,0.0,0.0,1.0,0.0,0.0,4459144.0,5403522.5,4510851.0,5378133.5,4455976.5,5398594.5,6.96248974609375,9.39364013671875,31.703356666666664,166.66666666666666,166.66666666666666,140.0,304.0,233.0,2139.0,321.0,794.0,873.0,4.0
1.0,0.0,1.0,0.0,0.0,1.0,0.0,0.0,1.0,0.0,0.0,0.0,0.0,0.0,0.0,0.0,1.0,4454472.0,5403724.5,4464353.0,5329469.5,4458581.5,5400804.0,2.92534619140625,3.975230153401693,21.08582833333333,166.66666666666666,166.66666666666666,154.0,142.0,149.0,3078.0,316.0,760.0,911.0,4.0
0.0,1.0,1.0,0.0,0.0,0.0,1.0,0.0,1.0,0.0,0.0,0.0,0.0,0.0,1.0,9.0,1.0,4457606.5,5398145.0,4511108.5,5349023.0,4461258.0,5401168.0,2.757697998046875,3.651139068603515,29.538141666666668,166.66666666666666,166.66666666666666,336.0,302.0,336.0,2351.0,347.0,788.0,1322.0,5.0
1.0,0.0,0.0,1.0,0.0,0.0,1.0,0.0,1.0,0.0,0.0,0.0,0.0,0.0,0.0,0.0,2.0,4459206.5,5403521.5,4486229.5,5342154.0,4457660.5,5405507.5,7.8518569335937505,8.47946573893229,11.019143333333332,166.66666666666666,166.66666666666666,336.0,367.0,233.0,2011.0,144.0,614.0,729.0,1.0
1.0,0.0,1.0,0.0,0.0,0.0,1.0,0.0,1.0,0.0,0.0,0.0,0.0,0.0,7.0,9.0,1.0,4458009.5,5400368.5,4436134.5,5300179.5,4463366.0,5403002.0,7.35648291015625,10.779398600260416,31.590485,166.66666666666666,166.66666666666666,298.0,354.0,314.0,2513.0,348.0,977.0,1282.0,5.0
0.0,1.0,0.0,1.0,0.0,0.0,1.0,0.0,1.0,0.0,0.0,0.0,0.0,0.0,5.0,9.0,1.0,4459272.5,5404921.5,4476457.0,5325022.5,4459663.5,5404151.5,10.75759765625,8.164241536458333,33.140485,166.66666666666666,166.66666666666666,231.0,354.0,217.0,4303.0,229.0,1223.0,1431.0,1.0
0.0,1.0,0.0,1.0,0.0,0.0,1.0,0.0,1.0,0.0,0.0,0.0,0.0,0.0,5.0,9.0,1.0,4459272.5,5404921.5,4476457.0,5325022.5,4459663.5,5404151.5,4.300017578125,5.14717763264974,11.380481,166.66666666666666,166.66666666666666,231.0,240.0,217.0,4303.0,229.0,1279.0,1336.0,5.0
0.0,1.0,0.0,1.0,0.0,0.0,1.0,0.0,1.0,0.0,0.0,0.0,0.0,0.0,6.0,8.0,1.0,4456878.0,5400822.0,4526329.0,5368247.5,4453228.0,5403351.5,4.66914306640625,4.441645812988281,22.25435333333333,166.66666666666666,166.66666666666666,224.0,248.0,300.0,2264.0,164.0,1120.0,1308.0,5.0
0.0,1.0,1.0,0.0,1.0,0.0,0.0,0.0,1.0,0.0,0.0,0.0,0.0,0.0,2.0,9.0,1.0,4454894.0,5403343.5,4474322.5,5329312.0,4457292.5,5405731.5,2.1426240234375,3.202506510416667,10.953474,166.66666666666666,166.66666666666666,194.0,233.0,154.0,4204.0,139.0,857.0,907.0,4.0
0.0,1.0,0.0,1.0,1.0,0.0,0.0,0.0,1.0,0.0,0.0,0.0,0.0,0.0,4.0,9.0,1.0,4458390.5,5400963.5,4487846.5,5294809.5,4458875.5,5400964.5,5.25191552734375,6.793022155761719,43.61356666666666,166.66666666666666,166.66666666666666,219.0,339.0,309.0,4628.0,339.0,564.0,637.0,4.0
0.0,1.0,1.0,0.0,1.0,0.0,0.0,0.0,1.0,0.0,0.0,0.0,0.0,0.0,3.0,6.0,1.0,4457678.5,5397983.5,4434055.5,5389588.5,4459765.5,5404551.0,18.971966796875,19.98812459309896,166.66666666666666,166.66666666666666,166.66666666666666,149.0,278.0,336.0,33.0,227.0,1078.0,1206.0,4.0
0.0,1.0,1.0,0.0,0.0,0.0,1.0,0.0,1.0,0.0,0.0,0.0,0.0,0.0,3.0,9.0,1.0,4458137.5,5402000.0,4420318.5,5331839.0,4458064.0,5405052.5,1.295521484375,2.150244649251302,6.618013,166.66666666666666,166.66666666666666,152.0,176.0,212.0,2393.0,145.0,1131.0,1151.0,5.0
1.0,0.0,1.0,0.0,0.0,0.0,1.0,0.0,1.0,0.0,0.0,0.0,0.0,0.0,6.0,2.0,3.0,4457243.0,5399535.0,4446216.5,5338439.5,4455642.0,5404741.5,6.414412109375,8.510215759277344,42.08051,166.66666666666666,166.66666666666666,158.0,130.0,320.0,1319.0,165.0,518.0,720.0,5.0
1.0,0.0,1.0,0.0,0.0,0.0,1.0,0.0,1.0,0.0,0.0,0.0,0.0,0.0,6.0,2.0,3.0,4457243.0,5399535.0,4446216.5,5338439.5,4455642.0,5404741.5,0.3903414306640625,0.5714167912801107,16.052391666666665,166.66666666666666,166.66666666666666,158.0,158.0,320.0,1319.0,165.0,1072.0,1128.0,5.0
0.0,1.0,1.0,0.0,0.0,0.0,1.0,0.0,1.0,0.0,0.0,0.0,0.0,0.0,6.0,9.0,0.0,4461628.5,5403887.5,4441044.0,5416917.5,4463366.0,5403002.0,0.297766357421875,0.6444811503092448,3.8927005,166.66666666666666,166.66666666666666,205.0,205.0,242.0,55.0,348.0,922.0,1129.0,5.0
0.0,1.0,0.0,1.0,0.0,0.0,1.0,0.0,1.0,0.0,0.0,0.0,0.0,0.0,4.0,9.0,0.0,4461769.5,5403730.0,4446398.0,5380376.5,4459036.0,5402820.0,2.754922119140625,4.547951253255208,4.000919666666666,166.66666666666666,166.66666666666666,207.0,306.0,242.0,1100.0,243.0,863.0,875.0,2.0
0.0,1.0,1.0,0.0,0.0,0.0,1.0,0.0,1.0,0.0,0.0,0.0,0.0,0.0,7.0,9.0,0.0,4456162.5,5399506.5,4424393.5,5361928.0,4453254.0,5404918.5,5.5955498046875,7.590751139322917,16.515547666666667,166.66666666666666,166.66666666666666,345.0,206.0,319.0,869.0,164.0,516.0,588.0,2.0
0.0,1.0,1.0,0.0,0.0,0.0,1.0,0.0,1.0,0.0,0.0,0.0,0.0,0.0,7.0,9.0,0.0,4456603.5,5400533.5,4466124.5,5334942.0,4457826.0,5405353.0,10.2508017578125,13.0538818359375,57.56109666666667,166.66666666666666,166.66666666666666,158.0,326.0,299.0,3300.0,144.0,695.0,987.0,1.0
0.0,1.0,1.0,0.0,0.0,0.0,1.0,0.0,1.0,0.0,0.0,0.0,0.0,0.0,2.0,7.0,0.0,4456389.0,5404151.5,4424999.0,5345733.5,4457826.0,5405353.0,2.009337646484375,2.924352010091146,6.6180125,166.66666666666666,166.66666666666666,174.0,176.0,171.0,1067.0,144.0,906.0,926.0,4.0
0.0,1.0,1.0,0.0,0.0,0.0,1.0,0.0,1.0,0.0,0.0,0.0,0.0,0.0,2.0,6.0,1.0,4454705.0,5403388.0,4413579.0,5348438.5,4451879.5,5402609.5,0.1850968780517578,0.339596398671468,166.66666666666666,166.66666666666666,166.66666666666666,169.0,169.0,151.0,622.0,99.0,931.0,963.0,5.0
0.0,1.0,1.0,0.0,0.0,0.0,1.0,0.0,1.0,0.0,0.0,0.0,0.0,0.0,2.0,6.0,1.0,4454705.0,5403388.0,4413579.0,5348438.5,4451879.5,5402609.5,0.1850968780517578,0.339596398671468,166.66666666666666,166.66666666666666,166.66666666666666,169.0,169.0,151.0,622.0,99.0,1006.0,1138.0,5.0
1.0,0.0,0.0,1.0,0.0,0.0,1.0,0.0,1.0,0.0,0.0,0.0,0.0,0.0,0.0,0.0,1.0,4459790.5,5404073.0,4482616.5,5361592.5,4458697.0,5400887.0,5.07113232421875,6.808943176269531,26.709926666666668,166.66666666666666,166.66666666666666,169.0,245.0,235.0,1648.0,316.0,455.0,490.0,5.0
0.0,1.0,1.0,0.0,0.0,0.0,1.0,0.0,1.0,0.0,0.0,0.0,0.0,0.0,4.0,0.0,0.0,4456984.5,5403899.5,4460956.5,5332326.5,4463401.5,5402753.5,2.777834228515625,3.8470433553059897,17.540161666666666,166.66666666666666,166.66666666666666,331.0,320.0,181.0,2845.0,348.0,992.0,1004.0,4.0
0.0,1.0,1.0,0.0,1.0,0.0,0.0,0.0,1.0,0.0,0.0,0.0,0.0,0.0,3.0,9.0,2.0,4459256.5,5403541.5,4417748.5,5348662.0,4457215.5,5405242.5,7.70074267578125,10.75670369466146,11.435646666666663,166.66666666666666,166.66666666666666,136.0,174.0,234.0,1047.0,143.0,869.0,955.0,1.0
0.0,1.0,0.0,1.0,1.0,0.0,0.0,0.0,1.0,0.0,0.0,0.0,0.0,0.0,3.0,9.0,2.0,4456233.5,5397338.0,4464936.5,5335136.5,4457435.0,5405144.0,3.26978515625,4.231103006998698,17.800633333333334,166.66666666666666,166.66666666666666,208.0,174.0,331.0,2806.0,144.0,713.0,906.0,1.0
0.0,1.0,1.0,0.0,0.0,0.0,1.0,0.0,1.0,0.0,0.0,0.0,0.0,0.0,4.0,0.0,2.0,4459098.5,5405721.0,4477425.5,5304219.5,4456697.5,5405594.0,4.16334033203125,5.561651611328125,20.69316,166.66666666666666,166.66666666666666,243.0,174.0,222.0,4596.0,140.0,1141.0,1289.0,1.0
0.0,1.0,0.0,1.0,0.0,1.0,0.0,0.0,1.0,0.0,0.0,0.0,0.0,0.0,1.0,4.0,0.0,4459332.0,5402605.5,4460254.0,5421707.0,4458895.0,5401307.5,11.44912109375,14.220337931315104,39.93810166666666,166.66666666666666,166.66666666666666,332.0,165.0,243.0,70.0,339.0,1059.0,1073.0,5.0
0.0,1.0,1.0,0.0,1.0,0.0,0.0,0.0,1.0,0.0,0.0,0.0,0.0,0.0,1.0,8.0,1.0,4458341.5,5401434.5,4493096.5,5349677.0,4459394.5,5404503.5,5.0046201171875,6.8108978271484375,25.632393333333333,21.76996666666667,166.66666666666666,187.0,341.0,307.0,2337.0,224.0,1172.0,1189.0,5.0
0.0,1.0,1.0,0.0,0.0,0.0,1.0,0.0,1.0,0.0,0.0,0.0,0.0,0.0,5.0,0.0,2.0,4457647.0,5400604.0,4463093.5,5333572.5,4458895.0,5401307.5,15.8465693359375,13.891428629557293,48.710295,166.66666666666666,166.66666666666666,338.0,403.0,311.0,2877.0,339.0,715.0,895.0,0.0
0.0,1.0,1.0,0.0,0.0,1.0,0.0,0.0,1.0,0.0,0.0,0.0,0.0,0.0,1.0,8.0,0.0,4459942.0,5404052.5,4475395.5,5331121.0,4457852.5,5405105.0,9.666986328125,9.516550699869793,36.44792833333334,166.66666666666666,166.66666666666666,307.0,255.0,235.0,4232.0,144.0,505.0,548.0,1.0
0.0,1.0,1.0,0.0,0.0,0.0,1.0,0.0,1.0,0.0,0.0,0.0,0.0,0.0,4.0,8.0,1.0,4461848.5,5403546.0,4464405.0,5331536.0,4460896.0,5401096.0,2.38367431640625,3.6006792704264323,9.315639166666667,166.66666666666666,166.66666666666666,247.0,207.0,242.0,2959.0,346.0,1062.0,1063.0,1.0
0.0,1.0,0.0,1.0,0.0,1.0,0.0,0.0,1.0,0.0,0.0,0.0,0.0,0.0,1.0,0.0,1.0,4458851.0,5404749.0,4414304.0,5377664.0,4463457.0,5403081.0,4.2251064453125,6.230769856770833,13.819519,166.66666666666666,166.66666666666666,306.0,180.0,223.0,474.0,348.0,514.0,606.0,2.0
1.0,0.0,1.0,0.0,0.0,1.0,0.0,0.0,1.0,0.0,0.0,0.0,0.0,0.0,0.0,0.0,0.0,4458542.0,5404227.0,4477010.0,5425824.0,4457008.5,5405651.0,8.07540283203125,10.241224161783856,40.3646,166.66666666666666,166.66666666666666,306.0,158.0,191.0,81.0,141.0,537.0,666.0,5.0
0.0,1.0,1.0,0.0,0.0,0.0,1.0,0.0,1.0,0.0,0.0,0.0,0.0,0.0,5.0,9.0,2.0,4456199.5,5404405.5,4531149.0,5374330.0,4461512.0,5401904.5,4.65681005859375,6.430853780110677,14.575542166666663,166.66666666666666,166.66666666666666,148.0,194.0,168.0,2271.0,253.0,592.0,680.0,1.0
0.0,1.0,1.0,0.0,0.0,0.0,1.0,0.0,1.0,0.0,0.0,0.0,0.0,0.0,5.0,9.0,2.0,4456199.5,5404405.5,4531149.0,5374330.0,4461512.0,5401904.5,3.409697021484375,4.427860514322917,21.08582833333333,166.66666666666666,166.66666666666666,148.0,142.0,168.0,2271.0,253.0,941.0,1196.0,0.0
0.0,1.0,1.0,0.0,1.0,0.0,0.0,0.0,1.0,0.0,0.0,0.0,0.0,0.0,2.0,7.0,2.0,4458082.5,5400589.5,4481889.0,5363163.0,4460174.0,5404449.5,0.6013397827148438,0.981694730122884,5.121706666666666,166.66666666666666,166.66666666666666,172.0,166.0,315.0,1629.0,230.0,750.0,1326.0,5.0
0.0,1.0,0.0,1.0,0.0,0.0,1.0,0.0,1.0,0.0,0.0,0.0,0.0,0.0,5.0,8.0,3.0,4454759.0,5403825.0,4483083.5,5368398.0,4460703.0,5401245.0,6.6559296875000005,8.22159423828125,39.791093333333336,166.66666666666666,166.66666666666666,194.0,115.0,149.0,1206.0,346.0,544.0,677.0,1.0
0.0,1.0,1.0,0.0,0.0,0.0,1.0,0.0,1.0,0.0,0.0,0.0,0.0,0.0,7.0,9.0,0.0,4459046.0,5404273.5,4415549.0,5362510.0,4458636.5,5401516.0,13.99512109375,17.2638671875,61.56109666666667,166.66666666666666,166.66666666666666,98.0,326.0,225.0,644.0,308.0,588.0,997.0,2.0
0.0,1.0,1.0,0.0,0.0,0.0,1.0,0.0,1.0,0.0,0.0,0.0,0.0,0.0,7.0,9.0,0.0,4459046.0,5404273.5,4415549.0,5362510.0,4458636.5,5401516.0,5.8937451171875,5.693951924641927,213.0476,166.66666666666666,166.66666666666666,98.0,93.0,225.0,644.0,308.0,618.0,643.0,5.0
0.0,1.0,1.0,0.0,0.0,0.0,1.0,0.0,1.0,0.0,0.0,0.0,0.0,0.0,7.0,9.0,0.0,4459046.0,5404273.5,4415549.0,5362510.0,4458636.5,5401516.0,10.919388671875,12.5927734375,37.79108833333333,166.66666666666666,166.66666666666666,98.0,216.0,225.0,644.0,308.0,923.0,1006.0,5.0
0.0,1.0,1.0,0.0,1.0,0.0,0.0,0.0,1.0,0.0,0.0,0.0,0.0,0.0,1.0,9.0,2.0,4459352.5,5400604.5,4417336.0,5361084.0,4457026.5,5405407.5,2.425277587890625,3.3268763224283853,15.700561666666664,166.66666666666666,166.66666666666666,142.0,178.0,342.0,715.0,141.0,1091.0,1178.0,5.0
1.0,0.0,1.0,0.0,0.0,0.0,1.0,0.0,1.0,0.0,0.0,0.0,0.0,0.0,0.0,0.0,0.0,4456745.0,5403642.0,4410056.5,5357974.0,4463420.5,5402938.0,8.7540205078125,9.626868693033854,24.324031666666663,166.66666666666666,166.66666666666666,186.0,98.0,182.0,593.0,348.0,552.0,560.0,1.0
0.0,1.0,1.0,0.0,0.0,0.0,1.0,0.0,1.0,0.0,0.0,0.0,0.0,0.0,6.0,8.0,1.0,4456956.0,5400439.5,4400081.5,5350857.5,4454719.0,5404054.5,4.11745849609375,5.120385233561198,2.692116833333333,166.66666666666666,166.66666666666666,147.0,156.0,302.0,564.0,149.0,942.0,1073.0,1.0
0.0,1.0,1.0,0.0,0.0,0.0,1.0,0.0,1.0,0.0,0.0,0.0,0.0,0.0,6.0,8.0,1.0,4456956.0,5400439.5,4400081.5,5350857.5,4454719.0,5404054.5,7.32181201171875,9.99012654622396,11.524675,166.66666666666666,166.66666666666666,147.0,222.0,302.0,564.0,149.0,1185.0,1278.0,1.0
1.0,0.0,1.0,0.0,0.0,0.0,1.0,0.0,1.0,0.0,0.0,0.0,0.0,0.0,0.0,4.0,1.0,4456650.0,5399316.0,4415391.0,5359881.5,4461490.5,5401836.0,3.13933837890625,4.37803955078125,10.558398333333336,166.66666666666666,166.66666666666666,298.0,318.0,320.0,752.0,253.0,456.0,582.0,4.0
1.0,0.0,1.0,0.0,0.0,0.0,1.0,0.0,1.0,0.0,0.0,0.0,0.0,0.0,0.0,5.0,1.0,4457595.5,5403121.0,4400905.5,5369856.0,4460075.0,5404522.5,7.702359375,9.237509155273438,27.516851666666664,166.66666666666666,166.66666666666666,298.0,230.0,204.0,447.0,228.0,587.0,705.0,5.0
1.0,0.0,1.0,0.0,0.0,1.0,0.0,0.0,1.0,0.0,0.0,0.0,0.0,0.0,0.0,0.0,1.0,4456392.0,5403334.0,4471189.0,5393791.5,4458895.0,5401307.5,6.807401855468751,9.873141479492189,31.36611,166.66666666666666,166.66666666666666,315.0,147.0,179.0,403.0,339.0,632.0,635.0,1.0
1.0,0.0,0.0,1.0,0.0,0.0,1.0,0.0,1.0,0.0,0.0,0.0,0.0,0.0,7.0,9.0,2.0,4460219.5,5404750.5,4463393.0,5376621.5,4461512.0,5401904.5,4.6539619140625,6.471907552083334,23.807825,166.66666666666666,166.66666666666666,245.0,320.0,228.0,1129.0,253.0,973.0,1263.0,5.0
0.0,1.0,0.0,1.0,1.0,0.0,0.0,0.0,1.0,0.0,0.0,0.0,0.0,0.0,3.0,9.0,1.0,4455741.0,5408038.0,4470610.5,5374275.0,4458600.0,5404749.0,2.31193994140625,3.176410929361979,8.864445,166.66666666666666,166.66666666666666,200.0,175.0,134.0,1189.0,189.0,1011.0,1066.0,5.0
0.0,1.0,1.0,0.0,1.0,0.0,0.0,0.0,1.0,0.0,0.0,0.0,0.0,0.0,1.0,9.0,1.0,4459590.5,5403490.0,4502590.0,5312304.0,4459121.5,5401852.5,3.327716552734376,4.299598185221354,27.22632833333333,166.66666666666666,166.66666666666666,245.0,217.0,234.0,4712.0,247.0,1180.0,80.0,1.0
0.0,1.0,1.0,0.0,1.0,0.0,0.0,0.0,1.0,0.0,0.0,0.0,0.0,0.0,2.0,5.0,1.0,4456209.0,5404609.0,4497110.0,5304062.5,4461512.0,5401904.5,6.1683125,7.744080607096354,28.192576666666664,166.66666666666666,166.66666666666666,100.0,204.0,166.0,4741.0,253.0,1130.0,1243.0,5.0
0.0,1.0,1.0,0.0,1.0,0.0,0.0,0.0,1.0,0.0,0.0,0.0,0.0,0.0,2.0,5.0,1.0,4456209.0,5404609.0,4497110.0,5304062.5,4461512.0,5401904.5,7.1091103515625,9.19844970703125,30.53792333333333,166.66666666666666,166.66666666666666,100.0,196.0,166.0,4741.0,253.0,1179.0,119.0,1.0
1.0,0.0,1.0,0.0,1.0,0.0,0.0,0.0,1.0,0.0,0.0,0.0,0.0,0.0,5.0,9.0,1.0,4456508.5,5404947.0,4522034.5,5308416.0,4463394.0,5402695.5,5.2534296875,6.436622619628906,22.3646,166.66666666666666,166.66666666666666,201.0,158.0,142.0,4899.0,348.0,1066.0,1248.0,1.0
0.0,1.0,1.0,0.0,1.0,0.0,0.0,0.0,1.0,0.0,0.0,0.0,0.0,0.0,3.0,9.0,2.0,4462370.5,5404062.5,4510725.5,5293034.5,4463375.5,5403096.5,2.1359951171875,3.593458557128906,19.03759,166.66666666666666,166.66666666666666,176.0,146.0,254.0,4885.0,348.0,1165.0,59.0,5.0
0.0,1.0,1.0,0.0,1.0,0.0,0.0,0.0,1.0,0.0,0.0,0.0,0.0,0.0,3.0,9.0,2.0,4462370.5,5404062.5,4510725.5,5293034.5,4463375.5,5403096.5,12.3281572265625,18.077569580078126,360.7320666666666,166.66666666666666,166.66666666666666,176.0,112.0,254.0,4885.0,348.0,1025.0,1358.0,1.0
0.0,1.0,1.0,0.0,1.0,0.0,0.0,0.0,1.0,0.0,0.0,0.0,0.0,0.0,3.0,9.0,2.0,4459638.5,5400918.0,4508908.0,5294820.5,4458151.0,5404785.5,0.8913014526367188,1.1662710825602214,15.429564333333332,166.66666666666666,166.66666666666666,320.0,302.0,339.0,4887.0,188.0,860.0,932.0,5.0
0.0,1.0,1.0,0.0,1.0,0.0,0.0,0.0,1.0,0.0,0.0,0.0,0.0,0.0,2.0,9.0,3.0,4458271.0,5398055.0,4460487.0,5391346.5,4461580.5,5401514.0,5.74644775390625,7.834696960449219,22.031216666666666,21.611543333333334,166.66666666666666,139.0,207.0,338.0,371.0,347.0,1031.0,1234.0,5.0
1.0,0.0,1.0,0.0,0.0,0.0,1.0,0.0,1.0,0.0,0.0,0.0,0.0,0.0,0.0,0.0,2.0,4456051.5,5403838.5,4459199.5,5406133.5,4463327.0,5402795.5,4.93417626953125,6.414036560058594,26.92748,26.691261666666666,166.66666666666666,139.0,232.0,177.0,222.0,348.0,1222.0,1237.0,1.0
0.0,1.0,1.0,0.0,1.0,0.0,0.0,0.0,1.0,0.0,0.0,0.0,0.0,0.0,2.0,9.0,2.0,4460273.0,5404159.5,4485940.0,5337445.0,4463375.5,5403096.5,8.898125,12.43958231608073,58.51585333333333,59.033655,166.66666666666666,138.0,248.0,230.0,4342.0,348.0,1222.0,25.0,0.0
0.0,1.0,1.0,0.0,1.0,0.0,0.0,0.0,1.0,0.0,0.0,0.0,0.0,0.0,2.0,9.0,2.0,4460273.0,5404159.5,4485940.0,5337445.0,4463375.5,5403096.5,0.8467905883789063,1.5101975758870445,24.851308333333336,166.66666666666666,166.66666666666666,138.0,134.0,230.0,4342.0,348.0,946.0,987.0,5.0
0.0,1.0,0.0,1.0,1.0,0.0,0.0,0.0,1.0,0.0,0.0,0.0,0.0,0.0,3.0,9.0,2.0,4458856.5,5398015.5,4412077.0,5336580.0,4461964.0,5405814.0,4.95543115234375,6.537116495768229,4.747147666666667,166.66666666666666,166.66666666666666,172.0,222.0,338.0,2384.0,239.0,577.0,1202.0,5.0
0.0,1.0,0.0,1.0,0.0,0.0,1.0,0.0,1.0,0.0,0.0,0.0,0.0,0.0,6.0,9.0,2.0,4456749.5,5404153.5,4416453.0,5323966.0,4456607.0,5406151.0,11.3914609375,12.141806030273438,14.747181666666668,166.66666666666666,166.66666666666666,315.0,368.0,174.0,2462.0,140.0,709.0,780.0,0.0
0.0,1.0,1.0,0.0,0.0,1.0,0.0,0.0,1.0,0.0,0.0,0.0,0.0,0.0,1.0,0.0,0.0,4458592.5,5400946.5,4456879.0,5308362.0,4461580.5,5401514.0,1.4187581787109376,2.1141695658365887,23.09367,166.66666666666666,166.66666666666666,204.0,201.0,310.0,4503.0,347.0,570.0,700.0,4.0
1.0,0.0,1.0,0.0,0.0,0.0,1.0,0.0,1.0,0.0,0.0,0.0,0.0,0.0,6.0,9.0,1.0,4459601.5,5402887.0,4464347.5,5338662.0,4452877.0,5404303.5,1.821338134765625,2.5394851684570314,4.518470333333333,166.66666666666666,166.66666666666666,302.0,309.0,243.0,1532.0,164.0,866.0,893.0,2.0
1.0,0.0,1.0,0.0,0.0,0.0,1.0,0.0,1.0,0.0,0.0,0.0,0.0,0.0,6.0,9.0,1.0,4459601.5,5402887.0,4464347.5,5338662.0,4452877.0,5404303.5,3.641627197265625,4.912732442220052,15.936772666666666,166.66666666666666,166.66666666666666,302.0,338.0,243.0,1532.0,164.0,557.0,778.0,2.0
1.0,0.0,1.0,0.0,0.0,0.0,1.0,0.0,1.0,0.0,0.0,0.0,0.0,0.0,6.0,8.0,1.0,4456569.5,5404620.0,4492609.5,5350765.0,4459712.0,5400253.5,2.352073974609375,3.664245096842448,18.86094,166.66666666666666,166.66666666666666,147.0,171.0,172.0,2308.0,345.0,916.0,990.0,5.0
1.0,0.0,1.0,0.0,1.0,0.0,0.0,0.0,1.0,0.0,0.0,0.0,0.0,0.0,3.0,6.0,1.0,4455162.0,5403228.0,4511573.5,5377850.5,4463375.5,5403096.5,11.73975390625,14.325099690755208,52.272306666666665,166.66666666666666,166.66666666666666,301.0,124.0,161.0,2142.0,348.0,922.0,1203.0,1.0
1.0,0.0,1.0,0.0,1.0,0.0,0.0,0.0,1.0,0.0,0.0,0.0,0.0,0.0,3.0,6.0,1.0,4455162.0,5403228.0,4511573.5,5377850.5,4463375.5,5403096.5,4.70082275390625,7.350188191731771,19.367583333333336,166.66666666666666,166.66666666666666,301.0,340.0,161.0,2142.0,348.0,514.0,605.0,1.0
0.0,1.0,0.0,1.0,0.0,0.0,1.0,0.0,1.0,0.0,0.0,0.0,0.0,0.0,6.0,9.0,1.0,4453888.5,5397964.0,4463715.0,5324828.5,4461335.0,5401081.0,0.2823507385253906,0.4466355323791504,2.328231666666667,166.66666666666666,166.66666666666666,173.0,173.0,327.0,3177.0,347.0,931.0,975.0,1.0
0.0,1.0,0.0,1.0,0.0,0.0,1.0,0.0,1.0,0.0,0.0,0.0,0.0,0.0,3.0,9.0,1.0,4457586.5,5401734.5,4474629.0,5328839.0,4457660.5,5405507.5,15.8517783203125,10.417694091796877,205.1432166666667,166.66666666666666,166.66666666666666,229.0,400.0,209.0,4225.0,144.0,745.0,854.0,4.0
1.0,0.0,0.0,1.0,0.0,1.0,0.0,0.0,1.0,0.0,0.0,0.0,0.0,0.0,0.0,0.0,1.0,4452203.0,5401699.5,4509512.0,5356309.0,4461012.0,5401144.5,14.999583984375,17.6431396484375,55.849050000000005,166.66666666666666,166.66666666666666,97.0,227.0,102.0,2325.0,346.0,537.0,679.0,0.0
1.0,0.0,0.0,1.0,0.0,1.0,0.0,0.0,1.0,0.0,0.0,0.0,0.0,0.0,0.0,0.0,1.0,4452203.0,5401699.5,4509512.0,5356309.0,4461012.0,5401144.5,12.02983203125,14.231906127929689,56.79544333333333,166.66666666666666,166.66666666666666,97.0,21.0,102.0,2325.0,346.0,1300.0,1338.0,1.0
0.0,1.0,0.0,1.0,1.0,0.0,0.0,0.0,1.0,0.0,0.0,0.0,0.0,0.0,3.0,9.0,0.0,4456919.5,5404530.0,4471101.0,5393784.0,4455843.5,5403552.5,11.0329951171875,13.471566772460935,217.74986666666663,166.66666666666666,166.66666666666666,97.0,95.0,173.0,403.0,178.0,876.0,1030.0,1.0
0.0,1.0,1.0,0.0,0.0,0.0,1.0,0.0,1.0,0.0,0.0,0.0,0.0,0.0,4.0,9.0,0.0,4459347.0,5401715.5,4470824.5,5323277.5,4457305.5,5404950.5,0.6095719604492188,1.2191439310709635,0.6419416666666666,166.66666666666666,166.66666666666666,311.0,313.0,248.0,4411.0,144.0,929.0,1088.0,1.0
0.0,1.0,1.0,0.0,0.0,0.0,1.0,0.0,1.0,0.0,0.0,0.0,0.0,0.0,3.0,9.0,1.0,4459513.0,5403846.5,4469146.0,5348083.5,4458701.0,5404845.5,1.463861328125,2.4214096069335938,2.515556333333333,166.66666666666666,166.66666666666666,314.0,306.0,232.0,1697.0,189.0,1130.0,1158.0,4.0
0.0,1.0,1.0,0.0,0.0,0.0,1.0,0.0,1.0,0.0,0.0,0.0,0.0,0.0,3.0,9.0,1.0,4459513.0,5403846.5,4469146.0,5348083.5,4458701.0,5404845.5,2.1610358886718752,3.10248285929362,11.410545,166.66666666666666,166.66666666666666,314.0,298.0,232.0,1697.0,189.0,557.0,568.0,4.0
1.0,0.0,0.0,1.0,0.0,1.0,0.0,0.0,1.0,0.0,0.0,0.0,0.0,0.0,0.0,0.0,0.0,4454748.5,5403968.0,4484339.0,5328893.5,4457517.0,5404901.0,6.33923681640625,8.174674479166667,24.954231666666665,24.93896,166.66666666666666,314.0,223.0,149.0,4390.0,144.0,620.0,787.0,4.0
0.0,1.0,0.0,1.0,1.0,0.0,0.0,0.0,1.0,0.0,0.0,0.0,0.0,0.0,4.0,9.0,2.0,4458893.0,5401673.0,4417878.0,5348755.0,4455416.0,5403622.5,5.069306640625,7.264865112304688,22.6169,166.66666666666666,166.66666666666666,191.0,300.0,339.0,1047.0,155.0,562.0,1109.0,4.0
1.0,0.0,1.0,0.0,0.0,0.0,1.0,0.0,1.0,0.0,0.0,0.0,0.0,0.0,7.0,6.0,1.0,4457352.5,5404232.0,4485937.5,5337525.0,4457826.0,5405353.0,3.69809375,5.520008341471354,22.019983333333336,166.66666666666666,166.66666666666666,216.0,205.0,186.0,4342.0,144.0,910.0,1091.0,5.0
0.0,1.0,1.0,0.0,1.0,0.0,0.0,0.0,1.0,0.0,0.0,0.0,0.0,0.0,3.0,9.0,1.0,4456579.5,5404191.5,4417893.0,5361399.0,4457154.5,5405163.5,5.42696728515625,7.485337829589843,25.68259833333333,166.66666666666666,166.66666666666666,176.0,312.0,174.0,714.0,143.0,1082.0,1099.0,5.0
0.0,1.0,0.0,1.0,1.0,0.0,0.0,0.0,1.0,0.0,0.0,0.0,0.0,0.0,1.0,9.0,1.0,4459010.0,5402383.5,4439038.5,5417039.5,4460174.0,5404449.5,3.618418212890625,5.052033996582031,30.78312333333333,166.66666666666666,166.66666666666666,241.0,213.0,245.0,56.0,230.0,954.0,1058.0,5.0
0.0,1.0,0.0,1.0,1.0,0.0,0.0,0.0,1.0,0.0,0.0,0.0,0.0,0.0,1.0,9.0,1.0,4459010.0,5402383.5,4439038.5,5417039.5,4460174.0,5404449.5,10.734958984375,11.206447347005208,42.58735,166.66666666666666,166.66666666666666,241.0,376.0,245.0,56.0,230.0,523.0,637.0,1.0
0.0,1.0,0.0,1.0,1.0,0.0,0.0,0.0,1.0,0.0,0.0,0.0,0.0,0.0,4.0,9.0,1.0,4459249.0,5400389.5,4457069.5,5403528.5,4461580.5,5401514.0,7.7157470703125,10.80693359375,25.83728333333333,166.66666666666666,166.66666666666666,181.0,138.0,343.0,183.0,347.0,849.0,1023.0,1.0
0.0,1.0,1.0,0.0,0.0,0.0,1.0,0.0,1.0,0.0,0.0,0.0,0.0,0.0,2.0,6.0,0.0,4459279.5,5404244.0,4425169.0,5358506.5,4458684.0,5400122.5,5.4907294921875005,7.686678568522136,18.363401666666668,166.66666666666666,166.66666666666666,316.0,172.0,226.0,904.0,318.0,526.0,731.0,5.0
1.0,0.0,1.0,0.0,0.0,0.0,1.0,0.0,1.0,0.0,0.0,0.0,0.0,0.0,0.0,3.0,1.0,4456825.5,5407833.5,4444899.0,5337574.5,4458064.0,5405052.5,3.008772216796875,4.524159749348958,9.679931666666668,166.66666666666666,166.66666666666666,316.0,207.0,138.0,2548.0,145.0,634.0,678.0,5.0
0.0,1.0,0.0,1.0,0.0,0.0,1.0,0.0,1.0,0.0,0.0,0.0,0.0,0.0,5.0,9.0,1.0,4458203.0,5401097.0,4500041.0,5302967.0,4461512.0,5401904.5,3.960002197265625,5.412048848470052,15.435485,166.66666666666666,166.66666666666666,321.0,304.0,309.0,4748.0,253.0,719.0,762.0,1.0
0.0,1.0,1.0,0.0,1.0,0.0,0.0,0.0,1.0,0.0,0.0,0.0,0.0,0.0,3.0,9.0,1.0,4459177.0,5404975.5,4465414.0,5334971.0,4457826.0,5405353.0,13.1844013671875,14.158093261718747,32.74718166666666,166.66666666666666,166.66666666666666,321.0,368.0,216.0,3286.0,144.0,482.0,597.0,1.0
0.0,1.0,1.0,0.0,1.0,0.0,0.0,0.0,1.0,0.0,0.0,0.0,0.0,0.0,3.0,9.0,1.0,4459177.0,5404975.5,4465414.0,5334971.0,4457826.0,5405353.0,7.2196865234375,9.886644490559895,33.025885,166.66666666666666,166.66666666666666,321.0,225.0,216.0,3286.0,144.0,572.0,1116.0,5.0
0.0,1.0,0.0,1.0,0.0,0.0,1.0,0.0,1.0,0.0,0.0,0.0,0.0,0.0,3.0,9.0,2.0,4458723.5,5400773.5,4473085.5,5336664.0,4459663.5,5404151.5,1.280207275390625,2.028920364379883,3.6494618333333335,166.66666666666666,166.66666666666666,316.0,307.0,316.0,3752.0,229.0,1006.0,1020.0,5.0
0.0,1.0,1.0,0.0,0.0,0.0,1.0,0.0,1.0,0.0,0.0,0.0,0.0,0.0,5.0,9.0,1.0,4457655.5,5402782.5,4472460.5,5332185.5,4462720.0,5403828.5,5.22045556640625,7.389323425292969,17.352335,15.041878333333331,166.66666666666666,172.0,309.0,207.0,3838.0,254.0,1196.0,222.0,1.0
0.0,1.0,1.0,0.0,1.0,0.0,0.0,0.0,1.0,0.0,0.0,0.0,0.0,0.0,4.0,9.0,1.0,4457158.5,5404191.5,4487480.0,5293974.0,4461580.5,5401514.0,12.9079755859375,10.234527587890623,37.23658,166.66666666666666,166.66666666666666,191.0,358.0,175.0,4625.0,347.0,902.0,1207.0,0.0
0.0,1.0,1.0,0.0,1.0,0.0,0.0,0.0,1.0,0.0,0.0,0.0,0.0,0.0,4.0,9.0,1.0,4457158.5,5404191.5,4487480.0,5293974.0,4461580.5,5401514.0,2.637386474609375,3.426349131266276,4.150222333333334,166.66666666666666,166.66666666666666,191.0,181.0,175.0,4625.0,347.0,1110.0,1122.0,5.0
0.0,1.0,0.0,1.0,0.0,0.0,1.0,0.0,1.0,0.0,0.0,0.0,0.0,0.0,7.0,9.0,0.0,4459101.0,5405129.0,4495022.5,5369391.0,4461551.0,5401820.5,5.937978515625,8.476323954264323,166.66666666666666,166.66666666666666,166.66666666666666,149.0,243.0,216.0,2192.0,253.0,974.0,1031.0,1.0
0.0,1.0,1.0,0.0,1.0,0.0,0.0,0.0,1.0,0.0,0.0,0.0,0.0,0.0,2.0,9.0,0.0,4462130.0,5404065.5,4415879.0,5328448.0,4463420.5,5402938.0,2.254880126953125,3.1116513570149738,6.468424,166.66666666666666,166.66666666666666,198.0,243.0,254.0,2404.0,348.0,1111.0,1128.0,5.0
0.0,1.0,1.0,0.0,1.0,0.0,0.0,0.0,1.0,0.0,0.0,0.0,0.0,0.0,2.0,9.0,0.0,4462130.0,5404065.5,4415879.0,5328448.0,4463420.5,5402938.0,0.2418218536376953,0.3527760505676269,166.66666666666666,166.66666666666666,166.66666666666666,198.0,198.0,254.0,2404.0,348.0,570.0,671.0,5.0
0.0,1.0,1.0,0.0,0.0,0.0,1.0,0.0,1.0,0.0,0.0,0.0,0.0,0.0,6.0,4.0,1.0,4454010.5,5397859.5,4479710.5,5336407.0,4458895.0,5401307.5,5.0154814453125,7.246531677246094,26.96606,166.66666666666666,166.66666666666666,172.0,303.0,327.0,3795.0,339.0,507.0,787.0,5.0
0.0,1.0,1.0,0.0,0.0,0.0,1.0,0.0,1.0,0.0,0.0,0.0,0.0,0.0,6.0,4.0,1.0,4454010.5,5397859.5,4479710.5,5336407.0,4458895.0,5401307.5,0.2188723602294922,0.388549009958903,3.663400833333333,166.66666666666666,166.66666666666666,172.0,172.0,327.0,3795.0,339.0,899.0,936.0,5.0
0.0,1.0,1.0,0.0,0.0,0.0,1.0,0.0,1.0,0.0,0.0,0.0,0.0,0.0,4.0,3.0,0.0,4459398.0,5405118.0,4422056.0,5367442.0,4455504.5,5405034.5,16.3209345703125,19.76807861328125,190.75446666666667,119.11445,166.66666666666666,134.0,13.0,217.0,524.0,165.0,1291.0,1362.0,0.0
0.0,1.0,1.0,0.0,0.0,0.0,1.0,0.0,1.0,0.0,0.0,0.0,0.0,0.0,5.0,0.0,1.0,4462407.0,5403814.0,4471120.5,5324762.5,4458150.0,5404632.5,3.407233154296875,4.430802917480468,17.538875,166.66666666666666,166.66666666666666,245.0,241.0,254.0,4130.0,188.0,586.0,929.0,2.0
0.0,1.0,1.0,0.0,0.0,0.0,1.0,0.0,1.0,0.0,0.0,0.0,0.0,0.0,6.0,9.0,0.0,4456052.5,5404133.5,4443951.0,5338235.0,4457026.5,5405407.5,9.664470703125,10.22586669921875,36.73197833333334,166.66666666666666,166.66666666666666,139.0,345.0,170.0,1285.0,141.0,1073.0,1272.0,2.0
0.0,1.0,1.0,0.0,0.0,0.0,1.0,0.0,1.0,0.0,0.0,0.0,0.0,0.0,6.0,9.0,0.0,4456052.5,5404133.5,4443951.0,5338235.0,4457026.5,5405407.5,7.29900439453125,9.84802958170573,166.66666666666666,166.66666666666666,166.66666666666666,139.0,149.0,170.0,1285.0,141.0,722.0,778.0,5.0
0.0,1.0,0.0,1.0,1.0,0.0,0.0,0.0,1.0,0.0,0.0,0.0,0.0,0.0,3.0,9.0,1.0,4456102.0,5404242.5,4416902.5,5323627.5,4459663.5,5404151.5,36.7830078125,27.02398478190104,803.6782499999999,59.05828833333333,166.66666666666666,225.0,1131.0,170.0,2465.0,229.0,645.0,774.0,1.0
1.0,0.0,0.0,1.0,0.0,1.0,0.0,0.0,1.0,0.0,0.0,0.0,0.0,0.0,0.0,0.0,0.0,4456201.5,5404107.0,4501016.0,5302789.5,4461580.5,5401514.0,0.5168864135742187,0.6964080174763997,0.8477212833333333,166.66666666666666,166.66666666666666,187.0,186.0,170.0,4757.0,347.0,933.0,961.0,5.0
0.0,1.0,1.0,0.0,1.0,0.0,0.0,0.0,1.0,0.0,0.0,0.0,0.0,0.0,3.0,9.0,1.0,4462120.0,5403510.0,4514093.5,5379030.5,4457026.5,5405407.5,1.2960504150390626,1.826842371622721,25.31765333333333,166.66666666666666,166.66666666666666,187.0,145.0,254.0,2169.0,141.0,450.0,614.0,5.0
1.0,0.0,1.0,0.0,0.0,1.0,0.0,0.0,1.0,0.0,0.0,0.0,0.0,0.0,0.0,0.0,0.0,4457484.5,5404392.0,4466958.0,5342684.5,4461580.5,5401514.0,3.9437646484375,5.443434651692709,24.550646666666665,166.66666666666666,166.66666666666666,187.0,146.0,186.0,1735.0,347.0,1127.0,1155.0,5.0
1.0,0.0,1.0,0.0,0.0,1.0,0.0,0.0,1.0,0.0,0.0,0.0,0.0,0.0,0.0,0.0,1.0,4457446.0,5399298.0,4439132.0,5400959.0,4459849.5,5404545.0,6.902193359375,8.394394938151041,14.925450666666668,166.66666666666666,166.66666666666666,187.0,156.0,325.0,21.0,227.0,1055.0,1223.0,0.0
1.0,0.0,1.0,0.0,0.0,0.0,1.0,0.0,1.0,0.0,0.0,0.0,0.0,0.0,6.0,3.0,1.0,4459102.0,5406175.5,4474322.5,5329312.0,4461512.0,5401904.5,26.074630859375,21.45639444986979,452.62305,325.62305000000003,166.66666666666666,326.0,1138.0,222.0,4204.0,253.0,1084.0,1308.0,1.0
0.0,1.0,1.0,0.0,1.0,0.0,0.0,0.0,1.0,0.0,0.0,0.0,0.0,0.0,3.0,9.0,0.0,4456700.0,5404825.0,4480504.0,5361714.5,4457084.0,5405002.0,2.44180126953125,3.4125714619954426,9.147145666666669,166.66666666666666,166.66666666666666,241.0,240.0,172.0,1618.0,143.0,1221.0,1270.0,5.0
0.0,1.0,1.0,0.0,0.0,1.0,0.0,0.0,1.0,0.0,0.0,0.0,0.0,0.0,1.0,0.0,1.0,4459131.0,5405227.0,4492188.5,5350999.5,4455976.5,5398594.5,28.502724609375,18.65121866861979,537.3331999999999,367.3332,166.66666666666666,241.0,1105.0,216.0,2297.0,321.0,883.0,1100.0,0.0
0.0,1.0,1.0,0.0,0.0,1.0,0.0,0.0,1.0,0.0,0.0,0.0,0.0,0.0,1.0,0.0,1.0,4459131.0,5405227.0,4492188.5,5350999.5,4455976.5,5398594.5,2.957159912109375,3.680690256754557,13.428964166666669,166.66666666666666,166.66666666666666,241.0,223.0,216.0,2297.0,321.0,568.0,611.0,1.0
0.0,1.0,1.0,0.0,0.0,0.0,1.0,0.0,1.0,0.0,0.0,0.0,0.0,0.0,2.0,6.0,1.0,4452479.0,5401569.0,4418528.5,5359075.5,4457293.5,5404346.5,24.768564453125,25.0310302734375,74.60226666666668,57.398445,166.66666666666666,234.0,29.0,162.0,800.0,186.0,815.0,1022.0,1.0
0.0,1.0,1.0,0.0,0.0,0.0,1.0,0.0,1.0,0.0,0.0,0.0,0.0,0.0,2.0,6.0,1.0,4452479.0,5401569.0,4418528.5,5359075.5,4457293.5,5404346.5,1.6015665283203124,2.084798304239909,12.439882333333331,166.66666666666666,166.66666666666666,234.0,197.0,162.0,800.0,186.0,997.0,1156.0,4.0
0.0,1.0,0.0,1.0,0.0,0.0,1.0,0.0,1.0,0.0,0.0,0.0,0.0,0.0,7.0,4.0,0.0,4457485.5,5398198.0,4468665.5,5337761.5,4457026.5,5405407.5,4.7278989257812505,6.484762064615885,14.549507666666669,166.66666666666666,166.66666666666666,164.0,194.0,336.0,1925.0,141.0,1109.0,1415.0,5.0
0.0,1.0,0.0,1.0,0.0,0.0,1.0,0.0,1.0,0.0,0.0,0.0,0.0,0.0,7.0,9.0,1.0,4457193.0,5408670.0,4460778.0,5302189.0,4458941.0,5398484.5,3.9818046875,5.282612101236979,12.038876666666663,166.66666666666666,166.66666666666666,209.0,241.0,134.0,4538.0,338.0,902.0,1188.0,5.0
0.0,1.0,1.0,0.0,1.0,0.0,0.0,0.0,1.0,0.0,0.0,0.0,0.0,0.0,2.0,9.0,1.0,4457792.0,5403153.5,4513363.0,5320911.5,4463475.5,5402807.5,0.5168864135742187,0.6964080174763997,0.8477212833333333,166.66666666666666,166.66666666666666,187.0,186.0,205.0,4699.0,348.0,674.0,859.0,5.0
0.0,1.0,1.0,0.0,1.0,0.0,0.0,0.0,1.0,0.0,0.0,0.0,0.0,0.0,1.0,9.0,1.0,4458560.0,5404556.5,4517620.5,5324984.0,4462732.0,5403749.0,1.952721435546875,3.018873850504557,18.017153333333333,166.66666666666666,166.66666666666666,321.0,322.0,189.0,4722.0,254.0,525.0,714.0,5.0
0.0,1.0,1.0,0.0,1.0,0.0,0.0,0.0,1.0,0.0,0.0,0.0,0.0,0.0,2.0,8.0,1.0,4457745.0,5400645.0,4462678.5,5376612.5,4463401.5,5402753.5,5.7256059570312505,6.91475575764974,26.24110333333333,166.66666666666666,166.66666666666666,180.0,101.0,312.0,1127.0,348.0,924.0,996.0,0.0
1.0,0.0,0.0,1.0,0.0,1.0,0.0,0.0,1.0,0.0,0.0,0.0,0.0,0.0,0.0,0.0,0.0,4459873.5,5400748.5,4461250.5,5330005.0,4462630.0,5403017.5,1.447272216796875,2.2520065307617188,16.412075,166.66666666666666,166.66666666666666,180.0,187.0,345.0,3013.0,348.0,981.0,982.0,0.0
0.0,1.0,1.0,0.0,1.0,0.0,0.0,0.0,1.0,0.0,0.0,0.0,0.0,0.0,4.0,9.0,1.0,4459067.5,5404819.5,4456026.0,5404718.5,4457681.0,5404681.5,3.901651611328125,5.321719868977865,17.1464,166.66666666666666,166.66666666666666,171.0,212.0,223.0,165.0,185.0,975.0,1316.0,0.0
0.0,1.0,1.0,0.0,0.0,0.0,1.0,0.0,1.0,0.0,0.0,0.0,0.0,0.0,4.0,7.0,1.0,4458577.0,5401869.5,4469003.5,5340101.0,4459043.0,5403419.0,13.791259765625,16.42976277669271,33.21685333333333,166.66666666666666,166.66666666666666,98.0,242.0,213.0,1883.0,233.0,607.0,761.0,1.0
0.0,1.0,0.0,1.0,1.0,0.0,0.0,0.0,1.0,0.0,0.0,0.0,0.0,0.0,3.0,9.0,1.0,4446835.0,5403333.0,4469022.0,5330715.0,4456279.5,5405325.0,5.109642578125,5.912560017903646,6.1968250000000005,166.66666666666666,166.66666666666666,334.0,319.0,97.0,4027.0,165.0,939.0,999.0,2.0
0.0,1.0,1.0,0.0,0.0,0.0,1.0,0.0,1.0,0.0,0.0,0.0,0.0,0.0,4.0,9.0,1.0,4457227.0,5404246.0,4418137.5,5348478.5,4458851.5,5399691.0,2.912063720703125,3.9405476888020834,28.09555,166.66666666666666,166.66666666666666,320.0,338.0,175.0,1047.0,349.0,963.0,1052.0,5.0
0.0,1.0,0.0,1.0,0.0,0.0,1.0,0.0,1.0,0.0,0.0,0.0,0.0,0.0,5.0,9.0,0.0,4458723.0,5404236.5,4461977.0,5341665.0,4457333.5,5405846.5,3.527218994140625,5.015169779459636,13.301223333333333,166.66666666666666,166.66666666666666,207.0,223.0,191.0,1438.0,139.0,926.0,952.0,4.0
0.0,1.0,0.0,1.0,0.0,0.0,1.0,0.0,1.0,0.0,0.0,0.0,0.0,0.0,5.0,9.0,0.0,4458723.0,5404236.5,4461977.0,5341665.0,4457333.5,5405846.5,11.4671513671875,11.164324951171874,28.113535,166.66666666666666,166.66666666666666,207.0,122.0,191.0,1438.0,139.0,1048.0,1064.0,4.0
0.0,1.0,0.0,1.0,0.0,0.0,1.0,0.0,1.0,0.0,0.0,0.0,0.0,0.0,6.0,9.0,1.0,4458477.0,5401862.0,4461679.0,5343191.5,4455828.0,5405076.0,5.2363652343750005,7.103214518229167,50.17423833333333,166.66666666666666,166.66666666666666,235.0,297.0,213.0,1429.0,165.0,676.0,1024.0,5.0
0.0,1.0,1.0,0.0,0.0,0.0,1.0,0.0,1.0,0.0,0.0,0.0,0.0,0.0,5.0,9.0,0.0,4458405.5,5400406.0,4501857.5,5396250.5,4461580.5,5401514.0,20.598607421875,14.883103434244791,190.04771666666664,166.66666666666666,166.66666666666666,235.0,286.0,317.0,2025.0,347.0,595.0,697.0,1.0
0.0,1.0,1.0,0.0,0.0,0.0,1.0,0.0,1.0,0.0,0.0,0.0,0.0,0.0,5.0,9.0,0.0,4458405.5,5400406.0,4501857.5,5396250.5,4461580.5,5401514.0,5.227478515625,6.8865478515625,45.951795,166.66666666666666,166.66666666666666,235.0,318.0,317.0,2025.0,347.0,1163.0,1307.0,1.0
0.0,1.0,0.0,1.0,1.0,0.0,0.0,0.0,1.0,0.0,0.0,0.0,0.0,0.0,2.0,9.0,1.0,4456655.5,5408228.0,4440777.5,5417293.0,4461234.5,5401229.0,10.8616064453125,9.81072998046875,22.803246666666663,166.66666666666666,166.66666666666666,340.0,358.0,134.0,55.0,346.0,1032.0,1173.0,2.0
0.0,1.0,1.0,0.0,0.0,0.0,1.0,0.0,1.0,0.0,0.0,0.0,0.0,0.0,7.0,9.0,1.0,4456887.0,5400486.0,4464719.5,5333214.0,4459043.0,5403419.0,4.8814248046875,6.58217061360677,11.538876666666663,166.66666666666666,166.66666666666666,204.0,241.0,302.0,2915.0,233.0,1155.0,1209.0,5.0
0.0,1.0,1.0,0.0,0.0,0.0,1.0,0.0,1.0,0.0,0.0,0.0,0.0,0.0,7.0,9.0,1.0,4456887.0,5400486.0,4464719.5,5333214.0,4459043.0,5403419.0,13.924703125,13.068529256184895,32.89823,166.66666666666666,166.66666666666666,204.0,377.0,302.0,2915.0,233.0,944.0,974.0,2.0
0.0,1.0,1.0,0.0,0.0,0.0,1.0,0.0,1.0,0.0,0.0,0.0,0.0,0.0,3.0,0.0,1.0,4454904.0,5403401.5,4466862.5,5335147.0,4457589.0,5405675.0,12.259146484375,14.820603434244791,51.494641666666666,166.66666666666666,166.66666666666666,98.0,297.0,154.0,3336.0,144.0,724.0,758.0,1.0
1.0,0.0,1.0,0.0,0.0,0.0,1.0,0.0,1.0,0.0,0.0,0.0,0.0,0.0,5.0,9.0,1.0,4458349.5,5400972.5,4466429.0,5333210.0,4452877.0,5404303.5,1.909385498046875,2.304921213785807,3.031624666666666,166.66666666666666,166.66666666666666,171.0,142.0,309.0,3492.0,164.0,972.0,1166.0,5.0
0.0,1.0,1.0,0.0,1.0,0.0,0.0,0.0,1.0,0.0,0.0,0.0,0.0,0.0,1.0,7.0,1.0,4459454.0,5405141.0,4470455.0,5332732.0,4461512.0,5401904.5,17.731119140625,17.842252604166667,29.747181666666663,27.247181666666663,166.66666666666666,186.0,368.0,217.0,3707.0,253.0,657.0,1039.0,1.0
0.0,1.0,0.0,1.0,1.0,0.0,0.0,0.0,1.0,0.0,0.0,0.0,0.0,0.0,3.0,9.0,2.0,4457512.0,5403027.0,4508141.5,5303282.0,4452877.0,5404303.5,3.789431884765625,5.806360371907552,8.534283333333333,166.66666666666666,166.66666666666666,330.0,321.0,204.0,4780.0,164.0,922.0,1027.0,1.0
0.0,1.0,0.0,1.0,1.0,0.0,0.0,0.0,1.0,0.0,0.0,0.0,0.0,0.0,3.0,9.0,2.0,4457512.0,5403027.0,4508141.5,5303282.0,4452877.0,5404303.5,20.3735546875,25.30568644205729,166.66666666666666,166.66666666666666,166.66666666666666,330.0,36.0,204.0,4780.0,164.0,572.0,781.0,1.0
1.0,0.0,1.0,0.0,0.0,0.0,1.0,0.0,0.0,1.0,0.0,0.0,0.0,0.0,5.0,9.0,0.0,4457526.5,5404554.0,4470428.0,5334433.0,4461490.5,5401836.0,3.874345947265625,5.4453282674153645,166.66666666666666,166.66666666666666,166.66666666666666,184.0,149.0,184.0,3629.0,253.0,1184.0,532.0,5.0
0.0,1.0,0.0,1.0,1.0,0.0,0.0,0.0,0.0,1.0,0.0,0.0,0.0,0.0,2.0,9.0,1.0,4459357.5,5404594.5,4466840.5,5333328.5,4458584.5,5403139.0,8.34703515625,10.91627197265625,30.451471666666663,166.66666666666666,166.66666666666666,307.0,100.0,224.0,3490.0,208.0,1131.0,1234.0,0.0
1.0,0.0,1.0,0.0,0.0,0.0,1.0,0.0,0.0,1.0,0.0,0.0,0.0,0.0,0.0,0.0,1.0,4460105.5,5405390.5,4442373.5,5392314.5,4458822.5,5402493.5,6.14314892578125,8.31378631591797,24.126035,166.66666666666666,166.66666666666666,217.0,147.0,219.0,288.0,211.0,683.0,882.0,5.0
0.0,1.0,1.0,0.0,0.0,0.0,1.0,0.0,0.0,1.0,0.0,0.0,0.0,0.0,2.0,0.0,1.0,4459408.5,5402764.0,4498126.5,5295289.0,4459572.5,5402042.5,8.770541015625,9.129862467447916,27.431978333333333,166.66666666666666,166.66666666666666,174.0,345.0,243.0,4864.0,248.0,1022.0,30.0,5.0
1.0,0.0,0.0,1.0,0.0,1.0,0.0,0.0,0.0,1.0,0.0,0.0,0.0,0.0,0.0,0.0,2.0,4460026.0,5403523.5,4452662.0,5313519.5,4455504.5,5405034.5,2.4204265136718752,3.3522061665852863,7.0,166.66666666666666,166.66666666666666,174.0,154.0,237.0,3195.0,165.0,998.0,1130.0,1.0
1.0,0.0,0.0,1.0,0.0,0.0,1.0,0.0,0.0,1.0,0.0,0.0,0.0,0.0,0.0,0.0,2.0,4457923.0,5404332.5,4432269.5,5356147.0,4462630.0,5403017.5,2.348697509765625,3.1453282674153646,166.66666666666666,166.66666666666666,166.66666666666666,174.0,149.0,187.0,1028.0,348.0,1209.0,1361.0,5.0
0.0,1.0,0.0,1.0,0.0,0.0,1.0,0.0,0.0,1.0,0.0,0.0,0.0,0.0,5.0,9.0,1.0,4454836.0,5403916.5,4461922.0,5403915.0,4459374.0,5404313.0,6.5920029296875,8.248995463053385,37.41419666666666,26.631625,166.66666666666666,103.0,142.0,149.0,242.0,226.0,1040.0,1183.0,4.0
0.0,1.0,0.0,1.0,1.0,0.0,0.0,0.0,0.0,1.0,0.0,0.0,0.0,0.0,1.0,9.0,1.0,4456444.5,5406434.5,4412426.5,5375911.5,4456697.5,5405594.0,40.89831640625,37.795414225260416,415.8971666666667,120.48863333333334,166.66666666666666,97.0,533.0,140.0,449.0,140.0,1046.0,1145.0,1.0
0.0,1.0,0.0,1.0,1.0,0.0,0.0,0.0,0.0,1.0,0.0,0.0,0.0,0.0,3.0,9.0,0.0,4459260.0,5403390.0,4469422.5,5331735.5,4455966.5,5397096.0,3.902203857421875,5.052306620279948,33.05402,166.66666666666666,166.66666666666666,219.0,243.0,234.0,3695.0,331.0,565.0,673.0,5.0
1.0,0.0,1.0,0.0,0.0,1.0,0.0,0.0,0.0,1.0,0.0,0.0,0.0,0.0,0.0,0.0,3.0,4458273.0,5400741.5,4478947.5,5362345.0,4457716.0,5398636.0,6.980751953125,9.550722249348958,45.535355,44.260555,166.66666666666666,219.0,300.0,315.0,1603.0,325.0,470.0,841.0,5.0
1.0,0.0,0.0,1.0,0.0,0.0,1.0,0.0,0.0,1.0,0.0,0.0,0.0,0.0,0.0,0.0,2.0,4459726.0,5401441.5,4463635.0,5330271.0,4457778.5,5405671.5,0.2188723602294922,0.388549009958903,3.663400833333333,166.66666666666666,166.66666666666666,172.0,172.0,340.0,3036.0,144.0,769.0,824.0,5.0
1.0,0.0,0.0,1.0,0.0,0.0,1.0,0.0,0.0,1.0,0.0,0.0,0.0,0.0,0.0,0.0,0.0,4459605.0,5400943.0,4475971.5,5330134.0,4457090.0,5405571.0,3.4636552734375,4.644984944661458,16.822969999999998,166.66666666666666,166.66666666666666,243.0,186.0,339.0,4243.0,141.0,511.0,804.0,5.0
0.0,1.0,0.0,1.0,0.0,0.0,1.0,0.0,0.0,1.0,0.0,0.0,0.0,0.0,2.0,0.0,0.0,4461848.5,5404059.0,4505746.5,5356947.5,4458214.0,5401865.0,7.7697646484375005,7.522149149576823,46.34109333333333,166.66666666666666,166.66666666666666,237.0,115.0,242.0,2321.0,212.0,1023.0,1079.0,5.0
0.0,1.0,0.0,1.0,0.0,0.0,1.0,0.0,0.0,1.0,0.0,0.0,0.0,0.0,5.0,9.0,1.0,4455684.0,5398604.5,4468756.5,5320209.0,4460945.0,5401039.0,4.4690009765625005,6.669374593098958,25.27779,166.66666666666666,166.66666666666666,218.0,206.0,321.0,4423.0,346.0,576.0,740.0,5.0
0.0,1.0,1.0,0.0,0.0,0.0,1.0,0.0,0.0,1.0,0.0,0.0,0.0,0.0,2.0,9.0,2.0,4457416.0,5400239.0,4469214.0,5433158.5,4460703.0,5401245.0,1.794360595703125,2.599625905354818,13.559890666666666,166.66666666666666,166.66666666666666,187.0,204.0,313.0,75.0,346.0,1114.0,1145.0,5.0
0.0,1.0,1.0,0.0,0.0,0.0,1.0,0.0,0.0,1.0,0.0,0.0,0.0,0.0,2.0,9.0,2.0,4457416.0,5400239.0,4469214.0,5433158.5,4460703.0,5401245.0,3.508849853515625,4.877736409505208,19.7964,166.66666666666666,166.66666666666666,187.0,212.0,313.0,75.0,346.0,874.0,1158.0,1.0
0.0,1.0,1.0,0.0,1.0,0.0,0.0,0.0,0.0,1.0,0.0,0.0,0.0,0.0,3.0,6.0,0.0,4458720.5,5402335.5,4465198.5,5365406.0,4458811.0,5400991.0,2.1617763671875,3.493752288818359,19.561096666666668,166.66666666666666,166.66666666666666,317.0,326.0,211.0,1160.0,310.0,669.0,801.0,5.0
0.0,1.0,1.0,0.0,1.0,0.0,0.0,0.0,0.0,1.0,0.0,0.0,0.0,0.0,5.0,9.0,0.0,4455034.5,5403942.0,4474798.5,5353037.5,4461551.0,5401820.5,10.2693828125,12.2162841796875,49.53626666666666,166.66666666666666,166.66666666666666,254.0,302.0,152.0,1581.0,253.0,954.0,1160.0,4.0
0.0,1.0,1.0,0.0,1.0,0.0,0.0,0.0,0.0,1.0,0.0,0.0,0.0,0.0,4.0,9.0,2.0,4460098.0,5405778.0,4449812.5,5337371.5,4458052.5,5405014.0,15.723630859375,14.788463338216143,193.1380166666667,166.66666666666666,166.66666666666666,101.0,106.0,222.0,2550.0,145.0,1045.0,1103.0,5.0
1.0,0.0,0.0,1.0,1.0,0.0,0.0,0.0,0.0,1.0,0.0,0.0,0.0,0.0,2.0,9.0,0.0,4454585.5,5403703.5,4463687.0,5309696.0,4455843.5,5404093.5,1.4714847412109375,2.5414662679036457,5.221888666666667,166.66666666666666,166.66666666666666,205.0,209.0,149.0,4549.0,176.0,555.0,560.0,2.0
0.0,1.0,0.0,1.0,1.0,0.0,0.0,0.0,0.0,1.0,0.0,0.0,0.0,0.0,4.0,9.0,1.0,4457320.0,5400942.5,4460716.0,5305085.0,4452899.0,5404596.5,14.15069140625,15.714925130208334,91.78126666666668,53.114595,166.66666666666666,103.0,255.0,305.0,4529.0,164.0,852.0,881.0,0.0
0.0,1.0,0.0,1.0,0.0,0.0,1.0,0.0,0.0,1.0,0.0,0.0,0.0,0.0,6.0,9.0,1.0,4456745.0,5403642.0,4452632.0,5307404.5,4457026.5,5405407.5,4.8723837890625,6.712480163574218,22.105541666666667,166.66666666666666,166.66666666666666,340.0,241.0,182.0,4521.0,141.0,578.0,691.0,5.0
0.0,1.0,1.0,0.0,0.0,0.0,1.0,0.0,0.0,1.0,0.0,0.0,0.0,0.0,5.0,9.0,2.0,4456256.0,5403410.5,4442975.5,5337163.0,4455976.5,5398594.5,7.46629541015625,8.782492065429688,33.75924333333333,166.66666666666666,166.66666666666666,340.0,254.0,179.0,2541.0,321.0,492.0,508.0,4.0
0.0,1.0,1.0,0.0,1.0,0.0,0.0,0.0,0.0,1.0,0.0,0.0,0.0,0.0,4.0,9.0,1.0,4458244.5,5403480.0,4452017.5,5343078.5,4461513.0,5401573.5,3.640274169921875,5.698082987467448,2.0484248333333333,166.66666666666666,166.66666666666666,340.0,317.0,198.0,1308.0,347.0,1347.0,1360.0,5.0
0.0,1.0,1.0,0.0,1.0,0.0,0.0,0.0,0.0,1.0,0.0,0.0,0.0,0.0,4.0,9.0,1.0,4458244.5,5403480.0,4452017.5,5343078.5,4461513.0,5401573.5,6.05590576171875,9.15076192220052,33.876978333333334,166.66666666666666,166.66666666666666,340.0,357.0,198.0,1308.0,347.0,947.0,1057.0,5.0
0.0,1.0,1.0,0.0,0.0,0.0,1.0,0.0,0.0,1.0,0.0,0.0,0.0,0.0,5.0,9.0,2.0,4456650.0,5400725.5,4452804.5,5333381.5,4457733.5,5405147.5,4.283609375,6.038634745279948,54.63388666666666,58.86525,166.66666666666666,333.0,365.0,299.0,2643.0,144.0,1141.0,1156.0,5.0
0.0,1.0,0.0,1.0,0.0,0.0,1.0,0.0,0.0,1.0,0.0,0.0,0.0,0.0,7.0,9.0,1.0,4455929.0,5398306.5,4435823.0,5337186.5,4451794.0,5402680.5,4.54967431640625,6.586313374837239,11.538730833333332,166.66666666666666,166.66666666666666,205.0,222.0,329.0,2428.0,99.0,882.0,1398.0,4.0
1.0,0.0,1.0,0.0,0.0,0.0,1.0,0.0,0.0,1.0,0.0,0.0,0.0,0.0,5.0,9.0,1.0,4457478.0,5403032.5,4456831.0,5404534.0,4456385.5,5405715.0,5.4543154296875,7.646482849121093,17.677255,166.66666666666666,166.66666666666666,177.0,235.0,204.0,172.0,140.0,1123.0,1256.0,1.0
0.0,1.0,0.0,1.0,1.0,0.0,0.0,0.0,0.0,1.0,0.0,0.0,0.0,0.0,1.0,9.0,1.0,4457861.0,5403452.0,4451806.0,5401767.0,4452877.0,5404303.5,20.9931015625,20.500895182291668,72.24946666666666,166.66666666666666,166.66666666666666,98.0,360.0,195.0,102.0,164.0,1242.0,1264.0,0.0
1.0,0.0,1.0,0.0,0.0,0.0,1.0,0.0,0.0,1.0,0.0,0.0,0.0,0.0,6.0,7.0,1.0,4457291.5,5404232.0,4467882.5,5336434.0,4455976.5,5398594.5,10.065677734375,11.645418294270833,54.75595,166.66666666666666,166.66666666666666,339.0,327.0,186.0,3251.0,321.0,838.0,1091.0,4.0
0.0,1.0,0.0,1.0,1.0,0.0,0.0,0.0,0.0,1.0,0.0,0.0,0.0,0.0,3.0,9.0,1.0,4459875.0,5400372.5,4451086.0,5335179.0,4463475.5,5402807.5,4.79120849609375,6.566666666666666,19.39552,166.66666666666666,166.66666666666666,349.0,208.0,345.0,2564.0,348.0,918.0,987.0,1.0
0.0,1.0,1.0,0.0,0.0,1.0,0.0,0.0,0.0,1.0,0.0,0.0,0.0,0.0,1.0,0.0,1.0,4458805.0,5403732.0,4461253.0,5343405.0,4456313.5,5403634.5,35.204578125,27.16924845377604,671.6782499999999,54.99162166666667,166.66666666666666,340.0,1131.0,197.0,1426.0,179.0,493.0,539.0,1.0
0.0,1.0,0.0,1.0,0.0,0.0,1.0,0.0,0.0,1.0,0.0,0.0,0.0,0.0,4.0,9.0,1.0,4458409.5,5400351.0,4471622.5,5340833.5,4458636.5,5401516.0,4.21912060546875,5.493021647135417,26.31632,166.66666666666666,166.66666666666666,339.0,217.0,317.0,1901.0,308.0,1208.0,1414.0,0.0
0.0,1.0,1.0,0.0,1.0,0.0,0.0,0.0,0.0,1.0,0.0,0.0,0.0,0.0,3.0,3.0,0.0,4454828.5,5403977.0,4462414.5,5328884.5,4457171.5,5405001.5,5.588419921875,6.073862202962239,9.402025,166.66666666666666,166.66666666666666,336.0,353.0,149.0,3069.0,143.0,425.0,1036.0,5.0
0.0,1.0,0.0,1.0,0.0,0.0,1.0,0.0,0.0,1.0,0.0,0.0,0.0,0.0,5.0,9.0,1.0,4456201.5,5404107.0,4463454.0,5332339.0,4455642.0,5404741.5,6.711943359375,9.453269449869792,28.222698333333334,166.66666666666666,166.66666666666666,254.0,207.0,170.0,2933.0,165.0,603.0,781.0,5.0
0.0,1.0,0.0,1.0,0.0,0.0,1.0,0.0,0.0,1.0,0.0,0.0,0.0,0.0,5.0,9.0,1.0,4456201.5,5404107.0,4463454.0,5332339.0,4455642.0,5404741.5,1.3723966064453126,2.4214322408040365,28.39714833333333,166.66666666666666,166.66666666666666,254.0,240.0,170.0,2933.0,165.0,1164.0,1382.0,5.0
1.0,0.0,0.0,1.0,0.0,1.0,0.0,0.0,0.0,1.0,0.0,0.0,0.0,0.0,0.0,0.0,1.0,4458814.5,5405537.0,4475395.5,5331121.0,4457026.5,5405407.5,18.565142578125,18.30023193359375,46.571155,166.66666666666666,166.66666666666666,340.0,72.0,145.0,4232.0,141.0,1321.0,1323.0,0.0
1.0,0.0,1.0,0.0,0.0,0.0,1.0,0.0,0.0,1.0,0.0,0.0,0.0,0.0,0.0,0.0,0.0,4459332.0,5401976.5,4512512.5,5378271.0,4457215.5,5405242.5,6.61213525390625,9.210682169596351,22.93969333333333,166.66666666666666,166.66666666666666,235.0,147.0,248.0,2151.0,143.0,1057.0,1202.0,5.0
0.0,1.0,1.0,0.0,1.0,0.0,0.0,0.0,0.0,1.0,0.0,0.0,0.0,0.0,1.0,9.0,0.0,4452633.0,5402548.5,4467398.5,5332289.0,4458064.0,5405052.5,1.155045654296875,1.8703309377034505,6.204997333333334,166.66666666666666,166.66666666666666,168.0,175.0,156.0,3560.0,145.0,1103.0,1178.0,5.0
0.0,1.0,0.0,1.0,1.0,0.0,0.0,0.0,0.0,1.0,0.0,0.0,0.0,0.0,1.0,9.0,1.0,4458919.0,5398386.0,4477364.0,5330530.0,4460757.0,5401208.5,4.1563525390625005,5.273148600260416,3.873840833333333,166.66666666666666,166.66666666666666,222.0,144.0,338.0,4251.0,346.0,433.0,780.0,4.0
0.0,1.0,0.0,1.0,1.0,0.0,0.0,0.0,0.0,1.0,0.0,0.0,0.0,0.0,2.0,9.0,2.0,4455098.5,5403689.0,4428224.5,5331412.0,4458064.0,5405052.5,4.9313427734375,7.202605692545573,20.075045,166.66666666666666,166.66666666666666,305.0,174.0,154.0,2424.0,145.0,1078.0,1083.0,4.0
0.0,1.0,1.0,0.0,0.0,0.0,1.0,0.0,0.0,1.0,0.0,0.0,0.0,0.0,2.0,0.0,2.0,4454009.5,5404886.5,4411488.5,5326903.0,4457826.0,5405353.0,5.5388681640625,8.050736999511718,25.43254166666667,166.66666666666666,166.66666666666666,305.0,216.0,164.0,2387.0,144.0,983.0,1233.0,5.0
1.0,0.0,0.0,1.0,0.0,0.0,1.0,0.0,0.0,1.0,0.0,0.0,0.0,0.0,0.0,0.0,1.0,4458565.0,5404540.5,4415244.5,5324626.0,4458057.5,5405151.0,3.3242861328125,5.000396728515625,10.685595666666668,166.66666666666666,166.66666666666666,305.0,342.0,189.0,2444.0,145.0,901.0,1030.0,4.0
1.0,0.0,0.0,1.0,0.0,0.0,1.0,0.0,0.0,1.0,0.0,0.0,0.0,0.0,0.0,0.0,1.0,4457952.5,5402710.5,4416455.5,5324159.5,4460540.0,5401017.5,22.934900390625,23.02669270833333,62.54797333333333,35.16876166666667,166.66666666666666,305.0,25.0,207.0,2457.0,346.0,1021.0,1039.0,1.0
0.0,1.0,0.0,1.0,0.0,1.0,0.0,0.0,0.0,1.0,0.0,0.0,0.0,0.0,1.0,0.0,1.0,4451752.0,5401915.0,4494806.5,5360962.5,4458064.0,5405052.5,6.2911376953125,8.441600036621093,27.064266666666665,166.66666666666666,166.66666666666666,299.0,173.0,102.0,2278.0,145.0,1137.0,1237.0,1.0
1.0,0.0,1.0,0.0,0.0,1.0,0.0,0.0,0.0,1.0,0.0,0.0,0.0,0.0,0.0,0.0,2.0,4453951.0,5404446.5,4491472.5,5342216.0,4457589.0,5405675.0,3.193529052734375,4.449862670898438,6.7979095,166.66666666666666,166.66666666666666,299.0,211.0,164.0,2344.0,144.0,767.0,889.0,0.0
1.0,0.0,1.0,0.0,0.0,1.0,0.0,0.0,0.0,1.0,0.0,0.0,0.0,0.0,1.0,9.0,1.0,4458937.5,5402442.5,4497943.5,5365115.0,4463375.5,5403096.5,4.38783935546875,6.34427744547526,17.83988833333333,166.66666666666666,166.66666666666666,298.0,208.0,245.0,2200.0,348.0,857.0,916.0,5.0
0.0,1.0,0.0,1.0,1.0,0.0,0.0,0.0,0.0,1.0,0.0,0.0,0.0,0.0,3.0,9.0,1.0,4460763.5,5403526.0,4440283.5,5400348.0,4460745.5,5401000.0,4.13311474609375,5.824048868815104,12.854290833333332,166.66666666666666,166.66666666666666,204.0,312.0,241.0,258.0,346.0,1245.0,1251.0,5.0
0.0,1.0,0.0,1.0,1.0,0.0,0.0,0.0,0.0,1.0,0.0,0.0,0.0,0.0,3.0,9.0,1.0,4460763.5,5403526.0,4440283.5,5400348.0,4460745.5,5401000.0,3.0473330078125,4.197733306884766,12.473690833333334,166.66666666666666,166.66666666666666,204.0,233.0,241.0,258.0,346.0,910.0,1058.0,5.0
0.0,1.0,1.0,0.0,0.0,0.0,1.0,0.0,0.0,1.0,0.0,0.0,0.0,0.0,3.0,0.0,1.0,4456792.5,5404924.0,4446147.0,5380147.5,4457826.0,5405353.0,0.3258853759765625,0.5724291483561198,0.6871630999999999,166.66666666666666,166.66666666666666,180.0,180.0,142.0,1100.0,144.0,670.0,752.0,0.0
1.0,0.0,1.0,0.0,0.0,1.0,0.0,0.0,0.0,1.0,0.0,0.0,0.0,0.0,0.0,0.0,0.0,4459438.5,5401999.5,4450431.5,5397523.0,4457660.5,5405507.5,2.151693603515625,3.5259371439615883,6.6180125,166.66666666666666,166.66666666666666,180.0,176.0,248.0,286.0,144.0,1112.0,159.0,1.0
1.0,0.0,1.0,0.0,0.0,1.0,0.0,0.0,0.0,1.0,0.0,0.0,0.0,0.0,0.0,0.0,1.0,4459663.5,5405449.0,4470426.5,5323437.5,4458064.0,5405052.5,3.81367333984375,5.231653849283855,29.38131333333333,166.66666666666666,166.66666666666666,180.0,227.0,218.0,4415.0,145.0,1040.0,1334.0,5.0
0.0,1.0,1.0,0.0,1.0,0.0,0.0,0.0,0.0,1.0,0.0,0.0,0.0,0.0,3.0,9.0,0.0,4458548.5,5400633.0,4471189.0,5393791.5,4455784.0,5405485.0,3.463625244140625,4.744196065266927,18.931083333333333,166.66666666666666,166.66666666666666,214.0,180.0,316.0,403.0,165.0,1227.0,1390.0,1.0
0.0,1.0,0.0,1.0,0.0,0.0,1.0,0.0,0.0,1.0,0.0,0.0,0.0,0.0,5.0,9.0,1.0,4454722.0,5404204.5,4472371.0,5403337.5,4457826.0,5405353.0,6.23586767578125,5.902818806966145,34.16436,166.66666666666666,166.66666666666666,236.0,349.0,147.0,378.0,144.0,921.0,1040.0,5.0
1.0,0.0,1.0,0.0,0.0,0.0,1.0,0.0,0.0,1.0,0.0,0.0,0.0,0.0,5.0,9.0,1.0,4458532.0,5403882.5,4522890.5,5316829.0,4457333.5,5405161.0,3.518147216796875,5.113994344075521,18.72826333333333,166.66666666666666,166.66666666666666,297.0,325.0,197.0,4725.0,144.0,568.0,737.0,2.0
1.0,0.0,1.0,0.0,0.0,0.0,1.0,0.0,0.0,1.0,0.0,0.0,0.0,0.0,5.0,9.0,1.0,4458532.0,5403882.5,4522890.5,5316829.0,4457333.5,5405161.0,11.6779072265625,11.58886210123698,37.90342666666666,166.66666666666666,166.66666666666666,297.0,356.0,197.0,4725.0,144.0,621.0,919.0,2.0
1.0,0.0,0.0,1.0,0.0,0.0,1.0,0.0,0.0,1.0,0.0,0.0,0.0,0.0,2.0,9.0,0.0,4452683.5,5403793.0,4484996.5,5387791.0,4460757.0,5401208.5,2.9995078125,4.3325551350911455,7.42655,166.66666666666666,166.66666666666666,145.0,166.0,164.0,1178.0,346.0,1029.0,1054.0,5.0
0.0,1.0,0.0,1.0,0.0,1.0,0.0,0.0,0.0,1.0,0.0,0.0,0.0,0.0,1.0,9.0,1.0,4458658.5,5402983.0,4453281.5,5290120.0,4455976.5,5398594.5,3.271981689453125,4.679705810546875,33.291401666666665,166.66666666666666,166.66666666666666,301.0,336.0,208.0,4579.0,321.0,873.0,965.0,4.0
0.0,1.0,1.0,0.0,0.0,1.0,0.0,0.0,0.0,1.0,0.0,0.0,0.0,0.0,1.0,9.0,1.0,4458732.0,5404728.0,4511821.0,5331878.5,4457157.0,5405807.5,0.6786956176757812,1.1825709025065103,3.831291,166.66666666666666,166.66666666666666,216.0,223.0,189.0,4667.0,140.0,586.0,1237.0,5.0
1.0,0.0,1.0,0.0,0.0,0.0,1.0,0.0,0.0,1.0,0.0,0.0,0.0,0.0,0.0,5.0,0.0,4457971.5,5404271.0,4530138.5,5365485.0,4455504.5,5405034.5,1.5631068115234374,2.50072021484375,1.0246758333333332,166.66666666666666,166.66666666666666,216.0,222.0,187.0,2273.0,165.0,668.0,1100.0,5.0
0.0,1.0,0.0,1.0,0.0,0.0,1.0,0.0,0.0,1.0,0.0,0.0,0.0,0.0,1.0,9.0,1.0,4460144.5,5404902.5,4501122.5,5303113.0,4461782.0,5400963.5,9.0947314453125,10.57271016438802,28.192576666666664,166.66666666666666,166.66666666666666,98.0,204.0,221.0,4755.0,347.0,599.0,688.0,5.0
1.0,0.0,1.0,0.0,0.0,0.0,1.0,0.0,0.0,1.0,0.0,0.0,0.0,0.0,7.0,6.0,1.0,4458903.0,5398349.0,4528091.5,5297322.5,4457333.5,5405161.0,11.9874482421875,9.16944376627604,40.48379666666666,166.66666666666666,166.66666666666666,223.0,351.0,338.0,4936.0,144.0,1307.0,256.0,2.0
0.0,1.0,0.0,1.0,1.0,0.0,0.0,0.0,0.0,1.0,0.0,0.0,0.0,0.0,2.0,9.0,2.0,4457728.5,5401674.0,4507592.5,5288375.0,4456689.0,5406381.0,5.79979931640625,8.167484029134114,37.722928333333336,166.66666666666666,166.66666666666666,254.0,244.0,304.0,4892.0,140.0,687.0,705.0,4.0
1.0,0.0,0.0,1.0,0.0,0.0,1.0,0.0,0.0,1.0,0.0,0.0,0.0,0.0,0.0,0.0,2.0,4460845.5,5399898.0,4503959.5,5300847.0,4457826.0,5405353.0,5.42636279296875,7.560534159342448,28.02805833333333,166.66666666666666,166.66666666666666,324.0,191.0,350.0,4806.0,144.0,1261.0,1276.0,5.0
1.0,0.0,1.0,0.0,0.0,0.0,1.0,0.0,0.0,1.0,0.0,0.0,0.0,0.0,0.0,0.0,0.0,4456509.0,5408264.0,4497653.5,5312090.5,4461782.0,5400963.5,20.019208984375,18.82904866536458,207.35595,63.429361666666665,166.66666666666666,324.0,1162.0,134.0,4729.0,347.0,829.0,965.0,1.0
0.0,1.0,1.0,0.0,0.0,0.0,1.0,0.0,0.0,1.0,0.0,0.0,0.0,0.0,5.0,9.0,1.0,4457639.0,5404216.5,4515071.5,5306151.5,4451879.5,5402609.5,3.634129150390625,5.594159444173177,14.375274999999998,166.66666666666666,166.66666666666666,245.0,313.0,186.0,4772.0,99.0,639.0,659.0,5.0
0.0,1.0,1.0,0.0,0.0,0.0,1.0,0.0,0.0,1.0,0.0,0.0,0.0,0.0,7.0,4.0,1.0,4456110.0,5403864.5,4525303.5,5304413.5,4459036.0,5402820.0,9.81437109375,13.744607543945312,103.04819333333332,166.66666666666666,166.66666666666666,202.0,138.0,177.0,4913.0,243.0,493.0,501.0,2.0
0.0,1.0,1.0,0.0,0.0,0.0,1.0,0.0,0.0,1.0,0.0,0.0,0.0,0.0,7.0,8.0,1.0,4456836.5,5404951.5,4512425.0,5295397.5,4461525.0,5401859.5,2.556887451171875,3.3660672505696616,11.095121666666667,166.66666666666666,166.66666666666666,173.0,198.0,142.0,4886.0,253.0,1059.0,1386.0,5.0
0.0,1.0,1.0,0.0,1.0,0.0,0.0,0.0,0.0,1.0,0.0,0.0,0.0,0.0,3.0,9.0,1.0,4457892.0,5400538.0,4511615.0,5374422.0,4458299.5,5404743.0,10.764853515625,15.272847493489584,166.66666666666666,166.66666666666666,166.66666666666666,315.0,127.0,312.0,2206.0,188.0,1205.0,1207.0,5.0
0.0,1.0,1.0,0.0,1.0,0.0,0.0,0.0,0.0,1.0,0.0,0.0,0.0,0.0,3.0,9.0,1.0,4457892.0,5400538.0,4511615.0,5374422.0,4458299.5,5404743.0,14.76428515625,14.479149373372396,44.17881666666666,166.66666666666666,166.66666666666666,315.0,123.0,312.0,2206.0,188.0,975.0,1232.0,4.0
0.0,1.0,1.0,0.0,0.0,1.0,0.0,0.0,0.0,1.0,0.0,0.0,0.0,0.0,1.0,0.0,1.0,4456536.0,5397172.0,4467607.0,5335274.0,4461374.5,5401232.5,17.21659375,15.212245686848958,182.41066666666663,166.66666666666666,166.66666666666666,317.0,1110.0,334.0,3341.0,347.0,1102.0,1169.0,1.0
1.0,0.0,0.0,1.0,0.0,1.0,0.0,0.0,0.0,1.0,0.0,0.0,0.0,0.0,0.0,0.0,0.0,4455866.0,5403928.0,4464936.5,5335136.5,4455976.5,5398594.5,4.5687724609375,6.38230234781901,16.908643333333334,166.66666666666666,166.66666666666666,317.0,331.0,176.0,2806.0,321.0,547.0,685.0,5.0
0.0,1.0,0.0,1.0,1.0,0.0,0.0,0.0,0.0,1.0,0.0,0.0,0.0,0.0,4.0,9.0,2.0,4458891.5,5406235.5,4526561.5,5368284.5,4458484.0,5404643.5,2.70990283203125,4.047292836507161,9.44217,166.66666666666666,166.66666666666666,317.0,322.0,222.0,2265.0,189.0,933.0,1076.0,1.0
0.0,1.0,1.0,0.0,0.0,0.0,1.0,0.0,0.0,1.0,0.0,0.0,0.0,0.0,4.0,7.0,1.0,4452463.5,5402589.5,4453537.5,5407664.0,4457716.0,5398636.0,9.3792421875,10.052205403645834,34.06946,166.66666666666666,166.66666666666666,218.0,338.0,156.0,127.0,325.0,1089.0,1381.0,2.0
0.0,1.0,1.0,0.0,1.0,0.0,0.0,0.0,0.0,1.0,0.0,0.0,0.0,0.0,2.0,9.0,2.0,4455833.5,5397355.0,4443624.5,5407173.5,4463475.5,5402807.5,6.2469267578125,8.59641621907552,8.633407666666667,166.66666666666666,166.66666666666666,189.0,203.0,331.0,13.0,348.0,489.0,498.0,5.0
0.0,1.0,0.0,1.0,1.0,0.0,0.0,0.0,0.0,1.0,0.0,0.0,0.0,0.0,3.0,9.0,1.0,4458678.5,5402031.0,4483013.0,5294513.0,4461551.0,5401820.5,2.319695556640625,2.875689697265625,5.55633,166.66666666666666,166.66666666666666,231.0,219.0,213.0,4619.0,253.0,1098.0,1132.0,5.0
0.0,1.0,0.0,1.0,1.0,0.0,0.0,0.0,0.0,1.0,0.0,0.0,0.0,0.0,3.0,9.0,1.0,4458678.5,5402031.0,4483013.0,5294513.0,4461551.0,5401820.5,2.2506770019531253,2.9321617126464843,8.355178333333333,166.66666666666666,166.66666666666666,231.0,186.0,213.0,4619.0,253.0,709.0,806.0,5.0
1.0,0.0,1.0,0.0,0.0,1.0,0.0,0.0,0.0,1.0,0.0,0.0,0.0,0.0,0.0,0.0,1.0,4451961.5,5402182.0,4479600.5,5329916.5,4457475.0,5404948.0,9.53996875,12.810903930664065,34.091251666666665,166.66666666666666,166.66666666666666,248.0,134.0,100.0,4360.0,144.0,663.0,677.0,2.0
0.0,1.0,0.0,1.0,0.0,0.0,1.0,0.0,0.0,1.0,0.0,0.0,0.0,0.0,6.0,9.0,1.0,4454656.5,5403613.0,4476640.0,5318951.5,4461012.0,5401144.5,5.18435693359375,7.285980224609375,166.66666666666666,166.66666666666666,166.66666666666666,149.0,213.0,151.0,4472.0,346.0,1021.0,1100.0,1.0
1.0,0.0,1.0,0.0,0.0,0.0,1.0,0.0,0.0,1.0,0.0,0.0,0.0,0.0,7.0,9.0,0.0,4452186.5,5401559.0,4470938.5,5345586.5,4457305.5,5404950.5,6.46986767578125,8.52466278076172,166.66666666666666,166.66666666666666,166.66666666666666,149.0,218.0,102.0,1712.0,144.0,811.0,1017.0,5.0
1.0,0.0,0.0,1.0,0.0,1.0,0.0,0.0,0.0,1.0,0.0,0.0,0.0,0.0,0.0,0.0,1.0,4458753.0,5401882.5,4517364.5,5310488.5,4457005.0,5401373.5,2.871623291015625,4.274730428059896,26.65383333333333,166.66666666666666,166.66666666666666,310.0,343.0,213.0,4770.0,297.0,777.0,852.0,0.0
0.0,1.0,1.0,0.0,1.0,0.0,0.0,0.0,0.0,1.0,0.0,0.0,0.0,0.0,1.0,9.0,1.0,4458050.0,5404122.5,4513787.0,5302108.0,4461514.0,5400975.0,2.67549609375,3.882475280761719,19.57358333333333,166.66666666666666,166.66666666666666,310.0,341.0,190.0,4861.0,347.0,1048.0,1066.0,4.0
0.0,1.0,1.0,0.0,0.0,0.0,1.0,0.0,0.0,1.0,0.0,0.0,0.0,0.0,5.0,9.0,2.0,4458432.5,5401243.5,4511218.0,5302297.5,4461374.5,5401232.5,9.1223583984375,12.528455607096356,26.717313333333333,166.66666666666666,166.66666666666666,134.0,206.0,309.0,4854.0,347.0,1063.0,1065.0,5.0
0.0,1.0,0.0,1.0,1.0,0.0,0.0,0.0,0.0,1.0,0.0,0.0,0.0,0.0,3.0,9.0,1.0,4452190.5,5402224.0,4448109.0,5314276.5,4460174.0,5404449.5,2.49030419921875,3.394284057617188,166.66666666666666,166.66666666666666,166.66666666666666,152.0,181.0,101.0,3171.0,230.0,587.0,1061.0,5.0
0.0,1.0,0.0,1.0,0.0,0.0,1.0,0.0,0.0,1.0,0.0,0.0,0.0,0.0,6.0,9.0,1.0,4457070.5,5400624.5,4464631.5,5323033.5,4457293.5,5404346.5,6.94322998046875,8.857599894205729,27.895015,166.66666666666666,166.66666666666666,156.0,205.0,300.0,3181.0,186.0,968.0,1088.0,1.0
0.0,1.0,1.0,0.0,0.0,0.0,1.0,0.0,0.0,1.0,0.0,0.0,0.0,0.0,5.0,0.0,2.0,4456901.0,5396962.5,4470070.5,5320887.0,4461077.0,5400957.0,3.804620849609375,4.842548116048177,6.315092,166.66666666666666,166.66666666666666,222.0,186.0,335.0,4454.0,346.0,925.0,994.0,2.0
0.0,1.0,0.0,1.0,1.0,0.0,0.0,0.0,0.0,1.0,0.0,0.0,0.0,0.0,4.0,9.0,0.0,4459664.0,5405366.5,4473472.0,5339433.0,4462732.0,5403749.0,4.8151533203125005,5.057481892903645,25.754615,166.66666666666666,166.66666666666666,247.0,228.0,218.0,1981.0,254.0,924.0,931.0,5.0
0.0,1.0,1.0,0.0,0.0,0.0,1.0,0.0,0.0,1.0,0.0,0.0,0.0,0.0,4.0,0.0,0.0,4458939.5,5401256.5,4471442.5,5326038.0,4457291.0,5404742.0,1.410191162109375,2.2452542622884115,3.4363046666666666,166.66666666666666,166.66666666666666,247.0,340.0,339.0,4133.0,184.0,1101.0,1157.0,5.0
1.0,0.0,1.0,0.0,0.0,0.0,1.0,0.0,0.0,1.0,0.0,0.0,0.0,0.0,0.0,0.0,1.0,4458871.5,5405269.5,4454164.5,5340275.0,4457213.0,5404344.5,11.3785263671875,10.465412394205728,59.33237333333333,166.66666666666666,166.66666666666666,300.0,116.0,216.0,1397.0,175.0,1069.0,1152.0,4.0
0.0,1.0,1.0,0.0,0.0,0.0,1.0,0.0,0.0,1.0,0.0,0.0,0.0,0.0,2.0,6.0,2.0,4457720.0,5403357.5,4469319.0,5337597.0,4457558.0,5404947.0,3.987447265625,5.652251688639323,6.982057166666666,166.66666666666666,166.66666666666666,173.0,164.0,195.0,3372.0,144.0,882.0,952.0,5.0
0.0,1.0,0.0,1.0,0.0,0.0,1.0,0.0,0.0,1.0,0.0,0.0,0.0,0.0,5.0,9.0,1.0,4460412.0,5400045.5,4453490.0,5413936.5,4459854.0,5404577.5,2.386953369140625,3.315502166748047,166.66666666666666,166.66666666666666,166.66666666666666,222.0,225.0,350.0,107.0,227.0,1028.0,1056.0,5.0
0.0,1.0,0.0,1.0,0.0,0.0,1.0,0.0,0.0,1.0,0.0,0.0,0.0,0.0,5.0,9.0,1.0,4460412.0,5400045.5,4453490.0,5413936.5,4459854.0,5404577.5,6.33904296875,8.580507405598958,28.345731666666666,166.66666666666666,166.66666666666666,222.0,343.0,350.0,107.0,227.0,1131.0,1298.0,5.0
0.0,1.0,0.0,1.0,0.0,0.0,1.0,0.0,0.0,1.0,0.0,0.0,0.0,0.0,5.0,9.0,1.0,4460412.0,5400045.5,4453490.0,5413936.5,4459854.0,5404577.5,4.1824033203125,5.476693725585937,7.038875833333334,166.66666666666666,166.66666666666666,222.0,241.0,350.0,107.0,227.0,609.0,647.0,2.0
0.0,1.0,1.0,0.0,1.0,0.0,0.0,0.0,0.0,1.0,0.0,0.0,0.0,0.0,1.0,9.0,0.0,4447947.0,5404529.5,4459450.0,5345815.0,4456939.0,5406040.0,4.70708984375,5.7749888102213545,23.227183333333336,166.66666666666666,166.66666666666666,217.0,165.0,98.0,1379.0,140.0,1160.0,31.0,0.0
0.0,1.0,0.0,1.0,1.0,0.0,0.0,0.0,0.0,1.0,0.0,0.0,0.0,0.0,2.0,9.0,1.0,4457826.0,5398173.0,4439340.0,5315066.0,4459082.5,5402788.0,6.5331025390625,9.187926228841146,28.15157333333333,27.645576666666667,166.66666666666666,154.0,340.0,336.0,2495.0,243.0,1310.0,1386.0,5.0
0.0,1.0,1.0,0.0,0.0,0.0,1.0,0.0,0.0,1.0,0.0,0.0,0.0,0.0,1.0,2.0,0.0,4459766.0,5402610.5,4519766.0,5378632.0,4455976.5,5398594.5,6.25210888671875,8.423370361328125,29.23102833333333,166.66666666666666,166.66666666666666,154.0,236.0,244.0,2222.0,321.0,572.0,658.0,1.0
0.0,1.0,0.0,1.0,0.0,0.0,1.0,0.0,0.0,1.0,0.0,0.0,0.0,0.0,6.0,9.0,0.0,4459754.5,5404804.5,4473132.5,5327689.0,4457659.0,5405216.0,15.9347451171875,19.22720743815104,43.987433333333335,166.66666666666666,166.66666666666666,102.0,109.0,227.0,4190.0,144.0,438.0,465.0,0.0
0.0,1.0,0.0,1.0,0.0,0.0,1.0,0.0,0.0,1.0,0.0,0.0,0.0,0.0,6.0,9.0,0.0,4459754.5,5404804.5,4473132.5,5327689.0,4457659.0,5405216.0,17.0496328125,24.050630696614583,54.14951166666666,166.66666666666666,166.66666666666666,102.0,331.0,227.0,4190.0,144.0,566.0,612.0,4.0
0.0,1.0,1.0,0.0,1.0,0.0,0.0,0.0,0.0,1.0,0.0,0.0,0.0,0.0,3.0,7.0,1.0,4455832.0,5403333.0,4440279.5,5417891.0,4457299.0,5405404.5,8.543595703125,10.50903828938802,44.400675,166.66666666666666,166.66666666666666,241.0,133.0,178.0,52.0,144.0,1153.0,1235.0,0.0
0.0,1.0,0.0,1.0,1.0,0.0,0.0,0.0,0.0,1.0,0.0,0.0,0.0,0.0,1.0,7.0,1.0,4459803.0,5403898.0,4448554.5,5330024.0,4455843.5,5404093.5,2.40218994140625,3.658557637532552,10.529811666666664,166.66666666666666,166.66666666666666,245.0,205.0,235.0,2587.0,176.0,563.0,667.0,5.0
0.0,1.0,1.0,0.0,0.0,0.0,1.0,0.0,0.0,1.0,0.0,0.0,0.0,0.0,2.0,0.0,1.0,4457106.5,5404386.0,4416614.0,5358792.5,4461512.0,5401904.5,2.644688720703125,3.556829579671224,16.710896666666667,166.66666666666666,166.66666666666666,245.0,197.0,175.0,767.0,253.0,857.0,1117.0,5.0
1.0,0.0,1.0,0.0,0.0,0.0,1.0,0.0,0.0,1.0,0.0,0.0,0.0,0.0,5.0,9.0,1.0,4458325.5,5400215.5,4418362.5,5357332.5,4458064.0,5405052.5,5.03960302734375,6.9087778727213545,20.981096666666662,166.66666666666666,166.66666666666666,316.0,174.0,317.0,840.0,145.0,954.0,1071.0,0.0
1.0,0.0,0.0,1.0,0.0,1.0,0.0,0.0,0.0,1.0,0.0,0.0,0.0,0.0,0.0,0.0,1.0,4456337.5,5397621.5,4424883.5,5356982.5,4457259.5,5405376.5,12.0655673828125,13.26303507486979,203.0476,166.66666666666666,166.66666666666666,198.0,93.0,331.0,918.0,144.0,606.0,757.0,0.0
0.0,1.0,1.0,0.0,1.0,0.0,0.0,0.0,0.0,1.0,0.0,0.0,0.0,0.0,1.0,9.0,2.0,4458866.0,5405237.5,4414879.5,5359221.0,4458895.0,5401307.5,7.77829541015625,10.214862060546874,28.183481666666665,166.66666666666666,166.66666666666666,241.0,121.0,216.0,751.0,339.0,1116.0,1405.0,5.0
0.0,1.0,1.0,0.0,0.0,0.0,1.0,0.0,0.0,1.0,0.0,0.0,0.0,0.0,7.0,4.0,1.0,4460289.0,5400051.5,4468634.0,5332770.0,4457840.0,5403349.0,14.6657822265625,12.726174926757812,44.14048666666667,166.66666666666666,166.66666666666666,142.0,354.0,350.0,3660.0,205.0,622.0,748.0,0.0
1.0,0.0,1.0,0.0,0.0,0.0,1.0,0.0,0.0,1.0,0.0,0.0,0.0,0.0,5.0,9.0,1.0,4454826.5,5403354.5,4510851.0,5378133.5,4461494.0,5401279.5,3.852375,5.371164449055989,34.30640833333334,166.66666666666666,166.66666666666666,248.0,187.0,151.0,2139.0,347.0,1073.0,1081.0,1.0
1.0,0.0,0.0,1.0,0.0,1.0,0.0,0.0,0.0,1.0,0.0,0.0,0.0,0.0,0.0,0.0,1.0,4452367.5,5402179.0,4435991.5,5367664.0,4461560.0,5400916.5,15.1289326171875,16.97963155110677,48.87590333333333,166.66666666666666,166.66666666666666,218.0,375.0,101.0,550.0,347.0,1080.0,1152.0,4.0
0.0,1.0,0.0,1.0,1.0,0.0,0.0,0.0,0.0,1.0,0.0,0.0,0.0,0.0,1.0,9.0,0.0,4452280.5,5402342.5,4444557.0,5369760.5,4461580.5,5401514.0,5.9816171875,7.904732767740885,27.26636166666667,166.66666666666666,166.66666666666666,316.0,214.0,101.0,1142.0,347.0,932.0,1018.0,0.0
0.0,1.0,0.0,1.0,0.0,0.0,1.0,0.0,0.0,1.0,0.0,0.0,0.0,0.0,1.0,0.0,0.0,4459218.0,5404867.5,4466744.0,5332279.0,4463429.5,5402987.5,3.685648681640625,4.835177103678386,10.863154166666668,166.66666666666666,166.66666666666666,142.0,197.0,223.0,3522.0,348.0,738.0,916.0,0.0
1.0,0.0,0.0,1.0,1.0,0.0,0.0,0.0,0.0,1.0,0.0,0.0,0.0,0.0,0.0,7.0,1.0,4450749.0,5404476.0,4443350.5,5376516.5,4455879.0,5404410.0,0.8190962524414063,1.1470874786376952,7.869741333333334,166.66666666666666,166.66666666666666,142.0,169.0,98.0,1140.0,167.0,576.0,597.0,5.0
0.0,1.0,1.0,0.0,0.0,1.0,0.0,0.0,0.0,1.0,0.0,0.0,0.0,0.0,1.0,0.0,1.0,4456405.0,5404276.0,4456360.5,5407332.0,4457826.0,5405353.0,6.83933447265625,8.443110148111979,19.456298333333333,166.66666666666666,166.66666666666666,101.0,173.0,171.0,137.0,144.0,515.0,556.0,1.0
1.0,0.0,1.0,0.0,0.0,0.0,1.0,0.0,0.0,1.0,0.0,0.0,0.0,0.0,0.0,3.0,1.0,4458703.0,5401813.0,4465466.5,5335822.5,4457171.5,5405001.5,5.2681254882812505,7.520466613769531,14.468514,166.66666666666666,166.66666666666666,147.0,189.0,213.0,3258.0,143.0,495.0,516.0,0.0
0.0,1.0,0.0,1.0,1.0,0.0,0.0,0.0,0.0,1.0,0.0,0.0,0.0,0.0,4.0,9.0,1.0,4460037.0,5405477.5,4471132.5,5334806.0,4457158.0,5404844.0,9.8478974609375,10.84208475748698,56.69433333333333,166.66666666666666,166.66666666666666,326.0,222.0,218.0,3457.0,173.0,1251.0,1273.0,4.0
1.0,0.0,1.0,0.0,0.0,0.0,1.0,0.0,0.0,1.0,0.0,0.0,0.0,0.0,4.0,0.0,0.0,4455978.5,5400277.0,4464275.0,5326562.0,4453228.0,5403351.5,5.9835634765625,8.361115519205729,26.648191666666666,166.66666666666666,166.66666666666666,223.0,138.0,298.0,3131.0,164.0,1283.0,78.0,1.0
0.0,1.0,1.0,0.0,0.0,0.0,1.0,0.0,0.0,1.0,0.0,0.0,0.0,0.0,1.0,0.0,0.0,4454235.0,5404718.5,4508073.5,5379652.5,4457310.5,5405146.0,1.585495361328125,1.93821767171224,3.343262,166.66666666666666,166.66666666666666,223.0,214.0,147.0,2088.0,144.0,764.0,971.0,1.0
1.0,0.0,0.0,1.0,0.0,0.0,1.0,0.0,0.0,1.0,0.0,0.0,0.0,0.0,0.0,0.0,0.0,4459287.0,5404612.0,4466509.0,5331508.0,4461374.5,5401232.5,3.5360925292968752,4.750253295898437,21.104055,166.66666666666666,166.66666666666666,197.0,339.0,224.0,3551.0,347.0,471.0,516.0,5.0
0.0,1.0,1.0,0.0,0.0,0.0,1.0,0.0,0.0,1.0,0.0,0.0,0.0,0.0,5.0,9.0,0.0,4458590.0,5405178.0,4470286.5,5333040.5,4461623.5,5401056.0,0.6559884643554688,1.0954737345377603,13.266486666666664,166.66666666666666,166.66666666666666,164.0,147.0,145.0,3642.0,347.0,577.0,665.0,5.0
0.0,1.0,1.0,0.0,0.0,0.0,1.0,0.0,0.0,1.0,0.0,0.0,0.0,0.0,5.0,9.0,0.0,4458590.0,5405178.0,4470286.5,5333040.5,4461623.5,5401056.0,1.36753857421875,2.137243143717448,3.4916895,166.66666666666666,166.66666666666666,164.0,151.0,145.0,3642.0,347.0,821.0,882.0,5.0
0.0,1.0,1.0,0.0,0.0,0.0,1.0,0.0,0.0,1.0,0.0,0.0,0.0,0.0,5.0,9.0,0.0,4458590.0,5405178.0,4470286.5,5333040.5,4461623.5,5401056.0,6.693715332031251,9.440512084960938,23.592738333333333,166.66666666666666,166.66666666666666,164.0,243.0,145.0,3642.0,347.0,961.0,184.0,5.0
1.0,0.0,0.0,1.0,1.0,0.0,0.0,0.0,0.0,1.0,0.0,0.0,0.0,0.0,2.0,9.0,1.0,4457278.0,5404255.5,4463376.0,5331480.5,4457074.0,5404868.5,2.38017333984375,3.5326276143391926,14.775589,166.66666666666666,166.66666666666666,194.0,145.0,186.0,2944.0,173.0,454.0,526.0,5.0
1.0,0.0,0.0,1.0,0.0,1.0,0.0,0.0,0.0,1.0,0.0,0.0,0.0,0.0,0.0,0.0,3.0,4460191.0,5405685.0,4503569.0,5322148.0,4457452.0,5405038.5,1.084122802734375,1.7057851155598958,14.205415,166.66666666666666,166.66666666666666,194.0,187.0,219.0,4711.0,144.0,1278.0,1332.0,5.0
1.0,0.0,0.0,1.0,0.0,0.0,1.0,0.0,0.0,1.0,0.0,0.0,0.0,0.0,0.0,0.0,2.0,4460041.5,5400947.0,4493113.5,5349620.5,4457785.5,5405223.0,3.446359130859375,5.041230265299479,6.566666666666666,166.66666666666666,166.66666666666666,194.0,154.0,340.0,2337.0,144.0,1127.0,1163.0,5.0
1.0,0.0,1.0,0.0,0.0,0.0,1.0,0.0,0.0,1.0,0.0,0.0,0.0,0.0,0.0,0.0,1.0,4459086.0,5402287.0,4468229.5,5332457.5,4457660.5,5405507.5,4.36396044921875,6.118451436360677,14.465791666666666,166.66666666666666,166.66666666666666,161.0,304.0,245.0,3571.0,144.0,884.0,985.0,5.0
1.0,0.0,1.0,0.0,0.0,0.0,1.0,0.0,0.0,1.0,0.0,0.0,0.0,0.0,0.0,0.0,1.0,4459086.0,5402287.0,4468229.5,5332457.5,4457660.5,5405507.5,2.902343994140625,4.336006673177083,33.82143833333333,166.66666666666666,166.66666666666666,161.0,172.0,245.0,3571.0,144.0,992.0,1047.0,5.0
0.0,1.0,0.0,1.0,1.0,0.0,0.0,0.0,0.0,1.0,0.0,0.0,0.0,0.0,4.0,9.0,0.0,4452517.0,5402256.5,4464183.5,5338109.0,4452877.0,5404303.5,8.950212890625,9.673988850911458,35.71362333333333,166.66666666666666,166.66666666666666,350.0,186.0,158.0,1547.0,164.0,699.0,853.0,4.0
0.0,1.0,1.0,0.0,0.0,0.0,1.0,0.0,0.0,1.0,0.0,0.0,0.0,0.0,5.0,8.0,0.0,4455492.5,5403641.5,4537355.0,5388171.0,4458724.0,5403978.5,1.833285888671875,2.646917215983073,28.791621666666668,166.66666666666666,166.66666666666666,208.0,213.0,155.0,2247.0,197.0,608.0,841.0,5.0
0.0,1.0,0.0,1.0,0.0,0.0,1.0,0.0,0.0,1.0,0.0,0.0,0.0,0.0,5.0,9.0,0.0,4457670.5,5402909.0,4468968.5,5348940.5,4463475.5,5402807.5,3.239484375,4.4555720011393225,9.096721666666667,166.66666666666666,166.66666666666666,184.0,234.0,205.0,1690.0,348.0,1185.0,1318.0,5.0
0.0,1.0,0.0,1.0,0.0,0.0,1.0,0.0,0.0,1.0,0.0,0.0,0.0,0.0,5.0,9.0,0.0,4457670.5,5402909.0,4468968.5,5348940.5,4463475.5,5402807.5,3.8778154296875,5.44811045328776,168.9433,166.66666666666666,166.66666666666666,184.0,202.0,205.0,1690.0,348.0,925.0,1113.0,0.0
0.0,1.0,1.0,0.0,0.0,0.0,1.0,0.0,0.0,1.0,0.0,0.0,0.0,0.0,5.0,9.0,1.0,4457094.5,5405168.0,4493973.5,5305152.0,4459407.0,5404502.0,3.298837158203125,4.844209798177083,12.915278333333331,166.66666666666666,166.66666666666666,184.0,228.0,143.0,4732.0,224.0,1178.0,1192.0,5.0
0.0,1.0,1.0,0.0,1.0,0.0,0.0,0.0,0.0,1.0,0.0,0.0,0.0,0.0,2.0,7.0,1.0,4456182.5,5397267.5,4402642.0,5362718.5,4461512.0,5401904.5,4.13575,5.759712727864583,14.768869,166.66666666666666,166.66666666666666,176.0,145.0,331.0,573.0,253.0,604.0,614.0,4.0
1.0,0.0,0.0,1.0,0.0,1.0,0.0,0.0,0.0,1.0,0.0,0.0,0.0,0.0,1.0,0.0,1.0,4457926.5,5400441.5,4407870.0,5334988.5,4457496.5,5405144.0,1.3208643798828126,1.6718470255533855,3.774798,166.66666666666666,166.66666666666666,166.0,186.0,314.0,2379.0,144.0,594.0,742.0,5.0
0.0,1.0,0.0,1.0,0.0,0.0,1.0,0.0,0.0,1.0,0.0,0.0,0.0,0.0,5.0,0.0,1.0,4461186.5,5403943.5,4415388.5,5372996.5,4461623.5,5401056.0,7.21469677734375,7.747627766927083,100.221005,166.66666666666666,166.66666666666666,326.0,366.0,241.0,488.0,347.0,1134.0,1320.0,1.0
0.0,1.0,1.0,0.0,1.0,0.0,0.0,0.0,0.0,1.0,0.0,0.0,0.0,0.0,4.0,9.0,0.0,4459136.5,5402318.5,4415298.5,5379521.5,4457305.5,5404950.5,3.84291943359375,5.527584838867187,36.46830166666667,166.66666666666666,166.66666666666666,326.0,299.0,245.0,470.0,144.0,1194.0,1345.0,5.0
0.0,1.0,0.0,1.0,0.0,0.0,1.0,0.0,0.0,1.0,0.0,0.0,0.0,0.0,5.0,9.0,1.0,4458872.0,5405215.0,4473470.5,5335420.5,4457660.5,5405507.5,2.72051953125,3.776225026448568,8.959543333333333,166.66666666666666,166.66666666666666,314.0,321.0,216.0,3781.0,144.0,1056.0,47.0,5.0
1.0,0.0,1.0,0.0,0.0,0.0,1.0,0.0,0.0,1.0,0.0,0.0,0.0,0.0,5.0,7.0,1.0,4456674.5,5397317.5,4458422.0,5335014.5,4461512.0,5401904.5,3.468137939453125,4.558695475260417,3.754964166666667,166.66666666666666,166.66666666666666,314.0,338.0,332.0,2639.0,253.0,854.0,886.0,5.0
1.0,0.0,1.0,0.0,0.0,0.0,1.0,0.0,0.0,1.0,0.0,0.0,0.0,0.0,5.0,7.0,1.0,4456674.5,5397317.5,4458422.0,5335014.5,4461512.0,5401904.5,9.42150390625,11.55154317220052,43.064595,166.66666666666666,166.66666666666666,314.0,158.0,332.0,2639.0,253.0,1117.0,1213.0,0.0
1.0,0.0,0.0,1.0,0.0,1.0,0.0,0.0,0.0,1.0,0.0,0.0,0.0,0.0,0.0,0.0,1.0,4459074.0,5401739.5,4508580.5,5302537.5,4457005.0,5401373.5,4.68495703125,6.781217956542968,27.608071666666667,166.66666666666666,166.66666666666666,304.0,336.0,247.0,4793.0,297.0,1390.0,1428.0,4.0
0.0,1.0,0.0,1.0,1.0,0.0,0.0,0.0,0.0,1.0,0.0,0.0,0.0,0.0,3.0,9.0,1.0,4457911.5,5404206.0,4524824.0,5312975.0,4461139.5,5401184.0,5.850693359375,8.198205057779948,29.221531666666664,26.891025,166.66666666666666,222.0,304.0,187.0,4728.0,346.0,730.0,806.0,1.0
1.0,0.0,0.0,1.0,0.0,0.0,1.0,0.0,0.0,1.0,0.0,0.0,0.0,0.0,0.0,0.0,1.0,4457466.5,5403004.0,4461208.0,5302189.0,4461474.0,5401633.0,5.173931640625,6.069855244954427,20.113535,166.66666666666666,166.66666666666666,222.0,122.0,204.0,4539.0,347.0,766.0,935.0,5.0
0.0,1.0,1.0,0.0,1.0,0.0,0.0,0.0,0.0,1.0,0.0,0.0,0.0,0.0,1.0,6.0,0.0,4458015.0,5400974.0,4456500.0,5360638.0,4458064.0,5405052.5,6.2737763671875,9.077552286783854,20.2905,166.66666666666666,166.66666666666666,164.0,307.0,306.0,1243.0,145.0,709.0,1345.0,5.0
1.0,0.0,1.0,0.0,0.0,0.0,1.0,0.0,0.0,1.0,0.0,0.0,0.0,0.0,0.0,0.0,1.0,4458970.5,5402386.0,4415549.0,5362510.0,4457136.0,5399829.0,2.0057120361328127,2.7428863525390623,11.619346666666669,166.66666666666666,166.66666666666666,187.0,233.0,245.0,644.0,320.0,643.0,664.0,5.0
0.0,1.0,0.0,1.0,0.0,0.0,1.0,0.0,0.0,1.0,0.0,0.0,0.0,0.0,5.0,9.0,1.0,4451967.5,5402133.5,4417336.0,5361084.0,4461300.0,5401206.0,11.909921875,12.519261678059896,9.747181666666668,166.66666666666666,166.66666666666666,350.0,368.0,100.0,715.0,347.0,864.0,1075.0,1.0
0.0,1.0,1.0,0.0,0.0,0.0,1.0,0.0,0.0,1.0,0.0,0.0,0.0,0.0,4.0,9.0,1.0,4459457.0,5399934.0,4419102.5,5360060.5,4458600.0,5404749.0,1.0056672973632812,2.008726501464844,27.8,166.66666666666666,166.66666666666666,350.0,345.0,349.0,807.0,189.0,1184.0,1243.0,5.0
0.0,1.0,1.0,0.0,1.0,0.0,0.0,0.0,0.0,1.0,0.0,0.0,0.0,0.0,5.0,9.0,2.0,4457214.5,5399748.5,4419707.0,5363181.5,4457215.5,5405242.5,7.89297998046875,10.824031575520833,28.30127,23.848445,166.66666666666666,222.0,298.0,320.0,701.0,143.0,903.0,910.0,5.0
1.0,0.0,1.0,0.0,0.0,1.0,0.0,0.0,0.0,1.0,0.0,0.0,0.0,0.0,0.0,0.0,1.0,4458375.5,5402028.5,4415647.5,5353415.0,4461525.0,5401859.5,2.8976123046875,4.601239522298177,10.758416666666667,166.66666666666666,166.66666666666666,177.0,194.0,212.0,980.0,253.0,515.0,602.0,5.0
0.0,1.0,1.0,0.0,1.0,0.0,0.0,0.0,0.0,1.0,0.0,0.0,0.0,0.0,3.0,9.0,1.0,4454783.5,5404591.0,4488892.0,5335210.5,4458617.5,5402227.5,0.6007694702148437,0.9723684946695964,5.808372,166.66666666666666,166.66666666666666,312.0,309.0,147.0,4351.0,211.0,569.0,601.0,5.0
0.0,1.0,1.0,0.0,1.0,0.0,0.0,0.0,0.0,1.0,0.0,0.0,0.0,0.0,5.0,9.0,0.0,4457924.0,5404268.5,4497397.5,5326905.5,4457660.5,5405507.5,3.478291015625,5.036526489257812,37.44162666666667,166.66666666666666,166.66666666666666,315.0,201.0,187.0,4650.0,144.0,981.0,1089.0,5.0
0.0,1.0,1.0,0.0,1.0,0.0,0.0,0.0,0.0,1.0,0.0,0.0,0.0,0.0,5.0,9.0,0.0,4457924.0,5404268.5,4497397.5,5326905.5,4457660.5,5405507.5,6.1911376953125,8.403293355305989,30.928366666666665,166.66666666666666,166.66666666666666,315.0,218.0,187.0,4650.0,144.0,1143.0,1294.0,5.0
1.0,0.0,0.0,1.0,0.0,0.0,1.0,0.0,0.0,1.0,0.0,0.0,0.0,0.0,0.0,0.0,0.0,4454136.5,5404849.5,4484046.5,5329762.0,4461512.0,5401904.5,2.241539794921875,3.354408772786458,7.1761108333333326,166.66666666666666,166.66666666666666,319.0,311.0,147.0,4381.0,253.0,981.0,986.0,5.0
0.0,1.0,1.0,0.0,0.0,0.0,1.0,0.0,0.0,1.0,0.0,0.0,0.0,0.0,2.0,9.0,0.0,4461784.5,5403698.5,4491745.5,5326219.0,4458064.0,5405052.5,0.5992326049804687,0.9930720011393228,0.8634915,166.66666666666666,166.66666666666666,319.0,319.0,242.0,4642.0,145.0,1005.0,1068.0,5.0
0.0,1.0,1.0,0.0,0.0,1.0,0.0,0.0,0.0,1.0,0.0,0.0,0.0,0.0,1.0,9.0,1.0,4456457.5,5400282.5,4485643.5,5339847.5,4458636.5,5401516.0,8.544333984375001,8.985618082682292,193.0476,166.66666666666666,166.66666666666666,154.0,93.0,301.0,2009.0,308.0,727.0,1039.0,0.0
1.0,0.0,1.0,0.0,0.0,1.0,0.0,0.0,0.0,1.0,0.0,0.0,0.0,0.0,0.0,0.0,0.0,4457807.5,5404171.5,4454927.5,5423835.5,4461512.0,5401904.5,1.2245750732421876,1.8926286061604816,16.052391666666665,166.66666666666666,166.66666666666666,156.0,158.0,187.0,67.0,253.0,1112.0,1207.0,5.0
1.0,0.0,0.0,1.0,0.0,1.0,0.0,0.0,0.0,1.0,0.0,0.0,0.0,0.0,0.0,2.0,0.0,4456674.0,5404365.0,4434635.5,5418695.0,4461530.0,5401746.5,18.79975,13.525528971354166,53.190621666666665,166.66666666666666,166.66666666666666,333.0,114.0,174.0,5.0,253.0,630.0,640.0,0.0
0.0,1.0,0.0,1.0,1.0,0.0,0.0,0.0,0.0,1.0,0.0,0.0,0.0,0.0,3.0,9.0,1.0,4458723.5,5400773.5,4452986.0,5291513.0,4455416.0,5403622.5,6.55301708984375,8.860223388671875,20.10001,20.17191,166.66666666666666,142.0,317.0,316.0,4565.0,155.0,723.0,1054.0,1.0
0.0,1.0,1.0,0.0,1.0,0.0,0.0,0.0,0.0,1.0,0.0,0.0,0.0,0.0,3.0,9.0,0.0,4458187.0,5402327.0,4465349.0,5333486.0,4461329.0,5400357.0,0.3154906921386718,0.4099966367085774,5.827427666666667,166.66666666666666,166.66666666666666,142.0,166.0,210.0,3472.0,348.0,662.0,697.0,5.0
0.0,1.0,0.0,1.0,0.0,0.0,1.0,0.0,0.0,1.0,0.0,0.0,0.0,0.0,5.0,9.0,2.0,4452681.5,5402096.0,4464405.0,5331536.0,4451834.0,5402627.5,14.6624873046875,22.938446044921875,30.178446666666662,166.66666666666666,166.66666666666666,102.0,162.0,158.0,2959.0,99.0,909.0,948.0,1.0
0.0,1.0,1.0,0.0,1.0,0.0,0.0,0.0,0.0,1.0,0.0,0.0,0.0,0.0,1.0,9.0,1.0,4456328.5,5399123.5,4458867.5,5333895.0,4458215.0,5404919.0,19.641662109375,18.972601318359374,209.57116666666667,166.66666666666666,166.66666666666666,350.0,72.0,321.0,2817.0,145.0,1094.0,1203.0,0.0
0.0,1.0,0.0,1.0,0.0,1.0,0.0,0.0,0.0,1.0,0.0,0.0,0.0,0.0,1.0,0.0,2.0,4458096.5,5403454.0,4466495.5,5334540.5,4461071.0,5401134.5,3.584284912109375,4.386447143554688,32.91874333333333,166.66666666666666,166.66666666666666,178.0,133.0,198.0,3308.0,346.0,873.0,988.0,1.0
1.0,0.0,1.0,0.0,0.0,0.0,1.0,0.0,0.0,1.0,0.0,0.0,0.0,0.0,6.0,9.0,2.0,4459531.5,5405020.5,4474339.5,5329872.0,4459663.5,5404151.5,7.833203125,8.472259521484375,17.538228333333333,166.66666666666666,166.66666666666666,222.0,113.0,217.0,4174.0,229.0,1084.0,1206.0,2.0
0.0,1.0,0.0,1.0,1.0,0.0,0.0,0.0,0.0,1.0,0.0,0.0,0.0,0.0,3.0,9.0,0.0,4459960.0,5405384.5,4459987.5,5335147.5,4458105.5,5404598.0,3.3504267578125,5.297916158040365,17.216355,166.66666666666666,166.66666666666666,244.0,304.0,218.0,2737.0,188.0,700.0,773.0,5.0
1.0,0.0,1.0,0.0,0.0,0.0,1.0,0.0,0.0,1.0,0.0,0.0,0.0,0.0,3.0,0.0,2.0,4456662.0,5408831.0,4466765.0,5342259.5,4457222.5,5405681.5,3.498022705078125,4.976723225911458,13.087830666666669,166.66666666666666,166.66666666666666,244.0,310.0,134.0,1746.0,141.0,1231.0,1294.0,5.0
0.0,1.0,1.0,0.0,1.0,0.0,0.0,0.0,0.0,1.0,0.0,0.0,0.0,0.0,3.0,9.0,1.0,4461936.5,5404242.0,4465852.5,5331340.5,4459663.5,5404151.5,6.7181289062500005,9.252670288085938,25.89365666666667,166.66666666666666,166.66666666666666,178.0,139.0,240.0,3538.0,229.0,731.0,823.0,0.0
0.0,1.0,0.0,1.0,1.0,0.0,0.0,0.0,0.0,1.0,0.0,0.0,0.0,0.0,4.0,9.0,0.0,4456667.5,5404988.5,4468400.5,5328943.5,4463457.0,5403081.0,1.837750854492188,2.368255106608073,8.910007666666667,166.66666666666666,166.66666666666666,187.0,166.0,142.0,4009.0,348.0,597.0,648.0,5.0
0.0,1.0,0.0,1.0,1.0,0.0,0.0,0.0,0.0,1.0,0.0,0.0,0.0,0.0,4.0,9.0,0.0,4456667.5,5404988.5,4468400.5,5328943.5,4463457.0,5403081.0,6.167156250000001,8.5150390625,22.301521666666662,166.66666666666666,166.66666666666666,187.0,137.0,142.0,4009.0,348.0,895.0,1092.0,1.0
0.0,1.0,1.0,0.0,1.0,0.0,0.0,0.0,0.0,1.0,0.0,0.0,0.0,0.0,3.0,9.0,0.0,4456592.5,5397874.0,4469003.5,5340101.0,4460703.0,5401245.0,2.222145263671876,2.6959490458170574,15.3117595,166.66666666666666,166.66666666666666,187.0,217.0,330.0,1883.0,346.0,746.0,969.0,5.0
1.0,0.0,0.0,1.0,0.0,0.0,1.0,0.0,0.0,1.0,0.0,0.0,0.0,0.0,0.0,0.0,0.0,4459000.0,5406585.0,4438645.5,5307942.5,4458751.0,5403615.5,5.46766748046875,7.055609130859375,15.663916666666667,166.66666666666666,166.66666666666666,223.0,148.0,139.0,2498.0,199.0,1117.0,1179.0,4.0
0.0,1.0,0.0,1.0,0.0,0.0,1.0,0.0,0.0,1.0,0.0,0.0,0.0,0.0,1.0,0.0,2.0,4459246.5,5404372.5,4443827.0,5338298.5,4460598.5,5401235.0,11.901443359375,9.43363749186198,59.77541833333333,166.66666666666666,166.66666666666666,101.0,111.0,225.0,1285.0,346.0,741.0,755.0,4.0
0.0,1.0,1.0,0.0,0.0,0.0,1.0,0.0,0.0,1.0,0.0,0.0,0.0,0.0,5.0,8.0,1.0,4457128.5,5404391.0,4502023.5,5383807.5,4460050.0,5401865.5,10.6038984375,14.03018086751302,36.21667,166.66666666666666,166.66666666666666,335.0,176.0,175.0,2069.0,249.0,726.0,794.0,5.0
0.0,1.0,0.0,1.0,0.0,0.0,1.0,0.0,0.0,1.0,0.0,0.0,0.0,0.0,3.0,9.0,2.0,4457828.5,5404131.0,4501898.0,5377909.5,4463547.0,5402729.5,13.817638671875,17.035169474283855,53.53126666666667,166.66666666666666,166.66666666666666,335.0,158.0,187.0,2096.0,348.0,1209.0,1285.0,4.0
0.0,1.0,1.0,0.0,0.0,0.0,1.0,0.0,0.0,1.0,0.0,0.0,0.0,0.0,1.0,0.0,1.0,4456390.0,5403845.5,4492854.5,5345049.5,4460174.0,5404449.5,3.585515625,5.3104298909505205,8.111444666666667,166.66666666666666,166.66666666666666,207.0,317.0,177.0,2339.0,230.0,851.0,1076.0,5.0
0.0,1.0,1.0,0.0,1.0,0.0,0.0,0.0,0.0,1.0,0.0,0.0,0.0,0.0,4.0,9.0,0.0,4456279.0,5403494.0,4432980.5,5383506.5,4459362.0,5404408.0,0.6559884643554688,1.0954737345377603,13.266486666666664,166.66666666666666,166.66666666666666,164.0,147.0,179.0,482.0,226.0,899.0,948.0,5.0
0.0,1.0,1.0,0.0,1.0,0.0,0.0,0.0,0.0,1.0,0.0,0.0,0.0,0.0,4.0,9.0,0.0,4456279.0,5403494.0,4432980.5,5383506.5,4459362.0,5404408.0,4.8225458984375,6.872438049316406,18.10739,166.66666666666666,166.66666666666666,164.0,207.0,179.0,482.0,226.0,1144.0,1158.0,4.0
0.0,1.0,0.0,1.0,0.0,0.0,1.0,0.0,0.0,1.0,0.0,0.0,0.0,0.0,1.0,8.0,1.0,4459590.0,5403499.0,4429370.5,5361331.5,4459581.0,5404390.5,5.47970361328125,7.698600260416667,23.03796333333333,166.66666666666666,166.66666666666666,300.0,194.0,234.0,1025.0,226.0,805.0,913.0,4.0
1.0,0.0,0.0,1.0,0.0,0.0,1.0,0.0,0.0,1.0,0.0,0.0,0.0,0.0,0.0,0.0,0.0,4457960.0,5404353.5,4463128.5,5408100.5,4451914.5,5402551.5,5.377052734375,7.131573486328125,27.82708333333333,166.66666666666666,166.66666666666666,335.0,344.0,187.0,122.0,99.0,964.0,1024.0,0.0
1.0,0.0,0.0,1.0,0.0,0.0,1.0,0.0,0.0,1.0,0.0,0.0,0.0,0.0,5.0,9.0,0.0,4456431.0,5399114.5,4442044.5,5429253.0,4458895.0,5401307.5,2.725049072265625,3.5175801595052083,166.66666666666666,166.66666666666666,166.66666666666666,149.0,142.0,321.0,8.0,339.0,959.0,973.0,4.0
1.0,0.0,1.0,0.0,0.0,1.0,0.0,0.0,0.0,1.0,0.0,0.0,0.0,0.0,0.0,0.0,0.0,4458287.0,5403406.5,4498995.5,5301691.5,4458105.5,5404598.0,2.0561533203125,3.4113314310709635,12.518532333333331,166.66666666666666,166.66666666666666,339.0,349.0,198.0,4748.0,188.0,661.0,696.0,5.0
0.0,1.0,0.0,1.0,1.0,0.0,0.0,0.0,0.0,1.0,0.0,0.0,0.0,0.0,3.0,7.0,1.0,4459831.5,5403731.0,4476989.0,5332285.0,4457598.0,5404485.5,2.02813525390625,2.678954569498698,32.441158333333334,166.66666666666666,166.66666666666666,336.0,320.0,235.0,3908.0,186.0,642.0,684.0,5.0
0.0,1.0,0.0,1.0,1.0,0.0,0.0,0.0,0.0,1.0,0.0,0.0,0.0,0.0,3.0,7.0,1.0,4459831.5,5403731.0,4476989.0,5332285.0,4457598.0,5404485.5,8.516335937500001,11.38878173828125,36.67190833333333,166.66666666666666,166.66666666666666,336.0,178.0,235.0,3908.0,186.0,579.0,702.0,5.0
0.0,1.0,1.0,0.0,0.0,0.0,1.0,0.0,0.0,1.0,0.0,0.0,0.0,0.0,6.0,9.0,0.0,4458169.0,5399945.0,4512878.0,5281073.0,4455828.0,5405076.0,7.41349169921875,10.734397379557292,30.67811333333333,32.33279666666667,166.66666666666666,147.0,317.0,324.0,4946.0,165.0,1199.0,4.0,5.0
0.0,1.0,1.0,0.0,1.0,0.0,0.0,0.0,0.0,1.0,0.0,0.0,0.0,0.0,1.0,9.0,1.0,4458854.0,5403622.0,4515934.5,5385832.0,4456795.0,5405487.0,6.45686083984375,7.896312459309896,33.05807166666667,166.66666666666666,166.66666666666666,245.0,336.0,233.0,2083.0,140.0,983.0,1364.0,1.0
0.0,1.0,1.0,0.0,0.0,0.0,1.0,0.0,0.0,1.0,0.0,0.0,0.0,0.0,7.0,9.0,2.0,4449075.5,5404751.5,4482107.0,5361064.0,4458382.0,5403231.0,3.59885986328125,4.673302714029948,18.3964,166.66666666666666,166.66666666666666,175.0,212.0,98.0,1649.0,208.0,1324.0,8.0,1.0
0.0,1.0,1.0,0.0,0.0,1.0,0.0,0.0,0.0,1.0,0.0,0.0,0.0,0.0,1.0,8.0,1.0,4459402.0,5404179.5,4468026.0,5370647.5,4460787.0,5401139.5,4.92215283203125,7.804190063476562,28.932706666666665,166.66666666666666,166.66666666666666,345.0,322.0,226.0,1199.0,346.0,1374.0,82.0,0.0
0.0,1.0,1.0,0.0,0.0,1.0,0.0,0.0,0.0,1.0,0.0,0.0,0.0,0.0,1.0,8.0,1.0,4459402.0,5404179.5,4468026.0,5370647.5,4460787.0,5401139.5,2.936831298828125,3.788195037841797,18.205281666666668,166.66666666666666,166.66666666666666,345.0,248.0,226.0,1199.0,346.0,936.0,1353.0,5.0
0.0,1.0,0.0,1.0,0.0,0.0,1.0,0.0,0.0,1.0,0.0,0.0,0.0,0.0,6.0,9.0,1.0,4456528.0,5397880.5,4418051.0,5351554.5,4460442.5,5400913.0,1.3816365966796875,1.7522198994954428,12.387252833333331,166.66666666666666,166.66666666666666,197.0,208.0,330.0,1004.0,340.0,910.0,941.0,0.0
0.0,1.0,0.0,1.0,0.0,0.0,1.0,0.0,0.0,1.0,0.0,0.0,0.0,0.0,7.0,9.0,1.0,4462148.5,5404146.5,4487385.0,5328596.0,4457826.0,5405353.0,11.300650390625,14.466682942708331,54.53329333333333,166.66666666666666,166.66666666666666,156.0,350.0,240.0,4397.0,144.0,646.0,800.0,5.0
0.0,1.0,0.0,1.0,0.0,0.0,1.0,0.0,0.0,1.0,0.0,0.0,0.0,0.0,6.0,9.0,1.0,4459028.5,5404821.5,4506355.0,5362761.5,4455976.5,5398594.5,0.6211790161132813,0.7551803588867188,4.659883333333333,166.66666666666666,166.66666666666666,174.0,166.0,223.0,2214.0,321.0,631.0,799.0,5.0
0.0,1.0,1.0,0.0,0.0,0.0,1.0,0.0,0.0,1.0,0.0,0.0,0.0,0.0,5.0,7.0,2.0,4459081.0,5403494.5,4467991.0,5349071.0,4457366.5,5405966.5,3.1044345703125003,4.109517669677734,12.123243333333331,166.66666666666666,166.66666666666666,174.0,164.0,233.0,1679.0,139.0,841.0,913.0,1.0
0.0,1.0,1.0,0.0,1.0,0.0,0.0,0.0,0.0,1.0,0.0,0.0,0.0,0.0,4.0,9.0,1.0,4455866.0,5407153.5,4484815.0,5318190.0,4456427.5,5406291.5,3.09914013671875,4.492438761393229,15.226755833333334,166.66666666666666,166.66666666666666,322.0,318.0,140.0,4481.0,140.0,1117.0,1340.0,1.0
1.0,0.0,1.0,0.0,1.0,0.0,0.0,0.0,0.0,1.0,0.0,0.0,0.0,0.0,0.0,8.0,1.0,4459840.5,5404121.0,4489068.5,5320737.0,4460176.0,5404504.0,4.6669379882812505,6.180966186523437,20.048191666666664,166.66666666666666,166.66666666666666,222.0,138.0,229.0,4679.0,228.0,696.0,848.0,5.0
0.0,1.0,0.0,1.0,0.0,0.0,1.0,0.0,0.0,1.0,0.0,0.0,0.0,0.0,5.0,9.0,1.0,4458831.0,5402337.0,4466292.0,5330403.0,4458883.5,5403964.0,3.43244677734375,4.858527628580729,8.048425833333333,166.66666666666666,166.66666666666666,321.0,317.0,211.0,3954.0,231.0,927.0,1028.0,5.0
1.0,0.0,1.0,0.0,0.0,1.0,0.0,0.0,0.0,1.0,0.0,0.0,0.0,0.0,0.0,0.0,1.0,4455177.0,5403316.5,4441947.5,5417686.0,4458841.0,5402416.5,7.4029741210937505,9.000536092122395,41.34109333333333,166.66666666666666,166.66666666666666,182.0,115.0,154.0,58.0,211.0,325.0,560.0,2.0
0.0,1.0,0.0,1.0,1.0,0.0,0.0,0.0,0.0,1.0,0.0,0.0,0.0,0.0,4.0,9.0,1.0,4458478.0,5404325.5,4467982.0,5348969.5,4460075.0,5404522.5,6.338697265625,7.933466084798177,13.402025,166.66666666666666,166.66666666666666,323.0,353.0,191.0,1679.0,228.0,621.0,686.0,0.0
0.0,1.0,1.0,0.0,0.0,1.0,0.0,0.0,0.0,1.0,0.0,0.0,0.0,0.0,1.0,9.0,2.0,4455774.0,5402293.5,4466421.0,5352884.5,4462614.0,5403822.0,6.7350576171875005,9.356630452473958,36.123905,166.66666666666666,166.66666666666666,323.0,155.0,202.0,1260.0,254.0,1209.0,1333.0,5.0
0.0,1.0,1.0,0.0,0.0,1.0,0.0,0.0,0.0,1.0,0.0,0.0,0.0,0.0,1.0,9.0,2.0,4455774.0,5402293.5,4466421.0,5352884.5,4462614.0,5403822.0,8.602134765625,10.339070638020834,17.019143333333332,166.66666666666666,166.66666666666666,323.0,367.0,202.0,1260.0,254.0,1038.0,1115.0,0.0
1.0,0.0,1.0,0.0,0.0,1.0,0.0,0.0,0.0,1.0,0.0,0.0,0.0,0.0,0.0,0.0,1.0,4459750.0,5405010.5,4416540.0,5364231.5,4457475.0,5404948.0,18.162298828125,19.58503824869792,371.7320666666666,166.66666666666666,166.66666666666666,201.0,112.0,220.0,515.0,144.0,488.0,797.0,1.0
1.0,0.0,1.0,0.0,0.0,0.0,1.0,0.0,0.0,1.0,0.0,0.0,0.0,0.0,6.0,9.0,1.0,4447246.0,5403602.0,4394863.5,5357034.0,4458895.0,5401307.5,0.3574625244140625,0.5419307072957357,4.085129333333334,166.66666666666666,166.66666666666666,314.0,314.0,97.0,559.0,339.0,1290.0,1394.0,5.0
0.0,1.0,1.0,0.0,0.0,0.0,1.0,0.0,0.0,1.0,0.0,0.0,0.0,0.0,6.0,9.0,1.0,4459241.5,5400577.5,4463715.0,5324828.5,4459854.0,5404577.5,1.8901624755859376,2.568450927734375,0.3523231666666666,166.66666666666666,166.66666666666666,304.0,299.0,341.0,3177.0,227.0,871.0,950.0,0.0
0.0,1.0,0.0,1.0,0.0,0.0,1.0,0.0,0.0,1.0,0.0,0.0,0.0,0.0,6.0,9.0,2.0,4458068.5,5400891.0,4459586.0,5345827.0,4460703.0,5401245.0,18.4080078125,19.155792236328125,318.3131666666667,166.66666666666666,166.66666666666666,98.0,293.0,315.0,1379.0,346.0,1282.0,7.0,0.0
0.0,1.0,1.0,0.0,0.0,0.0,1.0,0.0,0.0,1.0,0.0,0.0,0.0,0.0,5.0,9.0,0.0,4458986.5,5402411.5,4474285.5,5335179.5,4461300.0,5401206.0,3.9683784179687502,5.750144958496094,7.460417166666666,166.66666666666666,166.66666666666666,244.0,344.0,245.0,3788.0,347.0,546.0,552.0,2.0
0.0,1.0,0.0,1.0,0.0,0.0,1.0,0.0,0.0,1.0,0.0,0.0,0.0,0.0,5.0,9.0,0.0,4459893.5,5404229.0,4454419.5,5339691.5,4459663.5,5404151.5,6.9877197265625,9.700445556640624,27.48032,166.66666666666666,166.66666666666666,142.0,324.0,229.0,1396.0,229.0,978.0,1164.0,5.0
0.0,1.0,1.0,0.0,0.0,0.0,1.0,0.0,0.0,1.0,0.0,0.0,0.0,0.0,4.0,0.0,1.0,4457640.5,5403031.5,4508512.5,5299800.0,4459674.0,5400184.0,4.032595703125,5.11809336344401,20.08175333333333,166.66666666666666,166.66666666666666,142.0,214.0,204.0,4847.0,345.0,1230.0,1387.0,5.0
0.0,1.0,1.0,0.0,0.0,0.0,1.0,0.0,0.0,1.0,0.0,0.0,0.0,0.0,5.0,0.0,2.0,4461377.0,5403809.0,4417414.0,5359791.5,4457660.5,5405507.5,12.0956435546875,16.691995239257814,202.1380166666667,166.66666666666666,166.66666666666666,172.0,106.0,242.0,784.0,144.0,1098.0,1118.0,1.0
0.0,1.0,1.0,0.0,0.0,0.0,1.0,0.0,0.0,1.0,0.0,0.0,0.0,0.0,5.0,0.0,2.0,4461377.0,5403809.0,4417414.0,5359791.5,4457660.5,5405507.5,4.69060595703125,7.004164123535156,15.923836666666666,166.66666666666666,166.66666666666666,172.0,307.0,242.0,784.0,144.0,523.0,700.0,5.0
1.0,0.0,1.0,0.0,0.0,0.0,1.0,0.0,0.0,1.0,0.0,0.0,0.0,0.0,6.0,9.0,2.0,4452073.0,5401814.0,4435940.0,5300005.0,4457191.0,5405931.5,9.8478974609375,10.84208475748698,43.56109666666667,166.66666666666666,166.66666666666666,222.0,326.0,103.0,2518.0,140.0,749.0,894.0,1.0
0.0,1.0,0.0,1.0,1.0,0.0,0.0,0.0,0.0,1.0,0.0,0.0,0.0,0.0,2.0,9.0,1.0,4452513.0,5402644.5,4422249.0,5357790.0,4452877.0,5404303.5,8.0896318359375,13.274958292643229,21.41104333333333,166.66666666666666,166.66666666666666,204.0,102.0,156.0,901.0,164.0,902.0,1187.0,1.0
1.0,0.0,1.0,0.0,0.0,0.0,1.0,0.0,0.0,1.0,0.0,0.0,0.0,0.0,2.0,0.0,1.0,4456269.5,5407697.5,4416139.5,5324402.5,4457222.5,5405681.5,8.0896318359375,13.274958292643229,21.41104333333333,166.66666666666666,166.66666666666666,204.0,102.0,137.0,2456.0,141.0,888.0,898.0,1.0
0.0,1.0,1.0,0.0,0.0,0.0,1.0,0.0,0.0,1.0,0.0,0.0,0.0,0.0,5.0,9.0,1.0,4457177.5,5405177.5,4475640.5,5354145.5,4456886.0,5405575.0,5.39894775390625,7.564463806152344,10.150746666666668,166.66666666666666,166.66666666666666,191.0,147.0,143.0,1579.0,141.0,1084.0,1207.0,1.0
1.0,0.0,1.0,0.0,0.0,0.0,1.0,0.0,0.0,1.0,0.0,0.0,0.0,0.0,5.0,9.0,1.0,4459840.5,5404121.0,4453613.5,5326815.0,4456375.5,5400148.5,4.93552783203125,6.387676493326823,31.887361666666667,166.66666666666666,166.66666666666666,342.0,145.0,229.0,2980.0,298.0,817.0,1245.0,5.0
0.0,1.0,0.0,1.0,1.0,0.0,0.0,0.0,0.0,1.0,0.0,0.0,0.0,0.0,2.0,9.0,1.0,4458410.0,5401313.5,4457559.5,5403495.0,4459222.0,5399478.0,1.083672607421875,1.80174077351888,7.938766,166.66666666666666,166.66666666666666,222.0,215.0,307.0,194.0,349.0,1209.0,1335.0,5.0
1.0,0.0,1.0,0.0,0.0,1.0,0.0,0.0,0.0,1.0,0.0,0.0,0.0,0.0,0.0,0.0,0.0,4458777.0,5404393.5,4457827.5,5332076.5,4457333.5,5405846.5,5.30878173828125,6.552287801106771,19.09125166666667,166.66666666666666,166.66666666666666,222.0,134.0,191.0,2686.0,139.0,862.0,1087.0,1.0
0.0,1.0,0.0,1.0,1.0,0.0,0.0,0.0,0.0,1.0,0.0,0.0,0.0,0.0,4.0,9.0,1.0,4459444.5,5399684.5,4495292.5,5370793.5,4458584.5,5403139.0,3.641627197265625,4.912732442220052,10.17497,166.66666666666666,166.66666666666666,338.0,302.0,349.0,2178.0,208.0,376.0,397.0,4.0
0.0,1.0,0.0,1.0,0.0,0.0,1.0,0.0,0.0,1.0,0.0,0.0,0.0,0.0,7.0,9.0,1.0,4455919.0,5400398.0,4418331.0,5360319.5,4461787.5,5400766.5,4.450245605468751,6.996981811523438,12.995743333333332,166.66666666666666,166.66666666666666,340.0,323.0,298.0,724.0,348.0,974.0,1142.0,4.0
1.0,0.0,1.0,0.0,0.0,1.0,0.0,0.0,0.0,1.0,0.0,0.0,0.0,0.0,0.0,0.0,1.0,4457990.5,5400925.5,4464488.5,5336506.5,4457295.0,5405276.5,4.35676513671875,7.605207316080729,11.83557,166.66666666666666,166.66666666666666,146.0,131.0,306.0,2773.0,144.0,1132.0,1140.0,1.0
0.0,1.0,0.0,1.0,0.0,0.0,1.0,0.0,0.0,1.0,0.0,0.0,0.0,0.0,4.0,9.0,1.0,4458414.5,5401339.0,4499941.0,5303137.5,4461623.5,5401056.0,7.196873046875,9.853530883789062,17.859016666666665,166.66666666666666,166.66666666666666,350.0,161.0,307.0,4748.0,347.0,1000.0,1243.0,4.0
0.0,1.0,1.0,0.0,0.0,1.0,0.0,0.0,0.0,1.0,0.0,0.0,0.0,0.0,1.0,9.0,2.0,4459201.5,5402511.0,4509181.0,5302180.0,4458469.5,5400448.0,1.7694055175781251,2.8068997701009115,0.8634915666666667,166.66666666666666,166.66666666666666,301.0,319.0,243.0,4826.0,318.0,598.0,775.0,1.0
0.0,1.0,0.0,1.0,0.0,0.0,1.0,0.0,0.0,1.0,0.0,0.0,0.0,0.0,1.0,9.0,2.0,4459689.5,5403950.0,4467484.5,5333951.5,4458214.0,5401865.0,1.1893614501953125,1.9025962829589844,5.673618333333334,166.66666666666666,166.66666666666666,146.0,152.0,235.0,3499.0,212.0,856.0,913.0,2.0
0.0,1.0,1.0,0.0,0.0,0.0,1.0,0.0,0.0,1.0,0.0,0.0,0.0,0.0,5.0,9.0,1.0,4459552.0,5404191.0,4470272.0,5332241.5,4462732.0,5403749.0,16.1560888671875,12.85880839029948,41.973,166.66666666666666,166.66666666666666,154.0,104.0,226.0,3714.0,254.0,988.0,278.0,1.0
0.0,1.0,1.0,0.0,0.0,0.0,1.0,0.0,0.0,1.0,0.0,0.0,0.0,0.0,5.0,9.0,1.0,4459552.0,5404191.0,4470272.0,5332241.5,4462732.0,5403749.0,5.80952099609375,7.890750630696615,24.286375,166.66666666666666,166.66666666666666,154.0,232.0,226.0,3714.0,254.0,1176.0,1193.0,1.0
1.0,0.0,1.0,0.0,0.0,0.0,1.0,0.0,0.0,1.0,0.0,0.0,0.0,0.0,6.0,0.0,1.0,4451996.0,5402414.0,4469233.5,5336424.0,4457314.5,5403156.0,4.066662841796875,5.573072306315104,20.63106,166.66666666666666,166.66666666666666,349.0,303.0,100.0,3392.0,204.0,598.0,601.0,4.0
1.0,0.0,1.0,0.0,0.0,0.0,1.0,0.0,0.0,1.0,0.0,0.0,0.0,0.0,6.0,0.0,1.0,4451996.0,5402414.0,4469233.5,5336424.0,4457314.5,5403156.0,5.42679345703125,6.482745869954427,36.45078333333333,166.66666666666666,166.66666666666666,349.0,329.0,100.0,3392.0,204.0,1140.0,1149.0,4.0
0.0,1.0,1.0,0.0,0.0,0.0,1.0,0.0,0.0,1.0,0.0,0.0,0.0,0.0,1.0,2.0,0.0,4458119.0,5401139.0,4465665.5,5329629.0,4458895.0,5401307.5,2.965584716796875,4.1076171875,5.071711666666667,166.66666666666666,166.66666666666666,232.0,210.0,309.0,3984.0,339.0,974.0,1061.0,4.0
0.0,1.0,0.0,1.0,0.0,0.0,1.0,0.0,0.0,1.0,0.0,0.0,0.0,0.0,6.0,9.0,1.0,4455925.5,5400327.5,4487321.5,5293988.5,4457308.5,5405685.0,4.1351455078125,5.4590087890625,13.243766666666666,166.66666666666666,166.66666666666666,186.0,213.0,298.0,4625.0,144.0,516.0,666.0,1.0
0.0,1.0,0.0,1.0,0.0,0.0,1.0,0.0,0.0,1.0,0.0,0.0,0.0,0.0,3.0,0.0,3.0,4459293.0,5404184.5,4463252.0,5331681.5,4463519.5,5402880.5,2.149831787109375,3.363434855143229,16.709355,166.66666666666666,166.66666666666666,235.0,216.0,226.0,2944.0,348.0,1023.0,1038.0,4.0
0.0,1.0,0.0,1.0,0.0,0.0,1.0,0.0,0.0,1.0,0.0,0.0,0.0,0.0,3.0,0.0,3.0,4459293.0,5404184.5,4463252.0,5331681.5,4463519.5,5402880.5,3.6517138671875,4.833123779296875,11.692575,166.66666666666666,166.66666666666666,235.0,254.0,226.0,2944.0,348.0,934.0,985.0,5.0
0.0,1.0,1.0,0.0,1.0,0.0,0.0,0.0,0.0,1.0,0.0,0.0,0.0,0.0,2.0,9.0,0.0,4458602.0,5403973.0,4463241.5,5336090.5,4459363.0,5400504.0,37.42421484375,30.287432861328124,273.6387,217.04283333333333,166.66666666666666,155.0,77.0,197.0,2778.0,342.0,925.0,1078.0,1.0
0.0,1.0,1.0,0.0,0.0,0.0,1.0,0.0,0.0,1.0,0.0,0.0,0.0,0.0,4.0,9.0,2.0,4461960.0,5404038.5,4497169.0,5322959.0,4460757.0,5401208.5,12.19216796875,13.45745137532552,28.870306666666664,166.66666666666666,166.66666666666666,219.0,119.0,242.0,4676.0,346.0,681.0,985.0,1.0
1.0,0.0,1.0,0.0,0.0,0.0,1.0,0.0,0.0,1.0,0.0,0.0,0.0,0.0,7.0,5.0,0.0,4459140.0,5406270.5,4457563.5,5403232.5,4458061.0,5403999.5,6.6810371093750005,9.358028157552084,12.519145,166.66666666666666,166.66666666666666,322.0,198.0,222.0,204.0,196.0,523.0,636.0,5.0
0.0,1.0,1.0,0.0,1.0,0.0,0.0,0.0,0.0,1.0,0.0,0.0,0.0,0.0,1.0,9.0,1.0,4458247.5,5401654.5,4463084.0,5376548.0,4459073.0,5406006.5,2.165368896484375,2.965904235839844,14.427311666666666,166.66666666666666,166.66666666666666,186.0,216.0,307.0,1128.0,222.0,612.0,749.0,5.0
0.0,1.0,1.0,0.0,0.0,0.0,1.0,0.0,0.0,1.0,0.0,0.0,0.0,0.0,7.0,9.0,0.0,4457247.0,5403970.0,4509927.0,5301591.0,4460929.5,5404052.0,6.1275849609375,8.380705769856771,33.05289166666667,166.66666666666666,166.66666666666666,247.0,329.0,181.0,4835.0,241.0,1203.0,1326.0,4.0
1.0,0.0,0.0,1.0,1.0,0.0,0.0,0.0,0.0,1.0,0.0,0.0,0.0,0.0,0.0,7.0,0.0,4462570.5,5403636.5,4446233.0,5307995.0,4454894.5,5404379.0,19.21206640625,17.12459513346354,176.25594999999998,72.062695,166.66666666666666,336.0,1162.0,254.0,4493.0,165.0,753.0,1019.0,1.0
0.0,1.0,1.0,0.0,0.0,0.0,1.0,0.0,0.0,1.0,0.0,0.0,0.0,0.0,5.0,0.0,0.0,4456890.5,5400716.5,4461466.5,5328143.5,4462608.5,5402664.5,6.89175390625,7.200449625651042,18.788901666666668,166.66666666666666,166.66666666666666,350.0,333.0,300.0,3024.0,348.0,910.0,1117.0,5.0
0.0,1.0,1.0,0.0,1.0,0.0,0.0,0.0,0.0,1.0,0.0,0.0,0.0,0.0,1.0,9.0,0.0,4455433.5,5403476.5,4526921.5,5368899.5,4460323.0,5404275.5,0.4884554748535156,0.7224896113077799,11.445061666666668,166.66666666666666,166.66666666666666,199.0,231.0,155.0,2266.0,230.0,1301.0,176.0,5.0
0.0,1.0,1.0,0.0,1.0,0.0,0.0,0.0,0.0,1.0,0.0,0.0,0.0,0.0,1.0,9.0,0.0,4455433.5,5403476.5,4526921.5,5368899.5,4460323.0,5404275.5,2.083405029296875,3.133712259928385,27.659846666666667,166.66666666666666,166.66666666666666,199.0,213.0,155.0,2266.0,230.0,485.0,962.0,5.0
1.0,0.0,1.0,0.0,0.0,1.0,0.0,0.0,0.0,1.0,0.0,0.0,0.0,0.0,0.0,0.0,0.0,4456412.0,5404652.5,4490008.5,5338940.0,4460945.0,5401039.0,6.53019677734375,8.523917643229167,24.53912833333333,166.66666666666666,166.66666666666666,151.0,232.0,166.0,2019.0,346.0,1049.0,1333.0,5.0
1.0,0.0,1.0,0.0,0.0,1.0,0.0,0.0,0.0,1.0,0.0,0.0,0.0,0.0,0.0,0.0,0.0,4456412.0,5404652.5,4490008.5,5338940.0,4460945.0,5401039.0,15.3248037109375,18.48735148111979,46.55247833333333,166.66666666666666,166.66666666666666,151.0,367.0,166.0,2019.0,346.0,707.0,800.0,0.0
1.0,0.0,1.0,0.0,0.0,1.0,0.0,0.0,0.0,1.0,0.0,0.0,0.0,0.0,0.0,0.0,0.0,4462720.0,5404251.5,4511061.5,5349094.5,4461374.5,5401232.5,3.98473095703125,5.280437215169271,16.016119333333332,166.66666666666666,166.66666666666666,151.0,206.0,240.0,2351.0,347.0,1132.0,1179.0,5.0
1.0,0.0,1.0,0.0,0.0,1.0,0.0,0.0,0.0,1.0,0.0,0.0,0.0,0.0,0.0,0.0,0.0,4462720.0,5404251.5,4511061.5,5349094.5,4461374.5,5401232.5,1.36753857421875,2.137243143717448,23.98956833333333,166.66666666666666,166.66666666666666,151.0,164.0,240.0,2351.0,347.0,1092.0,155.0,1.0
0.0,1.0,0.0,1.0,1.0,0.0,0.0,0.0,0.0,1.0,0.0,0.0,0.0,0.0,2.0,9.0,1.0,4456542.5,5397784.0,4473309.0,5328733.0,4461623.5,5401056.0,1.5636658935546874,2.4676137288411457,27.228291666666667,166.66666666666666,166.66666666666666,309.0,213.0,330.0,4214.0,347.0,600.0,677.0,5.0
0.0,1.0,0.0,1.0,1.0,0.0,0.0,0.0,0.0,1.0,0.0,0.0,0.0,0.0,2.0,9.0,1.0,4456542.5,5397784.0,4473309.0,5328733.0,4461623.5,5401056.0,5.1058408203125,7.064511617024739,20.182096666666663,20.17063333333333,166.66666666666666,309.0,171.0,330.0,4214.0,347.0,856.0,965.0,4.0
0.0,1.0,0.0,1.0,1.0,0.0,0.0,0.0,0.0,1.0,0.0,0.0,0.0,0.0,2.0,9.0,1.0,4456542.5,5397784.0,4473309.0,5328733.0,4461623.5,5401056.0,4.14464208984375,5.636688741048177,16.795695000000002,166.66666666666666,166.66666666666666,309.0,191.0,330.0,4214.0,347.0,710.0,744.0,5.0
0.0,1.0,0.0,1.0,0.0,0.0,1.0,0.0,0.0,1.0,0.0,0.0,0.0,0.0,6.0,9.0,0.0,4457975.5,5402294.0,4424071.0,5347933.0,4459473.0,5404203.0,3.700201904296875,4.422206115722656,8.911395,166.66666666666666,166.66666666666666,101.0,154.0,209.0,1062.0,226.0,1068.0,1256.0,5.0
1.0,0.0,0.0,1.0,0.0,1.0,0.0,0.0,0.0,1.0,0.0,0.0,0.0,0.0,0.0,0.0,0.0,4459198.5,5405115.0,4467925.0,5337797.5,4461512.0,5401904.5,7.81077294921875,10.597980753580728,38.101505,166.66666666666666,166.66666666666666,319.0,143.0,216.0,1875.0,253.0,978.0,1034.0,1.0
1.0,0.0,1.0,0.0,0.0,0.0,1.0,0.0,0.0,1.0,0.0,0.0,0.0,0.0,4.0,0.0,1.0,4459120.5,5402102.5,4503021.0,5367532.0,4460408.5,5404572.5,12.404173828125,14.198314412434897,47.781261666666666,166.66666666666666,166.66666666666666,135.0,255.0,245.0,2202.0,230.0,730.0,1131.0,4.0
0.0,1.0,1.0,0.0,0.0,0.0,1.0,0.0,0.0,1.0,0.0,0.0,0.0,0.0,6.0,9.0,1.0,4459818.5,5400745.5,4453813.0,5333214.5,4455976.5,5398594.5,3.50739697265625,4.819227600097657,33.435695,166.66666666666666,166.66666666666666,331.0,302.0,345.0,2649.0,321.0,1106.0,1130.0,5.0
1.0,0.0,1.0,0.0,0.0,0.0,1.0,0.0,0.0,1.0,0.0,0.0,0.0,0.0,6.0,7.0,1.0,4461957.5,5404211.5,4445597.5,5361132.5,4461512.0,5401904.5,4.076990966796875,5.4554595947265625,35.75665333333333,166.66666666666666,166.66666666666666,188.0,339.0,240.0,1229.0,253.0,1181.0,9.0,5.0
0.0,1.0,0.0,1.0,0.0,0.0,1.0,0.0,0.0,1.0,0.0,0.0,0.0,0.0,1.0,0.0,0.0,4459144.0,5403522.5,4510851.0,5378133.5,4455976.5,5398594.5,6.4996406250000005,8.07294158935547,21.24273833333333,166.66666666666666,166.66666666666666,140.0,243.0,233.0,2139.0,321.0,767.0,932.0,5.0
1.0,0.0,1.0,0.0,0.0,0.0,1.0,0.0,0.0,1.0,0.0,0.0,0.0,0.0,7.0,9.0,0.0,4459038.0,5404726.5,4509869.5,5379611.0,4459663.5,5404151.5,6.202359375,8.286227416992187,17.39628833333333,166.66666666666666,166.66666666666666,171.0,242.0,223.0,2091.0,229.0,572.0,660.0,4.0
1.0,0.0,1.0,0.0,0.0,0.0,1.0,0.0,0.0,1.0,0.0,0.0,0.0,0.0,7.0,9.0,1.0,4458009.5,5400368.5,4436134.5,5300179.5,4463366.0,5403002.0,0.4698042297363281,0.783705457051595,1.4893146666666666,166.66666666666666,166.66666666666666,298.0,298.0,314.0,2513.0,348.0,940.0,1073.0,5.0
1.0,0.0,1.0,0.0,0.0,0.0,1.0,0.0,0.0,1.0,0.0,0.0,0.0,0.0,7.0,9.0,1.0,4458009.5,5400368.5,4436134.5,5300179.5,4463366.0,5403002.0,21.524517578125,25.537687174479167,166.66666666666666,166.66666666666666,166.66666666666666,298.0,36.0,314.0,2513.0,348.0,758.0,881.0,5.0
0.0,1.0,1.0,0.0,0.0,1.0,0.0,0.0,0.0,1.0,0.0,0.0,0.0,0.0,1.0,7.0,1.0,4456813.0,5397386.5,4506842.0,5372019.0,4458895.0,5401307.5,7.9529462890625,10.691548665364584,23.183481666666665,166.66666666666666,166.66666666666666,242.0,121.0,332.0,2204.0,339.0,959.0,1287.0,0.0
0.0,1.0,1.0,0.0,0.0,0.0,1.0,0.0,0.0,1.0,0.0,0.0,0.0,0.0,5.0,5.0,1.0,4451957.5,5401745.0,4515934.5,5385832.0,4461300.0,5401206.0,0.933130126953125,1.7614161173502605,166.66666666666666,166.66666666666666,166.66666666666666,147.0,149.0,102.0,2083.0,347.0,929.0,1162.0,5.0
0.0,1.0,1.0,0.0,0.0,0.0,1.0,0.0,0.0,1.0,0.0,0.0,0.0,0.0,7.0,9.0,1.0,4452216.0,5401763.0,4501898.0,5377909.5,4463366.0,5403002.0,5.2540234375,7.017725118001302,17.252335000000002,16.621390833333333,166.66666666666666,173.0,309.0,103.0,2096.0,348.0,1053.0,1235.0,1.0
0.0,1.0,0.0,1.0,0.0,0.0,1.0,0.0,0.0,1.0,0.0,0.0,0.0,0.0,5.0,9.0,1.0,4459272.5,5404921.5,4476457.0,5325022.5,4459663.5,5404151.5,4.3181181640625,5.61710459391276,17.020357333333333,166.66666666666666,166.66666666666666,231.0,312.0,217.0,4303.0,229.0,669.0,676.0,4.0
0.0,1.0,0.0,1.0,0.0,1.0,0.0,0.0,0.0,1.0,0.0,0.0,0.0,0.0,1.0,0.0,2.0,4459047.5,5402354.5,4497451.0,5391747.5,4458785.0,5401566.0,4.3239951171875,6.066740417480469,21.84485,166.66666666666666,166.66666666666666,231.0,176.0,245.0,2071.0,308.0,613.0,702.0,1.0
0.0,1.0,0.0,1.0,0.0,0.0,1.0,0.0,0.0,1.0,0.0,0.0,0.0,0.0,6.0,8.0,1.0,4456878.0,5400822.0,4526329.0,5368247.5,4453228.0,5403351.5,2.47165576171875,3.2523068745930988,11.035145,166.66666666666666,166.66666666666666,224.0,243.0,300.0,2264.0,164.0,1274.0,1431.0,0.0
0.0,1.0,0.0,1.0,1.0,0.0,0.0,0.0,0.0,1.0,0.0,0.0,0.0,0.0,2.0,9.0,0.0,4456056.5,5404281.0,4509698.0,5356474.5,4457785.5,5405223.0,9.6241865234375,9.471590169270833,53.973955,166.66666666666666,166.66666666666666,254.0,114.0,170.0,2325.0,144.0,1037.0,1111.0,4.0
0.0,1.0,0.0,1.0,1.0,0.0,0.0,0.0,0.0,1.0,0.0,0.0,0.0,0.0,4.0,9.0,1.0,4458390.5,5400963.5,4487846.5,5294809.5,4458875.5,5400964.5,6.3227763671875,8.233767700195312,37.20494,166.66666666666666,166.66666666666666,219.0,344.0,309.0,4628.0,339.0,1161.0,395.0,1.0
0.0,1.0,0.0,1.0,1.0,0.0,0.0,0.0,0.0,1.0,0.0,0.0,0.0,0.0,1.0,9.0,2.0,4454501.5,5403996.5,4451080.5,5318799.5,4463547.0,5402729.5,3.170170166015625,4.010476430257161,17.898491666666665,166.66666666666666,166.66666666666666,219.0,198.0,149.0,3156.0,348.0,813.0,1141.0,4.0
0.0,1.0,1.0,0.0,0.0,0.0,1.0,0.0,0.0,1.0,0.0,0.0,0.0,0.0,3.0,9.0,1.0,4458137.5,5402000.0,4420318.5,5331839.0,4458064.0,5405052.5,7.80455419921875,11.527501424153646,28.65410333333333,166.66666666666666,166.66666666666666,152.0,109.0,212.0,2393.0,145.0,985.0,993.0,4.0
0.0,1.0,1.0,0.0,1.0,0.0,0.0,0.0,0.0,1.0,0.0,0.0,0.0,0.0,2.0,9.0,0.0,4457073.5,5403928.0,4454927.5,5423835.5,4462644.5,5403798.0,1.00129296875,1.7452870686848958,3.492738666666667,166.66666666666666,166.66666666666666,245.0,243.0,181.0,67.0,254.0,1021.0,1103.0,5.0
1.0,0.0,1.0,0.0,0.0,0.0,1.0,0.0,0.0,1.0,0.0,0.0,0.0,0.0,6.0,2.0,3.0,4457243.0,5399535.0,4446216.5,5338439.5,4455642.0,5404741.5,8.508572265625,10.421511840820312,47.54905,166.66666666666666,166.66666666666666,158.0,227.0,320.0,1319.0,165.0,855.0,1232.0,1.0
0.0,1.0,1.0,0.0,0.0,0.0,1.0,0.0,0.0,1.0,0.0,0.0,0.0,0.0,6.0,9.0,0.0,4461628.5,5403887.5,4441044.0,5416917.5,4463366.0,5403002.0,2.17359326171875,3.2896143595377603,9.77801,166.66666666666666,166.66666666666666,205.0,247.0,242.0,55.0,348.0,1097.0,1158.0,5.0
0.0,1.0,1.0,0.0,0.0,0.0,1.0,0.0,0.0,1.0,0.0,0.0,0.0,0.0,6.0,9.0,0.0,4461628.5,5403887.5,4441044.0,5416917.5,4463366.0,5403002.0,2.0119061279296875,3.393266296386719,4.150222333333334,166.66666666666666,166.66666666666666,205.0,181.0,242.0,55.0,348.0,541.0,627.0,5.0
0.0,1.0,0.0,1.0,0.0,0.0,1.0,0.0,0.0,1.0,0.0,0.0,0.0,0.0,4.0,9.0,0.0,4461769.5,5403730.0,4446398.0,5380376.5,4459036.0,5402820.0,17.773064453125,18.97845865885417,38.566345,166.66666666666666,166.66666666666666,207.0,290.0,242.0,1100.0,243.0,481.0,501.0,0.0
0.0,1.0,1.0,0.0,0.0,1.0,0.0,0.0,0.0,1.0,0.0,0.0,0.0,0.0,1.0,8.0,1.0,4458648.0,5400478.5,4468914.5,5332733.0,4460962.0,5401225.5,6.511935058593751,8.613086954752603,52.1774,51.07826333333333,166.66666666666666,219.0,297.0,318.0,3664.0,346.0,780.0,1039.0,0.0
0.0,1.0,1.0,0.0,0.0,0.0,1.0,0.0,0.0,1.0,0.0,0.0,0.0,0.0,7.0,9.0,0.0,4456603.5,5400533.5,4466124.5,5334942.0,4457826.0,5405353.0,8.0357197265625,9.922900390625,41.07756,166.66666666666666,166.66666666666666,158.0,226.0,299.0,3300.0,144.0,919.0,959.0,5.0
0.0,1.0,0.0,1.0,0.0,0.0,1.0,0.0,0.0,1.0,0.0,0.0,0.0,0.0,5.0,9.0,0.0,4461788.5,5403494.5,4422483.0,5375214.5,4457589.5,5404462.0,8.1462197265625,9.812127685546876,18.91212,166.66666666666666,166.66666666666666,99.0,145.0,242.0,496.0,186.0,1275.0,1294.0,4.0
0.0,1.0,1.0,0.0,0.0,0.0,1.0,0.0,0.0,1.0,0.0,0.0,0.0,0.0,2.0,6.0,1.0,4454705.0,5403388.0,4413579.0,5348438.5,4451879.5,5402609.5,2.83126025390625,3.7149169921875,9.827590999999998,166.66666666666666,166.66666666666666,169.0,140.0,151.0,622.0,99.0,1224.0,1267.0,4.0
0.0,1.0,0.0,1.0,1.0,0.0,0.0,0.0,0.0,1.0,0.0,0.0,0.0,0.0,1.0,9.0,0.0,4457167.5,5400757.5,4473960.5,5332190.5,4457084.0,5405002.0,6.5829794921875004,9.020789591471354,17.363401666666668,166.66666666666666,166.66666666666666,314.0,172.0,300.0,3852.0,143.0,1221.0,1366.0,5.0
0.0,1.0,1.0,0.0,0.0,0.0,1.0,0.0,0.0,1.0,0.0,0.0,0.0,0.0,4.0,0.0,2.0,4461281.5,5403733.5,4519324.0,5370760.0,4453228.0,5403351.5,11.0966728515625,15.307861328125,40.42621333333333,166.66666666666666,166.66666666666666,241.0,131.0,242.0,2254.0,164.0,918.0,1019.0,5.0
0.0,1.0,0.0,1.0,0.0,0.0,1.0,0.0,0.0,1.0,0.0,0.0,0.0,0.0,4.0,8.0,1.0,4456457.5,5403832.5,4501535.5,5396407.5,4460703.0,5401245.0,2.51313525390625,4.017914326985677,20.57618,166.66666666666666,166.66666666666666,245.0,305.0,180.0,2025.0,346.0,506.0,511.0,4.0
0.0,1.0,0.0,1.0,0.0,0.0,1.0,0.0,0.0,1.0,0.0,0.0,0.0,0.0,5.0,9.0,1.0,4456240.0,5399288.5,4415304.0,5378706.5,4458323.0,5404118.0,25.050599609375,24.772989908854168,74.08027333333332,65.25768333333333,166.66666666666666,134.0,26.0,321.0,471.0,190.0,624.0,694.0,1.0
0.0,1.0,1.0,0.0,0.0,0.0,1.0,0.0,0.0,1.0,0.0,0.0,0.0,0.0,5.0,9.0,2.0,4459090.5,5404324.0,4437930.5,5341910.0,4461071.0,5401134.5,25.104505859375,23.99456380208333,85.82398333333333,74.10262833333333,166.66666666666666,134.0,272.0,225.0,1085.0,346.0,923.0,1171.0,4.0
1.0,0.0,0.0,1.0,0.0,1.0,0.0,0.0,0.0,1.0,0.0,0.0,0.0,0.0,0.0,0.0,0.0,4462025.0,5403759.0,4526232.0,5301970.0,4463375.5,5403096.5,1.3816365966796875,1.7522198994954428,13.847443333333333,166.66666666666666,166.66666666666666,208.0,197.0,242.0,4922.0,348.0,548.0,750.0,5.0
1.0,0.0,0.0,1.0,0.0,1.0,0.0,0.0,0.0,1.0,0.0,0.0,0.0,0.0,0.0,0.0,1.0,4456721.0,5405088.5,4460980.0,5350508.5,4452877.0,5404303.5,2.688619140625,3.5297704060872395,18.973431666666663,166.66666666666666,166.66666666666666,208.0,235.0,142.0,1259.0,164.0,558.0,635.0,5.0
0.0,1.0,0.0,1.0,1.0,0.0,0.0,0.0,0.0,1.0,0.0,0.0,0.0,0.0,3.0,9.0,2.0,4459741.0,5405452.5,4493532.0,5352353.0,4452877.0,5404303.5,16.937203125,11.104052734375,27.0,166.66666666666666,166.66666666666666,243.0,374.0,218.0,2294.0,164.0,1032.0,1056.0,1.0
0.0,1.0,0.0,1.0,1.0,0.0,0.0,0.0,0.0,1.0,0.0,0.0,0.0,0.0,3.0,9.0,1.0,4459343.0,5402465.0,4461567.0,5328338.0,4458816.0,5401435.0,5.1290498046875,7.143086751302083,19.93689833333333,166.66666666666666,166.66666666666666,216.0,177.0,246.0,3024.0,308.0,1224.0,432.0,4.0
0.0,1.0,0.0,1.0,0.0,0.0,1.0,0.0,0.0,1.0,0.0,0.0,0.0,0.0,4.0,9.0,0.0,4460001.0,5404053.0,4420847.0,5358269.0,4457171.5,5405001.5,4.61520849609375,6.162327067057292,25.17971,166.66666666666666,166.66666666666666,332.0,299.0,235.0,888.0,143.0,1040.0,1054.0,5.0
0.0,1.0,1.0,0.0,0.0,0.0,1.0,0.0,0.0,1.0,0.0,0.0,0.0,0.0,4.0,5.0,1.0,4459139.0,5401764.0,4490070.5,5339125.0,4456908.5,5405651.5,10.3509765625,9.95040995279948,30.680515,166.66666666666666,166.66666666666666,332.0,368.0,247.0,2020.0,141.0,1071.0,1170.0,0.0
0.0,1.0,1.0,0.0,1.0,0.0,0.0,0.0,0.0,1.0,0.0,0.0,0.0,0.0,2.0,9.0,1.0,4456247.5,5400452.0,4453537.5,5407664.0,4451914.5,5402551.5,21.26576171875,18.25343017578125,195.45595,57.912695,166.66666666666666,310.0,1162.0,298.0,127.0,99.0,630.0,856.0,1.0
0.0,1.0,0.0,1.0,0.0,0.0,1.0,0.0,0.0,1.0,0.0,0.0,0.0,0.0,5.0,9.0,1.0,4456974.5,5404271.5,4460062.0,5339649.0,4458196.5,5401941.5,1.55655712890625,2.677697245279948,14.372513333333334,166.66666666666666,166.66666666666666,340.0,245.0,175.0,1462.0,212.0,801.0,929.0,2.0
0.0,1.0,1.0,0.0,0.0,0.0,1.0,0.0,0.0,1.0,0.0,0.0,0.0,0.0,5.0,0.0,2.0,4457647.0,5400604.0,4463093.5,5333572.5,4458895.0,5401307.5,9.290095703125,12.732790120442708,36.54548666666667,37.252335,166.66666666666666,338.0,146.0,311.0,2877.0,339.0,460.0,832.0,0.0
0.0,1.0,0.0,1.0,1.0,0.0,0.0,0.0,0.0,1.0,0.0,0.0,0.0,0.0,1.0,9.0,2.0,4457617.5,5400182.0,4468725.0,5330936.0,4455941.0,5405229.5,4.24318310546875,5.644415791829427,23.807825,166.66666666666666,166.66666666666666,247.0,320.0,313.0,4018.0,165.0,1068.0,1116.0,1.0
0.0,1.0,0.0,1.0,1.0,0.0,0.0,0.0,0.0,1.0,0.0,0.0,0.0,0.0,2.0,9.0,2.0,4458204.5,5402020.0,4466509.0,5331508.0,4458057.5,5405151.0,1.084122802734375,1.7057851155598958,9.0591725,166.66666666666666,166.66666666666666,187.0,194.0,212.0,3551.0,145.0,508.0,519.0,5.0
1.0,0.0,0.0,1.0,0.0,0.0,1.0,0.0,0.0,1.0,0.0,0.0,0.0,0.0,0.0,0.0,0.0,4458387.5,5401035.0,4464310.5,5337931.0,4456947.0,5401264.0,3.839803955078125,5.127323913574219,11.205543333333331,166.66666666666666,166.66666666666666,187.0,241.0,309.0,1552.0,297.0,714.0,721.0,5.0
0.0,1.0,1.0,0.0,0.0,0.0,1.0,0.0,0.0,1.0,0.0,0.0,0.0,0.0,7.0,9.0,1.0,4459451.0,5403695.0,4469529.0,5330177.0,4454547.0,5404447.0,5.177873046875,7.183207702636719,11.599263333333331,166.66666666666666,166.66666666666666,339.0,242.0,234.0,4057.0,147.0,648.0,784.0,4.0
0.0,1.0,1.0,0.0,0.0,0.0,1.0,0.0,0.0,1.0,0.0,0.0,0.0,0.0,3.0,9.0,0.0,4459721.5,5405556.5,4467870.0,5338155.0,4457565.5,5405283.5,5.406931640625,7.687750244140624,19.265635,166.66666666666666,166.66666666666666,306.0,166.0,218.0,1867.0,144.0,471.0,671.0,5.0
0.0,1.0,1.0,0.0,1.0,0.0,0.0,0.0,0.0,1.0,0.0,0.0,0.0,0.0,2.0,7.0,2.0,4458082.5,5400589.5,4481889.0,5363163.0,4460174.0,5404449.5,15.0593388671875,16.446371459960936,42.58735,166.66666666666666,166.66666666666666,172.0,376.0,315.0,1629.0,230.0,1053.0,1086.0,1.0
0.0,1.0,1.0,0.0,1.0,0.0,0.0,0.0,0.0,1.0,0.0,0.0,0.0,0.0,1.0,9.0,2.0,4459352.5,5400604.5,4417336.0,5361084.0,4457026.5,5405407.5,0.9097730712890624,1.1599966684977214,0.888102,166.66666666666666,166.66666666666666,142.0,165.0,342.0,715.0,141.0,511.0,1152.0,5.0
1.0,0.0,1.0,0.0,0.0,0.0,1.0,0.0,0.0,1.0,0.0,0.0,0.0,0.0,0.0,7.0,1.0,4459197.0,5403696.5,4418362.5,5357332.5,4461512.0,5401904.5,3.4218022460937503,4.265453592936198,7.690485,166.66666666666666,166.66666666666666,186.0,230.0,233.0,840.0,253.0,937.0,970.0,5.0
0.0,1.0,0.0,1.0,0.0,0.0,1.0,0.0,0.0,1.0,0.0,0.0,0.0,0.0,2.0,5.0,1.0,4458694.5,5403815.5,4414879.5,5359221.0,4460174.0,5404449.5,0.48393115234375,0.881450080871582,0.8785780666666666,166.66666666666666,166.66666666666666,154.0,152.0,197.0,751.0,230.0,944.0,1103.0,5.0
1.0,0.0,1.0,0.0,0.0,0.0,1.0,0.0,0.0,1.0,0.0,0.0,0.0,0.0,0.0,4.0,1.0,4456650.0,5399316.0,4415391.0,5359881.5,4461490.5,5401836.0,2.890198486328125,4.124928283691406,6.048425833333333,166.66666666666666,166.66666666666666,298.0,317.0,320.0,752.0,253.0,827.0,1010.0,5.0
0.0,1.0,0.0,1.0,1.0,0.0,0.0,0.0,0.0,1.0,0.0,0.0,0.0,0.0,2.0,9.0,1.0,4458233.5,5405077.5,4481999.0,5336742.0,4461840.5,5400964.5,0.5608107299804688,1.0810460408528646,2.048425,166.66666666666666,166.66666666666666,315.0,317.0,145.0,4317.0,347.0,1295.0,1303.0,5.0
0.0,1.0,0.0,1.0,1.0,0.0,0.0,0.0,0.0,1.0,0.0,0.0,0.0,0.0,2.0,9.0,1.0,4458233.5,5405077.5,4481999.0,5336742.0,4461840.5,5400964.5,2.937743408203125,4.081827036539713,13.237476666666666,166.66666666666666,166.66666666666666,315.0,208.0,145.0,4317.0,347.0,854.0,870.0,5.0
1.0,0.0,0.0,1.0,1.0,0.0,0.0,0.0,0.0,1.0,0.0,0.0,0.0,0.0,0.0,7.0,0.0,4456678.0,5407579.0,4452308.5,5331019.5,4457276.5,5405656.5,3.118409423828125,4.459841918945313,16.957641666666667,166.66666666666666,166.66666666666666,200.0,184.0,138.0,2597.0,144.0,645.0,1026.0,5.0
1.0,0.0,0.0,1.0,1.0,0.0,0.0,0.0,0.0,1.0,0.0,0.0,0.0,0.0,0.0,7.0,0.0,4456678.0,5407579.0,4452308.5,5331019.5,4457276.5,5405656.5,5.15485205078125,7.152951049804687,29.49992333333333,166.66666666666666,166.66666666666666,200.0,220.0,138.0,2597.0,144.0,1013.0,1151.0,1.0
0.0,1.0,0.0,1.0,1.0,0.0,0.0,0.0,0.0,1.0,0.0,0.0,0.0,0.0,1.0,9.0,2.0,4459184.5,5404906.0,4507592.5,5288375.0,4457043.5,5405258.5,5.20576611328125,6.601703389485677,6.692116666666666,166.66666666666666,166.66666666666666,176.0,156.0,216.0,4892.0,143.0,908.0,1257.0,0.0
0.0,1.0,1.0,0.0,1.0,0.0,0.0,0.0,0.0,1.0,0.0,0.0,0.0,0.0,3.0,9.0,2.0,4459638.5,5400918.0,4508908.0,5294820.5,4458151.0,5404785.5,2.85390576171875,4.281508382161459,40.50603,166.66666666666666,166.66666666666666,320.0,349.0,339.0,4887.0,188.0,773.0,1155.0,5.0
0.0,1.0,0.0,1.0,0.0,0.0,1.0,0.0,0.0,1.0,0.0,0.0,0.0,0.0,5.0,9.0,1.0,4450875.5,5404590.5,4396286.0,5357836.0,4461753.5,5401236.0,5.21431494140625,5.794444274902344,15.273056666666667,166.66666666666666,166.66666666666666,299.0,331.0,98.0,560.0,347.0,840.0,86.0,5.0
1.0,0.0,1.0,0.0,0.0,0.0,1.0,0.0,0.0,1.0,0.0,0.0,0.0,0.0,0.0,0.0,2.0,4456051.5,5403838.5,4459199.5,5406133.5,4463327.0,5402795.5,13.06031640625,10.766004435221356,56.91674,55.85007333333333,166.66666666666666,139.0,355.0,177.0,222.0,348.0,903.0,975.0,1.0
0.0,1.0,0.0,1.0,0.0,0.0,1.0,0.0,0.0,1.0,0.0,0.0,0.0,0.0,5.0,9.0,0.0,4458173.0,5403586.5,4497397.5,5326905.5,4458064.0,5405052.5,10.5471689453125,13.698858642578124,38.973955,166.66666666666666,166.66666666666666,148.0,114.0,198.0,4650.0,145.0,890.0,912.0,1.0
0.0,1.0,0.0,1.0,0.0,0.0,1.0,0.0,0.0,1.0,0.0,0.0,0.0,0.0,5.0,9.0,0.0,4458173.0,5403586.5,4497397.5,5326905.5,4458064.0,5405052.5,5.732548828125,7.658942667643229,20.29868833333333,166.66666666666666,166.66666666666666,148.0,197.0,198.0,4650.0,145.0,1398.0,30.0,5.0
0.0,1.0,0.0,1.0,0.0,0.0,1.0,0.0,0.0,1.0,0.0,0.0,0.0,0.0,1.0,0.0,1.0,4455280.5,5403201.0,4491745.5,5326219.0,4456594.0,5405843.0,4.023964599609375,5.85145263671875,20.22794,166.66666666666666,166.66666666666666,148.0,204.0,161.0,4642.0,140.0,1119.0,1437.0,5.0
0.0,1.0,1.0,0.0,1.0,0.0,0.0,0.0,0.0,1.0,0.0,0.0,0.0,0.0,2.0,9.0,2.0,4460273.0,5404159.5,4485940.0,5337445.0,4463375.5,5403096.5,10.9564267578125,15.113900756835935,39.29478,33.19478,166.66666666666666,138.0,317.0,230.0,4342.0,348.0,438.0,464.0,1.0
1.0,0.0,1.0,0.0,0.0,0.0,1.0,0.0,0.0,1.0,0.0,0.0,0.0,0.0,0.0,0.0,1.0,4458073.5,5403383.5,4467653.0,5346317.5,4457665.5,5404829.0,3.75977294921875,4.926411946614583,11.538876666666663,166.66666666666666,166.66666666666666,212.0,241.0,198.0,1710.0,185.0,908.0,928.0,5.0
1.0,0.0,1.0,0.0,0.0,0.0,1.0,0.0,0.0,1.0,0.0,0.0,0.0,0.0,0.0,0.0,1.0,4458073.5,5403383.5,4467653.0,5346317.5,4457665.5,5404829.0,4.41446044921875,5.861703491210937,27.18819166666667,166.66666666666666,166.66666666666666,212.0,144.0,198.0,1710.0,185.0,970.0,1011.0,5.0
0.0,1.0,1.0,0.0,1.0,0.0,0.0,0.0,0.0,1.0,0.0,0.0,0.0,0.0,3.0,4.0,1.0,4455518.5,5403731.0,4416704.0,5365080.5,4456543.5,5406056.5,25.591275390625,19.56270955403646,90.09441,166.66666666666666,166.66666666666666,172.0,70.0,153.0,511.0,140.0,903.0,1014.0,1.0
0.0,1.0,1.0,0.0,1.0,0.0,0.0,0.0,0.0,1.0,0.0,0.0,0.0,0.0,1.0,9.0,1.0,4458822.5,5404626.0,4417057.0,5347978.5,4457452.0,5405038.5,3.162871337890625,5.293501790364584,15.715041666666666,166.66666666666666,166.66666666666666,172.0,205.0,189.0,1048.0,144.0,494.0,497.0,1.0
0.0,1.0,0.0,1.0,0.0,0.0,1.0,0.0,0.0,1.0,0.0,0.0,0.0,0.0,6.0,9.0,2.0,4456749.5,5404153.5,4416453.0,5323966.0,4456607.0,5406151.0,4.3193798828125,5.834046936035156,18.73564,166.66666666666666,166.66666666666666,315.0,197.0,174.0,2462.0,140.0,546.0,684.0,5.0
1.0,0.0,1.0,0.0,0.0,1.0,0.0,0.0,0.0,1.0,0.0,0.0,0.0,0.0,0.0,0.0,2.0,4459070.0,5405158.5,4513431.5,5335704.0,4456886.0,5405575.0,1.3205205078125,1.8239110310872395,4.8129445,166.66666666666666,166.66666666666666,311.0,299.0,216.0,4665.0,141.0,518.0,970.0,5.0
0.0,1.0,1.0,0.0,0.0,0.0,1.0,0.0,0.0,1.0,0.0,0.0,0.0,0.0,5.0,8.0,1.0,4457852.0,5402717.5,4509974.0,5301650.0,4461512.0,5401904.5,8.0997158203125,11.665123494466146,40.15441666666666,166.66666666666666,166.66666666666666,147.0,302.0,207.0,4835.0,253.0,1160.0,1348.0,5.0
0.0,1.0,0.0,1.0,1.0,0.0,0.0,0.0,0.0,1.0,0.0,0.0,0.0,0.0,2.0,9.0,0.0,4449068.0,5404812.5,4509385.0,5302657.5,4452877.0,5404303.5,3.024557373046875,4.375015258789063,15.426153333333334,166.66666666666666,166.66666666666666,245.0,311.0,98.0,4797.0,164.0,1036.0,1157.0,5.0
0.0,1.0,1.0,0.0,0.0,0.0,1.0,0.0,0.0,1.0,0.0,0.0,0.0,0.0,7.0,9.0,0.0,4456113.0,5399553.5,4526787.0,5368754.0,4456703.5,5403486.5,3.75074609375,5.604348754882812,10.92325,166.66666666666666,166.66666666666666,232.0,307.0,319.0,2263.0,182.0,729.0,871.0,5.0
1.0,0.0,1.0,0.0,0.0,0.0,1.0,0.0,0.0,1.0,0.0,0.0,0.0,0.0,6.0,9.0,1.0,4459601.5,5402887.0,4464347.5,5338662.0,4452877.0,5404303.5,0.8913014526367188,1.1662710825602214,10.998391666666668,166.66666666666666,166.66666666666666,302.0,320.0,243.0,1532.0,164.0,1194.0,1200.0,2.0
1.0,0.0,0.0,1.0,0.0,1.0,0.0,0.0,0.0,1.0,0.0,0.0,0.0,0.0,1.0,8.0,3.0,4458619.5,5398274.5,4436726.5,5369288.5,4458816.0,5401435.0,8.05110498046875,10.906517537434896,46.67423833333333,46.23458333333333,166.66666666666666,139.0,297.0,338.0,551.0,308.0,614.0,653.0,3.0
1.0,0.0,1.0,0.0,0.0,0.0,1.0,0.0,0.0,1.0,0.0,0.0,0.0,0.0,0.0,0.0,1.0,4453658.0,5404900.0,4468040.5,5341113.5,4459100.992157402,5405243.934586313,7.45231298828125,10.331913248697916,23.388101666666667,166.66666666666666,166.66666666666666,301.0,165.0,164.0,1775.0,216.0,788.0,1052.0,5.0
0.0,1.0,0.0,1.0,0.0,0.0,1.0,0.0,0.0,1.0,0.0,0.0,0.0,0.0,5.0,9.0,1.0,4456335.5,5403957.5,4528193.0,5386561.0,4456028.0,5402864.5,8.271283203125,6.937102762858073,69.86570666666667,166.66666666666666,166.66666666666666,254.0,116.0,177.0,2233.0,200.0,1044.0,1186.0,1.0
0.0,1.0,1.0,0.0,0.0,0.0,1.0,0.0,0.0,1.0,0.0,0.0,0.0,0.0,5.0,9.0,1.0,4458947.0,5404864.5,4446171.5,5307828.0,4455843.5,5404093.5,14.697765625,15.803434244791667,44.58735,166.66666666666666,166.66666666666666,173.0,376.0,223.0,4493.0,176.0,730.0,753.0,1.0
0.0,1.0,0.0,1.0,1.0,0.0,0.0,0.0,0.0,1.0,0.0,0.0,0.0,0.0,4.0,9.0,1.0,4459060.0,5401895.5,4461466.5,5328143.5,4461580.5,5401514.0,1.5667178955078125,2.394519805908203,6.316296666666666,166.66666666666666,166.66666666666666,311.0,298.0,247.0,3024.0,347.0,715.0,148.0,5.0
0.0,1.0,0.0,1.0,1.0,0.0,0.0,0.0,0.0,1.0,0.0,0.0,0.0,0.0,3.0,9.0,1.0,4459861.5,5406106.5,4473879.0,5330227.5,4457026.5,5405407.5,0.24362255859375,0.4287452697753906,3.4496536666666664,166.66666666666666,166.66666666666666,217.0,217.0,222.0,4166.0,141.0,606.0,778.0,5.0
0.0,1.0,1.0,0.0,0.0,0.0,1.0,0.0,0.0,1.0,0.0,0.0,0.0,0.0,3.0,0.0,0.0,4454946.0,5403118.0,4468914.5,5332733.0,4457452.0,5405038.5,4.8671728515625,6.652759297688802,26.846198333333334,166.66666666666666,166.66666666666666,217.0,178.0,161.0,3664.0,144.0,1157.0,1235.0,5.0
0.0,1.0,0.0,1.0,1.0,0.0,0.0,0.0,0.0,1.0,0.0,0.0,0.0,0.0,1.0,9.0,0.0,4457496.5,5397688.5,4457713.0,5400980.0,4461512.0,5401904.5,5.60501953125,7.1927942911783855,36.536455,166.66666666666666,166.66666666666666,217.0,312.0,333.0,306.0,253.0,548.0,595.0,5.0
0.0,1.0,0.0,1.0,0.0,0.0,1.0,0.0,0.0,1.0,0.0,0.0,0.0,0.0,5.0,9.0,0.0,4458518.0,5398935.0,4466840.5,5333328.5,4457151.5,5405648.0,3.6411472167968753,3.244429270426432,21.109236666666668,166.66666666666666,166.66666666666666,230.0,248.0,326.0,3490.0,141.0,629.0,663.0,5.0
0.0,1.0,0.0,1.0,1.0,0.0,0.0,0.0,0.0,1.0,0.0,0.0,0.0,0.0,2.0,9.0,2.0,4458879.0,5404024.0,4418065.0,5360248.5,4461623.5,5401056.0,3.65641455078125,5.323080444335938,8.084191333333333,166.66666666666666,166.66666666666666,350.0,317.0,231.0,724.0,347.0,616.0,894.0,5.0
0.0,1.0,0.0,1.0,1.0,0.0,0.0,0.0,0.0,1.0,0.0,0.0,0.0,0.0,4.0,9.0,1.0,4454167.0,5403956.5,4452119.5,5331696.0,4459473.0,5404203.0,11.2928505859375,14.306720987955728,43.57230666666667,166.66666666666666,166.66666666666666,154.0,124.0,148.0,2571.0,226.0,1119.0,1303.0,4.0
1.0,0.0,1.0,0.0,0.0,0.0,1.0,0.0,0.0,1.0,0.0,0.0,0.0,0.0,6.0,5.0,1.0,4457942.5,5404109.0,4496916.5,5326222.5,4458859.0,5401556.0,8.574029296875,10.415152994791669,38.29522333333333,166.66666666666666,166.66666666666666,334.0,245.0,187.0,4645.0,339.0,839.0,1025.0,5.0
0.0,1.0,1.0,0.0,0.0,0.0,1.0,0.0,0.0,1.0,0.0,0.0,0.0,0.0,6.0,9.0,0.0,4457306.0,5401288.0,4492817.5,5351205.0,4455976.5,5398594.5,15.0163623046875,17.56943359375,46.394376666666666,166.66666666666666,166.66666666666666,97.0,229.0,305.0,2306.0,321.0,778.0,889.0,2.0
0.0,1.0,1.0,0.0,1.0,0.0,0.0,0.0,0.0,1.0,0.0,0.0,0.0,0.0,4.0,9.0,1.0,4459899.0,5400988.5,4471221.5,5351390.0,4463366.0,5403002.0,8.7607880859375,14.462191772460937,25.11755833333333,166.66666666666666,166.66666666666666,102.0,195.0,340.0,1572.0,348.0,933.0,998.0,5.0
1.0,0.0,1.0,0.0,0.0,1.0,0.0,0.0,0.0,1.0,0.0,0.0,0.0,0.0,0.0,7.0,1.0,4459326.0,5402167.5,4460602.0,5303492.5,4459663.5,5404151.5,5.641291015625,6.954796854654948,16.077568333333332,166.66666666666666,166.66666666666666,158.0,175.0,246.0,4536.0,229.0,928.0,977.0,1.0
0.0,1.0,1.0,0.0,0.0,0.0,1.0,0.0,0.0,1.0,0.0,0.0,0.0,0.0,6.0,0.0,1.0,4457745.5,5401684.0,4417112.5,5361932.0,4457721.5,5405641.0,7.41901416015625,9.558099365234376,33.85807166666667,166.66666666666666,166.66666666666666,233.0,336.0,304.0,658.0,144.0,1101.0,1133.0,2.0
0.0,1.0,1.0,0.0,0.0,0.0,1.0,0.0,0.0,1.0,0.0,0.0,0.0,0.0,6.0,0.0,1.0,4457745.5,5401684.0,4417112.5,5361932.0,4457721.5,5405641.0,1.7450164794921876,2.355196126302084,12.644889333333332,166.66666666666666,166.66666666666666,233.0,245.0,304.0,658.0,144.0,1154.0,1235.0,1.0
0.0,1.0,1.0,0.0,0.0,1.0,0.0,0.0,0.0,1.0,0.0,0.0,0.0,0.0,1.0,6.0,1.0,4460595.5,5403594.0,4417805.5,5360220.0,4458895.0,5401307.5,6.638173828125,9.841402180989585,35.9931,166.66666666666666,166.66666666666666,146.0,305.0,241.0,721.0,339.0,721.0,953.0,4.0
0.0,1.0,0.0,1.0,0.0,0.0,1.0,0.0,0.0,1.0,0.0,0.0,0.0,0.0,5.0,9.0,2.0,4458861.5,5403299.0,4415245.5,5324381.0,4453228.0,5403351.5,5.0727744140625,6.886844380696615,26.70992833333333,166.66666666666666,166.66666666666666,172.0,245.0,243.0,2446.0,164.0,1188.0,1368.0,5.0
0.0,1.0,0.0,1.0,0.0,0.0,1.0,0.0,0.0,1.0,0.0,0.0,0.0,0.0,7.0,9.0,0.0,4459101.0,5405129.0,4495022.5,5369391.0,4461551.0,5401820.5,26.15106640625,24.715875244140623,166.66666666666666,166.66666666666666,166.66666666666666,149.0,382.0,216.0,2192.0,253.0,554.0,747.0,4.0
0.0,1.0,1.0,0.0,1.0,0.0,0.0,0.0,0.0,1.0,0.0,0.0,0.0,0.0,2.0,9.0,0.0,4462130.0,5404065.5,4415879.0,5328448.0,4463420.5,5402938.0,3.955113525390625,5.55,18.62308833333333,166.66666666666666,166.66666666666666,198.0,297.0,254.0,2404.0,348.0,1065.0,5.0,0.0
0.0,1.0,0.0,1.0,0.0,0.0,1.0,0.0,0.0,1.0,0.0,0.0,0.0,0.0,6.0,9.0,1.0,4456882.5,5397062.5,4483314.0,5390233.5,4461347.0,5404897.5,1.7691765136718751,2.8615801493326822,29.861353333333334,166.66666666666666,166.66666666666666,218.0,145.0,335.0,412.0,240.0,1026.0,1202.0,1.0
1.0,0.0,1.0,0.0,0.0,0.0,1.0,0.0,0.0,1.0,0.0,0.0,0.0,0.0,6.0,2.0,1.0,4455873.0,5403425.5,4488743.0,5353297.5,4458346.0,5400848.0,2.59549658203125,3.858071136474609,21.245455,166.66666666666666,166.66666666666666,218.0,232.0,178.0,1671.0,315.0,881.0,973.0,5.0
0.0,1.0,0.0,1.0,1.0,0.0,0.0,0.0,0.0,1.0,0.0,0.0,0.0,0.0,2.0,9.0,1.0,4459089.5,5400624.0,4514448.5,5399963.0,4457026.5,5405407.5,3.3980463867187503,5.070943196614583,15.931707833333332,166.66666666666666,166.66666666666666,143.0,205.0,341.0,2034.0,141.0,583.0,920.0,5.0
0.0,1.0,1.0,0.0,1.0,0.0,0.0,0.0,0.0,1.0,0.0,0.0,0.0,0.0,1.0,9.0,1.0,4459567.0,5399674.0,4448528.0,5377247.5,4457785.5,5405223.0,5.05815771484375,6.347297159830729,9.7924275,166.66666666666666,166.66666666666666,142.0,230.0,349.0,1139.0,144.0,1162.0,1396.0,2.0
0.0,1.0,0.0,1.0,1.0,0.0,0.0,0.0,0.0,1.0,0.0,0.0,0.0,0.0,1.0,9.0,1.0,4460307.0,5399849.5,4525771.0,5301416.0,4455976.5,5398594.5,8.6991689453125,11.83970438639323,32.617153333333334,166.66666666666666,166.66666666666666,225.0,132.0,350.0,4918.0,321.0,659.0,769.0,0.0
0.0,1.0,0.0,1.0,0.0,0.0,1.0,0.0,0.0,1.0,0.0,0.0,0.0,0.0,6.0,9.0,0.0,4458947.5,5404205.0,4493571.0,5299541.0,4456717.370793296,5396983.565560624,3.4160800781250003,4.509517415364583,12.716255666666664,166.66666666666666,166.66666666666666,175.0,164.0,225.0,4744.0,334.0,1197.0,1252.0,4.0
0.0,1.0,0.0,1.0,1.0,0.0,0.0,0.0,0.0,1.0,0.0,0.0,0.0,0.0,3.0,9.0,1.0,4456100.5,5403334.5,4453448.5,5325228.5,4458584.5,5403139.0,12.84767578125,10.907561238606773,47.90342666666666,45.453426666666665,166.66666666666666,187.0,356.0,179.0,2987.0,208.0,466.0,490.0,0.0
1.0,0.0,1.0,0.0,0.0,1.0,0.0,0.0,0.0,1.0,0.0,0.0,0.0,0.0,0.0,0.0,0.0,4457484.5,5404392.0,4466958.0,5342684.5,4461580.5,5401514.0,0.5168864135742187,0.6964080174763997,0.8477212833333333,166.66666666666666,166.66666666666666,187.0,186.0,186.0,1735.0,347.0,1132.0,1140.0,5.0
0.0,1.0,0.0,1.0,0.0,0.0,1.0,0.0,0.0,1.0,0.0,0.0,0.0,0.0,6.0,9.0,1.0,4457533.0,5402948.0,4507799.5,5301431.0,4457684.5,5404720.0,16.2686923828125,15.2260986328125,99.89822666666667,166.66666666666666,166.66666666666666,326.0,377.0,204.0,4821.0,185.0,1207.0,1238.0,0.0
0.0,1.0,1.0,0.0,1.0,0.0,0.0,0.0,0.0,1.0,0.0,0.0,0.0,0.0,3.0,9.0,0.0,4456700.0,5404825.0,4480504.0,5361714.5,4457084.0,5405002.0,4.74541357421875,6.111290995279948,32.996385000000004,166.66666666666666,166.66666666666666,241.0,144.0,172.0,1618.0,143.0,710.0,1053.0,0.0
0.0,1.0,0.0,1.0,1.0,0.0,0.0,0.0,0.0,1.0,0.0,0.0,0.0,0.0,2.0,9.0,1.0,4456625.5,5403806.0,4469108.0,5348827.0,4460174.0,5404449.5,4.372150390625,6.040576171875,18.777996666666663,166.66666666666666,166.66666666666666,234.0,168.0,180.0,1693.0,230.0,1132.0,402.0,5.0
0.0,1.0,1.0,0.0,0.0,0.0,1.0,0.0,0.0,1.0,0.0,0.0,0.0,0.0,2.0,6.0,1.0,4452479.0,5401569.0,4418528.5,5359075.5,4457293.5,5404346.5,7.9673486328125,8.823545328776042,53.226315,47.68831333333333,166.66666666666666,234.0,125.0,162.0,800.0,186.0,986.0,1044.0,1.0
0.0,1.0,1.0,0.0,0.0,0.0,1.0,0.0,0.0,1.0,0.0,0.0,0.0,0.0,2.0,9.0,1.0,4454877.5,5403433.5,4420251.0,5359554.0,4458251.5,5404848.5,7.8847880859375,9.804601033528646,24.20860833333333,166.66666666666666,166.66666666666666,228.0,313.0,154.0,819.0,188.0,401.0,435.0,1.0
1.0,0.0,1.0,0.0,0.0,0.0,1.0,0.0,0.0,1.0,0.0,0.0,0.0,0.0,0.0,0.0,1.0,4455098.5,5403689.0,4509991.5,5377627.5,4452877.0,5404303.5,23.898533203125,25.4060546875,62.69613,63.17852333333334,166.66666666666666,228.0,259.0,154.0,2107.0,164.0,873.0,885.0,0.0
0.0,1.0,0.0,1.0,0.0,0.0,1.0,0.0,0.0,1.0,0.0,0.0,0.0,0.0,7.0,4.0,0.0,4457485.5,5398198.0,4468665.5,5337761.5,4457026.5,5405407.5,5.7421416015625,6.016622924804688,20.324031666666663,166.66666666666666,166.66666666666666,164.0,98.0,336.0,1925.0,141.0,568.0,605.0,2.0
1.0,0.0,1.0,0.0,0.0,1.0,0.0,0.0,0.0,1.0,0.0,0.0,0.0,0.0,0.0,0.0,0.0,4457285.5,5404281.5,4453401.0,5290060.5,4458945.5,5401106.5,3.8879428710937503,5.193127950032552,32.791405,166.66666666666666,166.66666666666666,312.0,336.0,186.0,4581.0,339.0,1017.0,1261.0,5.0
0.0,1.0,1.0,0.0,1.0,0.0,0.0,0.0,0.0,1.0,0.0,0.0,0.0,0.0,3.0,9.0,0.0,4457964.0,5402782.0,4468624.0,5332762.5,4463366.0,5403002.0,7.63514990234375,10.363097127278646,166.66666666666666,166.66666666666666,166.66666666666666,169.0,127.0,207.0,3660.0,348.0,898.0,904.0,5.0
0.0,1.0,0.0,1.0,1.0,0.0,0.0,0.0,0.0,1.0,0.0,0.0,0.0,0.0,2.0,9.0,1.0,4458741.5,5404363.0,4473267.0,5329406.5,4463366.0,5403002.0,13.86023046875,13.23628438313802,63.75577,166.66666666666666,166.66666666666666,312.0,256.0,191.0,4199.0,348.0,1014.0,1176.0,0.0
0.0,1.0,0.0,1.0,0.0,1.0,0.0,0.0,0.0,1.0,0.0,0.0,0.0,0.0,1.0,0.0,0.0,4461915.5,5404010.5,4466886.0,5341307.0,4457452.0,5405038.5,1.020088806152344,1.7521345774332682,166.66666666666666,166.66666666666666,166.66666666666666,180.0,171.0,242.0,1765.0,144.0,1034.0,1076.0,1.0
0.0,1.0,1.0,0.0,1.0,0.0,0.0,0.0,0.0,1.0,0.0,0.0,0.0,0.0,4.0,9.0,1.0,4459067.5,5404819.5,4456026.0,5404718.5,4457681.0,5404681.5,2.9495302734375,3.633333333333333,12.321171,166.66666666666666,166.66666666666666,171.0,223.0,223.0,165.0,185.0,925.0,1059.0,5.0
0.0,1.0,1.0,0.0,0.0,1.0,0.0,0.0,0.0,1.0,0.0,0.0,0.0,0.0,1.0,5.0,3.0,4455938.0,5404227.0,4468665.5,5337761.5,4457432.0,5405192.0,7.7491904296875,8.930035400390626,10.312031666666666,166.66666666666666,166.66666666666666,98.0,177.0,167.0,1925.0,144.0,913.0,1015.0,0.0
0.0,1.0,1.0,0.0,0.0,0.0,1.0,0.0,0.0,1.0,0.0,0.0,0.0,0.0,4.0,9.0,1.0,4457227.0,5404246.0,4418137.5,5348478.5,4458851.5,5399691.0,0.918964599609375,1.5120335896809896,21.871918333333333,166.66666666666666,166.66666666666666,320.0,322.0,175.0,1047.0,349.0,1139.0,1242.0,4.0
0.0,1.0,1.0,0.0,1.0,0.0,0.0,0.0,0.0,1.0,0.0,0.0,0.0,0.0,2.0,9.0,1.0,4457930.0,5400418.5,4416910.5,5360655.5,4457296.0,5405048.0,3.624896728515625,5.771844991048177,35.31297166666666,166.66666666666666,166.66666666666666,301.0,349.0,314.0,683.0,144.0,911.0,926.0,0.0
1.0,0.0,1.0,0.0,0.0,1.0,0.0,0.0,0.0,1.0,0.0,0.0,0.0,0.0,0.0,0.0,0.0,4458290.0,5401271.5,4462783.0,5376540.0,4459765.5,5404551.0,6.8275869140625005,9.92216084798177,24.03006833333333,166.66666666666666,166.66666666666666,301.0,172.0,309.0,1127.0,227.0,617.0,1099.0,4.0
0.0,1.0,1.0,0.0,0.0,0.0,1.0,0.0,0.0,1.0,0.0,0.0,0.0,0.0,5.0,9.0,1.0,4458962.5,5400801.5,4501322.5,5302855.5,4456313.5,5403634.5,3.69896142578125,5.2136077880859375,11.0,166.66666666666666,166.66666666666666,207.0,154.0,341.0,4758.0,179.0,1076.0,1078.0,1.0
0.0,1.0,0.0,1.0,0.0,0.0,1.0,0.0,0.0,1.0,0.0,0.0,0.0,0.0,5.0,9.0,0.0,4458723.0,5404236.5,4461977.0,5341665.0,4457333.5,5405846.5,5.55243115234375,7.709375,12.409081,166.66666666666666,166.66666666666666,207.0,338.0,191.0,1438.0,139.0,664.0,942.0,5.0
0.0,1.0,0.0,1.0,1.0,0.0,0.0,0.0,0.0,1.0,0.0,0.0,0.0,0.0,2.0,9.0,1.0,4456655.5,5408228.0,4440777.5,5417293.0,4461234.5,5401229.0,6.28110791015625,7.766331990559895,14.483795,166.66666666666666,166.66666666666666,340.0,351.0,134.0,55.0,346.0,941.0,1067.0,5.0
1.0,0.0,0.0,1.0,0.0,0.0,1.0,0.0,0.0,1.0,0.0,0.0,0.0,0.0,0.0,0.0,1.0,4459094.0,5406652.5,4458336.0,5403471.0,4454790.5,5404158.5,2.120633544921875,3.549113972981771,7.637886666666666,166.66666666666666,166.66666666666666,340.0,212.0,139.0,198.0,147.0,901.0,905.0,5.0
0.0,1.0,1.0,0.0,1.0,0.0,0.0,0.0,0.0,1.0,0.0,0.0,0.0,0.0,1.0,9.0,2.0,4459807.5,5404121.5,4479974.5,5361986.0,4455200.5,5403016.5,10.20324609375,8.812263997395833,32.973955000000004,166.66666666666666,166.66666666666666,211.0,114.0,229.0,1615.0,161.0,969.0,991.0,5.0
0.0,1.0,0.0,1.0,1.0,0.0,0.0,0.0,0.0,1.0,0.0,0.0,0.0,0.0,4.0,9.0,0.0,4457946.0,5404133.0,4514763.0,5379856.0,4456697.5,5405594.0,0.793624267578125,1.403664271036784,4.511185,166.66666666666666,166.66666666666666,168.0,174.0,187.0,2126.0,140.0,1002.0,1294.0,5.0
1.0,0.0,1.0,0.0,0.0,0.0,1.0,0.0,0.0,1.0,0.0,0.0,0.0,0.0,5.0,9.0,1.0,4458349.5,5400972.5,4466429.0,5333210.0,4452877.0,5404303.5,3.16777685546875,4.77253926595052,13.199051666666666,166.66666666666666,166.66666666666666,171.0,145.0,309.0,3492.0,164.0,639.0,1068.0,4.0
0.0,1.0,1.0,0.0,1.0,0.0,0.0,0.0,0.0,1.0,0.0,0.0,0.0,0.0,3.0,9.0,0.0,4462176.0,5403693.5,4468079.5,5334383.0,4461335.0,5401081.0,4.795009765625,6.2093505859375,21.720651666666665,166.66666666666666,166.66666666666666,186.0,310.0,254.0,3501.0,347.0,1145.0,1245.0,0.0
1.0,0.0,1.0,0.0,0.0,0.0,1.0,0.0,0.0,0.0,0.0,0.0,1.0,0.0,5.0,9.0,0.0,4457526.5,5404554.0,4470428.0,5334433.0,4461490.5,5401836.0,2.34247705078125,3.053448486328125,25.036863333333333,166.66666666666666,166.66666666666666,187.0,227.0,184.0,3629.0,253.0,1333.0,0.0,5.0
1.0,0.0,1.0,0.0,0.0,0.0,1.0,0.0,0.0,0.0,0.0,0.0,1.0,0.0,3.0,0.0,1.0,4456667.5,5404988.5,4430057.0,5367544.5,4458636.5,5401516.0,26.430734375,25.976810709635416,88.01914,166.66666666666666,166.66666666666666,385.0,367.0,142.0,536.0,308.0,1031.0,0.0,1.0
1.0,0.0,1.0,0.0,0.0,0.0,1.0,0.0,0.0,0.0,0.0,0.0,1.0,0.0,3.0,0.0,1.0,4456667.5,5404988.5,4430057.0,5367544.5,4458636.5,5401516.0,9.54320703125,8.177240498860677,380.90625,166.66666666666666,166.66666666666666,385.0,88.0,142.0,536.0,308.0,976.0,0.0,4.0
0.0,1.0,1.0,0.0,0.0,0.0,1.0,0.0,0.0,0.0,0.0,0.0,1.0,0.0,2.0,0.0,1.0,4459408.5,5402764.0,4498126.5,5295289.0,4459572.5,5402042.5,1.35081494140625,1.7629194895426432,5.307519999999999,166.66666666666666,166.66666666666666,198.0,233.0,243.0,4864.0,248.0,744.0,0.0,4.0
0.0,1.0,1.0,0.0,0.0,0.0,1.0,0.0,0.0,0.0,0.0,0.0,1.0,0.0,3.0,0.0,1.0,4459460.5,5404080.0,4517718.0,5324899.5,4457660.5,5405507.5,2.572014404296875,3.499939982096354,0.6430708,166.66666666666666,166.66666666666666,212.0,244.0,232.0,4718.0,144.0,574.0,0.0,1.0
0.0,1.0,1.0,0.0,0.0,0.0,1.0,0.0,0.0,0.0,0.0,0.0,1.0,0.0,3.0,0.0,1.0,4459460.5,5404080.0,4517718.0,5324899.5,4457660.5,5405507.5,2.940454345703125,3.893896993001302,15.053378333333336,166.66666666666666,166.66666666666666,212.0,191.0,232.0,4718.0,144.0,738.0,0.0,5.0
0.0,1.0,0.0,1.0,0.0,0.0,1.0,0.0,0.0,0.0,0.0,0.0,1.0,0.0,1.0,0.0,2.0,4462704.5,5403608.0,4513161.5,5278628.0,4458895.0,5401307.5,6.96176171875,9.727727254231771,32.960231666666665,166.66666666666666,166.66666666666666,324.0,154.0,254.0,4948.0,339.0,895.0,0.0,1.0
0.0,1.0,0.0,1.0,0.0,0.0,1.0,0.0,0.0,0.0,0.0,0.0,1.0,0.0,1.0,0.0,2.0,4462704.5,5403608.0,4513161.5,5278628.0,4458895.0,5401307.5,2.304878173828125,4.017970530192057,25.225415,166.66666666666666,166.66666666666666,324.0,303.0,254.0,4948.0,339.0,1120.0,0.0,0.0
0.0,1.0,1.0,0.0,0.0,0.0,1.0,0.0,0.0,0.0,0.0,0.0,1.0,0.0,1.0,4.0,1.0,4452218.0,5401947.5,4486548.0,5320302.0,4461580.5,5401514.0,8.20036328125,10.036976114908851,26.801846666666663,166.66666666666666,166.66666666666666,99.0,189.0,103.0,4474.0,347.0,563.0,0.0,0.0
0.0,1.0,1.0,0.0,0.0,0.0,1.0,0.0,0.0,0.0,0.0,0.0,1.0,0.0,1.0,4.0,1.0,4452218.0,5401947.5,4486548.0,5320302.0,4461580.5,5401514.0,9.966701171875,12.35297342936198,45.00396333333333,166.66666666666666,166.66666666666666,99.0,343.0,103.0,4474.0,347.0,1340.0,0.0,1.0
0.0,1.0,1.0,0.0,0.0,0.0,1.0,0.0,0.0,0.0,0.0,0.0,1.0,0.0,1.0,4.0,1.0,4452218.0,5401947.5,4486548.0,5320302.0,4461580.5,5401514.0,23.129337890625,22.77315470377604,132.31758333333337,115.31758333333332,166.66666666666666,138.0,282.0,103.0,4474.0,347.0,1096.0,0.0,2.0
0.0,1.0,1.0,0.0,0.0,0.0,1.0,0.0,0.0,0.0,0.0,0.0,1.0,0.0,1.0,4.0,1.0,4452218.0,5401947.5,4486548.0,5320302.0,4461580.5,5401514.0,6.69813037109375,8.535002644856771,15.6064605,166.66666666666666,166.66666666666666,99.0,170.0,103.0,4474.0,347.0,560.0,0.0,0.0
0.0,1.0,1.0,0.0,0.0,0.0,1.0,0.0,0.0,0.0,0.0,0.0,1.0,0.0,1.0,4.0,1.0,4452218.0,5401947.5,4486548.0,5320302.0,4461580.5,5401514.0,12.0964013671875,14.010302734375,94.78126666666668,52.68126166666666,166.66666666666666,138.0,255.0,103.0,4474.0,347.0,474.0,0.0,0.0
0.0,1.0,1.0,0.0,0.0,0.0,1.0,0.0,0.0,0.0,0.0,0.0,1.0,0.0,3.0,0.0,1.0,4457683.5,5397566.5,4436429.5,5326422.5,4456947.0,5401264.0,3.582686767578125,4.964583841959636,17.023031666666665,166.66666666666666,166.66666666666666,235.0,204.0,333.0,2437.0,297.0,951.0,0.0,5.0
1.0,0.0,0.0,1.0,0.0,1.0,0.0,0.0,0.0,0.0,0.0,0.0,1.0,0.0,0.0,0.0,1.0,4457902.0,5403050.0,4484175.0,5389644.5,4459581.0,5404390.5,2.574814697265625,3.6116007486979167,6.544472833333333,166.66666666666666,166.66666666666666,194.0,142.0,205.0,415.0,226.0,1098.0,0.0,2.0
1.0,0.0,0.0,1.0,0.0,1.0,0.0,0.0,0.0,0.0,0.0,0.0,1.0,0.0,0.0,0.0,1.0,4457902.0,5403050.0,4484175.0,5389644.5,4459581.0,5404390.5,4.97014697265625,7.380207316080729,15.688717666666667,15.174437499999998,166.66666666666666,194.0,340.0,205.0,415.0,226.0,1152.0,0.0,5.0
0.0,1.0,0.0,1.0,0.0,0.0,1.0,0.0,0.0,0.0,0.0,0.0,1.0,0.0,5.0,9.0,1.0,4454836.0,5403916.5,4461922.0,5403915.0,4459374.0,5404313.0,15.56302734375,16.544158935546875,329.46523333333334,166.66666666666666,166.66666666666666,128.0,73.0,149.0,242.0,226.0,829.0,0.0,4.0
0.0,1.0,1.0,0.0,0.0,0.0,1.0,0.0,0.0,0.0,0.0,0.0,1.0,0.0,5.0,9.0,0.0,4456108.0,5403734.0,4471164.0,5333171.5,4458474.5,5400413.0,11.7581435546875,14.399683634440104,67.05329666666667,63.65329666666666,166.66666666666666,103.0,345.0,177.0,3656.0,318.0,1029.0,0.0,4.0
0.0,1.0,0.0,1.0,1.0,0.0,0.0,0.0,0.0,0.0,0.0,0.0,1.0,0.0,3.0,9.0,1.0,4458861.0,5399781.5,4473961.5,5345697.5,4459581.0,5404390.5,13.55221484375,12.882422892252604,85.34110000000001,166.66666666666666,166.66666666666666,326.0,115.0,349.0,1724.0,226.0,735.0,0.0,1.0
1.0,0.0,1.0,0.0,0.0,1.0,0.0,0.0,0.0,0.0,0.0,0.0,1.0,0.0,0.0,0.0,0.0,4457612.5,5404773.5,4477336.5,5332285.5,4461490.5,5401836.0,9.475373046875,6.477665201822917,39.14048666666667,166.66666666666666,166.66666666666666,236.0,354.0,184.0,3917.0,253.0,883.0,0.0,5.0
1.0,0.0,1.0,0.0,0.0,1.0,0.0,0.0,0.0,0.0,0.0,0.0,1.0,0.0,0.0,0.0,0.0,4457612.5,5404773.5,4477336.5,5332285.5,4461490.5,5401836.0,3.492964599609375,4.33821767171224,21.016540000000003,166.66666666666666,166.66666666666666,236.0,214.0,184.0,3917.0,253.0,1164.0,0.0,1.0
0.0,1.0,1.0,0.0,0.0,0.0,1.0,0.0,0.0,0.0,0.0,0.0,1.0,0.0,1.0,0.0,0.0,4459792.0,5404914.0,4447934.0,5329674.0,4461512.0,5401904.5,2.136669189453125,3.357738240559896,10.090961666666669,166.66666666666666,166.66666666666666,204.0,176.0,220.0,2594.0,253.0,1396.0,0.0,5.0
0.0,1.0,1.0,0.0,0.0,0.0,1.0,0.0,0.0,0.0,0.0,0.0,1.0,0.0,1.0,0.0,0.0,4459792.0,5404914.0,4447934.0,5329674.0,4461512.0,5401904.5,1.865191162109375,2.6945706685384114,13.812828333333332,166.66666666666666,166.66666666666666,342.0,245.0,220.0,2594.0,253.0,1187.0,0.0,4.0
0.0,1.0,1.0,0.0,0.0,0.0,1.0,0.0,0.0,0.0,0.0,0.0,1.0,0.0,1.0,0.0,0.0,4459792.0,5404914.0,4447934.0,5329674.0,4461512.0,5401904.5,9.310044921875,12.368892415364584,24.053201666666663,166.66666666666666,166.66666666666666,204.0,335.0,220.0,2594.0,253.0,895.0,0.0,1.0
0.0,1.0,1.0,0.0,1.0,0.0,0.0,0.0,0.0,0.0,0.0,0.0,1.0,0.0,2.0,9.0,1.0,4458471.0,5400071.0,4466343.5,5336279.5,4457171.5,5405001.5,10.904380859375,14.983990478515624,37.43382166666667,166.66666666666666,166.66666666666666,314.0,132.0,324.0,3222.0,143.0,1027.0,0.0,0.0
0.0,1.0,1.0,0.0,1.0,0.0,0.0,0.0,0.0,0.0,0.0,0.0,1.0,0.0,2.0,9.0,1.0,4458471.0,5400071.0,4466343.5,5336279.5,4457171.5,5405001.5,0.5842731323242187,0.8947876612345378,4.858365833333334,166.66666666666666,166.66666666666666,234.0,237.0,324.0,3222.0,143.0,912.0,0.0,5.0
0.0,1.0,1.0,0.0,1.0,0.0,0.0,0.0,0.0,0.0,0.0,0.0,1.0,0.0,2.0,9.0,1.0,4458471.0,5400071.0,4466343.5,5336279.5,4457171.5,5405001.5,14.2860615234375,16.18421630859375,214.43086666666667,166.66666666666666,166.66666666666666,340.0,294.0,324.0,3222.0,143.0,594.0,0.0,1.0
0.0,1.0,0.0,1.0,0.0,0.0,1.0,0.0,0.0,0.0,0.0,0.0,1.0,0.0,5.0,9.0,1.0,4455684.0,5398604.5,4468756.5,5320209.0,4460945.0,5401039.0,2.5781337890625,2.9414220174153645,17.948233333333334,166.66666666666666,166.66666666666666,115.0,222.0,321.0,4423.0,346.0,1076.0,0.0,5.0
0.0,1.0,1.0,0.0,1.0,0.0,0.0,0.0,0.0,0.0,0.0,0.0,1.0,0.0,3.0,6.0,0.0,4458720.5,5402335.5,4465198.5,5365406.0,4458811.0,5400991.0,16.619337890625,16.94135335286458,35.791875,166.66666666666666,166.66666666666666,247.0,120.0,211.0,1160.0,310.0,1047.0,0.0,0.0
1.0,0.0,1.0,0.0,0.0,1.0,0.0,0.0,0.0,0.0,0.0,0.0,1.0,0.0,0.0,0.0,0.0,4459269.0,5406484.0,4494986.5,5369452.0,4457778.5,5405671.5,1.0491748046875,1.6909659067789713,2.6494606666666662,166.66666666666666,166.66666666666666,303.0,307.0,222.0,2192.0,144.0,745.0,0.0,0.0
0.0,1.0,1.0,0.0,1.0,0.0,0.0,0.0,0.0,0.0,0.0,0.0,1.0,0.0,4.0,9.0,2.0,4460098.0,5405778.0,4449812.5,5337371.5,4458052.5,5405014.0,1.1516986083984375,1.7063817342122396,20.488686666666663,166.66666666666666,166.66666666666666,99.0,158.0,222.0,2550.0,145.0,1118.0,0.0,5.0
0.0,1.0,1.0,0.0,1.0,0.0,0.0,0.0,0.0,0.0,0.0,0.0,1.0,0.0,4.0,9.0,2.0,4460098.0,5405778.0,4449812.5,5337371.5,4458052.5,5405014.0,10.6109765625,13.437712605794273,59.56109666666667,166.66666666666666,166.66666666666666,101.0,326.0,222.0,2550.0,145.0,810.0,0.0,5.0
0.0,1.0,1.0,0.0,0.0,0.0,1.0,0.0,0.0,0.0,0.0,0.0,1.0,0.0,5.0,9.0,2.0,4456256.0,5403410.5,4442975.5,5337163.0,4455976.5,5398594.5,1.99269140625,2.959158070882161,14.34178,166.66666666666666,166.66666666666666,339.0,243.0,179.0,2541.0,321.0,742.0,0.0,5.0
0.0,1.0,1.0,0.0,0.0,0.0,1.0,0.0,0.0,0.0,0.0,0.0,1.0,0.0,5.0,9.0,2.0,4456650.0,5400725.5,4452804.5,5333381.5,4457733.5,5405147.5,15.7133359375,16.852342732747395,365.7320666666666,166.66666666666666,166.66666666666666,173.0,112.0,299.0,2643.0,144.0,1096.0,0.0,4.0
0.0,1.0,1.0,0.0,0.0,0.0,1.0,0.0,0.0,0.0,0.0,0.0,1.0,0.0,5.0,9.0,2.0,4456650.0,5400725.5,4452804.5,5333381.5,4457733.5,5405147.5,7.80821337890625,10.776371256510416,22.153303333333334,166.66666666666666,166.66666666666666,329.0,198.0,299.0,2643.0,144.0,1082.0,0.0,5.0
0.0,1.0,1.0,0.0,0.0,0.0,1.0,0.0,0.0,0.0,0.0,0.0,1.0,0.0,5.0,9.0,2.0,4456650.0,5400725.5,4452804.5,5333381.5,4457733.5,5405147.5,7.49450634765625,11.250673421223958,17.426213333333333,21.753798333333336,166.66666666666666,186.0,131.0,299.0,2643.0,144.0,617.0,0.0,5.0
0.0,1.0,0.0,1.0,1.0,0.0,0.0,0.0,0.0,0.0,0.0,0.0,1.0,0.0,1.0,9.0,1.0,4457861.0,5403452.0,4451806.0,5401767.0,4452877.0,5404303.5,11.207099609375,15.092138671875,43.075138333333335,166.66666666666666,166.66666666666666,297.0,134.0,195.0,102.0,164.0,741.0,0.0,1.0
0.0,1.0,0.0,1.0,0.0,0.0,1.0,0.0,0.0,0.0,0.0,0.0,1.0,0.0,2.0,9.0,1.0,4459673.5,5400831.5,4467765.5,5330872.0,4458875.5,5400964.5,3.6025595703125,4.3072153727213545,23.188143333333336,166.66666666666666,166.66666666666666,185.0,219.0,345.0,3967.0,339.0,944.0,0.0,5.0
0.0,1.0,0.0,1.0,0.0,0.0,1.0,0.0,0.0,0.0,0.0,0.0,1.0,0.0,2.0,9.0,1.0,4459673.5,5400831.5,4467765.5,5330872.0,4458875.5,5400964.5,5.502304199218751,7.265918477376302,17.076253333333334,166.66666666666666,166.66666666666666,185.0,341.0,345.0,3967.0,339.0,802.0,0.0,5.0
0.0,1.0,0.0,1.0,1.0,0.0,0.0,0.0,0.0,0.0,0.0,0.0,1.0,0.0,2.0,9.0,2.0,4456023.0,5398393.5,4464019.0,5337587.0,4459581.0,5404390.5,7.23274365234375,9.553879801432291,25.181121666666662,166.66666666666666,166.66666666666666,253.0,173.0,329.0,2761.0,226.0,877.0,0.0,4.0
0.0,1.0,0.0,1.0,1.0,0.0,0.0,0.0,0.0,0.0,0.0,0.0,1.0,0.0,2.0,9.0,2.0,4456023.0,5398393.5,4464019.0,5337587.0,4459581.0,5404390.5,23.042623046875,29.130277506510417,191.75446666666667,114.01445,166.66666666666666,253.0,13.0,329.0,2761.0,226.0,801.0,0.0,1.0
0.0,1.0,0.0,1.0,0.0,0.0,1.0,0.0,0.0,0.0,0.0,0.0,1.0,0.0,7.0,9.0,0.0,4456764.5,5400297.5,4470432.0,5340866.0,4455642.0,5404741.5,15.43955078125,12.341239420572917,214.1432166666667,166.66666666666666,166.66666666666666,310.0,400.0,301.0,1896.0,165.0,1188.0,0.0,0.0
0.0,1.0,0.0,1.0,0.0,0.0,1.0,0.0,0.0,0.0,0.0,0.0,1.0,0.0,7.0,9.0,0.0,4456764.5,5400297.5,4470432.0,5340866.0,4455642.0,5404741.5,3.889966064453125,5.723644002278646,20.0,166.66666666666666,166.66666666666666,310.0,345.0,301.0,1896.0,165.0,948.0,0.0,1.0
0.0,1.0,0.0,1.0,0.0,0.0,1.0,0.0,0.0,0.0,0.0,0.0,1.0,0.0,7.0,9.0,0.0,4456764.5,5400297.5,4470432.0,5340866.0,4455642.0,5404741.5,5.54817724609375,7.105781046549479,33.96023,166.66666666666666,166.66666666666666,310.0,141.0,301.0,1896.0,165.0,924.0,0.0,0.0
0.0,1.0,0.0,1.0,0.0,0.0,1.0,0.0,0.0,0.0,0.0,0.0,1.0,0.0,5.0,9.0,0.0,4458597.0,5402055.0,4432375.5,5330335.0,4463366.0,5403002.0,6.8231884765625,9.162340291341144,29.92989333333333,166.66666666666666,166.66666666666666,251.0,170.0,213.0,2432.0,348.0,640.0,0.0,5.0
0.0,1.0,1.0,0.0,0.0,0.0,1.0,0.0,0.0,0.0,0.0,0.0,1.0,0.0,4.0,9.0,1.0,4457939.5,5404927.0,4451680.0,5336448.0,4457645.5,5404410.0,3.351708984375,4.600898234049479,18.577058333333333,166.66666666666666,166.66666666666666,237.0,339.0,144.0,2562.0,186.0,1108.0,0.0,5.0
0.0,1.0,1.0,0.0,0.0,0.0,1.0,0.0,0.0,0.0,0.0,0.0,1.0,0.0,4.0,9.0,1.0,4457939.5,5404927.0,4451680.0,5336448.0,4457645.5,5404410.0,11.37948828125,9.151688639322916,53.70715333333333,166.66666666666666,166.66666666666666,218.0,354.0,144.0,2562.0,186.0,997.0,0.0,5.0
0.0,1.0,1.0,0.0,0.0,0.0,1.0,0.0,0.0,0.0,0.0,0.0,1.0,0.0,4.0,9.0,1.0,4457939.5,5404927.0,4451680.0,5336448.0,4457645.5,5404410.0,4.61392529296875,6.309600321451823,20.13664333333333,166.66666666666666,166.66666666666666,237.0,172.0,144.0,2562.0,186.0,1059.0,0.0,5.0
0.0,1.0,1.0,0.0,0.0,0.0,1.0,0.0,0.0,0.0,0.0,0.0,1.0,0.0,4.0,9.0,1.0,4457939.5,5404927.0,4451680.0,5336448.0,4457645.5,5404410.0,5.51840380859375,7.361887613932292,23.145775,166.66666666666666,166.66666666666666,237.0,314.0,144.0,2562.0,186.0,936.0,0.0,2.0
1.0,0.0,1.0,0.0,0.0,1.0,0.0,0.0,0.0,0.0,0.0,0.0,1.0,0.0,0.0,0.0,0.0,4459227.0,5404574.5,4460013.5,5347274.0,4460075.0,5404522.5,3.0473330078125,4.197733306884766,12.473690833333334,166.66666666666666,166.66666666666666,204.0,233.0,223.0,1375.0,228.0,911.0,0.0,5.0
1.0,0.0,1.0,0.0,0.0,0.0,1.0,0.0,0.0,0.0,0.0,0.0,1.0,0.0,7.0,0.0,1.0,4456854.5,5396862.0,4459968.0,5354644.5,4458753.0,5401193.0,3.6838583984375,5.640517171223959,15.218534333333334,166.66666666666666,166.66666666666666,243.0,349.0,333.0,1258.0,310.0,829.0,0.0,2.0
0.0,1.0,0.0,1.0,0.0,0.0,1.0,0.0,0.0,0.0,0.0,0.0,1.0,0.0,4.0,9.0,1.0,4458409.5,5400351.0,4471622.5,5340833.5,4458636.5,5401516.0,11.964064453125,10.288511149088542,32.89823,166.66666666666666,166.66666666666666,191.0,377.0,317.0,1901.0,308.0,1209.0,0.0,0.0
0.0,1.0,1.0,0.0,1.0,0.0,0.0,0.0,0.0,0.0,0.0,0.0,1.0,0.0,1.0,9.0,2.0,4459053.0,5403794.0,4472521.0,5332323.5,4458055.0,5404108.0,2.876552978515625,4.170423889160157,9.572009333333334,166.66666666666666,166.66666666666666,244.0,232.0,231.0,3836.0,190.0,708.0,0.0,1.0
0.0,1.0,1.0,0.0,0.0,1.0,0.0,0.0,0.0,0.0,0.0,0.0,1.0,0.0,1.0,0.0,0.0,4454802.0,5404023.0,4460956.5,5332326.5,4457452.0,5405038.5,6.87487353515625,7.673542277018229,166.66666666666666,166.66666666666666,166.66666666666666,249.0,179.0,149.0,2845.0,144.0,675.0,0.0,1.0
0.0,1.0,1.0,0.0,0.0,1.0,0.0,0.0,0.0,0.0,0.0,0.0,1.0,0.0,1.0,0.0,1.0,4458454.5,5401030.5,4465565.0,5329203.5,4460916.0,5405727.5,8.7965146484375,11.6017822265625,53.34109333333333,166.66666666666666,166.66666666666666,306.0,115.0,310.0,3985.0,239.0,649.0,0.0,4.0
0.0,1.0,1.0,0.0,1.0,0.0,0.0,0.0,0.0,0.0,0.0,0.0,1.0,0.0,2.0,9.0,1.0,4456558.5,5408159.0,4461444.0,5330760.5,4461487.0,5401866.5,1.2293934326171876,2.0226444244384765,3.6766741666666665,166.66666666666666,166.66666666666666,173.0,166.0,134.0,3007.0,253.0,1093.0,0.0,5.0
1.0,0.0,1.0,0.0,0.0,0.0,1.0,0.0,0.0,0.0,0.0,0.0,1.0,0.0,6.0,9.0,1.0,4453952.5,5397769.5,4459849.0,5340310.5,4458679.5,5400139.5,3.763548095703125,5.558825174967448,8.987123333333333,166.66666666666666,166.66666666666666,211.0,301.0,327.0,1453.0,318.0,1207.0,0.0,5.0
1.0,0.0,1.0,0.0,0.0,0.0,1.0,0.0,0.0,0.0,0.0,0.0,1.0,0.0,6.0,9.0,1.0,4453952.5,5397769.5,4459849.0,5340310.5,4458679.5,5400139.5,8.954115234375001,6.992667134602865,63.22905,166.66666666666666,166.66666666666666,116.0,339.0,327.0,1453.0,318.0,694.0,0.0,5.0
0.0,1.0,0.0,1.0,1.0,0.0,0.0,0.0,0.0,0.0,0.0,0.0,1.0,0.0,4.0,9.0,1.0,4458609.5,5400076.0,4510601.5,5376627.5,4460992.5,5401026.0,5.4124951171875,8.401784261067709,8.570426666666666,166.66666666666666,166.66666666666666,304.0,330.0,324.0,2163.0,346.0,1136.0,0.0,5.0
0.0,1.0,0.0,1.0,1.0,0.0,0.0,0.0,0.0,0.0,0.0,0.0,1.0,0.0,4.0,9.0,1.0,4458609.5,5400076.0,4510601.5,5376627.5,4460992.5,5401026.0,6.4483408203125006,8.96871337890625,33.16773833333333,166.66666666666666,166.66666666666666,185.0,349.0,324.0,2163.0,346.0,1161.0,0.0,0.0
0.0,1.0,1.0,0.0,0.0,0.0,1.0,0.0,0.0,0.0,0.0,0.0,1.0,0.0,6.0,9.0,0.0,4459143.5,5399073.5,4509924.5,5379602.5,4463375.5,5403096.5,9.02724609375,8.605844116210937,571.2063333333333,487.20633333333336,166.66666666666666,84.0,87.0,326.0,2091.0,348.0,842.0,0.0,5.0
0.0,1.0,1.0,0.0,0.0,0.0,1.0,0.0,0.0,0.0,0.0,0.0,1.0,0.0,6.0,9.0,0.0,4459143.5,5399073.5,4509924.5,5379602.5,4463375.5,5403096.5,3.634129150390625,5.594159444173177,14.375274999999998,166.66666666666666,166.66666666666666,245.0,313.0,326.0,2091.0,348.0,969.0,0.0,4.0
0.0,1.0,1.0,0.0,1.0,0.0,0.0,0.0,0.0,0.0,0.0,0.0,1.0,0.0,1.0,9.0,0.0,4458859.5,5406217.5,4466637.0,5339959.5,4463401.5,5402753.5,5.184724609375,4.929741414388021,166.66666666666666,166.66666666666666,166.66666666666666,249.0,187.0,222.0,1808.0,348.0,751.0,0.0,5.0
0.0,1.0,1.0,0.0,1.0,0.0,0.0,0.0,0.0,0.0,0.0,0.0,1.0,0.0,1.0,9.0,0.0,4458859.5,5406217.5,4466637.0,5339959.5,4463401.5,5402753.5,0.96488720703125,1.9413775126139323,18.01483,166.66666666666666,166.66666666666666,114.0,115.0,222.0,1808.0,348.0,1102.0,0.0,1.0
1.0,0.0,0.0,1.0,0.0,0.0,1.0,0.0,0.0,0.0,0.0,0.0,1.0,0.0,6.0,9.0,1.0,4456076.5,5407575.0,4469082.5,5336032.5,4461580.5,5401514.0,2.006653076171875,2.702107493082682,19.42568333333333,166.66666666666666,166.66666666666666,204.0,161.0,137.0,3420.0,347.0,727.0,0.0,5.0
0.0,1.0,1.0,0.0,0.0,0.0,1.0,0.0,0.0,0.0,0.0,0.0,1.0,0.0,7.0,9.0,1.0,4456052.5,5404133.5,4473267.0,5329406.5,4460929.0,5405629.5,6.977421875,8.492054239908853,30.16294,166.66666666666666,166.66666666666666,323.0,236.0,170.0,4199.0,239.0,1101.0,0.0,2.0
0.0,1.0,0.0,1.0,1.0,0.0,0.0,0.0,0.0,0.0,0.0,0.0,1.0,0.0,2.0,9.0,1.0,4456902.0,5400752.0,4510184.5,5301365.5,4455828.0,5405076.0,3.801919189453125,5.094984944661459,19.076071666666667,166.66666666666666,166.66666666666666,175.0,243.0,300.0,4858.0,165.0,969.0,0.0,2.0
0.0,1.0,0.0,1.0,0.0,0.0,1.0,0.0,0.0,0.0,0.0,0.0,1.0,0.0,5.0,9.0,0.0,4459026.0,5406333.0,4424748.5,5339296.5,4451787.5,5402630.5,6.7732939453125,9.426495361328126,53.65933333333333,166.66666666666666,166.66666666666666,326.0,189.0,222.0,2395.0,99.0,522.0,0.0,2.0
0.0,1.0,0.0,1.0,0.0,0.0,1.0,0.0,0.0,0.0,0.0,0.0,1.0,0.0,5.0,9.0,0.0,4459026.0,5406333.0,4424748.5,5339296.5,4451787.5,5402630.5,3.604686767578125,5.409095255533854,35.90918833333333,166.66666666666666,166.66666666666666,326.0,305.0,222.0,2395.0,99.0,596.0,0.0,5.0
0.0,1.0,0.0,1.0,1.0,0.0,0.0,0.0,0.0,0.0,0.0,0.0,1.0,0.0,2.0,9.0,2.0,4455098.5,5403689.0,4428224.5,5331412.0,4458064.0,5405052.5,4.94293798828125,7.258721415201823,166.66666666666666,166.66666666666666,166.66666666666666,323.0,249.0,154.0,2424.0,145.0,1158.0,0.0,0.0
0.0,1.0,0.0,1.0,1.0,0.0,0.0,0.0,0.0,0.0,0.0,0.0,1.0,0.0,2.0,9.0,2.0,4455098.5,5403689.0,4428224.5,5331412.0,4458064.0,5405052.5,3.69214501953125,4.879698689778646,12.443275,166.66666666666666,166.66666666666666,204.0,151.0,154.0,2424.0,145.0,849.0,0.0,0.0
0.0,1.0,1.0,0.0,0.0,0.0,1.0,0.0,0.0,0.0,0.0,0.0,1.0,0.0,2.0,0.0,2.0,4454009.5,5404886.5,4411488.5,5326903.0,4457826.0,5405353.0,15.7963310546875,15.750428263346354,41.38704,166.66666666666666,166.66666666666666,377.0,177.0,164.0,2387.0,144.0,963.0,0.0,1.0
0.0,1.0,1.0,0.0,0.0,0.0,1.0,0.0,0.0,0.0,0.0,0.0,1.0,0.0,2.0,0.0,2.0,4454009.5,5404886.5,4411488.5,5326903.0,4457826.0,5405353.0,9.1842783203125,7.73311767578125,45.14714833333333,166.66666666666666,166.66666666666666,377.0,240.0,164.0,2387.0,144.0,1223.0,0.0,4.0
0.0,1.0,1.0,0.0,0.0,0.0,1.0,0.0,0.0,0.0,0.0,0.0,1.0,0.0,2.0,0.0,2.0,4454009.5,5404886.5,4411488.5,5326903.0,4457826.0,5405353.0,18.724017578125,18.30661417643229,72.3646,166.66666666666666,166.66666666666666,377.0,158.0,164.0,2387.0,144.0,743.0,0.0,1.0
0.0,1.0,1.0,0.0,0.0,0.0,1.0,0.0,0.0,0.0,0.0,0.0,1.0,0.0,2.0,0.0,2.0,4454009.5,5404886.5,4411488.5,5326903.0,4457826.0,5405353.0,19.882029296875,18.805796305338543,54.93270666666666,166.66666666666666,166.66666666666666,377.0,322.0,164.0,2387.0,144.0,892.0,0.0,1.0
0.0,1.0,1.0,0.0,0.0,0.0,1.0,0.0,0.0,0.0,0.0,0.0,1.0,0.0,3.0,0.0,1.0,4458265.0,5400558.5,4493532.0,5352353.0,4457614.5,5405437.5,17.3092578125,13.946531168619792,60.92894666666667,166.66666666666666,166.66666666666666,306.0,373.0,315.0,2294.0,144.0,1150.0,0.0,1.0
0.0,1.0,1.0,0.0,0.0,0.0,1.0,0.0,0.0,0.0,0.0,0.0,1.0,0.0,3.0,0.0,1.0,4458265.0,5400558.5,4493532.0,5352353.0,4457614.5,5405437.5,5.26059375,7.640699768066406,27.066406666666666,166.66666666666666,166.66666666666666,306.0,332.0,315.0,2294.0,144.0,1147.0,0.0,5.0
0.0,1.0,0.0,1.0,0.0,1.0,0.0,0.0,0.0,0.0,0.0,0.0,1.0,0.0,1.0,0.0,1.0,4451752.0,5401915.0,4494806.5,5360962.5,4458064.0,5405052.5,2.9207863769531253,3.802154795328776,27.64030166666667,166.66666666666666,166.66666666666666,241.0,191.0,102.0,2278.0,145.0,536.0,0.0,1.0
0.0,1.0,0.0,1.0,0.0,1.0,0.0,0.0,0.0,0.0,0.0,0.0,1.0,0.0,1.0,0.0,1.0,4451752.0,5401915.0,4494806.5,5360962.5,4458064.0,5405052.5,0.4821685180664062,0.9093209584554036,3.9457016666666656,166.66666666666666,166.66666666666666,309.0,315.0,102.0,2278.0,145.0,1258.0,0.0,5.0
0.0,1.0,0.0,1.0,1.0,0.0,0.0,0.0,0.0,0.0,0.0,0.0,1.0,0.0,4.0,9.0,0.0,4455635.5,5399619.0,4472192.5,5351290.0,4458064.0,5405052.5,3.46183642578125,5.386399841308593,7.646859666666667,166.66666666666666,166.66666666666666,322.0,306.0,162.0,1589.0,145.0,981.0,0.0,1.0
0.0,1.0,0.0,1.0,1.0,0.0,0.0,0.0,0.0,0.0,0.0,0.0,1.0,0.0,4.0,9.0,0.0,4455635.5,5399619.0,4472192.5,5351290.0,4458064.0,5405052.5,1.4469493408203125,2.1221822102864585,13.855990666666663,166.66666666666666,166.66666666666666,189.0,229.0,162.0,1589.0,145.0,901.0,0.0,4.0
0.0,1.0,0.0,1.0,1.0,0.0,0.0,0.0,0.0,0.0,0.0,0.0,1.0,0.0,4.0,9.0,0.0,4455635.5,5399619.0,4472192.5,5351290.0,4458064.0,5405052.5,12.8572783203125,18.29706013997396,41.017155,166.66666666666666,166.66666666666666,322.0,132.0,162.0,1589.0,145.0,663.0,0.0,1.0
0.0,1.0,0.0,1.0,1.0,0.0,0.0,0.0,0.0,0.0,0.0,0.0,1.0,0.0,4.0,9.0,0.0,4455635.5,5399619.0,4472192.5,5351290.0,4458064.0,5405052.5,21.675884765625,19.19587809244792,175.2716,64.18633333333332,166.66666666666666,322.0,1161.0,162.0,1589.0,145.0,617.0,0.0,1.0
0.0,1.0,0.0,1.0,1.0,0.0,0.0,0.0,0.0,0.0,0.0,0.0,1.0,0.0,4.0,9.0,0.0,4455635.5,5399619.0,4472192.5,5351290.0,4458064.0,5405052.5,10.57797265625,11.474449666341146,38.773408333333336,166.66666666666666,166.66666666666666,322.0,363.0,162.0,1589.0,145.0,1062.0,0.0,1.0
0.0,1.0,0.0,1.0,0.0,0.0,1.0,0.0,0.0,0.0,0.0,0.0,1.0,0.0,5.0,9.0,1.0,4458352.5,5403388.0,4482760.5,5383782.5,4455843.5,5404093.5,3.526449462890625,4.946434529622396,11.492738833333334,166.66666666666666,166.66666666666666,183.0,243.0,198.0,1172.0,176.0,535.0,0.0,5.0
0.0,1.0,1.0,0.0,0.0,0.0,1.0,0.0,0.0,0.0,0.0,0.0,1.0,0.0,5.0,9.0,1.0,4455417.0,5403576.0,4467367.5,5357171.5,4457660.5,5405507.5,6.177030761718751,6.67623036702474,38.887971666666665,166.66666666666666,166.66666666666666,124.0,227.0,155.0,1564.0,144.0,1171.0,0.0,1.0
0.0,1.0,1.0,0.0,0.0,0.0,1.0,0.0,0.0,0.0,0.0,0.0,1.0,0.0,5.0,9.0,1.0,4455417.0,5403576.0,4467367.5,5357171.5,4457660.5,5405507.5,2.557347412109375,3.862277475992839,3.649461666666667,166.66666666666666,166.66666666666666,342.0,307.0,155.0,1564.0,144.0,878.0,0.0,1.0
1.0,0.0,1.0,0.0,0.0,1.0,0.0,0.0,0.0,0.0,0.0,0.0,1.0,0.0,0.0,0.0,1.0,4459663.5,5405449.0,4470426.5,5323437.5,4458064.0,5405052.5,3.262045654296875,4.602706909179688,14.602194166666669,166.66666666666666,166.66666666666666,232.0,184.0,218.0,4415.0,145.0,1041.0,0.0,5.0
1.0,0.0,1.0,0.0,0.0,1.0,0.0,0.0,0.0,0.0,0.0,0.0,1.0,0.0,0.0,0.0,1.0,4459663.5,5405449.0,4470426.5,5323437.5,4458064.0,5405052.5,2.698147705078125,3.427632141113281,7.639245666666667,166.66666666666666,166.66666666666666,194.0,209.0,218.0,4415.0,145.0,987.0,0.0,5.0
0.0,1.0,1.0,0.0,1.0,0.0,0.0,0.0,0.0,0.0,0.0,0.0,1.0,0.0,3.0,9.0,2.0,4456759.0,5405023.0,4467760.5,5385898.5,4458064.0,5405052.5,2.90627587890625,3.907039642333984,10.350103333333331,166.66666666666666,166.66666666666666,225.0,174.0,142.0,1161.0,145.0,953.0,0.0,5.0
1.0,0.0,1.0,0.0,0.0,0.0,1.0,0.0,0.0,0.0,0.0,0.0,1.0,0.0,5.0,9.0,1.0,4458532.0,5403882.5,4522890.5,5316829.0,4457333.5,5405161.0,1.0327952880859377,1.2393541971842448,3.4496536666666664,166.66666666666666,166.66666666666666,219.0,217.0,197.0,4725.0,144.0,650.0,0.0,5.0
1.0,0.0,1.0,0.0,0.0,0.0,1.0,0.0,0.0,0.0,0.0,0.0,1.0,0.0,5.0,9.0,1.0,4458532.0,5403882.5,4522890.5,5316829.0,4457333.5,5405161.0,4.8095634765625,6.100130208333333,20.203236666666665,166.66666666666666,166.66666666666666,219.0,172.0,197.0,4725.0,144.0,886.0,0.0,5.0
1.0,0.0,1.0,0.0,0.0,0.0,1.0,0.0,0.0,0.0,0.0,0.0,1.0,0.0,5.0,9.0,1.0,4458532.0,5403882.5,4522890.5,5316829.0,4457333.5,5405161.0,6.6062211914062505,9.126931762695312,17.212583333333335,166.66666666666666,166.66666666666666,198.0,321.0,197.0,4725.0,144.0,691.0,0.0,5.0
1.0,0.0,0.0,1.0,0.0,0.0,1.0,0.0,0.0,0.0,0.0,0.0,1.0,0.0,2.0,9.0,0.0,4452683.5,5403793.0,4484996.5,5387791.0,4460757.0,5401208.5,1.659125244140625,2.558155314127604,37.26606,166.66666666666666,166.66666666666666,213.0,303.0,164.0,1178.0,346.0,881.0,0.0,1.0
1.0,0.0,0.0,1.0,0.0,0.0,1.0,0.0,0.0,0.0,0.0,0.0,1.0,0.0,2.0,9.0,0.0,4452683.5,5403793.0,4484996.5,5387791.0,4460757.0,5401208.5,1.1484141845703124,1.4712193806966145,0.8477212333333333,166.66666666666666,166.66666666666666,185.0,186.0,164.0,1178.0,346.0,1035.0,0.0,5.0
1.0,0.0,0.0,1.0,0.0,0.0,1.0,0.0,0.0,0.0,0.0,0.0,1.0,0.0,2.0,9.0,0.0,4452683.5,5403793.0,4484996.5,5387791.0,4460757.0,5401208.5,7.4597666015625,9.345313517252604,49.27009333333333,166.66666666666666,166.66666666666666,324.0,356.0,164.0,1178.0,346.0,931.0,0.0,1.0
1.0,0.0,0.0,1.0,0.0,0.0,1.0,0.0,0.0,0.0,0.0,0.0,1.0,0.0,2.0,9.0,0.0,4452683.5,5403793.0,4484996.5,5387791.0,4460757.0,5401208.5,1.14932373046875,1.822334543863932,166.66666666666666,166.66666666666666,166.66666666666666,169.0,181.0,164.0,1178.0,346.0,1124.0,0.0,4.0
0.0,1.0,1.0,0.0,0.0,0.0,1.0,0.0,0.0,0.0,0.0,0.0,1.0,0.0,2.0,6.0,2.0,4457601.0,5403486.0,4482851.5,5407642.5,4457452.0,5405038.5,7.266619140625,5.938886515299479,35.86570666666667,166.66666666666666,166.66666666666666,198.0,116.0,194.0,393.0,144.0,1157.0,0.0,5.0
0.0,1.0,0.0,1.0,1.0,0.0,0.0,0.0,0.0,0.0,0.0,0.0,1.0,0.0,4.0,9.0,1.0,4459452.5,5403963.0,4447761.5,5298650.0,4461175.5,5401215.0,0.7181028442382813,0.9745464960734048,8.043501666666666,166.66666666666666,166.66666666666666,247.0,211.0,232.0,4551.0,346.0,1029.0,0.0,5.0
0.0,1.0,1.0,0.0,0.0,0.0,1.0,0.0,0.0,0.0,0.0,0.0,1.0,0.0,6.0,9.0,1.0,4455869.0,5404080.0,4531149.0,5374330.0,4461335.0,5401081.0,5.64354296875,7.7707763671875,30.526433333333333,166.66666666666666,166.66666666666666,344.0,216.0,176.0,2271.0,347.0,887.0,0.0,5.0
0.0,1.0,0.0,1.0,0.0,0.0,1.0,0.0,0.0,0.0,0.0,0.0,1.0,0.0,3.0,9.0,2.0,4459217.0,5401957.5,4502590.0,5312304.0,4455976.5,5398594.5,17.955099609375,19.01767985026041,82.67855666666667,166.66666666666666,166.66666666666666,94.0,245.0,247.0,4712.0,321.0,776.0,0.0,1.0
0.0,1.0,0.0,1.0,0.0,0.0,1.0,0.0,0.0,0.0,0.0,0.0,1.0,0.0,3.0,9.0,2.0,4459217.0,5401957.5,4502590.0,5312304.0,4455976.5,5398594.5,16.0954931640625,13.187075805664062,22.901923333333333,166.66666666666666,166.66666666666666,94.0,54.0,247.0,4712.0,321.0,914.0,0.0,1.0
0.0,1.0,1.0,0.0,0.0,0.0,1.0,0.0,0.0,0.0,0.0,0.0,1.0,0.0,2.0,6.0,1.0,4459060.0,5406443.0,4497110.0,5304062.5,4461580.5,5401514.0,10.05513671875,9.334561157226563,48.10135833333333,166.66666666666666,166.66666666666666,199.0,361.0,222.0,4741.0,347.0,822.0,0.0,5.0
0.0,1.0,1.0,0.0,0.0,0.0,1.0,0.0,0.0,0.0,0.0,0.0,1.0,0.0,2.0,6.0,1.0,4459060.0,5406443.0,4497110.0,5304062.5,4461580.5,5401514.0,2.326834228515625,3.528098551432292,3.7681806666666655,166.66666666666666,166.66666666666666,242.0,232.0,222.0,4741.0,347.0,980.0,0.0,5.0
1.0,0.0,0.0,1.0,0.0,1.0,0.0,0.0,0.0,0.0,0.0,0.0,1.0,0.0,0.0,0.0,1.0,4459108.0,5406724.0,4513637.5,5317044.0,4457826.0,5405353.0,13.2216416015625,12.551780192057292,29.13658,166.66666666666666,166.66666666666666,204.0,358.0,139.0,4707.0,144.0,670.0,0.0,1.0
1.0,0.0,0.0,1.0,0.0,1.0,0.0,0.0,0.0,0.0,0.0,0.0,1.0,0.0,0.0,0.0,1.0,4459108.0,5406724.0,4513637.5,5317044.0,4457826.0,5405353.0,1.179106201171875,1.8509232838948568,2.423807,166.66666666666666,166.66666666666666,204.0,181.0,139.0,4707.0,144.0,786.0,0.0,5.0
1.0,0.0,1.0,0.0,0.0,0.0,1.0,0.0,0.0,0.0,0.0,0.0,1.0,0.0,0.0,0.0,0.0,4456509.0,5408264.0,4497653.5,5312090.5,4461782.0,5400963.5,1.919032958984375,3.3450976053873696,31.998185,166.66666666666666,166.66666666666666,304.0,339.0,134.0,4729.0,347.0,1185.0,0.0,5.0
0.0,1.0,1.0,0.0,0.0,0.0,1.0,0.0,0.0,0.0,0.0,0.0,1.0,0.0,7.0,8.0,1.0,4456836.5,5404951.5,4512425.0,5295397.5,4461525.0,5401859.5,4.215880859375,5.188251241048177,16.230898333333332,166.66666666666666,166.66666666666666,167.0,224.0,142.0,4886.0,253.0,943.0,0.0,5.0
0.0,1.0,1.0,0.0,0.0,0.0,1.0,0.0,0.0,0.0,0.0,0.0,1.0,0.0,7.0,8.0,1.0,4456836.5,5404951.5,4512425.0,5295397.5,4461525.0,5401859.5,4.6360390625,5.771463521321614,23.831266666666664,166.66666666666666,166.66666666666666,167.0,158.0,142.0,4886.0,253.0,585.0,0.0,5.0
0.0,1.0,1.0,0.0,0.0,0.0,1.0,0.0,0.0,0.0,0.0,0.0,1.0,0.0,7.0,8.0,1.0,4456836.5,5404951.5,4512425.0,5295397.5,4461525.0,5401859.5,5.94744287109375,7.965958658854166,33.307273333333335,166.66666666666666,166.66666666666666,167.0,339.0,142.0,4886.0,253.0,1141.0,0.0,5.0
0.0,1.0,1.0,0.0,1.0,0.0,0.0,0.0,0.0,0.0,0.0,0.0,1.0,0.0,3.0,9.0,1.0,4457892.0,5400538.0,4511615.0,5374422.0,4458299.5,5404743.0,4.195921875,5.982049560546875,19.99901333333333,166.66666666666666,166.66666666666666,309.0,350.0,312.0,2206.0,188.0,640.0,0.0,5.0
0.0,1.0,1.0,0.0,1.0,0.0,0.0,0.0,0.0,0.0,0.0,0.0,1.0,0.0,3.0,9.0,1.0,4457892.0,5400538.0,4511615.0,5374422.0,4458299.5,5404743.0,3.70960595703125,5.131060282389323,18.91501,166.66666666666666,166.66666666666666,309.0,182.0,312.0,2206.0,188.0,903.0,0.0,0.0
0.0,1.0,1.0,0.0,0.0,1.0,0.0,0.0,0.0,0.0,0.0,0.0,1.0,0.0,1.0,0.0,1.0,4456001.0,5399333.0,4524286.0,5390001.5,4457452.0,5405038.5,5.0213837890625,7.34169209798177,27.87115,166.66666666666666,166.66666666666666,243.0,177.0,319.0,2221.0,144.0,819.0,0.0,1.0
0.0,1.0,1.0,0.0,0.0,0.0,1.0,0.0,0.0,0.0,0.0,0.0,1.0,0.0,4.0,0.0,1.0,4459744.0,5404007.5,4499723.0,5376129.0,4459663.5,5404151.5,6.762830078125,9.435996500651042,25.186243333333334,166.66666666666666,166.66666666666666,323.0,171.0,235.0,2187.0,229.0,918.0,0.0,5.0
0.0,1.0,1.0,0.0,0.0,0.0,1.0,0.0,0.0,0.0,0.0,0.0,1.0,0.0,4.0,0.0,1.0,4459744.0,5404007.5,4499723.0,5376129.0,4459663.5,5404151.5,8.092671875,10.850787353515624,30.174491666666665,166.66666666666666,166.66666666666666,167.0,320.0,235.0,2187.0,229.0,1079.0,0.0,5.0
0.0,1.0,0.0,1.0,1.0,0.0,0.0,0.0,0.0,0.0,0.0,0.0,1.0,0.0,2.0,9.0,1.0,4455988.5,5396896.0,4415276.0,5328491.0,4460757.0,5401208.5,2.613802734375,3.8844070434570312,13.813828333333332,166.66666666666666,166.66666666666666,198.0,179.0,333.0,2403.0,346.0,902.0,0.0,5.0
0.0,1.0,0.0,1.0,1.0,0.0,0.0,0.0,0.0,0.0,0.0,0.0,1.0,0.0,3.0,9.0,1.0,4458678.5,5402031.0,4483013.0,5294513.0,4461551.0,5401820.5,4.54585009765625,6.223186238606771,14.006676666666667,166.66666666666666,166.66666666666666,198.0,343.0,213.0,4619.0,253.0,1274.0,0.0,5.0
0.0,1.0,0.0,1.0,1.0,0.0,0.0,0.0,0.0,0.0,0.0,0.0,1.0,0.0,3.0,9.0,1.0,4458678.5,5402031.0,4483013.0,5294513.0,4461551.0,5401820.5,2.518759033203125,3.29162114461263,3.6766741666666665,166.66666666666666,166.66666666666666,179.0,166.0,213.0,4619.0,253.0,762.0,0.0,1.0
0.0,1.0,0.0,1.0,1.0,0.0,0.0,0.0,0.0,0.0,0.0,0.0,1.0,0.0,3.0,9.0,1.0,4458678.5,5402031.0,4483013.0,5294513.0,4461551.0,5401820.5,11.27665234375,10.748011271158854,45.88822833333334,166.66666666666666,166.66666666666666,250.0,113.0,213.0,4619.0,253.0,712.0,0.0,1.0
0.0,1.0,0.0,1.0,1.0,0.0,0.0,0.0,0.0,0.0,0.0,0.0,1.0,0.0,3.0,9.0,1.0,4458678.5,5402031.0,4483013.0,5294513.0,4461551.0,5401820.5,8.365274414062501,10.40257568359375,300.0,166.66666666666666,166.66666666666666,205.0,369.0,213.0,4619.0,253.0,997.0,0.0,5.0
0.0,1.0,0.0,1.0,0.0,0.0,1.0,0.0,0.0,0.0,0.0,0.0,1.0,0.0,2.0,7.0,0.0,4455811.5,5403524.0,4474819.5,5345324.0,4461580.5,5401514.0,12.8090068359375,12.268451944986978,59.53237333333333,166.66666666666666,166.66666666666666,319.0,116.0,178.0,1726.0,347.0,531.0,0.0,1.0
0.0,1.0,0.0,1.0,0.0,0.0,1.0,0.0,0.0,0.0,0.0,0.0,1.0,0.0,2.0,7.0,0.0,4455811.5,5403524.0,4474819.5,5345324.0,4461580.5,5401514.0,5.44883203125,8.246194458007812,21.48025,166.66666666666666,166.66666666666666,319.0,340.0,178.0,1726.0,347.0,781.0,0.0,5.0
0.0,1.0,0.0,1.0,0.0,0.0,1.0,0.0,0.0,0.0,0.0,0.0,1.0,0.0,2.0,7.0,0.0,4455811.5,5403524.0,4474819.5,5345324.0,4461580.5,5401514.0,5.64578173828125,7.961008199055989,23.24977833333333,166.66666666666666,166.66666666666666,204.0,349.0,178.0,1726.0,347.0,1027.0,0.0,4.0
0.0,1.0,1.0,0.0,1.0,0.0,0.0,0.0,0.0,0.0,0.0,0.0,1.0,0.0,2.0,9.0,0.0,4460199.5,5399680.0,4457990.5,5331183.5,4461570.0,5401891.0,1.88644873046875,3.777312215169271,14.713653333333331,166.66666666666666,166.66666666666666,304.0,324.0,350.0,2687.0,253.0,704.0,0.0,5.0
0.0,1.0,1.0,0.0,1.0,0.0,0.0,0.0,0.0,0.0,0.0,0.0,1.0,0.0,2.0,9.0,0.0,4460199.5,5399680.0,4457990.5,5331183.5,4461570.0,5401891.0,1.5418756103515625,2.3766276041666665,6.474081666666667,166.66666666666666,166.66666666666666,237.0,225.0,350.0,2687.0,253.0,877.0,0.0,1.0
0.0,1.0,1.0,0.0,1.0,0.0,0.0,0.0,0.0,0.0,0.0,0.0,1.0,0.0,2.0,9.0,0.0,4456995.5,5403780.5,4441482.5,5322324.5,4461580.5,5401514.0,2.28553759765625,3.616858418782552,9.463195833333334,166.66666666666666,166.66666666666666,195.0,172.0,181.0,3148.0,347.0,1231.0,0.0,5.0
0.0,1.0,1.0,0.0,1.0,0.0,0.0,0.0,0.0,0.0,0.0,0.0,1.0,0.0,2.0,9.0,0.0,4456995.5,5403780.5,4441482.5,5322324.5,4461580.5,5401514.0,4.64072216796875,5.905033874511719,16.903172833333333,166.66666666666666,166.66666666666666,165.0,233.0,181.0,3148.0,347.0,717.0,0.0,5.0
0.0,1.0,1.0,0.0,0.0,0.0,1.0,0.0,0.0,0.0,0.0,0.0,1.0,0.0,6.0,6.0,2.0,4456073.5,5404113.5,4479995.5,5330144.0,4460573.0,5401130.5,13.7623037109375,14.29210713704427,70.85428833333333,297.8543,166.66666666666666,26.0,291.0,170.0,4368.0,346.0,1129.0,0.0,5.0
0.0,1.0,1.0,0.0,0.0,0.0,1.0,0.0,0.0,0.0,0.0,0.0,1.0,0.0,6.0,6.0,2.0,4456073.5,5404113.5,4479995.5,5330144.0,4460573.0,5401130.5,9.2469375,10.456296793619792,39.70870833333333,166.66666666666666,166.66666666666666,253.0,331.0,170.0,4368.0,346.0,1150.0,0.0,2.0
0.0,1.0,1.0,0.0,0.0,0.0,1.0,0.0,0.0,0.0,0.0,0.0,1.0,0.0,6.0,6.0,2.0,4456073.5,5404113.5,4479995.5,5330144.0,4460573.0,5401130.5,21.06048046875,18.36672770182292,45.45522833333334,166.66666666666666,166.66666666666666,401.0,208.0,170.0,4368.0,346.0,553.0,0.0,2.0
0.0,1.0,1.0,0.0,0.0,0.0,1.0,0.0,0.0,0.0,0.0,0.0,1.0,0.0,2.0,0.0,1.0,4456266.5,5404228.0,4466869.5,5346357.5,4459473.0,5404203.0,10.4777470703125,12.727679443359374,42.08909166666666,166.66666666666666,166.66666666666666,333.0,175.0,171.0,1708.0,226.0,1186.0,0.0,4.0
0.0,1.0,1.0,0.0,0.0,0.0,1.0,0.0,0.0,0.0,0.0,0.0,1.0,0.0,2.0,0.0,1.0,4456266.5,5404228.0,4466869.5,5346357.5,4459473.0,5404203.0,5.87142626953125,6.910254414876302,17.283846666666665,166.66666666666666,166.66666666666666,333.0,315.0,171.0,1708.0,226.0,473.0,0.0,0.0
0.0,1.0,1.0,0.0,0.0,0.0,1.0,0.0,0.0,0.0,0.0,0.0,1.0,0.0,2.0,0.0,1.0,4456266.5,5404228.0,4466869.5,5346357.5,4459473.0,5404203.0,5.64465234375,6.671533203125,15.465091666666666,166.66666666666666,166.66666666666666,333.0,317.0,171.0,1708.0,226.0,1224.0,0.0,4.0
0.0,1.0,1.0,0.0,0.0,0.0,1.0,0.0,0.0,0.0,0.0,0.0,1.0,0.0,2.0,0.0,1.0,4456266.5,5404228.0,4466869.5,5346357.5,4459473.0,5404203.0,16.76250390625,14.0841064453125,128.31758333333337,134.60091666666668,166.66666666666666,333.0,282.0,171.0,1708.0,226.0,1034.0,0.0,0.0
0.0,1.0,1.0,0.0,0.0,0.0,1.0,0.0,0.0,0.0,0.0,0.0,1.0,0.0,3.0,0.0,1.0,4456272.5,5397546.5,4478898.0,5326308.0,4457660.5,5405507.5,4.074976806640625,6.539940897623698,24.000551666666667,166.66666666666666,166.66666666666666,324.0,340.0,331.0,4392.0,144.0,1028.0,0.0,4.0
0.0,1.0,0.0,1.0,1.0,0.0,0.0,0.0,0.0,0.0,0.0,0.0,1.0,0.0,1.0,9.0,0.0,4457230.0,5404222.0,4482125.5,5328471.0,4455979.0,5403535.5,13.2858515625,13.06553751627604,647.5303333333334,166.66666666666666,166.66666666666666,298.0,1108.0,175.0,4382.0,178.0,751.0,0.0,5.0
0.0,1.0,1.0,0.0,0.0,0.0,1.0,0.0,0.0,0.0,0.0,0.0,1.0,0.0,5.0,9.0,1.0,4458828.0,5404186.5,4509287.0,5287768.0,4457299.0,5405404.5,2.907864990234375,4.560747782389323,59.86803833333333,166.66666666666666,166.66666666666666,115.0,118.0,191.0,4895.0,144.0,1074.0,0.0,1.0
0.0,1.0,0.0,1.0,1.0,0.0,0.0,0.0,0.0,0.0,0.0,0.0,1.0,0.0,3.0,9.0,0.0,4458786.5,5403899.5,4453793.5,5333154.5,4454103.0,5404880.5,3.5523056640625,4.501630655924479,20.79437666666667,166.66666666666666,166.66666666666666,173.0,229.0,197.0,2649.0,164.0,804.0,0.0,0.0
0.0,1.0,0.0,1.0,1.0,0.0,0.0,0.0,0.0,0.0,0.0,0.0,1.0,0.0,3.0,9.0,0.0,4458786.5,5403899.5,4453793.5,5333154.5,4454103.0,5404880.5,0.5877168579101563,1.1655550638834635,13.319483333333332,166.66666666666666,166.66666666666666,173.0,184.0,197.0,2649.0,164.0,971.0,0.0,1.0
1.0,0.0,0.0,1.0,0.0,1.0,0.0,0.0,0.0,0.0,0.0,0.0,1.0,0.0,0.0,0.0,1.0,4456602.5,5404118.5,4426840.0,5355533.5,4451881.0,5402632.5,16.81655859375,18.21704915364583,65.73207666666666,166.66666666666666,166.66666666666666,207.0,112.0,174.0,1014.0,99.0,771.0,0.0,0.0
1.0,0.0,0.0,1.0,0.0,1.0,0.0,0.0,0.0,0.0,0.0,0.0,1.0,0.0,0.0,0.0,1.0,4456602.5,5404118.5,4426840.0,5355533.5,4451881.0,5402632.5,9.391720703125,9.885043334960937,28.28109166666667,166.66666666666666,166.66666666666666,166.0,345.0,174.0,1014.0,99.0,1345.0,0.0,5.0
0.0,1.0,0.0,1.0,1.0,0.0,0.0,0.0,0.0,0.0,0.0,0.0,1.0,0.0,5.0,9.0,1.0,4456968.0,5404759.5,4420360.0,5357737.0,4459222.0,5399478.0,7.910873046875,10.828268432617188,34.520043333333334,166.66666666666666,166.66666666666666,241.0,147.0,173.0,854.0,349.0,622.0,0.0,1.0
0.0,1.0,0.0,1.0,1.0,0.0,0.0,0.0,0.0,0.0,0.0,0.0,1.0,0.0,5.0,9.0,1.0,4456968.0,5404759.5,4420360.0,5357737.0,4459222.0,5399478.0,16.0056015625,16.29691162109375,245.423,232.423,166.66666666666666,194.0,94.0,173.0,854.0,349.0,970.0,0.0,1.0
0.0,1.0,0.0,1.0,1.0,0.0,0.0,0.0,0.0,0.0,0.0,0.0,1.0,0.0,5.0,9.0,1.0,4456968.0,5404759.5,4420360.0,5357737.0,4459222.0,5399478.0,28.228796875,25.61362101236979,47.57271333333333,166.66666666666666,166.66666666666666,195.0,58.0,173.0,854.0,349.0,951.0,0.0,1.0
0.0,1.0,1.0,0.0,0.0,0.0,1.0,0.0,0.0,0.0,0.0,0.0,1.0,0.0,2.0,6.0,2.0,4457720.0,5403357.5,4469319.0,5337597.0,4457558.0,5404947.0,2.43571142578125,3.3666666666666667,18.590571666666666,166.66666666666666,166.66666666666666,186.0,155.0,195.0,3372.0,144.0,1190.0,0.0,1.0
0.0,1.0,1.0,0.0,0.0,0.0,1.0,0.0,0.0,0.0,0.0,0.0,1.0,0.0,2.0,6.0,2.0,4457720.0,5403357.5,4469319.0,5337597.0,4457558.0,5404947.0,11.3786669921875,11.708645629882811,320.6805333333333,279.6805333333333,166.66666666666666,273.0,91.0,195.0,3372.0,144.0,989.0,0.0,4.0
0.0,1.0,1.0,0.0,0.0,0.0,1.0,0.0,0.0,0.0,0.0,0.0,1.0,0.0,2.0,6.0,2.0,4457720.0,5403357.5,4469319.0,5337597.0,4457558.0,5404947.0,2.5290998535156253,4.252842203776042,53.31758666666666,166.66666666666666,166.66666666666666,273.0,282.0,195.0,3372.0,144.0,1141.0,0.0,5.0
0.0,1.0,1.0,0.0,0.0,0.0,1.0,0.0,0.0,0.0,0.0,0.0,1.0,0.0,2.0,6.0,2.0,4457720.0,5403357.5,4469319.0,5337597.0,4457558.0,5404947.0,9.1636552734375,11.261568196614585,266.60681666666665,166.66666666666666,166.66666666666666,273.0,288.0,195.0,3372.0,144.0,833.0,0.0,5.0
1.0,0.0,0.0,1.0,0.0,0.0,1.0,0.0,0.0,0.0,0.0,0.0,1.0,0.0,0.0,0.0,3.0,4456631.5,5403026.0,4399868.0,5380639.0,4456873.0,5401342.0,9.2293984375,13.599672444661458,25.71390166666667,166.66666666666666,166.66666666666666,204.0,108.0,201.0,424.0,297.0,792.0,0.0,5.0
1.0,0.0,0.0,1.0,0.0,0.0,1.0,0.0,0.0,0.0,0.0,0.0,1.0,0.0,0.0,0.0,3.0,4456631.5,5403026.0,4399868.0,5380639.0,4456873.0,5401342.0,2.92534619140625,3.975230153401693,12.313611666666668,166.66666666666666,166.66666666666666,142.0,154.0,201.0,424.0,297.0,685.0,0.0,4.0
1.0,0.0,0.0,1.0,0.0,0.0,1.0,0.0,0.0,0.0,0.0,0.0,1.0,0.0,0.0,0.0,1.0,4457816.5,5400450.0,4403877.0,5380621.5,4460757.0,5401208.5,20.7434921875,21.237687174479166,95.98081666666668,85.98081666666667,166.66666666666666,204.0,273.0,314.0,434.0,346.0,1229.0,0.0,5.0
1.0,0.0,0.0,1.0,0.0,0.0,1.0,0.0,0.0,0.0,0.0,0.0,1.0,0.0,0.0,0.0,1.0,4457816.5,5400450.0,4403877.0,5380621.5,4460757.0,5401208.5,13.197107421875,15.872119140625,48.4869,166.66666666666666,166.66666666666666,204.0,286.0,314.0,434.0,346.0,1067.0,0.0,5.0
0.0,1.0,0.0,1.0,1.0,0.0,0.0,0.0,0.0,0.0,0.0,0.0,1.0,0.0,1.0,9.0,1.0,4459620.0,5405570.5,4478208.5,5332506.0,4461335.0,5401081.0,7.1204267578125,6.535199483235677,19.973955,166.66666666666666,166.66666666666666,232.0,114.0,215.0,4332.0,347.0,456.0,0.0,0.0
0.0,1.0,1.0,0.0,0.0,0.0,1.0,0.0,0.0,0.0,0.0,0.0,1.0,0.0,1.0,2.0,0.0,4459766.0,5402610.5,4519766.0,5378632.0,4455976.5,5398594.5,7.0732011718750005,9.22789103190104,20.14714833333333,166.66666666666666,166.66666666666666,172.0,240.0,244.0,2222.0,321.0,1057.0,0.0,1.0
0.0,1.0,0.0,1.0,1.0,0.0,0.0,0.0,0.0,0.0,0.0,0.0,1.0,0.0,3.0,9.0,1.0,4456801.5,5404965.0,4491697.0,5303878.5,4457733.5,5405147.5,2.410828369140625,3.326184336344401,1.1518415,166.66666666666666,166.66666666666666,164.0,167.0,142.0,4617.0,144.0,720.0,0.0,1.0
0.0,1.0,0.0,1.0,1.0,0.0,0.0,0.0,0.0,0.0,0.0,0.0,1.0,0.0,3.0,9.0,1.0,4456801.5,5404965.0,4491697.0,5303878.5,4457733.5,5405147.5,2.614731689453125,3.824828084309896,8.193562833333333,166.66666666666666,166.66666666666666,200.0,171.0,142.0,4617.0,144.0,913.0,0.0,1.0
0.0,1.0,1.0,0.0,0.0,0.0,1.0,0.0,0.0,0.0,0.0,0.0,1.0,0.0,2.0,8.0,1.0,4458805.0,5403732.0,4493766.0,5312572.0,4457869.5,5402867.5,4.45803271484375,6.288278706868489,29.49992333333333,166.66666666666666,166.66666666666666,182.0,220.0,197.0,4687.0,207.0,1081.0,0.0,5.0
0.0,1.0,1.0,0.0,0.0,0.0,1.0,0.0,0.0,0.0,0.0,0.0,1.0,0.0,2.0,8.0,1.0,4458805.0,5403732.0,4493766.0,5312572.0,4457869.5,5402867.5,21.38527734375,18.052294921875,166.66666666666666,166.66666666666666,166.66666666666666,127.0,3.0,197.0,4687.0,207.0,1204.0,0.0,0.0
1.0,0.0,0.0,1.0,0.0,0.0,1.0,0.0,0.0,0.0,0.0,0.0,1.0,0.0,0.0,0.0,0.0,4456221.5,5403641.5,4455671.0,5302219.5,4457452.0,5405038.5,5.10997998046875,7.128314208984375,24.698375,166.66666666666666,166.66666666666666,178.0,236.0,179.0,4546.0,144.0,1083.0,0.0,5.0
1.0,0.0,0.0,1.0,0.0,0.0,1.0,0.0,0.0,0.0,0.0,0.0,1.0,0.0,0.0,0.0,0.0,4456221.5,5403641.5,4455671.0,5302219.5,4457452.0,5405038.5,4.53791162109375,6.508825174967448,17.919001666666666,166.66666666666666,166.66666666666666,178.0,309.0,179.0,4546.0,144.0,695.0,0.0,1.0
1.0,0.0,0.0,1.0,0.0,0.0,1.0,0.0,0.0,0.0,0.0,0.0,1.0,0.0,0.0,0.0,0.0,4456221.5,5403641.5,4455671.0,5302219.5,4457452.0,5405038.5,10.2965693359375,13.623917643229166,42.35320166666667,166.66666666666666,166.66666666666666,178.0,335.0,179.0,4546.0,144.0,561.0,0.0,1.0
1.0,0.0,0.0,1.0,0.0,0.0,1.0,0.0,0.0,0.0,0.0,0.0,1.0,0.0,0.0,0.0,0.0,4456221.5,5403641.5,4455671.0,5302219.5,4457452.0,5405038.5,3.9849443359375,5.743668619791666,16.77635666666667,166.66666666666666,166.66666666666666,178.0,190.0,179.0,4546.0,144.0,810.0,0.0,5.0
1.0,0.0,0.0,1.0,0.0,0.0,1.0,0.0,0.0,0.0,0.0,0.0,1.0,0.0,0.0,0.0,0.0,4456221.5,5403641.5,4455671.0,5302219.5,4457452.0,5405038.5,4.025628662109375,5.636551411946615,15.187836666666668,166.66666666666666,166.66666666666666,178.0,223.0,179.0,4546.0,144.0,1126.0,0.0,4.0
0.0,1.0,0.0,1.0,0.0,0.0,1.0,0.0,0.0,0.0,0.0,0.0,1.0,0.0,6.0,9.0,0.0,4459754.5,5404804.5,4473132.5,5327689.0,4457659.0,5405216.0,15.249806640625,18.32956949869792,37.20366666666666,166.66666666666666,166.66666666666666,236.0,97.0,227.0,4190.0,144.0,542.0,0.0,2.0
0.0,1.0,0.0,1.0,0.0,0.0,1.0,0.0,0.0,0.0,0.0,0.0,1.0,0.0,6.0,9.0,0.0,4459754.5,5404804.5,4473132.5,5327689.0,4457659.0,5405216.0,4.78993359375,6.625598653157552,21.753315,166.66666666666666,166.66666666666666,236.0,170.0,227.0,4190.0,144.0,1224.0,0.0,5.0
1.0,0.0,0.0,1.0,0.0,0.0,1.0,0.0,0.0,0.0,0.0,0.0,1.0,0.0,5.0,9.0,1.0,4457561.5,5403169.5,4418141.0,5363857.0,4458196.5,5401941.5,3.262736572265625,3.986132049560547,6.944728333333333,166.66666666666666,166.66666666666666,158.0,154.0,204.0,516.0,212.0,823.0,0.0,5.0
1.0,0.0,0.0,1.0,0.0,0.0,1.0,0.0,0.0,0.0,0.0,0.0,1.0,0.0,5.0,9.0,1.0,4457561.5,5403169.5,4418141.0,5363857.0,4458196.5,5401941.5,5.2534296875,6.436622619628906,27.632501666666663,166.66666666666666,166.66666666666666,158.0,201.0,204.0,516.0,212.0,661.0,0.0,1.0
0.0,1.0,1.0,0.0,0.0,0.0,1.0,0.0,0.0,0.0,0.0,0.0,1.0,0.0,4.0,9.0,0.0,4459968.5,5403905.0,4440077.5,5399099.5,4460757.0,5401208.5,4.06378759765625,5.471306355794271,10.6691895,166.66666666666666,166.66666666666666,200.0,315.0,235.0,269.0,346.0,1067.0,0.0,5.0
1.0,0.0,0.0,1.0,0.0,1.0,0.0,0.0,0.0,0.0,0.0,0.0,1.0,0.0,0.0,0.0,1.0,4458955.5,5399600.5,4520246.0,5327206.5,4463318.0,5402708.0,24.9182890625,18.58037516276041,435.2106166666666,166.66666666666666,166.66666666666666,165.0,71.0,349.0,4716.0,348.0,885.0,0.0,0.0
0.0,1.0,1.0,0.0,0.0,0.0,1.0,0.0,0.0,0.0,0.0,0.0,1.0,0.0,4.0,9.0,0.0,4458607.0,5401985.0,4518189.5,5322501.0,4457733.5,5405147.5,5.55087890625,5.256285095214844,30.43464833333333,166.66666666666666,166.66666666666666,345.0,229.0,213.0,4721.0,144.0,633.0,0.0,4.0
0.0,1.0,0.0,1.0,0.0,0.0,1.0,0.0,0.0,0.0,0.0,0.0,1.0,0.0,7.0,9.0,0.0,4461068.0,5400144.0,4418778.5,5355897.5,4455504.5,5405034.5,4.72946240234375,6.699954223632813,37.280321666666666,166.66666666666666,166.66666666666666,199.0,324.0,350.0,944.0,165.0,816.0,0.0,5.0
0.0,1.0,0.0,1.0,1.0,0.0,0.0,0.0,0.0,0.0,0.0,0.0,1.0,0.0,3.0,9.0,0.0,4459664.5,5403758.5,4409699.5,5343685.0,4457450.5,5405207.5,4.52989892578125,6.4439758300781245,29.22152833333333,26.891025,166.66666666666666,188.0,304.0,235.0,635.0,144.0,796.0,0.0,5.0
0.0,1.0,1.0,0.0,0.0,0.0,1.0,0.0,0.0,0.0,0.0,0.0,1.0,0.0,3.0,7.0,2.0,4451928.5,5402085.0,4402610.5,5381422.0,4452877.0,5404303.5,2.151693603515625,3.5259371439615883,0.6871630999999999,166.66666666666666,166.66666666666666,176.0,180.0,102.0,429.0,164.0,1037.0,0.0,5.0
0.0,1.0,1.0,0.0,0.0,0.0,1.0,0.0,0.0,0.0,0.0,0.0,1.0,0.0,3.0,7.0,2.0,4451928.5,5402085.0,4402610.5,5381422.0,4452877.0,5404303.5,12.143423828125,13.041068522135417,38.15137166666667,166.66666666666666,166.66666666666666,176.0,118.0,102.0,429.0,164.0,857.0,0.0,4.0
0.0,1.0,1.0,0.0,0.0,0.0,1.0,0.0,0.0,0.0,0.0,0.0,1.0,0.0,3.0,7.0,2.0,4451928.5,5402085.0,4402610.5,5381422.0,4452877.0,5404303.5,2.009337646484375,2.924352010091146,4.511185,166.66666666666666,166.66666666666666,176.0,174.0,102.0,429.0,164.0,857.0,0.0,1.0
0.0,1.0,1.0,0.0,0.0,0.0,1.0,0.0,0.0,0.0,0.0,0.0,1.0,0.0,5.0,8.0,1.0,4457276.0,5400100.5,4436821.5,5300754.5,4453228.0,5403351.5,8.86874609375,10.80534159342448,49.58238333333334,166.66666666666666,166.66666666666666,101.0,227.0,313.0,2524.0,164.0,947.0,0.0,1.0
0.0,1.0,0.0,1.0,1.0,0.0,0.0,0.0,0.0,0.0,0.0,0.0,1.0,0.0,2.0,9.0,2.0,4460176.0,5405555.0,4414113.5,5362274.5,4458883.5,5403964.0,3.226766845703125,4.386344909667969,16.055060833333332,166.66666666666666,166.66666666666666,178.0,141.0,219.0,459.0,231.0,1161.0,0.0,4.0
0.0,1.0,0.0,1.0,1.0,0.0,0.0,0.0,0.0,0.0,0.0,0.0,1.0,0.0,2.0,9.0,2.0,4460176.0,5405555.0,4414113.5,5362274.5,4458883.5,5403964.0,17.750994140625,18.037858072916663,184.8793,166.66666666666666,166.66666666666666,178.0,290.0,219.0,459.0,231.0,917.0,0.0,0.0
1.0,0.0,1.0,0.0,0.0,0.0,1.0,0.0,0.0,0.0,0.0,0.0,1.0,0.0,6.0,8.0,0.0,4456458.5,5404324.0,4463093.5,5333572.5,4452877.0,5404303.5,3.776398681640625,5.604359436035156,11.470426666666668,166.66666666666666,166.66666666666666,323.0,330.0,174.0,2877.0,164.0,661.0,0.0,5.0
0.0,1.0,0.0,1.0,1.0,0.0,0.0,0.0,0.0,0.0,0.0,0.0,1.0,0.0,3.0,9.0,1.0,4455048.5,5403577.5,4409332.5,5363840.5,4461512.0,5401904.5,11.237408203125,9.36954345703125,166.66666666666666,166.66666666666666,166.66666666666666,249.0,123.0,154.0,461.0,253.0,1240.0,0.0,5.0
1.0,0.0,1.0,0.0,0.0,0.0,1.0,0.0,0.0,0.0,0.0,0.0,1.0,0.0,0.0,0.0,0.0,4458794.0,5399958.0,4458442.5,5401239.5,4457325.5,5404596.5,9.7874970703125,10.486918131510416,41.4869,166.66666666666666,166.66666666666666,314.0,286.0,324.0,309.0,184.0,709.0,0.0,0.0
1.0,0.0,1.0,0.0,0.0,0.0,1.0,0.0,0.0,0.0,0.0,0.0,1.0,0.0,0.0,0.0,0.0,4458794.0,5399958.0,4458442.5,5401239.5,4457325.5,5404596.5,2.828550537109375,4.559078470865885,18.056721666666665,166.66666666666666,166.66666666666666,245.0,349.0,324.0,309.0,184.0,674.0,0.0,5.0
0.0,1.0,0.0,1.0,1.0,0.0,0.0,0.0,0.0,0.0,0.0,0.0,1.0,0.0,4.0,9.0,1.0,4461002.5,5400458.0,4467137.5,5341433.0,4461580.5,5401514.0,2.0512060546875,2.826416778564453,5.928111333333334,166.66666666666666,166.66666666666666,212.0,317.0,350.0,1765.0,347.0,775.0,0.0,5.0
1.0,0.0,0.0,1.0,1.0,0.0,0.0,0.0,0.0,0.0,0.0,0.0,1.0,0.0,0.0,7.0,1.0,4450749.0,5404476.0,4443350.5,5376516.5,4455879.0,5404410.0,3.64198193359375,5.226698303222657,4.85383,166.66666666666666,166.66666666666666,164.0,180.0,98.0,1140.0,167.0,887.0,0.0,5.0
0.0,1.0,1.0,0.0,0.0,1.0,0.0,0.0,0.0,0.0,0.0,0.0,1.0,0.0,1.0,0.0,1.0,4456405.0,5404276.0,4456360.5,5407332.0,4457826.0,5405353.0,1.300009521484375,1.7502391815185547,166.66666666666666,166.66666666666666,166.66666666666666,198.0,207.0,171.0,137.0,144.0,988.0,0.0,5.0
0.0,1.0,1.0,0.0,0.0,1.0,0.0,0.0,0.0,0.0,0.0,0.0,1.0,0.0,1.0,0.0,1.0,4456405.0,5404276.0,4456360.5,5407332.0,4457826.0,5405353.0,4.3329384765625,6.3660334269205725,26.13140833333333,166.66666666666666,166.66666666666666,178.0,303.0,171.0,137.0,144.0,997.0,0.0,0.0
0.0,1.0,1.0,0.0,0.0,0.0,1.0,0.0,0.0,0.0,0.0,0.0,1.0,0.0,2.0,9.0,1.0,4457839.5,5398163.5,4465625.0,5333147.0,4457070.5,5405721.5,2.777834228515625,3.8470433553059897,17.540161666666666,166.66666666666666,166.66666666666666,331.0,320.0,336.0,3479.0,140.0,772.0,0.0,1.0
1.0,0.0,1.0,0.0,0.0,0.0,1.0,0.0,0.0,0.0,0.0,0.0,1.0,0.0,0.0,3.0,1.0,4458703.0,5401813.0,4465466.5,5335822.5,4457171.5,5405001.5,2.275959716796875,3.349250030517578,11.566666666666666,166.66666666666666,166.66666666666666,155.0,169.0,213.0,3258.0,143.0,435.0,0.0,5.0
1.0,0.0,1.0,0.0,0.0,0.0,1.0,0.0,0.0,0.0,0.0,0.0,1.0,0.0,3.0,9.0,0.0,4456891.0,5404886.5,4462210.0,5337703.0,4461490.5,5401836.0,2.9271142578125,4.249655151367188,6.019587166666667,166.66666666666666,166.66666666666666,204.0,152.0,173.0,1523.0,253.0,1201.0,0.0,0.0
1.0,0.0,1.0,0.0,0.0,0.0,1.0,0.0,0.0,0.0,0.0,0.0,1.0,0.0,3.0,9.0,0.0,4456891.0,5404886.5,4462210.0,5337703.0,4461490.5,5401836.0,1.0612657470703126,1.634625244140625,166.66666666666666,166.66666666666666,166.66666666666666,204.0,207.0,173.0,1523.0,253.0,1026.0,0.0,5.0
1.0,0.0,1.0,0.0,0.0,0.0,1.0,0.0,0.0,0.0,0.0,0.0,1.0,0.0,3.0,9.0,0.0,4456891.0,5404886.5,4462210.0,5337703.0,4461490.5,5401836.0,4.913912109375,6.885265604654948,11.517381666666669,166.66666666666666,166.66666666666666,204.0,314.0,173.0,1523.0,253.0,704.0,0.0,5.0
1.0,0.0,0.0,1.0,0.0,1.0,0.0,0.0,0.0,0.0,0.0,0.0,1.0,0.0,0.0,0.0,1.0,4462800.5,5403881.0,4451769.0,5352224.5,4460036.0,5404527.0,0.6412667846679687,1.4499149322509766,166.66666666666666,166.66666666666666,166.66666666666666,208.0,207.0,254.0,1241.0,227.0,1219.0,0.0,0.0
1.0,0.0,0.0,1.0,0.0,1.0,0.0,0.0,0.0,0.0,0.0,0.0,1.0,0.0,0.0,0.0,3.0,4460191.0,5405685.0,4503569.0,5322148.0,4457452.0,5405038.5,5.11836962890625,8.226424153645834,15.226255,166.66666666666666,166.66666666666666,110.0,147.0,219.0,4711.0,144.0,730.0,0.0,5.0
1.0,0.0,0.0,1.0,0.0,1.0,0.0,0.0,0.0,0.0,0.0,0.0,1.0,0.0,0.0,0.0,3.0,4460191.0,5405685.0,4503569.0,5322148.0,4457452.0,5405038.5,18.654619140625,14.026565551757812,254.51783333333333,205.51783333333333,166.66666666666666,110.0,14.0,219.0,4711.0,144.0,463.0,0.0,1.0
1.0,0.0,0.0,1.0,0.0,1.0,0.0,0.0,0.0,0.0,0.0,0.0,1.0,0.0,0.0,0.0,3.0,4460191.0,5405685.0,4503569.0,5322148.0,4457452.0,5405038.5,1.893465698242188,2.8148717244466144,19.736535,166.66666666666666,166.66666666666666,110.0,130.0,219.0,4711.0,144.0,1132.0,0.0,2.0
0.0,1.0,0.0,1.0,1.0,0.0,0.0,0.0,0.0,0.0,0.0,0.0,1.0,0.0,3.0,9.0,1.0,4458030.5,5400508.0,4489023.0,5348164.0,4460176.0,5404504.0,2.4166044921875,4.5669708251953125,14.017176666666668,166.66666666666666,166.66666666666666,205.0,237.0,312.0,1673.0,228.0,1020.0,0.0,4.0
0.0,1.0,0.0,1.0,1.0,0.0,0.0,0.0,0.0,0.0,0.0,0.0,1.0,0.0,3.0,9.0,1.0,4458030.5,5400508.0,4489023.0,5348164.0,4460176.0,5404504.0,2.76934423828125,4.1381080627441404,10.034836666666669,166.66666666666666,166.66666666666666,205.0,315.0,312.0,1673.0,228.0,871.0,0.0,5.0
0.0,1.0,1.0,0.0,0.0,0.0,1.0,0.0,0.0,0.0,0.0,0.0,1.0,0.0,2.0,9.0,0.0,4454710.5,5404054.0,4453626.5,5339662.0,4454886.0,5404040.5,3.226203369140625,4.1492055257161455,22.511185,166.66666666666666,166.66666666666666,163.0,174.0,149.0,1395.0,152.0,1049.0,0.0,1.0
0.0,1.0,1.0,0.0,0.0,0.0,1.0,0.0,0.0,0.0,0.0,0.0,1.0,0.0,2.0,9.0,0.0,4454710.5,5404054.0,4453626.5,5339662.0,4454886.0,5404040.5,1.387705810546875,3.116426595052084,45.85901666666667,166.66666666666666,166.66666666666666,163.0,161.0,149.0,1395.0,152.0,961.0,0.0,1.0
1.0,0.0,1.0,0.0,0.0,0.0,1.0,0.0,0.0,0.0,0.0,0.0,1.0,0.0,0.0,0.0,1.0,4459086.0,5402287.0,4468229.5,5332457.5,4457660.5,5405507.5,3.90775927734375,5.47637939453125,21.00790333333333,166.66666666666666,166.66666666666666,303.0,225.0,245.0,3571.0,144.0,974.0,0.0,5.0
1.0,0.0,1.0,0.0,0.0,0.0,1.0,0.0,0.0,0.0,0.0,0.0,1.0,0.0,0.0,0.0,1.0,4459086.0,5402287.0,4468229.5,5332457.5,4457660.5,5405507.5,5.72156640625,7.649999999999999,23.068621666666665,166.66666666666666,166.66666666666666,303.0,160.0,245.0,3571.0,144.0,678.0,0.0,5.0
0.0,1.0,1.0,0.0,0.0,0.0,1.0,0.0,0.0,0.0,0.0,0.0,1.0,0.0,5.0,8.0,0.0,4455492.5,5403641.5,4537355.0,5388171.0,4458724.0,5403978.5,3.040885009765625,4.261871083577474,6.6306183333333335,166.66666666666666,166.66666666666666,180.0,225.0,155.0,2247.0,197.0,679.0,0.0,5.0
0.0,1.0,0.0,1.0,0.0,0.0,1.0,0.0,0.0,0.0,0.0,0.0,1.0,0.0,5.0,9.0,0.0,4457670.5,5402909.0,4468968.5,5348940.5,4463475.5,5402807.5,1.1665732421875,2.2098902384440104,2.816009833333333,166.66666666666666,166.66666666666666,205.0,204.0,205.0,1690.0,348.0,1005.0,0.0,5.0
0.0,1.0,0.0,1.0,0.0,0.0,1.0,0.0,0.0,0.0,0.0,0.0,1.0,0.0,5.0,9.0,0.0,4457670.5,5402909.0,4468968.5,5348940.5,4463475.5,5402807.5,13.4618203125,12.77256571451823,32.89823,166.66666666666666,166.66666666666666,205.0,377.0,205.0,1690.0,348.0,692.0,0.0,5.0
0.0,1.0,0.0,1.0,0.0,0.0,1.0,0.0,0.0,0.0,0.0,0.0,1.0,0.0,5.0,9.0,0.0,4457670.5,5402909.0,4468968.5,5348940.5,4463475.5,5402807.5,5.85304833984375,5.612670389811198,20.781265,166.66666666666666,166.66666666666666,224.0,255.0,205.0,1690.0,348.0,1022.0,0.0,4.0
0.0,1.0,0.0,1.0,0.0,0.0,1.0,0.0,0.0,0.0,0.0,0.0,1.0,0.0,5.0,9.0,0.0,4457670.5,5402909.0,4468968.5,5348940.5,4463475.5,5402807.5,11.38091796875,12.572947184244793,47.75595,166.66666666666666,166.66666666666666,205.0,327.0,205.0,1690.0,348.0,954.0,0.0,1.0
1.0,0.0,0.0,1.0,0.0,1.0,0.0,0.0,0.0,0.0,0.0,0.0,1.0,0.0,0.0,0.0,3.0,4459116.5,5400415.0,4521931.5,5396937.5,4454710.0,5404075.5,4.57414013671875,6.431466674804687,22.317606666666663,166.66666666666666,166.66666666666666,184.0,244.0,343.0,2043.0,149.0,892.0,0.0,2.0
0.0,1.0,0.0,1.0,1.0,0.0,0.0,0.0,0.0,0.0,0.0,0.0,1.0,0.0,2.0,9.0,2.0,4451986.5,5402551.5,4514916.5,5394432.5,4458895.0,5401307.5,9.817205078125,12.704510498046876,59.34109333333333,166.66666666666666,166.66666666666666,299.0,115.0,99.0,2040.0,339.0,1018.0,0.0,2.0
0.0,1.0,1.0,0.0,1.0,0.0,0.0,0.0,0.0,0.0,0.0,0.0,1.0,0.0,4.0,9.0,0.0,4459136.5,5402318.5,4415298.5,5379521.5,4457305.5,5404950.5,20.24648828125,18.887418619791667,84.60226666666668,71.398445,166.66666666666666,299.0,29.0,245.0,470.0,144.0,671.0,0.0,0.0
0.0,1.0,0.0,1.0,0.0,1.0,0.0,0.0,0.0,0.0,0.0,0.0,1.0,0.0,1.0,0.0,1.0,4455878.5,5407487.0,4424015.5,5348046.5,4457452.0,5405038.5,7.7048779296875,10.87000732421875,166.66666666666666,166.66666666666666,166.66666666666666,323.0,149.0,136.0,1062.0,144.0,1209.0,0.0,1.0
1.0,0.0,1.0,0.0,0.0,0.0,1.0,0.0,0.0,0.0,0.0,0.0,1.0,0.0,5.0,7.0,1.0,4456674.5,5397317.5,4458422.0,5335014.5,4461512.0,5401904.5,2.730758056640625,3.9137201944986977,14.672751666666668,166.66666666666666,166.66666666666666,195.0,236.0,332.0,2639.0,253.0,734.0,0.0,4.0
1.0,0.0,1.0,0.0,0.0,0.0,1.0,0.0,0.0,0.0,0.0,0.0,1.0,0.0,5.0,7.0,1.0,4456674.5,5397317.5,4458422.0,5335014.5,4461512.0,5401904.5,26.7628046875,29.31877237955729,284.6068,166.66666666666666,166.66666666666666,195.0,288.0,332.0,2639.0,253.0,675.0,0.0,
0.0,1.0,0.0,1.0,1.0,0.0,0.0,0.0,0.0,0.0,0.0,0.0,1.0,0.0,2.0,9.0,0.0,4459743.5,5401689.0,4473235.5,5328569.5,4458015.5,5402917.0,5.1762275390625,6.727664184570313,95.09257833333332,166.66666666666666,166.66666666666666,124.0,254.0,340.0,4194.0,205.0,1056.0,0.0,1.0
0.0,1.0,1.0,0.0,1.0,0.0,0.0,0.0,0.0,0.0,0.0,0.0,1.0,0.0,2.0,9.0,1.0,4458228.5,5401629.5,4468964.5,5338088.0,4456427.5,5406291.5,4.27509765625,5.939363098144531,15.21736,166.66666666666666,166.66666666666666,200.0,216.0,307.0,1926.0,140.0,710.0,0.0,5.0
1.0,0.0,0.0,1.0,0.0,1.0,0.0,0.0,0.0,0.0,0.0,0.0,1.0,0.0,0.0,0.0,1.0,4459074.0,5401739.5,4508580.5,5302537.5,4457005.0,5401373.5,10.0937646484375,8.472689310709635,61.34019333333333,166.66666666666666,166.66666666666666,247.0,117.0,247.0,4793.0,297.0,1114.0,0.0,1.0
1.0,0.0,0.0,1.0,0.0,1.0,0.0,0.0,0.0,0.0,0.0,0.0,1.0,0.0,0.0,0.0,1.0,4459074.0,5401739.5,4508580.5,5302537.5,4457005.0,5401373.5,5.04729638671875,6.866712951660156,21.81562166666667,166.66666666666666,166.66666666666666,247.0,321.0,247.0,4793.0,297.0,474.0,0.0,1.0
0.0,1.0,1.0,0.0,0.0,0.0,1.0,0.0,0.0,0.0,0.0,0.0,1.0,0.0,2.0,9.0,1.0,4458940.0,5401076.0,4456047.0,5298977.5,4455976.5,5398594.5,6.04120458984375,8.152773030598958,3.1297151666666663,166.66666666666666,166.66666666666666,139.0,142.0,339.0,4546.0,321.0,1256.0,0.0,4.0
0.0,1.0,1.0,0.0,0.0,0.0,1.0,0.0,0.0,0.0,0.0,0.0,1.0,0.0,2.0,9.0,1.0,4458940.0,5401076.0,4456047.0,5298977.5,4455976.5,5398594.5,38.36731640625,29.54923706054688,140.0,228.0959,166.66666666666666,139.0,76.0,339.0,4546.0,321.0,785.0,0.0,0.0
0.0,1.0,1.0,0.0,0.0,0.0,1.0,0.0,0.0,0.0,0.0,0.0,1.0,0.0,2.0,9.0,1.0,4458940.0,5401076.0,4456047.0,5298977.5,4455976.5,5398594.5,9.8172001953125,13.76559855143229,365.7320666666666,166.66666666666666,166.66666666666666,139.0,112.0,339.0,4546.0,321.0,1059.0,0.0,5.0
1.0,0.0,0.0,1.0,0.0,1.0,0.0,0.0,0.0,0.0,0.0,0.0,1.0,0.0,0.0,0.0,1.0,4454194.0,5404034.0,4412539.5,5348394.5,4456996.5,5401443.0,10.987240234375,12.178662109375,166.66666666666666,166.66666666666666,166.66666666666666,149.0,255.0,148.0,619.0,297.0,806.0,0.0,0.0
0.0,1.0,1.0,0.0,0.0,0.0,1.0,0.0,0.0,0.0,0.0,0.0,1.0,0.0,4.0,0.0,0.0,4455727.0,5407790.0,4494478.0,5354725.5,4452121.5,5402351.5,2.2153994140625,3.027109018961589,32.306145,166.66666666666666,166.66666666666666,196.0,201.0,134.0,2312.0,101.0,1143.0,0.0,1.0
0.0,1.0,1.0,0.0,0.0,0.0,1.0,0.0,0.0,0.0,0.0,0.0,1.0,0.0,4.0,0.0,0.0,4455727.0,5407790.0,4494478.0,5354725.5,4452121.5,5402351.5,3.69214501953125,4.879698689778646,12.443275,166.66666666666666,166.66666666666666,204.0,151.0,134.0,2312.0,101.0,979.0,0.0,1.0
0.0,1.0,1.0,0.0,0.0,0.0,1.0,0.0,0.0,0.0,0.0,0.0,1.0,0.0,4.0,0.0,0.0,4455727.0,5407790.0,4494478.0,5354725.5,4452121.5,5402351.5,3.3298857421875,4.979685465494792,14.5539825,166.66666666666666,166.66666666666666,207.0,235.0,134.0,2312.0,101.0,788.0,0.0,1.0
1.0,0.0,1.0,0.0,0.0,0.0,1.0,0.0,0.0,0.0,0.0,0.0,1.0,0.0,5.0,0.0,1.0,4454470.0,5404704.5,4439818.5,5345211.5,4459836.5,5400104.5,0.2868170166015625,0.5366729736328125,8.605073333333333,166.66666666666666,166.66666666666666,184.0,184.0,147.0,1084.0,345.0,720.0,0.0,0.0
0.0,1.0,1.0,0.0,0.0,0.0,1.0,0.0,0.0,0.0,0.0,0.0,1.0,0.0,2.0,8.0,0.0,4454910.5,5403389.0,4450084.5,5340858.0,4457496.5,5405144.0,24.64492578125,19.66618448893229,57.11014,166.66666666666666,166.66666666666666,324.0,1107.0,154.0,1325.0,144.0,643.0,0.0,1.0
0.0,1.0,1.0,0.0,0.0,0.0,1.0,0.0,0.0,0.0,0.0,0.0,1.0,0.0,2.0,8.0,0.0,4454910.5,5403389.0,4450084.5,5340858.0,4457496.5,5405144.0,7.0940712890625,9.179385375976562,39.809095,166.66666666666666,166.66666666666666,143.0,132.0,154.0,1325.0,144.0,1030.0,0.0,5.0
0.0,1.0,1.0,0.0,0.0,0.0,1.0,0.0,0.0,0.0,0.0,0.0,1.0,0.0,2.0,8.0,0.0,4454910.5,5403389.0,4450084.5,5340858.0,4457496.5,5405144.0,3.243633544921875,4.669830322265625,21.08582833333333,166.66666666666666,166.66666666666666,147.0,142.0,154.0,1325.0,144.0,600.0,0.0,0.0
1.0,0.0,1.0,0.0,0.0,1.0,0.0,0.0,0.0,0.0,0.0,0.0,1.0,0.0,0.0,0.0,2.0,4455713.0,5403180.5,4421945.0,5358256.0,4461512.0,5401904.5,3.067449951171875,4.059075419108073,18.458311666666667,166.66666666666666,166.66666666666666,218.0,187.0,200.0,893.0,253.0,1201.0,0.0,5.0
1.0,0.0,1.0,0.0,0.0,1.0,0.0,0.0,0.0,0.0,0.0,0.0,1.0,0.0,0.0,0.0,2.0,4455713.0,5403180.5,4421945.0,5358256.0,4461512.0,5401904.5,5.0154814453125,7.246531677246094,26.96606,166.66666666666666,166.66666666666666,172.0,303.0,200.0,893.0,253.0,915.0,0.0,2.0
1.0,0.0,1.0,0.0,0.0,1.0,0.0,0.0,0.0,0.0,0.0,0.0,1.0,0.0,0.0,0.0,2.0,4455713.0,5403180.5,4421945.0,5358256.0,4461512.0,5401904.5,2.918460693359375,4.00900395711263,10.89512,166.66666666666666,166.66666666666666,172.0,198.0,200.0,893.0,253.0,998.0,0.0,5.0
0.0,1.0,0.0,1.0,0.0,0.0,1.0,0.0,0.0,0.0,0.0,0.0,1.0,0.0,5.0,9.0,1.0,4451967.5,5402133.5,4417336.0,5361084.0,4461300.0,5401206.0,2.690431884765625,4.5069224039713545,8.335876666666667,166.66666666666666,166.66666666666666,305.0,205.0,100.0,715.0,347.0,117.0,0.0,5.0
0.0,1.0,0.0,1.0,0.0,0.0,1.0,0.0,0.0,0.0,0.0,0.0,1.0,0.0,5.0,9.0,1.0,4451967.5,5402133.5,4417336.0,5361084.0,4461300.0,5401206.0,1.23269384765625,1.9783360799153649,3.9457016666666656,166.66666666666666,166.66666666666666,305.0,315.0,100.0,715.0,347.0,490.0,0.0,5.0
0.0,1.0,0.0,1.0,0.0,0.0,1.0,0.0,0.0,0.0,0.0,0.0,1.0,0.0,5.0,9.0,1.0,4451967.5,5402133.5,4417336.0,5361084.0,4461300.0,5401206.0,21.12096875,19.91616414388021,41.973,38.973,166.66666666666666,305.0,104.0,100.0,715.0,347.0,700.0,0.0,0.0
0.0,1.0,1.0,0.0,0.0,0.0,1.0,0.0,0.0,0.0,0.0,0.0,1.0,0.0,4.0,9.0,1.0,4459457.0,5399934.0,4419102.5,5360060.5,4458600.0,5404749.0,9.434578125,10.408931477864584,33.64580333333333,166.66666666666666,166.66666666666666,255.0,170.0,349.0,807.0,189.0,1058.0,0.0,0.0
0.0,1.0,1.0,0.0,1.0,0.0,0.0,0.0,0.0,0.0,0.0,0.0,1.0,0.0,1.0,9.0,1.0,4458914.0,5406512.0,4417964.5,5359701.5,4452877.0,5404303.5,1.318300537109375,2.2714571634928387,0.6871630999999999,166.66666666666666,166.66666666666666,204.0,180.0,139.0,785.0,164.0,935.0,0.0,5.0
0.0,1.0,1.0,0.0,0.0,0.0,1.0,0.0,0.0,0.0,0.0,0.0,1.0,0.0,2.0,9.0,0.0,4457647.0,5402601.5,4414230.5,5357645.0,4459663.5,5404151.5,4.21203564453125,6.074008178710938,14.685371666666668,166.66666666666666,166.66666666666666,319.0,209.0,206.0,924.0,229.0,865.0,0.0,5.0
1.0,0.0,1.0,0.0,0.0,0.0,1.0,0.0,0.0,0.0,0.0,0.0,1.0,0.0,0.0,0.0,1.0,4457526.5,5400628.5,4457272.5,5329781.0,4455976.5,5398594.5,1.385430419921875,2.578400675455729,0.6871630999999999,166.66666666666666,166.66666666666666,172.0,180.0,311.0,2973.0,321.0,821.0,0.0,5.0
1.0,0.0,1.0,0.0,0.0,0.0,1.0,0.0,0.0,0.0,0.0,0.0,1.0,0.0,0.0,0.0,1.0,4457526.5,5400628.5,4457272.5,5329781.0,4455976.5,5398594.5,5.55708642578125,8.515118408203126,42.61922166666667,166.66666666666666,166.66666666666666,139.0,132.0,311.0,2973.0,321.0,1145.0,0.0,2.0
1.0,0.0,1.0,0.0,0.0,0.0,1.0,0.0,0.0,0.0,0.0,0.0,1.0,0.0,0.0,0.0,1.0,4459710.0,5401109.5,4483929.5,5348911.0,4456873.0,5401342.0,1.6700657958984375,2.186912027994792,4.835043833333333,166.66666666666666,166.66666666666666,198.0,234.0,340.0,1669.0,297.0,1006.0,0.0,1.0
1.0,0.0,1.0,0.0,0.0,0.0,1.0,0.0,0.0,0.0,0.0,0.0,1.0,0.0,0.0,0.0,1.0,4459710.0,5401109.5,4483929.5,5348911.0,4456873.0,5401342.0,24.713982421875,18.076558430989586,235.24235,225.24235,166.66666666666666,254.0,74.0,340.0,1669.0,297.0,969.0,0.0,1.0
0.0,1.0,1.0,0.0,1.0,0.0,0.0,0.0,0.0,0.0,0.0,0.0,1.0,0.0,5.0,9.0,0.0,4457924.0,5404268.5,4497397.5,5326905.5,4457660.5,5405507.5,8.483509765625,10.389253743489585,28.22591,166.66666666666666,166.66666666666666,306.0,254.0,187.0,4650.0,144.0,1247.0,0.0,5.0
0.0,1.0,1.0,0.0,1.0,0.0,0.0,0.0,0.0,0.0,0.0,0.0,1.0,0.0,5.0,9.0,0.0,4457924.0,5404268.5,4497397.5,5326905.5,4457660.5,5405507.5,5.6845507812500005,7.991313680013021,15.751841666666666,166.66666666666666,166.66666666666666,306.0,167.0,187.0,4650.0,144.0,736.0,0.0,5.0
0.0,1.0,1.0,0.0,1.0,0.0,0.0,0.0,0.0,0.0,0.0,0.0,1.0,0.0,5.0,9.0,0.0,4457924.0,5404268.5,4497397.5,5326905.5,4457660.5,5405507.5,5.762076171875,7.609104919433594,20.074901666666666,166.66666666666666,166.66666666666666,21.0,274.0,187.0,4650.0,144.0,871.0,0.0,5.0
0.0,1.0,1.0,0.0,1.0,0.0,0.0,0.0,0.0,0.0,0.0,0.0,1.0,0.0,3.0,9.0,1.0,4456525.5,5404487.5,4490009.0,5316480.5,4458063.5,5402470.0,2.135206298828125,3.157214609781901,2.8942848333333333,166.66666666666666,166.66666666666666,218.0,225.0,174.0,4478.0,210.0,996.0,0.0,5.0
0.0,1.0,1.0,0.0,1.0,0.0,0.0,0.0,0.0,0.0,0.0,0.0,1.0,0.0,3.0,9.0,1.0,4456525.5,5404487.5,4490009.0,5316480.5,4458063.5,5402470.0,1.0436751708984375,1.8581799825032552,8.024036666666667,166.66666666666666,166.66666666666666,307.0,312.0,174.0,4478.0,210.0,1035.0,0.0,5.0
0.0,1.0,1.0,0.0,1.0,0.0,0.0,0.0,0.0,0.0,0.0,0.0,1.0,0.0,3.0,9.0,1.0,4456525.5,5404487.5,4490009.0,5316480.5,4458063.5,5402470.0,3.6788344726562494,5.524462890625,11.47932,166.66666666666666,166.66666666666666,307.0,180.0,174.0,4478.0,210.0,802.0,0.0,5.0
1.0,0.0,1.0,0.0,0.0,1.0,0.0,0.0,0.0,0.0,0.0,0.0,1.0,0.0,0.0,0.0,0.0,4459493.0,5403796.0,4497975.5,5323508.5,4457372.5,5404651.0,2.566437744140625,4.047411092122395,22.031175,166.66666666666666,166.66666666666666,340.0,243.0,232.0,4658.0,184.0,793.0,0.0,1.0
1.0,0.0,0.0,1.0,0.0,0.0,1.0,0.0,0.0,0.0,0.0,0.0,1.0,0.0,0.0,0.0,0.0,4454136.5,5404849.5,4484046.5,5329762.0,4461512.0,5401904.5,22.96678515625,20.537408447265623,110.91674,166.66666666666666,166.66666666666666,273.0,355.0,147.0,4381.0,253.0,837.0,0.0,0.0
1.0,0.0,0.0,1.0,0.0,0.0,1.0,0.0,0.0,0.0,0.0,0.0,1.0,0.0,0.0,0.0,0.0,4454136.5,5404849.5,4484046.5,5329762.0,4461512.0,5401904.5,7.04461865234375,7.367374165852865,30.486901666666665,166.66666666666666,166.66666666666666,329.0,286.0,147.0,4381.0,253.0,1172.0,0.0,1.0
0.0,1.0,0.0,1.0,1.0,0.0,0.0,0.0,0.0,0.0,0.0,0.0,1.0,0.0,2.0,9.0,0.0,4457191.0,5400274.5,4500096.0,5335565.0,4458469.5,5400448.0,7.452205078125,8.106312561035157,17.776651666666666,166.66666666666666,166.66666666666666,253.0,242.0,302.0,4637.0,318.0,706.0,0.0,1.0
0.0,1.0,0.0,1.0,1.0,0.0,0.0,0.0,0.0,0.0,0.0,0.0,1.0,0.0,2.0,9.0,0.0,4457191.0,5400274.5,4500096.0,5335565.0,4458469.5,5400448.0,6.8041494140625005,9.237576293945311,28.358228333333333,166.66666666666666,166.66666666666666,253.0,184.0,302.0,4637.0,318.0,671.0,0.0,4.0
0.0,1.0,1.0,0.0,0.0,0.0,1.0,0.0,0.0,0.0,0.0,0.0,1.0,0.0,2.0,9.0,0.0,4461784.5,5403698.5,4491745.5,5326219.0,4458064.0,5405052.5,6.62465478515625,11.600407918294271,15.576249166666663,166.66666666666666,166.66666666666666,102.0,178.0,242.0,4642.0,145.0,906.0,0.0,4.0
0.0,1.0,1.0,0.0,0.0,1.0,0.0,0.0,0.0,0.0,0.0,0.0,1.0,0.0,1.0,9.0,1.0,4456457.5,5400282.5,4485643.5,5339847.5,4458636.5,5401516.0,10.34391796875,11.960317993164065,36.862051666666666,166.66666666666666,166.66666666666666,363.0,320.0,301.0,2009.0,308.0,794.0,0.0,5.0
0.0,1.0,0.0,1.0,1.0,0.0,0.0,0.0,0.0,0.0,0.0,0.0,1.0,0.0,3.0,9.0,1.0,4457457.5,5397572.5,4482873.5,5329699.5,4451863.5,5402680.0,1.3302152099609377,1.9134109497070315,25.641686666666665,166.66666666666666,166.66666666666666,225.0,145.0,333.0,4384.0,99.0,738.0,0.0,2.0
0.0,1.0,0.0,1.0,0.0,0.0,1.0,0.0,0.0,0.0,0.0,0.0,1.0,0.0,4.0,6.0,2.0,4447223.0,5403606.0,4474928.5,5417900.0,4452877.0,5404303.5,3.950907470703125,5.587630208333334,22.99752,166.66666666666666,166.66666666666666,237.0,303.0,97.0,84.0,164.0,960.0,0.0,1.0
0.0,1.0,1.0,0.0,0.0,0.0,1.0,0.0,0.0,0.0,0.0,0.0,1.0,0.0,1.0,6.0,0.0,4454854.0,5403532.5,4448395.5,5407629.0,4461146.5,5401335.5,9.1805087890625,8.172041320800782,21.13731333333333,166.66666666666666,166.66666666666666,354.0,308.0,154.0,91.0,346.0,822.0,0.0,1.0
0.0,1.0,1.0,0.0,0.0,0.0,1.0,0.0,0.0,0.0,0.0,0.0,1.0,0.0,1.0,6.0,0.0,4454854.0,5403532.5,4448395.5,5407629.0,4461146.5,5401335.5,3.09085546875,3.654924011230469,4.554047166666667,166.66666666666666,166.66666666666666,331.0,333.0,154.0,91.0,346.0,1254.0,0.0,2.0
0.0,1.0,0.0,1.0,0.0,0.0,1.0,0.0,0.0,0.0,0.0,0.0,1.0,0.0,3.0,9.0,0.0,4457979.5,5400487.0,4432573.0,5416009.0,4458883.5,5403964.0,11.8716640625,11.09735107421875,41.476978333333335,166.66666666666666,166.66666666666666,304.0,357.0,314.0,11.0,231.0,887.0,0.0,5.0
0.0,1.0,0.0,1.0,0.0,0.0,1.0,0.0,0.0,0.0,0.0,0.0,1.0,0.0,3.0,9.0,0.0,4457979.5,5400487.0,4432573.0,5416009.0,4458883.5,5403964.0,14.7113525390625,14.42384236653646,47.038228333333336,166.66666666666666,166.66666666666666,304.0,113.0,314.0,11.0,231.0,1097.0,0.0,2.0
0.0,1.0,0.0,1.0,0.0,0.0,1.0,0.0,0.0,0.0,0.0,0.0,1.0,0.0,4.0,6.0,2.0,4457585.0,5403287.5,4449885.5,5409490.5,4456264.0,5397403.0,9.0564921875,11.86510213216146,58.441406666666666,166.66666666666666,166.66666666666666,155.0,336.0,204.0,92.0,331.0,1208.0,0.0,1.0
1.0,0.0,1.0,0.0,0.0,1.0,0.0,0.0,0.0,0.0,0.0,0.0,1.0,0.0,0.0,0.0,0.0,4457807.5,5404171.5,4454927.5,5423835.5,4461512.0,5401904.5,8.4554716796875,10.974550374348958,21.603201666666667,166.66666666666666,166.66666666666666,208.0,335.0,187.0,67.0,253.0,819.0,0.0,0.0
0.0,1.0,1.0,0.0,1.0,0.0,0.0,0.0,0.0,0.0,0.0,0.0,1.0,0.0,2.0,9.0,1.0,4454208.0,5404272.0,4473862.0,5412980.0,4461623.5,5401056.0,5.42036083984375,7.795765177408854,26.318258333333333,166.66666666666666,166.66666666666666,307.0,218.0,146.0,88.0,347.0,1075.0,0.0,5.0
0.0,1.0,1.0,0.0,1.0,0.0,0.0,0.0,0.0,0.0,0.0,0.0,1.0,0.0,2.0,9.0,1.0,4454208.0,5404272.0,4473862.0,5412980.0,4461623.5,5401056.0,10.2683544921875,16.44715169270833,33.94437666666667,166.66666666666666,166.66666666666666,307.0,102.0,146.0,88.0,347.0,1048.0,0.0,1.0
1.0,0.0,0.0,1.0,0.0,0.0,1.0,0.0,0.0,0.0,0.0,0.0,1.0,0.0,0.0,0.0,0.0,4455893.0,5399531.5,4427581.5,5415106.0,4460120.5,5404064.0,5.7779736328125,6.237852478027344,80.74544333333333,166.66666666666666,166.66666666666666,294.0,1087.0,319.0,7.0,236.0,828.0,0.0,1.0
0.0,1.0,0.0,1.0,1.0,0.0,0.0,0.0,0.0,0.0,0.0,0.0,1.0,0.0,2.0,9.0,2.0,4456024.0,5403938.5,4456930.0,5410327.0,4461525.0,5401859.5,8.883138671875,10.11243184407552,34.726315,33.106806666666664,166.66666666666666,198.0,125.0,176.0,119.0,253.0,718.0,0.0,4.0
0.0,1.0,0.0,1.0,1.0,0.0,0.0,0.0,0.0,0.0,0.0,0.0,1.0,0.0,2.0,9.0,2.0,4456024.0,5403938.5,4456930.0,5410327.0,4461525.0,5401859.5,15.252443359375,12.076332600911458,46.7012,166.66666666666666,166.66666666666666,331.0,229.0,176.0,119.0,253.0,1057.0,0.0,5.0
0.0,1.0,0.0,1.0,1.0,0.0,0.0,0.0,0.0,0.0,0.0,0.0,1.0,0.0,2.0,9.0,2.0,4456024.0,5403938.5,4456930.0,5410327.0,4461525.0,5401859.5,5.7891347656250005,7.172560628255209,21.879531666666665,166.66666666666666,166.66666666666666,124.0,214.0,176.0,119.0,253.0,1131.0,0.0,1.0
0.0,1.0,0.0,1.0,1.0,0.0,0.0,0.0,0.0,0.0,0.0,0.0,1.0,0.0,3.0,9.0,1.0,4459381.5,5402786.0,4499112.5,5352946.0,4461490.5,5401836.0,17.872708984375,18.37364501953125,44.571155,166.66666666666666,166.66666666666666,175.0,72.0,243.0,2317.0,253.0,740.0,0.0,1.0
0.0,1.0,0.0,1.0,1.0,0.0,0.0,0.0,0.0,0.0,0.0,0.0,1.0,0.0,3.0,9.0,1.0,4459381.5,5402786.0,4499112.5,5352946.0,4461490.5,5401836.0,1.8862894287109373,2.78277104695638,6.870418833333333,166.66666666666666,166.66666666666666,183.0,166.0,243.0,2317.0,253.0,809.0,0.0,1.0
1.0,0.0,0.0,1.0,0.0,1.0,0.0,0.0,0.0,0.0,0.0,0.0,1.0,0.0,0.0,0.0,1.0,4456614.0,5397146.0,4456334.0,5335994.0,4458617.5,5402227.5,2.9612314453125,4.024590810139974,11.796709166666666,166.66666666666666,166.66666666666666,167.0,194.0,334.0,2621.0,211.0,1021.0,0.0,5.0
0.0,1.0,1.0,0.0,1.0,0.0,0.0,0.0,0.0,0.0,0.0,0.0,1.0,0.0,3.0,9.0,1.0,4459954.5,5401310.0,4468573.0,5330104.0,4459757.5,5401899.0,7.276357421875,10.0721923828125,21.299401666666665,166.66666666666666,166.66666666666666,233.0,136.0,340.0,4043.0,249.0,1123.0,0.0,5.0
0.0,1.0,0.0,1.0,0.0,0.0,1.0,0.0,0.0,0.0,0.0,0.0,1.0,0.0,4.0,9.0,1.0,4456699.5,5404610.5,4473301.0,5336214.5,4456233.5,5399144.5,3.415068359375,4.430987548828125,18.033283333333333,166.66666666666666,166.66666666666666,185.0,218.0,172.0,3759.0,321.0,667.0,0.0,1.0
0.0,1.0,0.0,1.0,1.0,0.0,0.0,0.0,0.0,0.0,0.0,0.0,1.0,0.0,2.0,9.0,1.0,4458898.5,5402116.0,4460125.0,5334235.0,4461623.5,5401056.0,2.3844028320312503,3.7553558349609375,9.266023333333331,166.66666666666666,166.66666666666666,194.0,170.0,245.0,2820.0,347.0,1382.0,0.0,5.0
0.0,1.0,0.0,1.0,1.0,0.0,0.0,0.0,0.0,0.0,0.0,0.0,1.0,0.0,2.0,9.0,1.0,4458898.5,5402116.0,4460125.0,5334235.0,4461623.5,5401056.0,5.67669140625,6.560757954915364,36.34109333333333,166.66666666666666,166.66666666666666,197.0,115.0,245.0,2820.0,347.0,566.0,0.0,5.0
0.0,1.0,1.0,0.0,0.0,0.0,1.0,0.0,0.0,0.0,0.0,0.0,1.0,0.0,2.0,9.0,1.0,4458782.0,5398691.5,4464530.0,5330370.5,4456992.5,5405754.5,2.38367431640625,3.6006792704264323,9.315639166666667,166.66666666666666,166.66666666666666,247.0,207.0,326.0,3057.0,140.0,945.0,0.0,5.0
0.0,1.0,1.0,0.0,0.0,0.0,1.0,0.0,0.0,0.0,0.0,0.0,1.0,0.0,2.0,9.0,1.0,4458782.0,5398691.5,4464530.0,5330370.5,4456992.5,5405754.5,2.219524658203125,3.2204411824544272,1.4837951666666669,166.66666666666666,166.66666666666666,354.0,351.0,326.0,3057.0,140.0,636.0,0.0,1.0
0.0,1.0,1.0,0.0,0.0,0.0,1.0,0.0,0.0,0.0,0.0,0.0,1.0,0.0,2.0,9.0,1.0,4458782.0,5398691.5,4464530.0,5330370.5,4456992.5,5405754.5,2.330071533203125,3.7511586507161456,11.163402333333332,166.66666666666666,166.66666666666666,204.0,172.0,326.0,3057.0,140.0,815.0,0.0,5.0
0.0,1.0,1.0,0.0,0.0,0.0,1.0,0.0,0.0,0.0,0.0,0.0,1.0,0.0,2.0,9.0,1.0,4458782.0,5398691.5,4464530.0,5330370.5,4456992.5,5405754.5,0.6013397827148438,0.981694730122884,9.700069166666664,166.66666666666666,166.66666666666666,166.0,172.0,326.0,3057.0,140.0,956.0,0.0,5.0
0.0,1.0,1.0,0.0,0.0,0.0,1.0,0.0,0.0,0.0,0.0,0.0,1.0,0.0,2.0,9.0,1.0,4458782.0,5398691.5,4464530.0,5330370.5,4456992.5,5405754.5,6.79351318359375,9.722365315755209,21.04870833333333,166.66666666666666,166.66666666666666,242.0,178.0,326.0,3057.0,140.0,1199.0,0.0,5.0
0.0,1.0,1.0,0.0,0.0,0.0,1.0,0.0,0.0,0.0,0.0,0.0,1.0,0.0,2.0,9.0,1.0,4458782.0,5398691.5,4464530.0,5330370.5,4456992.5,5405754.5,24.6059765625,18.38214721679688,101.09441,166.66666666666666,166.66666666666666,207.0,70.0,326.0,3057.0,140.0,1025.0,0.0,1.0
0.0,1.0,0.0,1.0,1.0,0.0,0.0,0.0,0.0,0.0,0.0,0.0,1.0,0.0,4.0,9.0,2.0,4460863.0,5403458.0,4439572.5,5373711.5,4458636.5,5401516.0,7.9763369140625,10.791630045572916,28.473955,166.66666666666666,166.66666666666666,172.0,114.0,241.0,533.0,308.0,970.0,0.0,5.0
0.0,1.0,0.0,1.0,1.0,0.0,0.0,0.0,0.0,0.0,0.0,0.0,1.0,0.0,4.0,9.0,2.0,4460863.0,5403458.0,4439572.5,5373711.5,4458636.5,5401516.0,0.4511259765625,0.7779010136922201,3.663400833333333,166.66666666666666,166.66666666666666,174.0,172.0,241.0,533.0,308.0,661.0,0.0,5.0
0.0,1.0,0.0,1.0,0.0,0.0,1.0,0.0,0.0,0.0,0.0,0.0,1.0,0.0,1.0,8.0,1.0,4459590.0,5403499.0,4429370.5,5361331.5,4459581.0,5404390.5,10.89372265625,8.710825602213541,21.73535833333333,166.66666666666666,166.66666666666666,198.0,353.0,234.0,1025.0,226.0,1046.0,0.0,1.0
0.0,1.0,0.0,1.0,0.0,0.0,1.0,0.0,0.0,0.0,0.0,0.0,1.0,0.0,1.0,8.0,1.0,4459590.0,5403499.0,4429370.5,5361331.5,4459581.0,5404390.5,11.6240166015625,11.717200724283854,22.183481666666665,166.66666666666666,166.66666666666666,198.0,121.0,234.0,1025.0,226.0,1002.0,0.0,1.0
0.0,1.0,0.0,1.0,0.0,0.0,1.0,0.0,0.0,0.0,0.0,0.0,1.0,0.0,1.0,8.0,1.0,4459590.0,5403499.0,4429370.5,5361331.5,4459581.0,5404390.5,6.3049765625,8.86601053873698,18.53352333333333,166.66666666666666,166.66666666666666,211.0,148.0,234.0,1025.0,226.0,816.0,0.0,5.0
1.0,0.0,0.0,1.0,0.0,1.0,0.0,0.0,0.0,0.0,0.0,0.0,1.0,0.0,0.0,0.0,1.0,4457990.0,5400632.0,4434058.5,5389570.0,4458474.5,5400413.0,9.13145703125,9.44663594563802,216.0476,166.66666666666666,166.66666666666666,165.0,93.0,312.0,33.0,318.0,976.0,0.0,5.0
1.0,0.0,0.0,1.0,0.0,1.0,0.0,0.0,0.0,0.0,0.0,0.0,1.0,0.0,0.0,0.0,1.0,4457990.0,5400632.0,4434058.5,5389570.0,4458474.5,5400413.0,14.8508310546875,11.94733378092448,33.16986833333333,32.90320166666667,166.66666666666666,224.0,335.0,312.0,33.0,318.0,969.0,0.0,1.0
1.0,0.0,0.0,1.0,0.0,1.0,0.0,0.0,0.0,0.0,0.0,0.0,1.0,0.0,0.0,0.0,1.0,4457990.0,5400632.0,4434058.5,5389570.0,4458474.5,5400413.0,3.50726513671875,5.1863555908203125,2.387916333333333,166.66666666666666,166.66666666666666,199.0,170.0,312.0,33.0,318.0,733.0,0.0,4.0
0.0,1.0,1.0,0.0,0.0,0.0,1.0,0.0,0.0,0.0,0.0,0.0,1.0,0.0,6.0,9.0,0.0,4457766.5,5401708.5,4447611.0,5393670.5,4451787.5,5402630.5,10.995095703125,9.657493082682292,291.5303333333333,166.66666666666666,166.66666666666666,324.0,1108.0,209.0,291.0,99.0,906.0,0.0,4.0
0.0,1.0,1.0,0.0,0.0,0.0,1.0,0.0,0.0,0.0,0.0,0.0,1.0,0.0,6.0,9.0,0.0,4457766.5,5401708.5,4447611.0,5393670.5,4451787.5,5402630.5,2.47358740234375,3.917678833007813,9.957347666666667,166.66666666666666,166.66666666666666,205.0,225.0,209.0,291.0,99.0,886.0,0.0,1.0
0.0,1.0,0.0,1.0,0.0,0.0,1.0,0.0,0.0,0.0,0.0,0.0,1.0,0.0,2.0,9.0,1.0,4454894.0,5403499.0,4456883.5,5308527.0,4458031.0,5401892.5,1.4293319091796874,2.1,0.8700899999999999,166.66666666666666,166.66666666666666,209.0,211.0,154.0,4501.0,209.0,769.0,0.0,5.0
0.0,1.0,0.0,1.0,0.0,0.0,1.0,0.0,0.0,0.0,0.0,0.0,1.0,0.0,2.0,9.0,1.0,4454894.0,5403499.0,4456883.5,5308527.0,4458031.0,5401892.5,1.38144775390625,1.6921143849690754,4.511185,166.66666666666666,166.66666666666666,165.0,174.0,154.0,4501.0,209.0,1090.0,0.0,5.0
0.0,1.0,0.0,1.0,0.0,0.0,1.0,0.0,0.0,0.0,0.0,0.0,1.0,0.0,2.0,9.0,1.0,4454894.0,5403499.0,4456883.5,5308527.0,4458031.0,5401892.5,3.316179443359375,4.660471598307292,17.549133333333334,166.66666666666666,166.66666666666666,172.0,216.0,154.0,4501.0,209.0,1173.0,0.0,5.0
0.0,1.0,0.0,1.0,0.0,0.0,1.0,0.0,0.0,0.0,0.0,0.0,1.0,0.0,2.0,9.0,1.0,4454894.0,5403499.0,4456883.5,5308527.0,4458031.0,5401892.5,18.7344140625,20.600358072916663,47.87590333333333,166.66666666666666,166.66666666666666,310.0,375.0,154.0,4501.0,209.0,722.0,0.0,0.0
0.0,1.0,1.0,0.0,1.0,0.0,0.0,0.0,0.0,0.0,0.0,0.0,1.0,0.0,2.0,9.0,0.0,4462088.0,5404065.0,4460980.0,5350508.5,4459473.0,5404203.0,8.5832294921875,7.941826883951823,26.870006666666665,166.66666666666666,166.66666666666666,353.0,340.0,254.0,1259.0,226.0,728.0,0.0,4.0
0.0,1.0,0.0,1.0,1.0,0.0,0.0,0.0,0.0,0.0,0.0,0.0,1.0,0.0,3.0,9.0,1.0,4457239.0,5399937.0,4519324.0,5370760.0,4458015.5,5402917.0,3.29429345703125,4.716666666666667,13.031406666666667,166.66666666666666,166.66666666666666,198.0,303.0,320.0,2254.0,205.0,696.0,0.0,2.0
0.0,1.0,0.0,1.0,1.0,0.0,0.0,0.0,0.0,0.0,0.0,0.0,1.0,0.0,3.0,9.0,1.0,4457239.0,5399937.0,4519324.0,5370760.0,4458015.5,5402917.0,31.362181640625,21.50054931640625,805.4964166666667,117.52814166666668,166.66666666666666,354.0,1135.0,320.0,2254.0,205.0,1014.0,0.0,1.0
0.0,1.0,0.0,1.0,1.0,0.0,0.0,0.0,0.0,0.0,0.0,0.0,1.0,0.0,3.0,9.0,1.0,4457239.0,5399937.0,4519324.0,5370760.0,4458015.5,5402917.0,3.604591796875,4.852367146809896,19.173656666666663,166.66666666666666,166.66666666666666,198.0,339.0,320.0,2254.0,205.0,1102.0,0.0,2.0
1.0,0.0,1.0,0.0,0.0,0.0,1.0,0.0,0.0,0.0,0.0,0.0,1.0,0.0,0.0,0.0,0.0,4460042.0,5404756.5,4478023.0,5358942.0,4458736.5,5404843.5,2.58099169921875,3.839986165364584,35.12359666666667,166.66666666666666,166.66666666666666,318.0,339.0,227.0,1654.0,189.0,1047.0,0.0,2.0
0.0,1.0,1.0,0.0,0.0,0.0,1.0,0.0,0.0,0.0,0.0,0.0,1.0,0.0,7.0,9.0,0.0,4457613.0,5402916.0,4523500.0,5385453.5,4456639.5,5406040.5,3.060704345703125,4.3231455485026045,18.859016666666665,166.66666666666666,166.66666666666666,198.0,161.0,204.0,2225.0,140.0,970.0,0.0,5.0
0.0,1.0,1.0,0.0,0.0,0.0,1.0,0.0,0.0,0.0,0.0,0.0,1.0,0.0,7.0,9.0,0.0,4457613.0,5402916.0,4523500.0,5385453.5,4456639.5,5406040.5,3.13271240234375,4.19600346883138,18.198093333333333,166.66666666666666,166.66666666666666,222.0,236.0,204.0,2225.0,140.0,974.0,0.0,5.0
0.0,1.0,1.0,0.0,0.0,0.0,1.0,0.0,0.0,0.0,0.0,0.0,1.0,0.0,7.0,9.0,0.0,4457613.0,5402916.0,4523500.0,5385453.5,4456639.5,5406040.5,3.5373486328125,4.81709493001302,7.875109333333333,166.66666666666666,166.66666666666666,189.0,206.0,204.0,2225.0,140.0,898.0,0.0,1.0
0.0,1.0,1.0,0.0,0.0,1.0,0.0,0.0,0.0,0.0,0.0,0.0,1.0,0.0,1.0,8.0,1.0,4459402.0,5404179.5,4468026.0,5370647.5,4460787.0,5401139.5,23.19233984375,18.112422688802084,44.55902833333334,166.66666666666666,166.66666666666666,54.0,99.0,226.0,1199.0,346.0,715.0,0.0,5.0
0.0,1.0,1.0,0.0,0.0,1.0,0.0,0.0,0.0,0.0,0.0,0.0,1.0,0.0,1.0,8.0,1.0,4459402.0,5404179.5,4468026.0,5370647.5,4460787.0,5401139.5,25.499384765625,20.82586873372396,50.27479666666667,52.07454,166.66666666666666,54.0,186.0,226.0,1199.0,346.0,795.0,0.0,1.0
0.0,1.0,0.0,1.0,0.0,0.0,1.0,0.0,0.0,0.0,0.0,0.0,1.0,0.0,7.0,9.0,0.0,4456389.0,5404151.5,4416428.0,5358410.0,4456389.0,5406068.0,13.4602880859375,16.501547241210936,41.85736666666666,166.66666666666666,166.66666666666666,323.0,98.0,171.0,772.0,140.0,863.0,0.0,1.0
1.0,0.0,1.0,0.0,0.0,0.0,1.0,0.0,0.0,0.0,0.0,0.0,1.0,0.0,2.0,9.0,3.0,4458868.0,5399120.0,4512422.5,5379729.0,4461077.0,5400957.0,36.80959765625,27.22752482096354,282.7352166666667,256.68521666666663,166.66666666666666,204.0,395.0,326.0,2146.0,346.0,833.0,0.0,0.0
1.0,0.0,1.0,0.0,0.0,0.0,1.0,0.0,0.0,0.0,0.0,0.0,1.0,0.0,2.0,9.0,3.0,4458868.0,5399120.0,4512422.5,5379729.0,4461077.0,5400957.0,4.023964599609375,5.85145263671875,8.632216666666666,166.66666666666666,166.66666666666666,204.0,148.0,326.0,2146.0,346.0,758.0,0.0,1.0
1.0,0.0,1.0,0.0,0.0,0.0,1.0,0.0,0.0,0.0,0.0,0.0,1.0,0.0,2.0,9.0,3.0,4458868.0,5399120.0,4512422.5,5379729.0,4461077.0,5400957.0,4.018137451171875,5.141050211588541,14.574108833333334,166.66666666666666,166.66666666666666,204.0,217.0,326.0,2146.0,346.0,651.0,0.0,5.0
1.0,0.0,1.0,0.0,0.0,0.0,1.0,0.0,0.0,0.0,0.0,0.0,1.0,0.0,2.0,9.0,3.0,4458868.0,5399120.0,4512422.5,5379729.0,4461077.0,5400957.0,1.794360595703125,2.599625905354818,20.00341333333333,166.66666666666666,166.66666666666666,204.0,187.0,326.0,2146.0,346.0,954.0,0.0,1.0
1.0,0.0,0.0,1.0,0.0,0.0,1.0,0.0,0.0,0.0,0.0,0.0,1.0,0.0,0.0,0.0,0.0,4456648.5,5404034.5,4423962.5,5363651.0,4455843.5,5404093.5,6.4867197265625,8.345530700683593,16.692574999999998,166.66666666666666,166.66666666666666,186.0,254.0,180.0,868.0,176.0,627.0,0.0,1.0
0.0,1.0,1.0,0.0,0.0,0.0,1.0,0.0,0.0,0.0,0.0,0.0,1.0,0.0,7.0,9.0,2.0,4458273.0,5401791.0,4436827.5,5326988.5,4457026.5,5405407.5,5.629189453125,7.425164286295573,17.486535,166.66666666666666,166.66666666666666,343.0,335.0,212.0,2439.0,141.0,616.0,0.0,1.0
0.0,1.0,1.0,0.0,0.0,0.0,1.0,0.0,0.0,0.0,0.0,0.0,1.0,0.0,7.0,9.0,2.0,4458273.0,5401791.0,4436827.5,5326988.5,4457026.5,5405407.5,11.764361328125,17.42047932942708,33.89288,166.66666666666666,166.66666666666666,343.0,131.0,212.0,2439.0,141.0,744.0,0.0,0.0
0.0,1.0,1.0,0.0,0.0,0.0,1.0,0.0,0.0,0.0,0.0,0.0,1.0,0.0,7.0,9.0,2.0,4458273.0,5401791.0,4436827.5,5326988.5,4457026.5,5405407.5,2.88589208984375,3.969744110107422,20.87809833333333,166.66666666666666,166.66666666666666,245.0,189.0,212.0,2439.0,141.0,1097.0,0.0,5.0
0.0,1.0,0.0,1.0,0.0,0.0,1.0,0.0,0.0,0.0,0.0,0.0,1.0,0.0,3.0,0.0,2.0,4457803.0,5401027.0,4489763.5,5352451.5,4456597.5,5404716.5,0.4648456726074219,0.7824579874674479,1.0246758333333332,166.66666666666666,166.66666666666666,222.0,222.0,306.0,1672.0,172.0,914.0,0.0,5.0
0.0,1.0,0.0,1.0,1.0,0.0,0.0,0.0,0.0,0.0,0.0,0.0,1.0,0.0,2.0,9.0,1.0,4453977.5,5397895.0,4450468.0,5318454.0,4456997.0,5405220.5,6.2177490234375,7.525216674804687,80.28389999999999,166.66666666666666,166.66666666666666,326.0,359.0,327.0,3164.0,143.0,861.0,0.0,1.0
0.0,1.0,1.0,0.0,0.0,0.0,1.0,0.0,0.0,0.0,0.0,0.0,1.0,0.0,3.0,0.0,2.0,4456187.0,5404517.0,4472574.5,5333313.0,4461335.0,5401081.0,2.386953369140625,3.315502166748047,1.0246758333333332,166.66666666666666,166.66666666666666,225.0,222.0,166.0,3813.0,347.0,756.0,0.0,1.0
0.0,1.0,0.0,1.0,0.0,0.0,1.0,0.0,0.0,0.0,0.0,0.0,1.0,0.0,4.0,9.0,0.0,4456254.5,5404384.0,4466321.0,5336947.0,4461512.0,5401904.5,2.77223876953125,4.192440795898437,166.66666666666666,406.9736,166.66666666666666,406.0,402.0,169.0,3209.0,253.0,710.0,0.0,4.0
1.0,0.0,0.0,1.0,0.0,1.0,0.0,0.0,0.0,0.0,0.0,0.0,1.0,0.0,0.0,2.0,0.0,4456567.5,5400534.0,4460006.0,5305606.5,4458497.5,5399455.0,3.138138916015625,4.899709065755208,32.38019166666667,166.66666666666666,166.66666666666666,326.0,306.0,299.0,4528.0,324.0,982.0,0.0,2.0
0.0,1.0,1.0,0.0,0.0,0.0,1.0,0.0,0.0,0.0,0.0,0.0,1.0,0.0,5.0,9.0,0.0,4458986.5,5402411.5,4474285.5,5335179.5,4461300.0,5401206.0,12.2663837890625,12.042536417643229,182.8982333333333,166.66666666666666,166.66666666666666,353.0,377.0,245.0,3788.0,347.0,775.0,0.0,5.0
0.0,1.0,1.0,0.0,1.0,0.0,0.0,0.0,0.0,0.0,0.0,0.0,1.0,0.0,3.0,9.0,1.0,4458444.5,5403445.5,4476795.0,5341978.5,4455362.0,5403894.5,21.455947265625,21.51436971028646,218.0476,166.66666666666666,166.66666666666666,354.0,93.0,198.0,1968.0,153.0,1363.0,0.0,1.0
0.0,1.0,0.0,1.0,0.0,0.0,1.0,0.0,0.0,0.0,0.0,0.0,1.0,0.0,5.0,9.0,0.0,4459893.5,5404229.0,4454419.5,5339691.5,4459663.5,5404151.5,1.4293319091796874,2.1,0.8700899999999999,166.66666666666666,166.66666666666666,209.0,211.0,229.0,1396.0,229.0,912.0,0.0,5.0
0.0,1.0,0.0,1.0,0.0,0.0,1.0,0.0,0.0,0.0,0.0,0.0,1.0,0.0,5.0,9.0,0.0,4459893.5,5404229.0,4454419.5,5339691.5,4459663.5,5404151.5,22.804595703125,23.50225016276041,236.65358333333333,166.66666666666666,166.66666666666666,167.0,292.0,229.0,1396.0,229.0,719.0,0.0,0.0
0.0,1.0,0.0,1.0,0.0,0.0,1.0,0.0,0.0,0.0,0.0,0.0,1.0,0.0,5.0,9.0,0.0,4459893.5,5404229.0,4454419.5,5339691.5,4459663.5,5404151.5,6.20422119140625,6.033333333333333,19.781265,166.66666666666666,166.66666666666666,223.0,255.0,229.0,1396.0,229.0,827.0,0.0,5.0
0.0,1.0,0.0,1.0,0.0,0.0,1.0,0.0,0.0,0.0,0.0,0.0,1.0,0.0,5.0,9.0,0.0,4459893.5,5404229.0,4454419.5,5339691.5,4459663.5,5404151.5,3.955113525390625,5.55,18.62308833333333,166.66666666666666,166.66666666666666,198.0,297.0,229.0,1396.0,229.0,818.0,0.0,5.0
1.0,0.0,0.0,1.0,0.0,1.0,0.0,0.0,0.0,0.0,0.0,0.0,1.0,0.0,0.0,0.0,1.0,4456523.5,5396941.0,4463366.0,5329000.0,4454674.5,5403914.0,4.35262939453125,5.810707600911458,21.78267333333333,166.66666666666666,166.66666666666666,167.0,210.0,334.0,3068.0,149.0,710.0,0.0,2.0
0.0,1.0,0.0,1.0,0.0,0.0,1.0,0.0,0.0,0.0,0.0,0.0,1.0,0.0,5.0,9.0,1.0,4453884.5,5405004.5,4464286.0,5335074.5,4457136.0,5399829.0,1.932684936523437,2.663201904296875,7.041169166666666,166.66666666666666,166.66666666666666,173.0,182.0,164.0,2802.0,320.0,942.0,0.0,5.0
0.0,1.0,0.0,1.0,0.0,0.0,1.0,0.0,0.0,0.0,0.0,0.0,1.0,0.0,5.0,9.0,1.0,4453884.5,5405004.5,4464286.0,5335074.5,4457136.0,5399829.0,14.091791015625,18.37502237955729,34.72520833333333,166.66666666666666,166.66666666666666,173.0,120.0,164.0,2802.0,320.0,922.0,0.0,5.0
0.0,1.0,1.0,0.0,0.0,0.0,1.0,0.0,0.0,0.0,0.0,0.0,1.0,0.0,5.0,0.0,2.0,4461377.0,5403809.0,4417414.0,5359791.5,4457660.5,5405507.5,1.00129296875,1.7452870686848958,6.1827495,166.66666666666666,166.66666666666666,243.0,245.0,242.0,784.0,144.0,1211.0,0.0,5.0
0.0,1.0,1.0,0.0,0.0,0.0,1.0,0.0,0.0,0.0,0.0,0.0,1.0,0.0,5.0,0.0,2.0,4461377.0,5403809.0,4417414.0,5359791.5,4457660.5,5405507.5,2.42758447265625,3.4224522908528647,15.6546245,166.66666666666666,166.66666666666666,243.0,189.0,242.0,784.0,144.0,805.0,0.0,4.0
0.0,1.0,1.0,0.0,0.0,0.0,1.0,0.0,0.0,0.0,0.0,0.0,1.0,0.0,5.0,0.0,2.0,4461377.0,5403809.0,4417414.0,5359791.5,4457660.5,5405507.5,3.77073095703125,5.2702992757161455,24.92999,166.66666666666666,166.66666666666666,243.0,311.0,242.0,784.0,144.0,600.0,0.0,5.0
0.0,1.0,1.0,0.0,0.0,0.0,1.0,0.0,0.0,0.0,0.0,0.0,1.0,0.0,5.0,0.0,2.0,4461377.0,5403809.0,4417414.0,5359791.5,4457660.5,5405507.5,13.9379580078125,15.262972005208333,34.94718,166.66666666666666,166.66666666666666,243.0,368.0,242.0,784.0,144.0,693.0,0.0,0.0
0.0,1.0,1.0,0.0,0.0,0.0,1.0,0.0,0.0,0.0,0.0,0.0,1.0,0.0,5.0,0.0,2.0,4461377.0,5403809.0,4417414.0,5359791.5,4457660.5,5405507.5,4.1950244140625,6.257437642415365,36.57879666666667,166.66666666666666,166.66666666666666,243.0,350.0,242.0,784.0,144.0,1327.0,0.0,1.0
1.0,0.0,1.0,0.0,1.0,0.0,0.0,0.0,0.0,0.0,0.0,0.0,1.0,0.0,1.0,9.0,1.0,4459658.0,5402952.0,4484236.0,5329783.0,4461205.5,5401102.5,8.0388818359375,11.460734049479166,16.020953333333335,166.66666666666666,166.66666666666666,137.0,171.0,244.0,4381.0,346.0,1264.0,0.0,2.0
1.0,0.0,0.0,1.0,0.0,0.0,1.0,0.0,0.0,0.0,0.0,0.0,1.0,0.0,7.0,9.0,1.0,4455029.0,5403344.0,4492759.0,5351090.0,4459111.5,5404542.5,4.42856103515625,6.101270548502604,10.849356,166.66666666666666,166.66666666666666,189.0,176.0,154.0,2306.0,223.0,1222.0,0.0,4.0
0.0,1.0,1.0,0.0,0.0,0.0,1.0,0.0,0.0,0.0,0.0,0.0,1.0,0.0,7.0,9.0,1.0,4456749.5,5404081.5,4469710.5,5330775.5,4454688.0,5404122.5,4.92785302734375,7.447703043619792,21.282921666666667,166.66666666666666,166.66666666666666,205.0,164.0,180.0,4040.0,147.0,1229.0,0.0,2.0
1.0,0.0,1.0,0.0,0.0,0.0,1.0,0.0,0.0,0.0,0.0,0.0,1.0,0.0,5.0,9.0,0.0,4456137.0,5400356.0,4441072.0,5416974.0,4456606.0,5400502.0,31.102681640625,22.81878662109375,420.8186833333333,139.5143,166.66666666666666,185.0,1167.0,298.0,55.0,299.0,1381.0,0.0,0.0
0.0,1.0,1.0,0.0,1.0,0.0,0.0,0.0,0.0,0.0,0.0,0.0,1.0,0.0,3.0,9.0,1.0,4458155.5,5401887.0,4473948.0,5330274.0,4461580.5,5401514.0,9.856927734375,11.776654052734376,31.776316666666663,166.66666666666666,166.66666666666666,205.0,125.0,212.0,4166.0,347.0,1092.0,0.0,5.0
0.0,1.0,0.0,1.0,1.0,0.0,0.0,0.0,0.0,0.0,0.0,0.0,1.0,0.0,2.0,9.0,1.0,4459010.0,5399023.5,4469622.5,5320679.5,4457278.0,5405323.5,6.4055830078125,7.66686045328776,28.70046166666667,166.66666666666666,166.66666666666666,339.0,351.0,326.0,4424.0,144.0,1428.0,0.0,2.0
0.0,1.0,1.0,0.0,0.0,0.0,1.0,0.0,0.0,0.0,0.0,0.0,1.0,0.0,2.0,0.0,0.0,4458629.0,5400814.5,4457981.5,5329816.5,4456832.5,5406058.0,11.8129892578125,13.638379923502605,23.54536333333333,166.66666666666666,166.66666666666666,325.0,242.0,316.0,2974.0,140.0,1052.0,0.0,0.0
0.0,1.0,1.0,0.0,0.0,0.0,1.0,0.0,0.0,0.0,0.0,0.0,1.0,0.0,2.0,0.0,0.0,4458629.0,5400814.5,4457981.5,5329816.5,4456832.5,5406058.0,4.5437338867187504,6.261289978027344,7.548058333333333,166.66666666666666,166.66666666666666,247.0,242.0,316.0,2974.0,140.0,824.0,0.0,1.0
0.0,1.0,1.0,0.0,0.0,0.0,1.0,0.0,0.0,0.0,0.0,0.0,1.0,0.0,2.0,0.0,0.0,4458629.0,5400814.5,4457981.5,5329816.5,4456832.5,5406058.0,2.486927734375,3.449531555175781,17.802163333333333,166.66666666666666,166.66666666666666,247.0,317.0,316.0,2974.0,140.0,610.0,0.0,1.0
0.0,1.0,1.0,0.0,0.0,0.0,1.0,0.0,0.0,0.0,0.0,0.0,1.0,0.0,2.0,0.0,0.0,4458629.0,5400814.5,4457981.5,5329816.5,4456832.5,5406058.0,4.79300634765625,5.573790486653646,45.96659,166.66666666666666,166.66666666666666,351.0,329.0,316.0,2974.0,140.0,1147.0,0.0,5.0
0.0,1.0,1.0,0.0,0.0,0.0,1.0,0.0,0.0,0.0,0.0,0.0,1.0,0.0,2.0,0.0,0.0,4458629.0,5400814.5,4457981.5,5329816.5,4456832.5,5406058.0,2.240247314453125,3.0034634908040365,17.805541666666667,166.66666666666666,166.66666666666666,199.0,241.0,316.0,2974.0,140.0,739.0,0.0,5.0
0.0,1.0,1.0,0.0,1.0,0.0,0.0,0.0,0.0,0.0,0.0,0.0,1.0,0.0,4.0,9.0,1.0,4457167.5,5400757.5,4469053.5,5348064.0,4452899.0,5404596.5,4.52874462890625,6.284295654296875,166.66666666666666,166.66666666666666,166.66666666666666,127.0,106.0,300.0,1697.0,164.0,949.0,0.0,4.0
0.0,1.0,1.0,0.0,0.0,0.0,1.0,0.0,0.0,0.0,0.0,0.0,1.0,0.0,7.0,2.0,0.0,4457969.5,5398533.0,4468911.0,5337864.5,4458323.0,5404118.0,27.238390625,20.336665852864584,177.8793,166.66666666666666,166.66666666666666,223.0,290.0,325.0,1926.0,190.0,1012.0,0.0,2.0
0.0,1.0,1.0,0.0,0.0,0.0,1.0,0.0,0.0,0.0,0.0,0.0,1.0,0.0,7.0,2.0,0.0,4457969.5,5398533.0,4468911.0,5337864.5,4458323.0,5404118.0,12.806521484375,9.72972920735677,48.803246666666666,166.66666666666666,166.66666666666666,223.0,358.0,325.0,1926.0,190.0,743.0,0.0,5.0
0.0,1.0,1.0,0.0,1.0,0.0,0.0,0.0,0.0,0.0,0.0,0.0,1.0,0.0,2.0,9.0,0.0,4459240.0,5402350.5,4453132.5,5290769.5,4458895.0,5401307.5,3.932070556640625,5.552001953125,19.81421333333333,166.66666666666666,166.66666666666666,201.0,225.0,245.0,4570.0,339.0,654.0,0.0,0.0
1.0,0.0,1.0,0.0,0.0,1.0,0.0,0.0,0.0,0.0,0.0,0.0,1.0,0.0,0.0,0.0,1.0,4458479.5,5401902.0,4463715.0,5324828.5,4455362.0,5403894.5,5.04256787109375,6.114623514811198,8.808403333333333,166.66666666666666,166.66666666666666,197.0,140.0,213.0,3177.0,153.0,970.0,0.0,5.0
1.0,0.0,1.0,0.0,0.0,1.0,0.0,0.0,0.0,0.0,0.0,0.0,1.0,0.0,0.0,0.0,1.0,4458479.5,5401902.0,4463715.0,5324828.5,4455362.0,5403894.5,2.390450927734375,3.4293838500976563,6.2049978333333335,166.66666666666666,166.66666666666666,178.0,175.0,213.0,3177.0,153.0,915.0,0.0,1.0
1.0,0.0,1.0,0.0,0.0,1.0,0.0,0.0,0.0,0.0,0.0,0.0,1.0,0.0,0.0,0.0,1.0,4458479.5,5401902.0,4463715.0,5324828.5,4455362.0,5403894.5,1.7048306884765625,2.163926442464193,15.863025,166.66666666666666,166.66666666666666,214.0,191.0,213.0,3177.0,153.0,545.0,0.0,5.0
1.0,0.0,1.0,0.0,0.0,1.0,0.0,0.0,0.0,0.0,0.0,0.0,1.0,0.0,0.0,0.0,1.0,4458479.5,5401902.0,4463715.0,5324828.5,4455362.0,5403894.5,5.69558056640625,7.935197448730468,23.069931666666665,166.66666666666666,166.66666666666666,205.0,253.0,213.0,3177.0,153.0,563.0,0.0,1.0
1.0,0.0,1.0,0.0,0.0,1.0,0.0,0.0,0.0,0.0,0.0,0.0,1.0,0.0,0.0,0.0,1.0,4458479.5,5401902.0,4463715.0,5324828.5,4455362.0,5403894.5,11.6601337890625,11.3163818359375,27.473816666666668,166.66666666666666,166.66666666666666,204.0,354.0,213.0,3177.0,153.0,495.0,0.0,1.0
1.0,0.0,1.0,0.0,0.0,1.0,0.0,0.0,0.0,0.0,0.0,0.0,1.0,0.0,0.0,0.0,1.0,4458479.5,5401902.0,4463715.0,5324828.5,4455362.0,5403894.5,4.5682421875,6.534632364908855,166.66666666666666,166.66666666666666,166.66666666666666,149.0,208.0,213.0,3177.0,153.0,679.0,0.0,1.0
0.0,1.0,0.0,1.0,1.0,0.0,0.0,0.0,0.0,0.0,0.0,0.0,1.0,0.0,4.0,9.0,2.0,4455015.0,5403228.5,4512921.5,5380612.5,4459663.5,5404151.5,16.24817578125,15.605501302083333,329.7709,130.03667833333333,166.66666666666666,106.0,103.0,161.0,2114.0,229.0,705.0,0.0,1.0
0.0,1.0,0.0,1.0,1.0,0.0,0.0,0.0,0.0,0.0,0.0,0.0,1.0,0.0,4.0,9.0,2.0,4455015.0,5403228.5,4512921.5,5380612.5,4459663.5,5404151.5,1.750933837890625,2.372888437906901,6.659332833333334,166.66666666666666,166.66666666666666,186.0,189.0,161.0,2114.0,229.0,1067.0,0.0,1.0
0.0,1.0,0.0,1.0,1.0,0.0,0.0,0.0,0.0,0.0,0.0,0.0,1.0,0.0,4.0,9.0,2.0,4455015.0,5403228.5,4512921.5,5380612.5,4459663.5,5404151.5,1.6443555908203125,2.867010243733724,7.876783333333334,166.66666666666666,166.66666666666666,194.0,199.0,161.0,2114.0,229.0,823.0,0.0,1.0
0.0,1.0,0.0,1.0,0.0,1.0,0.0,0.0,0.0,0.0,0.0,0.0,1.0,0.0,1.0,6.0,1.0,4457954.5,5404166.0,4446934.5,5329893.5,4462608.5,5402664.5,7.443532226562501,9.461505126953124,47.34109333333333,166.66666666666666,166.66666666666666,171.0,115.0,187.0,2584.0,348.0,1126.0,0.0,4.0
0.0,1.0,0.0,1.0,0.0,1.0,0.0,0.0,0.0,0.0,0.0,0.0,1.0,0.0,1.0,6.0,1.0,4457954.5,5404166.0,4446934.5,5329893.5,4462608.5,5402664.5,15.9880068359375,12.883242797851562,42.49164999999999,166.66666666666666,166.66666666666666,223.0,331.0,187.0,2584.0,348.0,877.0,0.0,5.0
0.0,1.0,0.0,1.0,0.0,1.0,0.0,0.0,0.0,0.0,0.0,0.0,1.0,0.0,1.0,6.0,1.0,4457954.5,5404166.0,4446934.5,5329893.5,4462608.5,5402664.5,5.3786142578125,7.179473368326823,22.261008333333333,166.66666666666666,166.66666666666666,171.0,244.0,187.0,2584.0,348.0,864.0,0.0,5.0
0.0,1.0,0.0,1.0,0.0,1.0,0.0,0.0,0.0,0.0,0.0,0.0,1.0,0.0,1.0,6.0,1.0,4457954.5,5404166.0,4446934.5,5329893.5,4462608.5,5402664.5,4.04395849609375,5.203578694661458,13.036713333333331,166.66666666666666,166.66666666666666,171.0,234.0,187.0,2584.0,348.0,841.0,0.0,5.0
0.0,1.0,1.0,0.0,0.0,0.0,1.0,0.0,0.0,0.0,0.0,0.0,1.0,0.0,2.0,9.0,1.0,4458014.5,5398272.5,4442449.5,5336851.5,4460075.0,5404522.5,7.77132666015625,10.95398661295573,26.513526666666667,25.44952333333333,166.66666666666666,130.0,188.0,336.0,2534.0,228.0,768.0,0.0,4.0
0.0,1.0,1.0,0.0,0.0,0.0,1.0,0.0,0.0,0.0,0.0,0.0,1.0,0.0,2.0,9.0,1.0,4458014.5,5398272.5,4442449.5,5336851.5,4460075.0,5404522.5,6.3296201171875,8.568363444010416,35.63891666666667,26.26407333333333,166.66666666666666,130.0,142.0,336.0,2534.0,228.0,1008.0,0.0,5.0
0.0,1.0,1.0,0.0,0.0,0.0,1.0,0.0,0.0,0.0,0.0,0.0,1.0,0.0,2.0,9.0,1.0,4458014.5,5398272.5,4442449.5,5336851.5,4460075.0,5404522.5,0.8124201660156251,1.2712287902832031,13.742025833333336,166.66666666666666,166.66666666666666,130.0,132.0,336.0,2534.0,228.0,703.0,0.0,5.0
0.0,1.0,1.0,0.0,0.0,0.0,1.0,0.0,0.0,0.0,0.0,0.0,1.0,0.0,2.0,9.0,1.0,4458014.5,5398272.5,4442449.5,5336851.5,4460075.0,5404522.5,16.438771484375,18.384883626302084,90.68131666666666,86.54846666666667,166.66666666666666,130.0,274.0,336.0,2534.0,228.0,741.0,0.0,1.0
0.0,1.0,1.0,0.0,0.0,1.0,0.0,0.0,0.0,0.0,0.0,0.0,1.0,0.0,1.0,0.0,2.0,4458708.0,5403712.0,4453274.0,5333088.0,4461234.5,5401229.0,2.396240966796875,3.036249796549479,6.459929333333333,166.66666666666666,166.66666666666666,186.0,214.0,197.0,2648.0,346.0,1214.0,0.0,5.0
0.0,1.0,1.0,0.0,0.0,0.0,1.0,0.0,0.0,0.0,0.0,0.0,1.0,0.0,5.0,9.0,1.0,4459552.0,5404191.0,4470272.0,5332241.5,4462732.0,5403749.0,0.9228436889648438,1.8456873575846355,7.281351666666667,166.66666666666666,166.66666666666666,180.0,175.0,226.0,3714.0,254.0,756.0,0.0,0.0
0.0,1.0,0.0,1.0,0.0,0.0,1.0,0.0,0.0,0.0,0.0,0.0,1.0,0.0,6.0,9.0,1.0,4455925.5,5400327.5,4487321.5,5293988.5,4457308.5,5405685.0,2.039690673828125,3.431634267171224,14.3973175,166.66666666666666,166.66666666666666,201.0,176.0,298.0,4625.0,144.0,1209.0,0.0,2.0
0.0,1.0,0.0,1.0,0.0,0.0,1.0,0.0,0.0,0.0,0.0,0.0,1.0,0.0,6.0,9.0,1.0,4455925.5,5400327.5,4487321.5,5293988.5,4457308.5,5405685.0,18.86339453125,21.04764404296875,68.68131666666666,68.878,166.66666666666666,201.0,274.0,298.0,4625.0,144.0,1330.0,0.0,5.0
0.0,1.0,1.0,0.0,1.0,0.0,0.0,0.0,0.0,0.0,0.0,0.0,1.0,0.0,3.0,9.0,1.0,4457779.0,5397966.5,4467092.0,5332746.5,4457082.5,5404947.5,6.0994296875,7.993835957845052,10.7924275,166.66666666666666,166.66666666666666,176.0,230.0,336.0,3552.0,143.0,1228.0,0.0,5.0
0.0,1.0,1.0,0.0,1.0,0.0,0.0,0.0,0.0,0.0,0.0,0.0,1.0,0.0,3.0,9.0,1.0,4457779.0,5397966.5,4467092.0,5332746.5,4457082.5,5404947.5,22.741328125,24.273834228515625,166.66666666666666,166.66666666666666,166.66666666666666,223.0,275.0,336.0,3552.0,143.0,1067.0,0.0,0.0
0.0,1.0,1.0,0.0,1.0,0.0,0.0,0.0,0.0,0.0,0.0,0.0,1.0,0.0,3.0,9.0,1.0,4457779.0,5397966.5,4467092.0,5332746.5,4457082.5,5404947.5,1.7396214599609376,2.293818664550781,2.7282593333333334,166.66666666666666,166.66666666666666,198.0,224.0,336.0,3552.0,143.0,661.0,0.0,5.0
1.0,0.0,1.0,0.0,0.0,0.0,1.0,0.0,0.0,0.0,0.0,0.0,1.0,0.0,6.0,9.0,1.0,4459013.0,5402838.0,4469488.0,5333439.5,4460050.0,5401865.5,4.1863193359375,5.623810831705729,18.3964,166.66666666666666,166.66666666666666,166.0,212.0,243.0,3625.0,249.0,922.0,0.0,5.0
1.0,0.0,1.0,0.0,0.0,0.0,1.0,0.0,0.0,0.0,0.0,0.0,1.0,0.0,6.0,9.0,1.0,4459013.0,5402838.0,4469488.0,5333439.5,4460050.0,5401865.5,0.4532031555175781,0.9305882771809896,2.387916333333333,166.66666666666666,166.66666666666666,166.0,170.0,243.0,3625.0,249.0,657.0,0.0,5.0
0.0,1.0,0.0,1.0,0.0,0.0,1.0,0.0,0.0,0.0,0.0,0.0,1.0,0.0,7.0,9.0,2.0,4458989.5,5406381.5,4467388.0,5328644.5,4459440.5,5403651.5,22.74321875,22.585093180338543,54.76456333333333,166.66666666666666,166.66666666666666,213.0,107.0,222.0,4011.0,234.0,663.0,0.0,2.0
0.0,1.0,0.0,1.0,0.0,0.0,1.0,0.0,0.0,0.0,0.0,0.0,1.0,0.0,7.0,9.0,2.0,4458989.5,5406381.5,4467388.0,5328644.5,4459440.5,5403651.5,8.76512109375,9.397997029622395,213.0476,166.66666666666666,166.66666666666666,155.0,93.0,222.0,4011.0,234.0,770.0,0.0,5.0
0.0,1.0,0.0,1.0,0.0,0.0,1.0,0.0,0.0,0.0,0.0,0.0,1.0,0.0,7.0,9.0,2.0,4458989.5,5406381.5,4467388.0,5328644.5,4459440.5,5403651.5,4.46773974609375,6.288546244303386,9.165948333333333,166.66666666666666,166.66666666666666,213.0,218.0,222.0,4011.0,234.0,1186.0,0.0,5.0
0.0,1.0,1.0,0.0,1.0,0.0,0.0,0.0,0.0,0.0,0.0,0.0,1.0,0.0,2.0,9.0,1.0,4456318.5,5403465.5,4463140.5,5331778.0,4457622.5,5404833.5,24.3524140625,26.57618408203125,71.12933333333334,54.89651333333334,166.66666666666666,197.0,268.0,179.0,2941.0,184.0,1110.0,0.0,5.0
0.0,1.0,1.0,0.0,1.0,0.0,0.0,0.0,0.0,0.0,0.0,0.0,1.0,0.0,2.0,9.0,1.0,4456318.5,5403465.5,4463140.5,5331778.0,4457622.5,5404833.5,11.110271484375,16.284852091471354,37.5041,166.66666666666666,166.66666666666666,207.0,109.0,179.0,2941.0,184.0,783.0,0.0,2.0
0.0,1.0,0.0,1.0,1.0,0.0,0.0,0.0,0.0,0.0,0.0,0.0,1.0,0.0,2.0,9.0,1.0,4457670.0,5404676.5,4466190.0,5334926.0,4457660.5,5405507.5,20.794453125,22.574088541666665,100.51463333333332,100.51463333333332,166.66666666666666,318.0,280.0,185.0,3300.0,144.0,767.0,0.0,0.0
0.0,1.0,0.0,1.0,1.0,0.0,0.0,0.0,0.0,0.0,0.0,0.0,1.0,0.0,2.0,9.0,1.0,4457670.0,5404676.5,4466190.0,5334926.0,4457660.5,5405507.5,6.64891748046875,8.813086954752604,35.06045666666667,166.66666666666666,166.66666666666666,318.0,222.0,185.0,3300.0,144.0,1066.0,0.0,1.0
0.0,1.0,0.0,1.0,1.0,0.0,0.0,0.0,0.0,0.0,0.0,0.0,1.0,0.0,2.0,9.0,1.0,4457670.0,5404676.5,4466190.0,5334926.0,4457660.5,5405507.5,18.953609375,18.715608723958333,114.870305,166.66666666666666,166.66666666666666,318.0,119.0,185.0,3300.0,144.0,983.0,0.0,1.0
0.0,1.0,1.0,0.0,0.0,0.0,1.0,0.0,0.0,0.0,0.0,0.0,1.0,0.0,2.0,9.0,0.0,4457148.0,5404381.0,4469020.0,5332255.5,4461512.0,5401904.5,15.4630576171875,17.363859049479167,31.947181666666665,166.66666666666666,166.66666666666666,179.0,368.0,175.0,3669.0,253.0,741.0,0.0,1.0
0.0,1.0,0.0,1.0,0.0,0.0,1.0,0.0,0.0,0.0,0.0,0.0,1.0,0.0,6.0,7.0,1.0,4456438.5,5404091.0,4468282.0,5336720.0,4460992.5,5401026.0,8.7702216796875,7.579351806640624,166.66666666666666,166.66666666666666,166.66666666666666,1087.0,1106.0,177.0,3249.0,346.0,610.0,0.0,4.0
0.0,1.0,1.0,0.0,1.0,0.0,0.0,0.0,0.0,0.0,0.0,0.0,1.0,0.0,2.0,9.0,0.0,4458602.0,5403973.0,4463241.5,5336090.5,4459363.0,5400504.0,6.60580859375,9.204388427734376,27.26447333333333,166.66666666666666,166.66666666666666,301.0,186.0,197.0,2778.0,342.0,749.0,0.0,1.0
0.0,1.0,0.0,1.0,0.0,0.0,1.0,0.0,0.0,0.0,0.0,0.0,1.0,0.0,4.0,9.0,1.0,4458616.5,5400690.0,4440465.5,5417653.0,4462732.0,5403749.0,8.4743974609375,10.844876098632811,22.692576666666664,166.66666666666666,166.66666666666666,167.0,254.0,316.0,55.0,254.0,1375.0,0.0,5.0
0.0,1.0,0.0,1.0,0.0,0.0,1.0,0.0,0.0,0.0,0.0,0.0,1.0,0.0,4.0,9.0,1.0,4458616.5,5400690.0,4440465.5,5417653.0,4462732.0,5403749.0,6.6559296875000005,8.22159423828125,39.791093333333336,166.66666666666666,166.66666666666666,194.0,115.0,316.0,55.0,254.0,709.0,0.0,5.0
0.0,1.0,0.0,1.0,0.0,0.0,1.0,0.0,0.0,0.0,0.0,0.0,1.0,0.0,4.0,9.0,1.0,4458616.5,5400690.0,4440465.5,5417653.0,4462732.0,5403749.0,6.46986767578125,8.52466278076172,166.66666666666666,166.66666666666666,166.66666666666666,149.0,218.0,316.0,55.0,254.0,836.0,0.0,0.0
0.0,1.0,0.0,1.0,0.0,0.0,1.0,0.0,0.0,0.0,0.0,0.0,1.0,0.0,6.0,9.0,1.0,4458600.5,5400979.0,4480259.5,5363020.0,4461525.0,5401859.5,30.767412109375,24.70481567382813,347.649,85.6448,166.66666666666666,307.0,1101.0,310.0,1608.0,253.0,1105.0,0.0,0.0
0.0,1.0,0.0,1.0,0.0,0.0,1.0,0.0,0.0,0.0,0.0,0.0,1.0,0.0,6.0,9.0,1.0,4458600.5,5400979.0,4480259.5,5363020.0,4461525.0,5401859.5,4.68087451171875,6.690388997395833,12.957168333333334,166.66666666666666,166.66666666666666,185.0,307.0,310.0,1608.0,253.0,1045.0,0.0,2.0
0.0,1.0,0.0,1.0,0.0,0.0,1.0,0.0,0.0,0.0,0.0,0.0,1.0,0.0,6.0,9.0,1.0,4458600.5,5400979.0,4480259.5,5363020.0,4461525.0,5401859.5,4.2394794921875,6.226263427734375,19.27739833333333,166.66666666666666,166.66666666666666,307.0,174.0,310.0,1608.0,253.0,915.0,0.0,1.0
0.0,1.0,0.0,1.0,0.0,0.0,1.0,0.0,0.0,0.0,0.0,0.0,1.0,0.0,2.0,5.0,1.0,4453825.5,5405065.0,4502137.0,5383914.5,4458474.5,5400413.0,1.886168823242188,2.5297704060872395,6.877254166666666,166.66666666666666,166.66666666666666,198.0,235.0,164.0,2077.0,318.0,1172.0,0.0,5.0
0.0,1.0,0.0,1.0,0.0,0.0,1.0,0.0,0.0,0.0,0.0,0.0,1.0,0.0,6.0,8.0,2.0,4455096.5,5403337.5,4457850.5,5313391.0,4461012.0,5401144.5,7.60358837890625,11.074647013346354,37.93989333333333,166.66666666666666,166.66666666666666,299.0,147.0,154.0,3197.0,346.0,810.0,0.0,5.0
0.0,1.0,0.0,1.0,0.0,0.0,1.0,0.0,0.0,0.0,0.0,0.0,1.0,0.0,6.0,8.0,2.0,4455096.5,5403337.5,4457850.5,5313391.0,4461012.0,5401144.5,5.037314453125,6.983233133951823,29.923625,166.66666666666666,166.66666666666666,297.0,189.0,154.0,3197.0,346.0,1099.0,0.0,1.0
0.0,1.0,0.0,1.0,0.0,0.0,1.0,0.0,0.0,0.0,0.0,0.0,1.0,0.0,6.0,8.0,2.0,4455096.5,5403337.5,4457850.5,5313391.0,4461012.0,5401144.5,8.564521484375,14.06965840657552,21.41104333333333,166.66666666666666,166.66666666666666,194.0,102.0,154.0,3197.0,346.0,1183.0,0.0,1.0
1.0,0.0,1.0,0.0,0.0,0.0,1.0,0.0,0.0,0.0,0.0,0.0,1.0,0.0,7.0,5.0,0.0,4459140.0,5406270.5,4457563.5,5403232.5,4458061.0,5403999.5,7.24000439453125,11.066141764322916,40.88800833333333,166.66666666666666,166.66666666666666,343.0,162.0,222.0,204.0,196.0,1033.0,0.0,5.0
0.0,1.0,1.0,0.0,1.0,0.0,0.0,0.0,0.0,0.0,0.0,0.0,1.0,0.0,3.0,9.0,0.0,4456280.5,5404309.5,4413931.0,5362807.0,4457191.0,5405931.5,1.8934208984375,2.614185333251953,12.551552333333332,166.66666666666666,166.66666666666666,215.0,189.0,169.0,582.0,140.0,845.0,0.0,5.0
0.0,1.0,1.0,0.0,1.0,0.0,0.0,0.0,0.0,0.0,0.0,0.0,1.0,0.0,3.0,9.0,0.0,4456280.5,5404309.5,4413931.0,5362807.0,4457191.0,5405931.5,0.8774330444335938,1.729499053955078,4.6491533333333335,166.66666666666666,166.66666666666666,265.0,263.0,169.0,582.0,140.0,1033.0,0.0,1.0
0.0,1.0,1.0,0.0,1.0,0.0,0.0,0.0,0.0,0.0,0.0,0.0,1.0,0.0,3.0,9.0,0.0,4456280.5,5404309.5,4413931.0,5362807.0,4457191.0,5405931.5,3.404004638671875,4.396279907226562,11.1278055,166.66666666666666,166.66666666666666,198.0,142.0,169.0,582.0,140.0,619.0,0.0,2.0
0.0,1.0,1.0,0.0,1.0,0.0,0.0,0.0,0.0,0.0,0.0,0.0,1.0,0.0,3.0,9.0,0.0,4456280.5,5404309.5,4413931.0,5362807.0,4457191.0,5405931.5,5.95545849609375,7.327268473307291,18.14714833333333,166.66666666666666,166.66666666666666,208.0,240.0,169.0,582.0,140.0,404.0,0.0,4.0
0.0,1.0,1.0,0.0,0.0,0.0,1.0,0.0,0.0,0.0,0.0,0.0,1.0,0.0,5.0,8.0,0.0,4459621.5,5403960.5,4509502.0,5302579.5,4456029.5,5405334.5,0.93475244140625,1.3290154774983725,166.66666666666666,166.66666666666666,166.66666666666666,149.0,164.0,232.0,4797.0,165.0,828.0,0.0,5.0
1.0,0.0,0.0,1.0,0.0,1.0,0.0,0.0,0.0,0.0,0.0,0.0,1.0,0.0,0.0,0.0,1.0,4456158.0,5404216.0,4451194.0,5318560.0,4459821.5,5404029.0,3.841453125,4.547537740071615,12.781264166666666,166.66666666666666,166.66666666666666,254.0,255.0,170.0,3156.0,235.0,983.0,0.0,1.0
0.0,1.0,1.0,0.0,0.0,0.0,1.0,0.0,0.0,0.0,0.0,0.0,1.0,0.0,3.0,9.0,1.0,4458345.5,5400072.5,4470428.0,5334433.0,4458110.5,5404107.5,9.6968115234375,13.127660115559896,32.901285,166.66666666666666,166.66666666666666,134.0,200.0,324.0,3629.0,190.0,1039.0,0.0,1.0
0.0,1.0,1.0,0.0,0.0,0.0,1.0,0.0,0.0,0.0,0.0,0.0,1.0,0.0,3.0,9.0,1.0,4458345.5,5400072.5,4470428.0,5334433.0,4458110.5,5404107.5,0.9618763427734376,1.373707071940104,3.831291,166.66666666666666,166.66666666666666,227.0,223.0,324.0,3629.0,190.0,1064.0,0.0,0.0
1.0,0.0,1.0,0.0,0.0,1.0,0.0,0.0,0.0,0.0,0.0,0.0,1.0,0.0,0.0,2.0,0.0,4459782.0,5401535.5,4460602.0,5303492.5,4455504.5,5405034.5,19.82312109375,17.143438720703124,47.710295,166.66666666666666,166.66666666666666,309.0,403.0,340.0,4536.0,165.0,632.0,0.0,5.0
1.0,0.0,1.0,0.0,0.0,1.0,0.0,0.0,0.0,0.0,0.0,0.0,1.0,0.0,0.0,2.0,0.0,4459782.0,5401535.5,4460602.0,5303492.5,4455504.5,5405034.5,15.643216796875,12.803438313802085,49.14321666666666,166.66666666666666,166.66666666666666,309.0,400.0,340.0,4536.0,165.0,751.0,0.0,1.0
1.0,0.0,1.0,0.0,0.0,1.0,0.0,0.0,0.0,0.0,0.0,0.0,1.0,0.0,0.0,2.0,0.0,4459782.0,5401535.5,4460602.0,5303492.5,4455504.5,5405034.5,0.44290576171875,0.8858116149902343,2.6494606666666662,166.66666666666666,166.66666666666666,309.0,307.0,340.0,4536.0,165.0,1032.0,0.0,5.0
0.0,1.0,1.0,0.0,0.0,0.0,1.0,0.0,0.0,0.0,0.0,0.0,1.0,0.0,5.0,0.0,0.0,4456890.5,5400716.5,4461466.5,5328143.5,4462608.5,5402664.5,4.14235205078125,5.637454223632813,20.126978333333334,166.66666666666666,166.66666666666666,351.0,357.0,300.0,3024.0,348.0,937.0,0.0,1.0
1.0,0.0,1.0,0.0,0.0,1.0,0.0,0.0,0.0,0.0,0.0,0.0,1.0,0.0,0.0,0.0,0.0,4456412.0,5404652.5,4490008.5,5338940.0,4460945.0,5401039.0,4.27123046875,5.655925496419271,17.861614999999997,166.66666666666666,166.66666666666666,164.0,187.0,166.0,2019.0,346.0,1125.0,0.0,1.0
0.0,1.0,0.0,1.0,1.0,0.0,0.0,0.0,0.0,0.0,0.0,0.0,1.0,0.0,2.0,9.0,1.0,4456542.5,5397784.0,4473309.0,5328733.0,4461623.5,5401056.0,14.74334375,16.66879679361979,46.538875,166.66666666666666,166.66666666666666,93.0,241.0,330.0,4214.0,347.0,802.0,0.0,4.0
0.0,1.0,0.0,1.0,1.0,0.0,0.0,0.0,0.0,0.0,0.0,0.0,1.0,0.0,2.0,9.0,1.0,4456542.5,5397784.0,4473309.0,5328733.0,4461623.5,5401056.0,11.8675556640625,13.48790079752604,53.49190333333333,166.66666666666666,166.66666666666666,93.0,208.0,330.0,4214.0,347.0,708.0,0.0,1.0
0.0,1.0,1.0,0.0,0.0,0.0,1.0,0.0,0.0,0.0,0.0,0.0,1.0,0.0,4.0,0.0,2.0,4459715.5,5403430.0,4409329.0,5358421.0,4460757.0,5401208.5,3.431392822265625,4.803555806477864,8.558355666666667,166.66666666666666,166.66666666666666,186.0,151.0,237.0,592.0,346.0,1163.0,0.0,2.0
0.0,1.0,1.0,0.0,1.0,0.0,0.0,0.0,0.0,0.0,0.0,0.0,1.0,0.0,4.0,9.0,0.0,4456802.5,5403640.5,4476146.5,5326086.5,4456873.0,5401342.0,4.25289306640625,5.696615600585938,21.65833,166.66666666666666,166.66666666666666,243.0,173.0,182.0,4293.0,297.0,763.0,0.0,5.0
0.0,1.0,0.0,1.0,0.0,0.0,1.0,0.0,0.0,0.0,0.0,0.0,1.0,0.0,6.0,9.0,0.0,4457975.5,5402294.0,4424071.0,5347933.0,4459473.0,5404203.0,2.376781005859375,3.5666666666666664,30.859016666666665,166.66666666666666,166.66666666666666,166.0,161.0,209.0,1062.0,226.0,881.0,0.0,5.0
0.0,1.0,0.0,1.0,0.0,0.0,1.0,0.0,0.0,0.0,0.0,0.0,1.0,0.0,4.0,9.0,2.0,4458605.0,5404487.0,4468315.0,5340267.0,4455879.0,5404410.0,20.248861328125,23.99627888997396,63.707258333333336,15.936624166666666,166.66666666666666,306.0,285.0,191.0,1818.0,167.0,1306.0,0.0,0.0
0.0,1.0,0.0,1.0,0.0,0.0,1.0,0.0,0.0,0.0,0.0,0.0,1.0,0.0,4.0,9.0,2.0,4458605.0,5404487.0,4468315.0,5340267.0,4455879.0,5404410.0,1.88644873046875,3.777312215169271,18.788425,166.66666666666666,166.66666666666666,324.0,304.0,191.0,1818.0,167.0,803.0,0.0,0.0
0.0,1.0,0.0,1.0,0.0,0.0,1.0,0.0,0.0,0.0,0.0,0.0,1.0,0.0,4.0,9.0,2.0,4458605.0,5404487.0,4468315.0,5340267.0,4455879.0,5404410.0,6.26131494140625,8.622891235351563,38.76109666666667,166.66666666666666,166.66666666666666,181.0,326.0,191.0,1818.0,167.0,1066.0,0.0,1.0
0.0,1.0,0.0,1.0,0.0,0.0,1.0,0.0,0.0,0.0,0.0,0.0,1.0,0.0,4.0,9.0,2.0,4458605.0,5404487.0,4468315.0,5340267.0,4455879.0,5404410.0,1.534309814453125,2.4840126037597656,166.66666666666666,166.66666666666666,166.66666666666666,212.0,207.0,191.0,1818.0,167.0,1015.0,0.0,1.0
0.0,1.0,0.0,1.0,0.0,0.0,1.0,0.0,0.0,0.0,0.0,0.0,1.0,0.0,4.0,9.0,2.0,4458605.0,5404487.0,4468315.0,5340267.0,4455879.0,5404410.0,2.559619384765625,3.237412516276041,17.027338333333333,166.66666666666666,166.66666666666666,223.0,181.0,191.0,1818.0,167.0,913.0,0.0,5.0
0.0,1.0,0.0,1.0,1.0,0.0,0.0,0.0,0.0,0.0,0.0,0.0,1.0,0.0,3.0,9.0,1.0,4454529.0,5399437.5,4459982.5,5374300.5,4459663.5,5404151.5,5.24456201171875,7.563757832845052,45.76659,166.66666666666666,166.66666666666666,304.0,220.0,162.0,1147.0,229.0,597.0,0.0,1.0
0.0,1.0,1.0,0.0,0.0,0.0,1.0,0.0,0.0,0.0,0.0,0.0,1.0,0.0,2.0,0.0,1.0,4458559.0,5404264.5,4475742.5,5353789.0,4458210.0,5404814.5,4.34972265625,5.830931599934896,10.288263333333331,166.66666666666666,166.66666666666666,198.0,341.0,191.0,1580.0,188.0,1047.0,0.0,0.0
0.0,1.0,1.0,0.0,0.0,0.0,1.0,0.0,0.0,0.0,0.0,0.0,1.0,0.0,6.0,9.0,1.0,4459818.5,5400745.5,4453813.0,5333214.5,4455976.5,5398594.5,11.5215830078125,14.649786376953124,38.89169166666667,166.66666666666666,166.66666666666666,124.0,151.0,345.0,2649.0,321.0,1090.0,0.0,0.0
0.0,1.0,1.0,0.0,0.0,0.0,1.0,0.0,0.0,0.0,0.0,0.0,1.0,0.0,6.0,9.0,1.0,4459818.5,5400745.5,4453813.0,5333214.5,4455976.5,5398594.5,3.31887548828125,4.477554321289063,7.737241166666666,166.66666666666666,166.66666666666666,312.0,321.0,345.0,2649.0,321.0,978.0,0.0,0.0
0.0,1.0,1.0,0.0,0.0,0.0,1.0,0.0,0.0,0.0,0.0,0.0,1.0,0.0,6.0,9.0,1.0,4459818.5,5400745.5,4453813.0,5333214.5,4455976.5,5398594.5,13.3319794921875,14.433692423502604,45.98126166666667,166.66666666666666,166.66666666666666,322.0,255.0,345.0,2649.0,321.0,845.0,0.0,5.0
1.0,0.0,1.0,0.0,0.0,1.0,0.0,0.0,0.0,0.0,0.0,0.0,1.0,0.0,0.0,0.0,1.0,4456398.0,5404816.5,4536676.0,5389043.5,4457134.0,5408882.5,5.300759765625,7.597684733072916,13.224309333333334,166.66666666666666,166.66666666666666,354.0,317.0,166.0,2059.0,134.0,717.0,0.0,5.0
1.0,0.0,1.0,0.0,0.0,1.0,0.0,0.0,0.0,0.0,0.0,0.0,1.0,0.0,0.0,0.0,1.0,4456398.0,5404816.5,4536676.0,5389043.5,4457134.0,5408882.5,1.6983074951171877,2.0590933481852214,21.79479333333333,166.66666666666666,166.66666666666666,354.0,355.0,166.0,2059.0,134.0,639.0,0.0,5.0
0.0,1.0,1.0,0.0,0.0,0.0,1.0,0.0,0.0,0.0,0.0,0.0,1.0,0.0,5.0,7.0,1.0,4456561.5,5399944.5,4452772.5,5346881.5,4459663.5,5404151.5,1.8231661376953123,2.792891184488932,5.55633,166.66666666666666,166.66666666666666,228.0,219.0,320.0,1340.0,229.0,888.0,0.0,5.0
0.0,1.0,1.0,0.0,0.0,0.0,1.0,0.0,0.0,0.0,0.0,0.0,1.0,0.0,5.0,7.0,1.0,4456561.5,5399944.5,4452772.5,5346881.5,4459663.5,5404151.5,1.692627685546875,2.3340469360351563,3.7681806666666655,166.66666666666666,166.66666666666666,198.0,232.0,320.0,1340.0,229.0,720.0,0.0,5.0
0.0,1.0,1.0,0.0,0.0,0.0,1.0,0.0,0.0,0.0,0.0,0.0,1.0,0.0,5.0,7.0,1.0,4456561.5,5399944.5,4452772.5,5346881.5,4459663.5,5404151.5,1.495416259765625,2.199966684977213,6.846696666666666,166.66666666666666,166.66666666666666,187.0,197.0,320.0,1340.0,229.0,575.0,0.0,5.0
0.0,1.0,1.0,0.0,0.0,0.0,1.0,0.0,0.0,0.0,0.0,0.0,1.0,0.0,5.0,7.0,1.0,4456561.5,5399944.5,4452772.5,5346881.5,4459663.5,5404151.5,34.11094921875,25.910205078125,70.36850666666666,166.66666666666666,166.66666666666666,207.0,69.0,320.0,1340.0,229.0,862.0,0.0,2.0
1.0,0.0,1.0,0.0,0.0,1.0,0.0,0.0,0.0,0.0,0.0,0.0,1.0,0.0,0.0,0.0,1.0,4459608.5,5405681.0,4462459.0,5331288.0,4457157.0,5405807.5,10.374669921875,10.03966267903646,69.78126666666667,166.66666666666666,166.66666666666666,359.0,255.0,215.0,3027.0,140.0,538.0,0.0,5.0
1.0,0.0,1.0,0.0,0.0,1.0,0.0,0.0,0.0,0.0,0.0,0.0,1.0,0.0,0.0,0.0,1.0,4459608.5,5405681.0,4462459.0,5331288.0,4457157.0,5405807.5,19.161974609375,20.72996012369792,62.81643333333333,166.66666666666666,166.66666666666666,344.0,291.0,215.0,3027.0,140.0,678.0,0.0,2.0
1.0,0.0,1.0,0.0,0.0,1.0,0.0,0.0,0.0,0.0,0.0,0.0,1.0,0.0,0.0,0.0,1.0,4459260.0,5401672.5,4471719.5,5339823.0,4455642.0,5404741.5,3.935070556640625,6.31282246907552,2.8288968333333333,166.66666666666666,166.66666666666666,344.0,348.0,339.0,1975.0,165.0,904.0,0.0,0.0
1.0,0.0,0.0,1.0,0.0,1.0,0.0,0.0,0.0,0.0,0.0,0.0,1.0,0.0,1.0,0.0,1.0,4456620.0,5403345.0,4466605.0,5341150.0,4461490.5,5401836.0,28.17694140625,24.434293619791667,268.18701666666664,256.18701666666664,166.66666666666666,1615.0,2001.0,182.0,1753.0,253.0,693.0,0.0,0.0
1.0,0.0,0.0,1.0,0.0,1.0,0.0,0.0,0.0,0.0,0.0,0.0,1.0,0.0,1.0,0.0,1.0,4456620.0,5403345.0,4466605.0,5341150.0,4461490.5,5401836.0,5.28460302734375,8.592027791341145,9.382263333333333,166.66666666666666,166.66666666666666,1615.0,1641.0,182.0,1753.0,253.0,567.0,0.0,1.0
0.0,1.0,0.0,1.0,0.0,0.0,1.0,0.0,0.0,0.0,0.0,0.0,1.0,0.0,1.0,0.0,0.0,4459144.0,5403522.5,4510851.0,5378133.5,4455976.5,5398594.5,3.2081904296875,4.575792439778645,4.234159666666667,166.66666666666666,166.66666666666666,304.0,319.0,233.0,2139.0,321.0,792.0,0.0,5.0
0.0,1.0,1.0,0.0,1.0,0.0,0.0,0.0,0.0,0.0,0.0,0.0,1.0,0.0,3.0,9.0,1.0,4457911.5,5404206.0,4468121.5,5331976.0,4456890.5,5403248.5,3.421092041015625,5.23804931640625,9.5089925,166.66666666666666,166.66666666666666,181.0,147.0,187.0,3592.0,201.0,1229.0,0.0,1.0
0.0,1.0,0.0,1.0,1.0,0.0,0.0,0.0,0.0,0.0,0.0,0.0,1.0,0.0,5.0,9.0,2.0,4456273.0,5400113.5,4488743.0,5353297.5,4463359.5,5402925.5,4.8225458984375,6.872438049316406,20.65380833333333,166.66666666666666,166.66666666666666,207.0,164.0,298.0,1671.0,348.0,933.0,0.0,0.0
1.0,0.0,1.0,0.0,0.0,0.0,1.0,0.0,0.0,0.0,0.0,0.0,1.0,0.0,7.0,9.0,1.0,4458009.5,5400368.5,4436134.5,5300179.5,4463366.0,5403002.0,7.1398056640625,10.657380167643227,25.52280333333333,166.66666666666666,166.66666666666666,354.0,319.0,314.0,2513.0,348.0,1046.0,0.0,5.0
1.0,0.0,1.0,0.0,0.0,0.0,1.0,0.0,0.0,0.0,0.0,0.0,1.0,0.0,7.0,9.0,1.0,4458009.5,5400368.5,4436134.5,5300179.5,4463366.0,5403002.0,5.75142333984375,8.483359781901042,19.019145,166.66666666666666,166.66666666666666,354.0,367.0,314.0,2513.0,348.0,1144.0,0.0,5.0
0.0,1.0,0.0,1.0,0.0,1.0,0.0,0.0,0.0,0.0,0.0,0.0,1.0,0.0,2.0,8.0,1.0,4458993.5,5405201.0,4528824.5,5360830.0,4453228.0,5403351.5,2.60598681640625,3.260027313232422,13.800788333333331,166.66666666666666,166.66666666666666,241.0,224.0,216.0,2375.0,164.0,900.0,0.0,5.0
0.0,1.0,0.0,1.0,0.0,1.0,0.0,0.0,0.0,0.0,0.0,0.0,1.0,0.0,2.0,8.0,1.0,4458993.5,5405201.0,4528824.5,5360830.0,4453228.0,5403351.5,4.5920986328125,5.954222615559896,21.939758333333334,166.66666666666666,166.66666666666666,143.0,213.0,216.0,2375.0,164.0,939.0,0.0,2.0
0.0,1.0,0.0,1.0,0.0,1.0,0.0,0.0,0.0,0.0,0.0,0.0,1.0,0.0,2.0,8.0,1.0,4458993.5,5405201.0,4528824.5,5360830.0,4453228.0,5403351.5,7.38709326171875,9.290334065755207,273.7709,59.93667833333333,166.66666666666666,143.0,103.0,216.0,2375.0,164.0,1137.0,0.0,5.0
0.0,1.0,0.0,1.0,0.0,1.0,0.0,0.0,0.0,0.0,0.0,0.0,1.0,0.0,2.0,8.0,1.0,4458993.5,5405201.0,4528824.5,5360830.0,4453228.0,5403351.5,0.4403033142089844,0.6388195673624675,0.95114555,166.66666666666666,166.66666666666666,241.0,241.0,216.0,2375.0,164.0,645.0,0.0,5.0
0.0,1.0,0.0,1.0,0.0,1.0,0.0,0.0,0.0,0.0,0.0,0.0,1.0,0.0,2.0,8.0,1.0,4458993.5,5405201.0,4528824.5,5360830.0,4453228.0,5403351.5,3.46889794921875,4.655711873372396,36.67568333333334,35.725683333333336,166.66666666666666,143.0,161.0,216.0,2375.0,164.0,902.0,0.0,5.0
0.0,1.0,1.0,0.0,0.0,0.0,1.0,0.0,0.0,0.0,0.0,0.0,1.0,0.0,7.0,9.0,1.0,4452216.0,5401763.0,4501898.0,5377909.5,4463366.0,5403002.0,15.0593388671875,16.446371459960936,40.99038833333333,166.66666666666666,166.66666666666666,376.0,172.0,103.0,2096.0,348.0,544.0,0.0,2.0
0.0,1.0,0.0,1.0,0.0,0.0,1.0,0.0,0.0,0.0,0.0,0.0,1.0,0.0,6.0,8.0,1.0,4456878.0,5400822.0,4526329.0,5368247.5,4453228.0,5403351.5,1.4855833740234374,2.4775416056315103,14.341780666666669,166.66666666666666,166.66666666666666,248.0,243.0,300.0,2264.0,164.0,686.0,0.0,5.0
0.0,1.0,0.0,1.0,0.0,0.0,1.0,0.0,0.0,0.0,0.0,0.0,1.0,0.0,6.0,8.0,1.0,4456878.0,5400822.0,4526329.0,5368247.5,4453228.0,5403351.5,4.17381494140625,5.537385050455729,26.50074,166.66666666666666,166.66666666666666,248.0,181.0,300.0,2264.0,164.0,869.0,0.0,2.0
0.0,1.0,0.0,1.0,0.0,0.0,1.0,0.0,0.0,0.0,0.0,0.0,1.0,0.0,6.0,8.0,1.0,4456878.0,5400822.0,4526329.0,5368247.5,4453228.0,5403351.5,4.55441064453125,4.6313023885091145,43.36659,166.66666666666666,166.66666666666666,248.0,220.0,300.0,2264.0,164.0,658.0,0.0,5.0
0.0,1.0,0.0,1.0,0.0,0.0,1.0,0.0,0.0,0.0,0.0,0.0,1.0,0.0,6.0,8.0,1.0,4456878.0,5400822.0,4526329.0,5368247.5,4453228.0,5403351.5,11.8256484375,9.740259806315104,48.50964833333333,166.66666666666666,166.66666666666666,248.0,125.0,300.0,2264.0,164.0,1006.0,0.0,2.0
0.0,1.0,0.0,1.0,0.0,0.0,1.0,0.0,0.0,0.0,0.0,0.0,1.0,0.0,2.0,6.0,1.0,4459372.0,5399932.5,4468964.5,5338088.0,4457852.5,5405105.0,2.970452392578125,3.9304491678873696,9.203997833333332,166.66666666666666,166.66666666666666,198.0,247.0,349.0,1926.0,144.0,1435.0,0.0,2.0
0.0,1.0,0.0,1.0,0.0,0.0,1.0,0.0,0.0,0.0,0.0,0.0,1.0,0.0,2.0,6.0,1.0,4459372.0,5399932.5,4468964.5,5338088.0,4457852.5,5405105.0,7.6024370117187505,10.270081583658854,19.09125166666667,166.66666666666666,166.66666666666666,198.0,134.0,349.0,1926.0,144.0,754.0,0.0,4.0
0.0,1.0,0.0,1.0,0.0,0.0,1.0,0.0,0.0,0.0,0.0,0.0,1.0,0.0,2.0,6.0,1.0,4459372.0,5399932.5,4468964.5,5338088.0,4457852.5,5405105.0,3.29429345703125,4.716666666666667,13.031406666666667,166.66666666666666,166.66666666666666,198.0,303.0,349.0,1926.0,144.0,1099.0,0.0,5.0
0.0,1.0,1.0,0.0,1.0,0.0,0.0,0.0,0.0,0.0,0.0,0.0,1.0,0.0,2.0,9.0,1.0,4454894.0,5403343.5,4474322.5,5329312.0,4457292.5,5405731.5,4.1959443359375,5.378096516927084,18.652546666666662,166.66666666666666,166.66666666666666,233.0,142.0,154.0,4204.0,139.0,1022.0,0.0,5.0
0.0,1.0,1.0,0.0,1.0,0.0,0.0,0.0,0.0,0.0,0.0,0.0,1.0,0.0,2.0,9.0,1.0,4454894.0,5403343.5,4474322.5,5329312.0,4457292.5,5405731.5,2.636420654296875,3.548620096842448,20.65855,166.66666666666666,166.66666666666666,233.0,339.0,154.0,4204.0,139.0,1078.0,0.0,1.0
1.0,0.0,0.0,1.0,0.0,1.0,0.0,0.0,0.0,0.0,0.0,0.0,1.0,0.0,0.0,5.0,0.0,4454713.0,5403666.0,4458377.0,5346971.5,4453158.0,5403239.0,3.2364057617187503,4.684813435872396,19.640573333333336,166.66666666666666,166.66666666666666,204.0,226.0,151.0,1344.0,156.0,1124.0,0.0,5.0
0.0,1.0,1.0,0.0,1.0,0.0,0.0,0.0,0.0,0.0,0.0,0.0,1.0,0.0,2.0,9.0,2.0,4459135.0,5400041.5,4495477.0,5370908.5,4451863.5,5402680.0,4.022318359375,5.248392232259114,31.479451666666662,166.66666666666666,166.66666666666666,312.0,233.0,349.0,2176.0,99.0,664.0,0.0,4.0
0.0,1.0,0.0,1.0,1.0,0.0,0.0,0.0,0.0,0.0,0.0,0.0,1.0,0.0,4.0,9.0,1.0,4458390.5,5400963.5,4487846.5,5294809.5,4458875.5,5400964.5,0.409290771484375,0.6735692342122396,11.568553333333334,166.66666666666666,166.66666666666666,339.0,339.0,309.0,4628.0,339.0,886.0,0.0,0.0
0.0,1.0,0.0,1.0,1.0,0.0,0.0,0.0,0.0,0.0,0.0,0.0,1.0,0.0,3.0,9.0,1.0,4459583.0,5400752.5,4428066.0,5396416.0,4459394.5,5404503.5,4.84543701171875,6.594068400065104,4.953707833333333,166.66666666666666,166.66666666666666,191.0,177.0,342.0,17.0,224.0,1105.0,0.0,5.0
0.0,1.0,1.0,0.0,0.0,0.0,1.0,0.0,0.0,0.0,0.0,0.0,1.0,0.0,3.0,9.0,1.0,4458137.5,5402000.0,4420318.5,5331839.0,4458064.0,5405052.5,47.5232265625,32.50111694335938,284.6268833333333,166.66666666666666,166.66666666666666,176.0,1198.0,212.0,2393.0,145.0,870.0,0.0,1.0
1.0,0.0,1.0,0.0,0.0,1.0,0.0,0.0,0.0,0.0,0.0,0.0,1.0,0.0,0.0,5.0,1.0,4459174.0,5403560.5,4478429.5,5319863.0,4455636.5,5398538.0,17.472087890625,17.125569661458332,166.66666666666666,225.10523333333333,166.66666666666666,179.0,64.0,233.0,4469.0,327.0,599.0,0.0,4.0
1.0,0.0,1.0,0.0,0.0,1.0,0.0,0.0,0.0,0.0,0.0,0.0,1.0,0.0,0.0,5.0,1.0,4459174.0,5403560.5,4478429.5,5319863.0,4455636.5,5398538.0,15.788771484375,19.653363037109376,166.75446666666667,112.84778333333334,166.66666666666666,179.0,13.0,233.0,4469.0,327.0,1075.0,0.0,0.0
1.0,0.0,1.0,0.0,0.0,1.0,0.0,0.0,0.0,0.0,0.0,0.0,1.0,0.0,0.0,5.0,0.0,4454865.0,5403072.0,4474928.5,5417900.0,4458751.0,5403615.5,5.3153320312500005,7.413917541503906,17.390503333333335,166.66666666666666,166.66666666666666,165.0,307.0,161.0,84.0,199.0,616.0,0.0,5.0
0.0,1.0,1.0,0.0,1.0,0.0,0.0,0.0,0.0,0.0,0.0,0.0,1.0,0.0,2.0,9.0,0.0,4457073.5,5403928.0,4454927.5,5423835.5,4462644.5,5403798.0,6.159604980468751,6.597445678710938,29.99443,166.66666666666666,166.66666666666666,344.0,235.0,181.0,67.0,254.0,852.0,0.0,1.0
0.0,1.0,1.0,0.0,0.0,0.0,1.0,0.0,0.0,0.0,0.0,0.0,1.0,0.0,6.0,9.0,1.0,4455766.5,5403277.0,4469077.5,5336680.0,4458150.5,5403300.0,3.213593017578125,4.540034993489583,17.254741666666668,166.66666666666666,166.66666666666666,198.0,170.0,200.0,3386.0,205.0,657.0,0.0,5.0
0.0,1.0,1.0,0.0,0.0,0.0,1.0,0.0,0.0,0.0,0.0,0.0,1.0,0.0,6.0,9.0,1.0,4455766.5,5403277.0,4469077.5,5336680.0,4458150.5,5403300.0,3.604591796875,4.852367146809896,19.173656666666663,166.66666666666666,166.66666666666666,198.0,339.0,200.0,3386.0,205.0,948.0,0.0,5.0
0.0,1.0,1.0,0.0,0.0,0.0,1.0,0.0,0.0,0.0,0.0,0.0,1.0,0.0,5.0,9.0,1.0,4456108.0,5403734.0,4470398.0,5328426.5,4459711.0,5400215.0,3.931978271484375,5.674008178710937,21.525348333333334,166.66666666666666,166.66666666666666,319.0,210.0,177.0,4112.0,345.0,651.0,0.0,5.0
0.0,1.0,1.0,0.0,0.0,0.0,1.0,0.0,0.0,0.0,0.0,0.0,1.0,0.0,5.0,9.0,1.0,4456108.0,5403734.0,4470398.0,5328426.5,4459711.0,5400215.0,3.404004638671875,4.396279907226562,11.1278055,166.66666666666666,166.66666666666666,198.0,142.0,177.0,4112.0,345.0,888.0,0.0,5.0
0.0,1.0,1.0,0.0,0.0,0.0,1.0,0.0,0.0,0.0,0.0,0.0,1.0,0.0,5.0,9.0,1.0,4456108.0,5403734.0,4470398.0,5328426.5,4459711.0,5400215.0,4.73644140625,6.680049641927083,20.673661666666664,166.66666666666666,166.66666666666666,232.0,297.0,177.0,4112.0,345.0,938.0,0.0,5.0
0.0,1.0,1.0,0.0,0.0,0.0,1.0,0.0,0.0,0.0,0.0,0.0,1.0,0.0,5.0,9.0,1.0,4456108.0,5403734.0,4470398.0,5328426.5,4459711.0,5400215.0,6.673755859375,8.823084513346354,35.69433333333333,166.66666666666666,166.66666666666666,202.0,222.0,177.0,4112.0,345.0,955.0,0.0,4.0
0.0,1.0,0.0,1.0,0.0,0.0,1.0,0.0,0.0,0.0,0.0,0.0,1.0,0.0,4.0,9.0,0.0,4461769.5,5403730.0,4446398.0,5380376.5,4459036.0,5402820.0,10.5181728515625,11.868817138671876,42.4869,166.66666666666666,166.66666666666666,306.0,286.0,242.0,1100.0,243.0,940.0,0.0,2.0
0.0,1.0,1.0,0.0,0.0,0.0,1.0,0.0,0.0,0.0,0.0,0.0,1.0,0.0,7.0,9.0,0.0,4459613.5,5405779.0,4457731.0,5400888.5,4461512.0,5401904.5,3.661094970703125,4.394647725423177,12.163814333333333,166.66666666666666,166.66666666666666,232.0,240.0,222.0,312.0,253.0,662.0,0.0,5.0
0.0,1.0,1.0,0.0,0.0,0.0,1.0,0.0,0.0,0.0,0.0,0.0,1.0,0.0,7.0,9.0,0.0,4459613.5,5405779.0,4457731.0,5400888.5,4461512.0,5401904.5,12.883083984375,15.432476806640624,186.04771666666664,166.66666666666666,166.66666666666666,201.0,286.0,222.0,312.0,253.0,619.0,0.0,5.0
0.0,1.0,1.0,0.0,0.0,0.0,1.0,0.0,0.0,0.0,0.0,0.0,1.0,0.0,7.0,9.0,0.0,4459613.5,5405779.0,4457731.0,5400888.5,4461512.0,5401904.5,3.40080908203125,4.3722895304361975,9.509633333333332,166.66666666666666,166.66666666666666,222.0,187.0,222.0,312.0,253.0,949.0,0.0,0.0
0.0,1.0,1.0,0.0,0.0,0.0,1.0,0.0,0.0,0.0,0.0,0.0,1.0,0.0,7.0,9.0,0.0,4459613.5,5405779.0,4457731.0,5400888.5,4461512.0,5401904.5,2.698147705078125,3.427632141113281,11.455498333333331,166.66666666666666,166.66666666666666,209.0,194.0,222.0,312.0,253.0,1052.0,0.0,4.0
0.0,1.0,1.0,0.0,0.0,0.0,1.0,0.0,0.0,0.0,0.0,0.0,1.0,0.0,7.0,9.0,0.0,4459613.5,5405779.0,4457731.0,5400888.5,4461512.0,5401904.5,8.6221435546875,9.758485921223958,28.442056666666662,166.66666666666666,166.66666666666666,240.0,316.0,222.0,312.0,253.0,647.0,0.0,5.0
0.0,1.0,1.0,0.0,0.0,0.0,1.0,0.0,0.0,0.0,0.0,0.0,1.0,0.0,7.0,9.0,0.0,4459613.5,5405779.0,4457731.0,5400888.5,4461512.0,5401904.5,4.74619677734375,6.500734456380208,15.775022333333334,166.66666666666666,166.66666666666666,198.0,151.0,222.0,312.0,253.0,770.0,0.0,2.0
0.0,1.0,1.0,0.0,0.0,0.0,1.0,0.0,0.0,0.0,0.0,0.0,1.0,0.0,7.0,9.0,0.0,4456603.5,5400533.5,4466124.5,5334942.0,4457826.0,5405353.0,11.351931640625,10.952294921875,24.692615,166.66666666666666,166.66666666666666,326.0,328.0,299.0,3300.0,144.0,1316.0,0.0,1.0
0.0,1.0,1.0,0.0,0.0,0.0,1.0,0.0,0.0,0.0,0.0,0.0,1.0,0.0,7.0,9.0,0.0,4456603.5,5400533.5,4466124.5,5334942.0,4457826.0,5405353.0,6.904865234375,9.754332478841146,65.23064333333333,166.66666666666666,166.66666666666666,326.0,187.0,299.0,3300.0,144.0,835.0,0.0,1.0
0.0,1.0,1.0,0.0,1.0,0.0,0.0,0.0,0.0,0.0,0.0,0.0,1.0,0.0,2.0,9.0,0.0,4457558.0,5397640.5,4436744.0,5369372.5,4461300.0,5401206.0,8.8297734375,12.12771504720052,21.09125166666667,166.66666666666666,166.66666666666666,204.0,134.0,333.0,551.0,347.0,1051.0,0.0,1.0
0.0,1.0,0.0,1.0,0.0,0.0,1.0,0.0,0.0,0.0,0.0,0.0,1.0,0.0,5.0,9.0,0.0,4461788.5,5403494.5,4422483.0,5375214.5,4457589.5,5404462.0,11.7991435546875,13.806358846028646,52.49992333333333,166.66666666666666,166.66666666666666,98.0,220.0,242.0,496.0,186.0,1050.0,0.0,0.0
0.0,1.0,0.0,1.0,0.0,0.0,1.0,0.0,0.0,0.0,0.0,0.0,1.0,0.0,5.0,9.0,0.0,4461788.5,5403494.5,4422483.0,5375214.5,4457589.5,5404462.0,20.828564453125,15.633463541666666,64.07869,166.66666666666666,166.66666666666666,98.0,55.0,242.0,496.0,186.0,913.0,0.0,0.0
0.0,1.0,0.0,1.0,0.0,0.0,1.0,0.0,0.0,0.0,0.0,0.0,1.0,0.0,2.0,9.0,0.0,4454672.0,5403804.0,4424292.0,5352355.0,4463375.5,5403096.5,7.52981103515625,10.133756510416667,28.191406666666666,166.66666666666666,166.66666666666666,204.0,336.0,149.0,1020.0,348.0,970.0,0.0,2.0
0.0,1.0,1.0,0.0,0.0,0.0,1.0,0.0,0.0,0.0,0.0,0.0,1.0,0.0,2.0,7.0,0.0,4456389.0,5404151.5,4424999.0,5345733.5,4457826.0,5405353.0,5.29220068359375,7.388963826497395,33.65372166666667,166.66666666666666,166.66666666666666,176.0,318.0,171.0,1067.0,144.0,854.0,0.0,5.0
0.0,1.0,1.0,0.0,0.0,0.0,1.0,0.0,0.0,0.0,0.0,0.0,1.0,0.0,2.0,6.0,1.0,4454705.0,5403388.0,4413579.0,5348438.5,4451879.5,5402609.5,1.6660557861328125,2.313074747721354,14.090498333333333,166.66666666666666,166.66666666666666,169.0,187.0,151.0,622.0,99.0,1076.0,0.0,0.0
0.0,1.0,1.0,0.0,0.0,0.0,1.0,0.0,0.0,0.0,0.0,0.0,1.0,0.0,2.0,6.0,1.0,4454705.0,5403388.0,4413579.0,5348438.5,4451879.5,5402609.5,34.44274609375,26.51512451171875,674.8906666666667,56.64883333333333,166.66666666666666,340.0,1123.0,151.0,622.0,99.0,920.0,0.0,0.0
0.0,1.0,1.0,0.0,0.0,0.0,1.0,0.0,0.0,0.0,0.0,0.0,1.0,0.0,2.0,6.0,1.0,4454705.0,5403388.0,4413579.0,5348438.5,4451879.5,5402609.5,9.74379296875,10.341747029622397,45.57230666666667,166.66666666666666,166.66666666666666,340.0,124.0,151.0,622.0,99.0,754.0,0.0,1.0
0.0,1.0,1.0,0.0,0.0,0.0,1.0,0.0,0.0,0.0,0.0,0.0,1.0,0.0,2.0,6.0,1.0,4454705.0,5403388.0,4413579.0,5348438.5,4451879.5,5402609.5,1.1491693115234376,1.6166666666666667,3.774798333333333,166.66666666666666,166.66666666666666,169.0,186.0,151.0,622.0,99.0,920.0,0.0,5.0
0.0,1.0,1.0,0.0,0.0,0.0,1.0,0.0,0.0,0.0,0.0,0.0,1.0,0.0,2.0,6.0,1.0,4454705.0,5403388.0,4413579.0,5348438.5,4451879.5,5402609.5,10.1038798828125,14.24989217122396,28.43374,26.598395,166.66666666666666,340.0,136.0,151.0,622.0,99.0,744.0,0.0,2.0
0.0,1.0,0.0,1.0,1.0,0.0,0.0,0.0,0.0,0.0,0.0,0.0,1.0,0.0,1.0,9.0,1.0,4457529.0,5404453.5,4468573.0,5330104.0,4460703.0,5401245.0,2.635736083984375,3.646916961669922,12.714048333333333,166.66666666666666,166.66666666666666,198.0,213.0,186.0,4043.0,346.0,972.0,0.0,4.0
0.0,1.0,0.0,1.0,1.0,0.0,0.0,0.0,0.0,0.0,0.0,0.0,1.0,0.0,1.0,9.0,1.0,4457529.0,5404453.5,4468573.0,5330104.0,4460703.0,5401245.0,2.7573559570312502,3.756666564941406,6.257389333333333,166.66666666666666,166.66666666666666,198.0,246.0,186.0,4043.0,346.0,622.0,0.0,1.0
0.0,1.0,1.0,0.0,1.0,0.0,0.0,0.0,0.0,0.0,0.0,0.0,1.0,0.0,2.0,9.0,0.0,4457181.0,5400348.5,4443827.0,5338298.5,4459880.0,5401915.0,1.903696166992188,3.1480367024739584,3.605048333333333,166.66666666666666,166.66666666666666,323.0,316.0,302.0,1285.0,249.0,786.0,0.0,5.0
0.0,1.0,1.0,0.0,1.0,0.0,0.0,0.0,0.0,0.0,0.0,0.0,1.0,0.0,2.0,9.0,0.0,4457181.0,5400348.5,4443827.0,5338298.5,4459880.0,5401915.0,6.4600380859375,8.787579345703126,31.592041666666667,166.66666666666666,166.66666666666666,323.0,175.0,302.0,1285.0,249.0,1134.0,0.0,1.0
0.0,1.0,1.0,0.0,1.0,0.0,0.0,0.0,0.0,0.0,0.0,0.0,1.0,0.0,1.0,9.0,2.0,4457829.5,5401223.0,4462155.5,5398261.5,4455976.5,5398594.5,5.5139404296875005,7.700849914550781,30.484026666666665,166.66666666666666,166.66666666666666,343.0,216.0,306.0,356.0,321.0,977.0,0.0,4.0
0.0,1.0,1.0,0.0,1.0,0.0,0.0,0.0,0.0,0.0,0.0,0.0,1.0,0.0,1.0,9.0,2.0,4457829.5,5401223.0,4462155.5,5398261.5,4455976.5,5398594.5,6.7350576171875005,9.356630452473958,36.123905,166.66666666666666,166.66666666666666,323.0,155.0,306.0,356.0,321.0,480.0,0.0,5.0
1.0,0.0,0.0,1.0,0.0,1.0,0.0,0.0,0.0,0.0,0.0,0.0,1.0,0.0,1.0,0.0,2.0,4456386.5,5403709.0,4523500.0,5385453.5,4457784.5,5404365.5,2.9630751953125,4.423020426432291,10.932707666666666,166.66666666666666,166.66666666666666,305.0,322.0,177.0,2225.0,187.0,723.0,0.0,5.0
0.0,1.0,0.0,1.0,0.0,0.0,1.0,0.0,0.0,0.0,0.0,0.0,1.0,0.0,4.0,8.0,1.0,4456457.5,5403832.5,4501535.5,5396407.5,4460703.0,5401245.0,5.3204326171875005,6.120569356282552,27.25079833333333,166.66666666666666,166.66666666666666,309.0,236.0,180.0,2025.0,346.0,763.0,0.0,5.0
0.0,1.0,1.0,0.0,1.0,0.0,0.0,0.0,0.0,0.0,0.0,0.0,1.0,0.0,3.0,9.0,2.0,4459256.5,5403541.5,4417748.5,5348662.0,4457215.5,5405242.5,2.865053955078125,3.8825709025065103,18.01618,166.66666666666666,166.66666666666666,174.0,216.0,234.0,1047.0,143.0,641.0,0.0,1.0
0.0,1.0,0.0,1.0,1.0,0.0,0.0,0.0,0.0,0.0,0.0,0.0,1.0,0.0,3.0,9.0,1.0,4455688.0,5403357.5,4483336.5,5305784.0,4455976.5,5398594.5,1.7962701416015625,2.5264261881510417,11.580074,166.66666666666666,166.66666666666666,217.0,235.0,178.0,4600.0,321.0,986.0,0.0,5.0
1.0,0.0,0.0,1.0,0.0,1.0,0.0,0.0,0.0,0.0,0.0,0.0,1.0,0.0,0.0,0.0,0.0,4462025.0,5403759.0,4526232.0,5301970.0,4463375.5,5403096.5,3.428302734375,4.800001525878907,17.515576666666668,166.66666666666666,166.66666666666666,207.0,184.0,242.0,4922.0,348.0,826.0,0.0,5.0
0.0,1.0,1.0,0.0,0.0,0.0,1.0,0.0,0.0,0.0,0.0,0.0,1.0,0.0,4.0,0.0,2.0,4459098.5,5405721.0,4477425.5,5304219.5,4456697.5,5405594.0,4.50430615234375,5.759215291341146,5.2304805,166.66666666666666,166.66666666666666,174.0,222.0,222.0,4596.0,140.0,1211.0,0.0,1.0
0.0,1.0,1.0,0.0,0.0,0.0,1.0,0.0,0.0,0.0,0.0,0.0,1.0,0.0,4.0,0.0,2.0,4459098.5,5405721.0,4477425.5,5304219.5,4456697.5,5405594.0,4.5643554687500005,6.468630981445313,19.63106,166.66666666666666,166.66666666666666,174.0,303.0,222.0,4596.0,140.0,846.0,0.0,5.0
0.0,1.0,1.0,0.0,1.0,0.0,0.0,0.0,0.0,0.0,0.0,0.0,1.0,0.0,2.0,9.0,1.0,4457299.5,5401182.5,4416870.0,5356022.0,4458064.0,5405052.5,15.0936201171875,17.696956380208334,258.7313833333333,221.696175,166.66666666666666,115.0,386.0,305.0,937.0,145.0,735.0,0.0,1.0
1.0,0.0,0.0,1.0,1.0,0.0,0.0,0.0,0.0,0.0,0.0,0.0,1.0,0.0,0.0,3.0,1.0,4446909.5,5403562.5,4479995.5,5330144.0,4451863.5,5402680.0,2.293967529296875,3.259045155843099,9.054318333333333,166.66666666666666,166.66666666666666,195.0,191.0,97.0,4368.0,99.0,1190.0,0.0,1.0
0.0,1.0,0.0,1.0,1.0,0.0,0.0,0.0,0.0,0.0,0.0,0.0,1.0,0.0,4.0,9.0,0.0,4458463.5,5404520.5,4462152.0,5337691.0,4461094.5,5405906.5,1.667863037109375,2.4210464477539064,9.157554166666667,166.66666666666666,166.66666666666666,247.0,343.0,189.0,2751.0,239.0,632.0,0.0,1.0
0.0,1.0,0.0,1.0,0.0,1.0,0.0,0.0,0.0,0.0,0.0,0.0,1.0,0.0,1.0,0.0,1.0,4458851.0,5404749.0,4414304.0,5377664.0,4463457.0,5403081.0,11.7974296875,12.013662719726565,41.75577,166.66666666666666,166.66666666666666,180.0,256.0,223.0,474.0,348.0,816.0,0.0,4.0
0.0,1.0,0.0,1.0,0.0,1.0,0.0,0.0,0.0,0.0,0.0,0.0,1.0,0.0,1.0,0.0,1.0,4458851.0,5404749.0,4414304.0,5377664.0,4463457.0,5403081.0,14.973029296875,13.062771606445311,37.23658,166.66666666666666,166.66666666666666,180.0,358.0,223.0,474.0,348.0,768.0,0.0,2.0
0.0,1.0,0.0,1.0,0.0,1.0,0.0,0.0,0.0,0.0,0.0,0.0,1.0,0.0,1.0,0.0,1.0,4458851.0,5404749.0,4414304.0,5377664.0,4463457.0,5403081.0,2.929564208984375,4.046883138020833,7.42366,166.66666666666666,166.66666666666666,180.0,191.0,223.0,474.0,348.0,781.0,0.0,5.0
0.0,1.0,1.0,0.0,0.0,0.0,1.0,0.0,0.0,0.0,0.0,0.0,1.0,0.0,5.0,9.0,2.0,4456199.5,5404405.5,4531149.0,5374330.0,4461512.0,5401904.5,0.2286000213623047,0.3531807899475098,2.1710355000000003,166.66666666666666,166.66666666666666,194.0,194.0,168.0,2271.0,253.0,939.0,0.0,5.0
0.0,1.0,1.0,0.0,0.0,0.0,1.0,0.0,0.0,0.0,0.0,0.0,1.0,0.0,5.0,9.0,2.0,4456199.5,5404405.5,4531149.0,5374330.0,4461512.0,5401904.5,3.5049970703125,5.098530069986979,16.021368333333335,166.66666666666666,166.66666666666666,194.0,245.0,168.0,2271.0,253.0,1012.0,0.0,5.0
0.0,1.0,1.0,0.0,1.0,0.0,0.0,0.0,0.0,0.0,0.0,0.0,1.0,0.0,1.0,9.0,2.0,4459352.5,5400604.5,4417336.0,5361084.0,4457026.5,5405407.5,3.05826708984375,4.544935607910157,23.624031666666667,166.66666666666666,166.66666666666666,178.0,208.0,342.0,715.0,141.0,925.0,0.0,5.0
0.0,1.0,1.0,0.0,1.0,0.0,0.0,0.0,0.0,0.0,0.0,0.0,1.0,0.0,1.0,9.0,2.0,4459352.5,5400604.5,4417336.0,5361084.0,4457026.5,5405407.5,17.573880859375,20.25844116210937,575.4308333333333,166.66666666666666,166.66666666666666,178.0,294.0,342.0,715.0,141.0,569.0,0.0,5.0
0.0,1.0,1.0,0.0,1.0,0.0,0.0,0.0,0.0,0.0,0.0,0.0,1.0,0.0,1.0,9.0,2.0,4459352.5,5400604.5,4417336.0,5361084.0,4457026.5,5405407.5,5.384929199218751,7.592450459798177,25.272906666666664,166.66666666666666,166.66666666666666,178.0,317.0,342.0,715.0,141.0,1327.0,0.0,1.0
0.0,1.0,1.0,0.0,1.0,0.0,0.0,0.0,0.0,0.0,0.0,0.0,1.0,0.0,1.0,9.0,2.0,4459352.5,5400604.5,4417336.0,5361084.0,4457026.5,5405407.5,2.40285986328125,3.776604970296224,2.931889833333333,166.66666666666666,166.66666666666666,178.0,148.0,342.0,715.0,141.0,1061.0,0.0,1.0
0.0,1.0,1.0,0.0,1.0,0.0,0.0,0.0,0.0,0.0,0.0,0.0,1.0,0.0,1.0,9.0,2.0,4459352.5,5400604.5,4417336.0,5361084.0,4457026.5,5405407.5,10.2126103515625,12.82041015625,35.51728333333333,166.66666666666666,166.66666666666666,178.0,333.0,342.0,715.0,141.0,586.0,0.0,5.0
0.0,1.0,1.0,0.0,1.0,0.0,0.0,0.0,0.0,0.0,0.0,0.0,1.0,0.0,1.0,9.0,2.0,4459352.5,5400604.5,4417336.0,5361084.0,4457026.5,5405407.5,2.390450927734375,3.4293838500976563,6.2049978333333335,166.66666666666666,166.66666666666666,178.0,175.0,342.0,715.0,141.0,603.0,0.0,5.0
0.0,1.0,1.0,0.0,1.0,0.0,0.0,0.0,0.0,0.0,0.0,0.0,1.0,0.0,1.0,9.0,2.0,4459352.5,5400604.5,4417336.0,5361084.0,4457026.5,5405407.5,4.9875048828125,7.010258483886719,33.115716666666664,166.66666666666666,166.66666666666666,178.0,227.0,342.0,715.0,141.0,1030.0,0.0,5.0
0.0,1.0,1.0,0.0,1.0,0.0,0.0,0.0,0.0,0.0,0.0,0.0,1.0,0.0,1.0,9.0,2.0,4459352.5,5400604.5,4417336.0,5361084.0,4457026.5,5405407.5,4.40658447265625,6.452455139160156,21.92290833333333,166.66666666666666,166.66666666666666,178.0,216.0,342.0,715.0,141.0,889.0,0.0,5.0
0.0,1.0,1.0,0.0,1.0,0.0,0.0,0.0,0.0,0.0,0.0,0.0,1.0,0.0,1.0,9.0,2.0,4459352.5,5400604.5,4417336.0,5361084.0,4457026.5,5405407.5,15.43166796875,16.516033935546876,76.96015,166.66666666666666,166.66666666666666,178.0,370.0,342.0,715.0,141.0,545.0,0.0,1.0
0.0,1.0,1.0,0.0,0.0,0.0,1.0,0.0,0.0,0.0,0.0,0.0,1.0,0.0,1.0,4.0,0.0,4458523.0,5399902.5,4420407.5,5360185.5,4457174.0,5404689.0,0.2174565887451172,0.3371720314025879,3.0316243333333333,166.66666666666666,166.66666666666666,142.0,142.0,324.0,744.0,173.0,843.0,0.0,0.0
1.0,0.0,1.0,0.0,0.0,0.0,1.0,0.0,0.0,0.0,0.0,0.0,1.0,0.0,0.0,7.0,1.0,4459197.0,5403696.5,4418362.5,5357332.5,4461512.0,5401904.5,21.406765625,14.69222717285156,61.828808333333335,166.66666666666666,166.66666666666666,198.0,371.0,233.0,840.0,253.0,850.0,0.0,4.0
0.0,1.0,1.0,0.0,0.0,0.0,1.0,0.0,0.0,0.0,0.0,0.0,1.0,0.0,6.0,8.0,1.0,4456956.0,5400439.5,4400081.5,5350857.5,4454719.0,5404054.5,6.4256591796875,7.8119455973307295,29.604975,166.66666666666666,166.66666666666666,156.0,142.0,302.0,564.0,149.0,766.0,0.0,5.0
0.0,1.0,1.0,0.0,0.0,1.0,0.0,0.0,0.0,0.0,0.0,0.0,1.0,0.0,1.0,9.0,2.0,4458907.5,5398782.0,4409699.5,5343685.0,4461193.5,5401162.5,20.81578125,16.973543294270833,269.8227,223.74986666666663,166.66666666666666,161.0,95.0,326.0,635.0,346.0,1387.0,0.0,5.0
0.0,1.0,1.0,0.0,0.0,1.0,0.0,0.0,0.0,0.0,0.0,0.0,1.0,0.0,1.0,9.0,2.0,4458907.5,5398782.0,4409699.5,5343685.0,4461193.5,5401162.5,9.856927734375,11.776654052734376,34.990156666666664,31.295728333333333,166.66666666666666,125.0,205.0,326.0,635.0,346.0,1332.0,0.0,2.0
0.0,1.0,0.0,1.0,1.0,0.0,0.0,0.0,0.0,0.0,0.0,0.0,1.0,0.0,3.0,9.0,1.0,4455741.0,5408038.0,4470610.5,5374275.0,4458600.0,5404749.0,2.588940673828125,3.3821617126464845,11.178395,166.66666666666666,166.66666666666666,175.0,231.0,134.0,1189.0,189.0,628.0,0.0,1.0
0.0,1.0,0.0,1.0,1.0,0.0,0.0,0.0,0.0,0.0,0.0,0.0,1.0,0.0,3.0,9.0,1.0,4455741.0,5408038.0,4470610.5,5374275.0,4458600.0,5404749.0,2.566468017578125,3.138904062906901,16.264577166666665,166.66666666666666,166.66666666666666,175.0,224.0,134.0,1189.0,189.0,503.0,0.0,5.0
0.0,1.0,0.0,1.0,1.0,0.0,0.0,0.0,0.0,0.0,0.0,0.0,1.0,0.0,3.0,9.0,1.0,4455741.0,5408038.0,4470610.5,5374275.0,4458600.0,5404749.0,2.379962890625,3.40481948852539,6.6180125,166.66666666666666,166.66666666666666,175.0,176.0,134.0,1189.0,189.0,1141.0,0.0,1.0
0.0,1.0,1.0,0.0,1.0,0.0,0.0,0.0,0.0,0.0,0.0,0.0,1.0,0.0,3.0,9.0,1.0,4457707.0,5404351.5,4469422.5,5331735.5,4461623.5,5401056.0,10.9000224609375,14.973366292317708,198.1380166666667,166.66666666666666,166.66666666666666,165.0,106.0,187.0,3695.0,347.0,1386.0,0.0,1.0
0.0,1.0,0.0,1.0,0.0,0.0,1.0,0.0,0.0,0.0,0.0,0.0,1.0,0.0,1.0,0.0,1.0,4456329.0,5400048.5,4500646.0,5292693.0,4455636.5,5398538.0,5.40108935546875,7.267738342285156,32.11058833333333,166.66666666666666,166.66666666666666,155.0,235.0,319.0,4867.0,327.0,504.0,0.0,0.0
0.0,1.0,0.0,1.0,0.0,0.0,1.0,0.0,0.0,0.0,0.0,0.0,1.0,0.0,1.0,0.0,1.0,4456329.0,5400048.5,4500646.0,5292693.0,4455636.5,5398538.0,4.96815771484375,6.962947591145833,32.492738333333335,166.66666666666666,166.66666666666666,155.0,243.0,319.0,4867.0,327.0,907.0,0.0,5.0
0.0,1.0,0.0,1.0,0.0,0.0,1.0,0.0,0.0,0.0,0.0,0.0,1.0,0.0,1.0,0.0,1.0,4456329.0,5400048.5,4500646.0,5292693.0,4455636.5,5398538.0,10.8023759765625,12.812467447916667,57.47230666666667,166.66666666666666,166.66666666666666,155.0,124.0,319.0,4867.0,327.0,1033.0,0.0,1.0
0.0,1.0,0.0,1.0,1.0,0.0,0.0,0.0,0.0,0.0,0.0,0.0,1.0,0.0,4.0,9.0,2.0,4459021.0,5403530.0,4514092.0,5274900.5,4457693.5,5404508.5,17.5899765625,18.47932942708333,232.70176666666663,39.43602333333333,166.66666666666666,340.0,92.0,233.0,4952.0,185.0,1333.0,0.0,1.0
0.0,1.0,1.0,0.0,1.0,0.0,0.0,0.0,0.0,0.0,0.0,0.0,1.0,0.0,2.0,9.0,3.0,4458271.0,5398055.0,4460487.0,5391346.5,4461580.5,5401514.0,1.300009521484375,1.7502391815185547,166.66666666666666,166.66666666666666,166.66666666666666,207.0,198.0,338.0,371.0,347.0,970.0,0.0,5.0
0.0,1.0,0.0,1.0,0.0,0.0,1.0,0.0,0.0,0.0,0.0,0.0,1.0,0.0,6.0,9.0,1.0,4461175.5,5403969.5,4513061.5,5335728.0,4459058.5,5402853.0,23.616392578125,17.9539794921875,208.2716,49.31966666666666,166.66666666666666,216.0,1161.0,241.0,4664.0,243.0,703.0,0.0,3.0
1.0,0.0,1.0,0.0,0.0,0.0,1.0,0.0,0.0,0.0,0.0,0.0,1.0,0.0,6.0,0.0,1.0,4457852.0,5401208.5,4466891.0,5336373.0,4457026.5,5405407.5,2.900448974609375,4.293144734700521,29.04191,166.66666666666666,166.66666666666666,201.0,142.0,306.0,3240.0,141.0,1030.0,0.0,4.0
0.0,1.0,1.0,0.0,1.0,0.0,0.0,0.0,0.0,0.0,0.0,0.0,1.0,0.0,2.0,9.0,1.0,4458517.0,5400601.0,4457938.5,5332087.5,4456873.0,5401342.0,2.792710693359376,4.129177856445312,14.265635,166.66666666666666,166.66666666666666,206.0,166.0,316.0,2686.0,297.0,740.0,0.0,5.0
1.0,0.0,1.0,0.0,0.0,0.0,1.0,0.0,0.0,0.0,0.0,0.0,1.0,0.0,0.0,0.0,0.0,4459117.0,5404011.0,4430174.0,5402926.5,4463475.5,5402807.5,4.3232451171875,5.722481282552083,21.13837833333333,22.49561333333333,166.66666666666666,183.0,316.0,231.0,15.0,348.0,749.0,0.0,1.0
0.0,1.0,0.0,1.0,1.0,0.0,0.0,0.0,0.0,0.0,0.0,0.0,1.0,0.0,3.0,9.0,1.0,4456134.5,5403827.0,4463430.5,5408804.5,4457364.0,5405199.5,3.788421142578125,5.011092122395834,15.522775,166.66666666666666,166.66666666666666,204.0,214.0,177.0,122.0,144.0,507.0,0.0,5.0
0.0,1.0,0.0,1.0,1.0,0.0,0.0,0.0,0.0,0.0,0.0,0.0,1.0,0.0,3.0,9.0,1.0,4456134.5,5403827.0,4463430.5,5408804.5,4457364.0,5405199.5,2.918460693359375,4.00900395711263,10.363402333333331,166.66666666666666,166.66666666666666,198.0,172.0,177.0,122.0,144.0,982.0,0.0,1.0
0.0,1.0,0.0,1.0,0.0,0.0,1.0,0.0,0.0,0.0,0.0,0.0,1.0,0.0,6.0,9.0,2.0,4456749.5,5404153.5,4416453.0,5323966.0,4456607.0,5406151.0,12.03367578125,11.14169413248698,166.66666666666666,166.66666666666666,166.66666666666666,259.0,39.0,174.0,2462.0,140.0,760.0,0.0,1.0
0.0,1.0,0.0,1.0,0.0,0.0,1.0,0.0,0.0,0.0,0.0,0.0,1.0,0.0,6.0,9.0,2.0,4456749.5,5404153.5,4416453.0,5323966.0,4456607.0,5406151.0,10.41206640625,10.819957478841143,35.129614999999994,166.66666666666666,166.66666666666666,368.0,331.0,174.0,2462.0,140.0,1347.0,0.0,0.0
0.0,1.0,1.0,0.0,0.0,1.0,0.0,0.0,0.0,0.0,0.0,0.0,1.0,0.0,1.0,0.0,0.0,4458592.5,5400946.5,4456879.0,5308362.0,4461580.5,5401514.0,3.507637451171875,5.111512756347656,35.28838333333333,166.66666666666666,166.66666666666666,201.0,316.0,310.0,4503.0,347.0,593.0,0.0,1.0
0.0,1.0,1.0,0.0,0.0,1.0,0.0,0.0,0.0,0.0,0.0,0.0,1.0,0.0,1.0,0.0,0.0,4458592.5,5400946.5,4456879.0,5308362.0,4461580.5,5401514.0,4.055990478515625,5.336461893717448,16.303172833333335,166.66666666666666,166.66666666666666,179.0,233.0,310.0,4503.0,347.0,602.0,0.0,4.0
0.0,1.0,1.0,0.0,0.0,1.0,0.0,0.0,0.0,0.0,0.0,0.0,1.0,0.0,1.0,0.0,0.0,4458592.5,5400946.5,4456879.0,5308362.0,4461580.5,5401514.0,4.174517578125,6.027506001790364,34.036950000000004,166.66666666666666,166.66666666666666,201.0,244.0,310.0,4503.0,347.0,611.0,0.0,2.0
0.0,1.0,1.0,0.0,0.0,1.0,0.0,0.0,0.0,0.0,0.0,0.0,1.0,0.0,1.0,0.0,0.0,4458592.5,5400946.5,4456879.0,5308362.0,4461580.5,5401514.0,3.341689697265625,4.862454732259114,34.648021666666665,166.66666666666666,166.66666666666666,201.0,248.0,310.0,4503.0,347.0,920.0,0.0,5.0
1.0,0.0,1.0,0.0,0.0,1.0,0.0,0.0,0.0,0.0,0.0,0.0,1.0,0.0,0.0,0.0,2.0,4459070.0,5405158.5,4513431.5,5335704.0,4456886.0,5405575.0,3.5709970703125,5.332174173990885,17.928263333333334,166.66666666666666,166.66666666666666,312.0,325.0,216.0,4665.0,141.0,1231.0,0.0,4.0
1.0,0.0,1.0,0.0,0.0,1.0,0.0,0.0,0.0,0.0,0.0,0.0,1.0,0.0,0.0,0.0,2.0,4459070.0,5405158.5,4513431.5,5335704.0,4456886.0,5405575.0,4.74619677734375,6.500734456380208,15.775022333333334,166.66666666666666,166.66666666666666,198.0,151.0,216.0,4665.0,141.0,991.0,0.0,0.0
0.0,1.0,0.0,1.0,0.0,0.0,1.0,0.0,0.0,0.0,0.0,0.0,1.0,0.0,5.0,9.0,1.0,4462801.5,5403863.0,4477036.5,5425517.0,4456697.5,5405594.0,16.559548828125,15.343415323893227,140.74814999999998,177.61481666666666,166.66666666666666,404.0,413.0,254.0,83.0,140.0,1029.0,0.0,1.0
0.0,1.0,0.0,1.0,0.0,0.0,1.0,0.0,0.0,0.0,0.0,0.0,1.0,0.0,5.0,9.0,1.0,4462801.5,5403863.0,4477036.5,5425517.0,4456697.5,5405594.0,12.22076953125,13.041544596354166,59.6503,166.66666666666666,166.66666666666666,345.0,133.0,254.0,83.0,140.0,961.0,0.0,0.0
0.0,1.0,0.0,1.0,1.0,0.0,0.0,0.0,0.0,0.0,0.0,0.0,1.0,0.0,2.0,9.0,0.0,4449068.0,5404812.5,4509385.0,5302657.5,4452877.0,5404303.5,3.848782470703125,4.923217264811198,13.054768333333334,166.66666666666666,166.66666666666666,198.0,165.0,98.0,4797.0,164.0,1061.0,0.0,5.0
0.0,1.0,1.0,0.0,0.0,0.0,1.0,0.0,0.0,0.0,0.0,0.0,1.0,0.0,3.0,0.0,1.0,4457075.5,5400134.5,4490043.5,5339004.5,4460708.5,5405489.5,50.01812109375,45.299072265625,446.04795,152.64998333333332,166.66666666666666,91.0,543.0,302.0,2019.0,239.0,524.0,0.0,0.0
0.0,1.0,1.0,0.0,0.0,0.0,1.0,0.0,0.0,0.0,0.0,0.0,1.0,0.0,4.0,9.0,0.0,4459347.0,5401715.5,4470824.5,5323277.5,4457305.5,5404950.5,1.6351706542968751,2.5900535583496094,5.3608155,166.66666666666666,166.66666666666666,313.0,323.0,248.0,4411.0,144.0,1053.0,0.0,2.0
0.0,1.0,1.0,0.0,0.0,0.0,1.0,0.0,0.0,0.0,0.0,0.0,1.0,0.0,4.0,9.0,0.0,4459347.0,5401715.5,4470824.5,5323277.5,4457305.5,5404950.5,1.6669697265625,3.16696039835612,5.250857,166.66666666666666,166.66666666666666,313.0,306.0,248.0,4411.0,144.0,975.0,0.0,5.0
0.0,1.0,0.0,1.0,0.0,0.0,1.0,0.0,0.0,0.0,0.0,0.0,1.0,0.0,5.0,9.0,0.0,4456824.5,5403894.5,4452297.0,5338305.5,4460488.5,5401122.0,2.150455322265625,3.6872584025065103,18.84345,166.66666666666666,166.66666666666666,306.0,339.0,180.0,1399.0,346.0,749.0,0.0,5.0
1.0,0.0,1.0,0.0,0.0,0.0,1.0,0.0,0.0,0.0,0.0,0.0,1.0,0.0,7.0,9.0,1.0,4451805.5,5402175.5,4461197.0,5397851.5,4457462.5,5403093.5,1.8414771728515624,2.6606165568033853,31.904655,166.66666666666666,166.66666666666666,342.0,213.0,100.0,354.0,204.0,547.0,0.0,1.0
0.0,1.0,0.0,1.0,1.0,0.0,0.0,0.0,0.0,0.0,0.0,0.0,1.0,0.0,1.0,9.0,0.0,4457496.5,5397688.5,4457713.0,5400980.0,4461512.0,5401904.5,3.09312890625,4.353555806477864,1.491689,166.66666666666666,166.66666666666666,175.0,151.0,333.0,306.0,253.0,836.0,0.0,5.0
0.0,1.0,0.0,1.0,1.0,0.0,0.0,0.0,0.0,0.0,0.0,0.0,1.0,0.0,1.0,9.0,0.0,4457496.5,5397688.5,4457713.0,5400980.0,4461512.0,5401904.5,7.702587890625,11.123441569010415,13.331729166666666,166.66666666666666,166.66666666666666,194.0,136.0,333.0,306.0,253.0,995.0,0.0,4.0
0.0,1.0,0.0,1.0,1.0,0.0,0.0,0.0,0.0,0.0,0.0,0.0,1.0,0.0,1.0,9.0,0.0,4457496.5,5397688.5,4457713.0,5400980.0,4461512.0,5401904.5,5.71090576171875,6.519356282552083,13.335668333333333,6.728795000000001,166.66666666666666,230.0,309.0,333.0,306.0,253.0,1007.0,0.0,1.0
0.0,1.0,0.0,1.0,0.0,1.0,0.0,0.0,0.0,0.0,0.0,0.0,1.0,0.0,1.0,9.0,1.0,4457347.0,5403059.0,4461872.0,5432795.0,4461300.0,5401206.0,13.099583984375,15.09176330566406,45.505205,46.35241333333333,166.66666666666666,1615.0,1666.0,204.0,44.0,347.0,582.0,0.0,4.0
0.0,1.0,0.0,1.0,0.0,1.0,0.0,0.0,0.0,0.0,0.0,0.0,1.0,0.0,1.0,9.0,1.0,4457347.0,5403059.0,4461872.0,5432795.0,4461300.0,5401206.0,43.83963671875,36.76013590494792,195.92103333333336,46.30723833333333,154.55306666666667,1615.0,2886.0,204.0,44.0,347.0,627.0,0.0,0.0
0.0,1.0,0.0,1.0,0.0,1.0,0.0,0.0,0.0,0.0,0.0,0.0,1.0,0.0,1.0,9.0,1.0,4457347.0,5403059.0,4461872.0,5432795.0,4461300.0,5401206.0,3.4824145507812503,5.1261545817057295,14.306068333333334,166.66666666666666,166.66666666666666,1615.0,1217.0,204.0,44.0,347.0,859.0,0.0,5.0
0.0,1.0,1.0,0.0,0.0,0.0,1.0,0.0,0.0,0.0,0.0,0.0,1.0,0.0,6.0,9.0,2.0,4459400.5,5404727.5,4466610.0,5331127.0,4461370.0,5405573.5,1.694740478515625,2.274541982014974,2.278171,166.66666666666666,166.66666666666666,189.0,185.0,224.0,3938.0,239.0,544.0,0.0,5.0
0.0,1.0,1.0,0.0,0.0,0.0,1.0,0.0,0.0,0.0,0.0,0.0,1.0,0.0,6.0,9.0,2.0,4459400.5,5404727.5,4466610.0,5331127.0,4461370.0,5405573.5,7.195580078125,8.507125854492188,166.66666666666666,166.66666666666666,166.66666666666666,294.0,369.0,224.0,3938.0,239.0,1041.0,0.0,5.0
0.0,1.0,1.0,0.0,0.0,0.0,1.0,0.0,0.0,0.0,0.0,0.0,1.0,0.0,6.0,8.0,1.0,4458364.5,5401906.0,4497454.5,5320561.5,4460367.5,5401086.0,21.9960703125,20.74885660807292,49.973,166.66666666666666,166.66666666666666,299.0,104.0,212.0,4686.0,340.0,532.0,0.0,0.0
0.0,1.0,1.0,0.0,1.0,0.0,0.0,0.0,0.0,0.0,0.0,0.0,1.0,0.0,1.0,9.0,2.0,4459467.5,5399687.0,4412624.5,5348435.5,4462709.5,5403754.5,2.49490673828125,3.65170186360677,20.91820333333333,166.66666666666666,166.66666666666666,200.0,187.0,349.0,619.0,254.0,1108.0,0.0,5.0
0.0,1.0,0.0,1.0,0.0,0.0,1.0,0.0,0.0,0.0,0.0,0.0,1.0,0.0,1.0,0.0,2.0,4457587.0,5397672.5,4476225.5,5343408.0,4457026.5,5405407.5,41.48967578125,37.363427734375,358.1350333333333,340.1350333333333,166.66666666666666,190.0,11.0,333.0,1959.0,141.0,846.0,0.0,1.0
0.0,1.0,0.0,1.0,0.0,0.0,1.0,0.0,0.0,0.0,0.0,0.0,1.0,0.0,1.0,0.0,2.0,4457587.0,5397672.5,4476225.5,5343408.0,4457026.5,5405407.5,4.14288427734375,5.292548116048177,8.024676666666666,166.66666666666666,166.66666666666666,175.0,222.0,333.0,1959.0,141.0,961.0,0.0,5.0
0.0,1.0,0.0,1.0,0.0,0.0,1.0,0.0,0.0,0.0,0.0,0.0,1.0,0.0,1.0,0.0,2.0,4457587.0,5397672.5,4476225.5,5343408.0,4457026.5,5405407.5,3.7435458984375,5.765504964192708,20.83452833333333,166.66666666666666,166.66666666666666,195.0,304.0,333.0,1959.0,141.0,542.0,0.0,5.0
0.0,1.0,1.0,0.0,0.0,0.0,1.0,0.0,0.0,0.0,0.0,0.0,1.0,0.0,3.0,9.0,0.0,4458724.0,5403480.5,4464488.5,5336506.5,4463457.0,5403081.0,3.976716064453125,5.586944071451823,11.872210666666666,166.66666666666666,166.66666666666666,194.0,241.0,199.0,2773.0,348.0,631.0,0.0,5.0
0.0,1.0,1.0,0.0,0.0,0.0,1.0,0.0,0.0,0.0,0.0,0.0,1.0,0.0,3.0,9.0,0.0,4458724.0,5403480.5,4464488.5,5336506.5,4463457.0,5403081.0,5.652109375,8.128153483072916,20.800941666666667,166.66666666666666,166.66666666666666,306.0,152.0,199.0,2773.0,348.0,641.0,0.0,5.0
0.0,1.0,1.0,0.0,0.0,0.0,1.0,0.0,0.0,0.0,0.0,0.0,1.0,0.0,3.0,9.0,0.0,4458724.0,5403480.5,4464488.5,5336506.5,4463457.0,5403081.0,25.46140234375,17.201033528645834,166.66666666666666,166.66666666666666,166.66666666666666,249.0,384.0,199.0,2773.0,348.0,611.0,0.0,1.0
0.0,1.0,1.0,0.0,0.0,0.0,1.0,0.0,0.0,0.0,0.0,0.0,1.0,0.0,3.0,9.0,0.0,4458724.0,5403480.5,4464488.5,5336506.5,4463457.0,5403081.0,0.6248690795898437,1.196497090657552,2.898699,166.66666666666666,166.66666666666666,123.0,123.0,199.0,2773.0,348.0,1173.0,0.0,5.0
0.0,1.0,1.0,0.0,1.0,0.0,0.0,0.0,0.0,0.0,0.0,0.0,1.0,0.0,2.0,9.0,0.0,4456676.5,5408068.5,4432549.5,5312710.0,4458191.5,5396539.0,14.58490625,15.312801106770833,47.07382,166.66666666666666,166.66666666666666,146.0,354.0,138.0,2489.0,333.0,593.0,0.0,1.0
1.0,0.0,1.0,0.0,0.0,0.0,1.0,0.0,0.0,0.0,0.0,0.0,1.0,0.0,0.0,3.0,1.0,4456825.5,5407833.5,4444899.0,5337574.5,4458064.0,5405052.5,3.057563720703125,4.718236287434896,11.163402333333332,166.66666666666666,166.66666666666666,207.0,172.0,138.0,2548.0,145.0,876.0,0.0,1.0
0.0,1.0,0.0,1.0,1.0,0.0,0.0,0.0,0.0,0.0,0.0,0.0,1.0,0.0,3.0,9.0,2.0,4458586.5,5400645.5,4477115.0,5305096.0,4457026.5,5405407.5,5.1732666015625,6.286665852864584,29.653391666666668,166.66666666666666,166.66666666666666,101.0,165.0,316.0,4588.0,141.0,1076.0,0.0,1.0
0.0,1.0,1.0,0.0,0.0,0.0,1.0,0.0,0.0,0.0,0.0,0.0,1.0,0.0,3.0,9.0,1.0,4455516.5,5403547.0,4418065.0,5360248.5,4461512.0,5401904.5,7.76619677734375,9.948176066080729,34.163041666666665,166.66666666666666,166.66666666666666,352.0,304.0,155.0,724.0,253.0,1019.0,0.0,1.0
0.0,1.0,1.0,0.0,0.0,0.0,1.0,0.0,0.0,0.0,0.0,0.0,1.0,0.0,3.0,9.0,1.0,4455516.5,5403547.0,4418065.0,5360248.5,4461512.0,5401904.5,1.8955518798828128,2.7972925821940104,2.436303666666667,166.66666666666666,166.66666666666666,207.0,195.0,155.0,724.0,253.0,755.0,0.0,5.0
0.0,1.0,1.0,0.0,0.0,0.0,1.0,0.0,0.0,0.0,0.0,0.0,1.0,0.0,3.0,9.0,1.0,4455516.5,5403547.0,4418065.0,5360248.5,4461512.0,5401904.5,10.225416015625,13.04479268391927,56.94698833333334,42.68032166666667,166.66666666666666,103.0,324.0,155.0,724.0,253.0,1209.0,0.0,0.0
0.0,1.0,0.0,1.0,0.0,0.0,1.0,0.0,0.0,0.0,0.0,0.0,1.0,0.0,3.0,9.0,2.0,4458723.5,5400773.5,4473085.5,5336664.0,4459663.5,5404151.5,2.045388916015625,3.6886924743652334,5.975275,166.66666666666666,166.66666666666666,307.0,313.0,316.0,3752.0,229.0,957.0,0.0,5.0
0.0,1.0,0.0,1.0,0.0,0.0,1.0,0.0,0.0,0.0,0.0,0.0,1.0,0.0,3.0,9.0,2.0,4458723.5,5400773.5,4473085.5,5336664.0,4459663.5,5404151.5,1.456892578125,2.2054402669270834,15.436093333333334,166.66666666666666,166.66666666666666,307.0,318.0,316.0,3752.0,229.0,975.0,0.0,2.0
0.0,1.0,0.0,1.0,0.0,0.0,1.0,0.0,0.0,0.0,0.0,0.0,1.0,0.0,6.0,9.0,1.0,4458510.0,5400582.0,4506594.0,5400305.5,4458469.5,5400448.0,9.2432685546875,13.023135375976562,48.890571666666666,47.923905,166.66666666666666,138.0,155.0,316.0,2038.0,318.0,814.0,0.0,0.0
0.0,1.0,1.0,0.0,1.0,0.0,0.0,0.0,0.0,0.0,0.0,0.0,1.0,0.0,2.0,9.0,0.0,4462130.0,5404065.5,4415879.0,5328448.0,4463420.5,5402938.0,8.883138671875,10.11243184407552,34.726315,33.106806666666664,166.66666666666666,198.0,125.0,254.0,2404.0,348.0,1059.0,0.0,5.0
0.0,1.0,0.0,1.0,0.0,0.0,1.0,0.0,0.0,0.0,0.0,0.0,1.0,0.0,5.0,9.0,0.0,4456994.5,5404738.0,4418256.5,5348503.5,4455362.0,5403894.5,0.86861865234375,1.1270084381103516,3.873840833333333,166.66666666666666,166.66666666666666,187.0,144.0,173.0,1047.0,153.0,841.0,0.0,5.0
0.0,1.0,1.0,0.0,0.0,0.0,1.0,0.0,0.0,0.0,0.0,0.0,1.0,0.0,2.0,9.0,1.0,4458359.5,5401054.5,4458059.0,5403845.0,4455979.0,5403535.5,21.546228515625,17.258194986979166,183.54575,166.66666666666666,166.66666666666666,340.0,380.0,309.0,196.0,178.0,1077.0,0.0,1.0
0.0,1.0,1.0,0.0,0.0,0.0,1.0,0.0,0.0,0.0,0.0,0.0,1.0,0.0,2.0,9.0,1.0,4458359.5,5401054.5,4458059.0,5403845.0,4455979.0,5403535.5,3.47677392578125,5.4275767008463545,11.755615,166.66666666666666,166.66666666666666,198.0,177.0,309.0,196.0,178.0,825.0,0.0,1.0
0.0,1.0,1.0,0.0,0.0,0.0,1.0,0.0,0.0,0.0,0.0,0.0,1.0,0.0,2.0,9.0,1.0,4458359.5,5401054.5,4458059.0,5403845.0,4455979.0,5403535.5,6.6800322265625,8.732840983072917,30.958355,166.66666666666666,166.66666666666666,339.0,151.0,309.0,196.0,178.0,730.0,0.0,5.0
0.0,1.0,1.0,0.0,0.0,0.0,1.0,0.0,0.0,0.0,0.0,0.0,1.0,0.0,2.0,9.0,1.0,4458359.5,5401054.5,4458059.0,5403845.0,4455979.0,5403535.5,1.9487041015625,3.133307139078776,3.8927005,166.66666666666666,166.66666666666666,194.0,205.0,309.0,196.0,178.0,644.0,0.0,1.0
0.0,1.0,1.0,0.0,0.0,0.0,1.0,0.0,0.0,0.0,0.0,0.0,1.0,0.0,2.0,9.0,1.0,4458359.5,5401054.5,4458059.0,5403845.0,4455979.0,5403535.5,5.0509326171875,6.380404663085938,23.59566833333333,166.66666666666666,166.66666666666666,204.0,219.0,309.0,196.0,178.0,586.0,0.0,5.0
0.0,1.0,1.0,0.0,0.0,0.0,1.0,0.0,0.0,0.0,0.0,0.0,1.0,0.0,2.0,9.0,1.0,4458359.5,5401054.5,4458059.0,5403845.0,4455979.0,5403535.5,5.5523935546875,7.138115437825521,21.21825833333333,166.66666666666666,166.66666666666666,165.0,218.0,309.0,196.0,178.0,1053.0,0.0,0.0
0.0,1.0,1.0,0.0,0.0,0.0,1.0,0.0,0.0,0.0,0.0,0.0,1.0,0.0,2.0,9.0,1.0,4458359.5,5401054.5,4458059.0,5403845.0,4455979.0,5403535.5,0.2395078887939453,0.3602483113606771,3.587921166666667,166.66666666666666,166.66666666666666,196.0,196.0,309.0,196.0,178.0,787.0,0.0,5.0
0.0,1.0,0.0,1.0,1.0,0.0,0.0,0.0,0.0,0.0,0.0,0.0,1.0,0.0,3.0,9.0,1.0,4456102.0,5404242.5,4416902.5,5323627.5,4459663.5,5404151.5,20.373775390625,18.870048014322915,166.66666666666666,45.22472666666667,166.66666666666666,1131.0,1244.0,170.0,2465.0,229.0,788.0,0.0,1.0
0.0,1.0,0.0,1.0,1.0,0.0,0.0,0.0,0.0,0.0,0.0,0.0,1.0,0.0,3.0,9.0,1.0,4456102.0,5404242.5,4416902.5,5323627.5,4459663.5,5404151.5,57.75153515625,50.8304931640625,166.66666666666666,152.66068333333334,166.66666666666666,1131.0,15.0,170.0,2465.0,229.0,1162.0,0.0,0.0
1.0,0.0,1.0,0.0,0.0,1.0,0.0,0.0,0.0,0.0,0.0,0.0,1.0,0.0,0.0,0.0,0.0,4456106.5,5397372.5,4457351.5,5403656.0,4456309.5,5405791.0,4.3323994140625,5.669218444824219,16.939694166666666,17.031232666666668,166.66666666666666,198.0,342.0,331.0,194.0,140.0,681.0,0.0,1.0
1.0,0.0,1.0,0.0,0.0,1.0,0.0,0.0,0.0,0.0,0.0,0.0,1.0,0.0,0.0,0.0,0.0,4456106.5,5397372.5,4457351.5,5403656.0,4456309.5,5405791.0,21.71346875,17.44178670247396,237.74986666666663,228.74986666666663,166.66666666666666,142.0,95.0,331.0,194.0,140.0,1049.0,0.0,1.0
1.0,0.0,1.0,0.0,0.0,1.0,0.0,0.0,0.0,0.0,0.0,0.0,1.0,0.0,0.0,0.0,0.0,4456106.5,5397372.5,4457351.5,5403656.0,4456309.5,5405791.0,6.2610380859375,9.547483317057292,95.870305,166.66666666666666,166.66666666666666,131.0,119.0,331.0,194.0,140.0,1082.0,0.0,1.0
0.0,1.0,0.0,1.0,1.0,0.0,0.0,0.0,0.0,0.0,0.0,0.0,1.0,0.0,2.0,9.0,1.0,4457412.0,5403738.0,4466921.0,5336258.5,4457259.5,5405376.5,3.6168017578125,4.366878255208333,14.792995,166.66666666666666,166.66666666666666,143.0,217.0,192.0,3240.0,144.0,1048.0,0.0,1.0
0.0,1.0,1.0,0.0,0.0,0.0,1.0,0.0,0.0,0.0,0.0,0.0,1.0,0.0,6.0,9.0,1.0,4455870.5,5404056.5,4441140.0,5416967.0,4458895.0,5401307.5,9.2831103515625,10.573209635416667,14.815256666666668,166.66666666666666,166.66666666666666,376.0,255.0,176.0,55.0,339.0,679.0,0.0,5.0
0.0,1.0,1.0,0.0,0.0,0.0,1.0,0.0,0.0,0.0,0.0,0.0,1.0,0.0,6.0,9.0,1.0,4455870.5,5404056.5,4441140.0,5416967.0,4458895.0,5401307.5,2.828550537109375,4.559078470865885,18.056721666666665,166.66666666666666,166.66666666666666,245.0,349.0,176.0,55.0,339.0,607.0,0.0,5.0
0.0,1.0,0.0,1.0,0.0,0.0,1.0,0.0,0.0,0.0,0.0,0.0,1.0,0.0,6.0,9.0,0.0,4458947.5,5404205.0,4493571.0,5299541.0,4456717.370793296,5396983.565560624,2.72051953125,3.776225026448568,10.242352333333336,166.66666666666666,166.66666666666666,321.0,314.0,225.0,4744.0,334.0,616.0,0.0,5.0
0.0,1.0,0.0,1.0,0.0,0.0,1.0,0.0,0.0,0.0,0.0,0.0,1.0,0.0,6.0,9.0,0.0,4458947.5,5404205.0,4493571.0,5299541.0,4456717.370793296,5396983.565560624,27.890603515625,28.13562418619792,207.81868333333333,197.81868333333333,166.66666666666666,205.0,289.0,225.0,4744.0,334.0,636.0,0.0,1.0
0.0,1.0,0.0,1.0,1.0,0.0,0.0,0.0,0.0,0.0,0.0,0.0,1.0,0.0,3.0,9.0,1.0,4456100.5,5403334.5,4453448.5,5325228.5,4458584.5,5403139.0,2.3432470703125,3.490741475423177,12.291626666666668,166.66666666666666,166.66666666666666,232.0,215.0,179.0,2987.0,208.0,860.0,0.0,5.0
0.0,1.0,0.0,1.0,1.0,0.0,0.0,0.0,0.0,0.0,0.0,0.0,1.0,0.0,3.0,9.0,1.0,4456100.5,5403334.5,4453448.5,5325228.5,4458584.5,5403139.0,0.84000244140625,1.311364237467448,5.3075195,166.66666666666666,166.66666666666666,232.0,233.0,179.0,2987.0,208.0,979.0,0.0,5.0
0.0,1.0,1.0,0.0,0.0,0.0,1.0,0.0,0.0,0.0,0.0,0.0,1.0,0.0,2.0,6.0,1.0,4452479.0,5401569.0,4418528.5,5359075.5,4457293.5,5404346.5,5.00311669921875,7.239854431152343,12.897628333333332,166.66666666666666,166.66666666666666,197.0,300.0,162.0,800.0,186.0,1057.0,0.0,4.0
0.0,1.0,1.0,0.0,0.0,0.0,1.0,0.0,0.0,0.0,0.0,0.0,1.0,0.0,2.0,9.0,1.0,4454877.5,5403433.5,4420251.0,5359554.0,4458251.5,5404848.5,0.7892381591796875,1.0516309102376302,4.234447,166.66666666666666,166.66666666666666,173.0,186.0,154.0,819.0,188.0,854.0,0.0,5.0
1.0,0.0,1.0,0.0,0.0,1.0,0.0,0.0,0.0,0.0,0.0,0.0,1.0,0.0,0.0,0.0,2.0,4459219.5,5404208.0,4416154.0,5360099.0,4458581.5,5400804.0,20.76724609375,15.56460469563802,201.7102833333333,166.66666666666666,166.66666666666666,223.0,403.0,225.0,753.0,316.0,1064.0,0.0,0.0
1.0,0.0,1.0,0.0,0.0,1.0,0.0,0.0,0.0,0.0,0.0,0.0,1.0,0.0,0.0,0.0,2.0,4459219.5,5404208.0,4416154.0,5360099.0,4458581.5,5400804.0,6.25843310546875,8.467054239908855,33.180319999999995,166.66666666666666,166.66666666666666,223.0,324.0,225.0,753.0,316.0,1015.0,0.0,4.0
1.0,0.0,1.0,0.0,0.0,0.0,1.0,0.0,0.0,0.0,0.0,0.0,1.0,0.0,0.0,0.0,1.0,4455575.5,5399143.0,4512876.0,5380715.5,4457766.0,5404614.0,5.5152666015625,7.895530700683594,9.341521666666669,166.66666666666666,166.66666666666666,204.0,242.0,162.0,2114.0,185.0,831.0,0.0,4.0
1.0,0.0,1.0,0.0,0.0,0.0,1.0,0.0,0.0,0.0,0.0,0.0,1.0,0.0,0.0,0.0,1.0,4455575.5,5399143.0,4512876.0,5380715.5,4457766.0,5404614.0,3.83070361328125,5.549592590332031,22.541576666666668,166.66666666666666,166.66666666666666,204.0,339.0,162.0,2114.0,185.0,1251.0,0.0,5.0
0.0,1.0,0.0,1.0,0.0,0.0,1.0,0.0,0.0,0.0,0.0,0.0,1.0,0.0,4.0,9.0,0.0,4458871.5,5405269.5,4473806.0,5337063.0,4461580.5,5401514.0,27.07278125,23.271728515625,66.07869,50.97867,166.66666666666666,198.0,55.0,216.0,3756.0,347.0,763.0,0.0,1.0
0.0,1.0,1.0,0.0,1.0,0.0,0.0,0.0,0.0,0.0,0.0,0.0,1.0,0.0,3.0,9.0,0.0,4457307.5,5404503.0,4477301.0,5325667.5,4460075.0,5404522.5,3.074571533203125,5.013016764322916,3.605048666666667,166.66666666666666,166.66666666666666,340.0,316.0,184.0,4302.0,228.0,905.0,0.0,1.0
0.0,1.0,0.0,1.0,1.0,0.0,0.0,0.0,0.0,0.0,0.0,0.0,1.0,0.0,1.0,8.0,2.0,4458721.5,5401888.0,4509385.0,5302813.0,4457659.0,5405216.0,9.99966796875,10.976952107747396,92.059245,166.66666666666666,166.66666666666666,326.0,254.0,213.0,4797.0,144.0,761.0,0.0,2.0
0.0,1.0,1.0,0.0,0.0,0.0,1.0,0.0,0.0,0.0,0.0,0.0,1.0,0.0,4.0,9.0,1.0,4457646.5,5403390.0,4463558.0,5336703.5,4461487.0,5401866.5,5.39606103515625,6.72399393717448,8.158784,166.66666666666666,166.66666666666666,167.0,156.0,194.0,2758.0,253.0,1103.0,0.0,5.0
0.0,1.0,0.0,1.0,0.0,1.0,0.0,0.0,0.0,0.0,0.0,0.0,1.0,0.0,1.0,9.0,0.0,4459770.5,5403838.5,4473806.0,5337063.0,4457565.5,5405283.5,2.083502197265625,2.565255228678385,7.507679166666667,166.66666666666666,166.66666666666666,198.0,223.0,235.0,3756.0,144.0,1224.0,0.0,5.0
0.0,1.0,0.0,1.0,0.0,1.0,0.0,0.0,0.0,0.0,0.0,0.0,1.0,0.0,1.0,9.0,0.0,4459770.5,5403838.5,4473806.0,5337063.0,4457565.5,5405283.5,11.8326494140625,10.07781982421875,32.236761666666666,166.66666666666666,166.66666666666666,198.0,356.0,235.0,3756.0,144.0,1043.0,0.0,1.0
0.0,1.0,0.0,1.0,0.0,1.0,0.0,0.0,0.0,0.0,0.0,0.0,1.0,0.0,1.0,9.0,0.0,4459770.5,5403838.5,4473806.0,5337063.0,4457565.5,5405283.5,3.3160380859375,4.447462972005209,5.876806666666667,166.66666666666666,166.66666666666666,198.0,222.0,235.0,3756.0,144.0,761.0,0.0,5.0
1.0,0.0,1.0,0.0,0.0,0.0,1.0,0.0,0.0,0.0,0.0,0.0,1.0,0.0,7.0,9.0,2.0,4458721.5,5401888.0,4464923.5,5335492.5,4458600.0,5404749.0,14.42941015625,21.59139607747396,42.15924,166.66666666666666,166.66666666666666,102.0,254.0,213.0,2800.0,189.0,1180.0,0.0,5.0
0.0,1.0,1.0,0.0,1.0,0.0,0.0,0.0,0.0,0.0,0.0,0.0,1.0,0.0,2.0,9.0,1.0,4456423.5,5403886.5,4419724.5,5358914.5,4459219.5,5404196.5,1.4362432861328125,1.9037071228027345,18.787316666666666,166.66666666666666,166.66666666666666,247.0,310.0,177.0,827.0,225.0,1318.0,0.0,1.0
0.0,1.0,1.0,0.0,1.0,0.0,0.0,0.0,0.0,0.0,0.0,0.0,1.0,0.0,2.0,9.0,1.0,4456423.5,5403886.5,4419724.5,5358914.5,4459219.5,5404196.5,4.2726259765625,6.924036153157552,50.46041666666667,166.66666666666666,166.66666666666666,354.0,344.0,177.0,827.0,225.0,790.0,0.0,0.0
0.0,1.0,1.0,0.0,1.0,0.0,0.0,0.0,0.0,0.0,0.0,0.0,1.0,0.0,1.0,9.0,3.0,4459132.5,5406685.5,4450164.0,5318781.5,4461512.0,5401904.5,1.6700657958984375,2.186912027994792,4.835043833333333,166.66666666666666,166.66666666666666,198.0,234.0,139.0,3153.0,253.0,728.0,0.0,5.0
0.0,1.0,0.0,1.0,0.0,0.0,1.0,0.0,0.0,0.0,0.0,0.0,1.0,0.0,1.0,9.0,0.0,4459143.5,5405660.5,4409744.5,5323725.0,4457660.5,5405507.5,3.295599609375,4.397259012858073,14.10732,166.66666666666666,166.66666666666666,198.0,310.0,214.0,2389.0,144.0,1116.0,0.0,5.0
0.0,1.0,1.0,0.0,1.0,0.0,0.0,0.0,0.0,0.0,0.0,0.0,1.0,0.0,2.0,9.0,1.0,4457930.0,5400418.5,4416910.5,5360655.5,4457296.0,5405048.0,11.6029462890625,10.892234293619792,79.30755,166.66666666666666,166.66666666666666,305.0,362.0,314.0,683.0,144.0,943.0,0.0,0.0
1.0,0.0,0.0,1.0,0.0,1.0,0.0,0.0,0.0,0.0,0.0,0.0,1.0,0.0,0.0,0.0,1.0,4454472.0,5403724.5,4436144.5,5368217.0,4458064.0,5405052.5,5.084630859375,7.268150838216146,16.474048333333332,166.66666666666666,166.66666666666666,204.0,302.0,149.0,548.0,145.0,936.0,0.0,5.0
0.0,1.0,1.0,0.0,1.0,0.0,0.0,0.0,0.0,0.0,0.0,0.0,1.0,0.0,2.0,9.0,2.0,4456428.0,5407511.5,4396316.0,5357898.0,4456743.0,5406346.0,4.888640625,6.99326171875,42.21711666666667,166.66666666666666,166.66666666666666,326.0,208.0,137.0,560.0,140.0,849.0,0.0,5.0
0.0,1.0,1.0,0.0,0.0,0.0,1.0,0.0,0.0,0.0,0.0,0.0,1.0,0.0,6.0,9.0,1.0,4455861.5,5399433.0,4457221.0,5333234.5,4457721.5,5405641.0,2.255053466796875,3.197687530517578,10.806671666666666,166.66666666666666,166.66666666666666,204.0,185.0,319.0,2674.0,144.0,632.0,0.0,5.0
0.0,1.0,1.0,0.0,0.0,0.0,1.0,0.0,0.0,0.0,0.0,0.0,1.0,0.0,6.0,9.0,1.0,4455861.5,5399433.0,4457221.0,5333234.5,4457721.5,5405641.0,1.8293408203125,2.9514742533365883,7.177489666666666,166.66666666666666,166.66666666666666,204.0,178.0,319.0,2674.0,144.0,502.0,0.0,5.0
0.0,1.0,1.0,0.0,0.0,0.0,1.0,0.0,0.0,0.0,0.0,0.0,1.0,0.0,6.0,9.0,1.0,4455861.5,5399433.0,4457221.0,5333234.5,4457721.5,5405641.0,18.3741875,19.120827229817703,38.571155,166.66666666666666,166.66666666666666,204.0,72.0,319.0,2674.0,144.0,966.0,0.0,1.0
0.0,1.0,1.0,0.0,0.0,0.0,1.0,0.0,0.0,0.0,0.0,0.0,1.0,0.0,5.0,9.0,0.0,4458405.5,5400406.0,4501857.5,5396250.5,4461580.5,5401514.0,3.240216552734375,5.0657806396484375,25.23667333333333,166.66666666666666,166.66666666666666,318.0,340.0,317.0,2025.0,347.0,652.0,0.0,2.0
0.0,1.0,1.0,0.0,0.0,0.0,1.0,0.0,0.0,0.0,0.0,0.0,1.0,0.0,5.0,9.0,0.0,4458405.5,5400406.0,4501857.5,5396250.5,4461580.5,5401514.0,2.497648681640625,3.66727294921875,27.223925,166.66666666666666,166.66666666666666,318.0,245.0,317.0,2025.0,347.0,890.0,0.0,5.0
0.0,1.0,1.0,0.0,0.0,0.0,1.0,0.0,0.0,0.0,0.0,0.0,1.0,0.0,5.0,9.0,0.0,4458405.5,5400406.0,4501857.5,5396250.5,4461580.5,5401514.0,4.95800927734375,6.827448018391927,17.894185,166.66666666666666,166.66666666666666,318.0,331.0,317.0,2025.0,347.0,697.0,0.0,0.0
0.0,1.0,1.0,0.0,0.0,0.0,1.0,0.0,0.0,0.0,0.0,0.0,1.0,0.0,5.0,9.0,0.0,4458405.5,5400406.0,4501857.5,5396250.5,4461580.5,5401514.0,19.867099609375,17.478568522135415,86.4159,166.66666666666666,166.66666666666666,286.0,372.0,317.0,2025.0,347.0,693.0,0.0,0.0
0.0,1.0,1.0,0.0,0.0,0.0,1.0,0.0,0.0,0.0,0.0,0.0,1.0,0.0,5.0,9.0,0.0,4458405.5,5400406.0,4501857.5,5396250.5,4461580.5,5401514.0,2.046828125,1.9153218587239584,4.047715833333333,166.66666666666666,166.66666666666666,286.0,286.0,317.0,2025.0,347.0,921.0,0.0,5.0
0.0,1.0,1.0,0.0,0.0,0.0,1.0,0.0,0.0,0.0,0.0,0.0,1.0,0.0,4.0,9.0,2.0,4449132.5,5404836.5,4466505.0,5345606.0,4462614.0,5403822.0,7.837501953125,10.922261555989584,36.55940833333333,166.66666666666666,166.66666666666666,331.0,243.0,98.0,1703.0,254.0,827.0,0.0,5.0
1.0,0.0,0.0,1.0,0.0,0.0,1.0,0.0,0.0,0.0,0.0,0.0,1.0,0.0,0.0,0.0,1.0,4459094.0,5406652.5,4458336.0,5403471.0,4454790.5,5404158.5,31.711826171875,32.639058430989586,556.5808,166.66666666666666,166.66666666666666,207.0,1086.0,139.0,198.0,147.0,839.0,0.0,1.0
1.0,0.0,0.0,1.0,0.0,0.0,1.0,0.0,0.0,0.0,0.0,0.0,1.0,0.0,0.0,0.0,1.0,4459094.0,5406652.5,4458336.0,5403471.0,4454790.5,5404158.5,22.779134765625,17.986794026692706,189.58928333333333,24.846028333333333,166.66666666666666,198.0,1162.0,139.0,198.0,147.0,1030.0,0.0,0.0
0.0,1.0,1.0,0.0,1.0,0.0,0.0,0.0,0.0,0.0,0.0,0.0,1.0,0.0,1.0,9.0,1.0,4459413.5,5399932.5,4418241.0,5355500.0,4461011.0,5404068.0,30.767240234375,28.549003092447915,182.0992666666667,166.66666666666666,166.66666666666666,244.0,4.0,349.0,945.0,241.0,897.0,0.0,1.0
0.0,1.0,1.0,0.0,0.0,0.0,1.0,0.0,0.0,0.0,0.0,0.0,1.0,0.0,3.0,3.0,2.0,4458601.5,5401041.5,4475676.0,5347558.0,4457276.5,5405656.5,16.511826171875,19.21060384114584,239.5586166666667,166.66666666666666,166.66666666666666,323.0,1087.0,310.0,1714.0,144.0,792.0,0.0,5.0
0.0,1.0,1.0,0.0,0.0,0.0,1.0,0.0,0.0,0.0,0.0,0.0,1.0,0.0,3.0,3.0,2.0,4458601.5,5401041.5,4475676.0,5347558.0,4457276.5,5405656.5,2.300276123046875,3.337712097167969,12.578291666666669,166.66666666666666,166.66666666666666,231.0,221.0,310.0,1714.0,144.0,965.0,0.0,5.0
0.0,1.0,1.0,0.0,0.0,0.0,1.0,0.0,0.0,0.0,0.0,0.0,1.0,0.0,3.0,3.0,2.0,4458601.5,5401041.5,4475676.0,5347558.0,4457276.5,5405656.5,0.663633544921875,1.2730233510335287,16.876981666666666,166.66666666666666,166.66666666666666,356.0,357.0,310.0,1714.0,144.0,918.0,0.0,5.0
0.0,1.0,1.0,0.0,0.0,0.0,1.0,0.0,0.0,0.0,0.0,0.0,1.0,0.0,2.0,4.0,1.0,4458148.5,5400602.5,4469072.5,5334617.0,4456939.0,5406040.0,2.036550537109375,2.8590596516927085,18.56142833333333,166.66666666666666,166.66666666666666,244.0,233.0,315.0,3441.0,140.0,962.0,0.0,4.0
0.0,1.0,1.0,0.0,0.0,0.0,1.0,0.0,0.0,0.0,0.0,0.0,1.0,0.0,2.0,4.0,1.0,4458148.5,5400602.5,4469072.5,5334617.0,4456939.0,5406040.0,4.90369091796875,6.545753479003906,25.52591,166.66666666666666,166.66666666666666,199.0,254.0,315.0,3441.0,140.0,975.0,0.0,5.0
1.0,0.0,1.0,0.0,0.0,0.0,1.0,0.0,0.0,0.0,0.0,0.0,1.0,0.0,5.0,9.0,1.0,4458349.5,5400972.5,4466429.0,5333210.0,4452877.0,5404303.5,5.100009765625,6.72682851155599,19.91756,166.66666666666666,166.66666666666666,142.0,243.0,309.0,3492.0,164.0,569.0,0.0,5.0
0.0,1.0,1.0,0.0,1.0,0.0,0.0,0.0,0.0,0.0,0.0,0.0,1.0,0.0,1.0,7.0,1.0,4459454.0,5405141.0,4470455.0,5332732.0,4461512.0,5401904.5,16.01568359375,15.259866333007812,414.1315,186.1375833333333,166.66666666666666,368.0,1165.0,217.0,3707.0,253.0,585.0,0.0,1.0
0.0,1.0,1.0,0.0,1.0,0.0,0.0,0.0,0.0,0.0,0.0,0.0,1.0,0.0,1.0,7.0,1.0,4459454.0,5405141.0,4470455.0,5332732.0,4461512.0,5401904.5,11.909921875,12.519261678059896,18.22055,166.66666666666666,166.66666666666666,368.0,350.0,217.0,3707.0,253.0,750.0,0.0,1.0
0.0,1.0,0.0,1.0,1.0,0.0,0.0,0.0,0.0,0.0,0.0,0.0,0.0,1.0,2.0,9.0,0.0,4457932.5,5403233.5,4504759.0,5301423.5,4458859.5,5406485.5,12.0304072265625,12.13954366048177,31.17881833333333,166.66666666666666,166.66666666666666,193.0,123.0,205.0,4801.0,222.0,559.0,0.0,1.0
0.0,1.0,1.0,0.0,1.0,0.0,0.0,0.0,0.0,0.0,0.0,0.0,0.0,1.0,1.0,9.0,1.0,4447776.0,5404714.0,4420226.0,5326492.5,4460757.0,5401208.5,8.958483398437501,11.4930419921875,56.22067833333333,166.66666666666666,166.66666666666666,104.0,96.0,98.0,2418.0,346.0,1065.0,0.0,4.0
0.0,1.0,1.0,0.0,1.0,0.0,0.0,0.0,0.0,0.0,0.0,0.0,0.0,1.0,1.0,9.0,1.0,4447776.0,5404714.0,4420226.0,5326492.5,4460757.0,5401208.5,13.56796484375,9.460555013020834,45.32403333333333,166.66666666666666,166.66666666666666,104.0,98.0,98.0,2418.0,346.0,971.0,0.0,1.0
0.0,1.0,1.0,0.0,1.0,0.0,0.0,0.0,0.0,0.0,0.0,0.0,0.0,1.0,5.0,9.0,0.0,4455034.5,5403942.0,4474798.5,5353037.5,4461551.0,5401820.5,6.5318427734375,8.226979573567709,27.62855833333333,166.66666666666666,166.66666666666666,1213.0,1621.0,152.0,1581.0,253.0,923.0,0.0,1.0
0.0,1.0,0.0,1.0,1.0,0.0,0.0,0.0,0.0,0.0,0.0,0.0,0.0,1.0,4.0,9.0,1.0,4457320.0,5400942.5,4460716.0,5305085.0,4452899.0,5404596.5,2.569763671875,3.067861175537109,15.574108833333334,166.66666666666666,166.66666666666666,185.0,217.0,305.0,4529.0,164.0,885.0,0.0,5.0
0.0,1.0,0.0,1.0,1.0,0.0,0.0,0.0,0.0,0.0,0.0,0.0,0.0,1.0,3.0,9.0,0.0,4455072.0,5403340.0,4473599.0,5334252.0,4457278.0,5405323.5,4.626732421875,6.420386759440104,8.572505,166.66666666666666,166.66666666666666,195.0,252.0,154.0,3814.0,144.0,943.0,0.0,5.0
0.0,1.0,0.0,1.0,1.0,0.0,0.0,0.0,0.0,0.0,0.0,0.0,0.0,1.0,3.0,9.0,0.0,4455072.0,5403340.0,4473599.0,5334252.0,4457278.0,5405323.5,2.147807861328125,3.3836039225260417,26.216573333333333,166.66666666666666,166.66666666666666,195.0,201.0,154.0,3814.0,144.0,924.0,0.0,5.0
0.0,1.0,1.0,0.0,1.0,0.0,0.0,0.0,0.0,0.0,0.0,0.0,0.0,1.0,4.0,9.0,0.0,4457115.5,5400985.5,4533772.5,5387332.0,4457325.5,5404596.5,12.2329375,12.57494099934896,53.5341,166.66666666666666,166.66666666666666,327.0,348.0,297.0,2230.0,184.0,1087.0,0.0,4.0
0.0,1.0,1.0,0.0,1.0,0.0,0.0,0.0,0.0,0.0,0.0,0.0,0.0,1.0,3.0,9.0,0.0,4459755.5,5405362.0,4472713.0,5330110.5,4459733.5,5400132.0,26.094990234375,19.138893636067703,121.08135,193.08135,166.66666666666666,399.0,410.0,218.0,4150.0,345.0,502.0,0.0,1.0
0.0,1.0,1.0,0.0,1.0,0.0,0.0,0.0,0.0,0.0,0.0,0.0,0.0,1.0,3.0,9.0,0.0,4459755.5,5405362.0,4472713.0,5330110.5,4459733.5,5400132.0,14.93235546875,15.58549296061198,243.43595,177.43595,166.66666666666666,399.0,407.0,218.0,4150.0,345.0,483.0,0.0,1.0
0.0,1.0,0.0,1.0,1.0,0.0,0.0,0.0,0.0,0.0,0.0,0.0,0.0,1.0,2.0,9.0,1.0,4458508.5,5404509.5,4463637.0,5335663.0,4458474.5,5400413.0,7.24948193359375,9.1240966796875,16.2584025,166.66666666666666,166.66666666666666,244.0,140.0,189.0,2781.0,318.0,708.0,0.0,1.0
0.0,1.0,1.0,0.0,0.0,1.0,0.0,0.0,0.0,0.0,0.0,0.0,0.0,1.0,1.0,0.0,1.0,4458454.5,5401030.5,4465565.0,5329203.5,4460916.0,5405727.5,2.807732666015625,4.211532084147136,13.334701666666666,166.66666666666666,166.66666666666666,339.0,205.0,310.0,3985.0,239.0,763.0,0.0,5.0
0.0,1.0,0.0,1.0,1.0,0.0,0.0,0.0,0.0,0.0,0.0,0.0,0.0,1.0,2.0,9.0,1.0,4458601.5,5401041.5,4462371.0,5333121.5,4457705.0,5404436.5,41.18946875,37.987406412760414,57.25286499999999,166.66666666666666,166.66666666666666,7.0,147.0,310.0,2874.0,187.0,479.0,0.0,1.0
0.0,1.0,0.0,1.0,1.0,0.0,0.0,0.0,0.0,0.0,0.0,0.0,0.0,1.0,2.0,9.0,1.0,4458601.5,5401041.5,4462371.0,5333121.5,4457705.0,5404436.5,42.3416328125,42.02950032552084,216.7320833333333,166.66666666666666,166.66666666666666,7.0,112.0,310.0,2874.0,187.0,808.0,0.0,4.0
0.0,1.0,0.0,1.0,1.0,0.0,0.0,0.0,0.0,0.0,0.0,0.0,0.0,1.0,2.0,9.0,1.0,4458601.5,5401041.5,4462371.0,5333121.5,4457705.0,5404436.5,12.560818359375,16.899656168619792,323.3270166666666,318.3270166666666,166.66666666666666,7.0,9.0,310.0,2874.0,187.0,782.0,0.0,1.0
0.0,1.0,0.0,1.0,1.0,0.0,0.0,0.0,0.0,0.0,0.0,0.0,0.0,1.0,2.0,9.0,1.0,4458601.5,5401041.5,4462371.0,5333121.5,4457705.0,5404436.5,41.7757109375,38.34404703776042,108.261255,166.66666666666666,166.66666666666666,7.0,133.0,310.0,2874.0,187.0,565.0,0.0,4.0
0.0,1.0,1.0,0.0,0.0,0.0,1.0,0.0,0.0,0.0,0.0,0.0,0.0,1.0,5.0,9.0,1.0,4459355.0,5403356.5,4466615.5,5341057.0,4460689.0,5401052.0,1.1714520263671877,1.6767152150472004,6.928223333333333,166.66666666666666,166.66666666666666,197.0,225.0,234.0,1753.0,346.0,853.0,0.0,0.0
0.0,1.0,0.0,1.0,1.0,0.0,0.0,0.0,0.0,0.0,0.0,0.0,0.0,1.0,1.0,9.0,0.0,4446635.5,5403341.5,4468594.5,5334818.0,4458895.0,5401307.5,0.35599169921875,0.4338898658752441,0.888102,166.66666666666666,166.66666666666666,165.0,165.0,97.0,3437.0,339.0,510.0,0.0,5.0
0.0,1.0,1.0,0.0,1.0,0.0,0.0,0.0,0.0,0.0,0.0,0.0,0.0,1.0,1.0,9.0,0.0,4452633.0,5402548.5,4467398.5,5332289.0,4458064.0,5405052.5,100.2030703125,58.49401041666667,256.93691666666666,181.77893333333336,166.66666666666666,133.0,2185.0,156.0,3560.0,145.0,899.0,0.0,1.0
0.0,1.0,0.0,1.0,1.0,0.0,0.0,0.0,0.0,0.0,0.0,0.0,0.0,1.0,1.0,9.0,1.0,4458919.0,5398386.0,4477364.0,5330530.0,4460757.0,5401208.5,10.9883818359375,10.713803100585938,44.973,166.66666666666666,166.66666666666666,106.0,104.0,338.0,4251.0,346.0,821.0,0.0,4.0
0.0,1.0,0.0,1.0,1.0,0.0,0.0,0.0,0.0,0.0,0.0,0.0,0.0,1.0,1.0,9.0,1.0,4458919.0,5398386.0,4477364.0,5330530.0,4460757.0,5401208.5,8.996944335937501,12.97473856608073,23.504956666666665,166.66666666666666,166.66666666666666,106.0,133.0,338.0,4251.0,346.0,1042.0,0.0,1.0
0.0,1.0,0.0,1.0,1.0,0.0,0.0,0.0,0.0,0.0,0.0,0.0,0.0,1.0,1.0,9.0,1.0,4458919.0,5398386.0,4477364.0,5330530.0,4460757.0,5401208.5,18.409625,21.97842610677084,107.78126666666668,166.66666666666666,166.66666666666666,106.0,255.0,338.0,4251.0,346.0,945.0,0.0,1.0
0.0,1.0,0.0,1.0,1.0,0.0,0.0,0.0,0.0,0.0,0.0,0.0,0.0,1.0,1.0,9.0,1.0,4458919.0,5398386.0,4477364.0,5330530.0,4460757.0,5401208.5,10.47059375,15.2809814453125,47.59057166666666,166.66666666666666,166.66666666666666,106.0,155.0,338.0,4251.0,346.0,529.0,0.0,5.0
0.0,1.0,0.0,1.0,1.0,0.0,0.0,0.0,0.0,0.0,0.0,0.0,0.0,1.0,1.0,9.0,1.0,4458919.0,5398386.0,4477364.0,5330530.0,4460757.0,5401208.5,22.611982421875,25.661002604166665,320.24235,262.51685,166.66666666666666,106.0,74.0,338.0,4251.0,346.0,548.0,0.0,4.0
0.0,1.0,0.0,1.0,1.0,0.0,0.0,0.0,0.0,0.0,0.0,0.0,0.0,1.0,2.0,9.0,1.0,4456902.0,5400752.0,4510184.5,5301365.5,4455828.0,5405076.0,4.63658740234375,5.9108225504557295,30.79640333333333,166.66666666666666,166.66666666666666,144.0,250.0,300.0,4858.0,165.0,899.0,0.0,5.0
0.0,1.0,0.0,1.0,1.0,0.0,0.0,0.0,0.0,0.0,0.0,0.0,0.0,1.0,2.0,9.0,1.0,4456902.0,5400752.0,4510184.5,5301365.5,4455828.0,5405076.0,14.87953515625,14.19388936360677,232.70176666666663,44.486023333333335,166.66666666666666,144.0,92.0,300.0,4858.0,165.0,863.0,0.0,3.0
0.0,1.0,1.0,0.0,1.0,0.0,0.0,0.0,0.0,0.0,0.0,0.0,0.0,1.0,5.0,8.0,2.0,4457496.5,5404503.5,4459039.0,5330029.5,4461374.5,5401232.5,14.8972802734375,16.446842447916666,51.47009333333333,166.66666666666666,166.66666666666666,147.0,356.0,184.0,2996.0,347.0,1094.0,0.0,1.0
0.0,1.0,0.0,1.0,1.0,0.0,0.0,0.0,0.0,0.0,0.0,0.0,0.0,1.0,4.0,9.0,1.0,4460927.0,5403618.5,4432217.0,5323880.0,4457622.5,5404833.5,15.955771484375,14.990259806315104,214.1432166666667,166.66666666666666,166.66666666666666,321.0,400.0,241.0,2480.0,184.0,984.0,0.0,1.0
0.0,1.0,0.0,1.0,1.0,0.0,0.0,0.0,0.0,0.0,0.0,0.0,0.0,1.0,4.0,9.0,1.0,4460927.0,5403618.5,4432217.0,5323880.0,4457622.5,5404833.5,11.290263671875,12.751883951822917,136.71569999999997,166.66666666666666,166.66666666666666,321.0,287.0,241.0,2480.0,184.0,750.0,0.0,1.0
0.0,1.0,0.0,1.0,1.0,0.0,0.0,0.0,0.0,0.0,0.0,0.0,0.0,1.0,3.0,9.0,2.0,4456195.0,5399424.5,4494056.5,5299441.0,4457903.0,5404445.5,30.86152734375,25.04679565429688,96.58735,166.66666666666666,166.66666666666666,286.0,376.0,319.0,4744.0,187.0,1117.0,0.0,4.0
0.0,1.0,0.0,1.0,1.0,0.0,0.0,0.0,0.0,0.0,0.0,0.0,0.0,1.0,3.0,9.0,2.0,4456195.0,5399424.5,4494056.5,5299441.0,4457903.0,5404445.5,4.17014111328125,5.3,184.65358333333333,166.66666666666666,166.66666666666666,286.0,292.0,319.0,4744.0,187.0,944.0,0.0,1.0
0.0,1.0,0.0,1.0,1.0,0.0,0.0,0.0,0.0,0.0,0.0,0.0,0.0,1.0,3.0,9.0,2.0,4456195.0,5399424.5,4494056.5,5299441.0,4457903.0,5404445.5,16.77615625,16.087584431966146,74.17513833333334,166.66666666666666,166.66666666666666,286.0,252.0,319.0,4744.0,187.0,1139.0,0.0,1.0
0.0,1.0,0.0,1.0,1.0,0.0,0.0,0.0,0.0,0.0,0.0,0.0,0.0,1.0,4.0,9.0,0.0,4455635.5,5399619.0,4472192.5,5351290.0,4458064.0,5405052.5,0.7746942138671875,1.361814626057943,166.66666666666666,166.66666666666666,166.66666666666666,153.0,149.0,162.0,1589.0,145.0,582.0,0.0,5.0
0.0,1.0,0.0,1.0,1.0,0.0,0.0,0.0,0.0,0.0,0.0,0.0,0.0,1.0,2.0,9.0,0.0,4458873.0,5404619.5,4440953.5,5400018.5,4451863.5,5402680.0,2.2744853515625,3.05491460164388,13.430348333333336,166.66666666666666,166.66666666666666,229.0,198.0,223.0,265.0,99.0,1037.0,0.0,5.0
0.0,1.0,0.0,1.0,1.0,0.0,0.0,0.0,0.0,0.0,0.0,0.0,0.0,1.0,2.0,9.0,0.0,4458873.0,5404619.5,4440953.5,5400018.5,4451863.5,5402680.0,17.501392578125,11.239640299479166,87.96228333333333,166.66666666666666,166.66666666666666,229.0,373.0,223.0,265.0,99.0,841.0,0.0,1.0
0.0,1.0,0.0,1.0,1.0,0.0,0.0,0.0,0.0,0.0,0.0,0.0,0.0,1.0,2.0,9.0,0.0,4458873.0,5404619.5,4440953.5,5400018.5,4451863.5,5402680.0,5.76167529296875,7.445328267415364,166.66666666666666,166.66666666666666,166.66666666666666,229.0,149.0,223.0,265.0,99.0,1326.0,0.0,1.0
0.0,1.0,1.0,0.0,1.0,0.0,0.0,0.0,0.0,0.0,0.0,0.0,0.0,1.0,3.0,9.0,2.0,4456759.0,5405023.0,4467760.5,5385898.5,4458064.0,5405052.5,14.3127607421875,13.873238118489583,59.06845,166.66666666666666,166.66666666666666,376.0,347.0,142.0,1161.0,145.0,438.0,0.0,1.0
0.0,1.0,1.0,0.0,1.0,0.0,0.0,0.0,0.0,0.0,0.0,0.0,0.0,1.0,3.0,9.0,2.0,4456759.0,5405023.0,4467760.5,5385898.5,4458064.0,5405052.5,54.0724765625,37.1595947265625,513.2175,490.4675,166.66666666666666,376.0,1140.0,142.0,1161.0,145.0,512.0,0.0,
0.0,1.0,1.0,0.0,1.0,0.0,0.0,0.0,0.0,0.0,0.0,0.0,0.0,1.0,3.0,9.0,2.0,4456759.0,5405023.0,4467760.5,5385898.5,4458064.0,5405052.5,7.46137841796875,8.329851786295572,79.00965,58.22022666666667,166.66666666666666,376.0,125.0,142.0,1161.0,145.0,807.0,0.0,1.0
0.0,1.0,1.0,0.0,1.0,0.0,0.0,0.0,0.0,0.0,0.0,0.0,0.0,1.0,3.0,9.0,2.0,4456759.0,5405023.0,4467760.5,5385898.5,4458064.0,5405052.5,15.5448837890625,16.833646647135417,39.96114166666667,166.66666666666666,166.66666666666666,376.0,142.0,142.0,1161.0,145.0,748.0,0.0,1.0
0.0,1.0,1.0,0.0,1.0,0.0,0.0,0.0,0.0,0.0,0.0,0.0,0.0,1.0,3.0,9.0,2.0,4456759.0,5405023.0,4467760.5,5385898.5,4458064.0,5405052.5,13.0101591796875,13.632991536458333,41.62251333333334,166.66666666666666,166.66666666666666,376.0,145.0,142.0,1161.0,145.0,794.0,0.0,5.0
0.0,1.0,0.0,1.0,0.0,1.0,0.0,0.0,0.0,0.0,0.0,0.0,0.0,1.0,1.0,9.0,1.0,4458658.5,5402983.0,4453281.5,5290120.0,4455976.5,5398594.5,8.74332421875,12.415959676106771,21.211596666666665,166.66666666666666,166.66666666666666,174.0,325.0,208.0,4579.0,321.0,489.0,0.0,2.0
0.0,1.0,0.0,1.0,1.0,0.0,0.0,0.0,0.0,0.0,0.0,0.0,0.0,1.0,4.0,9.0,1.0,4459452.5,5403963.0,4447761.5,5298650.0,4461175.5,5401215.0,1.9312946777343751,2.5716517130533854,7.802027333333333,166.66666666666666,166.66666666666666,252.0,243.0,232.0,4551.0,346.0,770.0,0.0,5.0
0.0,1.0,0.0,1.0,1.0,0.0,0.0,0.0,0.0,0.0,0.0,0.0,0.0,1.0,4.0,9.0,1.0,4459452.5,5403963.0,4447761.5,5298650.0,4461175.5,5401215.0,4.626732421875,6.420386759440104,19.452816666666667,166.66666666666666,166.66666666666666,252.0,195.0,232.0,4551.0,346.0,465.0,0.0,5.0
0.0,1.0,0.0,1.0,1.0,0.0,0.0,0.0,0.0,0.0,0.0,0.0,0.0,1.0,2.0,9.0,2.0,4457728.5,5401674.0,4507592.5,5288375.0,4456689.0,5406381.0,8.236306640625001,11.106448364257812,31.517153333333333,166.66666666666666,166.66666666666666,190.0,132.0,304.0,4892.0,140.0,774.0,0.0,1.0
0.0,1.0,0.0,1.0,1.0,0.0,0.0,0.0,0.0,0.0,0.0,0.0,0.0,1.0,2.0,9.0,2.0,4457728.5,5401674.0,4507592.5,5288375.0,4456689.0,5406381.0,39.613140625,26.136444091796875,267.4250166666667,166.66666666666666,166.66666666666666,190.0,1191.0,304.0,4892.0,140.0,590.0,0.0,1.0
0.0,1.0,0.0,1.0,1.0,0.0,0.0,0.0,0.0,0.0,0.0,0.0,0.0,1.0,2.0,9.0,2.0,4457728.5,5401674.0,4507592.5,5288375.0,4456689.0,5406381.0,38.63709765625,33.76803385416667,548.7808,166.66666666666666,166.66666666666666,190.0,1086.0,304.0,4892.0,140.0,495.0,0.0,1.0
0.0,1.0,1.0,0.0,1.0,0.0,0.0,0.0,0.0,0.0,0.0,0.0,0.0,1.0,3.0,9.0,1.0,4459198.5,5402275.0,4452308.5,5331019.5,4460540.0,5401017.5,8.7391767578125,11.65452168782552,11.27902,166.66666666666666,166.66666666666666,140.0,138.0,245.0,2597.0,346.0,843.0,0.0,1.0
0.0,1.0,1.0,0.0,1.0,0.0,0.0,0.0,0.0,0.0,0.0,0.0,0.0,1.0,3.0,9.0,1.0,4459198.5,5402275.0,4452308.5,5331019.5,4460540.0,5401017.5,3.399233642578125,4.989032491048177,25.024246666666667,166.66666666666666,166.66666666666666,140.0,144.0,245.0,2597.0,346.0,1023.0,0.0,5.0
0.0,1.0,0.0,1.0,1.0,0.0,0.0,0.0,0.0,0.0,0.0,0.0,0.0,1.0,3.0,9.0,1.0,4458701.0,5403764.0,4485201.5,5301795.5,4456795.0,5405487.0,3.6557280273437502,5.182803853352865,7.481322666666667,166.66666666666666,166.66666666666666,242.0,251.0,197.0,4632.0,140.0,807.0,0.0,5.0
0.0,1.0,0.0,1.0,1.0,0.0,0.0,0.0,0.0,0.0,0.0,0.0,0.0,1.0,3.0,9.0,1.0,4458701.0,5403764.0,4485201.5,5301795.5,4456795.0,5405487.0,3.754918701171875,4.067594909667969,22.781265,166.66666666666666,166.66666666666666,242.0,255.0,197.0,4632.0,140.0,1035.0,0.0,4.0
0.0,1.0,0.0,1.0,1.0,0.0,0.0,0.0,0.0,0.0,0.0,0.0,0.0,1.0,3.0,9.0,1.0,4458701.0,5403764.0,4485201.5,5301795.5,4456795.0,5405487.0,9.45333984375,10.629836018880209,36.58735,166.66666666666666,166.66666666666666,242.0,376.0,197.0,4632.0,140.0,793.0,0.0,1.0
0.0,1.0,0.0,1.0,1.0,0.0,0.0,0.0,0.0,0.0,0.0,0.0,0.0,1.0,3.0,9.0,1.0,4458701.0,5403764.0,4485201.5,5301795.5,4456795.0,5405487.0,1.2732532958984375,2.559139506022136,14.692575,166.66666666666666,166.66666666666666,242.0,254.0,197.0,4632.0,140.0,603.0,0.0,4.0
0.0,1.0,0.0,1.0,1.0,0.0,0.0,0.0,0.0,0.0,0.0,0.0,0.0,1.0,3.0,9.0,1.0,4458701.0,5403764.0,4485201.5,5301795.5,4456795.0,5405487.0,7.63903564453125,10.684217325846356,19.099508333333333,166.66666666666666,166.66666666666666,242.0,323.0,197.0,4632.0,140.0,482.0,0.0,2.0
0.0,1.0,1.0,0.0,1.0,0.0,0.0,0.0,0.0,0.0,0.0,0.0,0.0,1.0,2.0,9.0,0.0,4456995.5,5403780.5,4441482.5,5322324.5,4461580.5,5401514.0,5.88578076171875,8.159704081217448,27.273098333333333,166.66666666666666,166.66666666666666,329.0,210.0,181.0,3148.0,347.0,798.0,0.0,4.0
0.0,1.0,1.0,0.0,1.0,0.0,0.0,0.0,0.0,0.0,0.0,0.0,0.0,1.0,1.0,9.0,0.0,4456775.5,5405006.0,4502990.5,5358826.5,4458812.0,5402111.5,7.083353515625,9.468733723958334,41.51993,166.66666666666666,166.66666666666666,299.0,253.0,142.0,2284.0,213.0,951.0,0.0,5.0
0.0,1.0,1.0,0.0,1.0,0.0,0.0,0.0,0.0,0.0,0.0,0.0,0.0,1.0,1.0,9.0,0.0,4447947.0,5404529.5,4459450.0,5345815.0,4456939.0,5406040.0,78.4105390625,49.12102457682292,298.9212166666667,142.40923333333333,166.66666666666666,133.0,1386.0,98.0,1379.0,140.0,538.0,0.0,0.0
0.0,1.0,1.0,0.0,1.0,0.0,0.0,0.0,0.0,0.0,0.0,0.0,0.0,1.0,1.0,9.0,0.0,4456519.5,5404901.0,4514092.0,5274900.5,4458064.0,5405052.5,38.6239609375,34.25145670572917,166.66666666666666,166.66666666666666,166.66666666666666,127.0,9.0,142.0,4952.0,145.0,1078.0,0.0,1.0
0.0,1.0,0.0,1.0,1.0,0.0,0.0,0.0,0.0,0.0,0.0,0.0,0.0,1.0,4.0,9.0,1.0,4454559.5,5404088.0,4415238.5,5360911.5,4455976.5,5398594.5,7.91429052734375,8.358842468261718,40.62292833333333,166.66666666666666,166.66666666666666,255.0,244.0,149.0,662.0,321.0,742.0,0.0,2.0
0.0,1.0,0.0,1.0,1.0,0.0,0.0,0.0,0.0,0.0,0.0,0.0,0.0,1.0,2.0,9.0,1.0,4454399.5,5404385.0,4415215.5,5377311.0,4459854.0,5404577.5,26.58033984375,22.34698486328125,446.53535,145.81133333333332,166.66666666666666,286.0,16.0,146.0,475.0,227.0,1275.0,0.0,1.0
0.0,1.0,1.0,0.0,1.0,0.0,0.0,0.0,0.0,0.0,0.0,0.0,0.0,1.0,5.0,8.0,1.0,4457294.0,5404132.5,4412927.5,5364285.0,4457070.5,5405721.5,10.0508134765625,12.46085917154948,166.60681666666665,166.66666666666666,166.66666666666666,280.0,288.0,186.0,460.0,140.0,496.0,0.0,4.0
0.0,1.0,1.0,0.0,1.0,0.0,0.0,0.0,0.0,0.0,0.0,0.0,0.0,1.0,5.0,8.0,1.0,4457294.0,5404132.5,4412927.5,5364285.0,4457070.5,5405721.5,2.516732666015625,3.1193033854166665,63.21848333333333,166.66666666666666,166.66666666666666,280.0,284.0,186.0,460.0,140.0,1059.0,0.0,4.0
0.0,1.0,1.0,0.0,1.0,0.0,0.0,0.0,0.0,0.0,0.0,0.0,0.0,1.0,5.0,8.0,1.0,4457294.0,5404132.5,4412927.5,5364285.0,4457070.5,5405721.5,4.36514306640625,6.389332580566406,70.18801666666667,166.66666666666666,166.66666666666666,280.0,28.0,186.0,460.0,140.0,1040.0,0.0,1.0
0.0,1.0,0.0,1.0,0.0,0.0,1.0,0.0,0.0,0.0,0.0,0.0,0.0,1.0,5.0,9.0,0.0,4457670.5,5402909.0,4468968.5,5348940.5,4463475.5,5402807.5,15.668427734375,15.11587931315104,20.70178,59.33602333333333,166.66666666666666,199.0,92.0,205.0,1690.0,348.0,764.0,0.0,1.0
0.0,1.0,0.0,1.0,1.0,0.0,0.0,0.0,0.0,0.0,0.0,0.0,0.0,1.0,2.0,9.0,0.0,4457070.5,5404885.5,4417048.0,5349450.0,4463475.5,5402807.5,8.6644443359375,10.00942891438802,25.137675,166.66666666666666,166.66666666666666,366.0,323.0,173.0,1035.0,348.0,1074.0,0.0,1.0
0.0,1.0,0.0,1.0,1.0,0.0,0.0,0.0,0.0,0.0,0.0,0.0,0.0,1.0,2.0,9.0,2.0,4451986.5,5402551.5,4514916.5,5394432.5,4458895.0,5401307.5,8.9734423828125,8.001459757486979,27.138965,166.66666666666666,166.66666666666666,255.0,253.0,99.0,2040.0,339.0,324.0,0.0,1.0
0.0,1.0,0.0,1.0,1.0,0.0,0.0,0.0,0.0,0.0,0.0,0.0,0.0,1.0,4.0,9.0,0.0,4455541.0,5399302.0,4418099.0,5349312.0,4458816.0,5401435.0,3.584284912109375,4.386447143554688,31.794,166.66666666666666,166.66666666666666,133.0,178.0,162.0,1045.0,308.0,868.0,0.0,5.0
0.0,1.0,0.0,1.0,1.0,0.0,0.0,0.0,0.0,0.0,0.0,0.0,0.0,1.0,4.0,9.0,0.0,4455541.0,5399302.0,4418099.0,5349312.0,4458816.0,5401435.0,10.5934189453125,13.330597941080727,45.46993,166.66666666666666,166.66666666666666,133.0,253.0,162.0,1045.0,308.0,492.0,0.0,1.0
0.0,1.0,1.0,0.0,1.0,0.0,0.0,0.0,0.0,0.0,0.0,0.0,0.0,1.0,1.0,9.0,1.0,4455963.5,5407830.5,4478014.0,5305645.0,4458474.5,5400413.0,31.25141796875,29.981656901041667,166.80601666666666,166.66666666666666,166.66666666666666,284.0,5.0,134.0,4590.0,318.0,487.0,0.0,1.0
0.0,1.0,1.0,0.0,1.0,0.0,0.0,0.0,0.0,0.0,0.0,0.0,0.0,1.0,1.0,9.0,1.0,4455963.5,5407830.5,4478014.0,5305645.0,4458474.5,5400413.0,27.624806640625,23.971364339192707,76.66494166666666,166.66666666666666,166.66666666666666,284.0,347.0,134.0,4590.0,318.0,1275.0,0.0,1.0
0.0,1.0,1.0,0.0,1.0,0.0,0.0,0.0,0.0,0.0,0.0,0.0,0.0,1.0,1.0,9.0,1.0,4455963.5,5407830.5,4478014.0,5305645.0,4458474.5,5400413.0,18.81939453125,21.27660115559896,65.84381666666667,166.66666666666666,166.66666666666666,284.0,247.0,134.0,4590.0,318.0,1062.0,0.0,2.0
0.0,1.0,0.0,1.0,1.0,0.0,0.0,0.0,0.0,0.0,0.0,0.0,0.0,1.0,1.0,9.0,2.0,4456451.5,5404785.0,4509647.5,5356449.0,4460703.0,5401245.0,6.090806640625,7.549750264485677,166.66666666666666,436.24235,166.66666666666666,70.0,74.0,172.0,2325.0,346.0,595.0,0.0,1.0
0.0,1.0,0.0,1.0,1.0,0.0,0.0,0.0,0.0,0.0,0.0,0.0,0.0,1.0,2.0,9.0,0.0,4458774.5,5404538.5,4437622.5,5332039.5,4454499.0,5404394.5,26.506837890625,25.3515116373698,258.87785,166.66666666666666,166.66666666666666,164.0,408.0,189.0,2425.0,147.0,1037.0,0.0,1.0
0.0,1.0,0.0,1.0,1.0,0.0,0.0,0.0,0.0,0.0,0.0,0.0,0.0,1.0,2.0,9.0,0.0,4458774.5,5404538.5,4437622.5,5332039.5,4454499.0,5404394.5,5.04394580078125,6.603554280598958,28.07854833333333,166.66666666666666,166.66666666666666,164.0,144.0,189.0,2425.0,147.0,746.0,0.0,1.0
0.0,1.0,0.0,1.0,1.0,0.0,0.0,0.0,0.0,0.0,0.0,0.0,0.0,1.0,2.0,9.0,0.0,4458774.5,5404538.5,4437622.5,5332039.5,4454499.0,5404394.5,3.332569580078125,4.392850748697916,3.6766741666666665,166.66666666666666,166.66666666666666,164.0,166.0,189.0,2425.0,147.0,873.0,0.0,1.0
0.0,1.0,0.0,1.0,1.0,0.0,0.0,0.0,0.0,0.0,0.0,0.0,0.0,1.0,2.0,9.0,0.0,4458774.5,5404538.5,4437622.5,5332039.5,4454499.0,5404394.5,10.197849609375,13.461767578125,28.069931666666665,166.66666666666666,166.66666666666666,164.0,253.0,189.0,2425.0,147.0,488.0,0.0,2.0
0.0,1.0,0.0,1.0,1.0,0.0,0.0,0.0,0.0,0.0,0.0,0.0,0.0,1.0,2.0,9.0,0.0,4458774.5,5404538.5,4437622.5,5332039.5,4454499.0,5404394.5,11.8442626953125,16.296290079752605,41.60797166666667,166.66666666666666,166.66666666666666,164.0,331.0,189.0,2425.0,147.0,575.0,0.0,1.0
0.0,1.0,1.0,0.0,1.0,0.0,0.0,0.0,0.0,0.0,0.0,0.0,0.0,1.0,3.0,9.0,1.0,4458396.0,5400544.0,4462196.0,5320639.5,4457259.5,5405376.5,41.62244921875,33.49920857747396,223.08135,166.66666666666666,166.66666666666666,89.0,410.0,315.0,3187.0,144.0,448.0,0.0,1.0
0.0,1.0,1.0,0.0,1.0,0.0,0.0,0.0,0.0,0.0,0.0,0.0,0.0,1.0,1.0,9.0,1.0,4458914.0,5406512.0,4417964.5,5359701.5,4452877.0,5404303.5,5.05905078125,7.04600830078125,17.0358175,166.66666666666666,166.66666666666666,346.0,204.0,139.0,785.0,164.0,1073.0,0.0,0.0
0.0,1.0,1.0,0.0,1.0,0.0,0.0,0.0,0.0,0.0,0.0,0.0,0.0,1.0,3.0,9.0,1.0,4454783.5,5404591.0,4488892.0,5335210.5,4458617.5,5402227.5,11.721900390625,13.842926025390623,8.075133833333334,166.66666666666666,166.66666666666666,388.0,387.0,147.0,4351.0,211.0,914.0,0.0,5.0
0.0,1.0,1.0,0.0,1.0,0.0,0.0,0.0,0.0,0.0,0.0,0.0,0.0,1.0,3.0,9.0,1.0,4454783.5,5404591.0,4488892.0,5335210.5,4458617.5,5402227.5,10.937794921875,10.22703653971354,241.2851833333333,230.35185,166.66666666666666,388.0,385.0,147.0,4351.0,211.0,1186.0,0.0,1.0
0.0,1.0,0.0,1.0,1.0,0.0,0.0,0.0,0.0,0.0,0.0,0.0,0.0,1.0,3.0,9.0,1.0,4459381.5,5402786.0,4499112.5,5352946.0,4461490.5,5401836.0,25.129005859375,23.299749755859374,151.94675,166.66666666666666,166.66666666666666,331.0,35.0,243.0,2317.0,253.0,748.0,0.0,1.0
0.0,1.0,1.0,0.0,1.0,0.0,0.0,0.0,0.0,0.0,0.0,0.0,0.0,1.0,1.0,9.0,1.0,4456328.5,5399123.5,4458867.5,5333895.0,4458215.0,5404919.0,20.128802734375,15.782058715820312,166.66666666666666,259.3891,166.66666666666666,408.0,410.0,321.0,2817.0,145.0,751.0,0.0,1.0
0.0,1.0,0.0,1.0,1.0,0.0,0.0,0.0,0.0,0.0,0.0,0.0,0.0,1.0,3.0,9.0,1.0,4456510.0,5404863.5,4472410.5,5337169.5,4459663.5,5404151.5,26.60883203125,17.724422200520834,68.44965,166.66666666666666,166.66666666666666,1110.0,217.0,172.0,3740.0,229.0,771.0,0.0,1.0
0.0,1.0,0.0,1.0,1.0,0.0,0.0,0.0,0.0,0.0,0.0,0.0,0.0,1.0,3.0,9.0,1.0,4456510.0,5404863.5,4472410.5,5337169.5,4459663.5,5404151.5,63.23105078125,49.95597737630208,260.39168333333333,181.42671666666664,236.42671666666664,1110.0,962.0,172.0,3740.0,229.0,756.0,0.0,1.0
0.0,1.0,0.0,1.0,1.0,0.0,0.0,0.0,0.0,0.0,0.0,0.0,0.0,1.0,3.0,9.0,1.0,4456510.0,5404863.5,4472410.5,5337169.5,4459663.5,5404151.5,19.26494921875,13.868839518229166,104.30755,166.66666666666666,166.66666666666666,1110.0,362.0,172.0,3740.0,229.0,531.0,0.0,1.0
0.0,1.0,0.0,1.0,1.0,0.0,0.0,0.0,0.0,0.0,0.0,0.0,0.0,1.0,3.0,9.0,1.0,4456510.0,5404863.5,4472410.5,5337169.5,4459663.5,5404151.5,52.776546875,40.53293050130208,409.31916666666666,190.86451666666665,369.31916666666666,1110.0,1032.0,172.0,3740.0,229.0,1067.0,0.0,1.0
0.0,1.0,0.0,1.0,1.0,0.0,0.0,0.0,0.0,0.0,0.0,0.0,0.0,1.0,3.0,9.0,1.0,4456510.0,5404863.5,4472410.5,5337169.5,4459663.5,5404151.5,19.659228515625,14.883284505208334,54.4859,166.66666666666666,166.66666666666666,1110.0,361.0,172.0,3740.0,229.0,476.0,0.0,2.0
0.0,1.0,1.0,0.0,1.0,0.0,0.0,0.0,0.0,0.0,0.0,0.0,0.0,1.0,3.0,9.0,1.0,4461936.5,5404242.0,4465852.5,5331340.5,4459663.5,5404151.5,11.460869140625,9.28672892252604,23.14238,166.66666666666666,166.66666666666666,478.0,467.0,240.0,3538.0,229.0,833.0,0.0,1.0
0.0,1.0,1.0,0.0,1.0,0.0,0.0,0.0,0.0,0.0,0.0,0.0,0.0,1.0,3.0,9.0,1.0,4461936.5,5404242.0,4465852.5,5331340.5,4459663.5,5404151.5,16.77947265625,15.476001993815103,166.66666666666666,117.53431,166.66666666666666,478.0,534.0,240.0,3538.0,229.0,934.0,0.0,1.0
0.0,1.0,1.0,0.0,1.0,0.0,0.0,0.0,0.0,0.0,0.0,0.0,0.0,1.0,3.0,9.0,1.0,4461936.5,5404242.0,4465852.5,5331340.5,4459663.5,5404151.5,17.257634765625,18.4634765625,114.07922333333332,166.66666666666666,166.66666666666666,478.0,483.0,240.0,3538.0,229.0,733.0,0.0,1.0
0.0,1.0,1.0,0.0,1.0,0.0,0.0,0.0,0.0,0.0,0.0,0.0,0.0,1.0,4.0,9.0,0.0,4456279.0,5403494.0,4432980.5,5383506.5,4459362.0,5404408.0,2.626678955078125,4.19375483194987,23.147905,166.66666666666666,166.66666666666666,248.0,305.0,179.0,482.0,226.0,873.0,0.0,5.0
0.0,1.0,1.0,0.0,1.0,0.0,0.0,0.0,0.0,0.0,0.0,0.0,0.0,1.0,4.0,9.0,0.0,4456279.0,5403494.0,4432980.5,5383506.5,4459362.0,5404408.0,5.6933125,7.526418050130208,25.50205,166.66666666666666,166.66666666666666,248.0,141.0,179.0,482.0,226.0,426.0,0.0,5.0
0.0,1.0,0.0,1.0,1.0,0.0,0.0,0.0,0.0,0.0,0.0,0.0,0.0,1.0,4.0,9.0,1.0,4459220.5,5398711.5,4431600.0,5372922.0,4461175.5,5401215.0,13.879103515625,15.3890380859375,275.6853333333333,204.21846666666667,166.66666666666666,104.0,284.0,326.0,484.0,346.0,840.0,0.0,1.0
0.0,1.0,1.0,0.0,1.0,0.0,0.0,0.0,0.0,0.0,0.0,0.0,0.0,1.0,3.0,9.0,0.0,4459771.0,5403816.5,4452792.0,5365603.0,4457660.5,5405507.5,17.838203125,15.647653198242187,166.66666666666666,166.66666666666666,166.66666666666666,1108.0,1127.0,235.0,1143.0,144.0,1030.0,0.0,5.0
0.0,1.0,0.0,1.0,1.0,0.0,0.0,0.0,0.0,0.0,0.0,0.0,0.0,1.0,3.0,9.0,1.0,4456758.5,5400446.5,4424999.0,5345733.5,4456309.5,5405791.0,9.3038876953125,9.038770548502605,166.66666666666666,214.2576833333333,166.66666666666666,288.0,26.0,301.0,1067.0,140.0,775.0,0.0,1.0
0.0,1.0,1.0,0.0,1.0,0.0,0.0,0.0,0.0,0.0,0.0,0.0,0.0,1.0,4.0,9.0,2.0,4457792.5,5404300.5,4501535.5,5396407.5,4458581.5,5400804.0,7.09160595703125,8.750046793619791,25.059031666666662,166.66666666666666,166.66666666666666,198.0,99.0,187.0,2025.0,316.0,1270.0,0.0,1.0
0.0,1.0,1.0,0.0,1.0,0.0,0.0,0.0,0.0,0.0,0.0,0.0,0.0,1.0,4.0,9.0,2.0,4457792.5,5404300.5,4501535.5,5396407.5,4458581.5,5400804.0,2.61617919921875,3.5777608235677083,2.7758233333333333,166.66666666666666,166.66666666666666,198.0,230.0,187.0,2025.0,316.0,942.0,0.0,1.0
0.0,1.0,1.0,0.0,1.0,0.0,0.0,0.0,0.0,0.0,0.0,0.0,0.0,1.0,4.0,9.0,2.0,4457792.5,5404300.5,4501535.5,5396407.5,4458581.5,5400804.0,4.16969873046875,4.1,166.66666666666666,166.66666666666666,166.66666666666666,198.0,249.0,187.0,2025.0,316.0,931.0,0.0,1.0
0.0,1.0,1.0,0.0,1.0,0.0,0.0,0.0,0.0,0.0,0.0,0.0,0.0,1.0,4.0,9.0,2.0,4457792.5,5404300.5,4501535.5,5396407.5,4458581.5,5400804.0,5.2347304687500005,6.968916320800781,16.2866,166.66666666666666,166.66666666666666,198.0,253.0,187.0,2025.0,316.0,1095.0,0.0,1.0
0.0,1.0,1.0,0.0,1.0,0.0,0.0,0.0,0.0,0.0,0.0,0.0,0.0,1.0,4.0,9.0,1.0,4455866.0,5407153.5,4484815.0,5318190.0,4456427.5,5406291.5,0.3502176818847656,0.5030958811442057,3.873840833333333,166.66666666666666,166.66666666666666,144.0,144.0,140.0,4481.0,140.0,700.0,0.0,1.0
1.0,0.0,1.0,0.0,1.0,0.0,0.0,0.0,0.0,0.0,0.0,0.0,0.0,1.0,0.0,8.0,1.0,4459840.5,5404121.0,4489068.5,5320737.0,4460176.0,5404504.0,16.0790703125,17.28644612630208,49.471561666666666,166.66666666666666,166.66666666666666,157.0,113.0,229.0,4679.0,228.0,1047.0,0.0,1.0
1.0,0.0,1.0,0.0,1.0,0.0,0.0,0.0,0.0,0.0,0.0,0.0,0.0,1.0,0.0,8.0,1.0,4459840.5,5404121.0,4489068.5,5320737.0,4460176.0,5404504.0,6.04386865234375,7.720099385579427,31.76819833333333,166.66666666666666,166.66666666666666,157.0,132.0,229.0,4679.0,228.0,1056.0,0.0,1.0
1.0,0.0,1.0,0.0,1.0,0.0,0.0,0.0,0.0,0.0,0.0,0.0,0.0,1.0,0.0,8.0,1.0,4459840.5,5404121.0,4489068.5,5320737.0,4460176.0,5404504.0,9.7936162109375,12.101666259765626,52.28693,166.66666666666666,166.66666666666666,157.0,347.0,229.0,4679.0,228.0,1030.0,0.0,1.0
0.0,1.0,0.0,1.0,1.0,0.0,0.0,0.0,0.0,0.0,0.0,0.0,0.0,1.0,2.0,9.0,1.0,4453977.5,5397895.0,4450468.0,5318454.0,4456997.0,5405220.5,12.0041220703125,15.737843831380207,43.35636,166.66666666666666,166.66666666666666,122.0,147.0,327.0,3164.0,143.0,1129.0,0.0,1.0
0.0,1.0,1.0,0.0,1.0,0.0,0.0,0.0,0.0,0.0,0.0,0.0,0.0,1.0,3.0,9.0,0.0,4460109.5,5403959.0,4470481.5,5331088.0,4459394.5,5404503.5,3.341609375,5.162109883626302,11.87013,166.66666666666666,166.66666666666666,341.0,305.0,236.0,4068.0,224.0,488.0,0.0,1.0
0.0,1.0,0.0,1.0,1.0,0.0,0.0,0.0,0.0,0.0,0.0,0.0,0.0,1.0,2.0,9.0,2.0,4458051.5,5401621.0,4453847.5,5312221.5,4455557.0,5404580.0,1.3302152099609377,1.9134109497070315,25.641686666666665,166.66666666666666,166.66666666666666,225.0,145.0,307.0,3195.0,165.0,659.0,0.0,4.0
0.0,1.0,1.0,0.0,1.0,0.0,0.0,0.0,0.0,0.0,0.0,0.0,0.0,1.0,3.0,9.0,0.0,4455851.5,5403819.5,4492243.5,5313314.0,4461012.0,5401144.5,62.20090625,40.938623046875,366.587,86.14047833333333,363.88101666666665,1162.0,1532.0,176.0,4687.0,346.0,453.0,0.0,1.0
0.0,1.0,1.0,0.0,1.0,0.0,0.0,0.0,0.0,0.0,0.0,0.0,0.0,1.0,3.0,9.0,0.0,4455851.5,5403819.5,4492243.5,5313314.0,4461012.0,5401144.5,42.57126953125,32.68009033203125,327.26211666666666,67.26210499999999,166.66666666666666,1162.0,1142.0,176.0,4687.0,346.0,756.0,0.0,1.0
0.0,1.0,0.0,1.0,1.0,0.0,0.0,0.0,0.0,0.0,0.0,0.0,0.0,1.0,3.0,9.0,1.0,4456301.0,5404633.5,4417846.0,5324345.5,4455504.5,5405034.5,2.137452880859375,3.208208211263021,9.648894166666665,166.66666666666666,166.66666666666666,223.0,237.0,166.0,2416.0,165.0,776.0,0.0,1.0
0.0,1.0,0.0,1.0,1.0,0.0,0.0,0.0,0.0,0.0,0.0,0.0,0.0,1.0,2.0,9.0,0.0,4461415.0,5403606.5,4460231.5,5334306.5,4452877.0,5404303.5,18.53789453125,13.47118428548177,121.67181666666669,166.66666666666666,117.27979333333332,525.0,649.0,242.0,2820.0,164.0,965.0,0.0,1.0
0.0,1.0,1.0,0.0,1.0,0.0,0.0,0.0,0.0,0.0,0.0,0.0,0.0,1.0,2.0,9.0,1.0,4456608.0,5408180.0,4458994.0,5333818.0,4453228.0,5403351.5,26.068263671875,25.13363647460937,161.6853166666667,166.66666666666666,166.66666666666666,1110.0,284.0,134.0,2817.0,164.0,418.0,0.0,1.0
1.0,0.0,1.0,0.0,1.0,0.0,0.0,0.0,0.0,0.0,0.0,0.0,0.0,1.0,4.0,9.0,1.0,4455866.0,5403928.0,4475817.5,5330338.5,4460757.0,5401208.5,7.28604150390625,7.338352457682292,213.0476,166.66666666666666,166.66666666666666,164.0,93.0,176.0,4243.0,346.0,1044.0,0.0,5.0
1.0,0.0,1.0,0.0,1.0,0.0,0.0,0.0,0.0,0.0,0.0,0.0,0.0,1.0,4.0,9.0,1.0,4455866.0,5403928.0,4475817.5,5330338.5,4460757.0,5401208.5,5.04394580078125,6.603554280598958,28.07854833333333,166.66666666666666,166.66666666666666,164.0,144.0,176.0,4243.0,346.0,766.0,0.0,1.0
0.0,1.0,1.0,0.0,1.0,0.0,0.0,0.0,0.0,0.0,0.0,0.0,0.0,1.0,3.0,9.0,1.0,4457313.5,5403022.0,4418370.0,5359136.0,4459663.5,5404151.5,21.164146484375,16.849712117513022,238.88925,166.66666666666666,166.66666666666666,354.0,397.0,204.0,799.0,229.0,789.0,0.0,1.0
0.0,1.0,1.0,0.0,1.0,0.0,0.0,0.0,0.0,0.0,0.0,0.0,0.0,1.0,3.0,9.0,1.0,4457313.5,5403022.0,4418370.0,5359136.0,4459663.5,5404151.5,0.5125724487304688,0.7417961120605469,8.140486666666666,166.66666666666666,166.66666666666666,354.0,354.0,204.0,799.0,229.0,839.0,0.0,5.0
0.0,1.0,1.0,0.0,0.0,1.0,0.0,0.0,0.0,0.0,0.0,0.0,0.0,1.0,1.0,9.0,0.0,4456700.0,5404825.0,4417805.5,5360220.0,4455833.5,5404124.5,2.91945166015625,5.128162638346354,22.155901666666665,166.66666666666666,166.66666666666666,434.0,428.0,172.0,721.0,167.0,990.0,0.0,5.0
0.0,1.0,0.0,1.0,1.0,0.0,0.0,0.0,0.0,0.0,0.0,0.0,0.0,1.0,2.0,9.0,1.0,4459606.0,5404830.0,4469811.0,5334131.0,4458681.0,5400025.5,25.773521484375,16.91169128417969,455.41066666666666,166.66666666666666,166.66666666666666,228.0,1110.0,224.0,3605.0,324.0,1141.0,0.0,1.0
0.0,1.0,0.0,1.0,1.0,0.0,0.0,0.0,0.0,0.0,0.0,0.0,0.0,1.0,2.0,9.0,1.0,4459606.0,5404830.0,4469811.0,5334131.0,4458681.0,5400025.5,5.18096630859375,5.744380696614583,22.89051333333333,166.66666666666666,166.66666666666666,228.0,308.0,224.0,3605.0,324.0,1281.0,0.0,2.0
0.0,1.0,1.0,0.0,1.0,0.0,0.0,0.0,0.0,0.0,0.0,0.0,0.0,1.0,3.0,9.0,2.0,4455935.0,5400415.5,4469375.0,5333723.5,4460488.5,5401122.0,6.4996406250000005,8.07294158935547,21.24273833333333,166.66666666666666,166.66666666666666,140.0,243.0,298.0,3609.0,346.0,1191.0,0.0,5.0
0.0,1.0,0.0,1.0,1.0,0.0,0.0,0.0,0.0,0.0,0.0,0.0,0.0,1.0,3.0,9.0,1.0,4452732.5,5402570.0,4509329.0,5378291.0,4460075.0,5404522.5,9.77669921875,9.222084554036458,75.54417333333333,205.54416666666663,166.66666666666666,41.0,80.0,156.0,2104.0,228.0,770.0,0.0,1.0
0.0,1.0,1.0,0.0,1.0,0.0,0.0,0.0,0.0,0.0,0.0,0.0,0.0,1.0,3.0,9.0,0.0,4456280.5,5404309.5,4413931.0,5362807.0,4457191.0,5405931.5,6.3659873046875,8.089002990722657,34.04385166666667,166.66666666666666,166.66666666666666,250.0,165.0,169.0,582.0,140.0,822.0,0.0,1.0
0.0,1.0,1.0,0.0,1.0,0.0,0.0,0.0,0.0,0.0,0.0,0.0,0.0,1.0,3.0,9.0,1.0,4456277.5,5403700.5,4436900.5,5369330.5,4458064.0,5405052.5,21.410958984375,21.96388142903646,166.66666666666666,225.10523333333333,166.66666666666666,232.0,64.0,177.0,551.0,145.0,1357.0,0.0,1.0
0.0,1.0,1.0,0.0,1.0,0.0,0.0,0.0,0.0,0.0,0.0,0.0,0.0,1.0,3.0,9.0,1.0,4456277.5,5403700.5,4436900.5,5369330.5,4458064.0,5405052.5,5.487806640625,7.171192932128906,13.068597333333337,166.66666666666666,166.66666666666666,232.0,152.0,177.0,551.0,145.0,1157.0,0.0,5.0
0.0,1.0,1.0,0.0,1.0,0.0,0.0,0.0,0.0,0.0,0.0,0.0,0.0,1.0,3.0,9.0,0.0,4455992.5,5399412.0,4402871.0,5381673.5,4460689.0,5401052.0,13.643455078125,13.0047607421875,292.09863333333334,166.66666666666666,166.66666666666666,14.0,61.0,319.0,431.0,346.0,977.0,0.0,4.0
0.0,1.0,1.0,0.0,0.0,1.0,0.0,0.0,0.0,0.0,0.0,0.0,0.0,1.0,1.0,8.0,1.0,4454858.5,5403299.0,4436366.0,5301831.0,4461206.5,5400939.0,4.73857373046875,6.155625406901041,45.531151666666666,166.66666666666666,166.66666666666666,310.0,250.0,161.0,2501.0,346.0,1364.0,0.0,4.0
0.0,1.0,1.0,0.0,0.0,1.0,0.0,0.0,0.0,0.0,0.0,0.0,0.0,1.0,1.0,8.0,1.0,4454858.5,5403299.0,4436366.0,5301831.0,4461206.5,5400939.0,24.2571484375,22.22392374674479,425.6068,166.66666666666666,166.66666666666666,369.0,288.0,161.0,2501.0,346.0,768.0,0.0,4.0
0.0,1.0,1.0,0.0,1.0,0.0,0.0,0.0,0.0,0.0,0.0,0.0,0.0,1.0,4.0,9.0,0.0,4456802.5,5403640.5,4476146.5,5326086.5,4456873.0,5401342.0,5.7375458984375,7.204080200195312,45.865746666666666,166.66666666666666,166.66666666666666,61.0,54.0,182.0,4293.0,297.0,436.0,0.0,5.0
0.0,1.0,0.0,1.0,1.0,0.0,0.0,0.0,0.0,0.0,0.0,0.0,0.0,1.0,3.0,9.0,1.0,4454529.0,5399437.5,4459982.5,5374300.5,4459663.5,5404151.5,5.33818310546875,7.524556986490885,8.675738333333333,166.66666666666666,166.66666666666666,322.0,211.0,162.0,1147.0,229.0,851.0,0.0,1.0
0.0,1.0,0.0,1.0,1.0,0.0,0.0,0.0,0.0,0.0,0.0,0.0,0.0,1.0,3.0,9.0,0.0,4455760.5,5407782.0,4469657.0,5301162.5,4457174.0,5404689.0,0.8497068481445312,1.3946414947509769,166.66666666666666,166.66666666666666,166.66666666666666,148.0,147.0,134.0,4560.0,173.0,968.0,0.0,4.0
0.0,1.0,0.0,1.0,1.0,0.0,0.0,0.0,0.0,0.0,0.0,0.0,0.0,1.0,2.0,9.0,1.0,4458199.0,5401512.0,4415239.5,5324144.5,4459453.0,5404135.5,5.25065673828125,7.023972574869791,27.6162,166.66666666666666,166.66666666666666,143.0,303.0,307.0,2446.0,226.0,819.0,0.0,5.0
0.0,1.0,0.0,1.0,1.0,0.0,0.0,0.0,0.0,0.0,0.0,0.0,0.0,1.0,2.0,9.0,1.0,4458199.0,5401512.0,4415239.5,5324144.5,4459453.0,5404135.5,4.05028466796875,5.7403101603190105,18.286336666666667,166.66666666666666,166.66666666666666,143.0,147.0,307.0,2446.0,226.0,876.0,0.0,5.0
0.0,1.0,1.0,0.0,1.0,0.0,0.0,0.0,0.0,0.0,0.0,0.0,0.0,1.0,4.0,9.0,2.0,4457229.0,5401499.5,4415276.0,5328491.0,4452877.0,5404303.5,17.2051875,17.032936604817706,70.332275,67.80527000000001,166.66666666666666,138.0,361.0,297.0,2403.0,164.0,817.0,0.0,5.0
0.0,1.0,1.0,0.0,1.0,0.0,0.0,0.0,0.0,0.0,0.0,0.0,0.0,1.0,3.0,9.0,1.0,4454346.0,5404537.0,4472772.5,5385018.5,4458581.5,5400804.0,33.97472265625,32.643210856119794,259.7019833333333,117.70198333333332,166.66666666666666,113.0,6.0,147.0,1166.0,316.0,990.0,0.0,1.0
0.0,1.0,0.0,1.0,0.0,1.0,0.0,0.0,0.0,0.0,0.0,0.0,0.0,1.0,1.0,8.0,1.0,4459101.5,5406482.5,4465640.0,5332767.5,4460540.0,5401017.5,5.08874853515625,6.914618428548177,15.888102166666666,166.66666666666666,166.66666666666666,308.0,165.0,222.0,3512.0,346.0,778.0,0.0,1.0
0.0,1.0,0.0,1.0,1.0,0.0,0.0,0.0,0.0,0.0,0.0,0.0,0.0,1.0,2.0,9.0,0.0,4456056.5,5404281.0,4509698.0,5356474.5,4457785.5,5405223.0,19.2716640625,18.27085978190104,59.06993,166.66666666666666,166.66666666666666,72.0,253.0,170.0,2325.0,144.0,762.0,0.0,0.0
0.0,1.0,0.0,1.0,1.0,0.0,0.0,0.0,0.0,0.0,0.0,0.0,0.0,1.0,4.0,9.0,1.0,4458390.5,5400963.5,4487846.5,5294809.5,4458875.5,5400964.5,48.8997265625,46.624454752604166,260.25945,131.25945,166.66666666666666,164.0,476.0,309.0,4628.0,339.0,465.0,0.0,1.0
0.0,1.0,0.0,1.0,1.0,0.0,0.0,0.0,0.0,0.0,0.0,0.0,0.0,1.0,4.0,9.0,1.0,4458390.5,5400963.5,4487846.5,5294809.5,4458875.5,5400964.5,5.32397998046875,7.498821512858073,27.523791666666668,166.66666666666666,166.66666666666666,164.0,208.0,309.0,4628.0,339.0,922.0,0.0,1.0
0.0,1.0,0.0,1.0,1.0,0.0,0.0,0.0,0.0,0.0,0.0,0.0,0.0,1.0,4.0,9.0,1.0,4458390.5,5400963.5,4487846.5,5294809.5,4458875.5,5400964.5,7.22560498046875,9.488852945963542,23.96825833333333,166.66666666666666,166.66666666666666,164.0,218.0,309.0,4628.0,339.0,497.0,0.0,5.0
0.0,1.0,1.0,0.0,1.0,0.0,0.0,0.0,0.0,0.0,0.0,0.0,0.0,1.0,2.0,9.0,1.0,4458440.5,5400232.0,4469527.0,5320521.0,4461570.0,5401891.0,30.182177734375,20.505586751302083,462.3465833333333,382.5100333333333,166.66666666666666,406.0,1189.0,317.0,4424.0,253.0,967.0,0.0,0.0
0.0,1.0,1.0,0.0,1.0,0.0,0.0,0.0,0.0,0.0,0.0,0.0,0.0,1.0,2.0,9.0,1.0,4458440.5,5400232.0,4469527.0,5320521.0,4461570.0,5401891.0,48.98577734375,43.24018961588541,166.66666666666666,166.66666666666666,166.66666666666666,406.0,60.0,317.0,4424.0,253.0,830.0,0.0,1.0
0.0,1.0,1.0,0.0,1.0,0.0,0.0,0.0,0.0,0.0,0.0,0.0,0.0,1.0,2.0,9.0,1.0,4458440.5,5400232.0,4469527.0,5320521.0,4461570.0,5401891.0,11.5363525390625,10.762411499023438,361.2775333333333,166.66666666666666,166.66666666666666,406.0,1163.0,317.0,4424.0,253.0,746.0,0.0,4.0
0.0,1.0,1.0,0.0,1.0,0.0,0.0,0.0,0.0,0.0,0.0,0.0,0.0,1.0,2.0,9.0,1.0,4458440.5,5400232.0,4469527.0,5320521.0,4461570.0,5401891.0,18.0514765625,16.379972330729167,378.53411666666665,378.53411666666665,166.66666666666666,406.0,348.0,317.0,4424.0,253.0,781.0,0.0,4.0
0.0,1.0,1.0,0.0,1.0,0.0,0.0,0.0,0.0,0.0,0.0,0.0,0.0,1.0,2.0,9.0,1.0,4458440.5,5400232.0,4469527.0,5320521.0,4461570.0,5401891.0,12.9951162109375,12.17570292154948,423.9034166666667,394.9034166666667,166.66666666666666,406.0,356.0,317.0,4424.0,253.0,806.0,0.0,1.0
0.0,1.0,1.0,0.0,1.0,0.0,0.0,0.0,0.0,0.0,0.0,0.0,0.0,1.0,3.0,5.0,1.0,4456266.5,5404228.0,4468968.5,5348940.5,4459043.0,5403419.0,14.0349453125,11.877009073893229,166.66666666666666,166.66666666666666,166.66666666666666,365.0,249.0,171.0,1690.0,233.0,546.0,0.0,
0.0,1.0,0.0,1.0,1.0,0.0,0.0,0.0,0.0,0.0,0.0,0.0,0.0,1.0,3.0,9.0,1.0,4459146.0,5401962.5,4415388.5,5372996.5,4456571.0,5405677.0,19.975208984375,17.707609049479167,76.20485833333333,59.421525,166.66666666666666,365.0,144.0,247.0,488.0,140.0,845.0,0.0,1.0
0.0,1.0,0.0,1.0,1.0,0.0,0.0,0.0,0.0,0.0,0.0,0.0,0.0,1.0,3.0,9.0,1.0,4459146.0,5401962.5,4415388.5,5372996.5,4456571.0,5405677.0,6.5361162109375,6.619658406575521,179.6247,166.66666666666666,166.66666666666666,365.0,327.0,247.0,488.0,140.0,537.0,0.0,1.0
0.0,1.0,0.0,1.0,1.0,0.0,0.0,0.0,0.0,0.0,0.0,0.0,0.0,1.0,3.0,9.0,1.0,4459146.0,5401962.5,4415388.5,5372996.5,4456571.0,5405677.0,67.7981953125,49.59307047526042,365.42603333333335,122.215975,166.66666666666666,365.0,717.0,247.0,488.0,140.0,743.0,0.0,1.0
0.0,1.0,1.0,0.0,0.0,0.0,1.0,0.0,0.0,0.0,0.0,0.0,0.0,1.0,7.0,9.0,0.0,4456162.5,5399506.5,4424393.5,5361928.0,4453254.0,5404918.5,23.262529296875,16.169405110677083,285.6381666666667,169.92148333333336,166.66666666666666,253.0,409.0,319.0,869.0,164.0,821.0,0.0,1.0
0.0,1.0,1.0,0.0,1.0,0.0,0.0,0.0,0.0,0.0,0.0,0.0,0.0,1.0,2.0,9.0,0.0,4457558.0,5397640.5,4436744.0,5369372.5,4461300.0,5401206.0,3.4155908203125,4.309925842285156,21.84698,166.66666666666666,166.66666666666666,144.0,165.0,333.0,551.0,347.0,749.0,0.0,5.0
0.0,1.0,0.0,1.0,1.0,0.0,0.0,0.0,0.0,0.0,0.0,0.0,0.0,1.0,1.0,9.0,0.0,4457167.5,5400757.5,4473960.5,5332190.5,4457084.0,5405002.0,5.27164697265625,7.241281127929687,17.331348333333334,166.66666666666666,166.66666666666666,347.0,205.0,300.0,3852.0,143.0,842.0,0.0,1.0
0.0,1.0,0.0,1.0,1.0,0.0,0.0,0.0,0.0,0.0,0.0,0.0,0.0,1.0,1.0,9.0,0.0,4457167.5,5400757.5,4473960.5,5332190.5,4457084.0,5405002.0,12.285087890625,16.67806599934896,49.745066666666666,166.66666666666666,166.66666666666666,347.0,129.0,300.0,3852.0,143.0,886.0,0.0,4.0
0.0,1.0,1.0,0.0,1.0,0.0,0.0,0.0,0.0,0.0,0.0,0.0,0.0,1.0,2.0,9.0,1.0,4457299.5,5401182.5,4416870.0,5356022.0,4458064.0,5405052.5,30.686978515625,25.66459757486979,200.04771666666664,154.04771666666664,166.66666666666666,9.0,286.0,305.0,937.0,145.0,847.0,0.0,1.0
0.0,1.0,1.0,0.0,1.0,0.0,0.0,0.0,0.0,0.0,0.0,0.0,0.0,1.0,2.0,9.0,1.0,4457299.5,5401182.5,4416870.0,5356022.0,4458064.0,5405052.5,19.027140625,15.525662231445311,84.73801666666667,166.66666666666666,166.66666666666666,9.0,28.0,305.0,937.0,145.0,489.0,0.0,2.0
0.0,1.0,1.0,0.0,1.0,0.0,0.0,0.0,0.0,0.0,0.0,0.0,0.0,1.0,3.0,9.0,1.0,4456129.5,5399698.5,4442044.5,5429253.0,4457372.5,5404651.0,88.0965859375,82.25052897135417,479.2278,170.61111666666665,459.2278,2.0,1060.0,319.0,8.0,184.0,770.0,0.0,1.0
0.0,1.0,1.0,0.0,1.0,0.0,0.0,0.0,0.0,0.0,0.0,0.0,0.0,1.0,1.0,8.0,1.0,4458341.5,5401434.5,4493096.5,5349677.0,4459394.5,5404503.5,7.33472119140625,7.445123799641927,59.06090833333334,166.66666666666666,166.66666666666666,1110.0,371.0,307.0,2337.0,224.0,780.0,0.0,5.0
0.0,1.0,0.0,1.0,1.0,0.0,0.0,0.0,0.0,0.0,0.0,0.0,0.0,1.0,2.0,9.0,2.0,4458204.5,5402020.0,4466509.0,5331508.0,4458057.5,5405151.0,17.058177734375,16.852145385742187,166.66666666666666,166.66666666666666,166.66666666666666,375.0,249.0,212.0,3551.0,145.0,1065.0,0.0,1.0
0.0,1.0,0.0,1.0,1.0,0.0,0.0,0.0,0.0,0.0,0.0,0.0,0.0,1.0,2.0,9.0,2.0,4458204.5,5402020.0,4466509.0,5331508.0,4458057.5,5405151.0,19.392251953125,21.46780802408854,70.85901666666666,166.66666666666666,166.66666666666666,375.0,161.0,212.0,3551.0,145.0,566.0,0.0,1.0
0.0,1.0,0.0,1.0,1.0,0.0,0.0,0.0,0.0,0.0,0.0,0.0,0.0,1.0,2.0,9.0,2.0,4458204.5,5402020.0,4466509.0,5331508.0,4458057.5,5405151.0,85.9198359375,56.83489990234375,334.0709,138.60298333333333,326.0469,375.0,1366.0,212.0,3551.0,145.0,1016.0,0.0,1.0
1.0,0.0,1.0,0.0,1.0,0.0,0.0,0.0,0.0,0.0,0.0,0.0,0.0,1.0,2.0,7.0,0.0,4456866.5,5401597.0,4472192.5,5351290.0,4457055.0,5405881.0,5.84518115234375,7.799076843261719,15.888102166666666,166.66666666666666,166.66666666666666,309.0,165.0,297.0,1589.0,140.0,1080.0,0.0,2.0
0.0,1.0,0.0,1.0,0.0,0.0,1.0,0.0,0.0,0.0,0.0,0.0,0.0,1.0,5.0,9.0,2.0,4456451.5,5404785.0,4416428.0,5358410.0,4458600.0,5404749.0,8.737580078125001,10.844007364908856,67.34076666666667,166.66666666666666,166.66666666666666,161.0,115.0,172.0,772.0,189.0,770.0,0.0,5.0
0.0,1.0,0.0,1.0,0.0,0.0,1.0,0.0,0.0,0.0,0.0,0.0,0.0,1.0,5.0,9.0,2.0,4456451.5,5404785.0,4416428.0,5358410.0,4458600.0,5404749.0,18.107625,17.98604532877604,270.62126666666666,166.66666666666666,166.66666666666666,44.0,81.0,172.0,772.0,189.0,857.0,0.0,1.0
0.0,1.0,1.0,0.0,1.0,0.0,0.0,0.0,0.0,0.0,0.0,0.0,0.0,1.0,1.0,9.0,1.0,4459658.0,5401055.5,4396535.5,5363690.0,4460174.0,5404449.5,19.744431640625,19.217041015625,166.66666666666666,319.4748666666666,166.66666666666666,292.0,363.0,340.0,442.0,230.0,760.0,0.0,1.0
0.0,1.0,1.0,0.0,1.0,0.0,0.0,0.0,0.0,0.0,0.0,0.0,0.0,1.0,1.0,9.0,1.0,4459658.0,5401055.5,4396535.5,5363690.0,4460174.0,5404449.5,20.3969375,24.52018432617188,16.5765025,166.66666666666666,166.66666666666666,292.0,482.0,340.0,442.0,230.0,719.0,0.0,1.0
0.0,1.0,1.0,0.0,1.0,0.0,0.0,0.0,0.0,0.0,0.0,0.0,0.0,1.0,2.0,9.0,1.0,4458517.0,5400601.0,4457938.5,5332087.5,4456873.0,5401342.0,37.8731796875,25.283186848958334,166.66666666666666,166.66666666666666,166.66666666666666,1178.0,362.0,316.0,2686.0,297.0,722.0,0.0,1.0
0.0,1.0,1.0,0.0,1.0,0.0,0.0,0.0,0.0,0.0,0.0,0.0,0.0,1.0,1.0,9.0,2.0,4456827.5,5404692.5,4408427.5,5339357.0,4457852.5,5405105.0,12.469921875,10.277337646484376,158.0992666666667,166.66666666666666,166.66666666666666,104.0,4.0,172.0,636.0,144.0,463.0,0.0,1.0
0.0,1.0,1.0,0.0,1.0,0.0,0.0,0.0,0.0,0.0,0.0,0.0,0.0,1.0,1.0,9.0,2.0,4456827.5,5404692.5,4408427.5,5339357.0,4457852.5,5405105.0,4.30256640625,2.6666666666666665,206.70176666666663,95.20269333333334,166.66666666666666,104.0,92.0,172.0,636.0,144.0,518.0,0.0,4.0
0.0,1.0,1.0,0.0,1.0,0.0,0.0,0.0,0.0,0.0,0.0,0.0,0.0,1.0,3.0,9.0,0.0,4458690.5,5398841.5,4453392.5,5358210.5,4463359.5,5402925.5,12.69076171875,11.320916748046876,371.6833333333333,371.6833333333333,166.66666666666666,407.0,1176.0,326.0,1246.0,348.0,838.0,0.0,1.0
0.0,1.0,1.0,0.0,1.0,0.0,0.0,0.0,0.0,0.0,0.0,0.0,0.0,1.0,3.0,9.0,0.0,4458690.5,5398841.5,4453392.5,5358210.5,4463359.5,5402925.5,19.253619140625,20.72626953125,355.75576666666666,177.2975,166.66666666666666,407.0,256.0,326.0,1246.0,348.0,799.0,0.0,5.0
0.0,1.0,1.0,0.0,0.0,0.0,1.0,0.0,0.0,0.0,0.0,0.0,0.0,1.0,2.0,9.0,1.0,4457607.5,5404170.0,4408427.5,5339357.0,4458895.0,5401307.5,3.054708251953125,3.916323089599609,11.768055,166.66666666666666,166.66666666666666,198.0,141.0,186.0,636.0,339.0,1036.0,0.0,5.0
0.0,1.0,1.0,0.0,1.0,0.0,0.0,0.0,0.0,0.0,0.0,0.0,0.0,1.0,1.0,9.0,1.0,4461787.0,5403924.5,4463012.5,5333735.0,4458100.5,5404131.0,13.5547275390625,12.765352376302085,48.84708333333333,166.66666666666666,166.66666666666666,122.0,315.0,242.0,2867.0,190.0,777.0,0.0,1.0
0.0,1.0,1.0,0.0,1.0,0.0,0.0,0.0,0.0,0.0,0.0,0.0,0.0,1.0,1.0,9.0,1.0,4461787.0,5403924.5,4463012.5,5333735.0,4458100.5,5404131.0,11.67876171875,11.605465698242188,48.389595,166.66666666666666,166.66666666666666,122.0,244.0,242.0,2867.0,190.0,341.0,0.0,1.0
0.0,1.0,0.0,1.0,1.0,0.0,0.0,0.0,0.0,0.0,0.0,0.0,0.0,1.0,3.0,9.0,0.0,4456919.5,5404530.0,4471101.0,5393784.0,4455843.5,5403552.5,33.4908515625,34.48377278645833,622.9267500000001,41.92096333333333,166.66666666666666,15.0,308.0,173.0,403.0,178.0,1126.0,0.0,1.0
0.0,1.0,0.0,1.0,1.0,0.0,0.0,0.0,0.0,0.0,0.0,0.0,0.0,1.0,3.0,9.0,0.0,4456919.5,5404530.0,4471101.0,5393784.0,4455843.5,5403552.5,12.597306640625,9.680477905273438,166.66666666666666,50.912056666666665,166.66666666666666,15.0,22.0,173.0,403.0,178.0,927.0,0.0,4.0
0.0,1.0,0.0,1.0,1.0,0.0,0.0,0.0,0.0,0.0,0.0,0.0,0.0,1.0,3.0,9.0,0.0,4456919.5,5404530.0,4471101.0,5393784.0,4455843.5,5403552.5,19.86891796875,18.068424479166666,166.66666666666666,54.21848333333333,166.66666666666666,15.0,284.0,173.0,403.0,178.0,1086.0,0.0,1.0
0.0,1.0,0.0,1.0,1.0,0.0,0.0,0.0,0.0,0.0,0.0,0.0,0.0,1.0,3.0,9.0,0.0,4456919.5,5404530.0,4471101.0,5393784.0,4455843.5,5403552.5,16.082427734375,13.982868448893228,166.66666666666666,39.42676666666667,166.66666666666666,15.0,30.0,173.0,403.0,178.0,727.0,0.0,1.0
0.0,1.0,0.0,1.0,1.0,0.0,0.0,0.0,0.0,0.0,0.0,0.0,0.0,1.0,3.0,9.0,0.0,4456919.5,5404530.0,4471101.0,5393784.0,4455843.5,5403552.5,3.2713046875000003,3.2174532572428385,186.4017,166.66666666666666,166.66666666666666,15.0,15.0,173.0,403.0,178.0,888.0,0.0,5.0
0.0,1.0,0.0,1.0,1.0,0.0,0.0,0.0,0.0,0.0,0.0,0.0,0.0,1.0,4.0,9.0,1.0,4459840.5,5404121.0,4472877.0,5329721.5,4457333.5,5405161.0,2.735906982421875,4.063797760009765,10.160033333333333,166.66666666666666,166.66666666666666,196.0,228.0,229.0,4156.0,144.0,752.0,0.0,5.0
0.0,1.0,1.0,0.0,1.0,0.0,0.0,0.0,0.0,0.0,0.0,0.0,0.0,1.0,3.0,9.0,0.0,4456308.0,5400429.5,4396400.5,5363729.5,4457002.5,5405558.5,23.49820703125,20.22178955078125,166.66666666666666,166.66666666666666,166.66666666666666,249.0,104.0,298.0,441.0,141.0,770.0,0.0,1.0
0.0,1.0,1.0,0.0,1.0,0.0,0.0,0.0,0.0,0.0,0.0,0.0,0.0,1.0,3.0,9.0,0.0,4456308.0,5400429.5,4396400.5,5363729.5,4457002.5,5405558.5,4.10119921875,3.997886149088542,166.66666666666666,166.66666666666666,166.66666666666666,249.0,197.0,298.0,441.0,141.0,778.0,0.0,1.0
0.0,1.0,1.0,0.0,1.0,0.0,0.0,0.0,0.0,0.0,0.0,0.0,0.0,1.0,3.0,9.0,0.0,4456308.0,5400429.5,4396400.5,5363729.5,4457002.5,5405558.5,5.878166015625,3.353333282470703,166.66666666666666,166.66666666666666,166.66666666666666,249.0,355.0,298.0,441.0,141.0,715.0,0.0,1.0
1.0,0.0,0.0,1.0,0.0,1.0,0.0,0.0,0.0,0.0,0.0,0.0,0.0,1.0,1.0,0.0,2.0,4459559.5,5400091.5,4453202.5,5290721.5,4451834.0,5402627.5,1.0663419189453125,1.2881502787272134,34.06993166666666,166.66666666666666,166.66666666666666,347.0,253.0,349.0,4570.0,99.0,1136.0,0.0,5.0
1.0,0.0,0.0,1.0,0.0,1.0,0.0,0.0,0.0,0.0,0.0,0.0,0.0,1.0,1.0,0.0,2.0,4459559.5,5400091.5,4453202.5,5290721.5,4451834.0,5402627.5,4.62848681640625,4.156003824869791,18.26026,166.66666666666666,166.66666666666666,224.0,346.0,349.0,4570.0,99.0,557.0,0.0,5.0
1.0,0.0,0.0,1.0,0.0,1.0,0.0,0.0,0.0,0.0,0.0,0.0,0.0,1.0,1.0,0.0,2.0,4459559.5,5400091.5,4453202.5,5290721.5,4451834.0,5402627.5,10.150583984375,7.425515747070312,39.91674,166.66666666666666,166.66666666666666,189.0,355.0,349.0,4570.0,99.0,696.0,0.0,1.0
0.0,1.0,0.0,1.0,1.0,0.0,0.0,0.0,0.0,0.0,0.0,0.0,0.0,1.0,4.0,9.0,2.0,4458893.0,5401673.0,4417878.0,5348755.0,4455416.0,5403622.5,8.3772431640625,8.703421020507813,24.534098333333333,24.041166666666665,166.66666666666666,187.0,348.0,339.0,1047.0,155.0,559.0,0.0,5.0
0.0,1.0,1.0,0.0,1.0,0.0,0.0,0.0,0.0,0.0,0.0,0.0,0.0,1.0,1.0,9.0,0.0,4456755.0,5397334.0,4526293.0,5302325.0,4460703.0,5401245.0,7.58675830078125,11.111088053385416,28.576066666666662,27.630413333333333,166.66666666666666,131.0,172.0,332.0,4922.0,346.0,1198.0,0.0,1.0
0.0,1.0,0.0,1.0,1.0,0.0,0.0,0.0,0.0,0.0,0.0,0.0,0.0,1.0,1.0,9.0,0.0,4458325.0,5399889.5,4475162.0,5331936.5,4457215.5,5405242.5,3.4160800781250003,4.509517415364583,12.716255666666664,166.66666666666666,166.66666666666666,175.0,164.0,324.0,3894.0,143.0,800.0,0.0,2.0
0.0,1.0,0.0,1.0,1.0,0.0,0.0,0.0,0.0,0.0,0.0,0.0,0.0,1.0,2.0,9.0,2.0,4456881.5,5400927.0,4418765.5,5359262.0,4457665.5,5404829.0,1.2554327392578126,1.71999994913737,166.66666666666666,166.66666666666666,166.66666666666666,197.0,193.0,297.0,800.0,185.0,1212.0,0.0,1.0
0.0,1.0,1.0,0.0,1.0,0.0,0.0,0.0,0.0,0.0,0.0,0.0,0.0,1.0,3.0,9.0,1.0,4459177.0,5404975.5,4465414.0,5334971.0,4457826.0,5405353.0,8.024248046875,8.766666666666666,166.66666666666666,166.66666666666666,166.66666666666666,249.0,155.0,216.0,3286.0,144.0,774.0,0.0,0.0
0.0,1.0,1.0,0.0,1.0,0.0,0.0,0.0,0.0,0.0,0.0,0.0,0.0,1.0,4.0,9.0,1.0,4457158.5,5404191.5,4487480.0,5293974.0,4461580.5,5401514.0,22.023212890625,23.005904134114584,97.98081666666668,85.98081666666667,166.66666666666666,197.0,273.0,175.0,4625.0,347.0,1106.0,0.0,1.0
0.0,1.0,0.0,1.0,1.0,0.0,0.0,0.0,0.0,0.0,0.0,0.0,0.0,1.0,3.0,9.0,1.0,4456645.5,5396946.5,4458237.0,5402559.0,4457333.5,5405161.0,92.429765625,73.32473958333333,921.7793,290.28388333333334,166.66666666666666,75.0,2126.0,334.0,208.0,144.0,716.0,0.0,1.0
0.0,1.0,1.0,0.0,1.0,0.0,0.0,0.0,0.0,0.0,0.0,0.0,0.0,1.0,3.0,9.0,0.0,4456816.5,5404950.5,4537515.0,5388514.5,4456985.0,5406125.5,4.000646240234375,5.22704569498698,29.05189833333333,30.41418333333333,166.66666666666666,145.0,308.0,142.0,2247.0,140.0,502.0,0.0,1.0
0.0,1.0,0.0,1.0,1.0,0.0,0.0,0.0,0.0,0.0,0.0,0.0,0.0,1.0,3.0,9.0,1.0,4456100.5,5403334.5,4453448.5,5325228.5,4458584.5,5403139.0,26.315318359375,26.62811482747396,342.2406833333333,86.01151666666667,166.66666666666666,253.0,1088.0,179.0,2987.0,208.0,446.0,0.0,1.0
0.0,1.0,0.0,1.0,1.0,0.0,0.0,0.0,0.0,0.0,0.0,0.0,0.0,1.0,2.0,9.0,0.0,4456946.0,5404224.0,4458722.5,5403602.5,4456837.0,5403305.5,5.4588525390625,7.174223836263021,45.55212333333333,166.66666666666666,166.66666666666666,318.0,145.0,175.0,199.0,182.0,1072.0,0.0,1.0
0.0,1.0,1.0,0.0,0.0,0.0,1.0,0.0,0.0,0.0,0.0,0.0,0.0,1.0,2.0,9.0,1.0,4455724.5,5407523.5,4468838.5,5337072.5,4455828.0,5405076.0,6.208693359375,5.961295572916667,18.361375,166.66666666666666,166.66666666666666,255.0,233.0,136.0,3370.0,165.0,611.0,0.0,5.0
0.0,1.0,1.0,0.0,0.0,0.0,1.0,0.0,0.0,0.0,0.0,0.0,0.0,1.0,2.0,9.0,1.0,4455724.5,5407523.5,4468838.5,5337072.5,4455828.0,5405076.0,6.05257861328125,7.297208658854166,23.061688333333333,166.66666666666666,166.66666666666666,99.0,180.0,136.0,3370.0,165.0,1119.0,0.0,1.0
0.0,1.0,1.0,0.0,0.0,0.0,1.0,0.0,0.0,0.0,0.0,0.0,0.0,1.0,4.0,9.0,1.0,4457646.5,5403390.0,4463558.0,5336703.5,4461487.0,5401866.5,7.32054736328125,9.415689086914062,35.546776666666666,166.66666666666666,166.66666666666666,161.0,251.0,194.0,2758.0,253.0,425.0,0.0,5.0
0.0,1.0,1.0,0.0,1.0,0.0,0.0,0.0,0.0,0.0,0.0,0.0,0.0,1.0,3.0,9.0,0.0,4457964.0,5402782.0,4468624.0,5332762.5,4463366.0,5403002.0,18.2176953125,14.15406290690104,55.33872,166.66666666666666,166.66666666666666,327.0,242.0,207.0,3660.0,348.0,499.0,0.0,5.0
0.0,1.0,1.0,0.0,1.0,0.0,0.0,0.0,0.0,0.0,0.0,0.0,0.0,1.0,3.0,9.0,0.0,4457964.0,5402782.0,4468624.0,5332762.5,4463366.0,5403002.0,10.4896826171875,9.304196166992188,197.30755,166.66666666666666,166.66666666666666,327.0,362.0,207.0,3660.0,348.0,1343.0,0.0,1.0
0.0,1.0,1.0,0.0,1.0,0.0,0.0,0.0,0.0,0.0,0.0,0.0,0.0,1.0,3.0,9.0,0.0,4457964.0,5402782.0,4468624.0,5332762.5,4463366.0,5403002.0,12.5621064453125,13.78826904296875,47.46583333333333,166.66666666666666,166.66666666666666,327.0,182.0,207.0,3660.0,348.0,1021.0,0.0,4.0
0.0,1.0,0.0,1.0,1.0,0.0,0.0,0.0,0.0,0.0,0.0,0.0,0.0,1.0,2.0,9.0,1.0,4458741.5,5404363.0,4473267.0,5329406.5,4463366.0,5403002.0,0.7266630249023438,1.1753917694091798,9.742024999999998,166.66666666666666,166.66666666666666,132.0,132.0,191.0,4199.0,348.0,694.0,0.0,1.0
0.0,1.0,1.0,0.0,1.0,0.0,0.0,0.0,0.0,0.0,0.0,0.0,0.0,1.0,2.0,9.0,1.0,4456423.5,5403886.5,4419724.5,5358914.5,4459219.5,5404196.5,4.79546533203125,6.043218994140625,2.2580093333333333,166.66666666666666,166.66666666666666,143.0,222.0,177.0,827.0,225.0,610.0,0.0,1.0
0.0,1.0,1.0,0.0,1.0,0.0,0.0,0.0,0.0,0.0,0.0,0.0,0.0,1.0,2.0,9.0,1.0,4456423.5,5403886.5,4419724.5,5358914.5,4459219.5,5404196.5,17.89975390625,19.12236328125,55.52381166666667,166.66666666666666,166.66666666666666,143.0,105.0,177.0,827.0,225.0,823.0,0.0,1.0
0.0,1.0,1.0,0.0,1.0,0.0,0.0,0.0,0.0,0.0,0.0,0.0,0.0,1.0,2.0,9.0,1.0,4456423.5,5403886.5,4419724.5,5358914.5,4459219.5,5404196.5,6.36808984375,8.137412516276042,23.76344333333333,166.66666666666666,166.66666666666666,143.0,251.0,177.0,827.0,225.0,751.0,0.0,5.0
0.0,1.0,0.0,1.0,0.0,1.0,0.0,0.0,0.0,0.0,0.0,0.0,0.0,1.0,1.0,0.0,0.0,4461915.5,5404010.5,4466886.0,5341307.0,4457452.0,5405038.5,3.289988037109376,4.931128438313802,19.261341666666667,166.66666666666666,166.66666666666666,301.0,329.0,242.0,1765.0,144.0,542.0,0.0,1.0
0.0,1.0,1.0,0.0,1.0,0.0,0.0,0.0,0.0,0.0,0.0,0.0,0.0,1.0,4.0,9.0,1.0,4459067.5,5404819.5,4456026.0,5404718.5,4457681.0,5404681.5,30.1515703125,21.48222452799479,51.28637666666667,166.66666666666666,166.66666666666666,145.0,384.0,223.0,165.0,185.0,817.0,0.0,1.0
0.0,1.0,0.0,1.0,1.0,0.0,0.0,0.0,0.0,0.0,0.0,0.0,0.0,1.0,4.0,9.0,1.0,4458393.5,5400471.0,4436847.5,5369254.0,4458251.5,5404848.5,8.205833007812501,8.6615966796875,37.44045833333333,166.66666666666666,166.66666666666666,255.0,210.0,317.0,551.0,188.0,723.0,0.0,1.0
0.0,1.0,1.0,0.0,1.0,0.0,0.0,0.0,0.0,0.0,0.0,0.0,0.0,1.0,1.0,9.0,1.0,4457696.5,5402824.5,4478247.5,5332620.0,4461795.5,5401052.0,1.3399166259765625,1.7868582407633464,9.509633333333332,166.66666666666666,166.66666666666666,190.0,187.0,207.0,4332.0,347.0,768.0,0.0,1.0
0.0,1.0,0.0,1.0,1.0,0.0,0.0,0.0,0.0,0.0,0.0,0.0,0.0,1.0,2.0,9.0,0.0,4459778.5,5400934.0,4524698.5,5293864.5,4463401.5,5402753.5,32.032638671875,22.14822184244792,263.13526666666667,193.34211666666667,166.66666666666666,248.0,1174.0,340.0,4943.0,348.0,1123.0,0.0,1.0
0.0,1.0,0.0,1.0,1.0,0.0,0.0,0.0,0.0,0.0,0.0,0.0,0.0,1.0,3.0,9.0,0.0,4459807.0,5403866.5,4469046.0,5341590.0,4463475.5,5402807.5,1.784784912109375,2.6244857788085936,8.981535833333334,166.66666666666666,166.66666666666666,355.0,356.0,235.0,1780.0,348.0,1091.0,0.0,1.0
0.0,1.0,1.0,0.0,1.0,0.0,0.0,0.0,0.0,0.0,0.0,0.0,0.0,1.0,2.0,9.0,2.0,4456428.0,5407511.5,4396316.0,5357898.0,4456743.0,5406346.0,33.86701953125,35.94918619791667,320.74300000000005,309.88925,166.66666666666666,81.0,397.0,137.0,560.0,140.0,717.0,0.0,1.0
0.0,1.0,1.0,0.0,1.0,0.0,0.0,0.0,0.0,0.0,0.0,0.0,0.0,1.0,2.0,9.0,0.0,4451924.5,5404553.5,4440667.5,5417230.0,4455516.5,5403899.0,10.5276767578125,11.852435302734374,42.71478666666667,166.66666666666666,16.918769333333334,1714.0,1902.0,98.0,55.0,153.0,627.0,0.0,1.0
0.0,1.0,1.0,0.0,1.0,0.0,0.0,0.0,0.0,0.0,0.0,0.0,0.0,1.0,2.0,9.0,0.0,4451924.5,5404553.5,4440667.5,5417230.0,4455516.5,5403899.0,21.77095703125,21.02195434570313,112.24455,81.83705,166.66666666666666,1714.0,1670.0,98.0,55.0,153.0,748.0,0.0,1.0
0.0,1.0,1.0,0.0,1.0,0.0,0.0,0.0,0.0,0.0,0.0,0.0,0.0,1.0,2.0,9.0,0.0,4451924.5,5404553.5,4440667.5,5417230.0,4455516.5,5403899.0,25.27380859375,23.98570556640625,97.3381,166.66666666666666,33.928795,1714.0,3042.0,98.0,55.0,153.0,715.0,0.0,1.0
0.0,1.0,0.0,1.0,1.0,0.0,0.0,0.0,0.0,0.0,0.0,0.0,0.0,1.0,4.0,9.0,0.0,4457946.0,5404133.0,4514763.0,5379856.0,4456697.5,5405594.0,2.74926611328125,3.461432393391927,166.66666666666666,166.66666666666666,166.66666666666666,346.0,252.0,187.0,2126.0,140.0,777.0,0.0,5.0
0.0,1.0,0.0,1.0,1.0,0.0,0.0,0.0,0.0,0.0,0.0,0.0,0.0,1.0,4.0,9.0,0.0,4457946.0,5404133.0,4514763.0,5379856.0,4456697.5,5405594.0,8.11993359375,6.244331868489583,48.14048666666667,166.66666666666666,166.66666666666666,346.0,354.0,187.0,2126.0,140.0,1019.0,0.0,5.0
0.0,1.0,1.0,0.0,1.0,0.0,0.0,0.0,0.0,0.0,0.0,0.0,0.0,1.0,3.0,9.0,0.0,4462176.0,5403693.5,4468079.5,5334383.0,4461335.0,5401081.0,36.31180859375,34.75181884765625,188.28411666666668,166.66666666666666,166.66666666666666,96.0,378.0,254.0,3501.0,347.0,994.0,0.0,1.0
